CHR Group SNP.lead BP.lead Size W BP.min BP.max BP.width
12 610 rs1800693 6440009 1 0.10819385617240831 6440009 6440009 0
12 12403 rs838878 125260645 2 -0.04029742646854198 125260645 125260645 0
12 12075 rs482522 121194862 2 -0.03692605525473908 121194862 121194862 0
12 5902 rs10877013 58165085 1 0.03282972462135162 58165085 58165085 0
12 22 rs4980814 443795 1 0.03120987619116041 443795 443795 0
12 2602 rs1487648 24887648 1 0.03108881656530359 24887648 24887648 0
12 1845 rs1471941 18961341 1 0.02855056939664944 18961341 18961341 0
12 12405 rs3782287 125289265 1 0.026387873969233 125289265 125289265 0
12 332 rs873613 4232802 1 0.02576892614279956 4232802 4232802 0
12 1167 rs1797659 12186453 1 0.02550060872816292 12186453 12186453 0
12 1450 rs3213764 14587301 1 -0.02546848527394304 14587301 14587301 0
12 4453 rs3747562 42854205 1 0.02432993022312282 42854205 42854205 0
12 12264 rs585522 123550813 1 0.0242011392168369 123550813 123550813 0
12 7994 rs4489813 80853265 1 -0.02410655524181647 80853265 80853265 0
12 11287 rs7960468 114241098 1 -0.02407812725709742 114241098 114241098 0
12 1842 rs7971714 18949303 1 -0.02285851729932989 18949303 18949303 0
12 5767 rs773120 56502926 1 -0.02269196567131422 56502926 56502926 0
12 12825 rs1318549 129436454 1 -0.0219453350746904 129436454 129436454 0
12 5848 rs11172113 57527283 1 -0.02138770006336443 57527283 57527283 0
12 4592 rs275605 43946204 1 0.02131861198790263 43946204 43946204 0
12 5222 rs2640518 51561056 1 0.0211290332242951 51561056 51561056 0
12 7373 rs7970417 72734174 1 0.02090943308280259 72734174 72734174 0
12 11145 rs233716 113039943 1 0.02073294890679906 113039943 113039943 0
12 647 rs870849 6887020 1 0.0197598676879641 6887020 6887020 0
12 1239 rs11055015 12836679 2 -0.01958958972768014 12836679 12836679 0
12 7188 rs710652 70793516 1 -0.01924139809369365 70793516 70793516 0
12 3906 rs7485262 38801746 1 -0.01912956256561349 38801746 38801746 0
12 6152 rs1383187 61321575 1 -0.01848211120096778 61321575 61321575 0
12 8473 rs1782934 85185396 1 0.01819239683905145 85185396 85185396 0
12 2683 rs7135769 25589980 1 -0.01794709135716028 25589980 25589980 0
12 1326 rs10744020 13479485 1 0.01786831790133457 13479485 13479485 0
12 10829 rs61740671 108686316 1 -0.01744478832036493 108686316 108686316 0
12 6876 rs10878764 68564677 2 0.01703658021617793 68564677 68564677 0
12 1547 rs1024843 15731744 1 0.01695490761417206 15731744 15731744 0
12 2248 rs10437776 21583242 1 0.01688134586243201 21583242 21583242 0
12 5670 rs1795811 55126449 1 -0.01685624385955402 55126449 55126449 0
12 13297 rs2306546 133358870 2 0.01684843756339733 133358870 133358870 0
12 54 rs4980959 772673 1 0.01666144695469803 772673 772673 0
12 5227 rs7399073 51614050 1 0.01615291955596744 51614050 51614050 0
12 11699 rs11068090 117013350 1 0.01605186477262216 117013350 117013350 0
12 568 rs6489661 5936315 1 0.01600512327267641 5936315 5936315 0
12 9633 rs11109007 97773085 1 -0.01588045940986576 97773085 97773085 0
12 9782 rs3815997 99071023 1 0.01584267599612713 99071023 99071023 0
12 10199 rs12310655 103628391 1 0.01559643309179445 103628391 103628391 0
12 9629 rs1013422 97737126 2 -0.01543278518718852 97737126 97737126 0
12 6602 rs11175757 65812878 1 -0.01425341944831195 65812878 65812878 0
12 1391 rs2268118 13872044 1 0.01415973851838579 13872044 13872044 0
12 1693 rs1163929 17602872 1 0.01406960872937287 17602872 17602872 0
12 7278 rs1705221 71575611 1 0.01402483960741976 71575611 71575611 0
12 588 rs7139057 6169323 1 0.0140068148604133 6169323 6169323 0
12 1217 rs11834080 12617367 2 0.01394850848789952 12617367 12617367 0
12 12772 rs1683689 128858494 1 0.01391471222805227 128858494 128858494 0
12 88 rs7306130 1374396 1 -0.01387943497155514 1374396 1374396 0
12 1585 rs7955250 16477314 1 -0.01376094848450033 16477314 16477314 0
12 2679 rs1115093 25586533 1 -0.01351829843748948 25586533 25586533 0
12 3090 rs11049439 28349302 1 0.01346244897420675 28349302 28349302 0
12 884 ss1388110319 9811832 1 0.01330431547453237 9811832 9811832 0
12 313 rs10774176 3969126 2 0.01306140400265497 3969126 3969126 0
12 1356 rs17820480 13638977 1 0.01296602433260745 13638977 13638977 0
12 2398 rs79129189 23104620 1 0.01277543835433563 23104620 23104620 0
12 8090 rs2574740 81522025 2 -0.01270882625337998 81522025 81522025 0
12 8046 rs7294577 81204764 1 -0.01221771877834298 81204764 81204764 0
12 7264 rs7972771 71465673 1 0.01221285340471513 71465673 71465673 0
12 9666 rs1450999 98017735 1 -0.01219608115162291 98017735 98017735 0
12 998 rs11053685 10364170 1 -0.0121843465600908 10364170 10364170 0
12 2575 rs3110018 24697192 1 0.0121340566588439 24697192 24697192 0
12 2318 rs4762726 22237590 1 0.01208106809219072 22237590 22237590 0
12 11395 rs1896003 114738961 1 0.01190025716623161 114738961 114738961 0
12 13301 rs2291258 133378440 1 0.01176621354802007 133378440 133378440 0
12 10338 rs4255604 104573715 1 -0.01161989961260304 104573715 104573715 0
12 2452 rs10505891 23677922 1 -0.01146679847057962 23677922 23677922 0
12 973 rs7979266 10233077 2 0.0114096884760641 10233077 10233077 0
12 48 rs2075032 717138 1 0.01138866230773794 717138 717138 0
12 13273 rs12809358 133021634 1 -0.01135517923970384 133021634 133021634 0
12 8717 rs704061 89771903 1 0.01134445307340779 89771903 89771903 0
12 9754 rs7954125 98762487 2 -0.01121975718058589 98762487 98762487 0
12 1614 rs726206 16650668 1 0.01121608716721795 16650668 16650668 0
12 4914 rs7135791 48159721 1 -0.01108793826541209 48159721 48159721 0
12 9233 rs10859731 94953413 1 0.01067698107052526 94953413 94953413 0
12 9450 rs11610816 96275860 2 0.01067618787406733 96275860 96275860 0
12 8627 rs1461282 88186449 1 -0.01067606244819213 88186449 88186449 0
12 11691 rs11068043 116925539 1 0.01067095889332852 116925539 116925539 0
12 5610 rs10876528 54421476 2 0.01066574457376783 54421476 54421476 0
12 12372 rs7133829 125089462 2 -0.01048805739703905 125089462 125089462 0
12 9791 rs11109655 99286617 1 -0.01044353479728969 99286617 99286617 0
12 5296 rs7299647 52544099 1 0.01034217714116142 52544099 52544099 0
12 6764 rs7488420 67370454 1 -0.0103331048694037 67370454 67370454 0
12 1172 rs10845463 12209844 1 -0.01010554598214646 12209844 12209844 0
12 3044 rs258402 28008791 1 -0.01007358897152906 28008791 28008791 0
12 6815 rs2700065 68072814 1 -0.01006749980542039 68072814 68072814 0
12 1215 rs11054917 12606527 2 0.01005394780314261 12606527 12606527 0
12 4750 rs11534909 46456826 1 -0.00990486033952892 46456826 46456826 0
12 3606 rs16919122 32134815 1 0.00971910343800061 32134815 32134815 0
12 25 rs10735031 573870 1 0.00970100968989989 573870 573870 0
12 12654 rs1684227 127846842 2 -0.00968305545972135 127846842 127846842 0
12 12266 rs4148863 123569375 1 0.00962746837905746 123569375 123569375 0
12 9228 rs17022716 94948299 1 0.0096208229991017 94948299 94948299 0
12 11184 rs10774676 113362407 1 0.00955034977115451 113362407 113362407 0
12 12179 rs12832268 122222761 1 0.00943155718162606 122222761 122222761 0
12 9784 rs936208 99205713 1 0.00929825489114881 99205713 99205713 0
12 1032 rs2617170 10560957 1 -0.0092748604471632 10560957 10560957 0
12 9578 rs11837388 97475626 2 0.0092213950768292 97475626 97475626 0
12 9812 rs2035882 99568395 1 -0.0091977863232256 99568395 99568395 0
12 9510 rs2075362 96606889 2 0.0090632588992589 96606889 96606889 0
12 13010 rs6486515 130527398 1 0.00902528512689199 130527398 130527398 0
12 1597 rs1042669 16517032 1 0.00901850235999521 16517032 16517032 0
12 12155 rs7296507 121847135 2 -0.00900128264626207 121847135 121847135 0
12 2595 rs7972841 24838713 1 0.00898388906178255 24838713 24838713 0
12 5762 rs1701704 56412487 2 -0.00886800014925793 56412487 56412487 0
12 1259 rs1056927 13070752 1 0.00874596486037506 13070752 13070752 0
12 5235 rs4762040 51713430 2 0.00872926243084318 51713430 51713430 0
12 855 ss1388098938 9408619 1 0.0086535693668167 9408619 9408619 0
12 864 ss1388100995 9477738 1 -0.00864455592591227 9477738 9477738 0
12 11298 rs4767155 114324609 1 0.00854179048471092 114324609 114324609 0
12 11707 rs4767424 117056469 1 0.00846780796520002 117056469 117056469 0
12 7291 rs4760919 71649818 1 0.00845010233890584 71649818 71649818 0
12 7652 rs10880019 76385805 2 -0.00831247935666988 76385805 76385805 0
12 6921 rs10083027 68845536 1 0.00830393229020604 68845536 68845536 0
12 1641 rs994883 17243041 1 0.00829135690955837 17243041 17243041 0
12 6662 rs10748036 66472284 1 0.00827815273421253 66472284 66472284 0
12 356 rs11063088 4444742 1 0.00823467691816839 4444742 4444742 0
12 6709 rs7131878 66994814 1 -0.00822607391425525 66994814 66994814 0
12 2660 rs4281557 25449557 1 0.00812400521480387 25449557 25449557 0
12 4589 rs275380 43929996 1 0.00811742669214155 43929996 43929996 0
12 9816 rs2201161 99631219 1 0.00807335831658746 99631219 99631219 0
12 5543 rs10876405 53500021 1 0.00805686640377255 53500021 53500021 0
12 12870 rs10847790 129674124 1 0.00805339696274435 129674124 129674124 0
12 882 ss1388110238 9809178 1 0.00801642580785329 9809178 9809178 0
12 7144 rs10506581 70561178 1 -0.00799621814888013 70561178 70561178 0
12 12263 rs10773921 123541606 1 0.00789534960751096 123541606 123541606 0
12 354 rs11063085 4439603 1 -0.00784617681447401 4439603 4439603 0
12 6720 rs6581708 67018977 1 -0.00784221992717222 67018977 67018977 0
12 4473 rs4768424 43001116 2 -0.00782388126481182 43001116 43001116 0
12 9569 rs10860122 97416064 1 0.00779906775272318 97416064 97416064 0
12 11700 rs12227287 117013401 2 0.00775657204736059 117013401 117013401 0
12 11807 rs487894 118112859 1 -0.00767672281236158 118112859 118112859 0
12 9396 rs7959749 96051177 2 0.00766620979904461 96051177 96051177 0
12 5966 rs2048579 58979278 1 -0.00764933646477693 58979278 58979278 0
12 4505 rs7958980 43258744 1 -0.00751452380564796 43258744 43258744 0
12 3736 rs6488068 32742369 1 0.00742714534077385 32742369 32742369 0
12 299 rs2191537 3851710 2 -0.00739413980926699 3851710 3851710 0
12 6966 rs6581852 69504295 1 0.00731604782530394 69504295 69504295 0
12 5690 rs2087248 55393528 1 -0.00731578395841933 55393528 55393528 0
12 516 rs10849261 5522556 2 0.00722010395164125 5522556 5522556 0
12 8078 rs7138951 81475633 1 0.00715055392788876 81475633 81475633 0
12 4459 rs2708040 42899879 2 0.00713449896858846 42899879 42899879 0
12 2757 rs10842638 26093161 1 0.00711607824965306 26093161 26093161 0
12 9651 rs12579455 97875332 1 0.00709688119270379 97875332 97875332 0
12 3989 rs10877201 40012297 1 -0.00708536615689629 40012297 40012297 0
12 11716 rs748380 117138820 1 -0.00704416434773128 117138820 117138820 0
12 639 rs7300366 6652227 1 0.00703804898892467 6652227 6652227 0
12 53 rs2061317 743927 2 -0.00702432116470241 743927 743927 0
12 1618 rs12426370 16671258 1 -0.00698536304741615 16671258 16671258 0
12 13278 rs75585377 133196037 1 0.00695978827839945 133196037 133196037 0
12 10051 rs11609579 101843240 2 -0.00694748460853227 101843240 101843240 0
12 5277 rs11612312 52349088 2 0.00688913866756026 52349088 52349088 0
12 12200 rs34768683 122380838 1 0.00683685392068641 122380838 122380838 0
12 12154 rs2942076 121794748 1 0.00678761518464789 121794748 121794748 0
12 1129 rs2111049 11827629 1 0.00678562276015533 11827629 11827629 0
12 8116 rs1921045 81714932 1 -0.00674756885531172 81714932 81714932 0
12 10263 rs1043469 104166760 2 0.00673302303306505 104166760 104166760 0
12 12875 rs7304563 129705832 1 0.00671424978402896 129705832 129705832 0
12 6361 rs17098098 63021708 1 -0.00669882267993333 63021708 63021708 0
12 6865 rs7304878 68485984 2 0.00657356569403825 68485984 68485984 0
12 12025 rs11829123 120393756 2 -0.0065732907253967 120393756 120393756 0
12 5194 rs12831858 51259197 2 0.00653878004670419 51259197 51259197 0
12 5264 rs747283 52060359 1 -0.00652557453818714 52060359 52060359 0
12 10300 rs784080 104351057 2 -0.00652445284269884 104351057 104351057 0
12 5514 rs10876360 53240025 1 0.00648746114048027 53240025 53240025 0
12 3280 rs302385 29872623 1 0.00647943505480672 29872623 29872623 0
12 6715 rs12422746 67007070 1 -0.00646032308146538 67007070 67007070 0
12 13107 rs7967973 131461618 1 0.00624215159455951 131461618 131461618 0
12 1903 rs7979433 19400586 1 -0.00622324893677219 19400586 19400586 0
12 4200 rs7302057 41182872 1 -0.00620961635386305 41182872 41182872 0
12 4204 rs11178431 41190135 1 0.00619874535773169 41190135 41190135 0
12 8578 rs2635060 87248804 2 0.00616844126334936 87248804 87248804 0
12 234 rs3825364 3109873 1 0.00616496841918434 3109873 3109873 0
12 5279 rs2242106 52369300 1 0.00614908757456568 52369300 52369300 0
12 352 rs3885283 4433389 1 -0.00599074847762174 4433389 4433389 0
12 11111 rs11066028 112245170 1 -0.00596044202322176 112245170 112245170 0
12 8051 rs3782165 81255620 1 0.00595004604997929 81255620 81255620 0
12 2607 rs7961506 24958953 2 -0.00592224486740115 24958953 24958953 0
12 4788 rs61748367 46758462 1 0.00590008940251077 46758462 46758462 0
12 543 rs453385 5759609 1 0.00585901506965404 5759609 5759609 0
12 846 ss1388097777 9371332 1 0.00580636924828836 9371332 9371332 0
12 10616 rs1862028 106281355 1 0.00578338875742136 106281355 106281355 0
12 5912 rs17120203 58345606 2 -0.00577776520232122 58345606 58345606 0
12 9665 rs10860227 98016881 1 -0.00575992996233166 98016881 98016881 0
12 4903 rs2285831 48125702 2 -0.00572597394468548 48125702 48125702 0
12 9300 rs7133992 95381702 1 0.00563702722101207 95381702 95381702 0
12 10053 rs2373455 101892921 2 0.00559690330908127 101892921 101892921 0
12 12423 rs10846783 125443020 1 -0.00557265848860226 125443020 125443020 0
12 879 ss1388108098 9741500 1 -0.0055697312575418 9741500 9741500 0
12 5579 rs12422531 54067827 1 -0.00556322912533783 54067827 54067827 0
12 2340 rs2216228 22365835 1 -0.00555259913045662 22365835 22365835 0
12 12052 rs606443 120910630 1 0.00551374388448139 120910630 120910630 0
12 12079 rs9431 121202664 1 0.00550208035593914 121202664 121202664 0
12 8842 rs9888417 91197897 1 -0.00549252394773208 91197897 91197897 0
12 4620 rs4251580 44174766 1 -0.00546510815853686 44174766 44174766 0
12 9382 rs10777704 95950130 1 0.00536598345552051 95950130 95950130 0
12 2382 rs12581238 22976813 1 0.00535773680061778 22976813 22976813 0
12 2482 rs16926727 23952345 1 0.00534760421469437 23952345 23952345 0
12 654 ss1388023568 6919569 1 0.00530379929059797 6919569 6919569 0
12 46 rs2607919 714224 1 -0.00527473420356969 714224 714224 0
12 267 rs11062666 3582651 1 -0.00523871269846954 3582651 3582651 0
12 9138 rs9788269 94194890 1 -0.00523481186422495 94194890 94194890 0
12 12510 rs224773 126508567 1 0.00521206845856916 126508567 126508567 0
12 3416 rs10082827 30473418 1 -0.00520437949407018 30473418 30473418 0
12 9078 rs963542 93563956 2 0.00516915361793004 93563956 93563956 0
12 10778 rs12303478 108051406 1 -0.00512225809035251 108051406 108051406 0
12 12744 rs7305250 128688021 1 -0.00511907841169926 128688021 128688021 0
12 11759 rs532967 117732339 1 -0.00508327645130479 117732339 117732339 0
12 13128 rs11061314 131563328 1 -0.00507755041342876 131563328 131563328 0
12 12756 rs7953232 128731546 1 -0.00505161333943733 128731546 128731546 0
12 1700 rs1706630 17662639 1 -0.00505085457326823 17662639 17662639 0
12 8495 rs1581563 85397604 2 0.00503968740418305 85397604 85397604 0
12 5561 rs11170555 53824143 1 -0.00501476119037219 53824143 53824143 0
12 8430 rs12821359 84721592 1 -0.00493088431671576 84721592 84721592 0
12 47 rs2607916 716509 1 0.00488908613026639 716509 716509 0
12 10579 rs10507196 106063813 1 -0.00488234545303791 106063813 106063813 0
12 4454 rs11832772 42859588 1 0.00486024257061037 42859588 42859588 0
12 4455 rs3213989 42863801 1 0.00481934333803878 42863801 42863801 0
12 5586 rs4759286 54080020 1 -0.0048116717033213 54080020 54080020 0
12 9117 rs11107066 93920879 1 -0.00480062282425409 93920879 93920879 0
12 4451 rs1796377 42813780 1 0.00479746942213659 42813780 42813780 0
12 1312 rs7299090 13411651 1 0.00478883190446457 13411651 13411651 0
12 1500 rs10505784 15127141 1 0.00474485358591047 15127141 15127141 0
12 4482 rs4288814 43067451 2 0.00472921036496399 43067451 43067451 0
12 11458 rs11067295 115219003 2 -0.00472719385827318 115219003 115219003 0
12 2977 rs306637 27620727 2 -0.00471475251762033 27620727 27620727 0
12 7647 rs11180765 76344606 1 0.00471326832258922 76344606 76344606 0
12 12437 rs11610234 125732246 1 0.0046925930151352 125732246 125732246 0
12 895 ss1388112199 9873365 2 0.00463336658354931 9873365 9873365 0
12 11574 rs1498755 115927945 1 -0.00462801830062204 115927945 115927945 0
12 5475 rs11170242 53117023 1 0.00461592358017344 53117023 53117023 0
12 1260 rs741433 13087061 2 0.00460746414068917 13087061 13087061 0
12 1130 rs2724657 11850632 2 -0.00460310933783046 11850632 11850632 0
12 7680 rs2175605 76885875 1 -0.00458462636060704 76885875 76885875 0
12 1319 rs4763961 13438028 1 0.00458341081172921 13438028 13438028 0
12 11226 rs9668121 113798712 1 -0.00458269507465747 113798712 113798712 0
12 4875 rs1029429 47879568 1 -0.00457741537876637 47879568 47879568 0
12 9147 rs10777556 94312091 2 0.00456806662038383 94312091 94312091 0
12 5582 rs12309572 54074686 1 0.00455401885673031 54074686 54074686 0
12 561 rs3782641 5846020 1 0.00453234583545778 5846020 5846020 0
12 12159 rs10849889 121897098 1 -0.0045161365732917 121897098 121897098 0
12 1595 rs3759207 16516710 2 -0.00449920879682235 16516710 16516710 0
12 5047 rs17238800 49061511 1 0.00440574512674813 49061511 49061511 0
12 9711 rs10507095 98224654 1 0.00440547031162717 98224654 98224654 0
12 2315 rs2418038 22231376 1 0.00435875209961629 22231376 22231376 0
12 335 rs6489518 4241286 1 -0.00432450953477685 4241286 4241286 0
12 6475 rs4420319 63873009 1 0.00430206587882071 63873009 63873009 0
12 5125 rs706795 50297670 1 0.00428969855215943 50297670 50297670 0
12 4843 rs2408710 47440496 1 -0.00427846914783027 47440496 47440496 0
12 7942 rs11525598 79870126 2 0.00426165709852587 79870126 79870126 0
12 6945 rs7971479 69247483 2 -0.00424057163788941 69247483 69247483 0
12 7839 rs17224015 78488242 1 0.00422504866295931 78488242 78488242 0
12 4498 rs7962745 43153849 2 0.00421426751437838 43153849 43153849 0
12 8254 rs7979743 83171936 2 -0.00420989415427943 83171936 83171936 0
12 9736 rs1504560 98559807 1 0.00419944904336725 98559807 98559807 0
12 2763 rs16929998 26215107 1 -0.00419400328415811 26215107 26215107 0
12 11537 rs7959298 115643608 2 0.004189613129859 115643608 115643608 0
12 6716 rs7300749 67015716 2 -0.0041764137397797 67015716 67015716 0
12 5834 rs117805856 57397876 1 0.00413907647553542 57397876 57397876 0
12 7145 rs2870883 70561697 2 0.00412573702276022 70561697 70561697 0
12 8841 rs17018277 91156974 1 0.00408928612097561 91156974 91156974 0
12 5753 rs1474447 56029584 1 -0.00408003476997021 56029584 56029584 0
12 2542 rs884441 24392893 1 -0.00404064930960683 24392893 24392893 0
12 12225 rs7964127 122640565 1 -0.00403701866650824 122640565 122640565 0
12 3735 rs6488067 32742241 1 -0.00402599857117855 32742241 32742241 0
12 892 ss1388111199 9841732 1 0.00401739789238181 9841732 9841732 0
12 12777 rs1683723 128900005 2 -0.00401231173668659 128900005 128900005 0
12 2940 rs841614 27304878 1 0.00399893719626665 27304878 27304878 0
12 774 ss1388062797 8279784 1 0.00399784649243279 8279784 8279784 0
12 7636 rs1275599 76262797 1 -0.00399376731270239 76262797 76262797 0
12 3239 rs10734773 29558505 1 0.00399214757163224 29558505 29558505 0
12 2380 rs2728643 22878685 1 -0.00396547357144291 22878685 22878685 0
12 6600 rs10506525 65783378 1 -0.00392891076431338 65783378 65783378 0
12 11844 rs3847652 118565383 1 -0.00392779354084078 118565383 118565383 0
12 876 ss1388107924 9736279 1 0.00390977815745489 9736279 9736279 0
12 8979 rs408809 92696131 1 0.0039014704248699 92696131 92696131 0
12 12915 rs7298874 129905287 1 -0.00389858006612477 129905287 129905287 0
12 5507 rs11833855 53209944 1 0.00389681764494565 53209944 53209944 0
12 6264 rs10877760 62282739 2 -0.00389391047963114 62282739 62282739 0
12 7943 rs11532380 79872637 1 -0.00387607293950642 79872637 79872637 0
12 250 rs10848825 3325815 1 -0.00385130950820699 3325815 3325815 0
12 1028 rs12819494 10551541 1 0.0038385662723402 10551541 10551541 0
12 7812 rs7131741 78251906 1 0.00383779452747723 78251906 78251906 0
12 5849 rs4367982 57531632 2 -0.00382607630580522 57531632 57531632 0
12 11536 rs7959293 115643593 1 -0.00380244213610621 115643593 115643593 0
12 5899 rs4646536 58157988 1 0.00378806535034456 58157988 58157988 0
12 3740 rs7962152 32779690 1 -0.00378136821758937 32779690 32779690 0
12 4468 rs10785347 42950977 1 -0.00377927884706954 42950977 42950977 0
12 8012 rs7963490 81007139 1 0.00375631651370186 81007139 81007139 0
12 903 ss1388113297 9910164 1 0.00372805478392735 9910164 9910164 0
12 1355 rs1477106 13627821 1 -0.00372593760057521 13627821 13627821 0
12 9573 rs11836163 97461201 1 -0.00370461773077521 97461201 97461201 0
12 3781 rs12227043 33100678 2 0.00365835399521316 33100678 33100678 0
12 42 rs740895 677756 1 -0.00364418601014519 677756 677756 0
12 11939 rs1405050 119443713 1 -0.003637541730414 119443713 119443713 0
12 4810 rs180416 47169518 1 -0.00362979287221189 47169518 47169518 0
12 108 rs2010851 1756642 2 -0.00361610241217989 1756642 1756642 0
12 2665 rs10842535 25479948 2 0.0036022064388277 25479948 25479948 0
12 608 rs797773 6307566 1 -0.00357904989986631 6307566 6307566 0
12 10000 rs17030838 101375823 1 0.00356909651316136 101375823 101375823 0
12 754 ss1388052765 7960852 2 -0.00354887136918219 7960852 7960852 0
12 11793 rs6490128 117975866 1 0.00354300932496612 117975866 117975866 0
12 1660 rs1355697 17424298 1 0.00353193740004889 17424298 17424298 0
12 8586 rs7975775 87292337 1 -0.00352341906412015 87292337 87292337 0
12 3258 rs7301855 29661473 1 0.00351338635187998 29661473 29661473 0
12 786 ss1388083997 8904132 2 0.00349507002275101 8904132 8904132 0
12 1187 rs2302685 12301898 1 -0.00347939293893977 12301898 12301898 0
12 12791 rs11829045 129172019 1 -0.00347478410901631 129172019 129172019 0
12 5216 rs2436636 51525946 1 0.00346678452006831 51525946 51525946 0
12 349 rs3217830 4392530 1 0.00345899807233672 4392530 4392530 0
12 4475 rs2406862 43006387 1 -0.00343998641252772 43006387 43006387 0
12 4090 rs7966550 40688695 1 0.00343201914383494 40688695 40688695 0
12 3694 rs10844187 32486059 1 0.00342258670862317 32486059 32486059 0
12 11521 rs2384569 115560137 1 0.00341718841785845 115560137 115560137 0
12 5192 rs11169590 51240265 1 0.00341237188067013 51240265 51240265 0
12 8987 rs3890018 92780270 1 0.00340933433350778 92780270 92780270 0
12 6463 rs1251764 63788284 2 0.00340304626545966 63788284 63788284 0
12 11461 rs16944632 115224251 2 -0.0034003395359711 115224251 115224251 0
12 7380 rs11179298 73034816 1 0.00337047926978085 73034816 73034816 0
12 1318 rs12580887 13437268 1 0.00336421070351608 13437268 13437268 0
12 2087 rs4762785 20945273 1 0.00334933556477935 20945273 20945273 0
12 3674 rs11051890 32423991 1 0.00334474738742595 32423991 32423991 0
12 3993 rs12229418 40155090 1 -0.00333867497888105 40155090 40155090 0
12 2813 rs11048495 26554608 2 -0.00333535525103974 26554608 26554608 0
12 12324 rs863750 124505444 1 -0.00333133973103252 124505444 124505444 0
12 3088 rs7306838 28337382 1 0.00332014558030895 28337382 28337382 0
12 5165 rs7136702 50880216 2 0.00329835976717456 50880216 50880216 0
12 9888 rs2373116 100373107 1 -0.00329434113619858 100373107 100373107 0
12 5903 rs2291617 58166403 1 -0.00327383564745703 58166403 58166403 0
12 7724 rs12228192 77562002 1 -0.00325043894342274 77562002 77562002 0
12 2954 rs4964059 27529219 1 -0.00324112484918798 27529219 27529219 0
12 3986 rs17127129 39825613 1 -0.00324000742993428 39825613 39825613 0
12 9087 rs7976742 93721801 2 -0.00323623430906608 93721801 93721801 0
12 2523 rs17485141 24213634 1 0.0032360497804245 24213634 24213634 0
12 9473 rs7486703 96337997 1 -0.00322530519577911 96337997 96337997 0
12 4752 rs7313125 46464980 1 -0.0032086615685789 46464980 46464980 0
12 9712 rs1375906 98225030 1 0.00320595879028032 98225030 98225030 0
12 12873 rs10847798 129693687 2 0.00318723285388076 129693687 129693687 0
12 5673 rs11831847 55314346 1 0.0031843473026977 55314346 55314346 0
12 9472 rs10859990 96336039 1 0.0031788731972726 96336039 96336039 0
12 2669 rs10842536 25486908 1 -0.00315332481898224 25486908 25486908 0
12 1884 rs4598716 19225583 2 0.00314936337607817 19225583 19225583 0
12 10100 rs6539019 102303086 1 -0.00314677006935422 102303086 102303086 0
12 2681 rs11048028 25589488 1 -0.00311907289449286 25589488 25589488 0
12 3046 rs258436 28039023 1 0.00308791877482158 28039023 28039023 0
12 12021 rs10849704 120326063 1 0.00307234714624916 120326063 120326063 0
12 1598 rs4149207 16517491 1 0.00306875915245062 16517491 16517491 0
12 12433 rs3751181 125626535 1 0.00305749091439171 125626535 125626535 0
12 4044 rs11174928 40440483 1 -0.00303699612076189 40440483 40440483 0
12 3647 rs2630601 32287913 1 -0.00303659565183094 32287913 32287913 0
12 12661 rs1485862 127905639 1 -0.00300477356747538 127905639 127905639 0
12 12081 rs662739 121229893 1 -0.00299940784617327 121229893 121229893 0
12 10007 rs618278 101394344 2 -0.00297085067870141 101394344 101394344 0
12 4733 rs7960483 45925755 1 -0.00296114929222239 45925755 45925755 0
12 413 rs12821116 4890114 1 0.00295026193757387 4890114 4890114 0
12 2935 rs61741737 27234914 1 0.00294660208256294 27234914 27234914 0
12 1706 rs7139344 17684396 1 -0.00294247527610807 17684396 17684396 0
12 8789 rs1344963 90671979 1 0.00294235849549578 90671979 90671979 0
12 5134 rs3741559 50344976 1 -0.00293426753234878 50344976 50344976 0
12 1661 rs1355696 17424512 1 0.00290703548563273 17424512 17424512 0
12 11579 rs2384616 115951160 1 0.00290429057218836 115951160 115951160 0
12 11838 rs6490164 118520240 1 -0.00289748834127611 118520240 118520240 0
12 2120 rs11045598 21071213 1 -0.00288725818920223 21071213 21071213 0
12 5274 rs3847859 52293500 1 0.00287456278868361 52293500 52293500 0
12 9291 rs249191 95347454 1 -0.00287266247482376 95347454 95347454 0
12 13135 rs1569019 131576191 1 0.00283376440642409 131576191 131576191 0
12 2317 rs7299120 22234471 1 0.00281921337084205 22234471 22234471 0
12 5763 rs2456973 56416928 2 -0.00280949058342297 56416928 56416928 0
12 4496 rs2897590 43151728 1 0.00280551045631513 43151728 43151728 0
12 13169 rs11061491 131860450 1 0.00280095188521154 131860450 131860450 0
12 6956 rs10878883 69375536 1 0.00279558697497278 69375536 69375536 0
12 1158 rs11054568 12127785 1 0.00277661319789715 12127785 12127785 0
12 12806 rs12305142 129277490 1 -0.00277416385471697 129277490 129277490 0
12 662 ss1388028973 7092665 1 0.00276293590309897 7092665 7092665 0
12 974 rs2277416 10241829 1 0.00276217953717132 10241829 10241829 0
12 9789 rs1549102 99282746 1 -0.00275990115390584 99282746 99282746 0
12 1606 rs16911922 16562400 1 -0.00275092150118141 16562400 16562400 0
12 2237 rs7967902 21543215 1 -0.00273272313089368 21543215 21543215 0
12 5687 rs1565172 55370164 1 -0.00273246830851297 55370164 55370164 0
12 4484 rs11181634 43069303 1 0.00272911967894168 43069303 43069303 0
12 2640 rs10743535 25225335 2 -0.00271697299250099 25225335 25225335 0
12 8099 rs1921073 81622228 2 0.00271505574863614 81622228 81622228 0
12 4081 rs11175769 40656179 1 -0.00270880748481139 40656179 40656179 0
12 12788 rs4272850 129153986 1 0.00270395192382565 129153986 129153986 0
12 9889 rs10860548 100380198 1 -0.00269068721179611 100380198 100380198 0
12 11545 rs7978533 115653952 1 0.00268032503408134 115653952 115653952 0
12 783 ss1388081073 8808006 1 0.00267337887723129 8808006 8808006 0
12 2347 rs12817074 22386648 2 0.00266800245182675 22386648 22386648 0
12 11696 rs8181674 116999861 1 0.00265064268389562 116999861 116999861 0
12 1455 rs10846014 14673715 1 -0.00264604701614594 14673715 14673715 0
12 4196 rs1584093 41122288 1 -0.00264033339080451 41122288 41122288 0
12 9526 rs7969046 96875249 1 -0.0026370364877671 96875249 96875249 0
12 12457 rs736438 126021888 2 -0.00263393068248116 126021888 126021888 0
12 11615 rs10774829 116084431 1 -0.00262097951607269 116084431 116084431 0
12 5846 rs167769 57503775 1 0.00260828798262072 57503775 57503775 0
12 716 ss1388041318 7595836 1 -0.00258033132282607 7595836 7595836 0
12 7311 rs11178845 71943537 1 0.00257235488637407 71943537 71943537 0
12 12646 rs906737 127763342 1 0.00257071773469445 127763342 127763342 0
12 6117 rs7297578 60459370 1 -0.00256897166276298 60459370 60459370 0
12 10618 rs12425720 106303967 1 0.00256812658498463 106303967 106303967 0
12 12789 rs3892329 129164603 1 0.0025669834553241 129164603 129164603 0
12 10790 rs7488052 108223116 1 -0.00255848964912345 108223116 108223116 0
12 4347 rs286996 42022186 2 -0.00255391113327464 42022186 42022186 0
12 3600 rs1259771 32076823 2 -0.00254507172588016 32076823 32076823 0
12 6897 rs4913287 68658270 1 0.00254024003891996 68658270 68658270 0
12 889 ss1388110956 9833398 1 0.00252854898011998 9833398 9833398 0
12 11830 rs5745879 118467645 2 -0.00251761731761889 118467645 118467645 0
12 12983 rs12306127 130332478 1 -0.00251328785771748 130332478 130332478 0
12 3243 rs6487823 29569338 2 0.0024808081349708 29569338 29569338 0
12 8348 rs2403106 84008275 2 0.00247001304919279 84008275 84008275 0
12 9509 rs10735341 96604447 2 0.00246904990314334 96604447 96604447 0
12 2521 rs11047241 24210719 1 -0.00246411054174172 24210719 24210719 0
12 2062 rs4583026 20794191 1 0.00246231222643848 20794191 20794191 0
12 1599 rs4149208 16517581 1 -0.00245910817810354 16517581 16517581 0
12 2123 rs10841712 21086383 1 0.00245796168172376 21086383 21086383 0
12 10309 rs4135060 104365450 1 -0.00245537185875908 104365450 104365450 0
12 7454 rs2364223 74103167 1 0.00243496142310175 74103167 74103167 0
12 12301 rs11837144 124209352 1 -0.0024284724359868 124209352 124209352 0
12 10730 rs7304198 107775314 1 -0.00242345848477916 107775314 107775314 0
12 2395 rs7972655 23079828 1 0.00241793042649703 23079828 23079828 0
12 5145 rs11169282 50529971 1 -0.00240864333933201 50529971 50529971 0
12 4735 rs1806689 45937867 1 -0.00239750462871316 45937867 45937867 0
12 11285 rs10850207 114238211 1 0.00238244139281947 114238211 114238211 0
12 3739 rs1909510 32778913 2 -0.00238004295429309 32778913 32778913 0
12 4960 rs7299704 48444488 1 0.00237549661226403 48444488 48444488 0
12 2784 rs11048431 26365730 1 -0.00237469452421936 26365730 26365730 0
12 219 rs3814250 2936049 1 -0.00237135005159082 2936049 2936049 0
12 2904 rs11048689 26957401 1 0.0023666763802873 26957401 26957401 0
12 2822 rs1393414 26591647 1 -0.00236050871664378 26591647 26591647 0
12 1256 rs11055126 13031889 1 -0.00235228546526108 13031889 13031889 0
12 2428 rs1463438 23404163 1 -0.00235097079167283 23404163 23404163 0
12 1359 rs10161040 13644236 1 0.00233823491501753 13644236 13644236 0
12 1148 rs2710278 12045185 1 0.00233545498180383 12045185 12045185 0
12 7213 rs11178343 71038286 1 -0.00231971181202495 71038286 71038286 0
12 8707 rs11105217 89639948 1 -0.00231150738384883 89639948 89639948 0
12 6017 rs17552708 59492245 1 -0.00231020138642197 59492245 59492245 0
12 1462 rs2099014 14843835 1 0.00230271153541307 14843835 14843835 0
12 567 rs2058466 5924694 1 -0.00229858962213817 5924694 5924694 0
12 11969 rs2251190 119708088 1 0.002293830534722 119708088 119708088 0
12 2324 rs10841939 22243661 1 0.00229290776886616 22243661 22243661 0
12 10849 rs7979506 108804194 1 -0.00229195722803946 108804194 108804194 0
12 1171 rs2909001 12208578 2 -0.00228394499926382 12208578 12208578 0
12 6867 rs10492199 68487099 1 -0.00228106568262324 68487099 68487099 0
12 10216 rs1317389 103800290 1 0.00228076696014819 103800290 103800290 0
12 3156 rs993168 28999673 1 0.00227901409485948 28999673 28999673 0
12 11841 rs10850958 118527534 1 -0.00227485289923354 118527534 118527534 0
12 9944 rs2114926 101093560 1 -0.00226624944739476 101093560 101093560 0
12 12826 rs12818539 129439155 2 0.00226367890445362 129439155 129439155 0
12 1173 rs2287153 12223868 1 0.00226269913933483 12223868 12223868 0
12 7026 rs17106884 70048829 1 -0.00225782335799211 70048829 70048829 0
12 10850 rs12308951 108804634 1 -0.00224865129323317 108804634 108804634 0
12 6925 rs6581826 68873722 1 0.00224787607260285 68873722 68873722 0
12 11262 rs6489916 114127055 2 0.00223564486180342 114127055 114127055 0
12 788 ss1388086263 8964708 1 -0.00223035032990613 8964708 8964708 0
12 10424 rs875679 105013796 1 0.00222597687988062 105013796 105013796 0
12 7163 rs12230225 70672317 1 0.00222565180732473 70672317 70672317 0
12 357 rs7306862 4446077 1 -0.00222078364430682 4446077 4446077 0
12 2121 rs2117032 21074122 1 0.00220105046559063 21074122 21074122 0
12 2247 rs12817513 21578559 1 0.00219522232323191 21578559 21578559 0
12 2278 rs7964318 21727736 1 -0.00219315192723435 21727736 21727736 0
12 7974 rs6539493 80565946 1 0.00218985764455664 80565946 80565946 0
12 2963 rs1037920 27553741 1 -0.00218504062503393 27553741 27553741 0
12 11626 rs1386037 116139373 1 0.00216379652979295 116139373 116139373 0
12 6726 rs12581526 67064405 2 0.00215209198620305 67064405 67064405 0
12 11197 rs2072135 113399179 2 -0.00213603086444571 113399179 113399179 0
12 10005 rs822102 101392911 1 0.00210629298441022 101392911 101392911 0
12 3472 rs12303852 30905850 1 0.00210343199825982 30905850 30905850 0
12 12413 rs7134003 125380714 1 0.00210136466314091 125380714 125380714 0
12 752 ss1388049888 7884351 1 0.00209484566861271 7884351 7884351 0
12 10036 rs824312 101671485 1 -0.00209332064524149 101671485 101671485 0
12 9287 rs249153 95324389 1 -0.00208173925682251 95324389 95324389 0
12 4575 rs11182091 43863773 1 0.00207578045298175 43863773 43863773 0
12 9383 rs7304754 95953758 2 -0.00206953971017428 95953758 95953758 0
12 3126 rs7296206 28776755 1 -0.0020545831109653 28776755 28776755 0
12 12888 rs4759592 129757801 1 0.00205163860531589 129757801 129757801 0
12 3285 rs2054438 29901912 1 -0.00205105280510572 29901912 29901912 0
12 727 ss1388044932 7727544 1 -0.00204940921432545 7727544 7727544 0
12 12028 rs2239200 120538651 1 0.00204697425269789 120538651 120538651 0
12 8201 rs10506861 82448055 1 0.00204642827601023 82448055 82448055 0
12 9506 rs4762274 96539484 1 -0.00204640562386986 96539484 96539484 0
12 10287 rs1866069 104310545 1 -0.0020459014245366 104310545 104310545 0
12 8397 rs7955708 84382650 1 0.002041805938501 84382650 84382650 0
12 9706 rs7316228 98198579 1 -0.00203469083453156 98198579 98198579 0
12 2635 rs11047761 25172884 1 -0.00203312481236539 25172884 25172884 0
12 703 ss1388038133 7475081 1 -0.00202943286007883 7475081 7475081 0
12 4012 rs11174359 40327411 1 -0.00202901788948444 40327411 40327411 0
12 7433 rs1520555 73828862 2 0.00202899569252921 73828862 73828862 0
12 12156 rs889970 121856217 1 0.00202741058572306 121856217 121856217 0
12 8881 rs10859104 91461666 1 -0.00201952563356671 91461666 91461666 0
12 2416 rs16925818 23273114 1 -0.00201511828744834 23273114 23273114 0
12 6841 rs11176925 68281795 2 -0.00201392066120227 68281795 68281795 0
12 1622 rs16912067 16773372 1 0.00200868204031825 16773372 16773372 0
12 1710 rs1706673 17744821 1 -0.00200216382150158 17744821 17744821 0
12 1261 rs1291345 13093342 1 -0.00199009259919919 13093342 13093342 0
12 10150 rs2125111 103003530 1 -0.00197912962283493 103003530 103003530 0
12 6843 rs7314707 68289536 1 0.00197867173773778 68289536 68289536 0
12 898 ss1388112429 9881099 1 -0.00197546067242676 9881099 9881099 0
12 12232 rs4758648 122900460 1 -0.00197337916031114 122900460 122900460 0
12 5 rs7955954 264136 1 -0.00196203387169175 264136 264136 0
12 11265 rs12817597 114132363 2 0.00195784175480368 114132363 114132363 0
12 8202 rs1368566 82449008 1 0.00195391720900374 82449008 82449008 0
12 6814 rs1797710 68049075 1 -0.00195320225409873 68049075 68049075 0
12 2603 rs10505945 24912033 1 0.00194640135866079 24912033 24912033 0
12 11072 rs3809291 111645043 1 -0.00194160715788268 111645043 111645043 0
12 3289 rs302358 29949915 1 0.00194057960662471 29949915 29949915 0
12 1971 rs941223 20021125 1 -0.00193733661104186 20021125 20021125 0
12 8874 rs11105943 91437199 1 0.00192873301949626 91437199 91437199 0
12 11286 rs11066758 114240419 1 0.0019230867398719 114240419 114240419 0
12 1838 rs7485517 18888456 1 0.00191776257651957 18888456 18888456 0
12 12087 rs868795 121371233 1 -0.00191065904987491 121371233 121371233 0
12 6505 rs74691643 64485153 1 -0.00190090908665868 64485153 64485153 0
12 9432 rs1865737 96215828 1 0.0018972419649254 96215828 96215828 0
12 12511 rs4765319 126533578 1 -0.00188307740956036 126533578 126533578 0
12 1177 rs1615942 12244222 1 -0.00188014660554513 12244222 12244222 0
12 12151 rs28360477 121712301 1 0.00187426948802563 121712301 121712301 0
12 4676 rs1506681 45289602 1 0.00186461792150821 45289602 45289602 0
12 12577 rs4765418 127092972 1 0.00186029744308697 127092972 127092972 0
12 1746 rs4340104 18315949 1 -0.00185958036525413 18315949 18315949 0
12 1224 rs17312912 12647608 2 0.00185524127962173 12647608 12647608 0
12 9496 rs2247304 96424665 1 -0.00185088225268298 96424665 96424665 0
12 12121 rs7298521 121541831 1 -0.00183786082845238 121541831 121541831 0
12 11123 rs17696736 112486818 1 0.00182462847831923 112486818 112486818 0
12 9253 rs7306517 95136893 1 0.00181488554201509 95136893 95136893 0
12 12451 rs10846906 125986482 1 0.00181373826594198 125986482 125986482 0
12 4857 rs4768783 47592945 1 0.00181036228407157 47592945 47592945 0
12 6147 rs10784073 61293929 1 -0.00180746362880633 61293929 61293929 0
12 385 rs12366671 4736569 1 -0.00180655368100944 4736569 4736569 0
12 11094 rs630512 111952167 2 0.00180185452569788 111952167 111952167 0
12 7005 rs485288 69980028 1 0.00179428284416467 69980028 69980028 0
12 1369 rs16909222 13722705 1 0.00176215525128248 13722705 13722705 0
12 7386 rs7298274 73197288 1 -0.00175984130872061 73197288 73197288 0
12 3833 rs1905414 33524082 1 0.00175924288586919 33524082 33524082 0
12 12272 rs1790123 123659542 1 0.00174954210237271 123659542 123659542 0
12 8125 rs12582634 81861791 1 0.00174629395460896 81861791 81861791 0
12 12561 rs11058637 126895488 1 -0.00174072572948456 126895488 126895488 0
12 8727 rs17017109 90004107 1 0.00173373152428279 90004107 90004107 0
12 734 ss1388046391 7777197 1 -0.00173275131990904 7777197 7777197 0
12 11687 rs17499905 116920503 2 0.00173029301917464 116920503 116920503 0
12 9672 rs2060733 98026477 1 -0.00172867306308411 98026477 98026477 0
12 8616 rs2047306 87862933 1 -0.00172845292915258 87862933 87862933 0
12 8269 rs7970086 83339933 1 -0.00172697976950922 83339933 83339933 0
12 1499 rs918125 15112899 1 0.00171970461819393 15112899 15112899 0
12 8241 rs4242869 83056154 1 0.00171869015617521 83056154 83056154 0
12 12500 rs12578839 126366825 2 -0.00170865841222243 126366825 126366825 0
12 12148 rs3794208 121685784 1 -0.00170564597353111 121685784 121685784 0
12 11029 rs147434959 110496788 1 -0.00170344992362525 110496788 110496788 0
12 5388 rs10876295 52867910 1 -0.00169869227543589 52867910 52867910 0
12 490 rs500677 5295504 1 0.00169734390525451 5295504 5295504 0
12 2009 rs9669759 20346064 2 0.00169394124073104 20346064 20346064 0
12 6369 rs4763026 63088455 1 -0.00169201491378674 63088455 63088455 0
12 9967 rs1399445 101247547 1 -0.00169152953469068 101247547 101247547 0
12 11941 rs1568922 119447242 1 0.00168950053557644 119447242 119447242 0
12 7450 rs11179745 74089396 1 0.00168522184413369 74089396 74089396 0
12 1341 rs11055424 13582981 2 0.00168511367102061 13582981 13582981 0
12 6995 rs7295234 69811369 1 0.00168259565893465 69811369 69811369 0
12 10951 rs10849968 109694320 1 -0.00167743599380693 109694320 109694320 0
12 10233 rs1343819 103929727 1 -0.00167640108012308 103929727 103929727 0
12 4009 rs11174343 40324306 1 -0.00167100135695528 40324306 40324306 0
12 5593 rs6580960 54159380 1 0.00167006612789379 54159380 54159380 0
12 1802 rs1992838 18692675 1 0.00166408642072685 18692675 18692675 0
12 730 ss1388045716 7753295 2 0.00166229116592763 7753295 7753295 0
12 9982 rs618859 101318407 1 0.00165735778190738 101318407 101318407 0
12 9634 rs1861371 97774934 1 -0.00165450704193167 97774934 97774934 0
12 12453 rs11058214 125994065 1 0.00165004059409121 125994065 125994065 0
12 983 rs7959451 10271055 1 -0.00164052174406765 10271055 10271055 0
12 345 rs10849023 4332478 1 -0.00164024783880873 4332478 4332478 0
12 970 rs7315231 10206925 1 0.00163666502597203 10206925 10206925 0
12 7049 rs775466 70101023 1 0.00163625052825655 70101023 70101023 0
12 9950 rs1606761 101165369 1 0.0016310518484172001 101165369 101165369 0
12 9873 rs7965793 100175468 1 -0.00162410603135164 100175468 100175468 0
12 1436 rs6488646 14357059 2 -0.00161380115522811 14357059 14357059 0
12 1815 rs2931484 18803034 1 0.00160933140966817 18803034 18803034 0
12 513 rs12366810 5513447 1 0.00160343952481032 5513447 5513447 0
12 791 ss1388087861 9013755 1 -0.00160187138707625 9013755 9013755 0
12 9817 rs1032390 99693251 1 -0.00159737687544447 99693251 99693251 0
12 9955 rs11110517 101174443 1 -0.00159613722683192 101174443 101174443 0
12 10675 rs61743416 107141265 1 -0.00158777638052252 107141265 107141265 0
12 2983 rs412978 27641473 1 0.00158338093413917 27641473 27641473 0
12 9989 rs7136980 101340098 1 0.00157602935523923 101340098 101340098 0
12 4076 rs11175593 40601940 2 0.00156593120672638 40601940 40601940 0
12 3369 rs7295022 30334451 1 0.00155971315536594 30334451 30334451 0
12 11732 rs7297848 117443591 1 -0.0015583552546736 117443591 117443591 0
12 9381 rs10859895 95948094 1 0.00155223716640819 95948094 95948094 0
12 10119 rs10507145 102599859 1 0.00153871417052172 102599859 102599859 0
12 10278 rs11111796 104205928 1 -0.00153537171526438 104205928 104205928 0
12 6 rs2284329 303320 1 -0.00153181314379925 303320 303320 0
12 2689 rs11048057 25623972 1 0.00153142679827177 25623972 25623972 0
12 1244 rs7956578 12932281 1 0.00152807956712553 12932281 12932281 0
12 5114 rs10875969 50206723 2 -0.00152522772784386 50206723 50206723 0
12 13037 rs1874520 130771845 1 -0.0015201677585771 130771845 130771845 0
12 12069 rs10849778 121135508 1 -0.00151528877798611 121135508 121135508 0
12 5430 rs7295084 52990150 1 0.00151234946017809 52990150 52990150 0
12 7375 rs7301453 72791120 2 0.00150414630533512 72791120 72791120 0
12 9400 rs2302895 96103930 1 0.0014992974087003 96103930 96103930 0
12 8189 rs11829752 82395279 1 0.00147629173720328 82395279 82395279 0
12 10316 rs3751209 104373600 2 0.00147458209299602 104373600 104373600 0
12 247 rs7969363 3303085 1 -0.00147204096865344 3303085 3303085 0
12 9608 rs2160427 97588017 1 -0.00147035019964984 97588017 97588017 0
12 2623 rs11047709 25084600 1 0.00146691226477773 25084600 25084600 0
12 10336 rs4246260 104570969 1 -0.00145994231235068 104570969 104570969 0
12 7272 rs2270587 71526593 1 0.00145933254306842 71526593 71526593 0
12 13023 rs4760083 130642976 1 -0.00145922780446591 130642976 130642976 0
12 7960 rs10862036 80429390 1 0.00145428477580603 80429390 80429390 0
12 3958 rs12297607 39441096 2 -0.00144178827347 39441096 39441096 0
12 3087 rs6487665 28330659 1 0.0014416201887117 28330659 28330659 0
12 9849 rs7313735 99900435 1 0.00143900130334495 99900435 99900435 0
12 2021 rs1593848 20428489 1 0.00143888635997366 20428489 20428489 0
12 5608 rs12304647 54384947 1 -0.00143884487743566 54384947 54384947 0
12 12309 rs75173589 124333367 1 -0.00143728230823453 124333367 124333367 0
12 5949 rs3847706 58803912 1 -0.00143272959665902 58803912 58803912 0
12 3987 rs11172162 39842812 1 0.00143213605004295 39842812 39842812 0
12 1119 rs3867488 11649175 1 -0.0014297932451224 11649175 11649175 0
12 9207 rs870034 94640095 1 0.00142844424065949 94640095 94640095 0
12 5852 rs34577247 57578673 2 -0.00142527054571953 57578673 57578673 0
12 6467 rs7978502 63790438 1 -0.00142435830163163 63790438 63790438 0
12 9214 rs8553 94701318 2 -0.00142290888455295 94701318 94701318 0
12 5559 rs7300593 53790450 1 -0.0014222803974226 53790450 53790450 0
12 9132 rs2364871 94102129 1 0.00141827700221438 94102129 94102129 0
12 1465 rs247325 14921634 2 -0.00141582949623571 14921634 14921634 0
12 11695 rs2102294 116991459 1 0.00141436214199007 116991459 116991459 0
12 1704 rs4763469 17682316 1 -0.00141408419307079 17682316 17682316 0
12 6831 rs11176893 68236562 1 0.00141393438461284 68236562 68236562 0
12 5545 rs11170448 53547987 2 0.00141281110885323 53547987 53547987 0
12 13130 rs1569020 131574485 1 0.00141276569175475 131574485 131574485 0
12 8207 rs10506863 82453826 1 -0.00140524514790002 82453826 82453826 0
12 1264 rs954480 13113777 1 -0.00140176251910758 13113777 13113777 0
12 6973 rs12829970 69577933 1 0.00139189133121089 69577933 69577933 0
12 11451 rs6489974 115156530 2 -0.0013822621394933 115156530 115156530 0
12 6487 rs1983148 64168113 1 0.0013814444816304 64168113 64168113 0
12 2531 rs11047284 24308717 1 0.00138126066451148 24308717 24308717 0
12 10321 rs12820602 104394926 1 -0.00137554430954995 104394926 104394926 0
12 7276 rs7972188 71566754 1 0.00137430771832557 71566754 71566754 0
12 12228 rs11057405 122781897 1 -0.00136854965832142 122781897 122781897 0
12 3788 rs10506099 33126965 1 0.00136513895302346 33126965 33126965 0
12 1603 rs1024839 16519385 1 0.00136327254049791 16519385 16519385 0
12 180 rs2239074 2538549 1 0.00136192552799414 2538549 2538549 0
12 10898 rs2228315 109017898 1 0.0013615205627671 109017898 109017898 0
12 7490 rs12423283 74592708 1 -0.00136047280297887 74592708 74592708 0
12 10756 rs1558781 107937768 1 0.0013578827469885 107937768 107937768 0
12 12287 rs4930713 124080619 2 0.00135721365905477 124080619 124080619 0
12 975 rs6488253 10244371 1 0.00135647848873937 10244371 10244371 0
12 2633 rs12229477 25131329 1 -0.00135185137264744 25131329 25131329 0
12 8468 rs11116595 85165879 1 0.00135032276678509 85165879 85165879 0
12 3147 rs309026 28899934 1 -0.00134688974978247 28899934 28899934 0
12 2251 rs738027 21592357 1 -0.0013362873628583 21592357 21592357 0
12 7709 rs11117030 77482656 1 0.00131063644335728 77482656 77482656 0
12 5150 rs7300549 50589836 1 0.00130386649478026 50589836 50589836 0
12 11125 rs4767364 112521448 1 0.00130080346316225 112521448 112521448 0
12 7676 rs7954730 76822034 1 -0.0013002307452241 76822034 76822034 0
12 2664 rs7297448 25478529 1 -0.00129753147477736 25478529 25478529 0
12 12394 rs838853 125204372 1 0.0012939143073896 125204372 125204372 0
12 13067 rs12578145 131044757 1 0.00129043762674996 131044757 131044757 0
12 2273 rs7313335 21709604 1 0.00129013700999272 21709604 21709604 0
12 5816 rs11172043 57293182 1 -0.00128852275146293 57293182 57293182 0
12 65 rs11064524 889902 1 -0.00128263398713228 889902 889902 0
12 7783 rs10437872 77943018 1 -0.00128217965007392 77943018 77943018 0
12 897 ss1388112291 9876505 1 0.00128142770960576 9876505 9876505 0
12 1631 rs16912235 16963281 2 -0.00128095236343024 16963281 16963281 0
12 9749 rs1480082 98676087 1 -0.00128030404855073 98676087 98676087 0
12 9156 rs2362411 94388945 1 0.0012789458521157 94388945 94388945 0
12 6802 rs10878614 67827394 1 -0.00127251597598096 67827394 67827394 0
12 12239 rs10847446 123160304 2 0.00126064121507616 123160304 123160304 0
12 10844 rs10778632 108770062 1 -0.00125697700156678 108770062 108770062 0
12 12760 rs1193373 128745755 1 0.00125012708325932 128745755 128745755 0
12 10991 rs714880 110093847 1 -0.00124855674141715 110093847 110093847 0
12 8962 rs1013848 92516807 1 0.00124660742005306 92516807 92516807 0
12 3660 rs16919488 32370224 1 -0.00124655120212816 32370224 32370224 0
12 7643 rs10785215 76312596 1 -0.00124615014325093 76312596 76312596 0
12 8035 rs1305281 81140284 1 0.00124612493039803 81140284 81140284 0
12 4904 rs2285830 48125764 1 -0.00124209954936922 48125764 48125764 0
12 12795 rs4760557 129228730 1 0.00123849309748848 129228730 129228730 0
12 7379 rs11179290 73019405 1 0.00122754373554726 73019405 73019405 0
12 2492 rs10505917 24103479 1 0.00122231718923814 24103479 24103479 0
12 2596 rs7973149 24838934 1 0.00121622976095086 24838934 24838934 0
12 6630 rs7973144 66160340 1 -0.00121401172520456 66160340 66160340 0
12 3279 rs16934812 29872318 1 0.00121359461994203 29872318 29872318 0
12 10135 rs35765 102881696 1 -0.00120853892982601 102881696 102881696 0
12 10825 rs12824955 108655308 1 0.00120717197369515 108655308 108655308 0
12 1517 rs4763417 15297057 1 0.00120317718248814 15297057 15297057 0
12 8310 rs12426701 83633084 1 -0.00119865852015682 83633084 83633084 0
12 12199 rs895958 122378206 1 -0.00119809703971535 122378206 122378206 0
12 1453 rs11055989 14622002 2 0.0011931381247693 14622002 14622002 0
12 5850 rs1466535 57534470 2 0.0011902190138639 57534470 57534470 0
12 7980 rs61735664 80735737 1 0.0011900292037468 80735737 80735737 0
12 870 ss1388101546 9493282 1 0.00118992442645795 9493282 9493282 0
12 10629 rs2436616 106384231 1 -0.00118739094554259 106384231 106384231 0
12 11474 rs4766746 115299388 1 -0.00118633789064276 115299388 115299388 0
12 5084 rs7295247 49697873 1 -0.00118373641340208 49697873 49697873 0
12 10385 rs10778338 104894402 1 -0.00118267819645742 104894402 104894402 0
12 12969 rs896511 130205202 1 -0.00117950073111816 130205202 130205202 0
12 11745 rs11068393 117623136 1 0.00117598629018099 117623136 117623136 0
12 8703 rs1949538 89573732 1 0.00117316345652611 89573732 89573732 0
12 12863 rs7961192 129612338 1 -0.00117073993633321 129612338 129612338 0
12 12284 rs4930714 124067197 2 0.00116934486910135 124067197 124067197 0
12 11038 rs55984131 110734406 1 -0.00115996562970836 110734406 110734406 0
12 11584 rs7304729 116013608 1 0.00115771641036797 116013608 116013608 0
12 3061 rs39635 28126245 1 0.00115608556100763 28126245 28126245 0
12 1846 rs7961337 18964566 1 0.00115579213367345 18964566 18964566 0
12 10128 rs5742671 102815758 1 0.00115554624199045 102815758 102815758 0
12 6896 rs756213 68658034 1 0.00115451801079903 68658034 68658034 0
12 10311 rs4135064 104365690 1 -0.00115403872434901 104365690 104365690 0
12 5787 rs2657887 56943533 1 0.00115158055831606 56943533 56943533 0
12 10789 rs10507218 108207233 1 0.0011486986084689 108207233 108207233 0
12 9168 rs7953863 94437395 1 0.00114568893231347 94437395 94437395 0
12 8919 rs11106180 91897664 1 -0.00114225260842815 91897664 91897664 0
12 6358 rs1498712 63015551 1 -0.00113983291187479 63015551 63015551 0
12 1722 rs4319561 17964303 1 0.00113865020310138 17964303 17964303 0
12 6383 rs2839798 63265984 2 -0.00113641709840077 63265984 63265984 0
12 198 rs216013 2729632 1 0.00113282189593612 2729632 2729632 0
12 11717 rs11068156 117146646 1 -0.00113200708299003 117146646 117146646 0
12 6474 rs11174984 63849115 2 0.00112813766998321 63849115 63849115 0
12 7121 rs17813953 70382995 1 -0.00112164333446787 70382995 70382995 0
12 13214 rs11061572 131983015 1 -0.00111749036411576 131983015 131983015 0
12 2480 rs10842220 23896612 2 -0.00111668388233434 23896612 23896612 0
12 12764 rs7307538 128777013 1 0.00111554813980875 128777013 128777013 0
12 13303 rs10781651 133380498 1 0.00111253302266969 133380498 133380498 0
12 1460 rs7954515 14705355 1 0.00111016648679706 14705355 14705355 0
12 274 rs11609678 3708696 1 -0.00110994884895158 3708696 3708696 0
12 9688 rs248820 98084420 1 0.00110849535967569 98084420 98084420 0
12 7574 rs1350515 75458483 1 -0.00110482262476453 75458483 75458483 0
12 5771 rs703822 56600528 1 0.0011019600796044 56600528 56600528 0
12 6191 rs17124819 61744621 2 -0.00110123346085653 61744621 61744621 0
12 731 ss1388045795 7756706 2 -0.00109581861927132 7756706 7756706 0
12 6157 rs10877489 61354459 1 -0.00109214941455549 61354459 61354459 0
12 4532 rs1865616 43507011 1 -0.00108970795557633 43507011 43507011 0
12 12665 rs11059209 127976657 1 0.00108825357785484 127976657 127976657 0
12 8706 rs7972776 89637947 1 0.00108792793403187 89637947 89637947 0
12 7957 rs10862027 80394465 1 -0.00108305447084582 80394465 80394465 0
12 11233 rs10850166 114013949 1 0.00107539755629057 114013949 114013949 0
12 2089 rs7965380 20947996 1 0.00107419491633252 20947996 20947996 0
12 8846 rs10859053 91204900 1 -0.00107389089573392 91204900 91204900 0
12 7630 rs11180710 76238406 1 0.00107162352023104 76238406 76238406 0
12 3240 rs12811372 29565391 1 0.00106338418436046 29565391 29565391 0
12 26 rs12426898 575633 1 -0.0010612237758635399 575633 575633 0
12 8235 rs12425131 82984879 1 0.0010601093395033 82984879 82984879 0
12 7551 rs7132640 75275217 1 -0.00105764817607566 75275217 75275217 0
12 7669 rs2037248 76652037 1 0.00105578403208044 76652037 76652037 0
12 477 rs1479482 5241385 1 -0.00104778980858892 5241385 5241385 0
12 5088 rs78961476 49721015 1 -0.00104654684143426 49721015 49721015 0
12 2922 rs10771314 27143508 1 -0.0010420261020926 27143508 27143508 0
12 7223 rs7297717 71167528 1 -0.00104192472036762 71167528 71167528 0
12 9000 rs7306076 92910173 1 0.00103900427080017 92910173 92910173 0
12 6265 rs12582688 62297301 1 -0.00103687950676848 62297301 62297301 0
12 576 rs917859 6082113 1 -0.00103529251865609 6082113 6082113 0
12 2379 rs1506788 22873846 2 -0.00103336741721479 22873846 22873846 0
12 1248 rs10845646 12989427 1 -0.0010309643421499 12989427 12989427 0
12 13164 rs3890823 131735792 1 -0.00102877911566714 131735792 131735792 0
12 8400 rs7977721 84421335 1 -0.00102736013650762 84421335 84421335 0
12 3153 rs789129 28980279 1 -0.00102729643006652 28980279 28980279 0
12 9034 rs1010951 93058768 1 0.00102593062828572 93058768 93058768 0
12 10270 rs934845 104185257 1 -0.0010256289117321 104185257 104185257 0
12 729 ss1388045184 7735241 1 -0.00102558624992468 7735241 7735241 0
12 11624 rs12367347 116124516 1 -0.00102167045420676 116124516 116124516 0
12 6315 rs11174364 62580013 1 0.00101733035106726 62580013 62580013 0
12 6733 rs11176433 67209123 1 -0.0010160673171996 67209123 67209123 0
12 8885 rs10859106 91476568 2 0.0010139812298397 91476568 91476568 0
12 3157 rs12366294 29005250 1 0.00101338611103186 29005250 29005250 0
12 6476 rs1829559 63897387 1 0.00101076750344204 63897387 63897387 0
12 373 rs10849087 4650065 1 -0.00100701878844433 4650065 4650065 0
12 6686 rs10784524 66704816 1 -0.00100451092387765 66704816 66704816 0
12 668 ss1388031557 7188562 1 0.00100235135211762 7188562 7188562 0
12 8066 rs12810383 81373176 1 0.00100129992957512 81373176 81373176 0
12 2069 rs14083 20836856 1 9.999050346058851e-4 20836856 20836856 0
12 4220 rs7305488 41277644 1 -9.97451235375367e-4 41277644 41277644 0
12 2911 rs2881007 27025573 1 9.958330585836898e-4 27025573 27025573 0
12 5908 rs7137226 58303535 1 -9.945028387157136e-4 58303535 58303535 0
12 12902 rs11060281 129852893 2 9.894045312610685e-4 129852893 129852893 0
12 6325 rs11174442 62755631 1 9.8892018617148e-4 62755631 62755631 0
12 11614 rs1946384 116080723 1 9.86107329964177e-4 116080723 116080723 0
12 5923 rs10783884 58575527 1 -9.854446376186567e-4 58575527 58575527 0
12 2758 rs7298162 26133925 1 9.828040928594002e-4 26133925 26133925 0
12 6824 rs7976772 68192121 1 -9.822617691665515e-4 68192121 68192121 0
12 997 rs12821011 10362875 1 -9.807122465257552e-4 10362875 10362875 0
12 8482 rs7297000 85227642 1 9.777616997981133e-4 85227642 85227642 0
12 12128 rs1718124 121594460 1 -9.743851517249024e-4 121594460 121594460 0
12 3652 rs9651846 32297526 2 -9.739922633384306e-4 32297526 32297526 0
12 3241 rs1436321 29565537 2 9.710024140622265e-4 29565537 29565537 0
12 2259 rs7976409 21635605 1 9.67343082146214e-4 21635605 21635605 0
12 4996 rs10747531 48632280 1 -9.593751051368846e-4 48632280 48632280 0
12 11770 rs10850820 117830479 1 9.578644111850428e-4 117830479 117830479 0
12 3458 rs6487924 30785218 1 -9.557996052292036e-4 30785218 30785218 0
12 4652 rs17094695 44886633 1 9.500701356041403e-4 44886633 44886633 0
12 932 rs688577 10074626 1 9.47166260433348e-4 10074626 10074626 0
12 232 rs10082968 3099291 1 9.464761783980208e-4 3099291 3099291 0
12 11135 rs1468253 112776042 1 9.424448700123212e-4 112776042 112776042 0
12 12367 rs2271139 124839540 1 9.409114138513472e-4 124839540 124839540 0
12 5560 rs2683525 53813812 1 -9.399612750093324e-4 53813812 53813812 0
12 7545 rs2036673 75221397 1 -9.384997557848968e-4 75221397 75221397 0
12 524 rs11063699 5587152 1 -9.376128235236864e-4 5587152 5587152 0
12 6501 rs11175240 64442435 1 9.323757849755126e-4 64442435 64442435 0
12 3601 rs1965193 32128219 1 9.28690851760744e-4 32128219 32128219 0
12 7586 rs7979548 75750513 1 9.238736236944752e-4 75750513 75750513 0
12 6968 rs10784757 69508022 1 -9.226613902606428e-4 69508022 69508022 0
12 37 rs12582189 634113 1 9.22065963696495e-4 634113 634113 0
12 3500 rs7309016 31085550 1 9.207626405015282e-4 31085550 31085550 0
12 12312 rs7315108 124338067 1 -9.20327321504307e-4 124338067 124338067 0
12 3828 rs10844563 33503996 1 9.1529233391363e-4 33503996 33503996 0
12 13245 rs79031981 132262713 1 -9.135424056188088e-4 132262713 132262713 0
12 4668 rs9971768 45163205 1 -9.11300332808686e-4 45163205 45163205 0
12 11585 rs7311906 116014366 1 9.102229162445726e-4 116014366 116014366 0
12 10127 rs978458 102802239 2 -9.092598570170692e-4 102802239 102802239 0
12 8238 rs12425854 82992478 2 -9.018179455028544e-4 82992478 82992478 0
12 2297 rs704212 22044344 1 9.006970416459339e-4 22044344 22044344 0
12 8992 rs17530 92843638 2 -8.985410112528917e-4 92843638 92843638 0
12 382 rs2072357 4735894 1 -8.959299182078169e-4 4735894 4735894 0
12 4452 rs896555 42830503 1 8.927844835378539e-4 42830503 42830503 0
12 1707 rs1912881 17685058 1 -8.924973677392169e-4 17685058 17685058 0
12 8152 rs6539579 82172593 1 8.912907223186066e-4 82172593 82172593 0
12 1998 rs11045018 20226881 1 8.896014626813166e-4 20226881 20226881 0
12 10495 rs7971630 105604306 1 -8.869432641524924e-4 105604306 105604306 0
12 1609 rs10772938 16590311 1 8.8512453859613e-4 16590311 16590311 0
12 12956 rs155681 130077125 2 -8.83643013410338e-4 130077125 130077125 0
12 11329 rs7307803 114457844 1 -8.764582663543687e-4 114457844 114457844 0
12 8167 rs7955253 82236828 1 8.748156790965645e-4 82236828 82236828 0
12 4829 rs7960695 47275725 1 8.710739986761597e-4 47275725 47275725 0
12 13197 rs11061544 131941961 1 8.684694948424474e-4 131941961 131941961 0
12 2041 rs11045265 20614084 1 8.657634138880517e-4 20614084 20614084 0
12 191 rs4394887 2649980 1 -8.63883317538505e-4 2649980 2649980 0
12 792 ss1388088324 9027429 1 -8.620463134498722e-4 9027429 9027429 0
12 5623 rs10876550 54712308 1 -8.600765284173646e-4 54712308 54712308 0
12 10581 rs7134108 106066589 1 -8.567709333154053e-4 106066589 106066589 0
12 10842 rs10861902 108765747 1 -8.538076144344623e-4 108765747 108765747 0
12 5263 rs4761992 52057660 1 -8.51595764684562e-4 52057660 52057660 0
12 12051 rs7137953 120894685 1 8.504705414006054e-4 120894685 120894685 0
12 3050 rs10771387 28059187 1 -8.489409514864375e-4 28059187 28059187 0
12 8449 rs7304135 84954200 1 -8.44181676401925e-4 84954200 84954200 0
12 2947 rs1037924 27498107 1 -8.414774663384383e-4 27498107 27498107 0
12 4216 rs11178843 41264379 1 8.410367974548515e-4 41264379 41264379 0
12 11801 rs4414314 118022556 1 -8.389551699323046e-4 118022556 118022556 0
12 13281 rs5745066 133202816 1 -8.358208142449532e-4 133202816 133202816 0
12 6747 rs1252272 67284740 2 -8.356730234001442e-4 67284740 67284740 0
12 6710 rs7968118 66995054 1 -8.346871292128644e-4 66995054 66995054 0
12 4776 rs11183397 46608027 1 -8.337527480257905e-4 46608027 46608027 0
12 11769 rs1552230 117822385 1 8.332224973463777e-4 117822385 117822385 0
12 2351 rs2300726 22403114 1 8.323700846399681e-4 22403114 22403114 0
12 6813 rs2620791 68045584 1 8.301728145933537e-4 68045584 68045584 0
12 7766 rs10777158 77835446 1 8.287987213433402e-4 77835446 77835446 0
12 5085 rs12322335 49698894 1 -8.283807285865511e-4 49698894 49698894 0
12 11413 rs7137598 114810656 1 -8.258032600371573e-4 114810656 114810656 0
12 9276 rs1434239 95289731 1 -8.22568960337908e-4 95289731 95289731 0
12 10129 rs4764884 102819599 2 8.221770054641394e-4 102819599 102819599 0
12 10139 rs10492320 102917436 1 -8.215074324082776e-4 102917436 102917436 0
12 11790 rs10850839 117973118 1 8.203860113875384e-4 117973118 117973118 0
12 5585 rs4759284 54079491 1 -8.187243373617484e-4 54079491 54079491 0
12 11276 rs11066719 114177890 1 8.136261827881008e-4 114177890 114177890 0
12 5553 rs56358776 53682457 1 -8.131329628472839e-4 53682457 53682457 0
12 8239 rs11115322 83019188 1 8.12381348240473e-4 83019188 83019188 0
12 7123 rs17813959 70384648 2 -8.096958732521855e-4 70384648 70384648 0
12 4146 rs10878626 40861706 1 -8.094113268719177e-4 40861706 40861706 0
12 891 ss1388110995 9834754 1 -8.084130414356333e-4 9834754 9834754 0
12 1278 rs1291359 13157267 1 8.071240538730067e-4 13157267 13157267 0
12 6859 rs10878726 68416645 1 8.044847164891877e-4 68416645 68416645 0
12 12150 rs1132780 121691096 1 -8.03842796489578e-4 121691096 121691096 0
12 6860 rs12228471 68421622 2 -8.038311618144116e-4 68421622 68421622 0
12 8850 rs10777257 91216163 1 -8.03828814203836e-4 91216163 91216163 0
12 8705 rs12811742 89600419 1 -7.994277723659361e-4 89600419 89600419 0
12 10181 rs17842954 103436241 1 -7.977685660922943e-4 103436241 103436241 0
12 1529 rs993123 15577635 1 -7.975208708417189e-4 15577635 15577635 0
12 6524 rs11175348 64740578 1 7.957646465908784e-4 64740578 64740578 0
12 4282 rs10880029 41715800 1 7.948980667989082e-4 41715800 41715800 0
12 4666 rs1551082 45159485 1 7.920676693905525e-4 45159485 45159485 0
12 7704 rs419755 77471401 1 -7.918252068283704e-4 77471401 77471401 0
12 12633 rs11612501 127564778 1 -7.905986009977096e-4 127564778 127564778 0
12 2806 rs10842712 26485544 1 -7.891815825265301e-4 26485544 26485544 0
12 20 rs478857 380145 1 -7.88200806877726e-4 380145 380145 0
12 9874 rs10745876 100214277 1 7.870311823774716e-4 100214277 100214277 0
12 8332 rs4084722 83854627 1 7.847302649065377e-4 83854627 83854627 0
12 1430 rs17340720 14288015 1 -7.844990814954439e-4 14288015 14288015 0
12 8375 rs1460386 84164381 2 -7.77246538612871e-4 84164381 84164381 0
12 5756 rs772262 56163734 1 7.767629085710496e-4 56163734 56163734 0
12 3067 rs581345 28226827 1 -7.759885747526641e-4 28226827 28226827 0
12 6870 rs10878743 68496077 1 -7.757260151228153e-4 68496077 68496077 0
12 2610 rs10743520 24959594 1 7.744646682351729e-4 24959594 24959594 0
12 13152 rs10773856 131662218 1 7.718393555831329e-4 131662218 131662218 0
12 337 rs10774198 4258438 1 -7.70889200824601e-4 4258438 4258438 0
12 5458 rs728147 53070392 1 -7.697476457284035e-4 53070392 53070392 0
12 6348 rs148114740 62946748 1 -7.693644371751056e-4 62946748 62946748 0
12 3648 rs956361 32289363 2 -7.687954949497592e-4 32289363 32289363 0
12 281 rs17836207 3761063 1 7.62866015033522e-4 3761063 3761063 0
12 4409 rs17090789 42250561 2 -7.608560696471217e-4 42250561 42250561 0
12 12147 rs7975910 121685394 1 7.605427620838042e-4 121685394 121685394 0
12 10296 rs1165692 104339978 1 -7.597900076501005e-4 104339978 104339978 0
12 4970 rs1476607 48524804 1 7.590635354541448e-4 48524804 48524804 0
12 3559 rs4931564 31959514 1 7.555334733125634e-4 31959514 31959514 0
12 13283 rs5745022 133208979 1 -7.553431667398154e-4 133208979 133208979 0
12 11456 rs11832790 115198520 1 -7.544460145798681e-4 115198520 115198520 0
12 4900 rs2239187 48117707 2 7.533126462208562e-4 48117707 48117707 0
12 2238 rs11046012 21545356 1 7.524504629299085e-4 21545356 21545356 0
12 2013 rs10770633 20372499 2 7.521124568214228e-4 20372499 20372499 0
12 3816 rs7956622 33294037 1 7.515481499179502e-4 33294037 33294037 0
12 2942 rs12581569 27464524 1 -7.494902821406941e-4 27464524 27464524 0
12 6799 rs7133608 67803505 1 -7.476096298557071e-4 67803505 67803505 0
12 10418 rs10778342 104994447 1 -7.473419649338181e-4 104994447 104994447 0
12 1935 rs7296301 19732288 1 7.466295282043032e-4 19732288 19732288 0
12 5554 rs10783567 53705703 1 -7.460606138359969e-4 53705703 53705703 0
12 7592 rs1697752 75896688 1 -7.447837019050119e-4 75896688 75896688 0
12 10639 rs2569973 106491756 2 -7.440706059410873e-4 106491756 106491756 0
12 8680 rs10506959 89255723 1 7.426888782734357e-4 89255723 89255723 0
12 9759 rs17028229 98794925 1 7.413580048667996e-4 98794925 98794925 0
12 2628 rs16928217 25093004 1 7.412023646393564e-4 25093004 25093004 0
12 4638 rs6582498 44495856 1 -7.410881379485184e-4 44495856 44495856 0
12 8614 rs10735263 87840068 1 -7.408094569319728e-4 87840068 87840068 0
12 8617 rs1390605 87864103 1 -7.40503463572953e-4 87864103 87864103 0
12 1673 rs1405973 17496247 1 -7.393058293173608e-4 17496247 17496247 0
12 128 rs11838338 1989355 1 7.367310387786793e-4 1989355 1989355 0
12 12095 rs12815613 121407256 1 -7.36421880853473e-4 121407256 121407256 0
12 4445 rs12578312 42736267 2 -7.355025980987595e-4 42736267 42736267 0
12 8146 rs10862355 82162698 1 -7.349512041231736e-4 82162698 82162698 0
12 12898 rs3850005 129810707 1 7.293938395615369e-4 129810707 129810707 0
12 5199 rs12304878 51353851 1 -7.2845417937609e-4 51353851 51353851 0
12 11810 rs10744901 118145683 1 -7.261791146967151e-4 118145683 118145683 0
12 4497 rs870972 43152847 1 7.228949718343924e-4 43152847 43152847 0
12 9586 rs983679 97494701 1 7.208307701562715e-4 97494701 97494701 0
12 1031 rs2734565 10560591 1 -7.189055872744198e-4 10560591 10560591 0
12 1425 rs219889 14085582 1 -7.184531317935801e-4 14085582 14085582 0
12 12948 rs155705 130045752 1 -7.176016258120789e-4 130045752 130045752 0
12 2958 rs7304939 27544345 1 -7.174142170123651e-4 27544345 27544345 0
12 7745 rs1716530 77669202 1 -7.165005215644517e-4 77669202 77669202 0
12 4839 rs2711721 47372270 1 -7.159725669283019e-4 47372270 47372270 0
12 7486 rs12426157 74576059 2 -7.14730899520631e-4 74576059 74576059 0
12 233 rs3825365 3109731 1 7.130245787961795e-4 3109731 3109731 0
12 1128 rs2724649 11825291 1 -7.108944171186481e-4 11825291 11825291 0
12 681 ss1388032708 7281317 2 7.0883372315952e-4 7281317 7281317 0
12 2670 rs11047987 25535059 2 7.075728016041541e-4 25535059 25535059 0
12 12140 rs1653622 121647435 1 7.061906896581738e-4 121647435 121647435 0
12 4999 rs901964 48676038 1 -7.053634122675156e-4 48676038 48676038 0
12 6576 rs4044903 65348920 1 7.019135615089185e-4 65348920 65348920 0
12 589 rs12319392 6170486 1 6.969509430584524e-4 6170486 6170486 0
12 4025 rs992851 40371492 1 -6.967990518890336e-4 40371492 40371492 0
12 11940 rs12309091 119444197 1 6.96634599804974e-4 119444197 119444197 0
12 12737 rs4268573 128645217 1 6.946607461747204e-4 128645217 128645217 0
12 23 rs4980895 520947 1 6.94482874600755e-4 520947 520947 0
12 10021 rs724344 101564708 1 -6.9428733257593e-4 101564708 101564708 0
12 2910 rs12372288 27015543 1 -6.93628137187793e-4 27015543 27015543 0
12 1973 rs1609085 20028378 2 6.919473063184808e-4 20028378 20028378 0
12 4899 rs1233062 48110551 1 -6.907385043395614e-4 48110551 48110551 0
12 2403 rs3847901 23195088 1 6.906412628908978e-4 23195088 23195088 0
12 9547 rs2371228 97096489 1 6.905134335588771e-4 97096489 97096489 0
12 1348 rs10492125 13603234 2 -6.862891594722617e-4 13603234 13603234 0
12 8009 rs6539525 80939384 1 6.862546289066534e-4 80939384 80939384 0
12 9588 rs1468893 97505432 1 -6.855275616856345e-4 97505432 97505432 0
12 3554 rs6488007 31919188 1 -6.852040876781701e-4 31919188 31919188 0
12 7737 rs11104350 77627677 1 -6.848993022626477e-4 77627677 77627677 0
12 5672 rs9943768 55287990 1 6.84847992103984e-4 55287990 55287990 0
12 5564 rs17100094 53912961 1 6.827683755374436e-4 53912961 53912961 0
12 9984 rs602734 101319734 1 -6.810197622847617e-4 101319734 101319734 0
12 2053 rs4131935 20740933 1 -6.803051123702231e-4 20740933 20740933 0
12 12567 rs10492047 126935330 1 -6.783799013341175e-4 126935330 126935330 0
12 9129 rs11830104 94030479 1 6.773281465910681e-4 94030479 94030479 0
12 8849 rs6538248 91208211 1 -6.766970961818406e-4 91208211 91208211 0
12 10074 rs10507134 102034120 1 -6.723695773518769e-4 102034120 102034120 0
12 1080 rs16925868 11091551 1 -6.713737153788775e-4 11091551 11091551 0
12 2182 rs12371604 21391336 1 -6.711385773187327e-4 21391336 21391336 0
12 1246 rs16908439 12973420 1 6.705643253960126e-4 12973420 12973420 0
12 2455 rs12227654 23688755 1 -6.705323516520443e-4 23688755 23688755 0
12 11186 rs4766674 113365201 2 -6.700879415004514e-4 113365201 113365201 0
12 10407 rs11112109 104972207 1 -6.676858525169001e-4 104972207 104972207 0
12 10037 rs78440807 101679658 1 6.669014181740734e-4 101679658 101679658 0
12 10320 rs2888805 104380734 1 -6.6672115237128e-4 104380734 104380734 0
12 6738 rs11176449 67241653 1 -6.652705488553372e-4 67241653 67241653 0
12 1101 rs11835196 11411923 1 6.641197692014033e-4 11411923 11411923 0
12 1165 rs2127114 12182501 2 6.636591283145858e-4 12182501 12182501 0
12 10722 rs1991310 107722780 1 6.6266200745778e-4 107722780 107722780 0
12 36 rs748125 632922 1 6.621723893054778e-4 632922 632922 0
12 8068 rs7299508 81390024 1 6.619393335317444e-4 81390024 81390024 0
12 2117 rs2082518 21054918 1 6.619227111118269e-4 21054918 21054918 0
12 346 rs11611647 4333919 1 -6.605776519996596e-4 4333919 4333919 0
12 374 rs7302664 4664821 1 6.599495129678277e-4 4664821 4664821 0
12 3805 rs17624773 33245313 2 6.599064859724256e-4 33245313 33245313 0
12 3049 rs258387 28055049 1 6.598927483649358e-4 28055049 28055049 0
12 7889 rs1717355 78927648 1 6.586186843822331e-4 78927648 78927648 0
12 10130 rs2288378 102830008 2 6.583872261832079e-4 102830008 102830008 0
12 1457 rs10772788 14683816 1 -6.557398316222927e-4 14683816 14683816 0
12 6127 rs1504445 60789138 1 6.553995296696755e-4 60789138 60789138 0
12 1190 rs2300231 12315880 1 -6.549563613306628e-4 12315880 12315880 0
12 5667 rs884499 55087216 1 -6.5359446426751e-4 55087216 55087216 0
12 5626 rs6580981 54723028 1 -6.492245475519042e-4 54723028 54723028 0
12 12980 rs12578470 130301142 1 -6.484830373570367e-4 130301142 130301142 0
12 8823 rs1432113 90914372 1 -6.479282488606942e-4 90914372 90914372 0
12 10965 rs7954301 109857093 1 6.474874038940471e-4 109857093 109857093 0
12 2667 rs12579869 25483263 1 -6.431112900295229e-4 25483263 25483263 0
12 1040 rs6488299 10681748 1 -6.401980799962556e-4 10681748 10681748 0
12 10835 rs952584 108724296 1 6.396395170441192e-4 108724296 108724296 0
12 4765 rs1867501 46523879 1 6.391568804631688e-4 46523879 46523879 0
12 10805 rs10778594 108433089 1 6.383322831033428e-4 108433089 108433089 0
12 2753 rs1495653 26065872 1 6.356618675451283e-4 26065872 26065872 0
12 8194 rs11115162 82426466 1 6.337546519042291e-4 82426466 82426466 0
12 13112 rs7305093 131488041 1 -6.321129470596661e-4 131488041 131488041 0
12 12304 rs17883456 124241506 1 6.320239484805673e-4 124241506 124241506 0
12 5957 rs6581194 58875963 1 -6.319577966298364e-4 58875963 58875963 0
12 10533 rs7970980 105820253 2 -6.281777235871631e-4 105820253 105820253 0
12 8020 rs10862181 81060221 1 6.254191156608649e-4 81060221 81060221 0
12 10666 rs7296145 106965482 1 -6.24730150134818e-4 106965482 106965482 0
12 4478 rs11181598 43027611 2 -6.227102821321517e-4 43027611 43027611 0
12 13166 rs4614547 131837938 2 6.217832172421017e-4 131837938 131837938 0
12 645 rs1045553 6747295 1 -6.178936675494828e-4 6747295 6747295 0
12 517 rs4765814 5524127 1 6.167251184272596e-4 5524127 5524127 0
12 8073 rs7133094 81469861 1 6.14116809013383e-4 81469861 81469861 0
12 5652 rs10876578 55048199 2 6.092175859634011e-4 55048199 55048199 0
12 10614 rs12581796 106271686 1 6.086791548066932e-4 106271686 106271686 0
12 12117 rs1796406 121506154 1 6.08144219768995e-4 121506154 121506154 0
12 7685 rs2669010 77009060 1 -6.073872545565038e-4 77009060 77009060 0
12 1952 rs7960116 19872822 1 -6.069001742540935e-4 19872822 19872822 0
12 528 rs11063723 5618814 1 -6.063515761011118e-4 5618814 5618814 0
12 493 rs674163 5300031 1 -6.061600128803698e-4 5300031 5300031 0
12 6943 rs3730617 69224892 1 6.032021381899681e-4 69224892 69224892 0
12 4862 rs11610206 47639526 1 -6.029250207173075e-4 47639526 47639526 0
12 10088 rs10860779 102127262 1 -6.026741684828583e-4 102127262 102127262 0
12 6016 rs12367511 59484069 1 -6.026698861410786e-4 59484069 59484069 0
12 5489 rs1554448 53154405 1 -6.023276068593415e-4 53154405 53154405 0
12 12562 rs6489076 126908667 2 6.012008435636298e-4 126908667 126908667 0
12 9073 rs12299519 93513096 1 -5.993465420288228e-4 93513096 93513096 0
12 4019 rs1390952 40349503 1 5.931689894103281e-4 40349503 40349503 0
12 5800 rs17118953 57114869 1 5.865699962660246e-4 57114869 57114869 0
12 13012 rs11611501 130533750 2 5.861229385400316e-4 130533750 130533750 0
12 13145 rs10848295 131632326 1 5.859686343989323e-4 131632326 131632326 0
12 3524 rs10843928 31502991 1 -5.852234520894276e-4 31502991 31502991 0
12 873 ss1388103116 9540796 1 5.830992300480004e-4 9540796 9540796 0
12 1002 rs4764332 10380928 2 -5.821673547859105e-4 10380928 10380928 0
12 987 rs2742115 10322182 1 -5.819705797726761e-4 10322182 10322182 0
12 5404 rs2292506 52938320 1 -5.811631445761257e-4 52938320 52938320 0
12 3427 rs17482593 30583448 2 -5.787140464910852e-4 30583448 30583448 0
12 3215 rs11050116 29351521 1 -5.771052844103486e-4 29351521 29351521 0
12 13077 rs7967173 131143201 1 5.76453536527784e-4 131143201 131143201 0
12 12657 rs1910777 127854484 1 -5.752321625873684e-4 127854484 127854484 0
12 273 rs11062734 3708546 1 5.742164973477059e-4 3708546 3708546 0
12 11398 rs1946298 114777249 1 5.737798343572132e-4 114777249 114777249 0
12 8929 rs11831423 92050203 1 -5.736872799395503e-4 92050203 92050203 0
12 7830 rs1448753 78455040 1 -5.732924569387823e-4 78455040 78455040 0
12 11613 rs12227873 116079148 1 -5.729335224089074e-4 116079148 116079148 0
12 2286 rs1283816 21984711 1 5.700812228152893e-4 21984711 21984711 0
12 4658 rs2060896 44997332 1 -5.682788343246185e-4 44997332 44997332 0
12 1586 rs6488840 16492515 1 5.656656964593567e-4 16492515 16492515 0
12 6562 rs11175577 65264090 1 5.653661619225776e-4 65264090 65264090 0
12 7062 rs1057617 70214160 1 -5.652207955597841e-4 70214160 70214160 0
12 11704 rs11611974 117033944 1 5.647751833304152e-4 117033944 117033944 0
12 5855 rs1800141 57588433 1 5.638621913681298e-4 57588433 57588433 0
12 1454 rs2900333 14653867 1 5.637524821819044e-4 14653867 14653867 0
12 3511 rs2164498 31359210 1 -5.62356153125077e-4 31359210 31359210 0
12 2020 rs274962 20426588 1 5.616436030661473e-4 20426588 20426588 0
12 4739 rs10880823 45986738 1 5.613711615289563e-4 45986738 45986738 0
12 122 rs7967890 1952990 2 -5.594025769847786e-4 1952990 1952990 0
12 7650 rs2886950 76353333 1 5.584453252436008e-4 76353333 76353333 0
12 11828 rs2393374 118455759 1 -5.582558685649712e-4 118455759 118455759 0
12 8124 rs7968917 81854387 1 -5.551902240656162e-4 81854387 81854387 0
12 7576 rs11834361 75520906 1 -5.55168270484799e-4 75520906 75520906 0
12 12441 rs326387 125805148 1 -5.547069720267524e-4 125805148 125805148 0
12 12034 rs4767884 120661977 1 5.537219834009794e-4 120661977 120661977 0
12 12603 rs1166246 127382013 1 -5.533104085803492e-4 127382013 127382013 0
12 3253 rs880133 29627527 2 5.530535999729567e-4 29627527 29627527 0
12 4708 rs7138247 45669753 1 -5.528855901557814e-4 45669753 45669753 0
12 12807 rs9738216 129281788 1 5.514894152030403e-4 129281788 129281788 0
12 10050 rs117476305 101761753 1 -5.498760319131349e-4 101761753 101761753 0
12 7859 rs169949 78601978 2 5.495923607922999e-4 78601978 78601978 0
12 8103 rs10862274 81644757 1 5.483758471200733e-4 81644757 81644757 0
12 11241 rs1346192 114060096 1 5.475916324006542e-4 114060096 114060096 0
12 2236 rs12818993 21541947 1 5.471168170162533e-4 21541947 21541947 0
12 27 rs10744648 586407 1 -5.449670663722785e-4 586407 586407 0
12 13109 rs2926 131471070 1 -5.441522081524334e-4 131471070 131471070 0
12 1507 rs3962593 15147657 1 5.439519544581216e-4 15147657 15147657 0
12 886 ss1388110368 9812714 1 5.433981616306332e-4 9812714 9812714 0
12 4650 rs1353143 44820597 1 5.423736179209331e-4 44820597 44820597 0
12 8079 rs7131752 81475838 1 -5.402239633747288e-4 81475838 81475838 0
12 11671 rs6490057 116777570 2 -5.39130413039626e-4 116777570 116777570 0
12 2700 rs718744 25657520 1 5.387676450067262e-4 25657520 25657520 0
12 7614 rs7488278 76129356 1 -5.373303757682751e-4 76129356 76129356 0
12 10020 rs164365 101560328 1 5.370133244336551e-4 101560328 101560328 0
12 3506 rs35083 31139301 2 5.369012177603129e-4 31139301 31139301 0
12 4293 rs12299762 41859112 1 5.368520330444016e-4 41859112 41859112 0
12 8443 rs11116440 84923506 1 -5.360749678251368e-4 84923506 84923506 0
12 10779 rs11893 108053219 1 -5.352403279792424e-4 108053219 108053219 0
12 11973 rs4238061 119763890 1 -5.351399696775156e-4 119763890 119763890 0
12 12153 rs10774591 121763870 1 5.339904208562207e-4 121763870 121763870 0
12 2374 rs17341505 22777844 2 5.331682339556216e-4 22777844 22777844 0
12 9249 rs2366632 95071134 1 5.315487472763166e-4 95071134 95071134 0
12 4902 rs7306680 48119955 1 5.294233909742147e-4 48119955 48119955 0
12 12370 rs1243888 124930214 2 5.285528828080933e-4 124930214 124930214 0
12 2676 rs2340378 25573239 1 5.279896489975584e-4 25573239 25573239 0
12 402 rs1009634 4779313 1 -5.270709855905105e-4 4779313 4779313 0
12 12432 rs1080910 125608492 2 5.256835296030826e-4 125608492 125608492 0
12 11839 rs7488514 118520426 1 -5.238956675499583e-4 118520426 118520426 0
12 4842 rs17097464 47408291 2 -5.210976294185952e-4 47408291 47408291 0
12 7678 rs11615272 76856220 1 -5.200663789477331e-4 76856220 76856220 0
12 11684 rs10774863 116891156 1 -5.200043036816855e-4 116891156 116891156 0
12 5963 rs11172637 58897077 1 -5.173596611180435e-4 58897077 58897077 0
12 6529 rs11837890 64863983 1 5.141905654599316e-4 64863983 64863983 0
12 10946 rs2268392 109635076 1 5.140197388974932e-4 109635076 109635076 0
12 7252 rs10506622 71410182 1 -5.121787341402109e-4 71410182 71410182 0
12 907 ss1388113560 9918102 1 5.106583527745058e-4 9918102 9918102 0
12 2070 rs11045392 20840839 1 5.093513025119995e-4 20840839 20840839 0
12 2804 rs11048452 26453917 1 5.072881017498994e-4 26453917 26453917 0
12 9121 rs1498708 93963964 1 5.071010372891939e-4 93963964 93963964 0
12 6434 rs7315604 63602510 1 -5.05852035578644e-4 63602510 63602510 0
12 8910 rs1994820 91729930 1 -5.046595203327738e-4 91729930 91729930 0
12 1714 rs2467141 17808367 1 5.037423537210626e-4 17808367 17808367 0
12 4667 rs1901147 45160864 1 -5.019750003804795e-4 45160864 45160864 0
12 8934 rs4240750 92299169 1 5.011797373959887e-4 92299169 92299169 0
12 756 ss1388053340 7977723 1 -5.009938856825167e-4 7977723 7977723 0
12 6375 rs549433 63180816 1 4.991704286622797e-4 63180816 63180816 0
12 9274 rs10745708 95284726 1 -4.9779898274112e-4 95284726 95284726 0
12 12427 rs6488977 125519849 2 4.968650620347714e-4 125519849 125519849 0
12 8395 rs4631964 84369765 2 -4.968230896045949e-4 84369765 84369765 0
12 3309 rs12229602 30030709 1 -4.947917375697968e-4 30030709 30030709 0
12 3033 rs12578595 27964996 1 4.93074823628266e-4 27964996 27964996 0
12 10315 rs10861152 104372656 1 4.904937343835466e-4 104372656 104372656 0
12 13053 rs12229898 130888284 1 4.896558231249317e-4 130888284 130888284 0
12 10124 rs7302155 102691178 1 4.883876888909764e-4 102691178 102691178 0
12 10650 rs118008684 106632873 1 -4.870628584238004e-4 106632873 106632873 0
12 5549 rs6580938 53646369 1 -4.838966216459756e-4 53646369 53646369 0
12 5914 rs17120182 58403744 1 4.837820926417458e-4 58403744 58403744 0
12 1992 rs11045000 20184146 1 -4.822859025460103e-4 20184146 20184146 0
12 2554 rs483684 24504285 1 -4.796384455415634e-4 24504285 24504285 0
12 1367 rs1806203 13718971 1 4.795542551587955e-4 13718971 13718971 0
12 10259 rs116894406 104138980 1 4.788238518799288e-4 104138980 104138980 0
12 5964 rs10506367 58961727 1 -4.787087704195235e-4 58961727 58961727 0
12 4640 rs17094119 44512431 2 4.779377264102755e-4 44512431 44512431 0
12 7547 rs988896 75233259 1 -4.7561565690380705e-4 75233259 75233259 0
12 2471 rs10842198 23793379 1 -4.747156417032121e-4 23793379 23793379 0
12 11095 rs607316 111969448 2 4.743834919073986e-4 111969448 111969448 0
12 1962 rs10841372 19974796 1 4.741055167033238e-4 19974796 19974796 0
12 9224 rs17022621 94942310 1 4.730046971005611e-4 94942310 94942310 0
12 12614 rs2605469 127429145 1 4.704734484374767e-4 127429145 127429145 0
12 8093 rs12580201 81563766 1 4.667715720120054e-4 81563766 81563766 0
12 1132 rs2856321 11855773 1 4.649995829241982e-4 11855773 11855773 0
12 4591 rs17093450 43935345 1 4.629484247640015e-4 43935345 43935345 0
12 6844 rs1905453 68311621 1 4.6243516757956223e-4 68311621 68311621 0
12 8045 rs6539531 81204689 1 -4.61252102415003e-4 81204689 81204689 0
12 6447 rs17099264 63696531 1 -4.6109845904846234e-4 63696531 63696531 0
12 4113 rs33995883 40740686 1 -4.60967072236779e-4 40740686 40740686 0
12 2627 rs10771144 25092474 1 4.604927332511752e-4 25092474 25092474 0
12 10694 rs4964518 107466217 1 4.587481439947883e-4 107466217 107466217 0
12 9391 rs17356067 96007582 1 -4.579338301746843e-4 96007582 96007582 0
12 9858 rs1392682 100002021 1 4.568244037140361e-4 100002021 100002021 0
12 7316 rs1797373 71960329 1 -4.5507473149494494e-4 71960329 71960329 0
12 3386 rs10400585 30388979 1 4.546524991999329e-4 30388979 30388979 0
12 414 rs12821926 4915652 1 -4.5353760878763744e-4 4915652 4915652 0
12 9522 rs10777797 96856310 1 -4.490117267504987e-4 96856310 96856310 0
12 217 rs10848704 2882544 2 -4.4820849483059454e-4 2882544 2882544 0
12 736 ss1388047208 7801532 1 -4.477298710508226e-4 7801532 7801532 0
12 812 ss1388093252 9205030 1 -4.44179283906843e-4 9205030 9205030 0
12 871 ss1388102257 9515054 1 -4.4243464270878714e-4 9515054 9515054 0
12 272 rs7966000 3682483 1 4.416787587499505e-4 3682483 3682483 0
12 3733 rs1909509 32726699 1 -4.408495111465997e-4 32726699 32726699 0
12 12176 rs10840615 122203680 1 -4.383241659856654e-4 122203680 122203680 0
12 3746 rs7133996 32929596 1 4.3775186297114214e-4 32929596 32929596 0
12 9709 rs1450073 98224025 1 4.373475467504712e-4 98224025 98224025 0
12 10959 rs7973715 109826765 1 -4.353529298743988e-4 109826765 109826765 0
12 2696 rs1479509 25652442 1 4.351994140751349e-4 25652442 25652442 0
12 91 rs6489283 1493559 1 4.3343898632595154e-4 1493559 1493559 0
12 6347 rs12300696 62945245 1 -4.3300635645753937e-4 62945245 62945245 0
12 10444 rs835480 105074764 1 4.3213511082123863e-4 105074764 105074764 0
12 7593 rs2279246 75897116 1 -4.308257623398232e-4 75897116 75897116 0
12 2188 rs7975087 21404832 1 -4.302003422588838e-4 21404832 21404832 0
12 12248 rs55716280 123297902 1 4.297957820515696e-4 123297902 123297902 0
12 9021 rs7979357 93009553 1 4.29771754768138e-4 93009553 93009553 0
12 5563 rs784563 53866619 1 -4.270285941410077e-4 53866619 53866619 0
12 3667 rs7136736 32391471 1 -4.264470990266495e-4 32391471 32391471 0
12 8704 rs995727 89589948 1 4.261449290938181e-4 89589948 89589948 0
12 30 rs10774240 598125 1 4.258018202530897e-4 598125 598125 0
12 4531 rs1795942 43494735 1 -4.249209647709265e-4 43494735 43494735 0
12 6774 rs774392 67428382 1 4.2379326210662547e-4 67428382 67428382 0
12 6061 rs7304975 59888726 1 -4.231627263903033e-4 59888726 59888726 0
12 3276 rs7312849 29859352 1 -4.203948854536384e-4 29859352 29859352 0
12 12379 rs4765600 125164506 2 -4.197272186999766e-4 125164506 125164506 0
12 1035 rs2734442 10600368 1 4.1941837842204914e-4 10600368 10600368 0
12 10409 rs1626044 104979879 1 -4.191866148320293e-4 104979879 104979879 0
12 8840 rs10859032 91097225 1 -4.190201432424677e-4 91097225 91097225 0
12 7262 rs1533240 71459276 1 4.1820068408488854e-4 71459276 71459276 0
12 6852 rs10878708 68352906 1 4.166813049313229e-4 68352906 68352906 0
12 11193 rs10735079 113380008 1 4.164741957145265e-4 113380008 113380008 0
12 772 ss1388061460 8230161 2 -4.1626814976572935e-4 8230161 8230161 0
12 8227 rs2401058 82563656 1 -4.16154340843361e-4 82563656 82563656 0
12 9213 rs11107499 94693791 1 -4.149394562342282e-4 94693791 94693791 0
12 5486 rs4600258 53147863 1 4.146027642446174e-4 53147863 53147863 0
12 11780 rs10744897 117889446 1 4.143536168465883e-4 117889446 117889446 0
12 2764 rs2137547 26261873 1 4.136063481311095e-4 26261873 26261873 0
12 2989 rs7971294 27687714 1 -4.114533508669261e-4 27687714 27687714 0
12 18 rs797755 378195 1 -4.102210969901367e-4 378195 378195 0
12 4127 rs4768245 40777247 1 4.0987859190610266e-4 40777247 40777247 0
12 11117 rs3752630 112375990 1 4.097007350164888e-4 112375990 112375990 0
12 10909 rs11830725 109287728 1 -4.0936847028856223e-4 109287728 109287728 0
12 7654 rs17116093 76399611 1 4.078485009699732e-4 76399611 76399611 0
12 11502 rs7139439 115422825 1 4.050126617254787e-4 115422825 115422825 0
12 10600 rs2374548 106122114 1 4.039375797067888e-4 106122114 106122114 0
12 6937 rs11177368 69170840 1 -4.029647476138528e-4 69170840 69170840 0
12 5116 rs17260403 50232496 1 4.023836785843151e-4 50232496 50232496 0
12 11360 rs741636 114583198 1 -4.0022918573833784e-4 114583198 114583198 0
12 8931 rs7960822 92191466 1 -3.973776990528328e-4 92191466 92191466 0
12 4868 rs1642946 47746478 1 -3.972804976955572e-4 47746478 47746478 0
12 9292 rs7306455 95355541 1 -3.939384052312805e-4 95355541 95355541 0
12 8071 rs6539544 81432884 1 3.934860872375019e-4 81432884 81432884 0
12 6818 rs7954859 68080822 1 3.9221670051737607e-4 68080822 68080822 0
12 1245 rs11055065 12934454 1 -3.907426018374093e-4 12934454 12934454 0
12 5306 rs7300317 52632573 1 3.898048650638307e-4 52632573 52632573 0
12 4674 rs2710455 45249107 1 3.884159018673895e-4 45249107 45249107 0
12 2820 rs10771283 26587578 1 3.8776187970098873e-4 26587578 26587578 0
12 13212 rs7136408 131978480 1 -3.87577321350302e-4 131978480 131978480 0
12 12582 rs1706487 127147035 1 -3.8664605730835054e-4 127147035 127147035 0
12 348 rs4766227 4363350 2 3.856535205377866e-4 4363350 4363350 0
12 13058 rs11060894 130933687 1 -3.8337160396175e-4 130933687 130933687 0
12 8230 rs4471506 82738459 1 3.8331881852744657e-4 82738459 82738459 0
12 3454 rs7974251 30772129 1 3.7965049941963145e-4 30772129 30772129 0
12 5510 rs2885852 53210998 1 -3.7906603544728406e-4 53210998 53210998 0
12 11436 rs713559 115006437 1 -3.7904491910044314e-4 115006437 115006437 0
12 4814 rs2429467 47186770 1 3.768815176145454e-4 47186770 47186770 0
12 12813 rs1385374 129300694 2 -3.760601447338521e-4 129300694 129300694 0
12 1551 rs17415853 15930805 1 3.751905967831926e-4 15930805 15930805 0
12 4811 rs12316767 47170621 1 3.742474656798961e-4 47170621 47170621 0
12 2708 rs10505966 25677762 1 3.7412643202022305e-4 25677762 25677762 0
12 7993 rs12809610 80850440 1 -3.734420787803906e-4 80850440 80850440 0
12 11879 rs1520777 119076869 1 3.7313581643978104e-4 119076869 119076869 0
12 6291 rs348639 62464334 2 3.722450996622817e-4 62464334 62464334 0
12 309 rs3809252 3941356 1 3.717155508145004e-4 3941356 3941356 0
12 5267 rs12369744 52219142 1 3.710275291347541e-4 52219142 52219142 0
12 2376 rs7979865 22868165 1 -3.7075548234734074e-4 22868165 22868165 0
12 1482 rs1800801 15038788 1 3.697323863535375e-4 15038788 15038788 0
12 10107 rs4764682 102316021 1 3.685656420127649e-4 102316021 102316021 0
12 806 ss1388091865 9153932 1 3.6842092813282456e-4 9153932 9153932 0
12 5953 rs7977401 58846726 1 3.645835977261859e-4 58846726 58846726 0
12 7697 rs974467 77136919 1 3.640710305726157e-4 77136919 77136919 0
12 12546 rs10773257 126726530 1 3.636908763675074e-4 126726530 126726530 0
12 7319 rs17109926 71978728 1 3.634128309624671e-4 71978728 71978728 0
12 3341 rs10843602 30245450 1 -3.6183762399774714e-4 30245450 30245450 0
12 7048 rs1025016 70091452 1 -3.6159007058484e-4 70091452 70091452 0
12 5238 rs17860364 51723499 1 3.6121617015183347e-4 51723499 51723499 0
12 9238 rs1807783 94980601 1 3.608781538226263e-4 94980601 94980601 0
12 8851 rs1973519 91229736 2 3.60446382238026e-4 91229736 91229736 0
12 8076 rs10506840 81474736 1 3.582578353269799e-4 81474736 81474736 0
12 12808 rs9738836 129281838 2 -3.558116099771843e-4 129281838 129281838 0
12 656 ss1388024467 6948468 1 -3.5556386902114816e-4 6948468 6948468 0
12 11572 rs10507262 115909588 1 -3.5455062722946257e-4 115909588 115909588 0
12 12610 rs10773338 127404403 1 -3.5440245939839544e-4 127404403 127404403 0
12 10069 rs825097 102015901 1 3.5422249223485754e-4 102015901 102015901 0
12 12709 rs2031041 128427252 1 -3.526565926927812e-4 128427252 128427252 0
12 5692 rs7978952 55397643 1 3.5117019026135803e-4 55397643 55397643 0
12 7645 rs4334090 76313528 1 -3.505120290974254e-4 76313528 76313528 0
12 1435 rs10772747 14352318 1 3.470769147304028e-4 14352318 14352318 0
12 8196 rs959275 82430283 1 3.4594507268666307e-4 82430283 82430283 0
12 5193 rs829128 51245055 1 3.4589915869671884e-4 51245055 51245055 0
12 7459 rs17760412 74135462 1 -3.4511006150414567e-4 74135462 74135462 0
12 7553 rs7302339 75298553 1 -3.444961505284361e-4 75298553 75298553 0
12 2899 rs1994474 26946854 1 3.432766797111941e-4 26946854 26946854 0
12 6050 rs276055 59801652 1 -3.4138805188325993e-4 59801652 59801652 0
12 466 rs4766333 5162020 1 3.3759665146335273e-4 5162020 5162020 0
12 8316 rs10862617 83674801 1 3.3647427209656936e-4 83674801 83674801 0
12 9972 rs10860653 101279712 1 3.364448205203844e-4 101279712 101279712 0
12 11414 rs2236018 114832360 1 3.350467925114807e-4 114832360 114832360 0
12 7253 rs1013849 71419994 1 -3.305257858683218e-4 71419994 71419994 0
12 12673 rs839335 128082311 1 -3.303222583571978e-4 128082311 128082311 0
12 682 ss1388033190 7298327 1 3.298269008603724e-4 7298327 7298327 0
12 7646 rs7975974 76339221 1 3.274664608489688e-4 76339221 76339221 0
12 2034 rs12369443 20582651 1 3.259290720720071e-4 20582651 20582651 0
12 7626 rs1275564 76227252 1 -3.2569053572592343e-4 76227252 76227252 0
12 5649 rs10876575 55043233 1 -3.2407321793295166e-4 55043233 55043233 0
12 8253 rs11115417 83169931 1 -3.225067040002008e-4 83169931 83169931 0
12 8818 rs11105648 90887930 1 3.196945049785941e-4 90887930 90887930 0
12 6828 rs12427294 68205380 1 3.180677948755817e-4 68205380 68205380 0
12 5215 rs17125401 51514352 1 -3.178642611716794e-4 51514352 51514352 0
12 1214 rs1861674 12589705 1 3.1595085156058714e-4 12589705 12589705 0
12 10870 rs10778641 108874961 1 -3.1429801812720196e-4 108874961 108874961 0
12 175 rs11831085 2514858 1 -3.139977908149124e-4 2514858 2514858 0
12 11673 rs3851650 116792092 1 3.130033719416476e-4 116792092 116792092 0
12 11093 rs6490162 111941120 1 3.107953291213889e-4 111941120 111941120 0
12 12985 rs10847963 130361533 1 -3.1001554321354686e-4 130361533 130361533 0
12 10169 rs1464789 103211059 1 3.090020322448907e-4 103211059 103211059 0
12 13029 rs6486530 130690280 1 3.088860069421685e-4 130690280 130690280 0
12 7501 rs7964864 74690292 1 -3.080529848011979e-4 74690292 74690292 0
12 4725 rs3803178 45824581 1 -3.058904143786969e-4 45824581 45824581 0
12 7305 rs117324318 71834037 1 3.058219950062617e-4 71834037 71834037 0
12 687 ss1388035690 7385493 1 -3.052781431572866e-4 7385493 7385493 0
12 1243 rs4763870 12902011 1 3.0522596378767565e-4 12902011 12902011 0
12 12332 rs427244 124605287 1 3.043614025292254e-4 124605287 124605287 0
12 1233 rs12822507 12773521 1 3.0429209424847584e-4 12773521 12773521 0
12 11675 rs1732334 116826177 1 3.0340507748658884e-4 116826177 116826177 0
12 251 rs3741945 3326187 1 -3.018480498508549e-4 3326187 3326187 0
12 10113 rs10778160 102352707 1 3.0108612081119e-4 102352707 102352707 0
12 1515 rs7297700 15205821 1 3.0096908674135346e-4 15205821 15205821 0
12 9624 rs10860189 97731930 1 -3.0077982674304104e-4 97731930 97731930 0
12 8834 rs10492347 91002896 1 -3.0000345467647135e-4 91002896 91002896 0
12 10751 rs12300822 107909267 1 2.9872043599566333e-4 107909267 107909267 0
12 9184 rs4761590 94573811 1 -2.978174807882747e-4 94573811 94573811 0
12 1381 rs10492132 13833553 1 2.9662723564566855e-4 13833553 13833553 0
12 11092 rs10774625 111910219 2 -2.96555295833216e-4 111910219 111910219 0
12 6626 rs7972091 66128647 2 -2.965408008821927e-4 66128647 66128647 0
12 3060 rs6246 28122893 1 -2.959111620437953e-4 28122893 28122893 0
12 9256 rs2366796 95162360 1 -2.958253682402849e-4 95162360 95162360 0
12 938 rs620463 10091508 1 2.9378854726164e-4 10091508 10091508 0
12 2015 rs1896614 20403211 1 2.928377288281272e-4 20403211 20403211 0
12 12134 rs208311 121604314 1 -2.922072660811876e-4 121604314 121604314 0
12 2280 rs117295320 21951107 1 -2.9019694615556616e-4 21951107 21951107 0
12 615 rs3136550 6552284 1 2.8958960232327425e-4 6552284 6552284 0
12 7325 rs7967428 72089040 1 2.889880859807955e-4 72089040 72089040 0
12 13167 rs7312745 131855990 1 2.8448975767787033e-4 131855990 131855990 0
12 3130 rs10450689 28794063 1 2.84393508769593e-4 28794063 28794063 0
12 3957 rs1375797 39435183 1 -2.83775630988802e-4 39435183 39435183 0
12 11415 rs2551390 114857358 1 -2.8373587014030103e-4 114857358 114857358 0
12 3077 rs10843104 28276626 1 -2.8327579070135816e-4 28276626 28276626 0
12 11897 rs10851033 119197995 1 2.812684976902402e-4 119197995 119197995 0
12 9716 rs9888425 98348900 1 -2.811366826818747e-4 98348900 98348900 0
12 4201 rs7302303 41183000 1 -2.806554609051036e-4 41183000 41183000 0
12 1041 rs7486108 10683329 1 -2.793982370178418e-4 10683329 10683329 0
12 2384 rs11046643 22991645 1 -2.789606715139879e-4 22991645 22991645 0
12 13026 rs10848032 130681300 1 2.779029176207557e-4 130681300 130681300 0
12 9490 rs17024981 96388052 1 -2.767291834778815e-4 96388052 96388052 0
12 10419 rs3812796 104995459 1 -2.7645291629335375e-4 104995459 104995459 0
12 1351 rs12369358 13616257 1 2.762871845165877e-4 13616257 13616257 0
12 4485 rs4590937 43071393 1 -2.7575009173762277e-4 43071393 43071393 0
12 11412 rs1946295 114802361 2 -2.750303551934909e-4 114802361 114802361 0
12 12872 rs11060202 129693530 1 2.7499661046618575e-4 129693530 129693530 0
12 1757 rs4385947 18421075 2 2.7477705887929486e-4 18421075 18421075 0
12 2375 rs7311822 22867619 1 -2.7477537553211853e-4 22867619 22867619 0
12 2101 rs7306033 21014178 1 2.7468501070938156e-4 21014178 21014178 0
12 5868 rs1106766 57809456 2 -2.7395728089703645e-4 57809456 57809456 0
12 9398 rs1362971 96075523 1 2.735793888544327e-4 96075523 96075523 0
12 11237 rs10850178 114039438 1 -2.7271897658166626e-4 114039438 114039438 0
12 9809 rs10431448 99521355 2 -2.726387408502611e-4 99521355 99521355 0
12 7702 rs310791 77449790 1 -2.69876294953244e-4 77449790 77449790 0
12 10851 rs2673743 108805152 1 -2.6968747498086725e-4 108805152 108805152 0
12 2390 rs978816 23016192 1 -2.696737676480234e-4 23016192 23016192 0
12 11794 rs7977174 117986709 1 -2.6837717014503726e-4 117986709 117986709 0
12 409 rs1860347 4845723 1 -2.672347125775851e-4 4845723 4845723 0
12 12630 rs10847264 127518105 1 -2.668741369555621e-4 127518105 127518105 0
12 9056 rs4619191 93265079 1 2.666686710362293e-4 93265079 93265079 0
12 1292 rs11832369 13296185 2 -2.6625409985049067e-4 13296185 13296185 0
12 3353 rs1979523 30267102 1 2.6584499685394395e-4 30267102 30267102 0
12 3969 rs4500524 39539609 1 -2.630677966322906e-4 39539609 39539609 0
12 805 ss1388091554 9142297 1 -2.612984932515417e-4 9142297 9142297 0
12 6723 rs4540902 67034328 1 2.610152439308612e-4 67034328 67034328 0
12 6996 rs10748128 69827658 1 -2.600052150504132e-4 69827658 69827658 0
12 6335 rs10877839 62818481 1 -2.5987457736216865e-4 62818481 62818481 0
12 4401 rs10880165 42195218 1 -2.5925389935533357e-4 42195218 42195218 0
12 1617 rs10846373 16667376 1 -2.586422830291212e-4 16667376 16667376 0
12 12003 rs7978341 120058092 1 2.579984022298903e-4 120058092 120058092 0
12 8169 rs6419403 82289038 1 2.555599268798842e-4 82289038 82289038 0
12 8564 rs10858469 87126108 2 -2.554198765435428e-4 87126108 87126108 0
12 8607 rs4442620 87807926 2 -2.5388349026631506e-4 87807926 87807926 0
12 850 ss1388098219 9384958 1 2.5363175540030127e-4 9384958 9384958 0
12 7150 rs12320360 70568238 1 2.5317452434241996e-4 70568238 70568238 0
12 12230 rs34292795 122864920 1 -2.530527086012935e-4 122864920 122864920 0
12 748 ss1388049414 7871112 1 2.5248376519649234e-4 7871112 7871112 0
12 10131 rs2033178 102847076 1 -2.50552547451445e-4 102847076 102847076 0
12 7549 rs12230392 75267565 1 -2.493368359624428e-4 75267565 75267565 0
12 253 rs645722 3356234 1 2.4892106134018357e-4 3356234 3356234 0
12 7605 rs7960787 76086784 1 2.4766478064405735e-4 76086784 76086784 0
12 8535 rs10779233 86469798 1 2.4728906809872304e-4 86469798 86469798 0
12 13007 rs1614534 130523027 1 2.451424310230272e-4 130523027 130523027 0
12 7627 rs874593 76230350 1 2.4422698449044484e-4 76230350 76230350 0
12 10326 rs17035144 104442529 1 -2.4345502743124348e-4 104442529 104442529 0
12 10606 rs10861499 106154088 1 -2.4313234934926245e-4 106154088 106154088 0
12 7525 rs1493796 74931349 1 -2.421167556535763e-4 74931349 74931349 0
12 11492 rs10774785 115389645 1 -2.4122843384821003e-4 115389645 115389645 0
12 3534 rs793176 31641592 1 -2.4091603150553024e-4 31641592 31641592 0
12 4141 rs11176706 40848113 1 -2.4071386492103644e-4 40848113 40848113 0
12 5183 rs11169552 51155663 1 -2.4019023924080917e-4 51155663 51155663 0
12 1373 rs1805482 13764774 1 -2.3992393157199523e-4 13764774 13764774 0
12 2647 rs17387019 25264259 2 2.3799548304748871e-4 25264259 25264259 0
12 451 rs4766312 5031590 1 2.3535995789904137e-4 5031590 5031590 0
12 11678 rs6490067 116837505 1 2.3506595884769033e-4 116837505 116837505 0
12 7201 rs2717418 70973596 1 -2.332004783211779e-4 70973596 70973596 0
12 13111 rs12826848 131472324 1 2.31226190614525e-4 131472324 131472324 0
12 12307 rs117037408 124298077 1 -2.312097512557637e-4 124298077 124298077 0
12 1281 rs1948063 13180854 1 2.308015218726472e-4 13180854 13180854 0
12 3830 rs4334118 33512136 1 2.305865522347876e-4 33512136 33512136 0
12 4665 rs4768570 45157077 1 -2.3043633066822751e-4 45157077 45157077 0
12 12049 rs17431357 120880434 1 2.291668808915695e-4 120880434 120880434 0
12 11874 rs2049128 119047482 1 2.288174775448089e-4 119047482 119047482 0
12 13210 rs7956521 131975369 1 -2.285995242701849e-4 131975369 131975369 0
12 12662 rs10444466 127917085 1 2.2856001885821568e-4 127917085 127917085 0
12 11715 rs10850694 117093237 1 2.2762129793036515e-4 117093237 117093237 0
12 3326 rs12818934 30112823 1 -2.2761911037999784e-4 30112823 30112823 0
12 9288 rs249184 95340146 1 2.265060587265428e-4 95340146 95340146 0
12 3281 rs7959334 29872794 1 2.2624888336519563e-4 29872794 29872794 0
12 10602 rs3741636 106135942 1 -2.2544704767576913e-4 106135942 106135942 0
12 7546 rs4882660 75231982 1 2.252685190986523e-4 75231982 75231982 0
12 6657 rs899844 66398933 1 -2.2154138279721375e-4 66398933 66398933 0
12 4626 rs1531402 44243739 1 -2.21094390543489e-4 44243739 44243739 0
12 4210 rs12810195 41234584 1 2.2056644858449223e-4 41234584 41234584 0
12 4205 rs1596518 41198144 1 -2.1948268673944825e-4 41198144 41198144 0
12 5304 rs6580870 52631313 2 2.1826169196981915e-4 52631313 52631313 0
12 1392 rs1075010 13918341 2 2.1673593216992135e-4 13918341 13918341 0
12 9239 rs7133845 94983624 1 2.1657275653437863e-4 94983624 94983624 0
12 4787 rs7960147 46751454 1 2.159985774883409e-4 46751454 46751454 0
12 1188 rs34143723 12303899 2 2.142538707279474e-4 12303899 12303899 0
12 1157 rs10845433 12126594 2 -2.1363167664038287e-4 12126594 12126594 0
12 381 rs1990316 4733056 1 -2.134543553326212e-4 4733056 4733056 0
12 3207 rs10843339 29332909 1 2.129167338756656e-4 29332909 29332909 0
12 7573 rs12822199 75458164 1 2.1048754876092703e-4 75458164 75458164 0
12 3035 rs9988960 27972350 1 -2.104730237225103e-4 27972350 27972350 0
12 12726 rs10744356 128554035 1 2.1022743089868872e-4 128554035 128554035 0
12 1154 rs3020811 12109775 1 2.096101376268424e-4 12109775 12109775 0
12 7976 rs1997401 80589275 1 -2.0846151394060167e-4 80589275 80589275 0
12 652 rs11064393 6899582 1 2.0798947852441853e-4 6899582 6899582 0
12 6289 rs348660 62455711 1 -2.0357407975934495e-4 62455711 62455711 0
12 3214 rs4931163 29347848 1 2.0338345276603724e-4 29347848 29347848 0
12 6917 rs6581824 68807832 2 -2.0314525742340904e-4 68807832 68807832 0
12 947 rs553104 10127344 2 2.0023616345880808e-4 10127344 10127344 0
12 3395 rs11050747 30407028 1 1.9813380189739752e-4 30407028 30407028 0
12 9829 rs11615348 99769192 1 1.9615020074414667e-4 99769192 99769192 0
12 2348 rs2268861 22389474 1 -1.948417252284944e-4 22389474 22389474 0
12 8981 rs381750 92716882 1 1.9311498497412205e-4 92716882 92716882 0
12 7017 rs12367514 70025487 1 1.9242417621376443e-4 70025487 70025487 0
12 10350 rs10778311 104658060 1 -1.9176231999705224e-4 104658060 104658060 0
12 11367 rs7971457 114615807 2 -1.9078415174090743e-4 114615807 114615807 0
12 4015 rs953824 40331774 1 -1.902995418452305e-4 40331774 40331774 0
12 4094 rs33958906 40707861 1 1.8957633353169884e-4 40707861 40707861 0
12 12889 rs7955012 129760066 1 -1.8825080283376997e-4 129760066 129760066 0
12 7875 rs7132010 78736694 1 -1.8791907363692115e-4 78736694 78736694 0
12 11459 rs4767259 115220964 1 1.8789264436791143e-4 115220964 115220964 0
12 11417 rs933743 114860057 1 -1.8756436875782376e-4 114860057 114860057 0
12 10640 rs1896364 106494345 1 1.8641944905971889e-4 106494345 106494345 0
12 277 rs10744620 3739094 1 1.856222017052112e-4 3739094 3739094 0
12 7608 rs10879962 76090404 1 1.838447177087116e-4 76090404 76090404 0
12 13153 rs10773860 131675350 1 1.8353021572494623e-4 131675350 131675350 0
12 11419 rs933741 114861719 1 -1.8263906472366632e-4 114861719 114861719 0
12 8594 rs10858583 87728443 1 1.8195534610427293e-4 87728443 87728443 0
12 11558 rs1616047 115732157 1 1.814794016123156e-4 115732157 115732157 0
12 11740 rs12301568 117527177 1 -1.8127278831555583e-4 117527177 117527177 0
12 5598 rs10876496 54176868 1 1.8121227917631367e-4 54176868 54176868 0
12 5570 rs1485394 53955485 1 -1.801860037541289e-4 53955485 53955485 0
12 10010 rs588567 101468352 1 1.7932281582268037e-4 101468352 101468352 0
12 2609 rs7964847 24959271 1 1.7885236448229543e-4 24959271 24959271 0
12 10281 rs10861116 104226032 1 1.787489647234719e-4 104226032 104226032 0
12 5389 rs2658662 52869016 1 -1.7841995026511275e-4 52869016 52869016 0
12 8459 rs4567513 85096749 1 -1.7796633092818443e-4 85096749 85096749 0
12 4812 rs180426 47173662 1 1.774378419525787e-4 47173662 47173662 0
12 6910 rs3741808 68724951 1 -1.772601197645259e-4 68724951 68724951 0
12 12786 rs7296262 129095072 1 1.7709481767286313e-4 129095072 129095072 0
12 1414 rs7297313 14008506 1 -1.7685199549519827e-4 14008506 14008506 0
12 12520 rs10847061 126565356 2 -1.7555647280381045e-4 126565356 126565356 0
12 977 rs10505753 10245720 1 1.7554594179152464e-4 10245720 10245720 0
12 2264 rs11046104 21678106 1 -1.7552872668275465e-4 21678106 21678106 0
12 200 rs2238096 2749913 1 -1.7449342402459358e-4 2749913 2749913 0
12 1427 rs219922 14101954 1 1.7422663616650273e-4 14101954 14101954 0
12 6111 rs17123206 60405103 1 1.732888672558057e-4 60405103 60405103 0
12 2957 rs71541528 27540204 1 -1.7144091555017262e-4 27540204 27540204 0
12 8160 rs11115026 82194099 1 -1.7086138912505302e-4 82194099 82194099 0
12 8701 rs17016443 89555117 1 -1.6947782540841495e-4 89555117 89555117 0
12 11628 rs10744864 116157873 1 1.6909494602208183e-4 116157873 116157873 0
12 5144 rs3741562 50529736 2 -1.6874101447708774e-4 50529736 50529736 0
12 5504 rs2307027 53204614 1 1.686276406226165e-4 53204614 53204614 0
12 12743 rs11059574 128682816 1 -1.6819384825888793e-4 128682816 128682816 0
12 12775 rs1401098 128884559 1 1.68189226439659e-4 128884559 128884559 0
12 6263 rs4763175 62269717 1 -1.6738933101832448e-4 62269717 62269717 0
12 969 rs6488244 10186284 1 1.673169776495072e-4 10186284 10186284 0
12 11800 rs11068551 118020115 1 -1.6702774765159383e-4 118020115 118020115 0
12 5412 rs143856828 52962167 1 -1.6570762937078272e-4 52962167 52962167 0
12 9267 rs17023366 95250098 1 1.652781749809942e-4 95250098 95250098 0
12 7288 rs10879274 71633978 1 1.645881160262878e-4 71633978 71633978 0
12 6495 rs7300256 64366408 1 -1.630910421063856e-4 64366408 64366408 0
12 2467 rs7954149 23777466 1 1.6302241537961853e-4 23777466 23777466 0
12 7286 rs1397560 71618791 1 1.6273051041015293e-4 71618791 71618791 0
12 12868 rs1486631 129660335 1 -1.6171778645964542e-4 129660335 129660335 0
12 12797 rs2398431 129248386 1 -1.6168053405288466e-4 129248386 129248386 0
12 8022 rs1920446 81063347 1 1.6150162185334693e-4 81063347 81063347 0
12 4047 rs10784356 40442976 1 -1.609457153702349e-4 40442976 40442976 0
12 12683 rs4761014 128230639 1 1.600484870885072e-4 128230639 128230639 0
12 13318 rs12320759 133754245 2 -1.5906609397466686e-4 133754245 133754245 0
12 13057 rs10773780 130899033 1 1.5836014852984437e-4 130899033 130899033 0
12 1613 rs1541588 16628774 1 -1.5718947394399943e-4 16628774 16628774 0
12 1533 rs10772851 15609365 1 -1.5682915727017148e-4 15609365 15609365 0
12 12115 rs2708104 121483949 1 -1.5607575380045265e-4 121483949 121483949 0
12 9528 rs7297965 96916254 1 1.5604665588750903e-4 96916254 96916254 0
12 2299 rs1914361 22045853 1 -1.5428177886185162e-4 22045853 22045853 0
12 5009 rs2054902 48724778 1 1.5336488722040022e-4 48724778 48724778 0
12 551 rs369900 5794219 1 1.5210797213404537e-4 5794219 5794219 0
12 9223 rs7139313 94942223 1 1.5198971597984377e-4 94942223 94942223 0
12 10440 rs7132905 105057478 1 1.511036877043011e-4 105057478 105057478 0
12 13102 rs1316893 131415831 2 -1.5004141753982531e-4 131415831 131415831 0
12 646 rs2178692 6836051 1 1.4989416527829943e-4 6836051 6836051 0
12 11146 rs233714 113046855 1 -1.4985556927764887e-4 113046855 113046855 0
12 7992 rs7311270 80840771 1 1.49285373497683e-4 80840771 80840771 0
12 9695 rs737585 98165739 2 1.492851378867204e-4 98165739 98165739 0
12 6798 rs1920435 67794873 1 1.4911571834655884e-4 67794873 67794873 0
12 9931 rs10492317 100899427 1 1.4894453443110622e-4 100899427 100899427 0
12 12420 rs7959530 125439806 1 -1.4854087622162532e-4 125439806 125439806 0
12 67 rs9804992 988894 1 -1.4850284620686847e-4 988894 988894 0
12 6711 rs7136159 66995764 2 -1.4824134136739124e-4 66995764 66995764 0
12 3782 rs4128506 33102575 1 -1.479427478372956e-4 33102575 33102575 0
12 7181 rs710658 70784711 2 1.4774755074609412e-4 70784711 70784711 0
12 1625 rs7298403 16844634 1 1.473061100213891e-4 16844634 16844634 0
12 9407 rs17288108 96131895 1 1.4673381672350945e-4 96131895 96131895 0
12 1742 rs4350414 18305108 1 -1.4565189081763098e-4 18305108 18305108 0
12 7112 rs10506576 70367339 1 -1.455073858827279e-4 70367339 70367339 0
12 12141 rs10774588 121652541 1 1.4468908393803798e-4 121652541 121652541 0
12 303 rs7306879 3880935 1 1.4389461213616992e-4 3880935 3880935 0
12 412 rs766505 4875334 1 1.4356780491345928e-4 4875334 4875334 0
12 6393 rs699585 63306132 1 1.4188448952822248e-4 63306132 63306132 0
12 4863 rs712100 47641187 1 1.41375883647496e-4 47641187 47641187 0
12 2025 rs7955516 20498036 1 -1.40417682980364e-4 20498036 20498036 0
12 10363 rs11112011 104757301 1 -1.3980263029643312e-4 104757301 104757301 0
12 13020 rs11060727 130623435 2 1.3921382894619043e-4 130623435 130623435 0
12 773 ss1388061777 8240017 1 1.3893237381456776e-4 8240017 8240017 0
12 537 rs4930766 5712164 1 1.3717037039357526e-4 5712164 5712164 0
12 1185 rs7980903 12291638 1 -1.3643591742330276e-4 12291638 12291638 0
12 3368 rs4931283 30334071 1 1.3535089368173664e-4 30334071 30334071 0
12 4879 rs7971524 47935320 2 1.3452300233702765e-4 47935320 47935320 0
12 853 ss1388098466 9393788 1 1.344948184093463e-4 9393788 9393788 0
12 2086 rs1588918 20928803 1 1.339691265989052e-4 20928803 20928803 0
12 1470 rs11609202 14959470 1 1.3319821975082356e-4 14959470 14959470 0
12 9747 rs1383127 98660014 1 -1.32218645521366e-4 98660014 98660014 0
12 11354 rs1920589 114562443 1 -1.318804971949319e-4 114562443 114562443 0
12 2404 rs11046763 23198526 1 -1.3108194183115204e-4 23198526 23198526 0
12 2564 rs16927632 24593822 1 -1.3015118096132785e-4 24593822 24593822 0
12 2842 rs7312147 26687654 1 -1.3000980692618225e-4 26687654 26687654 0
12 12525 rs976310 126575659 1 -1.2997624418841717e-4 126575659 126575659 0
12 8588 rs10506938 87308897 2 -1.2994980630838814e-4 87308897 87308897 0
12 6898 rs4913432 68664458 1 1.2984952044120302e-4 68664458 68664458 0
12 11840 rs10850957 118526648 1 1.2980279306815988e-4 118526648 118526648 0
12 11472 rs7137643 115291611 1 1.2976989327650378e-4 115291611 115291611 0
12 3570 rs11051621 31987426 1 -1.2942349240757935e-4 31987426 31987426 0
12 6644 rs11834900 66247051 1 -1.2817401921482198e-4 66247051 66247051 0
12 4221 rs7309734 41277943 1 -1.272603910713281e-4 41277943 41277943 0
12 10582 rs10507195 106067049 1 -1.2718240564383402e-4 106067049 106067049 0
12 10106 rs4764679 102315925 1 1.2602907964107894e-4 102315925 102315925 0
12 6288 rs348631 62447532 1 -1.2255049577532422e-4 62447532 62447532 0
12 11764 rs2077171 117756502 1 -1.219441742957282e-4 117756502 117756502 0
12 5971 rs7299020 59121881 1 1.1990336614282036e-4 59121881 59121881 0
12 11126 rs7304572 112525073 1 1.1934463898118132e-4 112525073 112525073 0
12 1279 rs1291357 13157922 1 -1.189464662677851e-4 13157922 13157922 0
12 12281 rs2458449 124053767 1 1.1850381859688188e-4 124053767 124053767 0
12 406 rs10774265 4816890 1 1.183197733807574e-4 4816890 4816890 0
12 2329 rs7955550 22267297 1 -1.1717136491928313e-4 22267297 22267297 0
12 6310 rs11174344 62535300 1 -1.1715874172482676e-4 62535300 62535300 0
12 4054 rs2708453 40478652 1 -1.1644824913711672e-4 40478652 40478652 0
12 12835 rs470579 129487124 1 1.151790281705695e-4 129487124 129487124 0
12 10225 rs4506750 103864665 1 1.141584035806648e-4 103864665 103864665 0
12 12999 rs1617236 130493840 1 1.1175790309298842e-4 130493840 130493840 0
12 2342 rs2268858 22366655 1 -1.1155447907497284e-4 22366655 22366655 0
12 2955 rs12300289 27536031 1 -1.10460213030976e-4 27536031 27536031 0
12 3723 rs17609576 32674645 1 -1.0966482468400762e-4 32674645 32674645 0
12 7211 rs2584021 71029733 1 -1.0904364921300682e-4 71029733 71029733 0
12 3574 rs4931576 32007106 1 -1.0803471968383372e-4 32007106 32007106 0
12 5081 rs12580931 49688057 1 -1.0772425031264896e-4 49688057 49688057 0
12 6832 rs1544681 68249369 1 1.0629955541971096e-4 68249369 68249369 0
12 7865 rs952367 78643490 1 1.058177097461766e-4 78643490 78643490 0
12 4057 rs12581285 40509341 2 1.0440477529200931e-4 40509341 40509341 0
12 8261 rs11115492 83322071 2 1.0422950786674622e-4 83322071 83322071 0
12 10630 rs980535 106388534 1 -1.0402098636048882e-4 106388534 106388534 0
12 60 rs1563619 832925 1 1.0384764998102134e-4 832925 832925 0
12 12149 rs3794207 121686078 1 -1.031518569119904e-4 121686078 121686078 0
12 13071 rs7307029 131057666 1 -1.0294752499060871e-4 131057666 131057666 0
12 1052 rs10845203 10848364 1 -1.0285752979686696e-4 10848364 10848364 0
12 8425 rs7301862 84674358 1 -1.0253608541019372e-4 84674358 84674358 0
12 7148 rs4761177 70564384 1 -1.0245297437336652e-4 70564384 70564384 0
12 12979 rs11060565 130291700 1 -1.0189148804610088e-4 130291700 130291700 0
12 3813 rs10506104 33278996 1 -1.0167329382114303e-4 33278996 33278996 0
12 6942 rs1470383 69207162 1 1.0125728210828196e-4 69207162 69207162 0
12 3827 rs7298455 33484385 1 1.0115058313665168e-4 33484385 33484385 0
12 1697 rs10219728 17639821 1 -1.0109627559461414e-4 17639821 17639821 0
12 6295 rs1146077 62483409 2 -1.0075528696951608e-4 62483409 62483409 0
12 2175 rs4149081 21378021 1 -1.0048943732506123e-4 21378021 21378021 0
12 12642 rs10847300 127709389 1 -1.0038144039378596e-4 127709389 127709389 0
12 7313 rs2304274 71950749 1 9.99695789751014e-5 71950749 71950749 0
12 12618 rs11058897 127481236 1 9.985655427849628e-5 127481236 127481236 0
12 10268 rs954921 104173630 1 9.973189063389384e-5 104173630 104173630 0
12 8914 rs7303800 91804510 1 9.934242441169651e-5 91804510 91804510 0
12 11994 rs2711746 120001334 2 -9.879123668964213e-5 120001334 120001334 0
12 10208 rs12309358 103740464 1 9.82193880060298e-5 103740464 103740464 0
12 741 ss1388047644 7815437 1 9.814887310213825e-5 7815437 7815437 0
12 578 rs2070887 6093952 1 -9.747505849428058e-5 6093952 6093952 0
12 3334 rs1909154 30153844 1 -9.726903701982978e-5 30153844 30153844 0
12 7467 rs67037645 74246294 2 9.63625758833253e-5 74246294 74246294 0
12 4922 rs7136534 48294626 1 -9.616617113732043e-5 48294626 48294626 0
12 11880 rs1520783 119083566 1 9.606668888880583e-5 119083566 119083566 0
12 8984 rs408260 92772307 1 -9.553505756919396e-5 92772307 92772307 0
12 11718 rs11068157 117147566 1 9.47063056767563e-5 117147566 117147566 0
12 6665 rs1921083 66506631 1 9.38345791342201e-5 66506631 66506631 0
12 2673 rs11047994 25548331 1 -9.373024809092768e-5 25548331 25548331 0
12 4874 rs2521979 47814159 1 9.357518660125578e-5 47814159 47814159 0
12 7904 rs12372696 79024724 1 9.337925439716706e-5 79024724 79024724 0
12 940 rs547389 10092173 2 9.287484873229204e-5 10092173 10092173 0
12 7542 rs7973014 75169675 1 -9.269915025394447e-5 75169675 75169675 0
12 1074 rs4281556 11032045 1 -9.197355447246696e-5 11032045 11032045 0
12 3083 rs10771410 28307204 1 9.093291973053802e-5 28307204 28307204 0
12 12604 rs1166248 127382533 1 -9.044002493832037e-5 127382533 127382533 0
12 2287 rs1283817 21984970 1 8.957424313596742e-5 21984970 21984970 0
12 10111 rs3751130 102350785 1 8.755937938395853e-5 102350785 102350785 0
12 1534 rs7953019 15621416 1 -8.699724006682718e-5 15621416 15621416 0
12 6934 rs7962663 69133950 1 -8.684358839676483e-5 69133950 69133950 0
12 10826 rs7958842 108663799 1 8.681357752628425e-5 108663799 108663799 0
12 523 rs2052355 5576943 1 8.563875224598169e-5 5576943 5576943 0
12 206 rs2302727 2774601 1 -8.381233494332091e-5 2774601 2774601 0
12 9135 rs10437877 94158023 1 8.341571586622664e-5 94158023 94158023 0
12 9943 rs6538968 101089055 1 8.326425442333413e-5 101089055 101089055 0
12 13296 rs2291260 133357412 1 -8.208536759958536e-5 133357412 133357412 0
12 3374 rs729290 30334886 1 -8.067059818262335e-5 30334886 30334886 0
12 13246 rs12227924 132272725 1 8.064734566887878e-5 132272725 132272725 0
12 5186 rs1344958 51197717 1 -8.058539170777458e-5 51197717 51197717 0
12 12080 rs3213568 121222496 1 -8.036926762868374e-5 121222496 121222496 0
12 1934 rs11044699 19727962 1 7.986688479129794e-5 19727962 19727962 0
12 11191 rs10774679 113374748 1 -7.984510283436417e-5 113374748 113374748 0
12 10821 rs1593519 108614046 1 -7.955769062393301e-5 108614046 108614046 0
12 6338 rs7308021 62859420 1 -7.891112547252105e-5 62859420 62859420 0
12 2383 rs2466966 22988849 1 -7.817967161211949e-5 22988849 22988849 0
12 10769 rs17757562 107987125 1 -7.785379769980953e-5 107987125 107987125 0
12 1438 rs10845925 14368740 1 7.765557807888897e-5 14368740 14368740 0
12 7615 rs1873985 76166960 1 7.732126598528909e-5 76166960 76166960 0
12 6404 rs1273109 63411765 1 7.696639305653104e-5 63411765 63411765 0
12 1905 rs6486945 19418588 1 -7.55603917281264e-5 19418588 19418588 0
12 12740 rs10847554 128659722 1 -7.511412859652439e-5 128659722 128659722 0
12 5428 rs117715179 52984730 1 -7.389645569163068e-5 52984730 52984730 0
12 4860 rs214711 47618366 2 7.23128152232528e-5 47618366 47618366 0
12 8432 rs17041890 84834124 1 7.216832246374224e-5 84834124 84834124 0
12 13103 rs1316894 131415897 1 7.160191166144132e-5 131415897 131415897 0
12 9991 rs6538974 101347996 2 7.149131285232433e-5 101347996 101347996 0
12 5000 rs2732487 48686741 2 -7.101084422966389e-5 48686741 48686741 0
12 2386 rs7137690 22993265 1 7.083713212332598e-5 22993265 22993265 0
12 909 ss1388113899 9929679 1 6.996828962531216e-5 9929679 9929679 0
12 13288 rs5744751 133253995 1 -6.945998731763578e-5 133253995 133253995 0
12 847 ss1388097948 9376649 1 6.865134495244976e-5 9376649 9376649 0
12 178 rs1009281 2528984 1 -6.818154053563757e-5 2528984 2528984 0
12 416 rs2239503 4921228 1 6.793670686793515e-5 4921228 4921228 0
12 6842 rs7959346 68287907 1 -6.732805237548359e-5 68287907 68287907 0
12 13253 rs148078602 132466836 1 6.720496372049813e-5 132466836 132466836 0
12 556 rs4930793 5818634 1 6.694583263626231e-5 5818634 5818634 0
12 11280 rs734148 114206142 1 6.531543636395646e-5 114206142 114206142 0
12 4678 rs1039669 45313082 1 6.451696456852289e-5 45313082 45313082 0
12 10399 rs1704917 104939114 1 -6.409110110853548e-5 104939114 104939114 0
12 1817 rs596132 18807001 1 6.372747544828188e-5 18807001 18807001 0
12 6160 rs2620870 61386860 1 -6.353916304317007e-5 61386860 61386860 0
12 9181 rs3847799 94545898 1 6.334771658210166e-5 94545898 94545898 0
12 7565 rs1609026 75413126 1 -6.302698345737603e-5 75413126 75413126 0
12 9308 rs4923649 95391385 1 6.28954004059778e-5 95391385 95391385 0
12 8965 rs709220 92528027 1 6.248653166374575e-5 92528027 92528027 0
12 11708 rs11837475 117058193 1 -6.207003465706225e-5 117058193 117058193 0
12 8532 rs7979846 86446561 1 6.0825820115097186e-5 86446561 86446561 0
12 12774 rs4882754 128874101 1 6.004525954142949e-5 128874101 128874101 0
12 1702 rs10840737 17675566 1 6.001631689981086e-5 17675566 17675566 0
12 4622 rs55944915 44177511 1 -5.9988992521241595e-5 44177511 44177511 0
12 4828 rs4768760 47237464 1 5.9774093086603205e-5 47237464 47237464 0
12 6809 rs7300678 67992142 1 -5.7838285570677834e-5 67992142 67992142 0
12 8648 rs11104738 88500847 2 -5.7479876238455e-5 88500847 88500847 0
12 2385 rs2433642 22992541 1 5.7389161443007104e-5 22992541 22992541 0
12 2949 rs4964053 27501679 1 -5.724595771853837e-5 27501679 27501679 0
12 9704 rs11109219 98190477 1 -5.6563833614189085e-5 98190477 98190477 0
12 5391 rs4761907 52880097 1 5.649149975099993e-5 52880097 52880097 0
12 10919 rs34263 109552849 1 -5.561049861195644e-5 109552849 109552849 0
12 12173 rs2466145 122150383 1 5.507289281113541e-5 122150383 122150383 0
12 531 rs7488009 5645811 1 -5.387473566887192e-5 5645811 5645811 0
12 11978 rs4453294 119840837 1 5.317211541263168e-5 119840837 119840837 0
12 11239 rs10850182 114058640 1 5.2409291272212213e-5 114058640 114058640 0
12 3298 rs16934976 29999299 1 -5.169597106034202e-5 29999299 29999299 0
12 4001 rs11612814 40302599 1 5.113836846967297e-5 40302599 40302599 0
12 10243 rs1677979 104027585 2 5.058580267109451e-5 104027585 104027585 0
12 11927 rs4238058 119385260 1 4.9513950686252145e-5 119385260 119385260 0
12 918 rs7313141 10022148 1 4.831773447005163e-5 10022148 10022148 0
12 2780 rs12827659 26345206 1 -4.6465600737564115e-5 26345206 26345206 0
12 10802 rs2077857 108418307 1 -4.599379808019332e-5 108418307 108418307 0
12 11449 rs6489972 115154891 1 -4.506910011167761e-5 115154891 115154891 0
12 1729 rs1526579 18186262 1 -4.4877393701992405e-5 18186262 18186262 0
12 2599 rs4963783 24862631 1 -4.423835709125067e-5 24862631 24862631 0
12 11428 rs838327 114939288 1 4.319899849431157e-5 114939288 114939288 0
12 8928 rs10735288 92026262 1 -4.31121276861708e-5 92026262 92026262 0
12 2103 rs4149126 21017036 1 -4.268476771945652e-5 21017036 21017036 0
12 4669 rs7295947 45168910 1 -4.2463298276281824e-5 45168910 45168910 0
12 10244 rs1993919 104027817 1 4.102166786096736e-5 104027817 104027817 0
12 9067 rs3825179 93413041 1 4.09705360878146e-5 93413041 93413041 0
12 2659 rs10842526 25447753 2 -4.0732716196018373e-05 25447753 25447753 0
12 3328 rs10843576 30114379 1 -4.0606057648618976e-5 30114379 30114379 0
12 12177 rs61751318 122217507 1 -4.0404724839036945e-5 122217507 122217507 0
12 9436 rs7306887 96237095 1 -3.923165414306928e-5 96237095 96237095 0
12 13171 rs7485772 131865266 1 3.8608252257419834e-5 131865266 131865266 0
12 2067 rs6487132 20834289 1 -3.798107363807474e-5 20834289 20834289 0
12 6989 rs17106529 69804612 1 3.750037402593486e-5 69804612 69804612 0
12 1196 rs1074992 12434195 1 -3.619842925492224e-5 12434195 12434195 0
12 931 rs594537 10073814 1 3.607041625132085e-5 10073814 10073814 0
12 8365 rs7307897 84155936 1 -3.580072644551175e-5 84155936 84155936 0
12 10087 rs7965541 102120289 1 3.5654854638855035e-5 102120289 102120289 0
12 5218 rs17125418 51530962 1 3.545421194304153e-5 51530962 51530962 0
12 13110 rs61732860 131471699 1 3.4748804552371726e-5 131471699 131471699 0
12 10423 rs10861257 105012542 1 -3.411117362571275e-5 105012542 105012542 0
12 6707 rs7975411 66981271 1 3.362749851775841e-5 66981271 66981271 0
12 5588 rs1976935 54094036 2 3.293317413271819e-5 54094036 54094036 0
12 104 rs10773958 1650097 1 -3.2876396993716473e-5 1650097 1650097 0
12 1632 rs10846440 16969359 1 -3.27839606152111e-5 16969359 16969359 0
12 10030 rs7963319 101645966 1 -3.0654149351570555e-5 101645966 101645966 0
12 6880 rs10878771 68575766 1 -2.957039150957281e-5 68575766 68575766 0
12 9425 rs17289784 96196642 1 2.839474330553103e-5 96196642 96196642 0
12 530 rs1558779 5644265 2 -2.784459410041299e-5 5644265 5644265 0
12 159 rs6489348 2208215 1 -2.7354227321787387e-5 2208215 2208215 0
12 6159 rs2620868 61370770 2 2.7054520836075537e-5 61370770 61370770 0
12 1485 rs10772817 15073645 1 2.691784841487046e-5 15073645 15073645 0
12 2198 rs41275202 21422065 1 -2.6865849717562583e-5 21422065 21422065 0
12 7940 rs1245765 79777291 1 -2.6650389190944995e-5 79777291 79777291 0
12 12671 rs1967060 128071611 1 2.6445145380681792e-5 128071611 128071611 0
12 12769 rs1872541 128788170 1 -2.6041395388372932e-05 128788170 128788170 0
12 732 ss1388046280 7773839 1 2.4970678759742076e-5 7773839 7773839 0
12 6994 rs7975848 69811247 2 -2.4892411075813517e-5 69811247 69811247 0
12 4953 rs17122565 48412410 1 2.450637787614052e-5 48412410 48412410 0
12 3909 rs7961495 38843441 2 2.4370404339013726e-5 38843441 38843441 0
12 11526 rs35360 115605004 1 2.4112742857479593e-5 115605004 115605004 0
12 12085 rs11065286 121271734 1 2.405199772521745e-5 121271734 121271734 0
12 3020 rs10842952 27767913 1 -2.3855267882629952e-5 27767913 27767913 0
12 9579 rs995428 97476216 1 2.3618982050624197e-5 97476216 97476216 0
12 10327 rs17035146 104442938 1 -2.2797032273988036e-5 104442938 104442938 0
12 9846 rs10860447 99890240 1 -2.2139023353194588e-5 99890240 99890240 0
12 10172 rs12580432 103238017 1 2.1932802150425736e-5 103238017 103238017 0
12 7629 rs12426679 76237987 1 2.16822656313722e-5 76237987 76237987 0
12 12268 rs1106240 123626982 1 2.0200428931050552e-5 123626982 123626982 0
12 10303 rs812498 104354799 1 -1.9426657636879537e-5 104354799 104354799 0
12 5901 rs703842 58162739 1 1.9423645395286673e-5 58162739 58162739 0
12 10171 rs2242381 103237160 1 1.9294524803405528e-5 103237160 103237160 0
12 10227 rs2888731 103866354 1 1.880582182058805e-5 103866354 103866354 0
12 1331 rs1870205 13510504 1 -1.8065114324513e-5 13510504 13510504 0
12 21 rs12303118 415056 1 1.7563797993890745e-5 415056 415056 0
12 4481 rs4480597 43066023 1 1.7016173295852336e-5 43066023 43066023 0
12 2082 rs10444412 20905990 1 -1.5981049076341788e-5 20905990 20905990 0
12 3089 rs2169754 28340645 2 1.5791515973260115e-5 28340645 28340645 0
12 11168 rs929280 113222489 1 1.556984818816439e-5 113222489 113222489 0
12 2608 rs11047647 24959039 1 -1.553887699728478e-5 24959039 24959039 0
12 9229 rs7955502 94949997 1 1.550571864236349e-5 94949997 94949997 0
12 11132 rs10161290 112718198 1 -1.530868664077653e-5 112718198 112718198 0
12 2406 rs12228181 23200441 1 -1.5189570151983397e-5 23200441 23200441 0
12 7668 rs10777160 76650456 1 -1.300413157353751e-5 76650456 76650456 0
12 4806 rs11183592 47139899 2 1.1362022703827427e-5 47139899 47139899 0
12 11475 rs2162530 115299861 1 -1.097332734440014e-5 115299861 115299861 0
12 4483 rs6582413 43068050 1 1.0592767895991924e-5 43068050 43068050 0
12 585 rs216321 6143984 1 1.0170956631892507e-5 6143984 6143984 0
12 4013 rs11174362 40328301 1 -9.376761403489413e-6 40328301 40328301 0
12 13287 rs10870483 133220670 1 -9.21031476588449e-6 133220670 133220670 0
12 7224 rs7958456 71173080 1 -8.930012852542743e-6 71173080 71173080 0
12 11185 rs4766672 113365148 1 8.602063477146126e-6 113365148 113365148 0
12 12356 rs7976444 124744315 1 8.256273224668725e-6 124744315 124744315 0
12 10536 rs10746034 105827413 1 -7.939409870903427e-6 105827413 105827413 0
12 3963 rs871915 39499052 1 7.925066250141684e-6 39499052 39499052 0
12 11679 rs11068016 116838806 1 -7.481358099068486e-6 116838806 116838806 0
12 12967 rs7977471 130204720 1 -7.404458602821933e-6 130204720 130204720 0
12 3370 rs7310980 30334502 1 -7.278812818072203e-6 30334502 30334502 0
12 11539 rs6490011 115643734 1 -6.436959885444756e-6 115643734 115643734 0
12 10538 rs1347100 105842283 1 6.31477472413574e-6 105842283 105842283 0
12 12348 rs4514520 124708569 1 -4.817970461911594e-6 124708569 124708569 0
12 1310 rs1107321 13409299 1 -4.62464429795579e-6 13409299 13409299 0
12 11957 rs7485049 119605598 1 -4.527320821176855e-6 119605598 119605598 0
12 12267 rs1727307 123575742 1 4.1726298475637445e-6 123575742 123575742 0
12 6670 rs10506480 66540661 1 4.1159174946239685e-6 66540661 66540661 0
12 4767 rs12822012 46538557 1 -3.3720447620322076e-6 46538557 46538557 0
12 1372 rs888150 13745044 1 -2.7101477308719055e-6 13745044 13745044 0
12 12670 rs1683614 128070724 1 2.5359448463774866e-6 128070724 128070724 0
12 7177 rs11514302 70771661 1 1.1241181661097543e-6 70771661 70771661 0
12 9929 rs7304328 100887301 1 4.530307663628321e-7 100887301 100887301 0
12 12790 rs11059824 129165051 1 3.214379188177846e-15 129165051 129165051 0
12 7452 rs11179746 74090270 1 2.9046487324803288e-15 74090270 74090270 0
12 3242 rs1436320 29565814 1 9.457869561388951e-16 29565814 29565814 0
12 5674 rs11829986 55314829 1 6.251069635037876e-16 55314829 55314829 0
12 6845 rs2908764 68312016 1 4.3341985207022313e-16 68312016 68312016 0
12 6719 rs4486703 67017230 1 2.932080229663788e-16 67017230 67017230 0
12 1818 rs578947 18807331 1 2.230887305496831e-16 18807331 18807331 0
12 5305 rs1902768 52631607 1 1.91410732121525e-16 52631607 52631607 0
12 10121 rs7138106 102617138 1 1.32172820048219e-16 102617138 102617138 0
12 887 ss1388110388 9813414 1 7.649564001011505e-17 9813414 9813414 0
12 31 rs11063252 601584 1 1.8568773943851318e-17 601584 601584 0
12 12619 rs11058900 127481468 1 1.1512687365506854e-17 127481468 127481468 0
