CHR Group SNP.lead BP.lead Size W BP.min BP.max BP.width
8 13909 rs3958181 134638258 1 0.03323295156846034 134638258 134638258 0
8 14853 rs878421 142328020 1 0.03086587338553192 142328020 142328020 0
8 3157 rs10110600 18444535 1 0.03043247606533776 18444535 18444535 0
8 12175 rs10505343 119580807 1 0.02973326552045096 119580807 119580807 0
8 12642 rs7159 124027628 1 0.02933184494377564 124027628 124027628 0
8 12167 rs4876412 119427392 1 0.02632206138470072 119427392 119427392 0
8 13221 rs11997192 129218127 1 0.02628878711548887 129218127 129218127 0
8 8652 rs1966115 79556891 1 0.02566841265704963 79556891 79556891 0
8 6856 rs10957150 61512060 1 0.02492520630270544 61512060 61512060 0
8 10720 rs2436889 103576658 1 0.02313090569933534 103576658 103576658 0
8 9663 rs7459577 91097706 2 -0.02285898950013258 91097706 91097706 0
8 220 rs997378 1843091 1 0.02146245880453883 1843091 1843091 0
8 8717 rs16906530 80046610 1 0.02101230473324299 80046610 80046610 0
8 8861 rs4480065 82032183 1 -0.01726904879875867 82032183 82032183 0
8 3725 rs11781095 22601787 2 0.01721446932023409 22601787 22601787 0
8 3812 rs1010848 23351759 2 -0.01673944774045673 23351759 23351759 0
8 13214 rs2019960 129192271 1 0.01568433766132892 129192271 129192271 0
8 2050 rs7822459 13402465 2 0.01544676287296518 13402465 13402465 0
8 10106 rs730820 96230428 1 0.01519925975846525 96230428 96230428 0
8 2953 rs537700 17759924 1 0.01505750221086898 17759924 17759924 0
8 10500 rs7832617 101525085 1 0.01498423559437999 101525085 101525085 0
8 3262 rs1915418 19093006 1 0.01481901478776042 19093006 19093006 0
8 8827 rs10095139 81397268 1 0.01452982888305637 81397268 81397268 0
8 13149 rs7840975 128705161 2 -0.01379153209716345 128705161 128705161 0
8 8421 rs1464093 76474058 1 0.0136742019431011 76474058 76474058 0
8 808 rs1983474 4403586 2 -0.01354303121798386 4403586 4403586 0
8 14567 rs4301456 139642327 1 -0.01326687809088895 139642327 139642327 0
8 12115 rs11562721 119081993 1 -0.01326263720920215 119081993 119081993 0
8 10961 rs9886642 106022458 1 0.01319485329376204 106022458 106022458 0
8 1473 rs1016512 8881820 1 0.01305113569353565 8881820 8881820 0
8 10410 rs10955157 99227157 1 0.0128776592849189 99227157 99227157 0
8 12607 rs10086964 123543258 1 -0.01279922780748219 123543258 123543258 0
8 4965 rs2676407 33322505 1 -0.0127781443321278 33322505 33322505 0
8 218 rs7014895 1832844 1 -0.01242312356057934 1832844 1832844 0
8 15040 rs10866910 144420930 1 0.0123236345369176 144420930 144420930 0
8 13041 rs6470466 127739184 2 -0.01223946302232873 127739184 127739184 0
8 7737 rs7822729 70838395 1 0.01205251408617897 70838395 70838395 0
8 1529 rs4361767 9217449 1 -0.01168855368414133 9217449 9217449 0
8 12486 rs13267240 122330471 2 0.01168542083102541 122330471 122330471 0
8 1886 rs9644758 11818364 2 0.01159084360690184 11818364 11818364 0
8 6455 rs1396115 57874064 1 -0.01147666580035295 57874064 57874064 0
8 13612 rs4736476 132489214 1 0.0114676230919084 132489214 132489214 0
8 8732 rs10504700 80202384 1 0.01126839197471146 80202384 80202384 0
8 8184 rs12549456 74455870 1 0.01100748687257962 74455870 74455870 0
8 4381 rs3103908 27549421 1 -0.01075351925661549 27549421 27549421 0
8 4318 rs2163177 27323860 1 -0.01074868091705522 27323860 27323860 0
8 5952 rs9785150 52964522 1 -0.01062829284387783 52964522 52964522 0
8 8185 rs6991770 74459295 1 -0.01038664924511448 74459295 74459295 0
8 11429 rs973815 111056336 1 0.01036074106233071 111056336 111056336 0
8 4721 rs4733242 31148512 2 0.01035917814394803 31148512 31148512 0
8 3719 rs4872524 22489537 1 0.01030349953068008 22489537 22489537 0
8 9619 rs7824985 90624692 1 -0.01029429529337795 90624692 90624692 0
8 8969 rs988664 83329097 2 -0.01022162265402481 83329097 83329097 0
8 13400 rs16904143 130702811 1 0.01020875722429053 130702811 130702811 0
8 3892 rs7845836 23932243 1 0.01011174710757211 23932243 23932243 0
8 6985 rs7824857 62735692 1 -0.01003582287436614 62735692 62735692 0
8 473 rs1161531 3261483 1 -0.01001540043559903 3261483 3261483 0
8 14595 rs2292927 139838912 1 0.0100089626722572 139838912 139838912 0
8 14804 rs2293939 141551407 1 0.00997416920743028 141551407 141551407 0
8 15088 rs6599528 145603114 1 0.00994107789734935 145603114 145603114 0
8 5507 rs4736943 41064077 1 -0.0099005046273342 41064077 41064077 0
8 11024 rs7845449 106715767 1 -0.00988498580950761 106715767 106715767 0
8 6750 rs10103231 60413073 1 0.0098585884066484 60413073 60413073 0
8 13099 rs2456449 128192981 1 0.00985478144483536 128192981 128192981 0
8 10953 rs3134467 105979256 1 0.00967828258195145 105979256 105979256 0
8 13170 rs4733809 128989292 1 0.00957102758245668 128989292 128989292 0
8 2787 rs9644663 17073919 2 -0.00951480040653519 17073919 17073919 0
8 10110 rs2165498 96263909 1 -0.00938002540773825 96263909 96263909 0
8 4653 rs9642710 30218245 1 -0.00935809771414741 30218245 30218245 0
8 12209 rs1032128 119951773 1 0.00922439159501029 119951773 119951773 0
8 13003 rs6990457 127293085 2 0.00920414629782631 127293085 127293085 0
8 13608 rs7000465 132355894 1 0.00918387846787217 132355894 132355894 0
8 13299 rs6997983 129748718 1 -0.00898816189003567 129748718 129748718 0
8 4140 rs3779916 26250906 2 -0.00883799878835778 26250906 26250906 0
8 1221 rs1550697 6266774 1 0.00858800023325356 6266774 6266774 0
8 2104 rs17117434 13625816 1 0.00854940965586351 13625816 13625816 0
8 3882 rs17784945 23691273 1 0.00854418260520248 23691273 23691273 0
8 2762 rs1615196 16843277 1 0.00852211198063358 16843277 16843277 0
8 3192 rs12676642 18637208 1 -0.0084191723652253 18637208 18637208 0
8 767 rs10091031 4190180 1 0.00841533180089871 4190180 4190180 0
8 13321 rs16903937 129987132 1 0.00825149919886895 129987132 129987132 0
8 10112 rs10956944 96282926 1 -0.00822846179861248 96282926 96282926 0
8 3442 rs7835387 20150536 1 0.00811853874833761 20150536 20150536 0
8 744 rs7822226 4091132 2 0.00810650693183276 4091132 4091132 0
8 4356 rs10503814 27454575 1 0.00807766967256541 27454575 27454575 0
8 14530 rs6577902 139263840 1 0.00804591671565615 139263840 139263840 0
8 5859 rs117864200 52323908 1 -0.00798654007886145 52323908 52323908 0
8 5146 rs7814362 36496796 1 0.00784563451631722 36496796 36496796 0
8 13190 rs13250078 129070428 1 0.00769650239498696 129070428 129070428 0
8 3510 rs13260745 20564192 1 -0.00762426365263783 20564192 20564192 0
8 8256 rs13263313 75225381 1 0.00740820009457194 75225381 75225381 0
8 1751 rs6990589 10702534 2 -0.00740331257533385 10702534 10702534 0
8 11516 rs17524343 112764621 1 0.00739813698838852 112764621 112764621 0
8 6745 rs6471780 60250245 1 0.00734186523435218 60250245 60250245 0
8 6648 rs8192872 59411967 1 -0.00733403143004778 59411967 59411967 0
8 2808 rs4921542 17205577 1 -0.00722204943288708 17205577 17205577 0
8 1278 rs13256011 6487331 2 -0.00715778838409888 6487331 6487331 0
8 10425 rs4476980 99374659 1 0.00710985122129714 99374659 99374659 0
8 14761 rs6999707 140963102 1 0.0071075410004335 140963102 140963102 0
8 7928 rs958898 72907897 1 0.00708248521808086 72907897 72907897 0
8 9056 rs16911067 83762709 1 0.00695025744038486 83762709 83762709 0
8 4985 rs4733166 33571496 1 0.00690683700377246 33571496 33571496 0
8 10535 rs4734487 101862313 1 0.00689069770894505 101862313 101862313 0
8 13215 rs2909239 129192349 1 0.00689024863313991 129192349 129192349 0
8 8813 rs6473219 81245003 1 0.00681590196994455 81245003 81245003 0
8 2793 rs11991741 17111633 1 0.00681262456269439 17111633 17111633 0
8 4921 rs6992642 32624387 2 -0.00679860130113248 32624387 32624387 0
8 1835 rs2248334 11514071 2 0.00678765069359568 11514071 11514071 0
8 13891 rs7830798 134609410 1 -0.00678403487611567 134609410 134609410 0
8 3513 rs2616231 20569247 1 0.00674131835260552 20569247 20569247 0
8 7183 rs7821895 63984768 1 0.00667652988480328 63984768 63984768 0
8 5460 rs4073158 40601023 1 -0.00659791598473006 40601023 40601023 0
8 5793 rs2128001 51461513 2 0.00659301208323201 51461513 51461513 0
8 12998 rs4599775 127267251 1 0.00656787441117673 127267251 127267251 0
8 10172 rs13253287 96771076 1 0.00656086289471276 96771076 96771076 0
8 1608 rs6983566 9931941 2 0.00655088946359876 9931941 9931941 0
8 2636 rs10503561 15798908 1 -0.00648287596413998 15798908 15798908 0
8 10145 rs6471541 96528845 2 -0.00645312973221762 96528845 96528845 0
8 3878 rs12678365 23678000 1 0.00636329318016229 23678000 23678000 0
8 13956 rs13267601 135021967 1 0.00632777325935625 135021967 135021967 0
8 12488 rs13255877 122359138 1 -0.00632176006581626 122359138 122359138 0
8 5209 rs7463174 37635649 2 0.00624199628917787 37635649 37635649 0
8 6563 rs7006812 58928607 1 0.00618278728086709 58928607 58928607 0
8 6046 rs7007275 54106610 1 -0.00614297341484328 54106610 54106610 0
8 4658 rs2979481 30262786 1 0.00613474192416507 30262786 30262786 0
8 12031 rs1695693 118325941 1 0.00611835665997223 118325941 118325941 0
8 3114 rs2410561 18266774 1 0.00611457609611971 18266774 18266774 0
8 4984 rs12056870 33566756 1 0.00608909439035618 33566756 33566756 0
8 6260 rs4478549 56181259 1 0.00608205902344577 56181259 56181259 0
8 12593 rs4397408 123434634 1 -0.00605768229217022 123434634 123434634 0
8 1325 rs7834209 6919748 2 0.00597670205003011 6919748 6919748 0
8 8073 rs10099670 73748305 1 -0.00596015370428458 73748305 73748305 0
8 12303 rs13268676 120795607 1 0.00592571626560261 120795607 120795607 0
8 6785 rs1467300 61000576 1 0.00592051715327095 61000576 61000576 0
8 3182 rs7018263 18554698 2 -0.00586329008525846 18554698 18554698 0
8 7911 rs6994325 72764061 2 0.00581479192186971 72764061 72764061 0
8 6018 rs10095724 53739232 2 -0.00579384596756188 53739232 53739232 0
8 4585 rs4295704 29395511 1 -0.00577613913955888 29395511 29395511 0
8 5976 rs6981742 53287893 1 0.00577179337992874 53287893 53287893 0
8 14769 rs6981165 140982636 1 -0.00574608139932331 140982636 140982636 0
8 3119 rs4921914 18272438 1 0.00570205999804352 18272438 18272438 0
8 2244 rs7841037 14331869 2 -0.00564841224335961 14331869 14331869 0
8 2688 rs17677666 16066481 1 -0.00564175672866208 16066481 16066481 0
8 4144 rs328076 26328656 1 0.00562630096621086 26328656 26328656 0
8 813 rs17070660 4438543 1 -0.00559899082906051 4438543 4438543 0
8 4411 rs4545048 27749840 1 -0.00559364106630833 27749840 27749840 0
8 2346 rs4596659 14695745 2 0.0055924217689799 14695745 14695745 0
8 11976 rs2289937 117873811 2 -0.00557212901058507 117873811 117873811 0
8 168 rs4876086 1483050 2 -0.00556996380175947 1483050 1483050 0
8 13143 rs7841193 128677531 1 0.00555633139551864 128677531 128677531 0
8 13332 rs7813493 130208039 1 0.00549334219772139 130208039 130208039 0
8 3239 rs334213 18910834 1 0.00549281271311887 18910834 18910834 0
8 160 rs740238 1356420 2 0.00547473807737096 1356420 1356420 0
8 10499 rs6468723 101524955 1 0.00547279363392929 101524955 101524955 0
8 13043 rs11988483 127794263 1 -0.00547075587455801 127794263 127794263 0
8 7660 rs12676187 70353579 1 0.00544399750313076 70353579 70353579 0
8 12630 rs7828669 123938787 1 0.00543184491877894 123938787 123938787 0
8 5220 rs2843744 38025175 1 -0.00541470132535729 38025175 38025175 0
8 4805 rs327371 31843735 1 0.00540983684782606 31843735 31843735 0
8 4011 rs1527033 24889912 1 0.00538927619456516 24889912 24889912 0
8 13490 rs2912191 131300036 1 0.00535907674460305 131300036 131300036 0
8 9621 rs160436 90681455 1 -0.00533769361958807 90681455 90681455 0
8 10368 rs2444871 98980663 1 -0.0053300430230688 98980663 98980663 0
8 10147 rs11776832 96536023 1 0.00521967867649716 96536023 96536023 0
8 1861 rs4840584 11636017 1 0.00520301029771376 11636017 11636017 0
8 10482 rs1371867 101330209 1 -0.00519177410110643 101330209 101330209 0
8 5789 rs2625754 51457419 1 -0.00516144655228004 51457419 51457419 0
8 10593 rs608337 102511718 1 -0.00515851603636644 102511718 102511718 0
8 5590 rs11986055 42135178 1 0.00512892437668153 42135178 42135178 0
8 13227 rs1468937 129243066 1 0.00512793990866753 129243066 129243066 0
8 7900 rs7459644 72718314 1 0.00508799129661482 72718314 72718314 0
8 12552 rs6651164 123004940 1 0.00505556500796506 123004940 123004940 0
8 11953 rs2511653 117621592 2 -0.00505083789580984 117621592 117621592 0
8 1831 rs11786272 11496032 1 0.00501983050534178 11496032 11496032 0
8 4334 rs729609 27396523 1 0.00500410783617019 27396523 27396523 0
8 5219 rs2517388 37977732 1 -0.00500070536732912 37977732 37977732 0
8 7 rs10087419 236656 1 -0.00499621140317454 236656 236656 0
8 10113 rs2514557 96283161 1 0.00498499496645077 96283161 96283161 0
8 11713 rs9650053 114849850 1 0.00495274500501666 114849850 114849850 0
8 45 rs336430 576209 1 -0.00492749868636867 576209 576209 0
8 13360 rs7006807 130432856 1 -0.0049224414141606 130432856 130432856 0
8 13194 rs2720667 129083584 2 -0.00484009216776228 129083584 129083584 0
8 2985 rs2299603 17882483 1 -0.00483240918054391 17882483 17882483 0
8 14303 rs305234 137600653 1 0.00483178777604537 137600653 137600653 0
8 1053 rs2733083 5492579 1 -0.00481279714701418 5492579 5492579 0
8 5289 rs6474129 39199543 2 -0.00481152670221268 39199543 39199543 0
8 366 rs12546807 2763790 1 0.00480850977482648 2763790 2763790 0
8 1044 rs9314570 5390576 1 0.00479085311609316 5390576 5390576 0
8 4612 rs1545405 29718019 2 -0.00477865589279312 29718019 29718019 0
8 8638 rs1520336 79404349 1 -0.00477660941553011 79404349 79404349 0
8 6092 rs6473849 54460873 1 0.00477110637954189 54460873 54460873 0
8 14486 rs2668100 138915665 1 -0.0047619650336954604 138915665 138915665 0
8 9448 rs13248723 88655584 1 0.0047593990897514 88655584 88655584 0
8 4321 rs2472553 27328511 1 -0.00475346822586444 27328511 27328511 0
8 7582 rs1434927 69539842 1 0.00474426998538032 69539842 69539842 0
8 3088 rs34546534 18241771 1 0.00471872269071344 18241771 18241771 0
8 5330 rs7846217 39793318 1 -0.00461570459296448 39793318 39793318 0
8 823 rs17070836 4476957 1 0.00460787509015506 4476957 4476957 0
8 10228 rs2582814 97516984 1 -0.00459224257985033 97516984 97516984 0
8 8563 rs16939542 78629747 1 -0.0045844220973354 78629747 78629747 0
8 12012 rs10282940 118187826 1 -0.00455919468468094 118187826 118187826 0
8 4335 rs4149255 27397157 2 0.00454367140250532 27397157 27397157 0
8 12898 rs723231 125949053 1 -0.0045322660076111 125949053 125949053 0
8 6093 rs1551907 54463785 2 -0.00452102617012832 54463785 54463785 0
8 12957 rs1979221 126620703 1 0.00451261938380597 126620703 126620703 0
8 14832 rs11785437 142131002 1 -0.00450615422572147 142131002 142131002 0
8 13783 rs2472537 133860645 1 -0.00449964494506271 133860645 133860645 0
8 5639 rs9785104 48129224 1 0.00449285995431742 48129224 48129224 0
8 14966 rs10435683 143413136 1 0.00449235498469078 143413136 143413136 0
8 890 rs6558918 4649052 1 -0.00447961702120549 4649052 4649052 0
8 1051 rs13272285 5462398 1 -0.00447349422040368 5462398 5462398 0
8 4121 rs17243310 26001404 2 0.00446361453180628 26001404 26001404 0
8 14749 rs11986292 140921339 1 0.0044574797248926 140921339 140921339 0
8 13191 rs13248311 129070559 1 -0.00444733750375757 129070559 129070559 0
8 14439 rs7000472 138626268 1 0.00443871749092049 138626268 138626268 0
8 7480 rs16933415 68497939 1 0.00442225651362568 68497939 68497939 0
8 14188 rs7837809 136767239 1 -0.00441710250243822 136767239 136767239 0
8 2828 rs11203855 17292466 1 0.00437859727171874 17292466 17292466 0
8 12513 rs6984293 122550491 1 0.00437699159632152 122550491 122550491 0
8 4573 rs2341797 29331251 1 0.00437677828345603 29331251 29331251 0
8 13720 rs6415551 133378714 1 0.00436268148036616 133378714 133378714 0
8 9912 rs6983017 94407069 1 0.00432667721498865 94407069 94407069 0
8 7454 rs2555576 67345621 1 -0.00431879546606401 67345621 67345621 0
8 7612 rs10111517 69901440 1 -0.00431657983943969 69901440 69901440 0
8 10395 rs35368005 99101976 1 0.00430520000718974 99101976 99101976 0
8 7108 rs16929407 63602018 1 -0.00428905332361768 63602018 63602018 0
8 1199 rs4840555 6106751 1 0.00427084516607941 6106751 6106751 0
8 587 rs1905029 3582148 1 -0.00420917219773301 3582148 3582148 0
8 10962 rs1402820 106032537 1 -0.00420582342185643 106032537 106032537 0
8 13954 rs9694593 135017303 2 -0.00419331045818679 135017303 135017303 0
8 9309 rs6471314 87400459 1 -0.00414504695491682 87400459 87400459 0
8 14009 rs7840306 135442374 1 -0.00414418754461022 135442374 135442374 0
8 1442 rs1876836 8681756 2 -0.00413957742399167 8681756 8681756 0
8 8466 rs10086934 77005300 1 0.00411846356745056 77005300 77005300 0
8 1744 rs11250077 10656437 1 -0.00411264792696279 10656437 10656437 0
8 229 rs4875929 1991352 1 0.00409736973972139 1991352 1991352 0
8 7103 rs7003224 63557648 1 -0.00409656087043268 63557648 63557648 0
8 13054 rs1516935 127919914 2 0.00408536379593302 127919914 127919914 0
8 2047 rs966213 13397806 2 0.00406574217632275 13397806 13397806 0
8 2917 rs4406440 17666107 1 0.00405538513016027 17666107 17666107 0
8 9616 rs311648 90590186 1 0.00404759300271061 90590186 90590186 0
8 9606 rs4458917 90385087 1 -0.00404421669732912 90385087 90385087 0
8 10495 rs2000479 101448416 1 -0.004018281347928 101448416 101448416 0
8 6085 rs16919235 54417248 1 0.00401157864499749 54417248 54417248 0
8 8451 rs13271620 76738118 1 0.00400980819001647 76738118 76738118 0
8 2789 rs7845103 17084866 1 -0.00399253432612085 17084866 17084866 0
8 7826 rs1481792 72089631 1 0.00397300735595696 72089631 72089631 0
8 1857 rs10101195 11623212 1 -0.00396790121228422 11623212 11623212 0
8 15057 rs1062391 144662353 1 -0.00396666776569593 144662353 144662353 0
8 586 rs4990839 3581019 1 -0.00395211069561272 3581019 3581019 0
8 13275 rs7834375 129603185 2 -0.00395134400249756 129603185 129603185 0
8 7942 rs1025929 72963296 1 -0.00394966593451541 72963296 72963296 0
8 2482 rs7003979 15171989 1 0.00392415895415328 15171989 15171989 0
8 6849 rs13254748 61373597 1 0.0039017655842487 61373597 61373597 0
8 13284 rs16903339 129633809 1 -0.00389766908340575 129633809 129633809 0
8 3710 rs117289616 22460101 1 0.00388137479272426 22460101 22460101 0
8 9304 rs7003059 87330713 1 -0.00385933636475706 87330713 87330713 0
8 772 rs6996351 4192260 1 -0.00385747211402499 4192260 4192260 0
8 8379 rs7015436 76200829 1 -0.00384996705322815 76200829 76200829 0
8 10938 rs2290866 105907833 2 0.00384261346703361 105907833 105907833 0
8 9618 rs606565 90615793 2 -0.00384089186324651 90615793 90615793 0
8 14176 rs7460819 136735506 1 0.00380638403717777 136735506 136735506 0
8 8515 rs10087163 77895865 1 0.00379514081360349 77895865 77895865 0
8 12305 rs6989791 120824357 1 -0.00377648597063891 120824357 120824357 0
8 13228 rs10492294 129246415 2 0.00377465239940545 129246415 129246415 0
8 793 rs7015706 4287134 1 0.00376321186426772 4287134 4287134 0
8 3622 rs17607868 21306658 1 -0.00375001451465444 21306658 21306658 0
8 12282 rs10505358 120437102 1 -0.0037147854747892 120437102 120437102 0
8 7235 rs6472116 64498360 2 0.0036996527876999 64498360 64498360 0
8 6025 rs6994222 53831282 1 -0.00369086859570671 53831282 53831282 0
8 1698 rs11782819 10334781 1 0.00365887192440862 10334781 10334781 0
8 14843 rs3739238 142222445 2 -0.00364993820734591 142222445 142222445 0
8 1682 rs7009513 10284051 1 0.00364687148459205 10284051 10284051 0
8 11 rs13271818 326522 1 0.00364009948942803 326522 326522 0
8 12171 rs6469746 119433803 1 0.00363993705504035 119433803 119433803 0
8 542 rs7815959 3460063 1 0.00363798959128378 3460063 3460063 0
8 11633 rs1522060 114230296 1 0.00362934724524919 114230296 114230296 0
8 2841 rs11203867 17359171 1 0.00360155190553055 17359171 17359171 0
8 9617 rs9297680 90597465 1 0.00358249737631973 90597465 90597465 0
8 14175 rs7830941 136733007 1 0.0035769814840012 136733007 136733007 0
8 10125 rs13255741 96457288 1 -0.00357447507317628 96457288 96457288 0
8 5870 rs79394014 52366156 1 -0.00356187058973398 52366156 52366156 0
8 7573 rs4268113 69509456 1 -0.00356164802094032 69509456 69509456 0
8 1775 rs7832722 10965442 1 0.00354186419835226 10965442 10965442 0
8 4407 rs2727009 27740518 1 -0.00352501305439602 27740518 27740518 0
8 13046 rs16901732 127839267 1 0.00347236572156514 127839267 127839267 0
8 941 rs6990234 4996812 1 -0.00347152176417288 4996812 4996812 0
8 3911 rs4559243 24221015 1 -0.00347066055690839 24221015 24221015 0
8 12287 rs4871352 120567358 1 0.00345385069239399 120567358 120567358 0
8 4657 rs10435524 30261558 1 0.00340794089910477 30261558 30261558 0
8 2232 rs11203608 14278196 1 -0.00339335286029388 14278196 14278196 0
8 13616 rs277047 132627248 1 -0.00338760050076868 132627248 132627248 0
8 1076 rs7845744 5643995 1 0.00337005502925683 5643995 5643995 0
8 11018 rs1037304 106627197 1 0.00335050288170483 106627197 106627197 0
8 4482 rs12056907 28240092 1 0.0033183153069928 28240092 28240092 0
8 12206 rs11573897 119947416 1 0.0033146980477109 119947416 119947416 0
8 505 rs6558780 3332767 2 -0.00330230632591911 3332767 3332767 0
8 6407 rs1263156 57541715 1 0.0032941005288051 57541715 57541715 0
8 7492 rs16933522 68604866 2 0.00327781591023763 68604866 68604866 0
8 2570 rs10093681 15527376 1 0.00327689565719 15527376 15527376 0
8 9847 rs7009343 93831343 1 0.00326767085965849 93831343 93831343 0
8 8180 rs7846061 74435989 1 0.00325711222352517 74435989 74435989 0
8 2744 rs2247534 16715799 1 -0.00323724894815317 16715799 16715799 0
8 2946 rs78484373 17739639 1 0.00322866315154832 17739639 17739639 0
8 14536 rs9324486 139359499 1 0.00322343557810211 139359499 139359499 0
8 5145 rs2211743 36492258 1 0.00319783772312017 36492258 36492258 0
8 10241 rs2589198 97556565 1 0.00318984945298319 97556565 97556565 0
8 14597 rs4736229 139900534 1 -0.00318873363097367 139900534 139900534 0
8 14272 rs2067818 137284977 1 0.00318048433139636 137284977 137284977 0
8 12413 rs4242319 121718491 1 -0.00317999631466821 121718491 121718491 0
8 9874 rs7818649 94167493 2 0.00316663661673539 94167493 94167493 0
8 2942 rs2517296 17733479 1 0.00316130147452998 17733479 17733479 0
8 12177 rs2460968 119628230 2 0.00315558646008957 119628230 119628230 0
8 10358 rs2513834 98933711 1 -0.00315440539794152 98933711 98933711 0
8 13886 rs9643302 134602661 1 -0.00314912573893426 134602661 134602661 0
8 13606 rs7845936 132352151 1 0.00313877052793577 132352151 132352151 0
8 4324 rs751141 27373865 1 -0.00313861377340265 27373865 27373865 0
8 8131 rs2383891 74093532 1 0.00313843005991129 74093532 74093532 0
8 11967 rs12677487 117710779 2 -0.00313254352952743 117710779 117710779 0
8 9827 rs1449244 93607020 1 -0.00307640348565989 93607020 93607020 0
8 12594 rs17270266 123443180 2 -0.00305818723318151 123443180 123443180 0
8 9464 rs16875583 88962865 1 -0.00304008027201225 88962865 88962865 0
8 8618 rs13278582 79185247 2 0.00303490742093419 79185247 79185247 0
8 12691 rs7844912 124581970 2 -0.00300916984190767 124581970 124581970 0
8 6852 rs2007283 61458899 1 0.00300190424288979 61458899 61458899 0
8 8659 rs3736169 79587855 1 0.00300175206351527 79587855 79587855 0
8 6404 rs4316149 57533247 1 0.00300071330214143 57533247 57533247 0
8 8615 rs34678843 79110007 1 -0.0029994612684516 79110007 79110007 0
8 14653 rs13270196 140308182 2 0.00298961858967868 140308182 140308182 0
8 12414 rs6989022 121718666 1 -0.00298686694930429 121718666 121718666 0
8 6987 rs993792 62738467 1 -0.00297388197399073 62738467 62738467 0
8 14025 rs7001459 135519914 1 -0.00297159327592685 135519914 135519914 0
8 6321 rs1397976 56825385 1 -0.0029714900721817 56825385 56825385 0
8 9644 rs10094579 90849305 2 0.00296920721937732 90849305 90849305 0
8 7073 rs1451859 63428793 1 -0.00296539860801907 63428793 63428793 0
8 13898 rs4736459 134624572 1 -0.00295898862712155 134624572 134624572 0
8 10730 rs9642980 103695930 1 0.0029489200790934 103695930 103695930 0
8 8616 rs10504664 79110386 1 -0.00290153382340183 79110386 79110386 0
8 9302 rs4961175 87313538 1 -0.0028991130186334 87313538 87313538 0
8 13865 rs7823430 134437026 1 -0.00289152690176684 134437026 134437026 0
8 7469 rs2290585 68087279 1 0.00288710845010993 68087279 68087279 0
8 9530 rs1353739 89773651 2 -0.00288287503588362 89773651 89773651 0
8 9641 rs374957 90837630 1 -0.0028810502083632 90837630 90837630 0
8 3807 rs7846081 23322811 1 -0.00287724816117289 23322811 23322811 0
8 907 rs4875398 4705811 1 -0.00286686306974485 4705811 4705811 0
8 15035 rs7829800 144258705 1 0.00286154977076336 144258705 144258705 0
8 6036 rs1469322 53930798 1 -0.00286074112986968 53930798 53930798 0
8 14593 rs11779129 139818903 1 -0.00285079133444506 139818903 139818903 0
8 7508 rs10089660 68819659 1 0.00283954952989093 68819659 68819659 0
8 11421 rs7011741 110812770 1 -0.00283226291827655 110812770 110812770 0
8 10542 rs2923774 101986864 1 0.00279344222555274 101986864 101986864 0
8 13911 rs16904967 134646433 1 0.00278608854544094 134646433 134646433 0
8 1932 rs2466273 12866004 2 0.00278476232588539 12866004 12866004 0
8 2813 rs7822451 17222410 1 -0.00277464418254705 17222410 17222410 0
8 10481 rs1660351 101275034 2 -0.00274030997344152 101275034 101275034 0
8 7058 rs17243191 63362315 1 -0.00273735230361477 63362315 63362315 0
8 3308 rs7001715 19507270 2 -0.00271851563938366 19507270 19507270 0
8 12343 rs4871825 121034642 1 -0.00271601160412101 121034642 121034642 0
8 15062 rs2242086 144695499 1 0.00270583171151998 144695499 144695499 0
8 8661 rs10957898 79617313 1 0.00268859416328951 79617313 79617313 0
8 13235 rs7846157 129268232 1 0.00267941132049439 129268232 129268232 0
8 2302 rs6987164 14544079 1 -0.00267373463722535 14544079 14544079 0
8 7285 rs896493 65422496 1 -0.00264488090940864 65422496 65422496 0
8 7557 rs61736081 69381053 1 0.00263683664975471 69381053 69381053 0
8 12793 rs9886564 125343256 1 0.0026214781552502 125343256 125343256 0
8 781 rs2043116 4220707 1 0.00262005682953058 4220707 4220707 0
8 2622 rs10503560 15767978 1 -0.00260989908077682 15767978 15767978 0
8 3145 rs1546001 18431478 1 -0.00260624765808405 18431478 18431478 0
8 5519 rs17595469 41261423 1 0.00260603461406497 41261423 41261423 0
8 472 rs1161534 3261298 1 -0.00260377672239734 3261298 3261298 0
8 7921 rs2166001 72863540 1 -0.00259412685877425 72863540 72863540 0
8 751 rs1504761 4119374 2 0.00258446521382513 4119374 4119374 0
8 2410 rs13265356 14969057 1 -0.00257502852894339 14969057 14969057 0
8 159 rs740237 1356333 2 -0.00257432264453342 1356333 1356333 0
8 7636 rs10087206 70077682 1 0.00253028741760395 70077682 70077682 0
8 6131 rs7828363 54599835 1 0.00252699383175212 54599835 54599835 0
8 6137 rs4737974 54739072 1 -0.00252689078725086 54739072 54739072 0
8 5968 rs4074067 53137329 1 -0.00252394949808969 53137329 53137329 0
8 10196 rs10093358 96913121 1 0.00251033668542169 96913121 96913121 0
8 13732 rs6471070 133482984 1 0.00250949864751218 133482984 133482984 0
8 7512 rs4437632 68851492 1 0.00247914138236124 68851492 68851492 0
8 1323 rs9774483 6883291 1 0.00246333132201945 6883291 6883291 0
8 8380 rs2383938 76205569 1 -0.00246005141039945 76205569 76205569 0
8 14440 rs4620319 138629984 1 0.00244621042759131 138629984 138629984 0
8 4181 rs11135955 26638910 1 0.00242726146826255 26638910 26638910 0
8 1220 rs10104726 6260430 1 -0.00242413604178176 6260430 6260430 0
8 31 rs7008696 479107 1 0.00242281379203962 479107 479107 0
8 7438 rs4737782 67218257 2 -0.00240331511810278 67218257 67218257 0
8 13465 rs117858659 131129121 1 0.00239847504259033 131129121 131129121 0
8 3831 rs4872145 23397750 2 0.00239835323065452 23397750 23397750 0
8 6951 rs2350620 62497607 1 0.00239393906284062 62497607 62497607 0
8 5843 rs10104140 52138162 1 -0.00239079263311604 52138162 52138162 0
8 1858 rs17754589 11625808 2 -0.0023864515111345 11625808 11625808 0
8 12273 rs2326244 120376789 1 -0.00237922747894689 120376789 120376789 0
8 5224 rs7836805 38063235 1 -0.00236751687876663 38063235 38063235 0
8 6257 rs7002941 56170306 1 -0.00235638178382764 56170306 56170306 0
8 13167 rs752427 128980008 1 0.00235439926988034 128980008 128980008 0
8 8064 rs893891 73736455 1 -0.00235108916965609 73736455 73736455 0
8 5997 rs12679115 53418983 1 -0.00235030328913698 53418983 53418983 0
8 12705 rs4871405 124662772 1 -0.00234904945419511 124662772 124662772 0
8 5188 rs511544 37076504 1 -0.00233705334597344 37076504 37076504 0
8 1890 rs6530970 12610776 1 -0.00232035793184206 12610776 12610776 0
8 3309 rs17480846 19508052 1 0.00231670541221545 19508052 19508052 0
8 8204 rs10957689 74810030 1 -0.00231553726087082 74810030 74810030 0
8 7764 rs1460680 71163768 1 0.00231276207761703 71163768 71163768 0
8 13980 rs895598 135162202 1 -0.0023126898880167 135162202 135162202 0
8 1609 rs17151026 9932797 1 -0.00231082049844297 9932797 9932797 0
8 5263 rs6474513 38804226 1 0.00230751980623627 38804226 38804226 0
8 1734 rs7826180 10627844 1 0.0023075105965803 10627844 10627844 0
8 10959 rs1879688 106010200 1 0.00230618010625808 106010200 106010200 0
8 2929 rs379407 17698128 1 -0.00228680999146454 17698128 17698128 0
8 3293 rs10107533 19379421 2 0.00228515827451043 19379421 19379421 0
8 7645 rs705998 70132590 2 0.00228264513462213 70132590 70132590 0
8 9325 rs1044728 87572663 1 0.00226587066319028 87572663 87572663 0
8 12415 rs4871101 121720886 1 -0.00225057967628631 121720886 121720886 0
8 8383 rs2926619 76262855 1 -0.00224852258843558 76262855 76262855 0
8 1739 rs6601525 10635317 1 -0.00224611563064118 10635317 10635317 0
8 3521 rs10503687 20583941 1 -0.00223679598659954 20583941 20583941 0
8 10221 rs2678332 97376980 1 0.00222946812954605 97376980 97376980 0
8 8298 rs7843322 75677971 1 -0.00220159690713563 75677971 75677971 0
8 2981 rs433387 17869835 1 -0.00218736309485392 17869835 17869835 0
8 163 rs2286216 1449183 1 0.00217655151754921 1449183 1449183 0
8 12988 rs1545978 127170869 1 -0.00216272210197922 127170869 127170869 0
8 12170 rs2514990 119432245 1 -0.00216137185721311 119432245 119432245 0
8 4192 rs17426222 26717817 1 0.00215739016011156 26717817 26717817 0
8 13723 rs16904676 133383549 1 0.00214764680968273 133383549 133383549 0
8 2607 rs6981193 15682639 1 0.00214582387488426 15682639 15682639 0
8 224 rs11995882 1861971 1 -0.00213652424870616 1861971 1861971 0
8 10719 rs150771034 103573026 1 -0.00213455909925563 103573026 103573026 0
8 11330 rs1039165 109724786 1 -0.00212324866947077 109724786 109724786 0
8 801 rs4875349 4328106 1 0.00211590875727861 4328106 4328106 0
8 1773 rs13248264 10942742 1 0.00211037986833999 10942742 10942742 0
8 371 rs11984691 2800096 1 -0.00210992090380708 2800096 2800096 0
8 5010 rs10954947 33903459 1 0.00209966900087592 33903459 33903459 0
8 10916 rs6468957 105808348 1 0.00209478317917168 105808348 105808348 0
8 6593 rs4602872 59193836 1 -0.00209125247642348 59193836 59193836 0
8 3508 rs1450285 20563796 2 0.00208835972199953 20563796 20563796 0
8 9131 rs1387241 84550255 2 -0.00208658562908572 84550255 84550255 0
8 12051 rs17746363 118611634 1 0.00207731222184588 118611634 118611634 0
8 7547 rs7838935 69295584 1 -0.00207575483512918 69295584 69295584 0
8 1533 rs922053 9250346 2 -0.00207229424178641 9250346 9250346 0
8 742 rs1700055 4084970 2 0.00206957855019519 4084970 4084970 0
8 12192 rs1948467 119836572 2 -0.00206536631937327 119836572 119836572 0
8 13210 rs2648850 129184165 1 0.00205606017331527 129184165 129184165 0
8 6244 rs16921098 55981777 1 0.0020488702312629198 55981777 55981777 0
8 12891 rs11779177 125937760 2 0.00204844390108948 125937760 125937760 0
8 3185 rs901733 18559665 1 0.00204810028080152 18559665 18559665 0
8 5787 rs310562 51445011 1 0.00204485422392846 51445011 51445011 0
8 13169 rs993725 128988220 2 0.00204190958195242 128988220 128988220 0
8 5543 rs11996226 41460187 1 -0.00204149054353065 41460187 41460187 0
8 6739 rs7007825 60215990 1 0.00203117055939813 60215990 60215990 0
8 1192 rs4440655 6097761 1 0.00202540599524208 6097761 6097761 0
8 7391 rs4288416 66456541 1 0.00202277863550667 66456541 66456541 0
8 9826 rs11997930 93606146 1 -0.0020156484271068 93606146 93606146 0
8 2188 rs12680272 14035832 1 -0.00199787771604589 14035832 14035832 0
8 2758 rs1689856 16830161 1 0.0019871838858972 16830161 16830161 0
8 14437 rs868421 138599067 1 -0.00198427872255214 138599067 138599067 0
8 14868 rs12056882 142496058 1 0.00198182414831854 142496058 142496058 0
8 7343 rs7004914 65918785 1 -0.00197506517928432 65918785 65918785 0
8 6034 rs7824346 53926047 2 -0.0019673603993275 53926047 53926047 0
8 9537 rs7005417 89917982 1 0.00196543799985828 89917982 89917982 0
8 5459 rs6474274 40596858 1 -0.00196342728993662 40596858 40596858 0
8 10107 rs2439630 96245252 1 0.0019611250354937 96245252 96245252 0
8 10100 rs16917410 96206803 2 0.00196112345139537 96206803 96206803 0
8 5842 rs10958249 52102658 1 0.00195946831665042 52102658 52102658 0
8 4853 rs9297191 32283471 2 -0.00194921109640858 32283471 32283471 0
8 4138 rs17055163 26221945 1 -0.00193586622594748 26221945 26221945 0
8 9036 rs4541922 83687961 1 -0.00193117420349518 83687961 83687961 0
8 192 rs34350732 1588589 1 -0.00193099950741443 1588589 1588589 0
8 9120 rs6997745 84477913 1 -0.00192416181495404 84477913 84477913 0
8 2713 rs822272 16487401 1 -0.00192285990527701 16487401 16487401 0
8 7031 rs1483170 63107758 1 -0.00191409599457323 63107758 63107758 0
8 2021 rs289553 13246338 1 0.00191340157631164 13246338 13246338 0
8 5288 rs10087894 39170959 1 -0.00189579037603959 39170959 39170959 0
8 6400 rs4738532 57520600 1 0.00189251039114358 57520600 57520600 0
8 11829 rs10505226 115698493 1 -0.00188264323739685 115698493 115698493 0
8 6004 rs4873659 53449548 2 -0.00188009008324098 53449548 53449548 0
8 4452 rs11136032 27982316 1 -0.00187010773435321 27982316 27982316 0
8 10206 rs532398 97079072 1 0.00185741413814242 97079072 97079072 0
8 912 rs6558946 4807157 1 -0.00185457210577938 4807157 4807157 0
8 12688 rs4388446 124574279 2 0.00183845507359109 124574279 124574279 0
8 9917 rs1491947 94471469 1 0.0018351853289798 94471469 94471469 0
8 721 rs17427521 3987036 1 0.0018347572516686 3987036 3987036 0
8 13751 rs9297853 133584558 1 0.00183406235057379 133584558 133584558 0
8 3319 rs1492644 19545349 1 0.0018262188645628 19545349 19545349 0
8 13480 rs2554373 131258535 1 0.00182362164198439 131258535 131258535 0
8 338 rs9314465 2635152 1 0.00181490444203743 2635152 2635152 0
8 12483 rs10505399 122314537 1 -0.00180966331149928 122314537 122314537 0
8 8319 rs2570171 75838162 1 -0.00179122996275472 75838162 75838162 0
8 335 rs6558685 2597331 2 -0.0017789563293896 2597331 2597331 0
8 7904 rs7816767 72731410 2 0.00177345527224364 72731410 72731410 0
8 7758 rs4738067 70969097 1 -0.00177247265970637 70969097 70969097 0
8 23 rs17665859 445601 1 -0.00176415761500557 445601 445601 0
8 3121 rs1495742 18272901 1 -0.00175490997920293 18272901 18272901 0
8 2392 rs17608908 14910956 1 -0.00175420236385925 14910956 14910956 0
8 3762 rs10109512 23121059 1 -0.00174185147460636 23121059 23121059 0
8 9937 rs111589624 94747496 1 0.00173951147800928 94747496 94747496 0
8 9625 rs218908 90741114 1 -0.00172323673485576 90741114 90741114 0
8 9968 rs6995326 95037331 1 0.00171730141609891 95037331 95037331 0
8 5425 rs1562906 40442938 1 -0.00171462159576188 40442938 40442938 0
8 6307 rs13274924 56678876 1 -0.00171080521220089 56678876 56678876 0
8 13504 rs10110185 131479381 1 0.00170464867875156 131479381 131479381 0
8 545 rs4875241 3460557 1 0.00169960230985936 3460557 3460557 0
8 3834 rs2978473 23411260 1 0.0016951189476898 23411260 23411260 0
8 8296 rs13268614 75657127 1 0.00169241833721469 75657127 75657127 0
8 7956 rs13268757 72987638 2 0.00168937069911657 72987638 72987638 0
8 855 rs12677376 4611924 1 0.00167998285055587 4611924 4611924 0
8 8237 rs16938822 75114021 1 0.00166933561503611 75114021 75114021 0
8 4922 rs3735781 32624828 1 0.00166537287863124 32624828 32624828 0
8 1445 rs6601265 8695574 1 0.00165313380924583 8695574 8695574 0
8 15043 rs13267988 144520668 1 0.00164462016524759 144520668 144520668 0
8 2203 rs12542368 14122672 1 -0.00163431799608187 14122672 14122672 0
8 11664 rs4486239 114604322 1 0.00161589233796635 114604322 114604322 0
8 2412 rs17574959 14972402 1 -0.00161501880814608 14972402 14972402 0
8 1308 rs2977795 6709805 1 -0.00160705537986187 6709805 6709805 0
8 12833 rs7015740 125633124 1 0.00160295279497506 125633124 125633124 0
8 2835 rs2588240 17330523 1 0.00159177329886133 17330523 17330523 0
8 1766 rs10111872 10881408 1 0.00158903698549616 10881408 10881408 0
8 9933 rs2914944 94724043 2 0.00158794655695142 94724043 94724043 0
8 446 rs11777577 3189457 1 -0.00158632310149911 3189457 3189457 0
8 5678 rs13255660 49339492 1 -0.00158446254787546 49339492 49339492 0
8 6913 rs11785638 62099814 1 0.00157875152603646 62099814 62099814 0
8 12142 rs721816 119296422 1 0.0015679830810358 119296422 119296422 0
8 14676 rs1382022 140497775 1 0.00156765969660039 140497775 140497775 0
8 12985 rs1488024 127103441 1 0.00156510688268112 127103441 127103441 0
8 10640 rs517811 102944863 1 0.00156374353387207 102944863 102944863 0
8 8934 rs1112854 82947950 1 0.00154000839057403 82947950 82947950 0
8 5366 rs7825010 39993166 1 -0.00153045156103526 39993166 39993166 0
8 11665 rs4242557 114612543 1 0.0015263902037023 114612543 114612543 0
8 6082 rs2126794 54399129 1 0.00152461533975851 54399129 54399129 0
8 13263 rs11779444 129475576 1 0.00151243123496959 129475576 129475576 0
8 14180 rs4268160 136746031 1 -0.00151078174141106 136746031 136746031 0
8 12230 rs13264791 120013090 1 0.00151044573385526 120013090 120013090 0
8 10592 rs554509 102511670 1 -0.00151043154767646 102511670 102511670 0
8 1443 rs7820324 8692591 1 -0.00151030996220562 8692591 8692591 0
8 7740 rs17435904 70855209 1 0.00150838909168988 70855209 70855209 0
8 7478 rs1545824 68490139 1 0.00150794007230457 68490139 68490139 0
8 7261 rs10504370 64987982 1 0.00150312145565575 64987982 64987982 0
8 8936 rs998249 82961957 2 0.00149032308574345 82961957 82961957 0
8 14031 rs11989849 135537174 1 0.00148429411153191 135537174 135537174 0
8 10427 rs11988085 99379585 2 -0.00148295504640762 99379585 99379585 0
8 13817 rs4388441 134110705 1 0.00148169139685574 134110705 134110705 0
8 13549 rs398267 131816901 1 -0.00146618004663295 131816901 131816901 0
8 13286 rs1432011 129662612 1 -0.00145207536272664 129662612 129662612 0
8 909 rs13248460 4775412 1 -0.00144127765570576 4775412 4775412 0
8 11867 rs7013769 116095815 1 -0.00142956838084621 116095815 116095815 0
8 5977 rs1965704 53295154 1 0.00142924730542389 53295154 53295154 0
8 13681 rs2469495 133112960 1 0.00142480009837121 133112960 133112960 0
8 12405 rs7825018 121654755 1 0.00142293901223219 121654755 121654755 0
8 9379 rs13438948 87858778 1 -0.00141387389739929 87858778 87858778 0
8 5876 rs7841317 52382217 1 -0.00141024062147085 52382217 52382217 0
8 677 rs7003625 3900812 1 -0.00140190858694802 3900812 3900812 0
8 272 rs7828726 2104726 1 0.00139950152638557 2104726 2104726 0
8 5423 rs7016856 40440413 2 0.00139867089623973 40440413 40440413 0
8 908 rs1031611 4728668 1 0.0013980493229914701 4728668 4728668 0
8 10104 rs2439632 96218944 1 -0.00138860758560558 96218944 96218944 0
8 10202 rs261579 97026378 1 -0.00138797187072036 97026378 97026378 0
8 2348 rs10107786 14697235 1 0.00137880121864282 14697235 14697235 0
8 1537 rs10099338 9257739 1 -0.00137760996407285 9257739 9257739 0
8 7023 rs7832144 63062581 1 0.00137703186008398 63062581 63062581 0
8 6878 rs12680914 61827676 1 -0.00137648100635558 61827676 61827676 0
8 12000 rs4876702 118121734 1 -0.00137131935368757 118121734 118121734 0
8 1235 rs2515585 6329410 1 0.00137094845535587 6329410 6329410 0
8 1413 rs11779061 8549432 1 0.00135187959746066 8549432 8549432 0
8 5467 rs7822331 40663789 2 -0.00134661148288707 40663789 40663789 0
8 6592 rs7843843 59183963 1 -0.0013442839547341 59183963 59183963 0
8 8823 rs7018262 81308078 1 0.00133845646315954 81308078 81308078 0
8 841 rs10093574 4571209 2 -0.00133577110764376 4571209 4571209 0
8 2064 rs11783751 13430578 1 -0.00132286292641486 13430578 13430578 0
8 10124 rs3133764 96455453 1 0.00131120606167149 96455453 96455453 0
8 14839 rs428300 142173356 1 -0.0013010809170259 142173356 142173356 0
8 7408 rs7001138 66712108 1 -0.00129653194320619 66712108 66712108 0
8 3311 rs2172350 19529575 2 0.00129548513370947 19529575 19529575 0
8 3755 rs4871854 23041082 2 -0.0012920990815884 23041082 23041082 0
8 3798 rs6557672 23286234 1 -0.00128695176544491 23286234 23286234 0
8 5262 rs7835508 38782627 1 0.00127768811220606 38782627 38782627 0
8 15042 rs2467938 144446285 2 -0.00127712257702677 144446285 144446285 0
8 12632 rs10108684 123973068 1 -0.00127615665120499 123973068 123973068 0
8 1767 rs6601548 10888096 1 -0.00127167115878357 10888096 10888096 0
8 13410 rs4733737 130754719 1 -0.00126786559640205 130754719 130754719 0
8 7419 rs7006209 66992737 1 0.0012656686339969 66992737 66992737 0
8 4495 rs7006959 28461323 1 0.00126287542454881 28461323 28461323 0
8 5905 rs6473635 52566493 1 -0.00126141618578089 52566493 52566493 0
8 1841 rs11785555 11572284 1 -0.00126024172458906 11572284 11572284 0
8 6277 rs2939691 56318630 1 0.00125759581166286 56318630 56318630 0
8 4156 rs12678418 26446923 1 -0.00125634080733285 26446923 26446923 0
8 3227 rs7010496 18866368 1 -0.00124829849311793 18866368 18866368 0
8 7694 rs4279601 70558315 1 0.0012475565784983 70558315 70558315 0
8 13448 rs6470794 131056079 1 -0.00124510297267975 131056079 131056079 0
8 10014 rs2515137 95316256 1 0.00123557162413953 95316256 95316256 0
8 7897 rs6472618 72707802 2 0.00123298813518029 72707802 72707802 0
8 14740 rs10100424 140855827 1 0.00123286646775942 140855827 140855827 0
8 13407 rs2062078 130734461 1 0.0012304014442862 130734461 130734461 0
8 743 rs11992223 4089132 1 -0.00122786648424725 4089132 4089132 0
8 3666 rs56094005 21769432 2 0.0012213084850305 21769432 21769432 0
8 6501 rs6471606 58367822 1 -0.0012116946531124 58367822 58367822 0
8 6513 rs1451139 58471927 1 -0.00121076027801526 58471927 58471927 0
8 10274 rs7814447 97826743 1 0.00121062223257619 97826743 97826743 0
8 14741 rs898807 140857481 1 -0.00120555780310058 140857481 140857481 0
8 2102 rs10092409 13594258 1 0.00120307358192932 13594258 13594258 0
8 4459 rs12675992 28064417 1 -0.00120288858584603 28064417 28064417 0
8 2948 rs693812 17744768 1 -0.00120015754012334 17744768 17744768 0
8 2098 rs11784733 13556813 1 0.00119971368290138 13556813 13556813 0
8 9886 rs961544 94250295 1 -0.00119967341049067 94250295 94250295 0
8 7556 rs4737905 69371911 1 -0.0011978142067694 69371911 69371911 0
8 9642 rs16900888 90837747 1 -0.00119030447725779 90837747 90837747 0
8 14894 rs1496863 142629143 1 0.00118873640152361 142629143 142629143 0
8 2075 rs9325661 13462286 1 -0.0011873408180083 13462286 13462286 0
8 3782 rs954705 23212224 1 0.00117988183720197 23212224 23212224 0
8 10942 rs1809286 105930490 1 -0.0011747581866981 105930490 105930490 0
8 8130 rs4560775 74089904 2 0.00117195992939895 74089904 74089904 0
8 575 rs2624074 3548551 1 -0.00117160916163162 3548551 3548551 0
8 5296 rs4733916 39434544 1 -0.00115300605140683 39434544 39434544 0
8 5707 rs710894 50027790 1 -0.00114996044485118 50027790 50027790 0
8 9316 rs11781016 87529297 2 -0.0011463678427344 87529297 87529297 0
8 3499 rs11990986 20532503 1 0.0011412430299129 20532503 20532503 0
8 9891 rs278538 94261533 2 0.00113512424857615 94261533 94261533 0
8 13955 rs16893354 135017485 1 0.00113282399575272 135017485 135017485 0
8 2899 rs9325821 17610093 1 -0.0011230587882984401 17610093 17610093 0
8 13035 rs9297740 127626359 1 0.00112072638244614 127626359 127626359 0
8 225 rs3824141 1888447 2 -0.00111791718416969 1888447 1888447 0
8 8613 rs2369096 79108139 1 -0.00111719151301601 79108139 79108139 0
8 10319 rs2853300 98424479 1 -0.00111671927325058 98424479 98424479 0
8 4633 rs16876489 29971290 2 -0.00111391045311694 29971290 29971290 0
8 6657 rs2680903 59512334 1 -0.00110582762674388 59512334 59512334 0
8 12971 rs1443993 126830010 1 -0.00109863259898293 126830010 126830010 0
8 13304 rs7844704 129845635 1 -0.0010980610434323 129845635 129845635 0
8 3571 rs1402649 20856234 1 -0.00109762563879633 20856234 20856234 0
8 3313 rs17481063 19536015 1 0.0010946021214273 19536015 19536015 0
8 2735 rs611863 16691422 1 0.00109235096140706 16691422 16691422 0
8 8433 rs16939127 76573834 1 0.00108800997831331 76573834 76573834 0
8 15086 rs4333645 145569535 1 0.0010864694527088 145569535 145569535 0
8 3803 rs11787224 23301340 1 0.00108399035299545 23301340 23301340 0
8 12407 rs7820451 121668896 1 0.00108187559267089 121668896 121668896 0
8 5234 rs7825829 38362521 1 -0.00108031720464344 38362521 38362521 0
8 7741 rs17671808 70856897 1 -0.00107714946974554 70856897 70856897 0
8 1862 rs8191604 11636884 1 0.00107637308618833 11636884 11636884 0
8 10289 rs4556066 98153281 1 0.00107221669920019 98153281 98153281 0
8 6296 rs4336589 56462853 1 0.0010656711375951 56462853 56462853 0
8 5708 rs7819763 50030513 1 0.00106506997676046 50030513 50030513 0
8 5975 rs2360791 53283773 1 0.00106274591657064 53283773 53283773 0
8 4236 rs1996396 26862373 2 0.00105905430508357 26862373 26862373 0
8 13912 rs1868436 134647663 1 0.00105625095314752 134647663 134647663 0
8 12973 rs1388372 126936152 1 0.00105005111544263 126936152 126936152 0
8 9480 rs7826477 89248590 1 -0.00104754919034772 89248590 89248590 0
8 11266 rs505461 108923338 1 0.00104088359720676 108923338 108923338 0
8 14104 rs4434578 135888570 1 -0.0010387178791309 135888570 135888570 0
8 3251 rs691589 19018434 1 -0.00103214264519884 19018434 19018434 0
8 9629 rs39503 90779807 1 -0.00103195653094319 90779807 90779807 0
8 12517 rs7826054 122601353 1 -0.00102796063877467 122601353 122601353 0
8 13869 rs6986303 134478529 1 -0.00102780889878114 134478529 134478529 0
8 96 rs11137110 869170 1 -0.00102493017766832 869170 869170 0
8 8968 rs7016525 83326784 2 -0.00102105160050118 83326784 83326784 0
8 5100 rs10087728 34900118 1 0.00102089093540037 34900118 34900118 0
8 10186 rs503179 96847340 1 -0.00101859813822587 96847340 96847340 0
8 1834 rs13267835 11504919 1 -0.00101661968275581 11504919 11504919 0
8 10377 rs10955140 99014550 1 -0.0010141584768835 99014550 99014550 0
8 12671 rs9297669 124448689 2 0.00101413213564696 124448689 124448689 0
8 434 rs11777638 3155871 1 -0.00101373380716038 3155871 3155871 0
8 8847 rs2028814 81870851 1 0.00100975725805243 81870851 81870851 0
8 700 rs10107611 3950542 1 0.00100865836978227 3950542 3950542 0
8 10 rs11995302 323502 1 -0.00100801447553389 323502 323502 0
8 7801 rs268651 71616982 1 -0.00100638960338944 71616982 71616982 0
8 1680 rs10112584 10279503 1 -0.00100456598650383 10279503 10279503 0
8 14183 rs10102336 136756119 1 -9.890486498105083e-4 136756119 136756119 0
8 4620 rs7845816 29830855 1 -9.872889049717503e-4 29830855 29830855 0
8 8390 rs1037831 76323329 1 9.864600300197018e-4 76323329 76323329 0
8 7887 rs10283242 72619613 1 9.846446143133912e-4 72619613 72619613 0
8 3249 rs13264451 18991089 1 -9.801432584318666e-4 18991089 18991089 0
8 4454 rs7003418 28003774 2 -9.761492674416418e-4 28003774 28003774 0
8 6141 rs10095164 54882796 1 9.729117074753806e-4 54882796 54882796 0
8 916 rs4295679 4814896 1 9.59799495294074e-4 4814896 4814896 0
8 10200 rs10108308 96929239 1 9.573541136714624e-4 96929239 96929239 0
8 9935 rs10504930 94744813 2 9.484199238419784e-4 94744813 94744813 0
8 6509 rs10109157 58457374 1 9.478193698190304e-4 58457374 58457374 0
8 8816 rs6991991 81271432 1 9.469921978944264e-4 81271432 81271432 0
8 14783 rs11774304 141160226 1 -9.467016303466636e-4 141160226 141160226 0
8 646 rs17068126 3803623 2 9.46228432836024e-4 3803623 3803623 0
8 14455 rs6981722 138769527 1 9.447354723583716e-4 138769527 138769527 0
8 5978 rs2360787 53295870 1 9.44248605132518e-4 53295870 53295870 0
8 8499 rs61729527 77761919 1 9.42087109438012e-4 77761919 77761919 0
8 10259 rs750343 97643454 1 9.417070246231752e-4 97643454 97643454 0
8 4828 rs7836407 32147740 1 -9.406295132237512e-4 32147740 32147740 0
8 14588 rs10113301 139745263 1 9.379558145886192e-4 139745263 139745263 0
8 144 rs11778654 1282843 1 -9.36595259523006e-4 1282843 1282843 0
8 11415 rs3133926 110689378 1 -9.341974099669792e-4 110689378 110689378 0
8 12018 rs1392037 118249754 1 -9.341865931986644e-4 118249754 118249754 0
8 3881 rs10503732 23689182 1 9.33047841994884e-4 23689182 23689182 0
8 1091 rs4875628 5666765 1 -9.306976947564716e-4 5666765 5666765 0
8 4532 rs17526904 28947843 1 -9.296975023014946e-4 28947843 28947843 0
8 9939 rs3813853 94752754 1 -9.259207766287532e-4 94752754 94752754 0
8 6847 rs7829407 61369006 1 9.218624276233036e-4 61369006 61369006 0
8 647 rs2554509 3811284 1 9.20612273911468e-4 3811284 3811284 0
8 7440 rs16932800 67220641 1 9.192407972225668e-4 67220641 67220641 0
8 10975 rs17192765 106106951 1 9.173312945964706e-4 106106951 106106951 0
8 5237 rs7817828 38430234 1 -9.159496658316112e-4 38430234 38430234 0
8 1159 rs1834201 5864927 2 9.120339314325968e-4 5864927 5864927 0
8 10461 rs13277184 100916952 1 9.112875134546118e-4 100916952 100916952 0
8 4580 rs10503848 29361255 1 -9.071815445662375e-4 29361255 29361255 0
8 6087 rs1477953 54424917 1 9.068413404583798e-4 54424917 54424917 0
8 15084 rs74345248 145268009 1 -9.017417481189048e-4 145268009 145268009 0
8 11111 rs10109609 107637500 1 9.00516967005366e-4 107637500 107637500 0
8 2052 rs2062068 13404242 1 -8.97615592488857e-4 13404242 13404242 0
8 12225 rs12679857 119977337 1 -8.950777502735217e-4 119977337 119977337 0
8 15061 rs112907282 144672035 1 -8.923256088202861e-4 144672035 144672035 0
8 2950 rs414884 17748118 1 8.916466751062706e-4 17748118 17748118 0
8 6931 rs10090149 62294573 1 8.911266809319828e-4 62294573 62294573 0
8 10205 rs935190 97069446 2 -8.873966025672894e-4 97069446 97069446 0
8 3329 rs7002401 19575066 1 -8.839723858737585e-4 19575066 19575066 0
8 7516 rs10504412 68885634 1 8.786862559994026e-4 68885634 68885634 0
8 3835 rs7816824 23411798 1 8.772918079491063e-4 23411798 23411798 0
8 15075 rs80304851 145058539 1 -8.757963328750685e-4 145058539 145058539 0
8 14528 rs1996030 139262090 1 8.7554779983732e-4 139262090 139262090 0
8 4827 rs901561 32143462 1 8.735226848268348e-4 32143462 32143462 0
8 3515 rs2616241 20575099 1 8.716017937698894e-4 20575099 20575099 0
8 1048 rs17074059 5423742 1 -8.715480240699631e-4 5423742 5423742 0
8 12417 rs4871109 121752559 1 8.715216381587258e-4 121752559 121752559 0
8 5599 rs6987649 42281634 1 8.642434178257663e-4 42281634 42281634 0
8 10236 rs895034 97543390 1 -8.623938444325327e-4 97543390 97543390 0
8 8662 rs2369440 79621709 1 -8.59727902849657e-4 79621709 79621709 0
8 10496 rs7001419 101472510 1 -8.574853166910526e-4 101472510 101472510 0
8 9050 rs7842063 83738448 1 8.553856160388758e-4 83738448 83738448 0
8 24 rs17738513 446359 2 8.491522885025742e-4 446359 446359 0
8 3832 rs7015818 23402070 1 8.466905979001773e-4 23402070 23402070 0
8 7922 rs4738191 72872544 1 -8.466217923921149e-4 72872544 72872544 0
8 138 rs760179 1240600 1 -8.461336804990897e-4 1240600 1240600 0
8 14946 rs10090285 143234923 2 8.442463279245949e-4 143234923 143234923 0
8 7725 rs10110141 70661354 1 8.4389670672699e-4 70661354 70661354 0
8 8286 rs13264650 75480358 1 8.393159960233086e-4 75480358 75480358 0
8 42 rs11781454 565959 1 8.375178855898477e-4 565959 565959 0
8 5474 rs963520 40801951 1 -8.373912209118835e-4 40801951 40801951 0
8 8488 rs7838141 77631295 1 -8.338914316512198e-4 77631295 77631295 0
8 4449 rs6558039 27961879 1 8.333464272144385e-4 27961879 27961879 0
8 9996 rs7842215 95176404 1 -8.321502346768184e-4 95176404 95176404 0
8 9753 rs13274956 92360617 1 8.318709041154132e-4 92360617 92360617 0
8 333 rs35119879 2595868 2 -8.316568127647747e-4 2595868 2595868 0
8 5729 rs7838995 50506522 1 8.310623955017947e-4 50506522 50506522 0
8 9442 rs13260754 88555634 1 -8.297894351747761e-4 88555634 88555634 0
8 4615 rs10503858 29792105 1 -8.297104014309295e-4 29792105 29792105 0
8 7646 rs831726 70134082 1 -8.276191920289288e-4 70134082 70134082 0
8 2987 rs372876 17884971 1 -8.260638139132274e-4 17884971 17884971 0
8 3213 rs6586786 18785476 1 8.192601117309872e-4 18785476 18785476 0
8 558 rs11781825 3483933 1 8.187412718135519e-4 3483933 3483933 0
8 14067 rs142331855 135614326 1 -8.182898409990848e-4 135614326 135614326 0
8 12509 rs16895544 122513793 1 8.177916986081129e-4 122513793 122513793 0
8 13950 rs6982411 135007667 1 -8.12326211590427e-4 135007667 135007667 0
8 12002 rs4876370 118174941 1 -8.115639491808457e-4 118174941 118174941 0
8 14612 rs1032928 140029711 1 -8.040036802628625e-4 140029711 140029711 0
8 14792 rs10091104 141327474 1 7.993789145535609e-4 141327474 141327474 0
8 5402 rs13278529 40333321 1 7.945584239785721e-4 40333321 40333321 0
8 14766 rs2614730 140975775 2 7.937232572224893e-4 140975775 140975775 0
8 10633 rs6468801 102840673 1 7.880780080041257e-4 102840673 102840673 0
8 5874 rs1835689 52377213 1 -7.859769818391498e-4 52377213 52377213 0
8 12619 rs876742 123698785 1 -7.848580019692665e-4 123698785 123698785 0
8 6073 rs16919143 54330686 1 7.815062071018489e-4 54330686 54330686 0
8 14687 rs6578030 140516541 1 7.810870534792182e-4 140516541 140516541 0
8 6173 rs16920174 55311978 1 7.779846886398439e-4 55311978 55311978 0
8 3997 rs926104 24739169 1 7.76081759748097e-4 24739169 24739169 0
8 13505 rs6997195 131480540 2 -7.757858166510109e-4 131480540 131480540 0
8 4004 rs11994760 24802235 1 7.733427466059074e-4 24802235 24802235 0
8 5181 rs16886043 37006731 1 7.730312522427099e-4 37006731 37006731 0
8 738 rs7841311 4055073 1 7.704415819730241e-4 4055073 4055073 0
8 5528 rs7018403 41303896 1 -7.68692496790703e-4 41303896 41303896 0
8 7113 rs11780445 63629549 1 -7.669963817352044e-4 63629549 63629549 0
8 6963 rs6986031 62613075 1 7.665112265680635e-4 62613075 62613075 0
8 10102 rs1123344 96215304 1 7.593646318005198e-4 96215304 96215304 0
8 14189 rs4506254 136770319 1 7.548151983845977e-4 136770319 136770319 0
8 5091 rs13263701 34607039 1 -7.500427655566602e-4 34607039 34607039 0
8 1468 rs12675645 8843836 1 -7.496613655397318e-4 8843836 8843836 0
8 7732 rs7015359 70794547 1 7.4655282053267e-4 70794547 70794547 0
8 2954 rs11780804 17761089 1 -7.464989260993098e-4 17761089 17761089 0
8 14824 rs11167021 142025644 1 -7.441558829728637e-4 142025644 142025644 0
8 14977 rs7387733 143490718 1 -7.431289891435637e-4 143490718 143490718 0
8 10891 rs62620995 105367264 1 -7.404246154128894e-4 105367264 105367264 0
8 3848 rs11135759 23469088 2 7.40338798696865e-4 23469088 23469088 0
8 596 rs2623708 3597093 1 -7.374786964372101e-4 3597093 3597093 0
8 11003 rs17283426 106382318 1 -7.366614879248551e-4 106382318 106382318 0
8 10563 rs746920 102258242 1 -7.356654580819308e-4 102258242 102258242 0
8 3017 rs11203939 17957107 1 7.346625845220796e-4 17957107 17957107 0
8 9959 rs7817292 94985722 1 7.327383346275867e-4 94985722 94985722 0
8 13867 rs4736675 134468864 1 7.320053141659015e-4 134468864 134468864 0
8 11442 rs7011447 111326504 1 -7.304998553325461e-4 111326504 111326504 0
8 3608 rs13263769 21273776 1 -7.286825113845293e-4 21273776 21273776 0
8 6022 rs2114372 53796903 1 -7.286743291000502e-4 53796903 53796903 0
8 12903 rs3909714 125968659 2 7.26848075575631e-4 125968659 125968659 0
8 13045 rs10216757 127836529 1 -7.240131301934933e-4 127836529 127836529 0
8 7943 rs10504525 72965123 1 7.239488298935754e-4 72965123 72965123 0
8 3246 rs13268591 18981713 1 7.230759019171111e-4 18981713 18981713 0
8 6786 rs1402028 61001507 1 -7.207342803229428e-4 61001507 61001507 0
8 7560 rs4737262 69411716 1 -7.157280360252322e-4 69411716 69411716 0
8 14312 rs2582478 137776731 1 -7.145221846748908e-4 137776731 137776731 0
8 6941 rs28756756 62381578 1 7.101457802235428e-4 62381578 62381578 0
8 3304 rs2975416 19489046 1 7.088835139247311e-4 19489046 19489046 0
8 644 rs2954621 3773842 1 -7.079566827391654e-4 3773842 3773842 0
8 97 rs10503153 873110 1 -7.053915367278835e-4 873110 873110 0
8 6566 rs10504246 58936071 1 7.048914382175618e-4 58936071 58936071 0
8 3790 rs6557665 23239445 1 7.034530722184651e-4 23239445 23239445 0
8 11008 rs10464844 106419754 1 7.033448499836152e-4 106419754 106419754 0
8 2786 rs2959631 17034509 1 -6.987594385273978e-4 17034509 17034509 0
8 10203 rs16894219 97052453 1 -6.987355495301756e-4 97052453 97052453 0
8 692 rs11992309 3942847 1 -6.956099809718525e-4 3942847 3942847 0
8 3205 rs6998100 18721215 1 6.945674633795131e-4 18721215 18721215 0
8 9128 rs1601978 84542015 1 -6.928358229402325e-4 84542015 84542015 0
8 6755 rs6981960 60600281 1 6.917276931338894e-4 60600281 60600281 0
8 8462 rs4735710 76906851 1 6.899537877501884e-4 76906851 76906851 0
8 6070 rs7011944 54267021 1 -6.898497616231975e-4 54267021 54267021 0
8 12 rs17064450 332249 1 -6.897478799926598e-4 332249 332249 0
8 13525 rs4310223 131642621 1 -6.87902832593757e-4 131642621 131642621 0
8 5250 rs7816405 38552757 1 -6.841363930657652e-4 38552757 38552757 0
8 1690 rs17151969 10301469 1 6.828866117204144e-4 10301469 10301469 0
8 10093 rs2599723 96027306 1 -6.815759221262393e-4 96027306 96027306 0
8 3853 rs1512268 23526463 1 -6.811098413693329e-4 23526463 23526463 0
8 10596 rs471757 102527840 1 6.78212376585984e-4 102527840 102527840 0
8 5785 rs218876 51443564 1 6.758106963370557e-4 51443564 51443564 0
8 10095 rs2678841 96088515 1 6.735126248384703e-4 96088515 96088515 0
8 13102 rs6992922 128261927 2 6.681189212887689e-4 128261927 128261927 0
8 14005 rs7844624 135433894 1 6.67762046060814e-4 135433894 135433894 0
8 4793 rs884530 31769583 1 -6.673396342352092e-4 31769583 31769583 0
8 2022 rs289556 13247355 2 6.666937234554042e-4 13247355 13247355 0
8 3217 rs720266 18830828 2 -6.651631807502718e-4 18830828 18830828 0
8 5890 rs4873558 52437547 1 -6.646233151669249e-4 52437547 52437547 0
8 3085 rs1495754 18217658 1 6.577871184001253e-4 18217658 18217658 0
8 7481 rs7814309 68525283 1 6.557186734552693e-4 68525283 68525283 0
8 13623 rs1362534 132700563 1 6.54658073748957e-4 132700563 132700563 0
8 805 rs12056740 4391377 1 -6.51235419582263e-4 4391377 4391377 0
8 11009 rs7822940 106468396 1 -6.510490103397909e-4 106468396 106468396 0
8 4205 rs9644121 26758650 1 -6.501021322775358e-4 26758650 26758650 0
8 8276 rs11986395 75419366 1 -6.480389181711166e-4 75419366 75419366 0
8 450 rs13282938 3196760 1 6.428215328416701e-4 3196760 3196760 0
8 8467 rs16939243 77041819 1 -6.420710593144555e-4 77041819 77041819 0
8 3643 rs1481007 21447615 1 -6.412375410817163e-4 21447615 21447615 0
8 4431 rs9650426 27827391 1 -6.411009337867775e-4 27827391 27827391 0
8 12052 rs11991406 118613782 1 -6.40230411748536e-4 118613782 118613782 0
8 8928 rs6981830 82925973 1 6.396623884402352e-4 82925973 82925973 0
8 6239 rs11996465 55828934 1 6.39075025168131e-4 55828934 55828934 0
8 11129 rs2930488 107827299 2 6.388257682862776e-4 107827299 107827299 0
8 12512 rs6470004 122546725 1 6.371604926589717e-4 122546725 122546725 0
8 1576 rs4841239 9692825 1 6.361899279696715e-4 9692825 9692825 0
8 4053 rs7845031 25480061 1 -6.355533369595214e-4 25480061 25480061 0
8 12648 rs6992733 124076688 2 -6.350886972132428e-4 124076688 124076688 0
8 5538 rs7014054 41368500 1 6.33407402400326e-4 41368500 41368500 0
8 9469 rs1477917 89129953 1 -6.331957760725129e-4 89129953 89129953 0
8 13511 rs9297810 131512902 1 6.328085672184113e-4 131512902 131512902 0
8 2356 rs1480695 14795799 1 -6.322494373799208e-4 14795799 14795799 0
8 1307 rs2741098 6690276 1 -6.287981563843576e-4 6690276 6690276 0
8 3031 rs17593996 18028739 1 -6.259431834146681e-4 18028739 18028739 0
8 12311 rs1055130 120847188 2 -6.222934652741542e-4 120847188 120847188 0
8 11149 rs3019943 107986935 1 -6.203269310773712e-4 107986935 107986935 0
8 7398 rs6995183 66653081 1 -6.189301262203998e-4 66653081 66653081 0
8 3332 rs17091198 19587117 2 -6.187033318195847e-4 19587117 19587117 0
8 14502 rs10109789 139089126 1 6.173104093254149e-4 139089126 139089126 0
8 9155 rs12682602 84751766 1 6.171331873903816e-4 84751766 84751766 0
8 4425 rs2726942 27819749 1 -6.17102803462899e-4 27819749 27819749 0
8 153 rs757888 1339130 1 -6.15010840729599e-4 1339130 1339130 0
8 14846 rs7014142 142248021 1 -6.122491167990609e-4 142248021 142248021 0
8 10342 rs2331652 98725970 2 -6.104470588081123e-4 98725970 98725970 0
8 13230 rs2925877 129249391 1 6.077887393550947e-4 129249391 129249391 0
8 1559 rs11249930 9472445 1 -6.062829399185653e-4 9472445 9472445 0
8 14899 rs10111326 142665525 1 6.043978046267607e-4 142665525 142665525 0
8 3781 rs7829982 23206698 1 6.039199065577946e-4 23206698 23206698 0
8 10653 rs16868941 103052377 1 6.036038613052564e-4 103052377 103052377 0
8 7637 rs12545578 70084415 1 6.031223232040516e-4 70084415 70084415 0
8 9808 rs2062009 93420294 2 -6.015104185640722e-4 93420294 93420294 0
8 12496 rs6469999 122415207 1 5.991259675488487e-4 122415207 122415207 0
8 10246 rs16894747 97578672 1 -5.968727287293359e-4 97578672 97578672 0
8 4110 rs17054793 25896410 1 -5.941229424135214e-4 25896410 25896410 0
8 8859 rs7018273 82004857 1 5.919934606444347e-4 82004857 82004857 0
8 250 rs7002629 2063261 1 5.910621247002372e-4 2063261 2063261 0
8 10524 rs2978092 101770248 1 5.890073518335326e-4 101770248 101770248 0
8 9805 rs12682312 93360383 1 -5.886473144492161e-4 93360383 93360383 0
8 7156 rs12676761 63867814 1 -5.871058126303804e-4 63867814 63867814 0
8 14678 rs1382020 140499374 1 5.870010083439799e-4 140499374 140499374 0
8 95 rs17667487 864408 1 -5.82585460721022e-4 864408 864408 0
8 5559 rs7006290 41615138 1 -5.788102827007352e-4 41615138 41615138 0
8 4327 rs7357432 27387845 2 5.767770505308057e-4 27387845 27387845 0
8 2404 rs4831679 14950895 1 5.76067552753503e-4 14950895 14950895 0
8 9896 rs277778 94352802 1 -5.759303210804414e-4 94352802 94352802 0
8 4256 rs17056786 26962037 1 5.754240644663428e-4 26962037 26962037 0
8 8621 rs2369121 79198642 1 -5.745257663111067e-4 79198642 79198642 0
8 3148 rs12675535 18435816 1 -5.728349928669427e-4 18435816 18435816 0
8 3476 rs1383246 20394374 1 -5.725705435980942e-4 20394374 20394374 0
8 4120 rs2951987 26000422 1 -5.701671783022852e-4 26000422 26000422 0
8 7830 rs13265957 72139309 1 5.61941310584412e-4 72139309 72139309 0
8 10642 rs4145554 102966148 1 5.5653364025549e-4 102966148 102966148 0
8 10609 rs10808374 102666132 1 -5.550062665049829e-4 102666132 102666132 0
8 8730 rs1227632 80155734 1 -5.540481557273916e-4 80155734 80155734 0
8 12669 rs16898247 124357253 1 -5.526540913639861e-4 124357253 124357253 0
8 6604 rs7006132 59229893 1 -5.515589772564163e-4 59229893 59229893 0
8 14799 rs12681305 141458494 1 -5.480280372762548e-4 141458494 141458494 0
8 12974 rs1602511 126959274 1 5.478327495609125e-4 126959274 126959274 0
8 6 rs3752670 221922 2 5.459174318005234e-4 221922 221922 0
8 9983 rs10100317 95114655 1 -5.443419986446622e-4 95114655 95114655 0
8 8062 rs4738281 73717976 1 -5.438320310408956e-4 73717976 73717976 0
8 9816 rs561608 93508014 1 5.428404536566758e-4 93508014 93508014 0
8 3952 rs17052263 24476252 1 5.424698975769777e-4 24476252 24476252 0
8 9904 rs1367793 94370855 1 -5.413748030589734e-4 94370855 94370855 0
8 660 rs2554728 3842999 2 5.413431541502966e-4 3842999 3842999 0
8 14179 rs6981947 136739516 1 -5.406501262991532e-4 136739516 136739516 0
8 1628 rs12543841 10078853 1 -5.405740845130635e-4 10078853 10078853 0
8 7746 rs304601 70914878 1 -5.402769807080825e-4 70914878 70914878 0
8 5600 rs6988483 42351311 1 -5.394504363586006e-4 42351311 42351311 0
8 797 rs17070309 4299883 1 -5.372547206630328e-4 4299883 4299883 0
8 5300 rs6983541 39460780 1 -5.35898391875837e-4 39460780 39460780 0
8 5344 rs2955886 39865891 1 -5.358122482514787e-4 39865891 39865891 0
8 11964 rs10808484 117679204 2 5.349313580870724e-4 117679204 117679204 0
8 10252 rs2704271 97608394 1 5.33562126204535e-4 97608394 97608394 0
8 3675 rs7818819 21888853 1 5.317411131862261e-4 21888853 21888853 0
8 13624 rs1420499 132701612 1 5.31740840773968e-4 132701612 132701612 0
8 1471 rs2979261 8861184 1 5.317007441551782e-4 8861184 8861184 0
8 5841 rs2028157 52097911 1 5.312507771689486e-4 52097911 52097911 0
8 4278 rs11786687 27103504 1 -5.304547075321508e-4 27103504 27103504 0
8 6757 rs1949102 60654261 1 -5.300002776012622e-4 60654261 60654261 0
8 4588 rs6986919 29416526 1 5.274654566475351e-4 29416526 29416526 0
8 2745 rs11986428 16718206 1 -5.260346221988049e-4 16718206 16718206 0
8 13459 rs16904203 131107094 2 5.209662405061457e-4 131107094 131107094 0
8 7500 rs4737859 68777877 1 5.206116857610294e-4 68777877 68777877 0
8 10301 rs11986544 98291647 1 -5.201699385483392e-4 98291647 98291647 0
8 13327 rs7011330 130115644 1 5.193045979971851e-4 130115644 130115644 0
8 7653 rs2380540 70288204 1 5.178839463061519e-4 70288204 70288204 0
8 2859 rs10097011 17484258 1 -5.173428553775335e-4 17484258 17484258 0
8 14685 rs2447406 140511526 1 5.171632352351369e-4 140511526 140511526 0
8 14975 rs6583623 143480669 1 -5.161125215037239e-4 143480669 143480669 0
8 2140 rs11203543 13741178 1 -5.159591966240287e-4 13741178 13741178 0
8 4212 rs13258346 26776330 1 -5.150357685623382e-4 26776330 26776330 0
8 7262 rs16930842 64992908 2 -5.146806878272003e-4 64992908 64992908 0
8 9956 rs3133978 94945655 1 5.133265218299933e-4 94945655 94945655 0
8 9511 rs1604921 89462984 1 5.132767535740055e-4 89462984 89462984 0
8 12664 rs16898086 124190445 1 -5.104649814925389e-4 124190445 124190445 0
8 5246 rs99733 38480529 1 -5.078835381673034e-4 38480529 38480529 0
8 1921 rs7841451 12854628 1 -5.077881055973982e-4 12854628 12854628 0
8 2750 rs1357558 16812832 1 5.059387760997957e-4 16812832 16812832 0
8 3334 rs11204065 19590098 2 -5.056252052392772e-4 19590098 19590098 0
8 7384 rs6985187 66381575 1 -5.04173873529042e-4 66381575 66381575 0
8 765 rs10866968 4188511 1 5.038848244772227e-4 4188511 4188511 0
8 13774 rs2553600 133782186 1 -5.034888645419835e-4 133782186 133782186 0
8 9347 rs3735966 87679463 1 5.028804642553764e-4 87679463 87679463 0
8 1370 rs6989299 8368616 1 -5.016796107743781e-4 8368616 8368616 0
8 6685 rs4738723 59776637 1 -5.003979177352765e-4 59776637 59776637 0
8 15051 rs80351785 144620584 1 -4.996226559606331e-4 144620584 144620584 0
8 1909 rs2977124 12772901 1 -4.994151321190195e-4 12772901 12772901 0
8 3529 rs2898518 20650635 2 -4.987567634982031e-4 20650635 20650635 0
8 12425 rs13282943 121830295 2 -4.983042953443656e-4 121830295 121830295 0
8 1605 rs1521191 9895230 1 -4.971168510073831e-4 9895230 9895230 0
8 8740 rs9643438 80274461 1 -4.947353966428022e-4 80274461 80274461 0
8 4568 rs653125 29266126 1 4.936940438491198e-4 29266126 29266126 0
8 6713 rs392450 60024449 1 4.900145515680384e-4 60024449 60024449 0
8 12780 rs4242365 125238368 1 -4.898218203484519e-4 125238368 125238368 0
8 3120 rs1495741 18272881 1 -4.863806336244011e-4 18272881 18272881 0
8 12915 rs7831515 126132816 1 4.854004418496872e-4 126132816 126132816 0
8 13611 rs715969 132473863 1 -4.851100655262924e-4 132473863 132473863 0
8 9250 rs6989561 86895119 1 -4.838240283131776e-4 86895119 86895119 0
8 7561 rs10504425 69419631 1 4.790213782204146e-4 69419631 69419631 0
8 6650 rs1834733 59437464 1 -4.7817922958918785e-4 59437464 59437464 0
8 14738 rs11782640 140848850 2 -4.779818503061225e-4 140848850 140848850 0
8 3321 rs3735958 19550903 1 -4.761965528859745e-4 19550903 19550903 0
8 8967 rs7016611 83326590 1 4.727768891475377e-4 83326590 83326590 0
8 11425 rs6469288 110925870 1 4.727552632458285e-4 110925870 110925870 0
8 8780 rs2920947 80633975 1 4.706339412999808e-4 80633975 80633975 0
8 9992 rs6471432 95150036 1 -4.705443770372199e-4 95150036 95150036 0
8 6973 rs1015905 62690015 2 -4.702203309523109e-4 62690015 62690015 0
8 11942 rs11774963 117468999 1 4.696919418099332e-4 117468999 117468999 0
8 490 rs7013161 3292247 1 -4.675101856717927e-4 3292247 3292247 0
8 672 rs7814462 3883119 1 4.672482419082288e-4 3883119 3883119 0
8 4025 rs17053230 25101936 1 -4.667697669773047e-4 25101936 25101936 0
8 12139 rs2451136 119238894 1 4.645280973189758e-4 119238894 119238894 0
8 4521 rs10503835 28823095 1 4.6377419690227944e-4 28823095 28823095 0
8 2108 rs1481916 13627593 1 -4.632938849659945e-4 13627593 13627593 0
8 13715 rs10956658 133355244 1 4.619748821799453e-4 133355244 133355244 0
8 1101 rs11136934 5690484 1 -4.617033813033284e-4 5690484 5690484 0
8 13529 rs10505554 131670595 1 -4.6057420278763033e-4 131670595 131670595 0
8 5610 rs7844566 42489842 1 4.600019208805671e-4 42489842 42489842 0
8 4798 rs383632 31806048 1 4.580610722978252e-4 31806048 31806048 0
8 1472 rs2956243 8864834 1 -4.571105659612993e-4 8864834 8864834 0
8 217 rs3824139 1831175 1 -4.5690635634661306e-4 1831175 1831175 0
8 14888 rs871952 142569536 1 4.551805683310821e-4 142569536 142569536 0
8 12427 rs10090646 121840359 1 -4.544478579637378e-4 121840359 121840359 0
8 807 rs11786902 4401124 1 -4.5423900114286255e-4 4401124 4401124 0
8 3015 rs7829634 17951737 1 -4.5196848879754754e-4 17951737 17951737 0
8 1503 rs12543276 9178921 1 -4.505573758561825e-4 9178921 9178921 0
8 13328 rs6987260 130123196 1 4.5031103233835346e-4 130123196 130123196 0
8 1738 rs6601524 10635222 1 4.49317499709664e-4 10635222 10635222 0
8 3061 rs4921884 18095343 1 -4.4900417487846146e-4 18095343 18095343 0
8 12030 rs11996643 118321722 1 4.4777342283813207e-4 118321722 118321722 0
8 14666 rs899073 140417049 1 4.467779072893538e-4 140417049 140417049 0
8 7538 rs10504423 69147931 1 4.460791146191686e-4 69147931 69147931 0
8 14431 rs1514203 138547529 1 -4.454666840089354e-4 138547529 138547529 0
8 681 rs7004524 3904874 1 4.447867764376865e-4 3904874 3904874 0
8 4100 rs4872381 25816376 1 4.41340489033561e-4 25816376 25816376 0
8 14086 rs4909609 135712067 1 4.3947163948087513e-4 135712067 135712067 0
8 2006 rs897265 13224672 1 4.389215966695563e-4 13224672 13224672 0
8 12603 rs7820388 123505014 1 4.383233813796322e-4 123505014 123505014 0
8 14730 rs199212 140712201 1 4.350082804120053e-4 140712201 140712201 0
8 407 rs12545633 3000462 1 4.336955153935475e-4 3000462 3000462 0
8 14752 rs2306078 140926772 1 -4.3229307483690186e-4 140926772 140926772 0
8 479 rs270083 3278264 1 4.3150998783883065e-4 3278264 3278264 0
8 12783 rs7827309 125251067 1 4.3146350503969007e-4 125251067 125251067 0
8 10919 rs1460238 105823389 1 -4.3078251363521313e-4 105823389 105823389 0
8 5872 rs1367819 52368218 1 -4.285944288918558e-4 52368218 52368218 0
8 68 rs6995315 737782 1 4.269735668011879e-4 737782 737782 0
8 3645 rs4739266 21452466 1 -4.262565698938143e-4 21452466 21452466 0
8 12991 rs7838729 127177084 1 4.2559041928383735e-4 127177084 127177084 0
8 7302 rs13282866 65561378 1 -4.224897088950982e-4 65561378 65561378 0
8 12495 rs2891940 122411349 1 -4.192869545741013e-4 122411349 122411349 0
8 2752 rs823601 16817416 1 4.1830354877711465e-4 16817416 16817416 0
8 12416 rs4478618 121739448 1 4.168185615654776e-4 121739448 121739448 0
8 5679 rs10504064 49358033 1 4.131513385672355e-4 49358033 49358033 0
8 9335 rs6991672 87652115 1 4.1259623254445433e-4 87652115 87652115 0
8 3060 rs11203948 18093176 1 -4.1207499389205054e-4 18093176 18093176 0
8 9084 rs2140012 84149158 1 -4.1083525309385086e-4 84149158 84149158 0
8 1736 rs6601522 10629061 1 -4.105852359980426e-4 10629061 10629061 0
8 10311 rs2853288 98389164 1 -4.09952500241983e-4 98389164 98389164 0
8 10036 rs2119461 95574634 1 4.0917069001676295e-4 95574634 95574634 0
8 198 rs2972174 1654818 2 -4.0651420165582633e-4 1654818 1654818 0
8 11151 rs16875446 107993651 1 4.0513439559342e-4 107993651 107993651 0
8 11141 rs7836820 107928113 1 4.046618536163917e-4 107928113 107928113 0
8 2605 rs7006982 15677233 1 4.042303959622492e-4 15677233 15677233 0
8 10926 rs1020826 105864131 1 -4.0412953511073543e-4 105864131 105864131 0
8 8049 rs2247672 73632103 1 4.0382503129037536e-4 73632103 73632103 0
8 3551 rs6984780 20743401 1 4.028104792104328e-4 20743401 20743401 0
8 5598 rs3763510 42274960 1 4.019918122183467e-4 42274960 42274960 0
8 1049 rs2527760 5425042 1 -4.016182019936229e-4 5425042 5425042 0
8 7580 rs4313142 69534542 1 -4.014282726032073e-4 69534542 69534542 0
8 3876 rs310292 23663101 1 4.010362244643516e-4 23663101 23663101 0
8 3958 rs10088359 24536448 1 3.999678039114281e-4 24536448 24536448 0
8 10135 rs10504950 96483451 1 3.986052139785503e-4 96483451 96483451 0
8 5340 rs16888530 39858078 1 3.985115890969899e-4 39858078 39858078 0
8 2589 rs918245 15596087 1 3.983169555940505e-4 15596087 15596087 0
8 9363 rs10956972 87768331 1 -3.969130911143033e-4 87768331 87768331 0
8 3639 rs6993164 21431520 1 3.9690362095574585e-4 21431520 21431520 0
8 11374 rs77766145 110406697 1 -3.961600532285768e-4 110406697 110406697 0
8 13518 rs10956535 131554761 2 3.9590542776584455e-4 131554761 131554761 0
8 10892 rs2669425 105395583 1 3.9552718876495127e-4 105395583 105395583 0
8 10114 rs1982872 96285290 1 -3.9537692443916033e-4 96285290 96285290 0
8 10494 rs4075553 101430680 1 3.9519792934769826e-4 101430680 101430680 0
8 8988 rs7830076 83424302 1 -3.94887200189239e-4 83424302 83424302 0
8 2193 rs981905 14082230 1 -3.947602188823978e-4 14082230 14082230 0
8 13091 rs7825340 128109129 1 3.930679323309613e-4 128109129 128109129 0
8 1312 rs2738169 6742558 1 3.919727444756547e-4 6742558 6742558 0
8 13840 rs2977551 134243550 2 -3.915905325355419e-4 134243550 134243550 0
8 7399 rs17396080 66654703 2 3.9079047502968065e-4 66654703 66654703 0
8 651 rs2627451 3828692 1 -3.8723771199715136e-4 3828692 3828692 0
8 9392 rs4557720 87932823 2 -3.872344578249604e-4 87932823 87932823 0
8 10134 rs968962 96482283 1 -3.8526053009442745e-4 96482283 96482283 0
8 4695 rs2880773 30802695 1 -3.852495998813427e-4 30802695 30802695 0
8 14527 rs16908681 139260668 1 3.849334311326196e-4 139260668 139260668 0
8 3279 rs6980861 19274742 1 -3.848847867293056e-4 19274742 19274742 0
8 10531 rs7003310 101821033 1 3.8434636676119914e-4 101821033 101821033 0
8 12047 rs17667932 118549376 1 3.8287101511847745e-4 118549376 118549376 0
8 13769 rs117725783 133764112 1 -3.8154955527138835e-4 133764112 133764112 0
8 11965 rs6980504 117680269 1 3.795341472065686e-4 117680269 117680269 0
8 10442 rs11995956 100350083 1 3.7940440348647184e-4 100350083 100350083 0
8 13916 rs2922446 134664999 1 -3.788029213248472e-4 134664999 134664999 0
8 4663 rs2979502 30450114 1 3.785189529784878e-4 30450114 30450114 0
8 8227 rs17249487 75061350 2 3.784667071253886e-4 75061350 75061350 0
8 609 rs10102119 3670381 1 -3.7559433340712746e-4 3670381 3670381 0
8 322 rs12675079 2491024 1 3.751579870781277e-4 2491024 2491024 0
8 3297 rs10503650 19410393 1 3.7488736415372304e-4 19410393 19410393 0
8 7649 rs1026832 70254430 1 3.7454510708496226e-4 70254430 70254430 0
8 13388 rs16904121 130600781 1 3.7420809778121233e-4 130600781 130600781 0
8 13307 rs10092273 129870831 1 3.7250073827316146e-4 129870831 129870831 0
8 6017 rs11775217 53738033 1 3.705592973075145e-4 53738033 53738033 0
8 14943 rs7817259 143233571 1 -3.6999329009308415e-4 143233571 143233571 0
8 12076 rs12548168 118805719 1 3.697429051490182e-4 118805719 118805719 0
8 14003 rs4897724 135427438 1 -3.6843223896062215e-4 135427438 135427438 0
8 13278 rs6981075 129611061 1 3.681522594509845e-4 129611061 129611061 0
8 1180 rs2570668 6030568 1 -3.642310053093041e-4 6030568 6030568 0
8 1452 rs10093912 8762040 1 -3.640391001486959e-4 8762040 8762040 0
8 5963 rs2303457 53079336 1 3.633872495882946e-4 53079336 53079336 0
8 14813 rs7001653 141621038 2 -3.613889816690693e-4 141621038 141621038 0
8 8242 rs4737409 75135150 1 3.6119707821455186e-4 75135150 75135150 0
8 6132 rs6983482 54601462 1 3.599903178505408e-4 54601462 54601462 0
8 3281 rs17407149 19274848 2 3.592116729501048e-4 19274848 19274848 0
8 3374 rs6586876 19738260 1 3.5872595407761347e-4 19738260 19738260 0
8 2531 rs10112624 15266937 1 -3.586052002461435e-4 15266937 15266937 0
8 2600 rs240657 15665612 1 3.5844251249985337e-4 15665612 15665612 0
8 10458 rs4626565 100890542 1 3.558020511659715e-4 100890542 100890542 0
8 3727 rs10102337 22648756 1 3.5375210988509043e-4 22648756 22648756 0
8 11011 rs6983550 106482105 1 -3.529960578030101e-4 106482105 106482105 0
8 15018 rs7844961 144002184 1 -3.504474868681864e-4 144002184 144002184 0
8 11914 rs7812812 116902470 1 3.499322763242291e-4 116902470 116902470 0
8 9331 rs3735972 87588198 1 3.4919973884998577e-4 87588198 87588198 0
8 13126 rs9643225 128494391 1 -3.47016264144422e-4 128494391 128494391 0
8 8263 rs16938888 75265600 1 3.46942408537243e-4 75265600 75265600 0
8 150 rs10283337 1319724 1 -3.468509522462699e-4 1319724 1319724 0
8 15044 rs71520524 144557739 1 -3.427869455183541e-4 144557739 144557739 0
8 5819 rs10102094 51802055 1 -3.426503023555202e-4 51802055 51802055 0
8 5769 rs1597432 51284501 1 -3.423805370235271e-4 51284501 51284501 0
8 5244 rs7845862 38471714 1 3.404610912497403e-4 38471714 38471714 0
8 4479 rs351776 28191306 1 3.394970055004231e-4 28191306 28191306 0
8 5299 rs13270163 39449187 1 -3.3913493946068925e-4 39449187 39449187 0
8 3416 rs4424271 19950655 1 3.366266396917317e-4 19950655 19950655 0
8 847 rs1676936 4597645 1 3.364438296296367e-4 4597645 4597645 0
8 10184 rs3134498 96823305 1 3.3631961385872813e-4 96823305 96823305 0
8 8554 rs2063794 78419218 1 -3.359447948540356e-4 78419218 78419218 0
8 11132 rs16875176 107845898 1 3.350816978844709e-4 107845898 107845898 0
8 4971 rs7842778 33391380 1 -3.3465360035948627e-4 33391380 33391380 0
8 306 rs7017375 2292537 1 -3.338763365518672e-4 2292537 2292537 0
8 7890 rs3890710 72640116 1 -3.336481323820277e-4 72640116 72640116 0
8 10514 rs1693551 101675584 1 3.3340248924825953e-4 101675584 101675584 0
8 14348 rs10090384 138005370 1 -3.309102604347036e-4 138005370 138005370 0
8 13725 rs2673607 133408796 1 -3.308338454126875e-4 133408796 133408796 0
8 13835 rs72731540 134233024 1 3.3018479534901513e-4 134233024 134233024 0
8 14852 rs6999890 142305792 1 3.290121289314954e-4 142305792 142305792 0
8 3287 rs11985575 19295831 1 3.2601070713674153e-4 19295831 19295831 0
8 4453 rs10104739 28001680 1 3.2597324753575504e-4 28001680 28001680 0
8 7894 rs4738159 72684401 1 -3.254624414815245e-4 72684401 72684401 0
8 6424 rs929965 57651490 1 3.2521980411211274e-4 57651490 57651490 0
8 14526 rs10102213 139245031 1 -3.2452652270835013e-4 139245031 139245031 0
8 5313 rs201982 39594979 1 -3.2251014933784984e-4 39594979 39594979 0
8 5180 rs489583 37003868 1 3.20442089192663e-4 37003868 37003868 0
8 7353 rs10504382 65995595 1 -3.197700880188707e-4 65995595 65995595 0
8 2473 rs10888107 15151181 1 3.18919731168485e-4 15151181 15151181 0
8 1332 rs56215812 8185746 1 -3.1824725340557063e-4 8185746 8185746 0
8 6879 rs12549487 61829264 1 3.166976026140316e-4 61829264 61829264 0
8 13676 rs2280851 133089975 2 3.1643453711423827e-4 133089975 133089975 0
8 5914 rs10504125 52608437 1 -3.159312254690763e-4 52608437 52608437 0
8 7523 rs1897874 68970343 1 -3.1533257984347535e-4 68970343 68970343 0
8 438 rs17320105 3161497 2 -3.151614367039132e-4 3161497 3161497 0
8 5231 rs7830964 38350315 1 3.1396014348891835e-4 38350315 38350315 0
8 8826 rs367273 81338686 1 3.127019328402443e-4 81338686 81338686 0
8 10352 rs4631429 98876595 1 3.126017493352553e-4 98876595 98876595 0
8 4276 rs3739212 27099879 1 3.1134025788631805e-4 27099879 27099879 0
8 13404 rs10956489 130727016 1 -3.104736716643932e-4 130727016 130727016 0
8 2396 rs17655261 14921055 1 -3.101387112572342e-4 14921055 14921055 0
8 8955 rs1031874 83273087 1 3.0910002135291036e-4 83273087 83273087 0
8 12638 rs16897861 124023374 1 -3.086372131665898e-4 124023374 124023374 0
8 11083 rs1453226 107503845 1 -3.07710641082887e-4 107503845 107503845 0
8 13353 rs2719194 130417371 1 -3.071562749468417e-4 130417371 130417371 0
8 5280 rs7016661 39088049 2 3.044473424515015e-4 39088049 39088049 0
8 14906 rs12676599 142745374 1 -3.0319040720973224e-4 142745374 142745374 0
8 10297 rs6468543 98280132 1 3.031660679559795e-4 98280132 98280132 0
8 1313 rs2738165 6743568 1 -3.024497246881655e-4 6743568 6743568 0
8 5966 rs2360808 53125900 1 -3.0128180049465356e-4 53125900 53125900 0
8 13781 rs756201 133858009 1 3.0060423045846e-4 133858009 133858009 0
8 3811 rs2017650 23351559 1 -3.004612060938782e-4 23351559 23351559 0
8 12658 rs6470144 124152245 1 -3.002380745638687e-4 124152245 124152245 0
8 369 rs7840244 2788108 2 2.9918294741333447e-4 2788108 2788108 0
8 12818 rs17299208 125576681 1 -2.9796512530851484e-4 125576681 125576681 0
8 5284 rs7008808 39142264 1 -2.979058236071798e-4 39142264 39142264 0
8 5577 rs11785453 41987243 1 -2.959440304694536e-4 41987243 41987243 0
8 5414 rs2565085 40373509 1 -2.95567380069683e-4 40373509 40373509 0
8 9319 rs2304789 87567193 1 2.935581402962155e-4 87567193 87567193 0
8 5179 rs7814066 36994316 1 2.929471310264151e-4 36994316 36994316 0
8 13401 rs6470761 130708114 1 -2.9225247239452303e-4 130708114 130708114 0
8 16 rs1550948 335646 1 -2.918970475482988e-4 335646 335646 0
8 4154 rs3808564 26438546 1 2.917665434307745e-4 26438546 26438546 0
8 10096 rs4734298 96101786 1 2.915171959118766e-4 96101786 96101786 0
8 8612 rs2369095 79107712 1 -2.9129938331231913e-4 79107712 79107712 0
8 9492 rs7816934 89312391 1 -2.9061175623889044e-4 89312391 89312391 0
8 6252 rs13253286 56137658 1 2.904024648656923e-4 56137658 56137658 0
8 1508 rs11778929 9184529 1 -2.8695120757191194e-4 9184529 9184529 0
8 12050 rs1993980 118608208 2 -2.86913093193539e-4 118608208 118608208 0
8 14803 rs11780595 141506903 1 2.8539994263160025e-4 141506903 141506903 0
8 11935 rs1881129 117334573 1 2.844874797306801e-4 117334573 117334573 0
8 5099 rs13273022 34887877 2 2.834449797531588e-4 34887877 34887877 0
8 4137 rs7012604 26204089 2 2.829017229956689e-4 26204089 26204089 0
8 9627 rs39502 90776812 2 -2.825370329560663e-4 90776812 90776812 0
8 12716 rs13258681 124714722 1 2.823589904996868e-4 124714722 124714722 0
8 945 rs1454278 5002478 1 -2.790298428788225e-4 5002478 5002478 0
8 6280 rs13439780 56344186 1 2.7891826408117675e-4 56344186 56344186 0
8 10323 rs2853305 98435107 1 2.779826865589947e-4 98435107 98435107 0
8 8357 rs10504592 76039322 1 -2.774471994205187e-4 76039322 76039322 0
8 8303 rs13252364 75716500 1 -2.768871023475659e-4 75716500 75716500 0
8 13477 rs9297805 131241296 1 -2.7669137965826535e-4 131241296 131241296 0
8 334 rs17755518 2596106 1 2.7662418663407197e-4 2596106 2596106 0
8 2535 rs11990887 15271666 1 -2.757572334118134e-4 15271666 15271666 0
8 2400 rs1378032 14944692 1 2.7465316241141475e-4 14944692 14944692 0
8 7107 rs11985179 63600769 1 -2.745451644807274e-4 63600769 63600769 0
8 2291 rs1355304 14471820 1 2.7315250492730735e-4 14471820 14471820 0
8 3194 rs335245 18645308 1 -2.731054718827881e-4 18645308 18645308 0
8 8443 rs16939150 76639216 1 2.72994776899672e-4 76639216 76639216 0
8 7654 rs4737965 70305107 1 -2.7295184930310756e-4 70305107 70305107 0
8 628 rs6998344 3733003 1 -2.70854781345014e-4 3733003 3733003 0
8 2761 rs950549 16841292 1 2.692754565909945e-4 16841292 16841292 0
8 5192 rs10504003 37128540 1 2.6901071470343356e-4 37128540 37128540 0
8 219 rs4242520 1840697 2 -2.6828927591107774e-4 1840697 1840697 0
8 13231 rs17205164 129252171 1 -2.6747115422308534e-4 129252171 129252171 0
8 11393 rs16879659 110504218 1 2.655657647216718e-4 110504218 110504218 0
8 13565 rs7838870 131883875 2 -2.6501605797096003e-4 131883875 131883875 0
8 5107 rs7015191 34975110 1 -2.64847946184216e-4 34975110 34975110 0
8 1085 rs2048575 5652215 2 -2.646370233090932e-4 5652215 5652215 0
8 2738 rs6983107 16702550 1 2.637759438391611e-4 16702550 16702550 0
8 71 rs1393703 782845 2 2.6364384461964287e-4 782845 782845 0
8 1629 rs10503403 10080944 1 -2.6303532515685864e-4 10080944 10080944 0
8 11138 rs4269515 107909009 1 -2.62934897852938e-4 107909009 107909009 0
8 6968 rs6990434 62643783 1 2.62930519488924e-4 62643783 62643783 0
8 1469 rs4472520 8849443 1 -2.62460355669803e-4 8849443 8849443 0
8 4417 rs17058204 27767066 1 -2.623037145289914e-4 27767066 27767066 0
8 1399 rs17681846 8471348 1 2.621208733686503e-4 8471348 8471348 0
8 595 rs2623702 3594906 1 -2.620947790515158e-4 3594906 3594906 0
8 5098 rs6995738 34770257 1 -2.6182926452317977e-4 34770257 34770257 0
8 409 rs1460399 3030978 1 -2.607756454063602e-4 3030978 3030978 0
8 13316 rs12548036 129947882 1 -2.607118720194567e-4 129947882 129947882 0
8 11714 rs6986063 114851774 2 2.597036846607979e-4 114851774 114851774 0
8 5509 rs7823929 41108648 1 2.588946259052796e-4 41108648 41108648 0
8 4806 rs13266401 31887758 1 2.5847800396438115e-4 31887758 31887758 0
8 12948 rs4870946 126603194 1 -2.548833312479467e-4 126603194 126603194 0
8 11376 rs964307 110413762 1 -2.5322583221871174e-4 110413762 110413762 0
8 2272 rs11203633 14447094 1 2.52686530737002e-4 14447094 14447094 0
8 9830 rs1463184 93613214 1 -2.521039930791968e-4 93613214 93613214 0
8 4414 rs4515501 27763129 1 -2.51544417163775e-4 27763129 27763129 0
8 3310 rs17128793 19510286 2 -2.5098026731066626e-4 19510286 19510286 0
8 5903 rs7017902 52538501 1 -2.5052090646327934e-4 52538501 52538501 0
8 9693 rs2187982 91556317 1 -2.488992347889678e-4 91556317 91556317 0
8 13526 rs4282589 131654547 1 2.467900912625534e-4 131654547 131654547 0
8 2085 rs6530659 13496786 1 2.46619381575721e-4 13496786 13496786 0
8 7503 rs6990917 68799377 1 2.4508179339225523e-4 68799377 68799377 0
8 9491 rs7834743 89311785 1 2.450793771800558e-4 89311785 89311785 0
8 9166 rs7820174 84823255 1 -2.440980841637567e-4 84823255 84823255 0
8 1345 rs13252804 8283706 1 -2.436457861242838e-4 8283706 8283706 0
8 12623 rs6980880 123787061 1 2.4270173047074073e-4 123787061 123787061 0
8 14560 rs6577933 139571978 1 -2.4174339520905425e-4 139571978 139571978 0
8 4169 rs6992526 26588975 2 -2.39019438927264e-4 26588975 26588975 0
8 8473 rs7827536 77258716 1 2.376871800653613e-4 77258716 77258716 0
8 12697 rs2385441 124631864 1 -2.374772652046712e-4 124631864 124631864 0
8 4579 rs10091038 29360305 2 -2.36670257085766e-4 29360305 29360305 0
8 13838 rs2929969 134240697 1 -2.3663502479774e-4 134240697 134240697 0
8 5225 rs2306899 38095662 1 2.329579011949053e-4 38095662 38095662 0
8 11949 rs1898287 117579970 1 -2.327921437486577e-4 117579970 117579970 0
8 1527 rs9329191 9216584 1 -2.323790901175047e-4 9216584 9216584 0
8 3242 rs4921984 18924056 1 -2.313321679588796e-4 18924056 18924056 0
8 1230 rs1373306 6307322 2 -2.3117247613710037e-4 6307322 6307322 0
8 13177 rs10956403 129007207 1 2.2971618705295768e-4 129007207 129007207 0
8 2617 rs17675975 15754033 1 2.29614691162691e-4 15754033 15754033 0
8 6047 rs6473795 54130678 1 -2.2868785427379587e-4 54130678 54130678 0
8 9916 rs7837480 94468378 1 -2.2769807107344276e-4 94468378 94468378 0
8 3059 rs11203945 18092958 1 -2.260250991317501e-4 18092958 18092958 0
8 6143 rs7007028 54907509 1 2.2566524630937708e-4 54907509 54907509 0
8 4080 rs4382486 25643577 1 -2.2432188643011644e-4 25643577 25643577 0
8 4973 rs1440530 33414494 1 2.240953834764035e-4 33414494 33414494 0
8 8792 rs1396856 80735073 1 2.239945408519359e-4 80735073 80735073 0
8 4740 rs4326344 31369158 1 2.2272925874351453e-4 31369158 31369158 0
8 11915 rs7814835 116914968 2 -2.2242097652304616e-4 116914968 116914968 0
8 5964 rs6992634 53098200 1 -2.215376455266777e-4 53098200 53098200 0
8 14487 rs2705302 138915718 1 -2.209587293768882e-4 138915718 138915718 0
8 5480 rs11987006 40834880 1 2.201062549606675e-4 40834880 40834880 0
8 12956 rs4871622 126618736 1 2.200792736935044e-4 126618736 126618736 0
8 6822 rs6984526 61149731 1 -2.1920380582696267e-4 61149731 61149731 0
8 10889 rs2514668 105362656 1 -2.1658089868349344e-4 105362656 105362656 0
8 10337 rs1031868 98640062 1 -2.1534789886393436e-4 98640062 98640062 0
8 7929 rs6472656 72928115 1 2.1465327636108065e-4 72928115 72928115 0
8 3851 rs10098347 23477195 1 -2.1433543548121263e-4 23477195 23477195 0
8 1737 rs6993841 10632684 1 2.1432769324805024e-4 10632684 10632684 0
8 12951 rs7002040 126610907 1 2.140432876606304e-4 126610907 126610907 0
8 11170 rs2844270 108218786 1 2.1383076570042904e-4 108218786 108218786 0
8 8991 rs10504762 83427463 1 -2.1233725363331452e-4 83427463 83427463 0
8 3679 rs113027572 21929924 1 -2.1223807860305195e-4 21929924 21929924 0
8 4698 rs1125841 30858054 1 -2.118019838525911e-4 30858054 30858054 0
8 7237 rs1149467 64591472 1 -2.1132242040017697e-4 64591472 64591472 0
8 1188 rs7822472 6094406 1 2.1128305849084407e-4 6094406 6094406 0
8 1396 rs17154314 8460285 1 -2.108077130613736e-4 8460285 8460285 0
8 13173 rs4637783 128996639 1 2.106440710115239e-4 128996639 128996639 0
8 9014 rs7819717 83588608 1 -2.105361914845955e-4 83588608 83588608 0
8 2481 rs12548410 15157843 1 2.1003504054282424e-4 15157843 15157843 0
8 11490 rs13272590 112427712 1 -2.096702984313625e-4 112427712 112427712 0
8 5322 rs202006 39628986 1 -2.078653418369272e-4 39628986 39628986 0
8 521 rs12114480 3367210 1 -2.047633918090894e-4 3367210 3367210 0
8 2629 rs7000884 15776837 1 -2.0472499670274387e-4 15776837 15776837 0
8 4481 rs2272750 28209837 1 -2.0449573361554024e-4 28209837 28209837 0
8 13153 rs6990534 128814091 1 2.027887785867205e-4 128814091 128814091 0
8 680 rs3843921 3904671 1 -2.0264717225089313e-4 3904671 3904671 0
8 10537 rs7823558 101879598 1 -2.0195100998273368e-4 101879598 101879598 0
8 13695 rs11783348 133132028 1 2.0135169983151455e-4 133132028 133132028 0
8 10526 rs2951967 101770762 1 -2.0098877451481855e-4 101770762 101770762 0
8 10842 rs17817645 105001366 2 -2.0040208917188404e-4 105001366 105001366 0
8 3742 rs17757261 22772384 1 1.9949366084600633e-4 22772384 22772384 0
8 6966 rs10094729 62636162 1 1.9917865614805592e-4 62636162 62636162 0
8 12308 rs17818842 120844782 1 1.973497885515063e-4 120844782 120844782 0
8 9957 rs3134010 94973212 1 1.9732616012101145e-4 94973212 94973212 0
8 844 rs1676972 4577681 1 1.968096339772588e-4 4577681 4577681 0
8 4999 rs7465686 33718321 1 1.967870254999772e-4 33718321 33718321 0
8 1613 rs1385256 10018850 1 1.9509262925254385e-4 10018850 10018850 0
8 10479 rs17421246 101262063 1 1.9501828112163423e-4 101262063 101262063 0
8 10234 rs2589208 97541936 1 -1.936785169429716e-4 97541936 97541936 0
8 8880 rs9298367 82441040 1 1.9359648477782835e-4 82441040 82441040 0
8 4556 rs4732922 29110154 1 -1.9292873857027103e-4 29110154 29110154 0
8 33 rs184596 507994 2 1.9218975620863645e-4 507994 507994 0
8 4606 rs13278786 29694470 1 -1.9207272665605667e-4 29694470 29694470 0
8 5450 rs10504034 40532142 1 -1.91947729567422e-4 40532142 40532142 0
8 12172 rs2515011 119492578 1 -1.915470454555874e-4 119492578 119492578 0
8 7657 rs7829527 70337897 1 1.899017911851997e-4 70337897 70337897 0
8 9630 rs2230801 90784979 2 1.874796741695371e-4 90784979 90784979 0
8 1078 rs11136921 5644626 1 -1.8702764580776985e-4 5644626 5644626 0
8 8268 rs6995700 75274727 1 1.8561062149027665e-4 75274727 75274727 0
8 5579 rs10958707 41997694 1 1.8544138800926513e-4 41997694 41997694 0
8 13828 rs11781004 134212130 1 1.8508018285628684e-4 134212130 134212130 0
8 9869 rs279453 94088647 1 1.8389670303872092e-4 94088647 94088647 0
8 12176 rs17756861 119580973 1 1.8337772396977064e-4 119580973 119580973 0
8 10171 rs3107060 96762545 1 1.8331818652090936e-4 96762545 96762545 0
8 5891 rs7003517 52442708 1 -1.8304784693379917e-4 52442708 52442708 0
8 12229 rs17758258 120007948 2 -1.830433588581723e-4 120007948 120007948 0
8 5881 rs13271514 52399179 1 -1.8151522508219375e-4 52399179 52399179 0
8 8858 rs2705497 81960515 1 1.8119769622140753e-4 81960515 81960515 0
8 8133 rs16938583 74094510 1 1.810635192320083e-4 74094510 74094510 0
8 8299 rs1392966 75682535 1 -1.797517561081789e-4 75682535 75682535 0
8 11301 rs6994837 109348150 1 -1.7952285629411598e-4 109348150 109348150 0
8 12393 rs4870736 121616345 1 1.7446309187402258e-4 121616345 121616345 0
8 293 rs2618811 2121197 1 -1.7442872294018533e-4 2121197 2121197 0
8 10144 rs12676175 96518204 1 -1.7410399142469586e-4 96518204 96518204 0
8 2154 rs17118128 13804128 1 -1.739554468620428e-4 13804128 13804128 0
8 4895 rs2439322 32520472 1 -1.7359443195808546e-4 32520472 32520472 0
8 9622 rs6981616 90708428 1 -1.7352123824584742e-4 90708428 90708428 0
8 302 rs717920 2149448 1 1.7234594517462543e-4 2149448 2149448 0
8 3733 rs34057411 22675196 1 -1.7099372214011329e-4 22675196 22675196 0
8 1731 rs733396 10621981 1 -1.7098117360287457e-4 10621981 10621981 0
8 7291 rs10441561 65467510 1 1.7077711849831836e-4 65467510 65467510 0
8 1535 rs10435712 9255250 1 -1.6989990065100586e-4 9255250 9255250 0
8 2440 rs509852 15048430 1 -1.6947406926340913e-4 15048430 15048430 0
8 14614 rs12678595 140033861 1 -1.6932560823999478e-4 140033861 140033861 0
8 915 rs4458898 4814303 1 -1.6919103283160808e-4 4814303 4814303 0
8 10511 rs6468728 101638424 1 -1.6802731066262595e-4 101638424 101638424 0
8 11932 rs10505279 117301701 1 1.6773715239039956e-4 117301701 117301701 0
8 7546 rs1880535 69271567 1 1.664664829565188e-4 69271567 69271567 0
8 8888 rs79849182 82607027 1 -1.6629677320033557e-4 82607027 82607027 0
8 4167 rs4073055 26574853 1 1.6596288946120377e-4 26574853 26574853 0
8 234 rs1822036 2001704 1 1.6514371338570405e-4 2001704 2001704 0
8 13814 rs17630941 134104549 1 -1.62506115390317e-4 134104549 134104549 0
8 13453 rs7460645 131074024 1 1.617929667310512e-4 131074024 131074024 0
8 12810 rs13263130 125535426 1 -1.6045472378156065e-4 125535426 125535426 0
8 15070 rs148555909 144892984 2 -1.6019550807035745e-4 144892984 144892984 0
8 35 rs3930083 527220 1 1.599217882344075e-4 527220 527220 0
8 1774 rs2409691 10943276 1 -1.5540483920526075e-4 10943276 10943276 0
8 440 rs10086567 3167217 1 -1.534726905231849e-4 3167217 3167217 0
8 11137 rs6469084 107908032 1 1.4892786091279115e-4 107908032 107908032 0
8 209 rs6558551 1782495 1 1.482196732999177e-4 1782495 1782495 0
8 5320 rs202014 39622174 1 1.4703335347168034e-4 39622174 39622174 0
8 204 rs4875958 1721090 1 1.4497523134949906e-4 1721090 1721090 0
8 11187 rs4262299 108342263 1 -1.4466415235514033e-4 108342263 108342263 0
8 7941 rs1025928 72963258 1 -1.4412912553768344e-4 72963258 72963258 0
8 10696 rs4269511 103456352 1 -1.437324660753815e-4 103456352 103456352 0
8 5469 rs17647194 40674273 1 -1.414111012435504e-4 40674273 40674273 0
8 13019 rs11783521 127386194 1 -1.412376308322618e-4 127386194 127386194 0
8 1905 rs17121552 12754267 1 1.4075358884461586e-4 12754267 12754267 0
8 1449 rs332017 8752587 2 -1.4005382198714313e-4 8752587 8752587 0
8 14127 rs1904863 136068443 2 -1.397856359610256e-4 136068443 136068443 0
8 14190 rs4335161 136770912 1 -1.382269366048677e-4 136770912 136770912 0
8 14656 rs11781232 140343359 1 1.381864004261228e-4 140343359 140343359 0
8 8153 rs114263344 74334889 1 -1.377323257045433e-4 74334889 74334889 0
8 10434 rs4734407 99507313 2 -1.3760415255489444e-4 99507313 99507313 0
8 13577 rs6470861 131936854 1 1.356979180017613e-4 131936854 131936854 0
8 7301 rs59035258 65527669 1 1.3520791325871288e-4 65527669 65527669 0
8 2943 rs2517302 17734930 1 -1.3482127918207972e-4 17734930 17734930 0
8 9100 rs9643769 84310856 1 -1.3304878347041206e-4 84310856 84310856 0
8 8410 rs2941456 76443463 1 1.325709469060213e-4 76443463 76443463 0
8 10207 rs580234 97081252 1 -1.3250760200330316e-4 97081252 97081252 0
8 6943 rs16927470 62458019 1 1.3134818431971286e-4 62458019 62458019 0
8 4959 rs12155581 33287802 1 1.304399317525481e-4 33287802 33287802 0
8 8857 rs1026830 81958305 1 1.3025443658141217e-4 81958305 81958305 0
8 8037 rs1080333 73579879 1 -1.3018188601636143e-4 73579879 73579879 0
8 13030 rs7832762 127584005 1 -1.295662656027146e-4 127584005 127584005 0
8 12411 rs4242317 121701132 1 -1.2924855212031943e-4 121701132 121701132 0
8 1509 rs10106829 9184628 1 -1.278735149287679e-4 9184628 9184628 0
8 14677 rs10101763 140497806 1 1.2741106798959954e-4 140497806 140497806 0
8 12912 rs2272682 126049443 1 -1.271046407508353e-4 126049443 126049443 0
8 400 rs9792343 2934858 1 -1.2625742077341205e-4 2934858 2934858 0
8 8486 rs7011404 77604704 1 1.2587193491178005e-4 77604704 77604704 0
8 4333 rs4149253 27396208 1 -1.2294617199053306e-4 27396208 27396208 0
8 1948 rs658856 12952293 1 1.2267711138789586e-4 12952293 12952293 0
8 12968 rs1444003 126774314 2 1.2251304774786012e-4 126774314 126774314 0
8 6283 rs2975997 56350638 1 -1.2208496540363448e-4 56350638 56350638 0
8 13421 rs10090835 130789767 1 1.2206177805867938e-4 130789767 130789767 0
8 3844 rs10503731 23463823 1 1.1933527108124416e-4 23463823 23463823 0
8 4565 rs4732934 29230135 1 1.1921070143379984e-4 29230135 29230135 0
8 4539 rs9987365 28960219 1 -1.1890821979298986e-4 28960219 28960219 0
8 5336 rs4736794 39840234 1 -1.188897180932804e-4 39840234 39840234 0
8 6405 rs7004591 57534550 1 1.1788717117511604e-4 57534550 57534550 0
8 9843 rs10112398 93795052 1 1.1726834135787948e-4 93795052 93795052 0
8 13236 rs10102883 129286933 1 1.172244772291736e-4 129286933 129286933 0
8 7074 rs6993486 63434639 1 1.1705588037961584e-4 63434639 63434639 0
8 806 rs12547182 4400460 1 1.1563905326164331e-4 4400460 4400460 0
8 10462 rs7006527 101024505 1 -1.149423787860601e-4 101024505 101024505 0
8 559 rs10108630 3484731 1 -1.1438135031491342e-4 3484731 3484731 0
8 7898 rs4345609 72709739 1 1.1435015489888608e-4 72709739 72709739 0
8 211 rs7007884 1807756 1 1.1315741025781406e-4 1807756 1807756 0
8 5169 rs7818942 36907645 1 1.1111828648792932e-4 36907645 36907645 0
8 5882 rs4873195 52402412 1 -1.1100462949795308e-4 52402412 52402412 0
8 13122 rs10109622 128458151 1 1.1096410809662633e-4 128458151 128458151 0
8 9127 rs10091606 84528270 1 1.0892416180540466e-4 84528270 84528270 0
8 7670 rs1946937 70418446 1 -1.0869555995188927e-4 70418446 70418446 0
8 6551 rs13273087 58795132 1 1.0839517921428243e-4 58795132 58795132 0
8 9455 rs2240458 88801153 1 1.082732632502445e-4 88801153 88801153 0
8 8124 rs2383878 74065619 1 -1.079060250207475e-4 74065619 74065619 0
8 7661 rs7017364 70356990 1 -1.0704217153838865e-4 70356990 70356990 0
8 11749 rs11784189 114974132 2 -1.0654552826820504e-4 114974132 114974132 0
8 5998 rs7836283 53431744 1 -1.0650872198362447e-4 53431744 53431744 0
8 796 rs1154057 4295123 1 -1.0333914901551988e-4 4295123 4295123 0
8 9960 rs10808664 94991734 1 1.0327818626015051e-4 94991734 94991734 0
8 11952 rs7814028 117616931 1 1.0321196615362824e-4 117616931 117616931 0
8 6256 rs13259631 56165073 1 1.0234366063513024e-4 56165073 56165073 0
8 984 rs10103343 5173733 1 -1.0160326206913038e-4 5173733 5173733 0
8 11919 rs926135 116938631 1 1.0073570512899532e-4 116938631 116938631 0
8 13998 rs3934606 135412090 1 -1.006892914039578e-4 135412090 135412090 0
8 8285 rs746460 75474529 1 -1.0067190235192014e-4 75474529 75474529 0
8 10396 rs8218 99114970 1 9.994426090433064e-5 99114970 99114970 0
8 4142 rs11786499 26295234 1 -9.925512217329012e-5 26295234 26295234 0
8 3209 rs13263453 18729496 1 9.871197619691292e-5 18729496 18729496 0
8 13528 rs7841283 131668278 1 -9.778912205313276e-5 131668278 131668278 0
8 2169 rs7828991 13870210 1 -9.735076714261374e-5 13870210 13870210 0
8 4813 rs1542517 31959943 1 -9.732567177557498e-5 31959943 31959943 0
8 11338 rs11995185 109800541 2 -9.716771190120976e-5 109800541 109800541 0
8 9748 rs12334455 92347533 1 -9.587048667174423e-5 92347533 92347533 0
8 9301 rs4961172 87313475 1 -9.586712725020456e-5 87313475 87313475 0
8 4733 rs2716960 31298370 1 9.433984642499228e-5 31298370 31298370 0
8 1498 rs11249912 9134180 1 9.328228951564067e-5 9134180 9134180 0
8 7260 rs13255793 64980755 1 9.158998356396448e-5 64980755 64980755 0
8 10658 rs9656851 103060237 1 9.050591665251615e-5 103060237 103060237 0
8 11567 rs16883325 113276635 1 -9.037997554559358e-5 113276635 113276635 0
8 2779 rs11989486 16963329 1 -8.991753918293917e-5 16963329 16963329 0
8 5597 rs3736649 42259299 1 8.977523793439124e-5 42259299 42259299 0
8 10195 rs10094696 96908091 1 -8.894565326357042e-5 96908091 96908091 0
8 1411 rs7011229 8543324 1 -8.877500835686987e-5 8543324 8543324 0
8 2842 rs2705084 17386831 1 -8.771317863997119e-5 17386831 17386831 0
8 3299 rs13263246 19417904 1 8.723523159551717e-5 19417904 19417904 0
8 12150 rs7832024 119337617 1 8.680262606728722e-5 119337617 119337617 0
8 13206 rs13279159 129163047 1 8.617091876606848e-5 129163047 129163047 0
8 14613 rs10095842 140031004 1 -8.519128315379688e-5 140031004 140031004 0
8 7761 rs3750228 70980738 1 -8.412768285332193e-5 70980738 70980738 0
8 6264 rs16921542 56194700 1 8.397058631879261e-5 56194700 56194700 0
8 10468 rs1471293 101117734 1 -8.389992848660065e-5 101117734 101117734 0
8 14028 rs4909858 135526317 1 8.159616257443519e-5 135526317 135526317 0
8 10659 rs7014272 103073179 1 8.038394226710597e-5 103073179 103073179 0
8 13988 rs6471216 135339383 1 8.036340083181498e-5 135339383 135339383 0
8 6686 rs7838499 59781086 1 7.955071066148954e-5 59781086 59781086 0
8 9981 rs2513759 95104497 1 -7.76899614299879e-5 95104497 95104497 0
8 8274 rs7461712 75405213 1 -7.729815910760763e-5 75405213 75405213 0
8 7793 rs268629 71560424 1 -7.602457626787562e-5 71560424 71560424 0
8 8496 rs2054682 77718819 1 -7.591231478759513e-5 77718819 77718819 0
8 13380 rs6470739 130570669 1 7.453812211049826e-5 130570669 130570669 0
8 10703 rs7007146 103534797 1 7.395739816330361e-5 103534797 103534797 0
8 11982 rs3020176 117947385 1 -7.258944173932816e-5 117947385 117947385 0
8 2428 rs268354 15036808 1 -7.202513228478393e-5 15036808 15036808 0
8 3087 rs13277723 18241486 1 -7.172613685333255e-5 18241486 18241486 0
8 13779 rs235427 133815576 1 7.164091358787734e-5 133815576 133815576 0
8 12661 rs3107194 124184067 1 7.160435875795074e-5 124184067 124184067 0
8 9247 rs7016829 86849334 1 7.151383341187398e-5 86849334 86849334 0
8 8923 rs10808847 82896400 1 -7.085043015536818e-5 82896400 82896400 0
8 9134 rs6980907 84569828 1 -7.015005837133454e-5 84569828 84569828 0
8 1392 rs7843504 8439068 1 -6.961282013067257e-5 8439068 8439068 0
8 8891 rs6473297 82649245 1 -6.905731782084646e-5 82649245 82649245 0
8 2297 rs6530791 14489024 1 -6.834360095467108e-5 14489024 14489024 0
8 5699 rs894076 49816187 1 6.819939765905904e-5 49816187 49816187 0
8 8848 rs4739609 81871222 1 6.64757752299612e-5 81871222 81871222 0
8 6316 rs7834615 56797440 1 -6.333854193578527e-5 56797440 56797440 0
8 1100 rs2408092 5684752 1 6.332080403650689e-5 5684752 5684752 0
8 10724 rs4734648 103635994 1 6.32632139580756e-5 103635994 103635994 0
8 3819 rs7837994 23373406 1 6.316600823816462e-5 23373406 23373406 0
8 3477 rs12543862 20400341 1 -6.30910484488774e-5 20400341 20400341 0
8 13135 rs6470530 128558990 1 6.306996428195713e-5 128558990 128558990 0
8 14079 rs17778003 135669810 1 6.240315498633017e-5 135669810 135669810 0
8 13897 rs9643306 134621686 1 6.163936362854126e-5 134621686 134621686 0
8 2301 rs920616 14543582 1 6.051543276354261e-5 14543582 14543582 0
8 5960 rs11990195 53046681 1 -6.002942403792877e-5 53046681 53046681 0
8 4697 rs2543601 30848776 1 -5.96501698142916e-5 30848776 30848776 0
8 3951 rs17052249 24473215 1 5.876249075876008e-5 24473215 24473215 0
8 10728 rs6981411 103658711 2 -5.791464128195576e-5 103658711 103658711 0
8 9932 rs6471393 94715291 1 -5.65935566535448e-5 94715291 94715291 0
8 4428 rs2726938 27824608 1 -5.6349091922679455e-5 27824608 27824608 0
8 8793 rs2467769 80739345 1 5.61183458452514e-5 80739345 80739345 0
8 14815 rs1878478 141634540 1 5.609670918054647e-5 141634540 141634540 0
8 6013 rs13248877 53727578 1 5.558883928611837e-5 53727578 53727578 0
8 12105 rs10955845 118997131 1 5.525058100082378e-5 118997131 118997131 0
8 5731 rs7830871 50528355 1 5.310325985557512e-5 50528355 50528355 0
8 1953 rs2410025 12973575 1 5.295065637757117e-5 12973575 12973575 0
8 13625 rs587639 132725731 1 5.2461724218138474e-5 132725731 132725731 0
8 10285 rs7011934 98059046 1 -5.235420766744963e-5 98059046 98059046 0
8 14533 rs10875424 139323883 1 -5.2245293562213105e-5 139323883 139323883 0
8 186 rs13280292 1578073 1 -4.999360009609649e-5 1578073 1578073 0
8 5525 rs6992578 41300857 1 4.96488313699766e-5 41300857 41300857 0
8 10463 rs1380994 101085778 2 4.919897902278995e-5 101085778 101085778 0
8 12830 rs11994520 125628685 1 4.8133476105251416e-5 125628685 125628685 0
8 2307 rs1010895 14580231 1 -4.6475542850136714e-5 14580231 14580231 0
8 10038 rs6999001 95628306 2 -4.636075395161838e-5 95628306 95628306 0
8 8989 rs7843048 83426537 1 -4.618863135740224e-5 83426537 83426537 0
8 6152 rs219028 55120946 1 4.606506945271688e-5 55120946 55120946 0
8 5012 rs4357281 33927648 1 -4.565751449066343e-5 33927648 33927648 0
8 4382 rs2439497 27550722 1 4.5083741290174455e-5 27550722 27550722 0
8 5680 rs9298006 49358454 1 4.42382963922124e-5 49358454 49358454 0
8 718 rs12155988 3975865 1 4.352500988205771e-5 3975865 3975865 0
8 13576 rs7461923 131936279 1 4.1788176658722346e-5 131936279 131936279 0
8 661 rs11995240 3848025 1 -4.1773673045368334e-5 3848025 3848025 0
8 10571 rs10094106 102335433 1 -4.152156174388233e-5 102335433 102335433 0
8 9980 rs2513755 95097669 1 -4.148400677377302e-5 95097669 95097669 0
8 6313 rs7823773 56723557 1 -4.112948186462391e-5 56723557 56723557 0
8 6274 rs949766 56294048 1 4.081704361575612e-5 56294048 56294048 0
8 8660 rs7842142 79593736 1 3.914670883162619e-5 79593736 79593736 0
8 11183 rs17361877 108327040 1 3.8866934196606056e-5 108327040 108327040 0
8 2087 rs12677921 13524802 1 -3.680105554847717e-5 13524802 13524802 0
8 7468 rs16933182 68074137 1 -3.6066661227820094e-5 68074137 68074137 0
8 13029 rs11990954 127543114 1 3.581366614100067e-5 127543114 127543114 0
8 8136 rs7017538 74109865 1 3.538209968827521e-5 74109865 74109865 0
8 3605 rs1863452 21267866 2 -3.5129813256976256e-5 21267866 21267866 0
8 10185 rs559167 96846278 1 -3.350771235417029e-5 96846278 96846278 0
8 7633 rs1903614 70073313 1 3.281643621458838e-5 70073313 70073313 0
8 2053 rs10503454 13405241 1 -3.226674556080655e-5 13405241 13405241 0
8 14889 rs13267815 142571042 1 3.1625344250802435e-5 142571042 142571042 0
8 1496 rs329997 9121398 1 -3.1363197027059894e-5 9121398 9121398 0
8 7908 rs10086032 72742993 1 -3.114918560516065e-5 72742993 72742993 0
8 2512 rs1495097 15250768 1 -3.0773407312668475e-5 15250768 15250768 0
8 6743 rs6987780 60237300 1 3.0432370790749436e-5 60237300 60237300 0
8 12665 rs16898088 124190501 1 -3.023685377455406e-5 124190501 124190501 0
8 11568 rs3922407 113290548 1 2.9871002400267457e-5 113290548 113290548 0
8 265 rs7013774 2097560 1 -2.8791399378581997e-5 2097560 2097560 0
8 7022 rs4445217 63056052 1 2.8635692727745777e-5 63056052 63056052 0
8 4391 rs2280884 27614138 1 2.7651627935052452e-5 27614138 27614138 0
8 4446 rs17058573 27931751 1 2.7189434370298566e-5 27931751 27931751 0
8 5526 rs7812321 41301696 1 2.6804221498329098e-5 41301696 41301696 0
8 14557 rs16909239 139532280 1 2.6691671570829287e-5 139532280 139532280 0
8 5765 rs2100233 51256438 1 -2.6479158978475328e-5 51256438 51256438 0
8 3244 rs1472834 18928440 1 2.607081582092332e-5 18928440 18928440 0
8 7236 rs1149464 64587362 1 -2.557897950023668e-5 64587362 64587362 0
8 2276 rs17250457 14451068 1 2.4715495840670392e-5 14451068 14451068 0
8 12618 rs11774246 123696613 1 2.4533293215484814e-5 123696613 123696613 0
8 1414 rs11249878 8550255 1 -2.3889692585942008e-5 8550255 8550255 0
8 6744 rs6980657 60241157 1 2.3492874546125295e-5 60241157 60241157 0
8 14844 rs753778 142228909 1 -2.336066601066203e-5 142228909 142228909 0
8 9803 rs1125730 93358204 1 2.1407378042330083e-5 93358204 93358204 0
8 1763 rs7350066 10861385 1 2.0252807933340268e-5 10861385 10861385 0
8 12493 rs2386121 122398867 1 -1.873099162535919e-5 122398867 122398867 0
8 5767 rs930671 51264624 1 1.7606668891309543e-5 51264624 51264624 0
8 11247 rs10087176 108788603 2 -1.759585770222177e-5 108788603 108788603 0
8 4936 rs7843085 33115544 1 -1.6562307594376255e-5 33115544 33115544 0
8 14192 rs7004659 136789501 1 -1.6525679876974304e-5 136789501 136789501 0
8 1466 rs9644674 8840042 1 1.4993706790401735e-5 8840042 8840042 0
8 7644 rs831737 70123722 1 -1.464857765476833e-5 70123722 70123722 0
8 3149 rs2245373 18436709 1 1.4373498869328525e-5 18436709 18436709 0
8 4596 rs7016719 29542521 1 -1.421775178275352e-5 29542521 29542521 0
8 70 rs10108289 752709 1 -1.3471791770268183e-5 752709 752709 0
8 1476 rs4841092 8915740 1 1.3103290794509937e-5 8915740 8915740 0
8 210 rs7387547 1782876 1 1.30888377621588e-5 1782876 1782876 0
8 13507 rs7386203 131497231 1 1.2784363040941596e-5 131497231 131497231 0
8 5682 rs7014106 49386030 1 -1.2389908207607064e-5 49386030 49386030 0
8 3980 rs4872265 24634322 1 1.2206209612906488e-5 24634322 24634322 0
8 5455 rs4496956 40555742 1 1.2182099231528728e-5 40555742 40555742 0
8 6558 rs1992045 58840924 2 1.1564509082166674e-5 58840924 58840924 0
8 8950 rs6987592 83236695 1 -1.0320933873506948e-5 83236695 83236695 0
8 7414 rs16932422 66940998 1 -9.911763799686378e-6 66940998 66940998 0
8 3804 rs7822769 23304456 1 -9.832921944089677e-6 23304456 23304456 0
8 2190 rs11203582 14037301 1 9.416548990733286e-6 14037301 14037301 0
8 6565 rs7841432 58929688 1 9.211352425710814e-6 58929688 58929688 0
8 3312 rs11780937 19534545 1 -8.972892282147791e-6 19534545 19534545 0
8 9653 rs6983345 90918220 1 8.76101157635641e-6 90918220 90918220 0
8 7355 rs4581094 66065387 1 7.613247043527068e-6 66065387 66065387 0
8 9889 rs16915813 94259971 2 -6.719324166129677e-6 94259971 94259971 0
8 7204 rs12114802 64193072 1 -6.186129565957233e-6 64193072 64193072 0
8 8835 rs7007683 81840875 1 5.930401505992407e-6 81840875 81840875 0
8 2979 rs12056629 17860863 1 -5.929833242161638e-6 17860863 17860863 0
8 6029 rs545125 53851462 1 -5.327446955115056e-6 53851462 53851462 0
8 14346 rs7845945 137991169 2 -5.264759013201004e-6 137991169 137991169 0
8 3858 rs7844903 23568464 1 4.872894282774465e-6 23568464 23568464 0
8 810 rs1997137 4414316 1 -4.7397152915217005e-6 4414316 4414316 0
8 14869 rs75295956 142500345 2 4.365387363905481e-6 142500345 142500345 0
8 7598 rs2953950 69693543 1 -3.955146517738664e-6 69693543 69693543 0
8 1059 rs10503318 5516538 1 -3.5672087906340777e-6 5516538 5516538 0
8 8883 rs2581530 82503782 1 -3.059306077183687e-6 82503782 82503782 0
8 12949 rs10086636 126604637 1 2.4783225643485995e-6 126604637 126604637 0
8 13583 rs7840509 131997225 1 -1.0029646412547578e-6 131997225 131997225 0
8 9809 rs9297909 93424621 1 9.197295714032293e-8 93424621 93424621 0
8 7901 rs4133001 72718667 1 1.0071742967944974e-15 72718667 72718667 0
8 4392 rs1832 27614896 1 9.13952187038577e-16 27614896 27614896 0
8 4005 rs11994014 24802280 1 5.097574188820933e-16 24802280 24802280 0
8 4145 rs328072 26329205 1 2.405857183477907e-16 26329205 26329205 0
8 3115 rs10103029 18267338 1 1.6587924467179342e-16 18267338 18267338 0
8 273 rs7829787 2104747 1 1.6343866167038412e-16 2104747 2104747 0
8 2753 rs823600 16817433 1 1.3292321914333158e-16 16817433 16817433 0
8 12418 rs4242323 121760704 1 1.2818355932166356e-16 121760704 121760704 0
8 13408 rs3886938 130737546 1 6.875329870114462e-17 130737546 130737546 0
8 6094 rs1871093 54469012 1 6.357314720124116e-17 54469012 54469012 0
8 12831 rs11995300 125628928 1 3.0444031777472396e-17 125628928 125628928 0
8 6559 rs9650192 58841890 1 9.523807086789494e-18 58841890 58841890 0
8 12419 rs11985259 121762686 1 1.3733952784463949e-18 121762686 121762686 0
8 12420 rs4871119 121763046 1 1.3733952784463949e-18 121763046 121763046 0
