CHR Group SNP.lead BP.lead Size W BP.min BP.max BP.width
2 4329 rs10931468 191538562 2 0.05815832451671171 191504064 191553931 49867
2 4339 rs10168266 191935804 2 0.05440032952865713 191931464 191935804 4340
2 273 rs10174949 8442248 5 0.05013488540120554 8442248 8447979 5731
2 740 rs7583409 25491056 2 0.0484506458453233 25491056 25492467 1411
2 5136 rs2048054 228652347 3 0.04132001506798953 228652347 228653164 817
2 2694 rs1398030 111972005 5 0.03589079253424124 111957894 112000058 42164
2 2500 rs12475055 102878891 3 0.03406315155917545 102878891 102888565 9674
2 777 rs1260326 27730940 1 0.03283571498607249 27730940 27748624 17684
2 3194 rs842362 135341120 2 0.03131364918375706 135341120 135341200 80
2 4332 rs7596437 191683388 1 -0.03075904490790234 191660849 191701184 40335
2 3217 rs4434047 137452607 3 -0.03016043827755605 137423197 137452607 29410
2 4341 rs13022931 192020729 2 0.02853954643431135 192013921 192020729 6808
2 1136 rs4670932 39618666 2 0.02653268762481181 39604876 39626388 21512
2 4525 rs3181113 204601910 2 0.02617074359941097 204601910 204611195 9285
2 4327 rs4638823 191312906 4 0.02593442269561503 191288071 191323138 35067
2 4337 rs3024908 191894141 1 0.02501020525615418 191875901 191894141 18240
2 3400 rs1012272 144993201 2 0.02465805574107898 144951782 145058077 106295
2 1123 rs17493321 38772507 2 0.02425834788063488 38772507 38772915 408
2 861 rs17321999 30479857 4 0.02414748653565854 30478453 30480027 1574
2 2518 rs1433312 103987135 3 0.02401131423150883 103987135 104036433 49298
2 2801 rs71470 118006384 3 -0.02374977382218476 118006384 118056771 50387
2 1078 rs6708310 37600427 1 0.02372199796811894 37599963 37600427 464
2 1843 rs3911862 65759671 5 0.02162310781704244 65732023 65759671 27648
2 5305 rs11563204 234917377 3 -0.02139103712306009 234912215 234917732 5517
2 3198 rs10928531 135817760 3 0.02106123344699337 135803425 135829309 25884
2 3649 rs7602743 157529654 1 0.02098592086336697 157529654 157539961 10307
2 5217 rs7561687 231606083 2 0.02043851835632441 231582196 231613141 30945
2 2679 rs10178717 110452645 1 0.02014762532687791 110452645 110452645 0
2 1501 rs968972 51171962 3 0.0198467121817431 51160560 51186984 26424
2 421 rs10495605 13037343 1 -0.01972207073917148 13024831 13052225 27394
2 5407 rs12463648 237810566 3 -0.01965506258291445 237805870 237812750 6880
2 2857 rs6759589 119969831 1 -0.01939295685528349 119968031 119969831 1800
2 741 rs6711622 25531350 1 0.01937430213652364 25518470 25531350 12880
2 2339 rs6547597 85389685 1 -0.01921772602113597 85389685 85389685 0
2 3486 rs1196696 150206753 3 -0.01872498751104759 150196099 150206753 10654
2 3862 rs7579964 168826850 1 0.01853315921129605 168826850 168849695 22845
2 3174 rs6720404 134929274 1 0.01824021735338752 134917005 134929915 12910
2 1783 rs733517 62366688 3 0.0176805930423926 62366688 62381474 14786
2 766 rs828259 26990507 2 -0.01767660891108492 26990507 27024478 33971
2 1126 rs3821023 38893660 1 0.01752885538552095 38893660 38893660 0
2 3237 rs1453301 138080695 1 -0.01745764480444725 138080695 138108552 27857
2 2144 rs1997450 76696261 8 0.0172635566096945 76685968 76727046 41078
2 5448 rs3795902 239136143 1 -0.01725703724746744 239136143 239162038 25895
2 3044 rs4662775 128870808 2 0.01717455769624813 128849114 128939817 90703
2 5135 rs10184090 228639557 1 0.01688121224731147 228639557 228639557 0
2 1513 rs984795 51688180 2 0.01676564083846795 51688180 51699054 10874
2 1695 rs6730267 58676644 3 -0.01655796068870592 58650355 58676644 26289
2 3698 rs3821298 160286519 5 -0.01636439471766873 160259258 160310246 50988
2 5287 rs7608713 234567051 3 -0.01632125581896512 234545861 234567051 21190
2 439 rs721173 13907633 1 0.0161542887146538 13906917 13916789 9872
2 2730 rs6760120 113932431 1 0.01605649554417896 113932431 113935028 2597
2 2935 rs17008648 123538727 1 -0.01592196592246596 123524253 123538727 14474
2 3267 rs13425763 139642496 1 -0.01590774818311733 139642496 139671955 29459
2 4953 rs1346801 222180661 3 0.01577659339327575 222172363 222183997 11634
2 5072 rs3748993 226491770 2 0.01568227692665249 226487822 226538647 50825
2 3787 rs6724963 165701577 1 -0.01549914917416643 165677808 165712301 34493
2 2758 rs17786162 115529358 1 0.01545738947880627 115529358 115529358 0
2 5193 rs1365776 231072709 1 0.01545327404496197 231072709 231072709 0
2 4711 rs13414946 212296470 2 -0.01534973557608477 212296470 212304841 8371
2 4031 rs12615677 174634087 1 -0.01494128776465048 174634087 174660974 26887
2 1977 rs4853252 70237360 1 0.01476507999033139 70223101 70237360 14259
2 3360 rs17832932 142942795 1 0.01447563817716443 142942795 142980125 37330
2 1601 rs10165485 54481636 2 0.01445415693605724 54469283 54485682 16399
2 3045 rs6725404 128972833 1 0.01426724855467922 128972833 129007898 35065
2 5013 rs893766 224394506 1 -0.0140722096302606 224388481 224408490 20009
2 5243 rs10179086 232744209 1 -0.01389349782212445 232728437 232744209 15772
2 4303 rs781288 189654868 1 -0.01388540004390017 189584537 189683752 99215
2 3935 rs12611789 171139494 1 -0.01384117238325257 171139256 171142750 3494
2 3737 rs4420712 162952349 2 -0.01368440135287838 162952349 162959748 7399
2 1115 rs10198323 38571255 1 -0.01358226742353692 38517488 38571255 53767
2 3988 rs4246627 173239058 1 -0.01353412802584998 173237498 173245780 8282
2 2021 rs7581030 71572455 8 -0.01336574777415432 71516191 71658541 142350
2 4326 rs11892526 191255883 1 0.01326657170034027 191251643 191255883 4240
2 2274 rs3770317 80791939 2 0.01323949924835425 80786548 80793411 6863
2 4787 rs11890512 215910724 2 0.0131665887596339 215901592 215927329 25737
2 410 rs4669855 12655145 2 -0.01314709747387543 12651822 12657754 5932
2 1466 rs7594662 49984263 1 0.01290267484685507 49984263 49986278 2015
2 755 rs75819301 26539806 1 0.01287211082935955 26539806 26539806 0
2 515 rs1430043 16635965 2 0.01285113403315902 16635965 16653570 17605
2 4018 rs6717268 174254430 2 -0.01280314959874265 174254430 174254430 0
2 1374 rs10167561 46968051 1 -0.0126298113917643 46929873 46968051 38178
2 4476 rs4674036 201270538 1 -0.01261153025883483 201270538 201286358 15820
2 2736 rs4849261 114450028 1 0.01261118259738193 114432293 114450028 17735
2 3316 rs10496859 141668678 1 0.01259839010173273 141668323 141677631 9308
2 2702 rs13419523 112781917 1 0.0124695900846897 112773153 112786049 12896
2 3656 rs1481379 157931593 1 0.01233654604995026 157924492 157931593 7101
2 2053 rs13339845 72419864 2 0.01229534237669234 72402254 72419864 17610
2 747 rs17391976 25894556 1 -0.01217497519371279 25829201 25894556 65355
2 5232 rs2290130 232263127 2 -0.01204424443473581 232263127 232263127 0
2 1254 rs17405635 43355763 2 -0.01172197906956527 43355763 43359061 3298
2 98 rs823243 2848102 2 0.01170312635379122 2843308 2848102 4794
2 3402 rs4662223 145235108 1 0.01166468387658573 145235108 145236142 1034
2 3721 rs6432641 161503223 5 0.01159655449540391 161464707 161536443 71736
2 275 rs12613635 8520621 2 0.01151913039634136 8516939 8531037 14098
2 1386 rs6739975 47242340 3 -0.01150908077216622 47242340 47245022 2682
2 822 rs3795850 29445458 1 -0.01149192388731538 29434339 29445458 11119
2 4844 rs10177578 217885659 2 -0.01142883731326258 217878209 217890643 12434
2 2621 rs12712262 107516533 2 0.01138223788260029 107504369 107535429 31060
2 912 rs6751050 31993081 1 0.01138034967464251 31973127 32014315 41188
2 4756 rs3738920 214031987 1 0.0112831131067626 214031987 214036796 4809
2 2462 rs1369482 101503416 1 0.01122859209182106 101503416 101506423 3007
2 2578 rs17031337 106215749 1 0.01117920122649197 106214189 106216861 2672
2 2433 rs17765112 100149336 1 0.01117306127939033 100149336 100149336 0
2 796 rs12478824 28731702 3 -0.01111307934858218 28723942 28735342 11400
2 3114 rs13428178 133175872 2 0.01108531282458943 133175872 133194549 18677
2 789 rs13392378 28607344 1 -0.01101274295034785 28605588 28607344 1756
2 1366 rs7595513 46687867 4 0.01100556437441662 46662461 46710745 48284
2 3297 rs16843782 141080706 1 0.01090652927011994 141080706 141098372 17666
2 432 rs503989 13641538 1 0.01071099201619962 13641538 13663715 22177
2 230 rs2174519 6937310 1 0.01062469840605104 6937310 6937310 0
2 2739 rs12998926 114546660 2 0.01058234378663593 114533618 114563960 30342
2 1015 rs13025239 35908737 4 0.01048196050098875 35908737 35930877 22140
2 4258 rs17438763 185996258 3 -0.01046166794650106 185952716 185996258 43542
2 4324 rs12467835 191166159 2 0.0104263495001124 191161622 191190180 28558
2 3557 rs16831021 153238858 1 -0.01040944585934429 153235837 153242179 6342
2 3204 rs4477975 137009006 6 0.01034782430225315 136984041 137013525 29484
2 2011 rs3771389 71153154 2 0.01034164789344069 71152850 71153154 304
2 2586 rs12465089 106386630 2 0.01033435727716796 106386294 106398913 12619
2 4662 rs7567228 209414499 1 0.01029084055006885 209414011 209414499 488
2 480 rs10173491 15451774 1 0.01027775559694393 15434967 15451774 16807
2 771 rs61753362 27324669 2 0.01024118607700301 27260469 27324669 64200
2 5418 rs11690358 238244781 1 0.01022834524912322 238244781 238259387 14606
2 5427 rs12616673 238498038 3 0.010217982240244 238493118 238499690 6572
2 3042 rs11682273 128716817 1 0.01019438051334864 128706637 128780173 73536
2 3594 rs1022386 154582806 3 0.01017174271212871 154561625 154583600 21975
2 3895 rs3821116 169729849 2 -0.01013787186908343 169718981 169748422 29441
2 2738 rs11694541 114509074 2 0.01013184301685318 114493315 114529665 36350
2 1612 rs6717369 54915044 2 0.01012459178549084 54908044 54919899 11855
2 5308 rs7603271 234964316 3 -0.01005117527801774 234953978 234966486 12508
2 2859 rs17805141 120005569 1 -0.00998970155568806 120005569 120012412 6843
2 1279 rs11683295 44316109 1 0.00994352331091285 44315927 44319306 3379
2 4051 rs1463263 175584157 2 -0.00980637798716069 175584157 175584157 0
2 2375 rs6547705 87044316 1 0.00969338670703879 87044316 87044316 0
2 1876 rs6759648 66844120 2 0.00969168150232422 66831138 66898267 67129
2 2709 rs719668 113342566 1 0.00966010691705455 113309473 113342566 33093
2 3829 rs2031002 167253015 3 -0.00960860793886646 167253015 167265040 12025
2 3975 rs6753859 172754554 4 -0.00948235346465832 172664020 172754554 90534
2 5278 rs10803668 234078333 3 -0.00936152229556893 234072738 234078406 5668
2 2190 rs13021149 78292330 3 0.00922481076296287 78292330 78301575 9245
2 4614 rs12478466 207671012 2 -0.00921363727511116 207665145 207678216 13071
2 4802 rs4672773 216439570 1 -0.00917649372749255 216439570 216439570 0
2 1671 rs1424642 57296558 1 0.00916384022332508 57267524 57296558 29034
2 5281 rs2241879 234183468 3 0.00915105603299156 234162415 234201657 39242
2 417 rs890069 12867504 1 0.00904432711734071 12858444 12867504 9060
2 1742 rs872277 60338651 1 0.00887869558210076 60333953 60338651 4698
2 585 rs4832635 19079687 1 -0.00886773771093615 19077800 19110370 32570
2 4378 rs34951989 195205967 4 0.00884061600314683 195195631 195206946 11315
2 5371 rs6731727 236508340 1 0.00882163481204337 236504782 236508340 3558
2 1694 rs6761469 58581018 2 -0.00875393870556077 58566648 58606270 39622
2 4912 rs1549380 220667582 3 -0.00874072714293223 220666777 220686765 19988
2 924 rs17012350 33080659 2 -0.00870062623135645 33080659 33083649 2990
2 738 rs2304429 25458546 1 -0.00868208955003612 25458546 25458546 0
2 628 rs6531222 20388484 1 0.00862476925876834 20377070 20388982 11912
2 5189 rs4277512 230992386 2 -0.00858283598318301 230960946 230997403 36457
2 897 rs76523220 31417290 1 -0.00857614729110139 31417290 31426449 9159
2 892 rs1000916 31314555 1 0.00855912092861021 31300544 31314555 14011
2 2742 rs7577695 114739110 3 -0.00853465685572045 114739110 114754877 15767
2 3671 rs6710480 158958605 2 0.00844600411855297 158958378 158972966 14588
2 267 rs6748904 8186474 1 0.00844515993354654 8180625 8192868 12243
2 501 rs13396055 16142703 1 -0.00840952847671483 16136922 16142703 5781
2 4911 rs982458 220663477 2 0.00840048517013095 220639696 220663477 23781
2 615 rs10184780 20054392 1 0.00839129753392515 20054392 20054392 0
2 5220 rs6726593 231746780 1 0.00838990891706919 231746780 231747426 646
2 790 rs12624279 28634790 1 0.00828388509082868 28623159 28634790 11631
2 2662 rs4676060 109662043 2 0.00828158409350525 109662043 109662043 0
2 4581 rs12694029 206438036 2 0.00827376478280487 206438036 206438036 0
2 3459 rs10928364 148500974 2 0.00823702672343525 148460036 148507295 47259
2 158 rs11123605 4983682 1 -0.00823010573448794 4981785 4988246 6461
2 1661 rs13423780 56607046 1 -0.00820690030023249 56607046 56607046 0
2 874 rs1901909 30889161 3 -0.00818337241848863 30885263 30900567 15304
2 4887 rs2382817 219151218 3 0.00813601779223559 219128506 219184872 56366
2 3125 rs61995744 133542574 2 -0.00810214289395726 133533325 133543872 10547
2 46 rs4927608 1453528 2 0.00789026630303868 1449966 1455003 5037
2 1094 rs2565640 38101439 1 -0.00787910118660363 38101137 38115194 14057
2 3467 rs1448894 149318861 1 -0.00786080613652353 149290719 149325647 34928
2 83 rs17719904 2592143 2 0.0077828319952403 2585729 2592143 6414
2 5303 rs4663995 234892127 1 -0.00773437052359517 234890391 234892127 1736
2 4673 rs12694176 210189097 3 -0.00773266565745648 210170216 210223378 53162
2 5466 rs9636382 239857995 2 0.00770922460333596 239857995 239858277 282
2 24 rs6746997 788807 1 0.00770202104462291 788673 788807 134
2 4762 rs9283526 214594856 2 0.00769413727357488 214584354 214610452 26098
2 3569 rs11692152 153721508 2 0.00766361674843323 153683524 153721508 37984
2 3097 rs6708453 131089135 2 0.00761399358563713 131089135 131089135 0
2 1813 rs1346236 64609979 3 -0.0075990927282784 64607964 64620637 12673
2 800 rs4666103 28807899 1 0.00757341738567251 28807899 28812285 4386
2 2585 rs12712216 106372671 1 0.00755468533971912 106358929 106372671 13742
2 1129 rs11681583 39129935 2 -0.00754481653160794 39082344 39135927 53583
2 4640 rs10497888 208761235 1 0.00754084748782509 208761235 208761235 0
2 725 rs7589373 24452180 1 -0.00750758611546469 24431184 24521766 90582
2 4057 rs7566401 175994720 2 0.00745250571474187 175964587 176025463 60876
2 3040 rs13018398 128628225 2 0.00741991815306926 128628225 128628225 0
2 3596 rs11889857 154605760 2 -0.00740890636504576 154605760 154623397 17637
2 4603 rs79484112 207173390 2 0.00739675598005733 207162033 207233115 71082
2 802 rs4666111 28838795 1 -0.00734756875705114 28820641 28840691 20050
2 4138 rs4894054 179713601 2 -0.0073024308102263 179713601 179732845 19244
2 2431 rs139891421 99767073 2 0.00728374340996829 99767073 99857670 90597
2 3210 rs47150 137220743 1 0.00726042718757855 137200214 137249556 49342
2 4331 rs1263128 191598603 2 0.00719046145270866 191594895 191649639 54744
2 440 rs1348801 13943821 2 0.00711721994014472 13931667 13951524 19857
2 3249 rs1456005 138624319 3 -0.00707621967427643 138624319 138655271 30952
2 3314 rs12691579 141640478 1 0.00706888657390263 141623459 141652239 28780
2 2391 rs11690079 88742338 2 0.00701338380688046 88742338 88744777 2439
2 2563 rs2576767 105960333 2 0.00695255242788047 105934068 105960333 26265
2 2921 rs13421929 123047991 1 -0.00694789296541797 122982362 123047991 65629
2 2169 rs17014128 77689016 1 -0.00693720600884361 77689016 77689016 0
2 288 rs9973936 9118215 2 0.00692695158704957 9100137 9118437 18300
2 875 rs519747 30918938 3 0.00683717518480229 30917735 30940397 22662
2 4493 rs1045494 202151781 1 -0.00679234305900014 202143928 202162811 18883
2 255 rs7589284 7702036 1 0.00677622326256641 7702036 7702036 0
2 1322 rs3770266 45688221 2 0.00677017020768026 45635313 45688221 52908
2 5409 rs1435846 237848512 1 -0.00675584540994151 237843486 237848512 5026
2 3900 rs2287619 169836730 1 0.00672600520652051 169836730 169840574 3844
2 4105 rs2364725 178132988 3 -0.00668450040309595 178132988 178134677 1689
2 5564 rs41342147 242407588 1 0.00667572054397639 242399445 242409933 10488
2 4396 rs10208012 196316861 3 -0.00661666046581742 196316861 196364109 47248
2 1833 rs55952639 65299766 3 0.00660103296951512 65283174 65299766 16592
2 4983 rs7185 223436607 1 -0.00659767244600485 223427854 223477160 49306
2 4434 rs10497809 198825668 2 -0.00657295475325337 198584209 198836777 252568
2 2579 rs10496399 106227721 3 0.00654628907755947 106217330 106241808 24478
2 2234 rs13395022 79882260 2 0.00654210319131751 79882260 79894172 11912
2 5113 rs6713443 228201546 3 -0.00652913127329958 228189493 228210364 20871
2 907 rs1366814 31628705 1 0.00649300721142425 31628705 31630867 2162
2 1590 rs741531 53856928 3 0.00648594746695516 53854488 53856928 2440
2 3124 rs11884795 133519504 2 -0.0064779276086739 133517783 133521231 3448
2 4340 rs1551443 191996518 2 0.00640105679566191 191991459 191996518 5059
2 5024 rs548470 224773548 2 0.00638663375948204 224738957 224773548 34591
2 3615 rs1835154 155496698 2 -0.00635975716432491 155474355 155496698 22343
2 1632 rs10191785 55536808 2 0.00635923305466383 55516323 55539905 23582
2 3325 rs12616496 141949292 1 -0.00629215767978246 141949292 141967308 18016
2 4225 rs288344 183666918 1 0.00628105241407036 183593697 183666932 73235
2 4046 rs41270195 175289259 2 -0.0062587949730585 175262678 175292364 29686
2 1302 rs12622589 45218814 1 -0.00625039878091813 45213745 45220348 6603
2 1196 rs1560260 41835431 2 0.00624975606729701 41832878 41836313 3435
2 5285 rs3820744 234361548 2 -0.00608070496667979 234361548 234373537 11989
2 3390 rs938815 144371604 1 -0.00606448705972508 144371604 144371604 0
2 2941 rs13013898 123795919 1 -0.0060275917609486 123780262 123795919 15657
2 2816 rs1019590 118688162 1 0.00597002399592747 118672017 118743630 71613
2 5416 rs4663707 238192511 1 0.00587395443145099 238192511 238192670 159
2 1266 rs7571775 43875289 2 -0.00581747225049114 43870490 43881161 10671
2 1086 rs17021120 37843019 1 0.00580957035943634 37827519 37843019 15500
2 1803 rs12996866 64130965 2 -0.00578124215883918 64118877 64171419 52542
2 4408 rs6740409 197098638 1 -0.00572765513827217 197092013 197110296 18283
2 261 rs10183806 7988851 2 0.00570509101719246 7975049 7988851 13802
2 169 rs7592529 5427628 3 0.00569326213099853 5418756 5429475 10719
2 4444 rs12477557 199236870 1 -0.00568696757767451 199206396 199236870 30474
2 4797 rs17459063 216317657 3 0.00566041713540478 216307103 216322388 15285
2 306 rs10929604 9865547 1 0.0056157981480807 9865547 9870631 5084
2 3055 rs841470 129370246 1 0.00559530887776595 129360694 129395115 34421
2 821 rs3738870 29420315 3 -0.00558166079532301 29413294 29432982 19688
2 3212 rs12612204 137314240 2 0.00556600506148934 137314240 137323986 9746
2 2740 rs1028246 114601242 1 0.00555266120306858 114601242 114601242 0
2 4048 rs12994635 175451014 3 -0.00540295989663001 175447213 175452808 5595
2 1016 rs17471749 35951818 3 0.00537664640468255 35935526 35951818 16292
2 1767 rs1177210 61077693 2 0.00536707413366665 61071656 61091950 20294
2 3902 rs1862069 169933741 2 -0.00535080869365543 169911189 169933741 22552
2 3300 rs2030240 141218933 1 0.00533597168601339 141217244 141218933 1689
2 656 rs1801701 21228827 3 0.0053262817618088 21225281 21237544 12263
2 415 rs1000053 12790328 1 -0.00532079450248126 12790328 12807683 17355
2 3617 rs11895478 155571123 2 0.00530970764212756 155571123 155594099 22976
2 3739 rs1990760 163124051 5 0.0052885585201251 163110536 163152351 41815
2 1559 rs1549749 53052480 1 -0.00525084988075634 53039770 53058194 18424
2 1773 rs4430924 61703856 4 -0.00523867317287831 61638952 61731478 92526
2 1268 rs7592384 43926465 2 0.00522590638634948 43926465 43929983 3518
2 1299 rs1657855 45144752 1 -0.00521703688800463 45144752 45151055 6303
2 5192 rs6436917 231038160 1 -0.00519476303635627 231035575 231038910 3335
2 5516 rs4505564 240871018 1 -0.00517915053752734 240871018 240871893 875
2 5091 rs2102101 227410349 2 0.00512867170023032 227395509 227413223 17714
2 3195 rs4953922 135402521 5 0.00507689801634364 135351764 135421558 69794
2 1625 rs2920898 55273287 1 -0.00506593894670848 55271875 55277858 5983
2 3580 rs13405095 154061615 1 0.00502318703543695 154058372 154061615 3243
2 1200 rs1560257 41898148 1 0.00500774143051101 41895340 41903118 7778
2 1992 rs10489987 70809219 4 -0.00499711708522715 70796257 70809219 12962
2 2890 rs17005295 121600223 1 0.00499445422304957 121600223 121600223 0
2 1296 rs341605 45064187 1 0.0049641034543586 45064187 45065588 1401
2 337 rs818148 10637325 2 -0.00495432489443176 10627544 10637325 9781
2 3232 rs10490742 137874930 2 -0.00494222218502818 137872961 137890465 17504
2 3777 rs57447159 165210891 1 0.00493781452263607 165210891 165210891 0
2 1079 rs6708931 37630993 1 -0.00493165023778023 37630993 37630993 0
2 4529 rs4294983 204794794 1 -0.00487438967505849 204778600 204794794 16194
2 305 rs11680429 9844178 1 0.00487374068137152 9844178 9844178 0
2 2685 rs4849155 111635197 1 0.00477872004477746 111628522 111635197 6675
2 1726 rs11902296 59746346 1 -0.00477165063465656 59745743 59750886 5143
2 3455 rs7576755 148310480 2 -0.00476425176537506 148304568 148311124 6556
2 3206 rs7570134 137085598 2 -0.00475140439123705 137081149 137102171 21022
2 1957 rs4314026 69269809 1 0.00473944181380691 69266291 69287943 21652
2 2019 rs357762 71428191 3 -0.00471172079692258 71405378 71432288 26910
2 4899 rs11689596 220093423 2 -0.00470982759534175 220087441 220117458 30017
2 2904 rs2713207 122007858 1 -0.00469938639402137 122003073 122007858 4785
2 3769 rs17351368 164899430 2 -0.00469541835594267 164879136 164906820 27684
2 4582 rs2058712 206452025 2 0.0046796703734219 206443038 206452025 8987
2 5009 rs1517641 224227452 3 0.00466811381990885 224211363 224227452 16089
2 3202 rs2874874 136578194 1 0.00465905982729174 136545299 136590558 45259
2 2350 rs908307 85673991 2 -0.00456148234412423 85672868 85683099 10231
2 80 rs1710506 2518376 2 0.00455181681315649 2504833 2521551 16718
2 3802 rs11683781 166288740 3 0.00453702052698196 166281132 166288740 7608
2 4219 rs12468232 183339722 4 0.00451937286534943 183324227 183351225 26998
2 1791 rs4468797 62663989 2 0.00451677480182697 62662704 62666178 3474
2 1789 rs4640376 62576427 2 0.00450832974028891 62576006 62581284 5278
2 5267 rs11678490 233830950 1 -0.00450384872309429 233824116 233830994 6878
2 2564 rs880427 105985228 1 -0.00449109480219235 105985228 105999009 13781
2 990 rs4439939 34988474 2 -0.00448946479087353 34986833 34997666 10833
2 4419 rs4341955 197404714 2 0.00442687666135667 197404714 197472277 67563
2 1550 rs7371202 52810903 2 -0.00439384033917659 52808175 52826401 18226
2 910 rs682895 31871583 1 0.00439296949069818 31834078 31873476 39398
2 5208 rs6436944 231376320 2 0.0043694688215401 231376320 231407663 31343
2 4160 rs1515274 180492632 2 -0.00434994745978655 180480377 180492632 12255
2 2393 rs7571971 88895351 1 0.00432836256029274 88895123 88899883 4760
2 1774 rs4270330 61864047 2 -0.00432213997978748 61863427 61874015 10588
2 1424 rs4374421 48935392 1 -0.00429097433537047 48935392 48938356 2964
2 4527 rs3087243 204738919 6 0.00428774537546936 204693876 204740866 46990
2 4192 rs13010713 181996045 1 -0.00424022457655266 181996045 182007800 11755
2 1286 rs12712916 44482099 3 -0.00423872306067358 44482099 44507213 25114
2 5537 rs12620119 241357693 2 -0.00420666155739875 241345108 241371065 25957
2 4749 rs7606842 213737261 3 -0.00420318328388 213728381 213759117 30736
2 3029 rs2028211 127901657 1 -0.00412137429490678 127901657 127915335 13678
2 942 rs41464348 33527299 2 -0.0041122093436244 33505139 33532820 27681
2 2741 rs17045956 114680469 1 0.00409999415184932 114614770 114725960 111190
2 3736 rs1861975 162929300 2 0.00409149817236128 162929300 162929709 409
2 1537 rs60086424 52390119 1 -0.00406436461411514 52369737 52390119 20382
2 3140 rs13427795 133901426 1 0.00404600217742376 133901426 133929269 27843
2 2044 rs6546731 72116933 2 -0.00401882645899426 72116933 72116933 0
2 4639 rs9636269 208610801 2 -0.00401539449116088 208605594 208610801 5207
2 3687 rs9869 159663599 2 -0.00400563361176959 159663599 159663616 17
2 45 rs1514684 1441178 2 0.00399774990242261 1441178 1442417 1239
2 733 rs1865687 25112885 1 0.00396919859775354 25103108 25135620 32512
2 3138 rs12052290 133863624 1 0.00392893832480769 133863624 133863624 0
2 2641 rs3806536 108602755 2 -0.00392814515084945 108599710 108607394 7684
2 1030 rs10495867 36304861 2 0.00391566078015152 36296574 36304861 8287
2 2858 rs708670 119987237 3 -0.00389666723458567 119984733 119997159 12426
2 3704 rs7573748 160701198 4 -0.00389358506305886 160690656 160701224 10568
2 1608 rs17343815 54714119 2 -0.0038452566768723 54703979 54714119 10140
2 624 rs7578149 20312438 1 0.00380862702267143 20292618 20312438 19820
2 4130 rs16866412 179474668 1 -0.00380726705094906 179472223 179558366 86143
2 2678 rs9330313 110280390 2 -0.00380306075697831 110278908 110353910 75002
2 3348 rs7598314 142533965 3 -0.00380006570058054 142530120 142533965 3845
2 212 rs12623864 6421045 1 0.00377940819438631 6415415 6424508 9093
2 166 rs7604248 5336076 3 0.00377511696844788 5336076 5340675 4599
2 3248 rs1598514 138568673 3 0.00376574745120231 138537633 138607187 69554
2 5175 rs6712266 230272648 2 -0.00373772862180939 230272648 230278731 6083
2 2673 rs6748333 110005208 1 -0.00373619008383641 110004170 110005208 1038
2 210 rs13384785 6375910 2 0.00373085409133707 6375516 6380352 4836
2 1929 rs6734622 68350891 3 0.00372255104491645 68349183 68350891 1708
2 3801 rs13385399 166269095 2 -0.00370425879947268 166260790 166278856 18066
2 271 rs10490219 8400895 1 -0.00370027948137478 8391187 8404110 12923
2 1276 rs10084473 44232411 2 -0.00369413246326234 44228398 44237874 9476
2 2895 rs114814747 121748048 2 -0.00365402648429048 121735335 121748048 12713
2 1516 rs12612083 51753361 1 -0.00364664731133845 51751984 51753361 1377
2 2642 rs7560566 108657625 1 -0.00363116537949966 108651021 108699104 48083
2 1357 rs13027413 46479838 2 -0.00362614577106449 46475797 46479838 4041
2 3601 rs6720771 154753536 2 -0.00361961579485368 154743167 154773575 30408
2 4646 rs4277502 208978677 1 0.00357414910290362 208978677 208991487 12810
2 5527 rs1565985 241193615 1 0.00356018539736596 241188859 241194081 5222
2 4695 rs2111713 211576458 1 0.00355348038941262 211554574 211593520 38946
2 754 rs79413730 26534872 1 -0.00353168082831214 26532443 26536727 4284
2 1007 rs4670470 35653722 2 -0.00350041068426222 35624746 35653722 28976
2 2952 rs12476179 124484294 2 0.00350029669073528 124483400 124508051 24651
2 1831 rs6546118 65212178 1 0.0034970880465051 65212178 65213104 926
2 4974 rs6710838 223044442 1 -0.00347919607455152 223042991 223044442 1451
2 1111 rs10175994 38450573 1 -0.00345290523616809 38445779 38450573 4794
2 1709 rs7586333 59183439 1 0.00343201056343556 59183439 59183439 0
2 409 rs1534428 12643443 2 -0.0034301409536011 12627522 12646409 18887
2 4816 rs10180583 216905728 1 0.00342900878904371 216905728 216933792 28064
2 5369 rs10460277 236430910 2 0.00342888420589553 236421824 236430910 9086
2 562 rs1452414 18427836 2 -0.00340784094946913 18402432 18427836 25404
2 1092 rs4670780 38048671 1 0.00340689448937618 38048671 38048671 0
2 1504 rs2069318 51323895 1 -0.00336174883966118 51311532 51326497 14965
2 4254 rs11901504 185785610 1 0.00334848291725774 185735599 185785610 50011
2 4658 rs10932259 209184999 5 0.00332926933238209 209135339 209191082 55743
2 3978 rs13390848 172957643 1 0.00328264878706968 172953438 172957643 4205
2 2494 rs10199359 102707179 2 -0.00327473897136798 102707179 102707179 0
2 830 rs17007920 29570906 1 0.00326485981728632 29570906 29578251 7345
2 1034 rs6717847 36398904 2 -0.00325180790585968 36395676 36408593 12917
2 4208 rs12621807 182856074 1 -0.00320330676292919 182852282 182856074 3792
2 4780 rs7585356 215592306 1 0.00318122181014713 215592306 215607896 15590
2 1926 rs10496157 68204454 1 -0.0031690491375378 68190624 68210872 20248
2 33 rs4971432 1079320 1 0.00316022998936789 1063504 1081594 18090
2 3123 rs6430373 133513086 2 0.00314383163200309 133484851 133513086 28235
2 2171 rs11126614 77722736 3 -0.00313557642099911 77721499 77742249 20750
2 724 rs714532 24399560 2 -0.00312993767534423 24369019 24413298 44279
2 2140 rs1609007 76519240 3 -0.00312351780047782 76500077 76535759 35682
2 1508 rs10490152 51451120 2 -0.00309131533404354 51451120 51492867 41747
2 1611 rs1510611 54865527 2 -0.00308701165937463 54858253 54877365 19112
2 4267 rs16827790 187240797 1 0.00306899049720338 187081525 187364878 283353
2 5562 rs1532788 242330192 2 -0.00306645985463971 242296449 242353704 57255
2 5563 rs757978 242371101 3 0.00305296165355327 242360245 242383928 23683
2 1610 rs6715538 54847934 1 0.00304101569305449 54811917 54847934 36017
2 1712 rs7599151 59308101 2 0.00302838631748699 59301572 59312140 10568
2 2879 rs10198258 121202941 2 -0.00302044274057217 121195181 121202941 7760
2 1880 rs17681403 66977032 1 0.00299820496310245 66977032 66977032 0
2 4056 rs1153702 175920757 1 0.00299314060610919 175920757 175920757 0
2 2724 rs1530551 113817566 2 0.0029907406263177 113809266 113825966 16700
2 1478 rs17508435 50439522 1 -0.00295715079095719 50432463 50442276 9813
2 447 rs11900823 14194649 1 0.00294613132861286 14194649 14233052 38403
2 5031 rs282258 224914800 4 -0.00293980475448459 224914800 224929659 14859
2 2233 rs17017378 79864370 3 -0.00290209230007375 79864370 79864923 553
2 2920 rs10169452 122953533 4 -0.00286433338611 122953533 122970146 16613
2 3419 rs2381710 146035130 2 -0.00285218125141161 146035130 146035130 0
2 3002 rs360385 127120893 1 -0.00285168716148694 127120893 127126224 5331
2 1080 rs13409745 37697432 5 0.00283665981791031 37690633 37704936 14303
2 477 rs6732271 15303781 1 0.0028361568098368 15303754 15303803 49
2 1421 rs2293276 48819197 2 0.00283347793463405 48819197 48831931 12734
2 2197 rs12477341 78755686 1 -0.00282495220829002 78737668 78757904 20236
2 4435 rs1579695 198900363 10 0.00282322156441055 198875464 198950240 74776
2 5127 rs11896579 228501387 1 -0.00281251014373773 228489763 228501387 11624
2 4969 rs7582427 222826088 4 0.00281064892810638 222818891 222856726 37835
2 3137 rs13395693 133806124 2 -0.00280568003178553 133806124 133806124 0
2 5325 rs11685523 235464046 2 -0.00280231243127685 235464033 235464046 13
2 2189 rs6735096 78280763 1 -0.00279479630785484 78280763 78287339 6576
2 3603 rs7590906 154849098 1 -0.00278636854797008 154830754 154865481 34727
2 535 rs7585536 17444450 3 0.00278078113878022 17444450 17453968 9518
2 4729 rs6732730 213009392 1 0.0027657391795281 213008886 213009392 506
2 5074 rs974412 226636274 1 -0.00276011283430511 226629084 226661758 32674
2 3220 rs2710190 137554697 4 -0.00275357450165471 137536904 137566169 29265
2 4149 rs10497537 180177796 5 0.00275165989990282 180173172 180177796 4624
2 1652 rs7609306 56376564 2 -0.002733879926748 56376308 56381698 5390
2 5199 rs11684950 231183786 2 -0.00271744680233792 231179460 231184106 4646
2 5556 rs1062748 242028741 3 0.00271252353673117 242021742 242065944 44202
2 2436 rs6721652 100377321 3 -0.00270884142301381 100377321 100462110 84789
2 1824 rs6706514 65053216 1 0.00270607450169327 65053216 65053216 0
2 4845 rs6735174 217900280 2 -0.00269231689200971 217894024 217905832 11808
2 1454 rs13427322 49707932 3 0.0026914573043675 49700419 49727295 26876
2 4925 rs11688377 221067691 1 0.00268969604015951 221047792 221067691 19899
2 1868 rs1358698 66453086 3 0.00268562562686185 66453086 66460709 7623
2 5306 rs676959 234933559 5 0.00266983870628439 234923881 234933630 9749
2 2284 rs7557987 81469658 3 -0.00266380871678202 81469658 81523033 53375
2 956 rs7585514 33922554 1 0.00266266451663467 33922554 33928721 6167
2 1158 rs688673 40406518 1 0.00265891407205354 40400672 40407867 7195
2 3421 rs12615682 146078530 3 0.00265305062585676 146078530 146095070 16540
2 3804 rs13424955 166339756 2 0.00264108931074509 166303598 166339756 36158
2 2992 rs2114600 126475431 3 -0.0026367592772389 126455657 126477788 22131
2 702 rs1025703 23507416 2 0.00262147264999017 23458669 23512029 53360
2 1964 rs13009913 69517810 1 -0.00261869104297942 69517810 69518726 916
2 3688 rs1522699 159764389 1 0.002609221749177 159764389 159764389 0
2 3558 rs6741728 153268746 4 -0.00260679067207917 153248404 153273219 24815
2 4246 rs1443033 185277576 1 0.00258571038179792 185264965 185277576 12611
2 1823 rs11683197 65027624 1 0.00258373539784158 65027624 65027624 0
2 2366 rs1075622 86337930 3 -0.00258332835058936 86305814 86354704 48890
2 915 rs10084280 32297984 4 0.00256674227323193 32278782 32447718 168936
2 3758 rs2704358 164402710 1 0.00256395923663219 164402710 164402710 0
2 2799 rs17046680 117928308 1 0.00254450684297133 117900052 117928308 28256
2 376 rs17529680 11727087 4 -0.00253542022842803 11724159 11736305 12146
2 2817 rs6542427 118801681 3 -0.00251847778848201 118755038 118838281 83243
2 660 rs12470778 21354702 2 -0.00250349161705686 21311691 21383717 72026
2 3395 rs17834780 144638809 2 0.00249103319272378 144638809 144662599 23790
2 2839 rs17050103 119427742 2 -0.00248469271263458 119377442 119446030 68588
2 1278 rs12613714 44279622 1 -0.00246479078108866 44279622 44290437 10815
2 4358 rs6739080 192614107 1 -0.00246197976304023 192614107 192616373 2266
2 541 rs2680827 17773524 2 0.00246093472663505 17770095 17778129 8034
2 3918 rs11902340 170359113 1 -0.00244756848082076 170336811 170368798 31987
2 3605 rs12693913 154940389 6 0.00244628354323701 154933789 155000595 66806
2 3539 rs4664493 152492324 1 0.0024434191308481 152476130 152492324 16194
2 3110 rs10928155 132583278 1 0.00243758013885679 132583278 132583278 0
2 4801 rs4672772 216429439 1 -0.00242411327726151 216429439 216436519 7080
2 4644 rs11683477 208927892 2 0.00241525118390306 208926542 208938866 12324
2 2503 rs11465732 103067823 1 0.00240814849883262 102991369 103091540 100171
2 144 rs6542706 4409558 1 -0.00239556990120774 4409558 4409558 0
2 3105 rs4314035 131731464 2 0.00239015356758868 131717891 131731464 13573
2 643 rs4666313 20769783 1 0.00238241578085864 20768247 20769783 1536
2 4875 rs3791915 218784146 1 -0.00236576830851726 218784146 218784225 79
2 831 rs12714272 29585788 5 0.00236523074520171 29580466 29586686 6220
2 1858 rs11126064 66142233 2 -0.00235335161309667 66142233 66177065 34832
2 1420 rs13011288 48810067 3 -0.0023515776489596 48807796 48810067 2271
2 779 rs13030973 27928797 2 -0.00234709503143578 27874563 27951658 77095
2 3867 rs7562413 168979569 2 0.00234547111882242 168969842 168984168 14326
2 1121 rs7563859 38740703 2 -0.0023356867059551 38736090 38743881 7791
2 657 rs10199768 21244000 1 -0.00231369574161585 21244000 21250914 6914
2 547 rs4553827 18099832 4 -0.00230184389267682 18098857 18116319 17462
2 4348 rs2356656 192381934 1 0.00230037711332891 192381934 192386522 4588
2 5315 rs7587925 235193276 1 0.00229737825607527 235192719 235195562 2843
2 3955 rs2241165 171678379 1 -0.00228276173295501 171678379 171682740 4361
2 4122 rs438027 179034697 2 -0.00228172231777325 179029309 179043660 14351
2 1026 rs10211245 36186184 1 -0.00228025238048362 36186184 36190919 4735
2 420 rs10186351 12964428 3 -0.00227730525451766 12964428 12992430 28002
2 1684 rs6731365 57935873 1 -0.00227003794110313 57934055 57937744 3689
2 2107 rs10191221 75561691 1 -0.00226345129641367 75541243 75561691 20448
2 4819 rs207844 217105695 2 -0.0022611245662008 217103149 217127309 24160
2 4272 rs6434197 187698707 2 -0.0022504880363718 187692983 187698707 5724
2 4971 rs4674634 222977035 3 -0.00222683455737191 222952676 222977078 24402
2 3271 rs10199685 139903008 1 -0.00222651525791244 139895553 139908499 12946
2 2874 rs10864990 121094955 1 -0.00221629602946584 121094955 121095920 965
2 4026 rs606961 174487923 1 0.00220284590694811 174483240 174487923 4683
2 3098 rs6713511 131121149 1 0.00220073692356044 131121149 131123264 2115
2 3925 rs12624234 170649349 1 0.00218556978294477 170649349 170649349 0
2 983 rs13005810 34580853 2 0.00218487706921692 34578706 34594367 15661
2 298 rs2709580 9514573 2 0.00217131147828538 9499377 9517647 18270
2 888 rs2303323 31189304 2 0.00216973278010334 31189236 31189304 68
2 4198 rs1449263 182319301 1 0.00216029182885131 182308352 182319301 10949
2 4308 rs7579312 189882685 1 0.0021566494905559 189882685 189882685 0
2 4437 rs988583 198987935 1 -0.00214448387127553 198987935 199048138 60203
2 2 rs409572 153302 6 -0.00214440212900327 130357 170616 40259
2 3753 rs4144827 164114775 1 0.00214361518186056 164114775 164149690 34915
2 4645 rs10932241 208976955 1 0.00214356449870323 208966158 208976955 10797
2 5538 rs2228331 241405528 1 0.00214339190794771 241401673 241405528 3855
2 2372 rs4832300 86788513 2 -0.00213026107967756 86649747 86819409 169662
2 4090 rs2044642 177460699 1 0.00210844079162378 177456444 177460699 4255
2 5025 rs6746036 224792256 1 0.00209992179237062 224792256 224814186 21930
2 860 rs7579944 30445026 2 -0.00209618221623339 30442158 30445026 2868
2 672 rs7601596 22348539 1 0.00209548797064173 22348539 22348539 0
2 2634 rs6709735 107962440 1 -0.00208168878016704 107962440 107990409 27969
2 1636 rs11125589 55941440 1 0.00208122379551818 55902395 55941440 39045
2 5077 rs2037286 226835324 2 -0.00207738494666937 226835324 226855807 20483
2 3073 rs11675233 130058282 3 0.0020762338707069 130024033 130060598 36565
2 1431 rs733726 49096835 1 0.00207302036393036 49090394 49099508 9114
2 3224 rs1649571 137622996 2 0.00206277161158411 137622996 137629273 6277
2 3794 rs10930150 165972870 2 -0.00205962242044957 165956508 166000637 44129
2 4118 rs10497482 178805428 1 0.00205847846534941 178697917 178805428 107511
2 3481 rs170673 150014096 1 0.0020581978921083402 150000597 150014096 13499
2 445 rs10495620 14116991 1 0.00205754987594091 14111157 14116991 5834
2 4530 rs4452124 204799697 3 0.00205600839462328 204799697 204802578 2881
2 5133 rs1506563 228622128 1 -0.00205338550149206 228622128 228622128 0
2 1239 rs6727142 43091100 1 -0.00205036168405576 43086466 43091550 5084
2 781 rs898031 28203294 3 -0.0020223956951342 28046028 28258142 212114
2 345 rs10192975 10887075 2 0.00201545905236795 10887075 10890205 3130
2 3473 rs73966644 149673834 1 -0.00197849630266914 149673362 149816918 143556
2 1320 rs11904395 45556388 2 -0.00197331993426059 45547015 45556388 9373
2 3537 rs3815851 152336428 2 0.00197161251851657 152311570 152375935 64365
2 3541 rs6433575 152567908 3 0.00196070148536556 152546198 152587344 41146
2 3166 rs16829944 134784345 3 -0.00195485944143102 134784345 134792219 7874
2 3207 rs16833821 137114910 3 0.00194083467022873 137111399 137121731 10332
2 2727 rs419598 113887207 1 -0.00193881417428504 113887207 113887262 55
2 813 rs6739684 29247894 1 -0.00193756114543307 29247894 29251134 3240
2 994 rs7600259 35093293 1 -0.00192325234281134 35093293 35093293 0
2 4906 rs6726806 220351379 1 0.00190754848348658 220337196 220354108 16912
2 717 rs583168 23829145 1 -0.00188737099889168 23817398 23838148 20750
2 3911 rs830964 170156880 1 0.00188532459797207 170156880 170159313 2433
2 3653 rs2131801 157654171 2 -0.00186318216749521 157654171 157654171 0
2 142 rs6743559 4307217 1 0.00184655379678882 4307217 4307217 0
2 1891 rs1362478 67294023 3 -0.00184463229688442 67289035 67306158 17123
2 492 rs4668989 15929276 2 0.00184192454599428 15926168 15930012 3844
2 5030 rs861442 224902897 1 -0.00183798607559468 224893429 224902897 9468
2 3489 rs6721513 150274458 2 -0.00183527428798637 150270689 150293077 22388
2 847 rs7567152 30074153 2 0.00183307174039901 30068116 30074153 6037
2 5291 rs4663335 234689090 2 -0.0018317291108838 234685264 234698790 13526
2 2862 rs935393 120165808 2 0.00182964412769091 120159868 120165808 5940
2 797 rs6547857 28757368 2 0.00182336666896275 28756255 28757368 1113
2 2185 rs6719192 78124975 2 -0.00182132485566162 78120305 78124975 4670
2 5490 rs6727608 240443992 1 0.00181863548291723 240442314 240448123 5809
2 1989 rs1523300 70769365 1 0.00181391791290891 70769365 70769365 0
2 4881 rs7580997 218883186 1 0.00180733106218308 218880952 218883186 2234
2 4829 rs4674093 217428055 2 0.00180732380201806 217428055 217428055 0
2 5204 rs1427283 231282791 2 0.00180682296934231 231282791 231289976 7185
2 5438 rs3769080 238641521 1 0.00179992010315269 238640263 238641521 1258
2 4991 rs10176458 223625518 1 0.0017956862577642 223625518 223625518 0
2 1294 rs1437747 44865678 1 -0.00179029001996201 44810215 44865678 55463
2 3523 rs7598311 151870187 1 -0.00178347756019815 151867138 151878133 10995
2 4496 rs2098354 202384125 2 0.00176422115405762 202383408 202400872 17464
2 316 rs2303920 10126330 2 0.00175734097781502 10110517 10130111 19594
2 4757 rs13419945 214065112 1 0.00174649818494393 214065112 214098403 33291
2 5146 rs16824642 229183017 1 -0.00174050174108687 229183017 229211957 28940
2 1834 rs2302631 65331659 1 0.00174049609576 65311031 65371112 60081
2 2289 rs12615721 81856526 2 -0.00174016610245057 81825648 81921062 95414
2 4697 rs7586705 211657675 1 0.00173633198771272 211655965 211661897 5932
2 120 rs731034 3677022 1 -0.0017092451020054 3677022 3677022 0
2 1688 rs1518397 58212839 1 0.00170268912553399 58212839 58237076 24237
2 2388 rs1258429 88648331 3 0.00170010456390814 88615224 88648331 33107
2 4785 rs2225064 215806919 1 0.00169555073694113 215798408 215813331 14923
2 4945 rs4672991 221897060 2 -0.00169408095626604 221897060 221908044 10984
2 4846 rs4674132 217938519 2 -0.00169398494524382 217930669 217938519 7850
2 5042 rs61732371 225244352 1 -0.00168559180791038 225229888 225245151 15263
2 2728 rs9005 113891412 1 0.00168387845599138 113890304 113892141 1837
2 5525 rs7597331 241123603 1 -0.00168176737222648 241114873 241123603 8730
2 4222 rs17265531 183469248 1 0.00168158216053514 183465070 183498471 33401
2 5223 rs3106075 231825834 1 0.00167558856169165 231818806 231825834 7028
2 4344 rs6704784 192109558 1 0.00167487165935136 192109558 192109558 0
2 4548 rs7569476 205385386 1 0.00164991369182264 205385386 205385386 0
2 5468 rs4591363 239895637 1 0.00164893037178309 239890696 239895637 4941
2 1786 rs4672495 62521244 1 -0.00164747602728188 62521244 62521244 0
2 4786 rs1980846 215841891 2 0.00164536047234841 215832746 215841891 9145
2 1271 rs3765000 44014301 1 -0.00164023527840313 43998010 44027302 29292
2 3949 rs10191600 171476133 1 0.00163661541395285 171476133 171476133 0
2 5447 rs34371548 239098594 1 -0.00163353521740165 239095422 239098594 3172
2 5137 rs16824126 228754349 1 0.00163076849451437 228754349 228776938 22589
2 3980 rs1386352 173046754 2 -0.0016293571529538 173046584 173062159 15575
2 5154 rs10804346 229538464 3 0.00161382361089518 229504065 229555490 51425
2 4534 rs11685977 204969138 2 -0.0016117639892655 204969138 204969138 0
2 1249 rs4953715 43270895 2 0.00160977883169571 43270895 43281211 10316
2 3156 rs6414015 134513100 2 -0.00160758510429328 134512727 134535495 22768
2 1433 rs6545082 49153675 1 0.00160551221125891 49153675 49153675 0
2 2659 rs17269487 109599670 1 -0.0016049265787172 109599256 109610036 10780
2 2473 rs6742826 101816249 1 -0.00160263090242101 101789124 101816249 27125
2 646 rs896733 20819316 1 -0.00159451824434362 20818286 20823219 4933
2 775 rs1975384 27542041 1 -0.00159246249172359 27542041 27550967 8926
2 2180 rs10175035 78019344 2 -0.00159210102550257 78018076 78025576 7500
2 1825 rs7600672 65080772 2 0.00157949038130152 65080772 65080772 0
2 2439 rs17023563 100759030 3 -0.00157840679536616 100746395 100767082 20687
2 3678 rs2193700 159266933 3 0.00155852701611265 159237284 159271306 34022
2 2991 rs2114601 126440697 1 0.00155732348119331 126411247 126441311 30064
2 5317 rs772783 235241961 1 -0.00155471223414723 235241961 235241961 0
2 1525 rs7608332 52024350 1 0.00155217732784412 52022010 52024350 2340
2 4545 rs6708542 205256040 1 0.00155000315447496 205256040 205293339 37299
2 881 rs6710242 31006133 3 -0.00154595474318678 30993818 31006133 12315
2 4125 rs10497513 179212806 2 -0.00154144229408975 179186529 179212806 26277
2 3391 rs6708276 144442150 2 0.00154040134773495 144442150 144463315 21165
2 4357 rs4241279 192609666 1 -0.00152718023573701 192598953 192609666 10713
2 388 rs1036668 12132638 1 -0.00151565844538061 12132638 12143553 10915
2 2707 rs10169925 113014605 1 -0.00151431991399258 113014605 113067622 53017
2 3104 rs61750360 131688783 2 0.00151373701109843 131680121 131706883 26762
2 957 rs17338665 33947012 3 0.00150164185677272 33939941 33948748 8807
2 5388 rs10184445 237189869 2 -0.0014851048099125 237189869 237193052 3183
2 2205 rs6761240 79101215 2 -0.00147000004350999 79095582 79116618 21036
2 4294 rs986588 188871436 2 -0.00146924843944335 188865131 188879205 14074
2 1809 rs10200259 64509799 1 -0.00146404082084465 64509799 64520663 10864
2 5337 rs13008181 235680447 1 -0.00146114095845254 235680447 235680447 0
2 4191 rs1401131 181891320 1 -0.0014580094746561 181878770 181967075 88305
2 967 rs1559644 34195228 2 -0.00145739219177314 34175977 34195228 19251
2 2829 rs7562732 119085908 2 0.00145607350321716 119052905 119085908 33003
2 326 rs10929646 10385097 1 -0.00145178991111382 10385097 10385097 0
2 5198 rs3769845 231155704 3 -0.00144828718319799 231139777 231159488 19711
2 4112 rs3770019 178544417 1 0.00144705865451529 178540293 178545934 5641
2 3871 rs7584694 169087090 1 0.00144675992015734 169074972 169087090 12118
2 4944 rs16862036 221880457 2 0.00144638781738556 221860558 221880981 20423
2 546 rs10184119 18082049 4 0.00144633822752651 18048653 18083493 34840
2 5103 rs10174459 227973193 1 0.00144580482936603 227970914 227973193 2279
2 1419 rs876970 48779064 1 -0.0014415788858621 48769377 48779064 9687
2 4045 rs2122398 175250289 1 -0.00144007276515468 175250289 175250289 0
2 2037 rs2419777 72022087 1 -0.00143491282136951 72022087 72022087 0
2 3201 rs2117511 136462661 2 -0.0014313400399661 136447707 136462661 14954
2 1599 rs10186140 54362975 1 -0.00142961118108217 54333078 54366605 33527
2 4221 rs7563329 183430921 3 0.00142682460049924 183375853 183430921 55068
2 3218 rs1427611 137474142 3 -0.00141875677426813 137474142 137495815 21673
2 5155 rs6726331 229609201 2 0.00141329580150664 229601195 229616236 15041
2 786 rs2279475 28545109 1 0.00140606175993081 28545109 28557080 11971
2 963 rs1718728 34074656 2 0.00139821602205665 34074065 34085129 11064
2 2443 rs13397337 100883460 2 0.00139450481843694 100882593 100889386 6793
2 1280 rs7355599 44322757 1 0.00139042054585261 44322757 44326923 4166
2 1378 rs17035808 47095560 1 -0.0013884475729463 47086006 47095560 9554
2 1477 rs10495982 50424877 3 -0.00138509720597249 50396135 50424877 28742
2 3896 rs560887 169763148 1 0.0013840232983394 169763148 169763148 0
2 3725 rs1404358 161746542 1 -0.00138101870530171 161746542 161768312 21770
2 542 rs7578070 17911847 3 0.00137624532522671 17834754 17967586 132832
2 2432 rs12053519 99875018 1 -0.00137489636852444 99875018 100058870 183852
2 4151 rs1022360 180272486 1 0.00137114157793004 180240770 180272486 31716
2 4372 rs973885 193994278 4 -0.00137099617269787 193775570 194004036 228466
2 3446 rs2034526 147804074 2 0.00136758138804437 147777020 147804074 27054
2 3813 rs13400882 166688858 1 -0.00136549295234422 166658586 166714081 55495
2 1687 rs2678902 58138581 2 -0.00136465270136285 58101921 58163178 61257
2 1756 rs8179712 60663798 2 -0.00136322767663858 60641329 60676363 35034
2 834 rs4372837 29624775 1 0.00135965651486764 29624166 29624775 609
2 3448 rs2706055 147860657 2 -0.00135904406638185 147841792 147868345 26553
2 3379 rs354693 143830118 1 -0.00135683017414484 143817718 143830118 12400
2 1930 rs2278789 68376376 1 -0.00134955571213723 68359897 68391087 31190
2 1932 rs3732042 68519877 1 0.00134713624371806 68519877 68519877 0
2 4528 rs10497873 204762327 1 0.00134134607974854 204762327 204762327 0
2 2378 rs2970911 88395824 2 -0.00132578607335441 88389761 88397806 8045
2 1412 rs7588761 48150587 1 0.00132528468560843 48150587 48150587 0
2 3013 rs1000858 127459321 2 -0.00132261418867552 127451514 127459321 7807
2 297 rs10203328 9459986 2 -0.00131695537349652 9422526 9459986 37460
2 37 rs4467306 1154664 3 -0.0013166416317107 1143477 1154664 11187
2 923 rs6543679 33062481 1 -0.00131000192415598 33057389 33062481 5092
2 5275 rs7608422 233950732 1 0.00130657229839437 233949255 233950732 1477
2 2942 rs1395931 123818973 3 -0.00130283845476989 123818296 123857742 39446
2 4715 rs4672615 212356992 1 0.00130151423325688 212355500 212356992 1492
2 426 rs7568997 13257628 1 0.00130117405818014 13257628 13321498 63870
2 4618 rs1377390 207755367 1 0.00130053598523093 207740653 207768601 27948
2 2777 rs7601876 116564034 1 -0.00129568575890824 116564034 116590423 26389
2 728 rs7603434 24732190 1 -0.00128995053100961 24718100 24856759 138659
2 2346 rs7564372 85590286 1 0.00128831188740786 85590286 85603064 12778
2 4765 rs9283527 214848645 2 0.00128382782087859 214848645 214880852 32207
2 2968 rs11123043 125177190 1 -0.00127460249056682 125177190 125177190 0
2 4942 rs10498096 221761150 1 -0.00127444275366947 221745571 221762952 17381
2 4573 rs1207429 206164004 2 0.00127163028351855 206150594 206164004 13410
2 3242 rs3919758 138328342 2 0.00127058651254753 138319054 138332365 13311
2 3276 rs1877937 140102691 1 -0.00126842837467226 140100106 140142448 42342
2 5157 rs800736 229729917 2 0.0012643969384277 229728823 229757438 28615
2 1087 rs7735 37872508 1 -0.00125713680351767 37865696 37877664 11968
2 835 rs4322797 29666976 2 -0.00125641580098853 29666976 29667972 996
2 4510 rs871949 202937284 4 -0.00124863047408854 202918708 202944114 25406
2 1768 rs842624 61098642 1 0.00124296965010904 61098642 61171045 72403
2 3971 rs2356791 172428729 1 -0.00124022596458482 172424963 172428729 3766
2 4689 rs918233 211376416 1 0.00123920229599361 211354027 211404035 50008
2 4103 rs10197258 178012446 1 0.0012378607617651 178012446 178048763 36317
2 128 rs12463627 3820193 1 -0.0012360452901674 3817635 3830906 13271
2 954 rs6717058 33847659 2 0.00123287396159307 33836922 33852489 15567
2 577 rs11889898 18778577 1 -0.00123146241851564 18763970 18778577 14607
2 3561 rs11892232 153358329 1 0.00122743167953196 153351829 153366129 14300
2 4411 rs2305566 197172538 1 0.00122545943674852 197169190 197175948 6758
2 3476 rs4667324 149927066 1 -0.00122383975038579 149927066 149927066 0
2 2195 rs1816653 78477215 2 -0.00120577853144368 78477215 78479945 2730
2 2218 rs17705745 79489923 1 -0.00120371879135374 79482643 79501362 18719
2 240 rs6431844 7197780 1 -0.00119919992668605 7188104 7205349 17245
2 1209 rs17028820 42057211 2 -0.00119897857063082 42047856 42075529 27673
2 3723 rs7574698 161631419 1 0.00119595405026427 161604269 161637237 32968
2 5336 rs7563078 235673205 3 -0.00119425386075311 235670433 235674274 3841
2 1974 rs10496171 70015181 1 -0.00118506803800508 70013733 70033584 19851
2 4613 rs2277912 207634236 1 -0.00117980122599433 207615724 207651782 36058
2 2415 rs6543280 98701043 2 -0.00117805539068155 98696966 98736225 39259
2 3835 rs2390487 167660965 2 0.00117066201781003 167650494 167671649 21155
2 4232 rs1972947 184170353 1 -0.00116372180931004 184170353 184170353 0
2 4264 rs1016410 186651381 3 -0.00116124769057744 186602952 186674486 71534
2 2986 rs9308661 126193494 2 0.00116114325412143 126159556 126202287 42731
2 4629 rs918193 208150499 2 0.00114411156810445 208133793 208150499 16706
2 4140 rs1873164 179753549 1 -0.00114378216831326 179740009 179753549 13540
2 2434 rs1357719 100252159 1 -0.0011422812696558 100210642 100252159 41517
2 1091 rs4670214 38005048 1 -0.00114159325452213 38005048 38005048 0
2 2104 rs13017967 75461177 1 -0.00112842017414645 75461177 75461177 0
2 1737 rs6728812 60112579 1 -0.00112364103751889 60105682 60112579 6897
2 3320 rs75995642 141773450 2 -0.00112125221833302 141764693 141782073 17380
2 887 rs2303325 31181139 2 0.00111339536305704 31166795 31181139 14344
2 3965 rs17221346 172340419 2 0.00111083963021407 172338194 172353787 15593
2 2769 rs12619497 116032517 3 0.00111067520436421 116014077 116049977 35900
2 2800 rs333852 117973154 1 0.00110550773853707 117973154 117973154 0
2 3499 rs12616417 150688553 2 0.00109439596922097 150683374 150706151 22777
2 3080 rs10153725 130318908 1 -0.00109298077749318 130313935 130319985 6050
2 2416 rs7598069 98761391 2 0.00109261848618046 98758847 98763159 4312
2 4070 rs11896469 176680246 2 0.00109069931577688 176680246 176693074 12828
2 3807 rs2034710 166467351 2 -0.00108871836450345 166455078 166487713 32635
2 2897 rs7571982 121868436 1 -0.00108568642361645 121853648 121875540 21892
2 381 rs11695702 11922054 1 0.00108479066814551 11922054 11922054 0
2 691 rs3738876 23102550 1 0.00108222738575117 23102550 23106030 3480
2 4241 rs826142 184769427 4 0.0010808149473044 184734466 184769427 34961
2 1259 rs4372955 43566146 1 0.00107378521905697 43553949 43566146 12197
2 3750 rs11896390 163944063 1 -0.00107022865811465 163931295 163965160 33865
2 4255 rs35676856 185801559 1 -0.0010695460482499 185796571 185803445 6874
2 383 rs2716651 12044820 1 -0.00106619601303418 12044820 12044820 0
2 1866 rs1997383 66393650 1 -0.00106612693865063 66387107 66410946 23839
2 225 rs1125302 6729988 2 -0.00106584617997255 6723895 6773920 50025
2 2082 rs13407946 74849953 1 -0.00106346873029444 74849953 74849953 0
2 2872 rs1437421 120975831 1 0.00106201084266435 120975831 120975831 0
2 2357 rs11126997 85949396 1 -0.00106163254325697 85941074 85949396 8322
2 3405 rs4563167 145334304 1 0.00105807772758841 145316407 145339520 23113
2 1673 rs1424627 57396264 3 0.00105442748394713 57385309 57398024 12715
2 2526 rs2678664 104444273 1 0.00105097164441605 104430410 104461428 31018
2 1805 rs7604693 64349202 1 0.00104922327016755 64321823 64350414 28591
2 4736 rs7562445 213192048 1 -0.00104324977565978 213183696 213192660 8964
2 4620 rs1453169 207824650 1 0.00104154295984231 207820276 207831954 11678
2 1940 rs7563017 68728483 1 0.0010407424704223 68694255 68811427 117172
2 3303 rs10496845 141288260 1 0.00103967019691887 141288260 141310721 22461
2 1955 rs7585796 69234911 1 -0.00103834396078156 69223710 69236358 12648
2 5253 rs1850593 233232064 1 -0.00103662021062194 233227833 233232064 4231
2 1739 rs4672333 60191297 2 0.00103264286444973 60178342 60215475 37133
2 5288 rs17863783 234602277 1 -0.00103117678462482 234580140 234602277 22137
2 3898 rs486981 169782149 1 0.00102984256492162 169779156 169802594 23438
2 859 rs6718106 30436249 1 -0.00102550051439083 30429330 30436249 6919
2 4880 rs934036 218869388 2 -0.00102066052985304 218869388 218869388 0
2 987 rs1519918 34778477 2 -0.00102005079907761 34778477 34790535 12058
2 2733 rs4849195 114057929 1 0.0010192869838674 114050116 114062391 12275
2 2337 rs2583556 85331686 1 -0.00101924843962041 85327888 85334209 6321
2 5029 rs7602990 224877511 1 0.00101104294051657 224877511 224887340 9829
2 5324 rs940950 235442524 1 -0.00100562051238748 235442524 235452615 10091
2 3652 rs12620493 157622147 2 0.00100327736522171 157598678 157634151 35473
2 778 rs115018606 27799773 1 -9.991459934710978e-4 27796526 27860551 64025
2 2535 rs2376158 104954640 1 9.989324091967534e-4 104954640 104954640 0
2 1324 rs13430952 45765157 2 -9.980050625654517e-4 45765157 45784416 19259
2 119 rs10186193 3597974 4 -9.94819105851647e-4 3477014 3645429 168415
2 537 rs6730775 17489489 1 -9.89200668373674e-4 17486497 17518050 31553
2 3437 rs2381911 147024137 1 9.89063090756897e-4 147013450 147024137 10687
2 327 rs887958 10394082 1 9.84234967416117e-4 10393038 10394490 1452
2 2142 rs6547078 76588942 1 -9.71982541489274e-4 76580601 76606564 25963
2 3308 rs16844450 141426726 1 9.663874447374432e-4 141423316 141426726 3410
2 2926 rs1881881 123176322 1 -9.644315687554052e-4 123176322 123176322 0
2 5404 rs4503948 237758257 1 -9.61941663447767e-4 237758257 237758257 0
2 3707 rs12692575 160770031 1 -9.601731948253254e-4 160770031 160815093 45062
2 4936 rs1517442 221479073 1 -9.5734247115911e-4 221454938 221490435 35497
2 3708 rs1546512 160841307 1 9.562768745894116e-4 160840151 160870601 30450
2 2262 rs13416818 80453570 2 -9.537654346136278e-4 80453570 80470464 16894
2 3160 rs882672 134604616 2 -9.528644424760784e-4 134594110 134604616 10506
2 3964 rs12465868 172212652 2 9.52272417879366e-4 172212652 172259687 47035
2 3052 rs11683275 129274601 1 -9.487898544952532e-4 129274119 129274601 482
2 3211 rs7579669 137303302 3 9.4814672878728e-4 137263270 137304516 41246
2 598 rs824498 19671234 2 -9.473977581864676e-4 19671234 19675939 4705
2 4514 rs4675261 202990187 3 9.459684600018436e-4 202990187 203021290 31103
2 5273 rs4973063 233926201 1 9.41128089605776e-4 233926201 233928776 2575
2 4769 rs11887857 215052524 1 9.393146382192756e-4 215041348 215054694 13346
2 2219 rs1434170 79520327 1 -9.378358150657354e-4 79517133 79520327 3194
2 2080 rs3771726 74501944 2 9.363711878062918e-4 74485896 74503012 17116
2 885 rs4952192 31122598 1 9.328267372298436e-4 31118058 31122598 4540
2 1065 rs11124542 36994439 2 -9.268194417815566e-4 36994439 36994439 0
2 2181 rs12465947 78048788 1 -9.26734589569724e-4 78048214 78061074 12860
2 1867 rs2971848 66417209 2 -9.2492115734131e-4 66417209 66430063 12854
2 2213 rs10206626 79319089 1 9.244813349708508e-4 79300515 79319089 18574
2 2653 rs6747243 109170054 2 9.201679576804369e-4 109099477 109200656 101179
2 1150 rs1990590 40231282 1 -9.157147457857364e-4 40229797 40246716 16919
2 4309 rs6717231 189896170 2 9.153967547937784e-4 189884587 189940142 55555
2 1392 rs2347611 47325973 1 -9.139629586256612e-4 47325973 47325973 0
2 3897 rs13419326 169771420 1 -9.130392374225656e-4 169771420 169774071 2651
2 143 rs17019005 4351869 1 9.129921154108608e-4 4325172 4353141 27969
2 4037 rs6433461 174910616 2 9.096915240463508e-4 174910616 174910616 0
2 1935 rs960221 68593145 2 -9.04952453850872e-4 68585819 68602859 17040
2 4111 rs7594290 178531991 1 -9.045742033452792e-4 178500799 178537890 37091
2 3695 rs174240 160164716 1 9.034653940407144e-4 160164187 160190209 26022
2 4519 rs10755019 203555828 2 9.017298178378876e-4 203520272 203602207 81935
2 1186 rs13411627 41327766 1 9.0081667669421e-4 41327766 41330027 2261
2 1402 rs4422207 47564034 1 8.98491032183441e-4 47564034 47564034 0
2 3765 rs4667702 164630062 1 8.981992408285562e-4 164630062 164638458 8396
2 2288 rs10496262 81751124 1 -8.970231389225976e-4 81704934 81800785 95851
2 2216 rs10496214 79417943 1 -8.969728738322382e-4 79404926 79418487 13561
2 2696 rs7593992 112395534 3 8.967662172697903e-4 112395534 112411416 15882
2 4426 rs13019481 197908675 3 -8.963027464674173e-4 197908675 197950058 41383
2 3301 rs34488772 141242918 1 8.958362451952565e-4 141237995 141242918 4923
2 1855 rs2194782 66082204 2 -8.922647329745607e-4 66081693 66090665 8972
2 2117 rs6713572 75768077 1 8.871199773647037e-4 75738954 75768098 29144
2 259 rs6708659 7924833 1 8.835371960477298e-4 7921970 7933809 11839
2 4910 rs1477511 220621838 2 8.813892718224235e-4 220621838 220632013 10175
2 3582 rs13387164 154144551 1 8.809075811400611e-4 154143853 154151887 8034
2 1230 rs12712846 42753863 1 -8.805694060227253e-4 42748348 42773875 25527
2 3667 rs10201181 158717966 1 -8.790032238154156e-4 158717966 158717966 0
2 2811 rs10211133 118496598 2 8.740248245878559e-4 118477333 118496598 19265
2 1295 rs343938 44948308 1 -8.707244021357759e-4 44944877 44985325 40448
2 2211 rs393149 79244207 2 8.68091598181243e-4 79240834 79268213 27379
2 1845 rs1673459 65810588 1 8.623759761877719e-4 65810588 65838854 28266
2 5412 rs9646714 237895243 1 -8.567946645277415e-4 237895243 237895703 460
2 4557 rs4429453 205759917 1 8.54087080894713e-4 205759917 205764917 5000
2 3639 rs13034611 156914685 1 -8.490391430315654e-4 156913082 156926222 13140
2 300 rs2001660 9613441 2 -8.4793383026232e-4 9613289 9616035 2746
2 2317 rs11126949 84328335 3 -8.472046014218567e-4 84324021 84328335 4314
2 2229 rs1864551 79766537 1 -8.46552076216018e-4 79756265 79772054 15789
2 2165 rs12151596 77581832 1 8.460234900277343e-4 77581832 77581832 0
2 2546 rs1517862 105300588 1 8.443045034958692e-4 105296110 105300588 4478
2 3183 rs1439111 135082760 1 -8.430220121299681e-4 135082760 135114889 32129
2 2394 rs7565298 88998689 1 -8.415181311326773e-4 88959086 89130009 170923
2 2263 rs13385208 80478581 1 -8.391887952696523e-4 80478581 80478581 0
2 1043 rs12465282 36619764 1 8.384575215493577e-4 36614307 36621057 6750
2 1328 rs483404 45929628 1 8.383436587808557e-4 45929628 45932849 3221
2 5377 rs10211191 236838338 2 8.357965971302055e-4 236838338 236838338 0
2 3929 rs10497352 170955771 2 -8.33245975289343e-4 170947923 170955771 7848
2 5494 rs7570018 240502117 1 8.304002848944271e-4 240502117 240502117 0
2 4040 rs6749799 175022675 3 8.274758354045948e-4 175017714 175045794 28080
2 2974 rs13008208 125335411 1 8.239243454637387e-4 125331126 125335411 4285
2 798 rs7589034 28760914 1 8.237208873132562e-4 28760914 28763374 2460
2 5561 rs10185319 242253995 2 -8.166895545993831e-4 242244342 242286747 42405
2 1946 rs11677065 69013007 1 8.164853362878949e-4 69013007 69019430 6423
2 1368 rs1376405 46768543 1 8.13283810188626e-4 46758746 46768543 9797
2 2364 rs11689401 86167678 3 -8.129045306481751e-4 86165443 86178058 12615
2 2928 rs6541829 123222183 1 -8.114038082790796e-4 123222183 123222183 0
2 2516 rs6735786 103770238 1 8.0965759061632e-4 103770238 103770238 0
2 1183 rs12988568 41226427 1 8.066626049417589e-4 41213201 41230298 17097
2 3868 rs3769394 169005378 2 8.040598220994282e-4 168993929 169005378 11449
2 4812 rs4453695 216725945 1 -8.016350360995437e-4 216725945 216737655 11710
2 4205 rs10175898 182603382 1 7.977909173097861e-4 182581492 182603382 21890
2 2187 rs10178085 78256829 1 7.976613833482858e-4 78240557 78256829 16272
2 4005 rs4972521 173824496 1 -7.975262897206691e-4 173809446 173824496 15050
2 3808 rs1013666 166498064 1 -7.952928951356807e-4 166491207 166503040 11833
2 488 rs1345564 15895707 1 -7.940715822798755e-4 15893110 15895707 2597
2 2299 rs17022041 82843078 2 7.928974570757373e-4 82751810 82859580 107770
2 1108 rs10490623 38408537 1 7.900469963335394e-4 38407966 38408960 994
2 94 rs10174217 2742650 4 7.84041460679912e-4 2741289 2765887 24598
2 2964 rs6758687 125067269 1 7.818656639649101e-4 125066751 125067269 518
2 4168 rs16867120 180826451 1 7.773184682382669e-4 180783672 180830958 47286
2 679 rs1463982 22688188 1 7.758584722004612e-4 22684402 22712316 27914
2 3819 rs487374 166940925 1 -7.744028387604493e-4 166937584 166941773 4189
2 945 rs642472 33614187 2 -7.725601955485516e-4 33614187 33614187 0
2 2916 rs4848730 122616990 2 -7.710530347740781e-4 122608702 122620193 11491
2 3132 rs16843961 133700371 1 7.709530494450014e-4 133700371 133708257 7886
2 44 rs9678469 1427107 1 7.689992755703673e-4 1427107 1432564 5457
2 3092 rs4233600 130646173 1 -7.673782341216463e-4 130643612 130646173 2561
2 947 rs604394 33657837 1 7.624691726390244e-4 33657837 33657837 0
2 3378 rs617158 143784491 2 7.533777773978925e-4 143783182 143798189 15007
2 1734 rs7565849 60033484 2 7.500999962805413e-4 60012090 60034937 22847
2 3164 rs873971 134714647 2 7.500106415542753e-4 134714647 134719933 5286
2 2358 rs1561283 85965769 1 7.452647283363877e-4 85962551 85965769 3218
2 1174 rs1558897 40815238 1 -7.431494401886134e-4 40805427 40818629 13202
2 4818 rs3821104 217057846 1 -7.421604587620203e-4 217031328 217070376 39048
2 4950 rs17346918 222026796 1 -7.419272266822409e-4 222026796 222026796 0
2 2729 rs315957 113901313 1 -7.395278539347272e-4 113899025 113901313 2288
2 5106 rs10498214 228064180 1 -7.39497147768473e-4 228064180 228064180 0
2 1923 rs6704741 68149455 1 -7.336228280154178e-4 68149455 68149455 0
2 3449 rs16827083 147933935 1 -7.335483920448971e-4 147890980 147946882 55902
2 5390 rs1986988 237433532 2 7.283284943282622e-4 237415521 237433532 18011
2 5283 rs1046976 234255548 1 7.26920540416662e-4 234255547 234273242 17695
2 5254 rs2139026 233264910 1 7.260753168638468e-4 233243586 233264910 21324
2 2008 rs17006471 71068623 1 7.245456111240507e-4 71063942 71068623 4681
2 2220 rs6744025 79525176 2 7.245287273951168e-4 79525176 79547730 22554
2 100 rs1729917 2912305 1 -7.217934883953705e-4 2908338 2926983 18645
2 4973 rs1370923 222999840 1 -7.21645811407895e-4 222990015 223008570 18555
2 2830 rs6542449 119090434 1 7.210054538899148e-4 119090434 119106057 15623
2 325 rs10929641 10377834 1 -7.19708939976633e-4 10377834 10377834 0
2 1914 rs17034325 67990407 2 7.18436223655757e-4 67990407 68003733 13326
2 2743 rs13016677 114767730 1 -7.171933791695073e-4 114767730 114784936 17206
2 3959 rs1045327 171849612 2 7.169192042930063e-4 171822576 171930818 108242
2 3177 rs1257210 134985914 1 -7.147769189425216e-4 134985914 134985914 0
2 2753 rs1346763 115272713 1 7.13680720678713e-4 115272561 115280624 8063
2 3685 rs967381 159623246 1 7.135119732761597e-4 159613322 159623246 9924
2 450 rs12469265 14371461 2 -7.120877263510454e-4 14371461 14396916 25455
2 4685 rs1396829 211189875 1 -7.119755240975057e-4 211186894 211189875 2981
2 4316 rs16831887 190571776 3 -7.118190360425295e-4 190521054 190678545 157491
2 3038 rs61748909 128393390 1 7.108507884954609e-4 128387937 128393390 5453
2 2648 rs77468019 108926025 1 7.066543243192318e-4 108910751 108926033 15282
2 1592 rs3821081 53965389 1 -7.046717421319756e-4 53939917 53972693 32776
2 1593 rs10490469 53989984 2 -7.037610613335552e-4 53989244 53996077 6833
2 1646 rs13401550 56292883 1 -7.004364799797142e-4 56269883 56292883 23000
2 2809 rs6705449 118414432 5 -6.960291062960981e-4 118401860 118434667 32807
2 75 rs1567675 2403590 1 -6.928122381528441e-4 2403308 2406488 3180
2 975 rs2059442 34324360 1 -6.909031247410727e-4 34324360 34333297 8937
2 4050 rs4356633 175550678 1 6.857036867134663e-4 175513995 175550678 36683
2 4838 rs1179727 217730567 1 -6.798902117441717e-4 217730567 217736131 5564
2 5414 rs10165956 238086404 2 -6.793079739459251e-4 238065463 238089055 23592
2 3934 rs2355351 171101509 1 -6.791824633472728e-4 171101509 171101509 0
2 4162 rs10497544 180517350 1 -6.779527806684171e-4 180515472 180538171 22699
2 3149 rs16826351 134303747 1 6.775525071967643e-4 134287762 134311713 23951
2 1769 rs10188217 61217542 2 -6.754451184499569e-4 61184651 61224259 39608
2 1675 rs7572947 57521838 2 6.73606362914945e-4 57483669 57547114 63445
2 5107 rs11694554 228085517 2 -6.728393749244277e-4 228078708 228087689 8981
2 3629 rs843205 156470796 1 -6.72023897634754e-4 156470796 156473057 2261
2 1985 rs3771515 70695562 1 -6.705325224287582e-4 70691766 70696953 5187
2 731 rs4665730 25055774 1 -6.696214196318655e-4 25044957 25064193 19236
2 4466 rs17445200 200699952 1 6.678201685267908e-4 200677625 200699952 22327
2 1193 rs872037 41641357 1 -6.667899861948634e-4 41630684 41655276 24592
2 2087 rs642247 75041874 2 6.659869261921033e-4 75041874 75047206 5332
2 627 rs11692531 20372414 1 6.651849415464226e-4 20356944 20372414 15470
2 1681 rs1947668 57863670 1 -6.646578614306148e-4 57859236 57863670 4434
2 3200 rs7575493 136420009 1 6.624584703974478e-4 136393157 136420009 26852
2 5242 rs3856544 232714559 2 6.583133977405038e-4 232635146 232718088 82942
2 2903 rs2250092 121992921 1 6.567156332131896e-4 121981608 121992921 11313
2 401 rs13006430 12361633 2 6.518300704322213e-4 12361633 12366781 5148
2 3170 rs13410504 134837980 1 6.506439909129605e-4 134837980 134837980 0
2 3772 rs12988898 164980577 1 6.486236704504893e-4 164962632 165004476 41844
2 5172 rs1226940 230152783 1 -6.484579556945412e-4 230152783 230152783 0
2 2981 rs34165507 125660609 1 -6.471829100606942e-4 125660609 125683957 23348
2 5068 rs961651 226280493 3 -6.468633755744963e-4 226272295 226320082 47787
2 1574 rs993161 53538638 1 -6.425736833052366e-4 53536813 53538638 1825
2 1469 rs971732 50142117 4 -6.42182620802274e-4 50142117 50148972 6855
2 5465 rs7587437 239843067 1 -6.395602569662149e-4 239841003 239844842 3839
2 478 rs10179288 15310820 1 6.334393202645299e-4 15310820 15342428 31608
2 4293 rs7579998 188859657 1 -6.324206839665669e-4 188857787 188859657 1870
2 974 rs1425021 34313003 1 6.307360078393601e-4 34309555 34313003 3448
2 550 rs13403883 18149931 1 6.301993700698098e-4 18147893 18159769 11876
2 1262 rs6716620 43634922 1 -6.280599401019442e-4 43634135 43648176 14041
2 4417 rs6728749 197322628 1 6.278739970599819e-4 197315114 197324870 9756
2 3860 rs10930295 168749667 1 6.220059323248453e-4 168749667 168761499 11832
2 3567 rs11692707 153649490 2 -6.137750467329738e-4 153622532 153649490 26958
2 3494 rs4667407 150557846 1 6.132915781707483e-4 150548274 150572567 24293
2 433 rs4668809 13685707 1 6.128416538441272e-4 13681063 13685707 4644
2 1966 rs4416261 69569930 2 -6.119913286259404e-4 69565345 69664976 99631
2 4077 rs847126 176936834 1 -6.11091092043969e-4 176936834 176936834 0
2 2923 rs10496579 123099093 2 6.063160895627231e-4 123092005 123122558 30553
2 5280 rs7563345 234143244 1 -6.053083040461085e-4 234143244 234143244 0
2 3387 rs4563166 144272299 1 6.017130539634524e-4 144272299 144272299 0
2 1746 rs7579491 60461671 1 -6.003232256935653e-4 60456933 60461671 4738
2 4287 rs13388743 188573244 1 -5.998439169577393e-4 188573244 188611039 37795
2 795 rs7579759 28693648 1 -5.990872638668352e-4 28693648 28693648 0
2 2313 rs2218792 84001716 1 5.983896818326593e-4 83948943 84040839 91896
2 3842 rs6432983 168062531 2 5.983437104288077e-4 168062531 168066066 3535
2 799 rs7600983 28767050 1 -5.967656152563916e-4 28767050 28782985 15935
2 495 rs12613665 15975615 2 -5.954625103694013e-4 15975615 15975615 0
2 5002 rs2017069 223921771 1 -5.923328138343839e-4 223921771 223950293 28522
2 2945 rs6744585 123963717 2 5.915654910534662e-4 123954518 123986599 32081
2 4297 rs7582899 189065718 1 -5.912837757951783e-4 188983503 189065718 82215
2 82 rs908355 2554399 1 5.907208456274697e-4 2554399 2554399 0
2 1832 rs7563131 65248271 1 5.857241600337791e-4 65246123 65265995 19872
2 1217 rs6737623 42291485 1 5.847522474659455e-4 42289666 42304417 14751
2 2731 rs2241975 113984503 2 -5.834124712210913e-4 113967990 113993344 25354
2 5311 rs250915 235018274 1 -5.8228336937361e-4 235016487 235034610 18123
2 5237 rs10172595 232387063 1 -5.778858642761028e-4 232381245 232406457 25212
2 2582 rs4851831 106294737 1 -5.767492247544309e-4 106263078 106309119 46041
2 2442 rs13394110 100873975 1 -5.760758747418392e-4 100873975 100879797 5822
2 3148 rs16826052 134271376 1 5.736241664826336e-4 134271376 134282346 10970
2 3412 rs1438898 145714354 1 5.731510376867962e-4 145714354 145745530 31176
2 4259 rs13018827 186062357 3 -5.713180644382615e-4 186044627 186088401 43774
2 1811 rs1365475 64559621 1 5.712768319046128e-4 64559621 64559621 0
2 272 rs16866666 8438959 1 5.680611927912759e-4 8438959 8440346 1387
2 3187 rs2289468 135199564 1 5.676920482986173e-4 135199564 135203162 3598
2 2695 rs11123551 112277340 1 5.661737046951691e-4 112277340 112277492 152
2 3418 rs13398905 145983262 2 5.658723507909319e-4 145983262 145984088 826
2 536 rs1976809 17466012 1 -5.652513941271726e-4 17466012 17479955 13943
2 4144 rs10930850 179863706 2 -5.633639760484063e-4 179860406 179866426 6020
2 2124 rs1001893 75872246 1 -5.612910119739507e-4 75864616 75876315 11699
2 636 rs342096 20696256 1 -5.607743491750891e-4 20688519 20696256 7737
2 4877 rs6753621 218810908 2 -5.590776086645007e-4 218810908 218811135 227
2 4202 rs16867461 182485307 2 -5.577932450956441e-4 182454375 182493051 38676
2 2967 rs2584353 125159292 1 -5.555379422127559e-4 125159292 125159292 0
2 2025 rs34999029 71740897 1 5.54267400150535e-4 71740897 71740897 0
2 5158 rs995159 229828747 1 -5.539865164670521e-4 229822600 229833153 10553
2 2953 rs12624214 124631703 1 -5.523476833638671e-4 124538974 124665077 126103
2 2672 rs6730477 109995814 1 -5.521335805935276e-4 109992208 109997280 5072
2 3009 rs6714079 127383914 1 -5.45880233446937e-4 127383914 127387469 3555
2 4364 rs16834198 192965939 1 -5.422968631077992e-4 192963676 192965939 2263
2 1052 rs848642 36782886 1 -5.416171016917513e-4 36780952 36791226 10274
2 917 rs61754241 32819010 1 5.387450288205312e-4 32819010 32819010 0
2 4893 rs12613545 219623504 1 5.375121440884468e-4 219541056 219623504 82448
2 2202 rs4853406 78968942 2 -5.352224766170439e-4 78914837 79001963 87126
2 1394 rs815804 47382342 1 5.346107950644173e-4 47378611 47387187 8576
2 5354 rs6741321 236080409 2 5.30328771976053e-4 236075756 236085432 9676
2 3253 rs13031368 138860501 1 -5.266409568499347e-4 138846608 138865871 19263
2 5441 rs4663795 238733016 1 5.263688531775776e-4 238731931 238746880 14949
2 3165 rs16829877 134736340 1 -5.244196155186193e-4 134736340 134736340 0
2 2746 rs3115327 114954162 1 5.210649770618964e-4 114924533 114954162 29629
2 5004 rs6737886 224006732 1 -5.19303454005057e-4 224006732 224023296 16564
2 3221 rs10496758 137580234 2 5.191610384494631e-4 137580234 137583444 3210
2 5247 rs16828571 232893262 1 -5.190506837131033e-4 232879671 232929252 49581
2 3032 rs8179521 128150924 1 5.187497912134091e-4 128006078 128150924 144846
2 5027 rs10191694 224857266 1 5.187300239185396e-4 224857266 224857266 0
2 5419 rs36117715 238262021 1 -5.138288097290636e-4 238262021 238265531 3510
2 653 rs7569328 21100778 1 5.119974444235279e-4 21100778 21100778 0
2 1325 rs7591446 45834076 1 -5.118393656369332e-4 45834076 45834076 0
2 4754 rs17277107 213869354 1 5.112534005250553e-4 213869354 213877864 8510
2 3591 rs1940268 154436735 1 5.106423472758372e-4 154436676 154479664 42988
2 1999 rs6546619 70938472 1 -5.098935836672944e-4 70928436 70938472 10036
2 5505 rs13014729 240703201 1 -5.089164264459563e-4 240703201 240709496 6295
2 3528 rs12478577 151983954 1 -5.071326177790333e-4 151946149 151984277 38128
2 2046 rs6546733 72173427 1 5.065322423526725e-4 72173427 72189250 15823
2 2467 rs1062062 101627925 3 -5.0428396812834e-4 101604246 101629737 25491
2 4615 rs6435354 207701151 1 5.03403254326221e-4 207689161 207711974 22813
2 3442 rs10928302 147372024 1 4.98612873130501e-4 147372024 147456988 84964
2 2315 rs4832367 84228877 2 4.949725223095411e-4 84195984 84251001 55017
2 228 rs6760979 6922184 1 -4.939848747264609e-4 6922184 6922184 0
2 4661 rs6757684 209383839 3 4.935022760251921e-4 209334978 209383839 48861
2 4397 rs13008940 196374552 4 4.927710341161686e-4 196370612 196414587 43975
2 826 rs4666195 29520455 1 4.898066232424224e-4 29513501 29520455 6954
2 1648 rs1432567 56331228 2 -4.894398331838274e-4 56326296 56341068 14772
2 1039 rs726946 36497171 1 4.8784722945878907e-4 36493577 36500757 7180
2 2562 rs2241797 105885961 1 4.872562349809195e-4 105885961 105901179 15218
2 1137 rs7577097 39675339 1 -4.8535822743884144e-4 39636469 39675339 38870
2 3555 rs6704965 153211284 2 4.852930842254848e-4 153208493 153225799 17306
2 5112 rs4271760 228167544 3 4.828206091186079e-4 228133809 228177567 43758
2 1595 rs1232 54082405 1 -4.8276943387756514e-4 54050211 54093956 43745
2 5163 rs4972886 229964444 1 -4.794048915198192e-4 229964444 229964444 0
2 3691 rs264590 159975153 1 4.7869503075672026e-4 159957945 159975153 17208
2 4625 rs2269077 207986297 1 -4.7775685510368656e-4 207986297 207986713 416
2 1110 rs4670827 38438811 2 4.754490695218666e-4 38432325 38438811 6486
2 4739 rs13393577 213296863 1 -4.75410315868126e-4 213282779 213296863 14084
2 1602 rs843718 54508110 1 4.749349512006851e-4 54508110 54508110 0
2 266 rs1364058 8149627 1 -4.749142559261026e-4 8149627 8149627 0
2 2351 rs7577642 85699750 1 -4.693316169959307e-4 85699750 85703308 3558
2 3240 rs4954516 138240046 1 -4.684857923298676e-4 138240046 138241568 1522
2 801 rs12993525 28818931 1 4.6698938620787727e-4 28818931 28818931 0
2 4922 rs12694510 220999979 1 -4.669429665355697e-4 220997227 221013438 16211
2 162 rs1869410 5257356 2 4.629647338250812e-4 5241229 5257356 16127
2 2770 rs2421100 116130709 2 4.609609991856731e-4 116086464 116130709 44245
2 3327 rs2714211 142013695 2 -4.607760779554911e-4 142010268 142032648 22380
2 3711 rs1355420 160913271 1 -4.60217958912795e-4 160897655 160913693 16038
2 3920 rs61741435 170510651 1 -4.5879557809788577e-4 170441001 170517594 76593
2 4894 rs13033409 219666509 6 4.58750859658261e-4 219664519 219671598 7079
2 664 rs10197693 21473751 1 -4.58691665512703e-4 21473385 21473856 471
2 3176 rs3748896 134965464 1 4.586432768637114e-4 134965464 134965464 0
2 1857 rs11674730 66130003 1 4.5748098279235007e-4 66128138 66137825 9687
2 2150 rs1519998 76941049 2 -4.5708043658290027e-4 76927056 76941049 13993
2 4154 rs6718486 180342873 1 -4.555708845774987e-4 180342077 180354193 12116
2 3290 rs1997418 140719147 1 4.551011848256321e-4 140714614 140735843 21229
2 4101 rs17842284 177924358 1 -4.538163937785638e-4 177914806 177924358 9552
2 1775 rs4671408 61888702 1 4.517447667634369e-4 61888702 61888702 0
2 5099 rs16822696 227675755 1 4.510143617359287e-4 227675755 227757333 81578
2 3789 rs16849912 165752007 1 -4.5023318807036193e-4 165741394 165776177 34783
2 1369 rs1451152 46800150 1 4.500251497460419e-4 46783881 46800150 16269
2 3490 rs1196678 150342476 1 4.483303425359754e-4 150342476 150373254 30778
2 3354 rs7597320 142776441 3 4.4748571734246507e-4 142776441 142788546 12105
2 3152 rs1669466 134369367 1 -4.470545311814322e-4 134369367 134393846 24479
2 5268 rs6437079 233839174 3 4.450511517117545e-4 233834975 233839174 4199
2 3876 rs2123194 169204903 1 4.448265769295957e-4 169199695 169205599 5904
2 5109 rs7577732 228098933 1 4.447379562596783e-4 228098933 228103702 4769
2 3827 rs16851943 167200916 1 -4.442628417156031e-4 167200916 167216006 15090
2 1623 rs2588519 55205124 2 4.437392488368168e-4 55204028 55223282 19254
2 762 rs1148967 26821836 1 -4.420484823171626e-4 26821836 26821836 0
2 4540 rs759881 205129576 1 4.400209932617884e-4 205129576 205140805 11229
2 4531 rs3116536 204834613 1 4.388028434948492e-4 204824324 204837629 13305
2 2818 rs2161829 118856914 1 -4.378427017884314e-4 118841325 118856914 15589
2 2674 rs10192643 110022219 1 -4.3701098179367527e-4 110022219 110026466 4247
2 1651 rs10490394 56373236 1 -4.366001718487278e-4 56363377 56374910 11533
2 544 rs17315876 17997242 1 4.344275318469296e-4 17997242 17998095 853
2 973 rs17339077 34305524 1 -4.325118824254807e-4 34302743 34305791 3048
2 3278 rs10205939 140211435 1 -4.31203148397198e-4 140197053 140235838 38785
2 3074 rs837868 130082114 1 4.307483104362942e-4 130082114 130088717 6603
2 1393 rs726117 47372425 3 4.3041621587238e-4 47368754 47374397 5643
2 1025 rs13409385 36176752 1 -4.2942354300000137e-4 36176752 36176752 0
2 1519 rs2354380 51826155 2 -4.2904672659708815e-4 51820543 51837560 17017
2 889 rs1862969 31236916 1 4.289422997952528e-4 31232116 31238524 6408
2 1375 rs9309137 47011834 1 -4.277462148996718e-4 47011834 47022543 10709
2 227 rs307973 6841330 1 -4.270989684403187e-4 6841330 6866483 25153
2 2480 rs11688698 102104814 2 4.2663659681866414e-4 102104814 102129420 24606
2 3828 rs2091545 167235607 1 -4.2334563483234055e-4 167218821 167235607 16786
2 4810 rs4674024 216631366 1 -4.2094641215976986e-4 216631366 216631366 0
2 3996 rs2293645 173366960 1 4.18070412859444e-4 173352103 173378145 26042
2 3664 rs4377290 158437683 1 -4.1753511863103774e-4 158437683 158455980 18297
2 3142 rs4057049 134019065 1 -4.16945420586319e-4 134014961 134044131 29170
2 4649 rs6750890 209011014 1 4.168135268857738e-4 209011014 209011014 0
2 2377 rs6547750 88373195 1 -4.160382442660558e-4 88373195 88373195 0
2 2668 rs10190545 109829714 1 -4.1599347178711423e-4 109829714 109859519 29805
2 331 rs1476985 10495974 1 -4.15649481479472e-4 10495974 10495974 0
2 4132 rs17355460 179590329 1 -4.1100242252160537e-4 179589241 179606538 17297
2 953 rs6742257 33790330 1 4.077916999536728e-4 33790330 33821517 31187
2 1847 rs13397571 65895471 1 4.0727327588385503e-4 65892430 65904304 11874
2 1275 rs6544724 44211546 2 -4.063602045038816e-4 44204717 44219746 15029
2 3901 rs10196426 169863259 1 -4.059810865267473e-4 169857566 169884648 27082
2 3645 rs13028997 157210045 2 4.039425337367349e-4 157192613 157214701 22088
2 2919 rs908677 122833317 1 -4.036469536111874e-4 122833317 122837193 3876
2 3389 rs10803495 144352350 1 4.022440039471548e-4 144347994 144352350 4356
2 2670 rs891415 109942206 1 4.019752527634447e-4 109931911 109942206 10295
2 1482 rs12464203 50530180 1 -4.009319458504774e-4 50522963 50530180 7217
2 2347 rs11684413 85627714 2 -3.999340257506297e-4 85615012 85629266 14254
2 4684 rs2048277 211151774 1 -3.963689208368727e-4 211151774 211175043 23269
2 1161 rs380082 40477658 1 -3.953892929791443e-4 40471407 40477658 6251
2 2269 rs10496243 80691418 2 3.946174918396238e-4 80685229 80702160 16931
2 3361 rs4297822 142994927 1 3.931456782035265e-4 142982885 142999394 16509
2 4553 rs7579849 205639924 2 -3.9146065426629354e-4 205623306 205639924 16618
2 1 rs300797 107140 1 -3.913492221476477e-4 104979 121222 16243
2 84 rs11683002 2594074 1 -3.895544370939319e-4 2594074 2594074 0
2 713 rs1368080 23711427 1 -3.880554375212331e-4 23710200 23712008 1808
2 3824 rs4303728 167056428 1 3.8669565542322654e-4 167046309 167059895 13586
2 368 rs7608117 11265972 1 -3.860817317902934e-4 11265972 11265972 0
2 4296 rs12997059 188961699 3 3.858047169675842e-4 188923773 188965391 41618
2 3600 rs10221630 154731055 2 -3.809009139353588e-4 154731055 154731055 0
2 2345 rs4247303 85554080 1 -3.8041980064660533e-4 85536415 85562172 25757
2 3554 rs7568759 153154612 1 -3.80265799174353e-4 153154612 153198489 43877
2 5233 rs12998237 232276651 1 -3.785656935603824e-4 232275879 232278400 2521
2 2715 rs1143633 113590467 1 -3.7780590470655494e-4 113590467 113590467 0
2 4424 rs6735887 197845449 1 3.766461375643795e-4 197845449 197845449 0
2 958 rs13387317 33959349 1 3.7487585508161325e-4 33959349 33977878 18529
2 1715 rs965683 59422158 2 -3.722696702107822e-4 59422158 59455177 33019
2 3986 rs7425380 173198175 1 -3.7225523580035737e-4 173191687 173198175 6488
2 2329 rs61750773 84932720 1 -3.7101557434543865e-4 84906723 84971398 64675
2 3602 rs6739800 154817783 1 3.709589093825159e-4 154779177 154817783 38606
2 3548 rs16830608 152880509 1 -3.699006012669832e-4 152873157 152881908 8751
2 2493 rs2310175 102670809 1 3.6853138804231926e-4 102665552 102678709 13157
2 2959 rs1529294 124928508 1 -3.677415316793202e-4 124928508 124931139 2631
2 4182 rs991055 181468010 1 3.667907090615816e-4 181449266 181489592 40326
2 5196 rs11687292 231099204 1 -3.6669305915428376e-4 231099170 231111422 12252
2 2751 rs1430090 115210642 1 3.632998188028933e-4 115210642 115217554 6912
2 817 rs75276619 29295186 2 3.631928660050333e-4 29295186 29295866 680
2 4462 rs10211241 200567136 1 -3.609817788932818e-4 200553557 200576280 22723
2 340 rs12613865 10682449 1 -3.58570135764064e-4 10682449 10682449 0
2 4623 rs10490478 207928063 1 -3.585608734623711e-4 207928063 207941850 13787
2 3464 rs10497033 149115432 1 3.583406946560304e-4 149037012 149159339 122327
2 1787 rs10195033 62541900 1 -3.5675378871206936e-4 62541900 62541900 0
2 1524 rs10198564 51975932 1 -3.5661637052189894e-4 51975932 52004166 28234
2 772 rs4665947 27348029 1 -3.551391954147719e-4 27348029 27351279 3250
2 1037 rs2552007 36480049 1 3.5428548880241464e-4 36478634 36480359 1725
2 3272 rs2118269 139954090 1 -3.5263314144845243e-4 139952914 139961825 8911
2 4996 rs6756323 223785740 2 -3.497327719740131e-4 223743187 223785740 42553
2 4401 rs957781 196792574 2 -3.4907219820023066e-4 196715003 196793252 78249
2 4890 rs1059823 219259844 1 -3.484167151688828e-4 219259844 219259844 0
2 1211 rs4633961 42120198 1 -3.482355706665626e-4 42111482 42120443 8961
2 5284 rs6726046 234287221 1 3.474629828814307e-4 234282210 234337940 55730
2 804 rs7586033 28892960 1 3.472287894384418e-4 28866867 28892960 26093
2 3326 rs2679452 142003921 2 -3.437351379657174e-4 141997870 142008500 10630
2 3927 rs1017771 170817760 1 -3.4373233056988296e-4 170768215 170866411 98196
2 2574 rs17031192 106157515 1 3.403469085060196e-4 106149270 106161139 11869
2 3700 rs7585513 160406890 1 -3.3988009180161793e-4 160405498 160413623 8125
2 4268 rs13397032 187393729 1 -3.356111393301621e-4 187388234 187434444 46210
2 4251 rs12693384 185478036 1 -3.318059922661232e-4 185459544 185530491 70947
2 2752 rs6761461 115249736 1 -3.3121476768893584e-4 115248223 115255344 7121
2 4155 rs4567894 180383498 1 -3.3115137494662606e-4 180370293 180383498 13205
2 4956 rs16862630 222285699 1 -3.307512356964537e-4 222276477 222285699 9222
2 2628 rs2079917 107790491 1 -3.301688576820689e-4 107786827 107794867 8040
2 4161 rs3112945 180501314 1 -3.298908477972489e-4 180500877 180510494 9617
2 1493 rs1518548 50932942 2 3.2672685871540087e-4 50921470 50937036 15566
2 3415 rs12691704 145822778 1 3.259369963335264e-4 145798956 145830053 31097
2 1605 rs7565034 54646852 2 -3.246729245125476e-4 54646852 54653111 6259
2 3503 rs330613 150922856 1 -3.246040140581066e-4 150911159 150925609 14450
2 407 rs10211429 12579179 2 3.242551071575802e-4 12576670 12581267 4597
2 5567 rs13004470 242511083 1 3.234424976101522e-4 242511083 242511083 0
2 1594 rs2692516 54027845 2 -3.2096187718601646e-4 54013527 54046646 33119
2 4080 rs4972806 177012578 2 -3.1822743701369186e-4 177012578 177042633 30055
2 3199 rs7578657 136158473 2 -3.168637752322235e-4 136158473 136323787 165314
2 4990 rs959327 223610799 1 3.1399068690586253e-4 223610799 223610799 0
2 4565 rs13000345 205971820 3 3.1157478724927945e-4 205967315 205977739 10424
2 4985 rs6716022 223547137 1 3.111737658436587e-4 223545182 223551147 5965
2 4968 rs17379321 222786545 1 3.107232880155783e-4 222782424 222801699 19275
2 4947 rs9808155 221927852 3 -3.076677392159545e-4 221927852 221948730 20878
2 2259 rs17018689 80373740 1 -3.075734815753664e-4 80371312 80384006 12694
2 1260 rs11693801 43590329 1 3.0563249946193597e-4 43578419 43611459 33040
2 2993 rs2421684 126523177 1 -3.043894827257014e-4 126503735 126530061 26326
2 4429 rs6749611 198102423 2 3.0287878648495086e-4 198087907 198102423 14516
2 2519 rs10198274 104049553 1 -3.020241076834281e-4 104049553 104049553 0
2 4252 rs17508767 185535807 1 -3.017173713840675e-4 185535807 185559043 23236
2 4586 rs2160327 206536329 1 -3.015534943688063e-4 206536329 206536329 0
2 3155 rs1992784 134491266 2 -2.9329227073657716e-4 134473174 134507165 33991
2 1099 rs4670230 38245716 1 -2.9275418611842536e-4 38241710 38245716 4006
2 5201 rs1816208 231241276 1 -2.9105908575170015e-4 231236963 231250943 13980
2 1207 rs7599875 42011160 1 2.9093717910143866e-4 42011160 42012806 1646
2 1860 rs1484483 66232736 2 2.904760889316962e-4 66221977 66272243 50266
2 1801 rs10164844 63652403 1 2.8871024275426685e-4 63652403 63876872 224469
2 2464 rs4851384 101561638 1 -2.886461254653533e-4 101557566 101561638 4072
2 659 rs1429974 21300770 2 -2.8784263717103757e-4 21282435 21300770 18335
2 5053 rs7572725 225684166 1 -2.8508526332007763e-4 225672460 225756781 84321
2 610 rs11096616 19950959 1 2.8486779121923787e-4 19948614 19950959 2345
2 3117 rs12478654 133299230 1 2.847470456997172e-4 133299230 133313845 14615
2 739 rs2289093 25466888 1 2.836978481659171e-4 25466888 25482883 15995
2 4842 rs1882425 217835147 1 -2.8363478563227983e-4 217835147 217835147 0
2 1102 rs17022000 38331037 1 2.8043218499798747e-4 38328178 38336730 8552
2 5057 rs448375 225929498 1 2.795727812757381e-4 225916238 225938996 22758
2 4972 rs10932941 222986114 1 2.7684385949314796e-4 222986114 222986114 0
2 3613 rs16837822 155406625 1 -2.7572781327889917e-4 155406625 155418877 12252
2 988 rs12470906 34909636 2 -2.756005620885497e-4 34905328 34915314 9986
2 2392 rs4425079 88816042 1 -2.75303880321936e-4 88816042 88825482 9440
2 4630 rs11674696 208161788 2 2.7418808798435973e-4 208161729 208173545 11816
2 3864 rs56031549 168931636 1 -2.739453588840334e-4 168901077 168931636 30559
2 4984 rs4674677 223529658 1 2.7333497680124907e-4 223518151 223542231 24080
2 3710 rs6740901 160893796 1 2.717312419117161e-4 160885872 160893796 7924
2 4415 rs6735220 197255486 1 -2.712939129553287e-4 197247672 197262413 14741
2 3456 rs13413754 148328907 2 2.709592676878835e-4 148321813 148331368 9555
2 1173 rs13401944 40786575 1 -2.697590622456114e-4 40786575 40791482 4907
2 594 rs1727198 19479000 1 2.6963430356139324e-4 19464727 19483101 18374
2 3075 rs10196948 130111979 1 -2.693760673661484e-4 130111979 130130648 18669
2 4427 rs2697270 197986048 1 -2.688770719369008e-4 197971732 197998115 26383
2 3077 rs921622 130205544 2 2.660596697297569e-4 130197500 130208064 10564
2 1624 rs10496037 55257677 3 2.6473768209077353e-4 55231841 55265785 33944
2 3943 rs17498117 171302916 1 -2.6338518621718174e-4 171301387 171303727 2340
2 4172 rs7570171 180993295 1 -2.628586491083953e-4 180991780 180993295 1515
2 2587 rs2047699 106413077 1 -2.6217163024745894e-4 106401954 106420403 18449
2 4226 rs1561369 183702964 1 -2.621606815812952e-4 183702964 183703336 372
2 5452 rs579861 239348995 1 2.588653401229108e-4 239348995 239369790 20795
2 3954 rs1420378 171630631 3 2.585206598904517e-4 171581341 171631433 50092
2 1879 rs10201517 66953286 2 -2.5835406096105296e-4 66953286 66953286 0
2 3193 rs4953921 135286448 1 -2.569808905120304e-4 135286448 135286448 0
2 2276 rs7574764 80898579 1 -2.5551853959911093e-4 80849020 80900986 51966
2 3726 rs12470772 161775489 1 -2.5512389145228564e-4 161775489 161782375 6886
2 1976 rs6731423 70173327 1 2.5502604079475044e-4 70173327 70173327 0
2 851 rs10201541 30157544 1 2.544297827112291e-4 30156089 30173444 17355
2 545 rs4832399 18036252 2 2.5406872205591103e-4 18036252 18037765 1513
2 2243 rs2916510 80115384 1 -2.5302341919752425e-4 80115384 80115384 0
2 5202 rs7590429 231258150 1 2.5207133628932156e-4 231254570 231258450 3880
2 996 rs13391731 35127980 2 -2.5117981787083917e-4 35121464 35128057 6593
2 5444 rs17069 239000091 4 2.5091401462386015e-4 238934537 239000091 65554
2 5070 rs10200296 226397681 1 -2.504945062706131e-4 226366322 226399121 32799
2 4204 rs2950650 182565643 1 2.4832246948632263e-4 182553659 182572502 18843
2 3544 rs16830435 152755598 1 -2.4742477080582286e-4 152755598 152755598 0
2 997 rs11124406 35190105 1 2.4696063757103954e-4 35170234 35190105 19871
2 333 rs1420107 10521719 1 -2.4615739571040866e-4 10516429 10524780 8351
2 637 rs342075 20706742 1 -2.446810153189346e-4 20706742 20706742 0
2 2134 rs389616 76314728 1 2.4371730355788045e-4 76310384 76361115 50731
2 434 rs6432397 13691129 1 -2.431151593296058e-4 13691129 13691129 0
2 700 rs2044766 23326056 2 -2.4019587957101925e-4 23298851 23328503 29652
2 4322 rs785248 191029604 1 2.40086580331163e-4 191020013 191029604 9591
2 2238 rs7592956 79992038 1 2.3982747327820053e-4 79982689 79992038 9349
2 4126 rs6706354 179239068 1 2.3854502049729576e-4 179238507 179243248 4741
2 4915 rs4674471 220771290 2 -2.3815712465842184e-4 220771290 220772146 856
2 4903 rs6745489 220215537 1 -2.3808649429006863e-4 220215537 220226393 10856
2 4975 rs2234675 223085955 1 -2.369667367179745e-4 223051502 223085955 34453
2 4760 rs61752199 214354811 1 -2.3676739236418504e-4 214354811 214398363 43552
2 767 rs4513249 27058451 1 2.3580252695810185e-4 27028992 27064577 35585
2 976 rs11899518 34341960 1 2.3315666352940223e-4 34341960 34355651 13691
2 4872 rs61745748 218758200 1 -2.3271793595544527e-4 218754326 218758200 3874
2 2841 rs332080 119505210 1 2.320408340963313e-4 119482773 119520620 37847
2 3498 rs2058686 150656433 1 2.3192579866461745e-4 150625294 150675936 50642
2 5545 rs4455151 241744372 1 -2.303832137875673e-4 241740907 241744372 3465
2 649 rs10495709 20928042 2 2.271045515389528e-4 20903015 20928051 25036
2 1839 rs934734 65595586 3 2.2709679312172008e-4 65561392 65608909 47517
2 1903 rs1521043 67716030 1 -2.2689064282519703e-4 67714761 67716030 1269
2 2861 rs6542524 120104458 1 2.262967630285438e-4 120096939 120141153 44214
2 5531 rs2352817 241256453 1 2.255767023489748e-4 241231989 241256535 24546
2 2196 rs6726060 78680056 3 -2.244534914386915e-4 78664372 78717961 53589
2 2168 rs4145833 77670072 1 -2.235310005053482e-4 77670072 77670072 0
2 3957 rs7602737 171732267 1 -2.21996924250806e-4 171732267 171732267 0
2 4047 rs13407318 175393104 2 -2.213521521305408e-4 175393104 175436940 43836
2 952 rs7574183 33782911 2 2.2034013582762456e-4 33775665 33784371 8706
2 4926 rs7572832 221091525 2 -2.2014932193026852e-4 221074766 221103834 29068
2 1130 rs4670269 39198036 2 2.1987153111696837e-4 39198036 39247856 49820
2 5078 rs12694692 226857323 1 -2.1963688614696415e-4 226857323 226857323 0
2 4203 rs3755022 182536951 1 -2.1840064120423196e-4 182521578 182545218 23640
2 1936 rs6725743 68622990 1 2.16428655654415e-4 68607947 68631888 23941
2 2832 rs11689879 119149434 1 -2.1631479865159175e-4 119141118 119149434 8316
2 1838 rs7604944 65546422 1 -2.1555254743872124e-4 65546422 65548507 2085
2 328 rs7556858 10402632 1 -2.1505080124917464e-4 10402632 10402632 0
2 2958 rs1919837 124912289 1 -2.14835283693392e-4 124909452 124917657 8205
2 1058 rs759429 36883706 1 2.1424380835591224e-4 36878991 36883706 4715
2 5290 rs17862875 234649302 5 -2.124513109120858e-4 234635467 234673309 37842
2 955 rs13386750 33876667 3 2.1239796363226675e-4 33875088 33896461 21373
2 2154 rs10520165 77053916 1 2.122158517110197e-4 77021226 77053916 32690
2 1502 rs7608611 51193994 1 -2.116674488566094e-4 51191693 51198384 6691
2 1738 rs17050495 60155276 1 2.1140159973389105e-4 60135937 60160790 24853
2 469 rs1996540 15076201 2 2.1126923250162823e-4 15059183 15076201 17018
2 2303 rs10496278 83151323 2 -2.1037923342586188e-4 83129299 83205910 76611
2 2210 rs10520228 79236614 1 -2.0802951420587304e-4 79230585 79237089 6504
2 339 rs1405950 10661047 1 2.0695594811884983e-4 10654259 10661047 6788
2 2652 rs5008103 109000112 1 2.067042455746015e-4 108995325 109012055 16730
2 4595 rs4673340 206806002 1 -2.0649306901729188e-4 206806002 206806002 0
2 3093 rs12997287 130665622 3 -2.04531484927977e-4 130662416 130665622 3206
2 4901 rs11892648 220193396 1 -2.032573913271761e-4 220191861 220200242 8381
2 1906 rs6546315 67800520 1 2.0321411520330405e-4 67780749 67800520 19771
2 493 rs11687741 15952057 1 2.0257772021733508e-4 15950899 15958962 8063
2 2453 rs2970984 101293903 1 -2.014195326023011e-4 101293903 101318308 24405
2 5214 rs7609123 231521950 1 2.004657930096403e-4 231520821 231521950 1129
2 3245 rs2218539 138440691 1 1.9944515159412777e-4 138440691 138440691 0
2 1442 rs2055572 49344853 1 -1.993419286208381e-4 49337797 49380886 43089
2 2650 rs17770853 108945804 1 1.9894209960847817e-4 108945804 108946178 374
2 811 rs12623297 29226512 1 -1.983099618592256e-4 29225504 29226512 1008
2 1904 rs10170407 67725604 1 1.976274239269654e-4 67718290 67729255 10965
2 3161 rs7579501 134608321 1 -1.9676842811966363e-4 134606584 134609163 2579
2 1909 rs12465679 67935402 1 -1.9675114141159367e-4 67920930 67937412 16482
2 1678 rs17048858 57730190 1 1.9516353186437816e-4 57714717 57738723 24006
2 2597 rs6742317 106592564 1 1.9391514022985883e-4 106592564 106592564 0
2 2295 rs10167584 82331873 1 1.9104892397415105e-4 82292908 82331873 38965
2 2815 rs13432259 118645076 1 1.9096501696516153e-4 118645076 118645076 0
2 1898 rs10172022 67525162 1 -1.893442256818595e-4 67513118 67539226 26108
2 283 rs3845748 8796160 1 -1.8881601313498904e-4 8794240 8796160 1920
2 1355 rs281489 46423982 1 -1.8852680272910463e-4 46423982 46423982 0
2 4299 rs4433962 189195208 1 1.870527887982821e-4 189112348 189209840 97492
2 690 rs12618688 23067487 1 1.8340927775315928e-4 23040440 23067487 27047
2 1498 rs2193225 51079482 3 1.8131338121204653e-4 51047313 51095053 47740
2 871 rs7597579 30835940 1 -1.7820710577009038e-4 30792898 30841108 48210
2 4696 rs10490327 211619881 1 1.7799293383758677e-4 211614638 211648806 34168
2 2272 rs1434075 80743194 1 -1.7456977220702577e-4 80743194 80743370 176
2 4301 rs6724428 189377509 2 1.7450857561838952e-4 189330900 189490490 159590
2 5364 rs10196107 236301786 1 -1.7333278598127472e-4 236300507 236301786 1279
2 4992 rs6749903 223653986 1 -1.718886148253434e-4 223653986 223654070 84
2 4265 rs13025979 186865606 1 1.7075062332840777e-4 186807268 186865606 58338
2 3377 rs12466715 143751071 1 1.6960545635884898e-4 143745800 143762736 16936
2 2092 rs1565068 75128176 1 -1.6882126715222432e-4 75128176 75128656 480
2 4600 rs2010572 207063825 1 -1.6878546731736492e-4 207055356 207067503 12147
2 4960 rs7558703 222374423 1 1.665294158189679e-4 222374423 222378994 4571
2 4215 rs12470644 183181858 1 -1.6627686883609148e-4 183167402 183183111 15709
2 4738 rs17347606 213226977 2 1.6559843966224003e-4 213226544 213236480 9936
2 3563 rs2577185 153389851 2 -1.6483915364971593e-4 153378652 153391582 12930
2 1319 rs6755279 45536858 1 -1.646739940295059e-4 45536858 45543090 6232
2 2175 rs4337498 77857564 2 -1.644828440132823e-4 77848881 77857764 8883
2 5504 rs872765 240685751 1 -1.6356297196013457e-4 240683327 240696187 12860
2 553 rs6759244 18247962 1 1.634620131296984e-4 18242052 18260937 18885
2 3702 rs13307 160659996 1 1.6009284192590256e-4 160653720 160673519 19799
2 663 rs4665632 21457859 1 1.6001472874338282e-4 21455548 21457859 2311
2 418 rs1469215 12886320 1 -1.598085598878768e-4 12878668 12886320 7652
2 4670 rs2886188 210000798 1 1.5953063523559333e-4 209963585 210000798 37213
2 2445 rs13404965 100975297 1 -1.5917334211032095e-4 100936276 100975297 39021
2 4405 rs12052865 197049786 1 1.5860773833680582e-4 197045077 197059471 14394
2 2232 rs6750164 79822618 1 -1.5783353310449508e-4 79817143 79827274 10131
2 531 rs7340478 17271133 4 1.5782396850531357e-4 17256600 17273229 16629
2 5036 rs2629046 225047744 1 -1.569656496946762e-4 225042531 225111488 68957
2 2137 rs11687064 76419466 1 -1.5695289489811877e-4 76405959 76431277 25318
2 2160 rs1176782 77345491 1 1.569418108682826e-4 77345491 77345491 0
2 1473 rs1895130 50259939 2 1.5673254254205396e-4 50245829 50262230 16401
2 3822 rs4331517 167001289 1 -1.5618609725280292e-4 166996841 167001289 4448
2 2882 rs7572032 121280767 2 -1.5601749641035178e-4 121280603 121283724 3121
2 2873 rs3931840 121041347 1 1.5279794637417112e-4 121041347 121041347 0
2 5478 rs1962113 240108117 1 1.5216134831449812e-4 240103967 240110346 6379
2 1372 rs930853 46898849 1 1.5062692798653473e-4 46891964 46900975 9011
2 5557 rs2058062 242068968 1 -1.5022655909709522e-4 242068968 242069342 374
2 5484 rs843462 240318755 1 1.490209341503176e-4 240318755 240318755 0
2 49 rs2276704 1499728 1 1.4630517775183653e-4 1495800 1502757 6957
2 4541 rs7603542 205177698 1 1.4603367645601246e-4 205166492 205177698 11206
2 406 rs10929808 12568996 1 1.459170465416024e-4 12548283 12568996 20713
2 5162 rs2109820 229957003 1 1.4590747095009898e-4 229944172 229957003 12831
2 346 rs1198844 10908159 1 1.457108414486843e-4 10908159 10908893 734
2 2430 rs80072814 99554388 1 -1.4429423879168472e-4 99554388 99577827 23439
2 208 rs12987564 6342707 1 -1.4407221992122587e-4 6341885 6343026 1141
2 1621 rs733916 55155551 1 1.437300820211572e-4 55155551 55167820 12269
2 560 rs1023848 18369609 1 1.4166518454070292e-4 18365934 18371951 6017
2 3552 rs11883823 152994110 1 -1.3962174762877308e-4 152981335 153032790 51455
2 1448 rs817081 49588657 1 1.3958877873303138e-4 49587323 49610186 22863
2 665 rs6739502 21527036 3 -1.3918645611763966e-4 21518127 21527036 8909
2 3848 rs16854016 168508395 1 -1.3735516666491047e-4 168508395 168508395 0
2 1073 rs45493492 37414548 1 1.3717617078602172e-4 37414548 37415603 1055
2 4474 rs295145 201222159 1 -1.3657941108616945e-4 201207876 201229984 22108
2 3583 rs6434548 154178949 1 -1.3603013577303348e-4 154178949 154178949 0
2 3181 rs755586 135068007 1 -1.3436836959598042e-4 135052071 135068007 15936
2 575 rs10191044 18716201 1 -1.3397983391977747e-4 18713455 18717487 4032
2 5439 rs3213869 238668783 1 -1.3377244964274854e-4 238660169 238671940 11771
2 1770 rs10207939 61253415 4 1.331207759912717e-4 61230647 61307982 77335
2 3638 rs4664789 156867536 1 -1.3294866639631603e-4 156866619 156877890 11271
2 2086 rs6740974 74996512 2 1.2598234125197306e-4 74987298 75012327 25029
2 5529 rs10170009 241213217 1 -1.2588632353605493e-4 241209928 241216673 6745
2 5121 rs6753666 228291940 1 -1.256859931399401e-4 228291911 228315672 23761
2 569 rs2345835 18574952 1 1.2512707278073743e-4 18574952 18574952 0
2 4927 rs10932846 221111295 1 1.246359969636994e-4 221110780 221111295 515
2 4753 rs17355277 213857830 2 -1.2368086079831732e-4 213847510 213858157 10647
2 744 rs17745923 25643944 1 1.2275617886315415e-4 25643944 25649176 5232
2 5474 rs11677464 240065356 1 -1.2215804435012023e-4 240065356 240066870 1514
2 5376 rs2675144 236641479 2 1.214394508504118e-4 236641479 236641479 0
2 991 rs3748926 35012498 2 1.1927692183876412e-4 35005992 35019687 13695
2 3522 rs757919 151842851 2 -1.1914365243288996e-4 151802790 151847222 44432
2 64 rs13382326 1998275 1 -1.1791066173807907e-4 1980644 1998275 17631
2 2321 rs11686691 84528756 1 1.1740175623134936e-4 84486725 84528756 42031
2 3238 rs7609502 138159329 1 1.1569335737450864e-4 138135771 138167717 31946
2 1033 rs12614272 36386902 1 -1.1427675654829644e-4 36374519 36392700 18181
2 181 rs16863992 5747177 1 1.1310880502483926e-4 5729629 5754189 24560
2 4481 rs13026134 201444441 1 1.1305769563602884e-4 201391491 201475157 83666
2 4526 rs10932019 204628810 3 -1.1252373529711552e-4 204627793 204648661 20868
2 4562 rs1510778 205887035 1 -1.1202077137336904e-4 205864832 205887035 22203
2 4088 rs1349109 177389693 1 -1.1141937615528364e-4 177380785 177389693 8908
2 1485 rs10181522 50640323 1 1.108311236377984e-4 50627268 50640323 13055
2 3133 rs1437898 133746630 1 -1.1071407854805064e-4 133742448 133746630 4182
2 4263 rs6753011 186444443 2 -1.0896933398764896e-4 186444443 186531835 87392
2 5041 rs2042086 225222900 1 1.077054514222498e-4 225207978 225224042 16064
2 2081 rs139920523 74641622 1 -1.0708644142852764e-4 74641622 74699715 58093
2 3701 rs141659304 160604768 1 -1.0699259671908236e-4 160499483 160609162 109679
2 5314 rs6431242 235172026 1 1.0691851280151595e-4 235170697 235188659 17962
2 3078 rs10210419 130217485 1 1.057802806889856e-4 130216043 130231345 15302
2 722 rs115334231 24244603 1 -1.0373073345709696e-4 24244603 24256071 11468
2 4690 rs10184633 211457261 1 -1.0277733463208338e-4 211431038 211467548 36510
2 1888 rs981718 67217705 1 1.01418151511132e-4 67198954 67217705 18751
2 5502 rs11124222 240654444 1 1.0112211272830672e-4 240654444 240654444 0
2 2899 rs4488664 121925398 1 1.0027542404878958e-4 121925398 121925398 0
2 1542 rs3111857 52564254 1 9.969989092218568e-5 52552297 52573117 20820
2 4471 rs1653301 201076401 1 -9.947852149544305e-5 201076401 201104513 28112
2 4682 rs13021055 210941838 1 9.861818175162917e-5 210889759 211000909 111150
2 211 rs11685714 6388637 1 -9.837950982586932e-5 6388311 6396424 8113
2 3679 rs11674284 159372889 1 9.812643012653763e-5 159312733 159397428 84695
2 1022 rs1401775 36098961 1 9.783576450165832e-5 36082275 36104933 22658
2 2158 rs1446693 77262967 1 9.749689165677863e-5 77262967 77284790 21823
2 4400 rs6434799 196665083 2 -9.720138812818192e-5 196659551 196694902 35351
2 890 rs4245766 31242194 1 9.662503010964456e-5 31241920 31254348 12428
2 39 rs9677798 1298915 1 9.585399368954324e-5 1298915 1318131 19216
2 2706 rs11691239 112950600 1 9.361651299558618e-5 112939548 112950600 11052
2 3263 rs6724976 139472210 1 -9.35536893123529e-5 139427669 139492011 64342
2 1075 rs10460527 37505105 1 9.314166695460612e-5 37494336 37521185 26849
2 4591 rs2160328 206642337 1 9.285576380440168e-5 206642337 206654123 11786
2 768 rs72850602 27094076 1 9.273349070689644e-5 27070362 27094076 23714
2 4193 rs4233796 182088349 1 9.26761402180222e-5 182088349 182088349 0
2 2915 rs7567579 122578292 1 -9.150521412009631e-5 122578292 122578292 0
2 2680 rs11240790 110889108 1 -9.12268119591002e-5 110886142 110983320 97178
2 3296 rs1486969 141043913 1 -9.1088507637937375e-05 141032476 141060408 27932
2 2126 rs11675641 75977535 1 -9.069533031158596e-5 75953851 75977535 23684
2 2058 rs6710755 73343973 1 -9.05925091606038e-5 73278990 73345891 66901
2 3054 rs841292 129326003 1 9.017986507739845e-5 129316382 129326003 9621
2 1902 rs6756612 67711468 1 8.584908352847485e-5 67705080 67712269 7189
2 613 rs7604613 19989521 1 8.540687479448998e-5 19988877 19990204 1327
2 1851 rs10172064 66009594 1 -8.524637738360381e-5 66009594 66015141 5547
2 5069 rs1963400 226360771 1 -8.509273869554288e-5 226358289 226360771 2482
2 4468 rs10497844 200813126 1 -8.425104704218965e-5 200778866 200893820 114954
2 4989 rs16864098 223598666 1 -8.218656419915471e-5 223594490 223604117 9627
2 1676 rs10211664 57581445 1 7.979673798399418e-5 57574704 57581445 6741
2 1713 rs17049939 59348944 1 7.967364787324535e-5 59344469 59359631 15162
2 2491 rs13020571 102658632 1 -7.957022479568768e-5 102658632 102662888 4256
2 625 rs6531209 20334723 1 7.904949925068876e-5 20334723 20340155 5432
2 343 rs6432130 10821557 1 -7.87843568672581e-5 10807748 10827157 19409
2 2135 rs13025724 76379904 1 -7.840180314052264e-5 76379904 76379904 0
2 4402 rs16842717 196810367 1 -7.811728791001874e-5 196810367 196866433 56066
2 1892 rs17033085 67333139 1 -7.758814943868207e-5 67311169 67333139 21970
2 87 rs1451199 2631443 1 -7.459774887813293e-5 2631443 2633258 1815
2 1049 rs3770827 36747912 1 7.298499456137892e-5 36738630 36747912 9282
2 4053 rs6708544 175604194 3 7.256744743738732e-5 175598518 175604194 5676
2 641 rs11096674 20752612 1 7.101699331107548e-5 20752612 20752612 0
2 1426 rs4953625 48977778 1 6.992546803448184e-5 48958687 48984391 25704
2 4104 rs13001694 178118990 1 -6.848758558013695e-5 178113484 178118990 5506
2 1359 rs17802111 46509657 1 -6.83439310006772e-5 46509657 46509657 0
2 4454 rs16830753 199828394 1 -6.788632147405076e-5 199765094 199829150 64056
2 1287 rs4952710 44524575 2 6.722195639318612e-5 44519142 44524575 5433
2 1706 rs6758100 59114739 1 -6.55918813250511e-5 59110328 59114739 4411
2 3006 rs13431384 127310661 1 -6.196992597457569e-5 127310661 127310661 0
2 3635 rs7594921 156752588 2 6.194130831188684e-5 156697096 156754055 56959
2 2803 rs10864956 118180695 1 -6.175299006089495e-5 118156840 118180695 23855
2 1051 rs3770813 36776555 2 6.122421248266901e-5 36767257 36776555 9298
2 4148 rs6742175 180141614 1 6.111083349446782e-5 180141614 180151555 9941
2 1685 rs1568452 58012833 2 -6.029061559709483e-5 57943044 58026655 83611
2 2075 rs6546886 74245777 1 5.9787823331137034e-5 74245777 74316414 70637
2 5549 rs4359646 241834907 1 -5.919675510290098e-5 241834654 241846140 11486
2 2515 rs6543194 103598575 2 -5.860104997124336e-5 103593540 103602505 8965
2 886 rs2288101 31135184 1 -5.837336644481113e-5 31135184 31146497 11313
2 4837 rs2712168 217641749 1 -5.81117212216526e-5 217640818 217662968 22150
2 3332 rs4309525 142199346 1 -5.637019904682261e-5 142176624 142208793 32169
2 2622 rs17033552 107554490 1 5.4466392511325624e-5 107554490 107554490 0
2 3076 rs4662923 130154906 1 -5.379264595718745e-5 130140883 130186163 45280
2 3588 rs12466830 154348863 2 -5.3036175242155e-5 154348863 154369594 20731
2 115 rs12618667 3295986 2 5.0582214498302866e-5 3295986 3302962 6976
2 1748 rs17019696 60498211 2 -4.930579234492446e-5 60498211 60514993 16782
2 3826 rs3924001 167136589 1 4.926889975482599e-5 167136589 167142590 6001
2 4584 rs6435297 206490951 1 4.776863295477846e-5 206490951 206490951 0
2 226 rs12620029 6795143 1 4.4966937250532206e-5 6795143 6795143 0
2 2805 rs1158447 118281667 1 -4.360436368937177e-5 118258797 118281844 23047
2 4064 rs17585824 176528033 1 4.298168435351461e-5 176505213 176549467 44254
2 2508 rs4851629 103276384 1 -4.2815027558201234e-5 103276384 103276384 0
2 3380 rs354728 143944775 1 4.153502684800012e-5 143944775 144007986 63211
2 48 rs11211654 1474131 1 -4.100182925196421e-5 1467210 1482940 15730
2 4704 rs11900493 212075184 1 -3.914166511779977e-5 212075184 212107637 32453
2 1413 rs4583515 48177487 1 3.8979022166358024e-5 48174199 48179497 5298
2 563 rs1356317 18444258 1 3.8906373750410195e-5 18439946 18452346 12400
2 4054 rs2229957 175614716 1 3.782509571250846e-5 175614716 175624597 9881
2 4520 rs6715752 203913552 1 3.582757328888688e-5 203745885 203987554 241669
2 3062 rs2263458 129691750 2 -3.543065638246153e-5 129654217 129708408 54191
2 301 rs12473402 9632718 1 -3.4520405498244596e-5 9630231 9634856 4625
2 1160 rs666362 40459645 1 -3.254491672452666e-5 40447587 40469480 21893
2 2763 rs6745631 115730919 1 -3.156174931188091e-5 115697773 115741770 43997
2 1905 rs6748393 67739603 2 3.1031685718641965e-5 67737672 67760072 22400
2 483 rs6431722 15827634 1 2.828775382233134e-5 15826700 15827634 934
2 4533 rs16840559 204893825 1 -2.7644834851671764e-5 204872034 204894766 22732
2 2927 rs1598024 123206041 3 -2.733117156539645e-5 123186585 123216847 30262
2 1885 rs1362477 67141322 1 2.6809202390034298e-5 67121517 67150881 29364
2 5378 rs6717245 236872445 1 2.6736595786571367e-5 236872445 236898903 26458
2 179 rs7561204 5636444 1 -2.6678983149786935e-5 5636444 5645610 9166
2 5553 rs6723732 241986030 2 2.6631349390001356e-5 241980123 241986030 5907
2 4742 rs4404217 213385817 1 2.587621883944237e-5 213385817 213395507 9690
2 34 rs4971439 1092195 1 2.553069158431905e-5 1092195 1092195 0
2 3587 rs3863911 154278240 1 2.401314005642237e-5 154278240 154318295 40055
2 2408 rs12989766 98019683 4 -2.3814611459663975e-5 98013814 98023948 10134
2 3543 rs3768655 152714023 1 -2.2533235997608207e-5 152714023 152725937 11914
2 3508 rs7590701 151237876 1 -2.2143740087414883e-5 151210898 151250458 39560
2 2251 rs518046 80199239 1 -2.1876252353192012e-5 80199239 80199239 0
2 1414 rs11682328 48248101 1 1.8986919528469305e-5 48233949 48304381 70432
2 4027 rs2601029 174505422 1 -1.878934334852765e-5 174504924 174505422 498
2 1979 rs2272532 70520498 1 1.84792268656229e-5 70520498 70520498 0
2 5227 rs2032953 232035793 1 -1.8476738654128494e-5 231949946 232047155 97209
2 3310 rs288125 141496596 1 -1.7547567966290447e-5 141471725 141504719 32994
2 543 rs1812706 17973097 2 -1.744498866690944e-5 17973097 17981684 8587
2 3969 rs7585194 172412616 1 1.7110150558988478e-5 172409721 172419265 9544
2 4113 rs6433691 178551958 1 1.669703437274682e-5 178551958 178551958 0
2 1578 rs17044715 53669133 1 -1.4467762371143591e-5 53667654 53669133 1479
2 1941 rs6754173 68895542 1 1.2170304566358032e-5 68884537 68898972 14435
2 3359 rs4662423 142938021 1 1.2001984653511214e-5 142927676 142938021 10345
2 3279 rs7570546 140261700 1 -1.196317810899054e-5 140250506 140287352 36846
2 3175 rs9808181 134935979 2 1.1481094892491902e-5 134935746 134935979 233
2 4036 rs17308965 174896455 2 1.1015888758015605e-5 174896455 174896455 0
2 734 rs4665736 25187599 1 -1.0609615469319869e-5 25169200 25220522 51322
2 4494 rs3817579 202215819 1 -1.0469619675003231e-5 202196063 202216916 20853
2 1076 rs6544066 37543371 1 -1.035232087926583e-5 37536436 37561357 24921
2 1381 rs2289928 47134904 3 1.00873150896668e-5 47134904 47173359 38455
2 4517 rs2228545 203420712 1 -1.0010421957166762e-5 203246411 203426668 180257
2 2507 rs6708609 103232093 1 9.205427024025324e-6 103205175 103235312 30137
2 5351 rs6741246 236038689 1 8.294294634176366e-6 236035291 236040155 4864
2 5526 rs4854083 241176022 1 7.538686893937026e-6 241175742 241176022 280
2 3285 rs16842938 140585063 1 -6.831530561593613e-6 140576146 140585063 8917
2 2059 rs6710726 73401781 2 6.657346657682466e-6 73374096 73401781 27685
2 1229 rs1390610 42717015 2 -6.227304487255647e-6 42712932 42735172 22240
2 4392 rs6755097 196116079 1 5.9776713488682894e-6 196067526 196116079 48553
2 1910 rs1367457 67951861 1 5.878225941615307e-6 67942480 67951861 9381
2 4703 rs4356605 212045199 2 -5.553211882991125e-6 212036651 212047120 10469
2 151 rs13405551 4807546 1 -5.462843946833134e-6 4807546 4807546 0
2 3575 rs16832085 153924683 1 -5.459054404285576e-6 153924683 153927273 2590
2 1568 rs2357013 53266129 1 5.213425658561994e-6 53251060 53288066 37006
2 4619 rs6720430 207798923 1 4.864807016883005e-6 207789394 207802116 12722
2 3116 rs10496687 133269261 1 4.114895073807379e-6 133266673 133269261 2588
2 1677 rs17048806 57644319 1 3.702034775826696e-6 57644319 57682057 37738
2 1127 rs17576507 38910131 1 3.559884735142808e-6 38910131 38936539 26408
2 3709 rs2667040 160873270 2 -3.1061981667700287e-6 160873270 160879259 5989
2 4139 rs1565287 179735946 1 -1.8012851093168908e-6 179735946 179738505 2559
2 3315 rs1549709 141659527 1 -1.7043079836674285e-6 141655736 141659527 3791
2 5389 rs2046284 237238496 2 -1.4940720878293544e-6 237233920 237242097 8177
2 2527 rs1550533 104515963 5 -5.521507605620382e-7 104510063 104537499 27436
