CHR Group SNP.lead BP.lead Size W BP.min BP.max BP.width
3 14597 rs10513547 159672597 2 0.11100231838845671 159672597 159672597 0
3 14612 rs485789 159730148 2 0.07312004365546326 159730148 159730148 0
3 14611 rs668998 159715551 2 0.06238984919599143 159715551 159715551 0
3 13016 rs10935453 141747640 1 0.04096584959374644 141747640 141747640 0
3 14608 rs583911 159710390 1 0.03720997333987343 159710390 159710390 0
3 10841 rs2293370 119219934 2 0.03581235461022011 119219934 119219934 0
3 14588 rs1675497 159582382 1 0.03335452435859454 159582382 159582382 0
3 2947 rs4681018 25384461 1 0.03202628814674897 25384461 25384461 0
3 7265 rs6790743 70957896 1 -0.02696301521656386 70957896 70957896 0
3 11449 rs1464065 124910439 2 -0.02631649963866482 124910439 124910439 0
3 13631 rs6779678 149225903 1 0.02479965621013685 149225903 149225903 0
3 2825 rs6795607 24631165 1 -0.02463127929068623 24631165 24631165 0
3 1842 rs538525 16376279 1 0.02251719793637456 16376279 16376279 0
3 14595 rs17810546 159665050 1 0.02245911981388033 159665050 159665050 0
3 12624 rs10935263 137415813 1 0.02208238474098667 137415813 137415813 0
3 7308 rs9819066 71523110 1 -0.02134248887241791 71523110 71523110 0
3 11099 rs2715267 121770858 1 0.02110004156745366 121770858 121770858 0
3 1622 rs1865884 14411655 1 0.02106283302326482 14411655 14411655 0
3 11106 rs9282641 121796768 1 0.02083089740627635 121796768 121796768 0
3 16078 rs6789946 177374031 1 0.01978122603579009 177374031 177374031 0
3 1867 rs11128793 16551795 1 -0.01953763881537677 16551795 16551795 0
3 7291 rs9647400 71322227 1 0.01932876270664316 71322227 71322227 0
3 4384 rs9842265 39337941 2 0.01924899796514023 39337941 39337941 0
3 14607 rs4680534 159698945 1 0.01873253936821857 159698945 159698945 0
3 608 rs1874972 5319430 1 -0.01867711443932548 5319430 5319430 0
3 17129 rs7610017 189343424 1 0.01848480852201311 189343424 189343424 0
3 2756 rs4131864 23985809 1 0.01825517703940447 23985809 23985809 0
3 3814 rs4074415 33161745 1 -0.01809780748643112 33161745 33161745 0
3 14606 rs2366408 159696099 1 0.0175879508150615 159696099 159696099 0
3 13669 rs2130319 149493646 1 0.01750107131860564 149493646 149493646 0
3 17304 rs9856076 190987344 1 0.017369913660686732 190987344 190987344 0
3 14020 rs955013 153099036 1 -0.01696897166632925 153099036 153099036 0
3 13607 rs977333 149070226 2 -0.01606912166007288 149070226 149070226 0
3 12828 rs1426033 139710090 1 0.01603348064985502 139710090 139710090 0
3 11093 rs9868257 121715319 1 -0.01508617239877172 121715319 121715319 0
3 17289 rs16866197 190877111 1 -0.01506542047366424 190877111 190877111 0
3 14613 rs574808 159732983 2 0.01486625213399425 159732983 159732983 0
3 6656 rs1983357 64994295 1 -0.01455298296178957 64994295 64994295 0
3 6105 rs17031618 60543675 1 0.01434968224407642 60543675 60543675 0
3 14344 rs2128535 156789192 2 0.0141280008089301 156789192 156789192 0
3 7112 rs7611476 69269236 2 0.0136062254064738 69269236 69269236 0
3 15963 rs2046350 176014233 1 0.0133957768979683 176014233 176014233 0
3 16050 rs12629106 177095072 2 -0.01261610129558383 177095072 177095072 0
3 1319 rs17034817 11657278 1 0.01260881940069801 11657278 11657278 0
3 1819 rs6804047 16245397 1 -0.01255727984869585 16245397 16245397 0
3 2945 rs4681047 25383258 2 0.01247637352343144 25383258 25383258 0
3 13548 rs10935726 148515005 1 -0.01219870385412281 148515005 148515005 0
3 3446 rs1347287 30129784 1 0.01218859862517534 30129784 30129784 0
3 13929 rs10513429 152368110 1 0.01204073219526534 152368110 152368110 0
3 16096 rs4857739 177472170 1 -0.01202336869990703 177472170 177472170 0
3 8578 rs6777020 88665467 2 -0.01199994320383313 88665467 88665467 0
3 7347 rs9829101 72037324 1 0.01189975661383255 72037324 72037324 0
3 1629 rs6763180 14506279 1 0.01164936387458705 14506279 14506279 0
3 3901 rs1191624 34415876 1 0.01155213216266747 34415876 34415876 0
3 11667 rs1868240 127209361 1 0.01102996215194215 127209361 127209361 0
3 16191 rs7433956 178381419 1 -0.01097834801989387 178381419 178381419 0
3 3619 rs294282 31135969 1 0.01077508989638121 31135969 31135969 0
3 15817 rs565334 174413915 1 0.01075450303492341 174413915 174413915 0
3 17050 rs1546736 188495948 1 0.01072352557835016 188495948 188495948 0
3 3694 rs11712058 31946673 1 -0.01052400520116426 31946673 31946673 0
3 55 rs17273893 309363 1 -0.0104807097308255 309363 309363 0
3 2846 rs4077423 24751005 2 0.01047323523445402 24751005 24751005 0
3 5816 rs4681818 58184851 1 -0.01045031385158556 58184851 58184851 0
3 17459 rs4455277 192614308 2 0.01042656911304262 192614308 192614308 0
3 16846 rs864265 186554292 1 -0.01036806892762151 186554292 186554292 0
3 13648 rs2117754 149363508 1 0.01028830776756354 149363508 149363508 0
3 319 rs11718965 2609657 1 -0.01007947070588215 2609657 2609657 0
3 14614 rs1075498 159756451 1 0.0099541594378405 159756451 159756451 0
3 8845 rs1497534 97935125 1 0.00994779335715688 97935125 97935125 0
3 9215 rs16845761 102602750 1 0.00992754850399671 102602750 102602750 0
3 15542 rs11927009 170984600 1 0.00989687151443589 170984600 170984600 0
3 14619 rs9880646 159861147 2 -0.00980161821841142 159861147 159861147 0
3 8472 rs7639047 87173731 1 -0.00967690447852434 87173731 87173731 0
3 14791 rs7609974 161823150 1 -0.0096716269119716 161823150 161823150 0
3 15493 rs475647 170465382 1 0.0096383471611927 170465382 170465382 0
3 7267 rs13065564 70965044 1 -0.00960418308995404 70965044 70965044 0
3 13572 rs893979 148690841 1 -0.00949878241510456 148690841 148690841 0
3 2560 rs6772631 22383444 2 0.00949645174701936 22383444 22383444 0
3 798 rs12491369 6789265 1 -0.00948377410235334 6789265 6789265 0
3 14376 rs16827620 157138405 1 0.00944984953176243 157138405 157138405 0
3 11677 rs2078637 127426999 1 -0.00935814580497834 127426999 127426999 0
3 15878 rs6769077 175061871 2 -0.0093508640535283 175061871 175061871 0
3 5240 rs2710323 52815905 1 -0.00927982431810107 52815905 52815905 0
3 7302 rs11712688 71379546 1 0.00922297707242943 71379546 71379546 0
3 2443 rs1320292 21701712 1 -0.00915044287712574 21701712 21701712 0
3 11589 rs4679241 126135774 1 -0.00913652789628456 126135774 126135774 0
3 5701 rs11130549 56880444 1 -0.00904189755264475 56880444 56880444 0
3 5690 rs6803697 56831548 1 -0.00901250828750257 56831548 56831548 0
3 9731 rs6779094 108081277 2 0.0088442771698912 108081277 108081277 0
3 57 rs11707796 316417 1 0.00882299552853862 316417 316417 0
3 13215 rs990320 143796305 1 0.00879256283270403 143796305 143796305 0
3 11086 rs9829181 121663962 1 0.00873121559560763 121663962 121663962 0
3 5246 rs3617 52833805 1 -0.00872298669897142 52833805 52833805 0
3 1166 rs697231 10346421 1 0.00862240419116511 10346421 10346421 0
3 9112 rs4683877 100921280 2 0.00850707490806155 100921280 100921280 0
3 13617 rs11919764 149187235 2 0.008459315162018 149187235 149187235 0
3 16598 rs7432211 183819155 1 -0.00842025262982148 183819155 183819155 0
3 15612 rs7428410 171943473 1 -0.00839903205915478 171943473 171943473 0
3 1876 rs10510452 16625048 1 -0.00838553675986345 16625048 16625048 0
3 3350 rs9835541 29459473 1 0.00821449731932711 29459473 29459473 0
3 6612 rs4132228 64708114 1 -0.00819032776706414 64708114 64708114 0
3 89 rs1464701 915389 1 -0.00811305856835951 915389 915389 0
3 10070 rs754914 111651285 1 -0.00810486693603066 111651285 111651285 0
3 11731 rs9831089 128242205 1 0.00807339232431839 128242205 128242205 0
3 2739 rs7609845 23615762 1 0.0080371208739971 23615762 23615762 0
3 4959 rs142971127 46717175 1 0.00798964465798846 46717175 46717175 0
3 10821 rs6763561 119145512 1 0.00791312528714296 119145512 119145512 0
3 3141 rs3806624 27764623 1 -0.00790085267634354 27764623 27764623 0
3 14329 rs7650127 156642634 1 -0.00788566601688655 156642634 156642634 0
3 11448 rs867805 124909866 1 0.00770197417297058 124909866 124909866 0
3 12797 rs17394311 139517171 2 -0.00758083014852233 139517171 139517171 0
3 4193 rs6785634 37590136 1 -0.00753001071127188 37590136 37590136 0
3 15854 rs13319929 174858489 1 -0.00752276187040632 174858489 174858489 0
3 4748 rs4462942 43564157 1 -0.00749522492778297 43564157 43564157 0
3 13633 rs4681521 149230137 1 0.00746994601555497 149230137 149230137 0
3 2942 rs9861454 25381636 1 0.00746856125008456 25381636 25381636 0
3 6845 rs1001689 66843365 1 0.0073973586009188 66843365 66843365 0
3 13726 rs12638863 150533002 1 0.0073381403960733 150533002 150533002 0
3 17153 rs7619556 189552371 1 0.00728515763268284 189552371 189552371 0
3 2054 rs6550461 18468523 1 -0.00727921769930193 18468523 18468523 0
3 6608 rs9860730 64701146 1 -0.00724025351273857 64701146 64701146 0
3 10748 rs6782002 118624631 1 0.0072325531203937 118624631 118624631 0
3 9810 rs4522770 108611057 1 0.00720404239340981 108611057 108611057 0
3 6615 rs17727064 64714182 1 -0.00719153020692306 64714182 64714182 0
3 1852 rs1864259 16433519 1 -0.00718432870616037 16433519 16433519 0
3 13605 rs7632041 149066126 1 0.0071138198669852 149066126 149066126 0
3 5242 rs1042779 52821011 2 0.00710481231637791 52821011 52821011 0
3 15188 rs34465133 167035332 1 -0.00705633580661698 167035332 167035332 0
3 16242 rs7645550 178968634 1 0.00695901956396072 178968634 178968634 0
3 1942 rs1372072 16955259 2 0.00694224536889164 16955259 16955259 0
3 14633 rs7641978 160328337 1 -0.00694044672074379 160328337 160328337 0
3 3524 rs1155708 30686740 1 -0.00693505174577972 30686740 30686740 0
3 5908 rs2366696 59449029 2 -0.00686167830185239 59449029 59449029 0
3 9332 rs1731649 103801180 1 0.0067890462460767 103801180 103801180 0
3 14767 rs9838303 161654395 1 0.0066005769929527 161654395 161654395 0
3 8949 rs2670338 99162536 1 0.00658794350699984 99162536 99162536 0
3 3492 rs7653262 30443869 1 -0.00658422644051316 30443869 30443869 0
3 13635 rs10513353 149246213 1 -0.00658310879224298 149246213 149246213 0
3 8556 rs2344953 88532215 1 -0.00655823512254277 88532215 88532215 0
3 17338 rs293861 191128441 2 -0.00651937678548373 191128441 191128441 0
3 14367 rs9883822 157080331 1 0.00649135579680206 157080331 157080331 0
3 7052 rs4855496 68652335 1 -0.00648191683977321 68652335 68652335 0
3 13637 rs10513354 149250284 1 -0.00647933904383012 149250284 149250284 0
3 5042 rs2276852 48666923 1 0.0064701488179054 48666923 48666923 0
3 17456 rs2133865 192592587 1 -0.00646559043900351 192592587 192592587 0
3 6447 rs6766569 63489319 1 0.0064653680549114 63489319 63489319 0
3 6747 rs984038 65762252 1 -0.00644168974139537 65762252 65762252 0
3 10768 rs12486504 118800871 1 -0.00643229406223759 118800871 118800871 0
3 14152 rs7626254 154291973 1 0.00643156010082502 154291973 154291973 0
3 3521 rs11924422 30677484 2 0.00641681633235539 30677484 30677484 0
3 10824 rs3195852 119157615 1 -0.00640918346866713 119157615 119157615 0
3 12580 rs12107468 136992840 1 -0.00633583605595474 136992840 136992840 0
3 13769 rs3971191 151041513 1 0.00633084625424843 151041513 151041513 0
3 1382 rs310766 12233482 1 0.00631363072068884 12233482 12233482 0
3 13146 rs10513210 143278231 1 0.00628945278784105 143278231 143278231 0
3 11842 rs4688772 129432347 1 0.00623437772089885 129432347 129432347 0
3 5818 rs3772985 58186719 1 -0.00616022929795302 58186719 58186719 0
3 13864 rs17283297 151724954 2 -0.00615284243144382 151724954 151724954 0
3 6545 rs853275 64294523 1 -0.00614435087878669 64294523 64294523 0
3 7999 rs6783132 81534944 1 0.00613903108468405 81534944 81534944 0
3 16969 rs6778044 187594092 1 -0.00610824155619543 187594092 187594092 0
3 12199 rs6779839 132494523 1 0.00609053430621677 132494523 132494523 0
3 15386 rs6783972 169209897 1 0.00606318192240622 169209897 169209897 0
3 3767 rs3888882 32497574 1 0.00599100990740895 32497574 32497574 0
3 5241 rs3774354 52817675 1 0.00597411669171454 52817675 52817675 0
3 8889 rs7639655 98370840 2 -0.00587370316706059 98370840 98370840 0
3 4990 rs1531136 46901654 1 -0.00583790354279405 46901654 46901654 0
3 3299 rs11927581 29068750 1 -0.00576747331203062 29068750 29068750 0
3 8486 rs11713655 87374853 1 0.00570093431987528 87374853 87374853 0
3 1156 rs2075352 10311939 1 0.0056832746218261 10311939 10311939 0
3 1090 rs2600164 9312398 1 0.00564702481130515 9312398 9312398 0
3 16922 rs11710146 187244953 1 -0.00564115958801501 187244953 187244953 0
3 1273 rs7625056 11157856 1 -0.00561975617703581 11157856 11157856 0
3 7543 rs6795429 73967610 1 0.00560965179098912 73967610 73967610 0
3 17017 rs9867814 187877584 1 0.00560288241376101 187877584 187877584 0
3 3509 rs7648418 30591844 2 -0.00560265503160083 30591844 30591844 0
3 6814 rs1870033 66689366 2 -0.00551015607005638 66689366 66689366 0
3 5040 rs9834639 48659009 1 0.0055014461126802 48659009 48659009 0
3 3168 rs11129307 28017377 2 -0.00549972384540156 28017377 28017377 0
3 10742 rs7625775 118590563 1 -0.00549608228566611 118590563 118590563 0
3 16249 rs6776229 179015775 1 0.00544640963216545 179015775 179015775 0
3 7076 rs12714748 68955591 1 0.00543944409729856 68955591 68955591 0
3 8887 rs4857405 98310966 2 -0.00535963346444973 98310966 98310966 0
3 15651 rs3774315 172231986 1 -0.00534176773470227 172231986 172231986 0
3 4513 rs442115 41118450 1 -0.00533896441554372 41118450 41118450 0
3 11469 rs3772213 125214402 1 0.00533568313578395 125214402 125214402 0
3 3354 rs9863789 29476873 1 0.00529930246225748 29476873 29476873 0
3 1004 rs7647092 8528431 2 0.00528101678648542 8528431 8528431 0
3 8848 rs4857374 98049409 1 0.00527948855670974 98049409 98049409 0
3 324 rs9849237 2675189 1 -0.00527842914899546 2675189 2675189 0
3 2299 rs13093281 20934496 1 -0.00523927492066044 20934496 20934496 0
3 17302 rs7637404 190981868 1 0.00523052050733177 190981868 190981868 0
3 2515 rs17641808 21943191 1 0.00517235622495843 21943191 21943191 0
3 9104 rs1484232 100895508 1 0.00516144877252859 100895508 100895508 0
3 1369 rs2618385 12050397 1 0.00515120480024847 12050397 12050397 0
3 4079 rs1449991 36154313 1 -0.0051432206301654 36154313 36154313 0
3 3489 rs9866764 30404343 1 0.00512828167405594 30404343 30404343 0
3 16651 rs7620519 184306559 1 0.0051256468906415 184306559 184306559 0
3 13219 rs13078077 143853149 1 0.00510377117577581 143853149 143853149 0
3 3744 rs3867381 32415114 1 -0.00509257870128773 32415114 32415114 0
3 11602 rs139894266 126222856 1 -0.00503770402010257 126222856 126222856 0
3 16871 rs257101 186778828 1 0.0050183606818086 186778828 186778828 0
3 1437 rs7643321 12663233 1 0.00501772027548188 12663233 12663233 0
3 9664 rs17204920 107346018 1 -0.00499521596130948 107346018 107346018 0
3 8533 rs7432838 88190809 1 -0.00498146677007909 88190809 88190809 0
3 6809 rs3845895 66490125 1 -0.0049570891031058 66490125 66490125 0
3 14609 rs2243131 159712058 1 0.00494889166244915 159712058 159712058 0
3 11452 rs6766250 124919384 1 -0.004927567010673 124919384 124919384 0
3 4225 rs9877943 37914922 2 0.00492380361772789 37914922 37914922 0
3 10767 rs2117768 118800404 1 0.00490397018939291 118800404 118800404 0
3 14449 rs9867453 157716366 1 0.00488957682303936 157716366 157716366 0
3 15718 rs3844523 173322248 1 0.00487362904069221 173322248 173322248 0
3 8130 rs13099031 82972073 1 -0.00486833776258686 82972073 82972073 0
3 14184 rs16824794 155001447 1 0.00486137949847068 155001447 155001447 0
3 9331 rs1612989 103798561 2 0.00485504624082181 103798561 103798561 0
3 10364 rs664244 114585716 2 0.00485225669971669 114585716 114585716 0
3 6490 rs6798742 63903759 1 -0.00476783373776319 63903759 63903759 0
3 10216 rs1574478 112829996 1 -0.00475687573109129 112829996 112829996 0
3 13152 rs727115 143294787 1 0.00473289354092565 143294787 143294787 0
3 7345 rs13090166 72033639 1 -0.00472725780585991 72033639 72033639 0
3 4930 rs4683211 46345413 1 0.00470784440249709 46345413 46345413 0
3 11676 rs9828443 127421486 1 0.00469967883272237 127421486 127421486 0
3 3564 rs1393749 30848365 1 -0.00468356392244528 30848365 30848365 0
3 11739 rs4857911 128314776 1 0.00467161854663665 128314776 128314776 0
3 11420 rs2981546 124746049 1 -0.00466736557682265 124746049 124746049 0
3 3807 rs6780220 33087200 1 0.0046624024704847 33087200 33087200 0
3 11732 rs7641386 128244662 1 0.00462699126480157 128244662 128244662 0
3 1758 rs12490588 15694088 1 -0.00462352655305549 15694088 15694088 0
3 7343 rs4365591 72021775 1 0.00460190708210444 72021775 72021775 0
3 6639 rs2280587 64907334 1 0.0046010176188506 64907334 64907334 0
3 4554 rs13068880 41471642 1 0.00457690691611826 41471642 41471642 0
3 2244 rs6550532 20507621 1 -0.00456821419681642 20507621 20507621 0
3 4387 rs6806372 39445780 1 0.00455244339400302 39445780 39445780 0
3 15948 rs2067613 175907342 1 -0.00455158016841336 175907342 175907342 0
3 6743 rs704463 65753176 1 0.00451182550079033 65753176 65753176 0
3 8532 rs7432826 88190768 1 -0.00451082685422008 88190768 88190768 0
3 10575 rs1554333 116804591 1 -0.00449061665477265 116804591 116804591 0
3 14411 rs11925333 157386185 2 0.00448778695088913 157386185 157386185 0
3 2397 rs11914832 21508433 1 0.00446802348096429 21508433 21508433 0
3 3692 rs4282098 31928640 2 -0.00444919327134799 31928640 31928640 0
3 16602 rs2231224 183901281 1 0.00440455482443695 183901281 183901281 0
3 2498 rs2620535 21905595 1 0.00433403500623081 21905595 21905595 0
3 12664 rs6780412 137748979 1 0.00433139447741274 137748979 137748979 0
3 615 rs9311513 5432114 2 -0.00432707640993272 5432114 5432114 0
3 2068 rs12106877 18709522 2 0.00431747689948822 18709522 18709522 0
3 10863 rs17203235 119355411 1 -0.00431718751794199 119355411 119355411 0
3 6638 rs2280585 64907284 2 0.00425953700972807 64907284 64907284 0
3 6402 rs4688376 63094473 1 0.00425245503124952 63094473 63094473 0
3 7232 rs4638930 70528833 1 0.00424847109371608 70528833 70528833 0
3 3903 rs4678469 34502246 1 -0.0041900522215984 34502246 34502246 0
3 10204 rs3732814 112724336 1 0.00417829870717001 112724336 112724336 0
3 15707 rs9290468 172986183 1 -0.00414165821670859 172986183 172986183 0
3 10737 rs9829595 118578547 1 -0.00412343390533511 118578547 118578547 0
3 13583 rs17787392 148867126 1 0.00409528807830192 148867126 148867126 0
3 3800 rs4468931 33024472 1 -0.00408385790377034 33024472 33024472 0
3 2733 rs10510538 23558000 1 -0.00407981414545393 23558000 23558000 0
3 10658 rs12636589 117975155 1 -0.00406418529918098 117975155 117975155 0
3 14351 rs12487629 156852205 2 -0.00405923707706836 156852205 156852205 0
3 14955 rs34924459 163661839 1 -0.00405680702270831 163661839 163661839 0
3 10897 rs4687887 119515585 1 0.00404272678096135 119515585 119515585 0
3 10414 rs7638530 115441608 1 0.00403224968860809 115441608 115441608 0
3 15528 rs16855718 170777684 1 -0.00401126485622878 170777684 170777684 0
3 7290 rs2280518 71318993 1 0.00400762996233274 71318993 71318993 0
3 674 rs6791121 5926673 1 0.00400380444602929 5926673 5926673 0
3 8938 rs13325971 99105577 1 -0.00398712704165331 99105577 99105577 0
3 9498 rs1867189 105447746 2 0.00398208615975218 105447746 105447746 0
3 2753 rs2001209 23962646 1 0.003976556366279 23962646 23962646 0
3 7174 rs6796248 69728231 1 0.00394196298676518 69728231 69728231 0
3 1956 rs1806555 17016794 1 0.0039376611635163 17016794 17016794 0
3 1590 rs6802240 14285238 1 -0.00393421600469187 14285238 14285238 0
3 912 rs4684558 7897821 2 -0.00392950931501918 7897821 7897821 0
3 6616 rs7638389 64729892 1 0.00389865993527404 64729892 64729892 0
3 17692 rs2014220 196312124 1 0.00387661942325363 196312124 196312124 0
3 8971 rs1567784 99342155 1 -0.00387565907494122 99342155 99342155 0
3 2451 rs11710743 21732114 1 -0.00387364810351842 21732114 21732114 0
3 4396 rs816491 39555497 1 0.00385505360120616 39555497 39555497 0
3 14227 rs16825341 155426023 1 -0.00384970514338023 155426023 155426023 0
3 1055 rs813606 9017261 1 -0.00381983718153713 9017261 9017261 0
3 273 rs17010936 2277951 1 -0.00381885494396832 2277951 2277951 0
3 1074 rs382530 9156817 1 0.00381419666462829 9156817 9156817 0
3 14973 rs10513609 164092986 1 -0.0037722051367474 164092986 164092986 0
3 5467 rs4245919 54948936 1 0.00376776129611281 54948936 54948936 0
3 2690 rs9825994 23181557 1 0.00375606043762142 23181557 23181557 0
3 9698 rs7622560 107744023 2 -0.00375145576567319 107744023 107744023 0
3 5524 rs358783 55335095 2 0.00370120709796093 55335095 55335095 0
3 5445 rs17054227 54651208 1 0.00369482222795679 54651208 54651208 0
3 2206 rs9838186 20339157 1 -0.00369129703023634 20339157 20339157 0
3 2901 rs9872920 25054852 1 0.00369109354501818 25054852 25054852 0
3 5195 rs11927897 51929183 1 0.00368249521034207 51929183 51929183 0
3 8473 rs9852738 87175298 1 0.00367589648748396 87175298 87175298 0
3 9270 rs16846592 103388364 1 0.00367039353182261 103388364 103388364 0
3 6567 rs6445401 64396762 1 0.00360952128040156 64396762 64396762 0
3 643 rs1836579 5789520 1 0.00360805241338351 5789520 5789520 0
3 15986 rs2862481 176294153 2 0.00357879081268102 176294153 176294153 0
3 17451 rs1505440 192501056 1 -0.0035713174158621 192501056 192501056 0
3 15874 rs6443300 174985106 1 -0.00356331737867218 174985106 174985106 0
3 11738 rs6772849 128306418 1 -0.00355033148250437 128306418 128306418 0
3 9765 rs11922147 108311784 1 0.00351683756051713 108311784 108311784 0
3 5492 rs358067 55100492 1 -0.00351086681323823 55100492 55100492 0
3 3873 rs13080359 33956494 1 0.00348014898195148 33956494 33956494 0
3 17089 rs6771859 189159352 1 -0.00346095438687209 189159352 189159352 0
3 16632 rs4912490 184161735 2 0.00344731044916507 184161735 184161735 0
3 7807 rs1917091 78166986 1 -0.00344673067106016 78166986 78166986 0
3 590 rs9311419 4880671 1 0.00344471299376471 4880671 4880671 0
3 9268 rs6772983 103379682 1 -0.00340295783646709 103379682 103379682 0
3 16653 rs13085530 184337818 1 -0.00340230889989372 184337818 184337818 0
3 6445 rs11130935 63477970 1 0.00339672951915984 63477970 63477970 0
3 10094 rs13096825 111724401 1 0.00339465178053579 111724401 111724401 0
3 15725 rs7629797 173509592 1 -0.00337998114333729 173509592 173509592 0
3 573 rs3804993 4750674 2 0.00335421619620459 4750674 4750674 0
3 1777 rs1947147 15903002 1 -0.0033465307652182 15903002 15903002 0
3 7511 rs9829115 73766044 1 0.00333914772164636 73766044 73766044 0
3 2189 rs1567200 20256157 1 -0.00333147797326161 20256157 20256157 0
3 7312 rs9828619 71626123 1 0.00333095184904528 71626123 71626123 0
3 16459 rs3732595 183029331 2 -0.00329843991514091 183029331 183029331 0
3 9462 rs1438552 105062595 1 -0.00329382369226818 105062595 105062595 0
3 13151 rs6763515 143293348 2 -0.00328507955942804 143293348 143293348 0
3 8368 rs79233583 86052689 1 -0.00325736275183702 86052689 86052689 0
3 14510 rs340247 158601646 1 0.00324202594815289 158601646 158601646 0
3 17554 rs6763011 194066332 1 -0.00324157190190276 194066332 194066332 0
3 7264 rs9839462 70930264 1 0.00323080810588054 70930264 70930264 0
3 2747 rs6767354 23784303 2 -0.00318835010655328 23784303 23784303 0
3 2079 rs9824781 18800046 1 0.00318313092372936 18800046 18800046 0
3 12002 rs11923992 131190769 1 -0.00317472381530436 131190769 131190769 0
3 6452 rs949553 63543254 2 -0.00317265842356332 63543254 63543254 0
3 2789 rs7619754 24271599 1 0.00316830576878509 24271599 24271599 0
3 571 rs6762644 4742276 1 0.00316698651150905 4742276 4742276 0
3 6488 rs2292662 63897215 2 -0.00315361135550423 63897215 63897215 0
3 5733 rs4681977 57388346 1 -0.00315019000819978 57388346 57388346 0
3 6048 rs10510836 60288428 1 -0.00314955316121477 60288428 60288428 0
3 7373 rs9682388 72354566 2 0.00313900554748998 72354566 72354566 0
3 11318 rs624450 124165217 1 -0.00312917289578548 124165217 124165217 0
3 2043 rs7641175 18311412 1 0.00312229593365093 18311412 18311412 0
3 330 rs9942085 2697187 1 -0.00312178532546236 2697187 2697187 0
3 3739 rs4955145 32398383 1 -0.00311312802612059 32398383 32398383 0
3 3582 rs7641301 30906417 1 0.00309815024975046 30906417 30906417 0
3 415 rs7633914 3527685 2 0.00307850326803272 3527685 3527685 0
3 13496 rs4681394 147888040 1 -0.00306974395817102 147888040 147888040 0
3 15400 rs12631412 169262998 2 -0.00305635208990925 169262998 169262998 0
3 5828 rs6445975 58370177 2 0.00305270984082586 58370177 58370177 0
3 3830 rs12632512 33225343 1 -0.00303291245233275 33225343 33225343 0
3 9849 rs6807870 108950809 1 0.00302393988647608 108950809 108950809 0
3 11223 rs13094003 122680141 1 0.00301671319054244 122680141 122680141 0
3 4388 rs3772146 39448204 1 0.00299308979288003 39448204 39448204 0
3 3384 rs17023730 29535987 1 -0.00298057866822895 29535987 29535987 0
3 6137 rs1447927 60787599 1 0.00296064848825393 60787599 60787599 0
3 15753 rs9821957 173858380 1 0.00295487905106409 173858380 173858380 0
3 14358 rs7613866 156964032 1 -0.00295256988405797 156964032 156964032 0
3 2836 rs17015018 24708172 1 0.00293136057468282 24708172 24708172 0
3 9992 rs2634553 111050246 1 0.00292889261759255 111050246 111050246 0
3 432 rs4685669 3667994 1 -0.00292464573193561 3667994 3667994 0
3 7119 rs6549200 69373074 1 -0.0029163920805189 69373074 69373074 0
3 4319 rs11129806 38782737 1 0.00291382886329073 38782737 38782737 0
3 7803 rs17832529 78056120 1 -0.00289730897977511 78056120 78056120 0
3 12179 rs55825559 132221139 2 0.00289326996805248 132221139 132221139 0
3 602 rs3864055 5135571 1 -0.00288296925959448 5135571 5135571 0
3 2150 rs12636856 20136959 1 0.00288158542346326 20136959 20136959 0
3 14211 rs6806485 155370090 1 -0.00286585772189235 155370090 155370090 0
3 3491 rs4955316 30415612 1 0.00286072957857993 30415612 30415612 0
3 17617 rs12495970 194928138 1 0.00286028611368988 194928138 194928138 0
3 14521 rs340260 158634689 1 0.0028466173655707 158634689 158634689 0
3 7466 rs3213822 73540081 1 -0.00284020809266331 73540081 73540081 0
3 14636 rs4679904 160340896 2 0.00282998062021352 160340896 160340896 0
3 13782 rs3732765 151090424 2 0.00281791349071196 151090424 151090424 0
3 15416 rs7644900 169372156 1 0.00280249498113295 169372156 169372156 0
3 11350 rs621260 124352070 1 0.0027917063668346 124352070 124352070 0
3 3671 rs9681121 31664171 1 -0.00278767924902472 31664171 31664171 0
3 7234 rs1388436 70564274 1 -0.00278077528851222 70564274 70564274 0
3 17597 rs711993 194680000 1 -0.00277565058005656 194680000 194680000 0
3 8525 rs6809560 87983041 1 0.00275868067171032 87983041 87983041 0
3 6446 rs7642916 63484923 1 0.00275670550349005 63484923 63484923 0
3 2721 rs7610906 23494496 1 0.00274281843631736 23494496 23494496 0
3 14151 rs7614327 154291478 1 0.00273146598835947 154291478 154291478 0
3 16776 rs4407400 185870197 1 0.0027305850909176 185870197 185870197 0
3 4901 rs7644870 45830886 1 -0.00271289017504848 45830886 45830886 0
3 7706 rs4855997 77014498 2 0.00271238376690341 77014498 77014498 0
3 15513 rs6444952 170628770 1 0.00269070006538911 170628770 170628770 0
3 11224 rs9816759 122688170 2 -0.00268046483200907 122688170 122688170 0
3 9256 rs9811968 103307672 1 -0.00267843238539958 103307672 103307672 0
3 16902 rs35224605 187088923 1 0.00267790739163024 187088923 187088923 0
3 7508 rs13060404 73756870 1 0.00267517760124563 73756870 73756870 0
3 2099 rs9846656 19420687 1 0.0026602133372529 19420687 19420687 0
3 3511 rs973404 30594586 2 0.00265280512958864 30594586 30594586 0
3 17416 rs2049212 192020055 1 -0.00263910347796455 192020055 192020055 0
3 7357 rs4677092 72163948 2 0.0026299331489176 72163948 72163948 0
3 7741 rs9868442 77383950 1 -0.00262907060674157 77383950 77383950 0
3 17048 rs4686492 188436575 2 0.00261023930083416 188436575 188436575 0
3 1327 rs2574711 11667766 1 -0.00260068617754594 11667766 11667766 0
3 16073 rs4241484 177316085 1 -0.00259548072089552 177316085 177316085 0
3 8006 rs13082939 81612216 1 0.0025842541788539 81612216 81612216 0
3 1370 rs9822753 12075218 1 0.00257216358053951 12075218 12075218 0
3 11591 rs6791445 126142871 1 0.00256489468758523 126142871 126142871 0
3 596 rs908072 5041215 2 -0.00256196144933024 5041215 5041215 0
3 17259 rs6444462 190554485 2 0.00255800693658171 190554485 190554485 0
3 5546 rs511843 55552815 1 -0.00254335984228926 55552815 55552815 0
3 1941 rs6799397 16951768 2 0.00254042836573929 16951768 16951768 0
3 9262 rs1511650 103348210 1 -0.00254000304292544 103348210 103348210 0
3 4378 rs11710546 39306219 1 -0.0025382530003292 39306219 39306219 0
3 15870 rs6768672 174940266 2 0.00253441403005202 174940266 174940266 0
3 8640 rs6551407 89270605 1 0.0025310645390975 89270605 89270605 0
3 11681 rs3773142 127432605 1 0.0025295970201162 127432605 127432605 0
3 11729 rs7629415 128241100 1 -0.00252924750839965 128241100 128241100 0
3 14412 rs963354 157393770 2 0.00250853065904113 157393770 157393770 0
3 10427 rs6763869 115582838 1 0.00250750381347673 115582838 115582838 0
3 8968 rs12486836 99331072 1 0.00247862985568454 99331072 99331072 0
3 13740 rs7634663 150778251 1 0.00245635710811255 150778251 150778251 0
3 13652 rs12494839 149386105 1 0.00245612788271945 149386105 149386105 0
3 17026 rs16863233 188074777 1 0.00245146338386694 188074777 188074777 0
3 17540 rs1472075 193706323 2 -0.00244760686123641 193706323 193706323 0
3 4428 rs17067271 40003159 2 -0.00244514896021585 40003159 40003159 0
3 6383 rs9831668 62942458 2 -0.0024259323034958 62942458 62942458 0
3 8966 rs6440719 99328500 2 0.00241966862723325 99328500 99328500 0
3 13555 rs3772589 148574505 2 0.00240162975414267 148574505 148574505 0
3 7134 rs7635662 69421495 2 -0.00240132116526923 69421495 69421495 0
3 10588 rs6800555 117045006 2 -0.00239816385581137 117045006 117045006 0
3 3819 rs12631761 33201336 1 -0.00238475786783369 33201336 33201336 0
3 6158 rs11130802 60957450 1 -0.00237602594253505 60957450 60957450 0
3 2693 rs4547724 23187727 1 0.00233626299414903 23187727 23187727 0
3 13153 rs16853885 143310347 1 -0.00233457286260343 143310347 143310347 0
3 3909 rs997334 34545151 1 -0.00232910439807636 34545151 34545151 0
3 4810 rs3804583 44884647 1 -0.00232447697793396 44884647 44884647 0
3 17231 rs759783 190330777 1 -0.00232431021358482 190330777 190330777 0
3 12194 rs747328 132443661 2 0.00232357706955874 132443661 132443661 0
3 52 rs435917 286552 1 0.00232067209564936 286552 286552 0
3 9413 rs7432288 104652489 1 -0.00231377485349473 104652489 104652489 0
3 13102 rs990739 142926765 2 0.00230150990730321 142926765 142926765 0
3 381 rs7622674 3298121 1 -0.00229998530332856 3298121 3298121 0
3 9566 rs10511256 106091518 1 -0.0022959186391228 106091518 106091518 0
3 14557 rs9871574 159098996 2 0.00228873117126668 159098996 159098996 0
3 7381 rs9870697 72505316 1 0.00228494967193801 72505316 72505316 0
3 13489 rs6764882 147787204 2 -0.00228164241577715 147787204 147787204 0
3 12772 rs16849220 139348518 1 0.0022656277471233 139348518 139348518 0
3 8604 rs4368505 88978059 1 0.00225594744677381 88978059 88978059 0
3 14177 rs16824641 154876320 1 0.00224666290008886 154876320 154876320 0
3 11737 rs6798431 128303373 2 -0.00224375152152984 128303373 128303373 0
3 5517 rs6772225 55276518 1 0.00223790882671253 55276518 55276518 0
3 16489 rs7623174 183234142 1 -0.00223165300717256 183234142 183234142 0
3 14433 rs10513518 157531347 1 -0.00223085033573212 157531347 157531347 0
3 4056 rs9311120 35926289 1 0.00220941001002022 35926289 35926289 0
3 5365 rs12629593 54104178 1 0.00219481872033919 54104178 54104178 0
3 275 rs1868218 2309379 2 -0.00219197965121841 2309379 2309379 0
3 15417 rs16854335 169461571 1 0.0021840773944547 169461571 169461571 0
3 6228 rs1320232 61661311 1 -0.00218272058352672 61661311 61661311 0
3 1014 rs165172 8616128 1 -0.00218016467701442 8616128 8616128 0
3 278 rs1720201 2338231 1 -0.00217212168609237 2338231 2338231 0
3 13561 rs4681161 148609045 1 0.0021688806233834 148609045 148609045 0
3 8970 rs9882045 99341249 1 -0.00215883754130278 99341249 99341249 0
3 16235 rs7641889 178886609 1 0.00215261748882028 178886609 178886609 0
3 10453 rs2199349 115908480 1 -0.0021488492326151 115908480 115908480 0
3 8781 rs1507383 96516039 1 -0.00214710824134921 96516039 96516039 0
3 13350 rs6791029 145684438 1 -0.00214692637467226 145684438 145684438 0
3 13711 rs9784335 150159767 1 -0.00214204521521401 150159767 150159767 0
3 14254 rs819867 155723064 1 0.00213294075352295 155723064 155723064 0
3 13951 rs6773552 152515862 1 0.00211424951800425 152515862 152515862 0
3 2845 rs4585139 24748506 1 -0.00211202684818787 24748506 24748506 0
3 7481 rs12486279 73699523 1 0.00211074791164458 73699523 73699523 0
3 17438 rs9843820 192238709 1 -0.00209681155757845 192238709 192238709 0
3 17680 rs11919443 196048895 1 0.00208485548240595 196048895 196048895 0
3 16241 rs1607237 178950297 2 0.00207804708249677 178950297 178950297 0
3 15909 rs6764422 175285857 2 0.00207168093413364 175285857 175285857 0
3 6231 rs648546 61727718 1 -0.00205307891284393 61727718 61727718 0
3 13349 rs1553977 145660362 1 0.00204336565483408 145660362 145660362 0
3 15591 rs4894786 171645174 1 -0.00203925443580859 171645174 171645174 0
3 7767 rs10779982 77678306 2 0.00203897993273658 77678306 77678306 0
3 4907 rs2236938 45938939 1 -0.00203282629867485 45938939 45938939 0
3 581 rs9831960 4802573 2 -0.00202981439547106 4802573 4802573 0
3 869 rs983255 7555753 1 -0.00202887243565789 7555753 7555753 0
3 7588 rs6767471 74577921 1 0.00201796306852776 74577921 74577921 0
3 982 rs13318406 8212656 1 0.00201016810163155 8212656 8212656 0
3 1970 rs6762816 17083709 1 -0.00200949203082675 17083709 17083709 0
3 10766 rs4449310 118799682 1 -0.00200755270452067 118799682 118799682 0
3 3523 rs1155705 30686414 1 0.00198627517199941 30686414 30686414 0
3 13787 rs765281 151115991 1 0.00198103307045609 151115991 151115991 0
3 6556 rs9826722 64316392 1 -0.00197114083136893 64316392 64316392 0
3 14014 rs16822470 152987718 2 0.00196363473459693 152987718 152987718 0
3 3490 rs1495591 30414405 1 -0.00196005558478841 30414405 30414405 0
3 14956 rs9872873 163665217 1 0.0019570984274912 163665217 163665217 0
3 10861 rs2247660 119334986 1 0.00195629215208606 119334986 119334986 0
3 14240 rs3804769 155571275 1 -0.00195427320357615 155571275 155571275 0
3 121 rs9823491 1218279 1 -0.00194898367690276 1218279 1218279 0
3 17290 rs6793890 190881904 1 -0.00194476882952597 190881904 190881904 0
3 3806 rs4679074 33082656 1 0.00194339250437782 33082656 33082656 0
3 6972 rs7642515 67908896 1 0.00193829543742559 67908896 67908896 0
3 9175 rs11720464 101968917 1 0.00193303790459315 101968917 101968917 0
3 7369 rs4677138 72347479 1 0.00192723200681534 72347479 72347479 0
3 911 rs11719723 7897220 1 -0.00192252778838957 7897220 7897220 0
3 14121 rs357473 153895147 1 0.00190683561967145 153895147 153895147 0
3 8809 rs831882 97630426 1 -0.00190553397717201 97630426 97630426 0
3 4781 rs1404481 44006666 1 -0.0019022824789899 44006666 44006666 0
3 7354 rs10746538 72126831 1 0.00188223661067375 72126831 72126831 0
3 12451 rs11928139 135045517 2 0.00187709144479049 135045517 135045517 0
3 10242 rs11706932 112923015 2 0.00186766246043571 112923015 112923015 0
3 149 rs17038909 1467145 1 -0.00185954016522598 1467145 1467145 0
3 10741 rs12486625 118588401 1 0.00185024151267332 118588401 118588401 0
3 3148 rs6770919 27817956 1 -0.00184732983218063 27817956 27817956 0
3 7764 rs10514734 77604690 1 -0.00184649325830039 77604690 77604690 0
3 8904 rs2119187 98594499 1 -0.00184222760467036 98594499 98594499 0
3 864 rs1868616 7505487 2 -0.00183934054672285 7505487 7505487 0
3 3176 rs669607 28071444 2 0.00183303428901681 28071444 28071444 0
3 10805 rs7650193 119034756 2 -0.00183272874142425 119034756 119034756 0
3 383 rs3914769 3304982 1 0.00183105637980003 3304982 3304982 0
3 14362 rs6769530 157029522 1 -0.00182986106619585 157029522 157029522 0
3 10222 rs11712319 112838631 1 -0.0018287115819325 112838631 112838631 0
3 18 rs17050452 149179 1 -0.0018215665386002 149179 149179 0
3 3813 rs4074418 33161165 1 -0.0018150061067751 33161165 33161165 0
3 15385 rs7652987 169198024 1 -0.00181480511919224 169198024 169198024 0
3 6630 rs6784720 64867724 1 -0.00180798150250168 64867724 64867724 0
3 4939 rs883740 46538515 1 0.00180112935459301 46538515 46538515 0
3 13039 rs28910271 142269075 1 0.00179351327360702 142269075 142269075 0
3 12545 rs4678285 136781083 1 0.00178224989358916 136781083 136781083 0
3 9854 rs2699975 108970719 2 0.00178083014491134 108970719 108970719 0
3 7325 rs6549411 71880648 2 0.00177978942355327 71880648 71880648 0
3 3481 rs1002661 30388919 1 0.00176157200692508 30388919 30388919 0
3 1570 rs2227999 14199908 1 0.00175083530184114 14199908 14199908 0
3 3508 rs7616969 30590213 2 0.00175016596063577 30590213 30590213 0
3 13650 rs7616812 149365500 1 0.0017496314192657 149365500 149365500 0
3 16994 rs9843063 187719473 1 -0.00174674299353101 187719473 187719473 0
3 2703 rs6799137 23214269 1 0.00173322823703863 23214269 23214269 0
3 15630 rs493789 172131456 1 0.00172740111831606 172131456 172131456 0
3 16982 rs2248422 187668469 1 -0.00172085595897172 187668469 187668469 0
3 595 rs11130215 5026008 1 -0.00171095492261385 5026008 5026008 0
3 13128 rs9849797 143129061 1 0.00171057395906464 143129061 143129061 0
3 7993 rs9853372 81481169 2 0.00170325666877537 81481169 81481169 0
3 9940 rs16856946 110210285 1 -0.00170276783632689 110210285 110210285 0
3 7309 rs9828629 71530346 1 -0.00169848841609351 71530346 71530346 0
3 11416 rs59232004 124738107 2 -0.00169773936223063 124738107 124738107 0
3 2706 rs6550742 23226298 1 -0.00168378399323838 23226298 23226298 0
3 15390 rs12630817 169232522 1 0.00168243760050656 169232522 169232522 0
3 17522 rs533857 193527389 1 0.0016814825211556 193527389 193527389 0
3 5947 rs17358517 59685732 1 0.00167791037692983 59685732 59685732 0
3 2949 rs12497123 25388313 2 -0.00167604152256235 25388313 25388313 0
3 2268 rs4292253 20605302 2 0.00167222110854866 20605302 20605302 0
3 4284 rs3922844 38624253 1 -0.00167047525322413 38624253 38624253 0
3 999 rs11718095 8495335 1 0.00166677228868268 8495335 8495335 0
3 16446 rs580116 182872446 1 0.00165614156778365 182872446 182872446 0
3 14874 rs9682116 162486664 1 0.00164524758355363 162486664 162486664 0
3 8817 rs1492030 97697528 2 0.00162099006974859 97697528 97697528 0
3 4448 rs13326962 40087181 1 0.00161604907446596 40087181 40087181 0
3 2461 rs4858007 21753272 1 -0.00161397234955054 21753272 21753272 0
3 3768 rs164214 32498154 1 -0.00161350917663618 32498154 32498154 0
3 11319 rs555540 124166965 1 -0.00161296623678359 124166965 124166965 0
3 1491 rs895752 13270827 1 -0.00160708327680277 13270827 13270827 0
3 4696 rs4396867 42870395 1 -0.00160511427221544 42870395 42870395 0
3 13797 rs2172248 151174010 1 0.00160372023032186 151174010 151174010 0
3 8434 rs725579 86603154 1 -0.00160288408848242 86603154 86603154 0
3 8577 rs963736 88659709 1 -0.00159958659391659 88659709 88659709 0
3 3991 rs17693703 35334398 1 0.0015981933192185 35334398 35334398 0
3 11136 rs9985440 122010681 1 -0.00159092446459338 122010681 122010681 0
3 17057 rs9861473 188566306 1 -0.00158950617848871 188566306 188566306 0
3 6529 rs696018 64184956 1 -0.00158818247908912 64184956 64184956 0
3 16516 rs1378909 183545750 1 0.00158404966413845 183545750 183545750 0
3 11003 rs373188 120511490 1 0.00158150819651025 120511490 120511490 0
3 948 rs6443145 7986779 1 -0.00157786940399334 7986779 7986779 0
3 5760 rs6766895 57475764 2 -0.00157366839466071 57475764 57475764 0
3 9602 rs4895039 106523235 1 0.00157142681753082 106523235 106523235 0
3 3611 rs7614625 31105718 1 -0.00157047567882734 31105718 31105718 0
3 9478 rs16851279 105266274 2 -0.0015700502607464 105266274 105266274 0
3 13547 rs6803439 148510797 1 -0.00156988716409177 148510797 148510797 0
3 16504 rs17621407 183393037 1 0.00156702406023741 183393037 183393037 0
3 3728 rs9835916 32343840 2 0.0015664427764036 32343840 32343840 0
3 11743 rs1126828 128344786 1 0.00155961042450389 128344786 128344786 0
3 4675 rs146063264 42599171 1 0.00155285026760889 42599171 42599171 0
3 10743 rs1402578 118594133 1 -0.00155232712798619 118594133 118594133 0
3 3725 rs13317353 32316115 2 -0.00154905315203322 32316115 32316115 0
3 9204 rs12330616 102424474 1 -0.0015440299509585 102424474 102424474 0
3 5590 rs1007155 56035242 1 -0.00152670422420742 56035242 56035242 0
3 7082 rs6785239 69001402 1 -0.00152566525555694 69001402 69001402 0
3 11146 rs3749213 122133830 2 -0.00151797512487148 122133830 122133830 0
3 3445 rs966357 30114021 1 0.00151327472665596 30114021 30114021 0
3 2760 rs4589882 24000496 1 0.00151235990498588 24000496 24000496 0
3 12223 rs9862640 132642209 1 -0.00150115337719674 132642209 132642209 0
3 2704 rs3922891 23217338 1 -0.00150021341111505 23217338 23217338 0
3 16979 rs7651910 187655626 1 -0.00149739701103224 187655626 187655626 0
3 15515 rs7645615 170648237 2 -0.00149558527571178 170648237 170648237 0
3 6200 rs11716449 61454724 1 0.00149317254896703 61454724 61454724 0
3 1696 rs6442494 15081352 1 0.00149007871131364 15081352 15081352 0
3 1940 rs1348109 16949514 1 -0.00148127362188208 16949514 16949514 0
3 16694 rs2269228 184930238 1 -0.0014799593335342099 184930238 184930238 0
3 14826 rs12488584 162159287 1 0.00147318275326794 162159287 162159287 0
3 7220 rs9870891 70374190 1 -0.00146917799334006 70374190 70374190 0
3 10828 rs13078312 119174538 1 -0.00146806054052655 119174538 119174538 0
3 3471 rs1433994 30272520 1 -0.00146767093311054 30272520 30272520 0
3 15994 rs1490051 176407064 1 -0.00146361865842821 176407064 176407064 0
3 978 rs6796806 8195676 1 0.00146121230160767 8195676 8195676 0
3 1968 rs7652293 17077731 1 0.00146033335230281 17077731 17077731 0
3 469 rs1561801 3850233 2 0.00145456248458519 3850233 3850233 0
3 5839 rs4681875 58595823 1 0.00144990001599022 58595823 58595823 0
3 5691 rs1392702 56833979 1 0.00144250088230484 56833979 56833979 0
3 5099 rs4855882 49715354 1 -0.00144240022143784 49715354 49715354 0
3 13103 rs4839629 142927446 1 0.00143445708357569 142927446 142927446 0
3 414 rs7641428 3527638 1 0.00142601000231456 3527638 3527638 0
3 7632 rs7627309 76418463 1 -0.00141598910733368 76418463 76418463 0
3 3825 rs4678497 33213119 1 -0.00141283724459207 33213119 33213119 0
3 15586 rs3843979 171533283 1 -0.00141133788751565 171533283 171533283 0
3 14499 rs187345 158578044 1 -0.00140771895685933 158578044 158578044 0
3 17708 rs35430440 196807928 1 -0.00140550938126733 196807928 196807928 0
3 1455 rs7626624 12806123 1 0.00139715388775468 12806123 12806123 0
3 14366 rs16827528 157078151 1 0.00138805558068458 157078151 157078151 0
3 5227 rs10510759 52607288 1 -0.00138145444459217 52607288 52607288 0
3 7235 rs7627684 70575898 1 -0.00137938145960268 70575898 70575898 0
3 16264 rs713177 179247616 1 -0.00136380576820783 179247616 179247616 0
3 9982 rs2958089 111001016 2 -0.0013579035069241 111001016 111001016 0
3 4391 rs10510701 39466445 1 -0.00135722359593488 39466445 39466445 0
3 4458 rs939075 40165048 1 0.00135597582576991 40165048 40165048 0
3 16761 rs9840713 185682129 1 0.00135520351387398 185682129 185682129 0
3 13094 rs3755740 142836966 1 0.0013507543832464 142836966 142836966 0
3 13310 rs9834043 145370402 1 -0.00135048235903599 145370402 145370402 0
3 11749 rs9831813 128478542 1 -0.00134985303073878 128478542 128478542 0
3 16762 rs6768604 185704345 1 -0.00134877892438296 185704345 185704345 0
3 3419 rs3773108 29800913 2 0.00134793926043289 29800913 29800913 0
3 11637 rs12495245 126992473 2 0.00134497220105719 126992473 126992473 0
3 16734 rs17826758 185431283 1 -0.00134271825177736 185431283 185431283 0
3 17311 rs150503 191020976 2 -0.00134023716137293 191020976 191020976 0
3 3733 rs9875310 32348195 2 -0.00133872378084592 32348195 32348195 0
3 6386 rs6770985 63006593 1 -0.00133438408089124 63006593 63006593 0
3 16980 rs2889879 187657216 1 -0.00133359650396693 187657216 187657216 0
3 5813 rs10470697 58165233 1 -0.00132820546635262 58165233 58165233 0
3 11096 rs12106790 121767054 1 -0.00132550594836908 121767054 121767054 0
3 15648 rs3136601 172226240 2 0.00132462495467246 172226240 172226240 0
3 3166 rs6781471 28011628 1 -0.00132456154529052 28011628 28011628 0
3 7226 rs9833791 70453579 1 0.00132449079530657 70453579 70453579 0
3 4240 rs9840792 38106932 2 -0.00132178070542541 38106932 38106932 0
3 12429 rs10512944 134898344 1 -0.00132161030979594 134898344 134898344 0
3 473 rs17037518 3885609 1 0.00132085463202306 3885609 3885609 0
3 8580 rs7629888 88670359 1 -0.00131451072244322 88670359 88670359 0
3 17074 rs6765588 188916053 1 0.00130537808550361 188916053 188916053 0
3 14185 rs10513474 155012313 1 -0.00129424494742179 155012313 155012313 0
3 5920 rs7615380 59570968 1 -0.00129378207099318 59570968 59570968 0
3 15592 rs13064045 171652849 1 -0.00129285460939731 171652849 171652849 0
3 8101 rs7632237 82720444 1 0.00128969677533295 82720444 82720444 0
3 15806 rs9812312 174152030 1 0.00128894278776799 174152030 174152030 0
3 16719 rs12632248 185139913 1 -0.00128624601744807 185139913 185139913 0
3 17396 rs1014940 191748772 1 0.00128618364321646 191748772 191748772 0
3 10156 rs2131008 112250419 1 -0.00128120584509151 112250419 112250419 0
3 16327 rs9864534 180029338 1 -0.00128065455111487 180029338 180029338 0
3 7626 rs4856011 76225482 1 0.00126971888007793 76225482 76225482 0
3 7776 rs11922844 77742421 1 0.0012663933681812 77742421 77742421 0
3 15647 rs9859259 172223141 2 0.0012523609828666 172223141 172223141 0
3 7737 rs9309765 77334932 1 -0.0012509338185386 77334932 77334932 0
3 6347 rs1506746 62704180 2 0.00125030355126544 62704180 62704180 0
3 7304 rs7644066 71382085 1 0.00124966966191097 71382085 71382085 0
3 7994 rs17018940 81502116 1 -0.00124748992470057 81502116 81502116 0
3 10758 rs39688 118742848 2 0.00124735757822139 118742848 118742848 0
3 7516 rs3856583 73788701 1 -0.0012430180140732 73788701 73788701 0
3 15315 rs974942 168746694 1 -0.00123867983000101 168746694 168746694 0
3 268 rs1153535 2254736 2 -0.00123751272207815 2254736 2254736 0
3 4796 rs4682933 44091635 1 -0.00123703817598616 44091635 44091635 0
3 8716 rs7620512 95146114 1 -0.00122733015349857 95146114 95146114 0
3 6346 rs6445293 62703006 2 0.00122677363003446 62703006 62703006 0
3 3443 rs950752 30109355 1 -0.00122595226500503 30109355 30109355 0
3 9386 rs6437523 104289464 1 -0.00122505911998907 104289464 104289464 0
3 3559 rs6805101 30831150 1 -0.00120975954037643 30831150 30831150 0
3 8 rs9311804 121226 1 -0.00120927624257233 121226 121226 0
3 15669 rs6799845 172591359 2 0.00120186423820548 172591359 172591359 0
3 14322 rs13070271 156577669 1 -0.00119624716376512 156577669 156577669 0
3 4462 rs12486603 40195302 1 0.00119556044689538 40195302 40195302 0
3 2826 rs9878606 24633038 1 0.00119479590861231 24633038 24633038 0
3 11993 rs3749393 131082393 1 0.0011933471096863 131082393 131082393 0
3 2077 rs9284846 18790702 1 0.00119146472519693 18790702 18790702 0
3 16215 rs4078054 178506277 1 -0.00118983572600104 178506277 178506277 0
3 5238 rs6976 52728804 1 -0.00118762066295101 52728804 52728804 0
3 10034 rs3922703 111501097 1 -0.00118659106432711 111501097 111501097 0
3 9860 rs9876733 109002032 1 -0.00118657788811896 109002032 109002032 0
3 757 rs421862 6499468 1 -0.00118121017876612 6499468 6499468 0
3 9948 rs1473828 110360918 1 -0.0011720303265968 110360918 110360918 0
3 15889 rs10460885 175180353 1 0.00116876719773102 175180353 175180353 0
3 613 rs10510302 5408302 1 -0.00116642114036186 5408302 5408302 0
3 2814 rs9852824 24422989 1 -0.00116329025865658 24422989 24422989 0
3 10192 rs4682123 112597706 1 0.00116286162975629 112597706 112597706 0
3 1266 rs6442216 11004944 1 0.00115891979384817 11004944 11004944 0
3 9499 rs9876767 105449793 1 -0.00115123287119408 105449793 105449793 0
3 1944 rs1441039 16959319 1 0.00115118128566336 16959319 16959319 0
3 3245 rs922290 28758697 1 0.00115040067101489 28758697 28758697 0
3 16490 rs12496193 183236106 1 -0.00114617762182978 183236106 183236106 0
3 12281 rs517255 133118054 1 0.00114362866864287 133118054 133118054 0
3 9445 rs9863924 104773065 1 0.00114281064812593 104773065 104773065 0
3 8078 rs7429328 82542364 1 0.00114259469556843 82542364 82542364 0
3 14040 rs3732619 153202348 1 -0.00113970776096119 153202348 153202348 0
3 16097 rs7634430 177474472 1 -0.0011374844086879 177474472 177474472 0
3 15002 rs9831395 164553575 1 -0.00113612521079022 164553575 164553575 0
3 16323 rs1404743 179873285 1 0.00113109811976837 179873285 179873285 0
3 13616 rs4405858 149178661 1 0.00113047336678696 149178661 149178661 0
3 13261 rs7433098 144815506 1 -0.00112926687818809 144815506 144815506 0
3 16371 rs9840545 181484270 1 0.00111836264895151 181484270 181484270 0
3 6765 rs9823801 65952671 1 0.00111139693699127 65952671 65952671 0
3 3326 rs11129360 29371836 1 0.00111019340427677 29371836 29371836 0
3 10026 rs6784441 111478337 1 0.00110636699087714 111478337 111478337 0
3 1309 rs6794414 11635778 1 0.00110518991136883 11635778 11635778 0
3 16101 rs13322501 177593124 1 0.00110240340392757 177593124 177593124 0
3 5823 rs13094898 58290143 1 -0.0010990105672259 58290143 58290143 0
3 5836 rs4511910 58590284 1 0.0010958491909127 58590284 58590284 0
3 14728 rs16832376 161164355 1 -0.00109001118000345 161164355 161164355 0
3 11453 rs9833435 124926054 1 -0.00108909236364776 124926054 124926054 0
3 13567 rs67572210 148673739 1 0.00108660497621024 148673739 148673739 0
3 3549 rs6783574 30775466 1 -0.00108448045728547 30775466 30775466 0
3 2876 rs10510553 24966768 1 0.00108173962334608 24966768 24966768 0
3 7095 rs9809889 69087412 1 0.00107948369053785 69087412 69087412 0
3 17732 rs6788537 197161849 1 -0.00107948091784235 197161849 197161849 0
3 9489 rs2053627 105304484 1 -0.00107764235470709 105304484 105304484 0
3 6349 rs1561336 62704650 1 -0.00107469692424573 62704650 62704650 0
3 14509 rs340251 158599864 1 0.00107021202911621 158599864 158599864 0
3 2996 rs1465520 25980046 1 -0.0010675624371824 25980046 25980046 0
3 15752 rs7619523 173850819 1 0.00106188048577655 173850819 173850819 0
3 3169 rs12632457 28020552 1 0.0010596654713604 28020552 28020552 0
3 11451 rs6801517 124918879 1 -0.0010578938627061 124918879 124918879 0
3 16981 rs2590453 187667808 1 0.0010564462895558 187667808 187667808 0
3 8741 rs7615218 95773241 1 0.00105613925713495 95773241 95773241 0
3 13204 rs7631704 143690416 1 -0.00105601639506079 143690416 143690416 0
3 1375 rs308971 12116620 1 0.00104952832067422 12116620 12116620 0
3 9913 rs9882207 109936074 1 -0.00104695226489169 109936074 109936074 0
3 8474 rs1497418 87176414 1 0.00104369026336442 87176414 87176414 0
3 5044 rs12107418 48689787 1 0.00103878381196852 48689787 48689787 0
3 6898 rs1490271 67345223 1 0.00102448145611974 67345223 67345223 0
3 8761 rs4857185 95912089 1 0.00101865014712679 95912089 95912089 0
3 5674 rs10510787 56657257 1 0.00101680511430438 56657257 56657257 0
3 328 rs1479544 2687527 1 -0.00101497572538706 2687527 2687527 0
3 11015 rs390950 120583633 1 0.00101442680914656 120583633 120583633 0
3 15971 rs12489250 176048311 1 0.00101425448872128 176048311 176048311 0
3 14897 rs16855005 162678550 1 -0.00101267624256827 162678550 162678550 0
3 14145 rs1160335 154258918 1 0.00101253309599142 154258918 154258918 0
3 14033 rs7651209 153174119 1 -0.00100450923709925 153174119 153174119 0
3 10478 rs1712999 116131936 1 0.00100071936775925 116131936 116131936 0
3 10337 rs7615798 114274333 1 9.980959093934022e-4 114274333 114274333 0
3 2479 rs12633231 21807679 1 9.945101859274376e-4 21807679 21807679 0
3 7963 rs17018517 81148588 1 9.941419166266505e-4 81148588 81148588 0
3 15908 rs4243412 175282048 1 9.931912919345642e-4 175282048 175282048 0
3 6162 rs12108196 61042317 1 9.931064218317224e-4 61042317 61042317 0
3 1544 rs729639 13826854 1 9.902037786118372e-4 13826854 13826854 0
3 13592 rs9827666 148962041 1 9.895133259811427e-4 148962041 148962041 0
3 13739 rs1703802 150748151 1 9.875229280181072e-4 150748151 150748151 0
3 3525 rs13081020 30687969 1 9.797673453032592e-4 30687969 30687969 0
3 6498 rs3816157 63999322 1 -9.706341640350038e-4 63999322 63999322 0
3 16379 rs6788528 181932928 1 -9.669147006150808e-4 181932928 181932928 0
3 17070 rs7625652 188881548 1 9.667648360305628e-4 188881548 188881548 0
3 9811 rs12497925 108612271 1 9.65471084530564e-4 108612271 108612271 0
3 16246 rs10936997 178985197 1 9.641921214938364e-4 178985197 178985197 0
3 10062 rs7645666 111631591 1 -9.62922359513738e-4 111631591 111631591 0
3 17100 rs9863664 189220896 1 -9.611601306388238e-4 189220896 189220896 0
3 8461 rs6763673 87087385 1 -9.59921539190498e-4 87087385 87087385 0
3 15307 rs4955628 168714015 1 -9.5962509145455e-4 168714015 168714015 0
3 7451 rs7619189 73363151 1 9.572343496840996e-4 73363151 73363151 0
3 8793 rs12489864 97322741 1 9.551538023224508e-4 97322741 97322741 0
3 13037 rs7618253 142222584 1 9.542801479027964e-4 142222584 142222584 0
3 7391 rs8179915 72663045 1 9.536535237880922e-4 72663045 72663045 0
3 6748 rs1495453 65762547 2 -9.534656339521196e-4 65762547 65762547 0
3 13298 rs2695775 145287372 1 -9.522269456811432e-4 145287372 145287372 0
3 3510 rs7613005 30594168 1 9.505676364853368e-4 30594168 30594168 0
3 6047 rs13317933 60283702 1 9.495439892641988e-4 60283702 60283702 0
3 9573 rs12637225 106132701 1 -9.428770802529096e-4 106132701 106132701 0
3 17728 rs13099091 197121593 1 9.359949742517066e-4 197121593 197121593 0
3 1479 rs11719364 13192364 2 9.359948511172144e-4 13192364 13192364 0
3 13722 rs144597450 150398311 1 9.34711192455412e-4 150398311 150398311 0
3 9271 rs6803099 103394499 1 -9.2498920594741e-4 103394499 103394499 0
3 13321 rs3863994 145484110 1 -9.230366046565408e-4 145484110 145484110 0
3 4931 rs11711054 46345611 1 -9.192404128493948e-4 46345611 46345611 0
3 11082 rs3817599 121659197 1 -9.162480634162368e-4 121659197 121659197 0
3 15611 rs6445047 171937014 1 9.157813279648324e-4 171937014 171937014 0
3 7393 rs17010036 72678769 1 9.152779930329052e-4 72678769 72678769 0
3 14233 rs358733 155485302 1 9.133786228982276e-4 155485302 155485302 0
3 13778 rs7615865 151073033 1 -9.102823708398934e-4 151073033 151073033 0
3 4811 rs3804580 44892033 1 -8.889746093713888e-4 44892033 44892033 0
3 9671 rs2049339 107471699 1 -8.860800284097228e-4 107471699 107471699 0
3 2909 rs13327067 25105266 1 8.840008941760566e-4 25105266 25105266 0
3 11657 rs4637240 127150025 2 -8.829810516043876e-4 127150025 127150025 0
3 11188 rs1266994 122412755 1 8.818439200126589e-4 122412755 122412755 0
3 4241 rs10049291 38107017 1 -8.788001368757985e-4 38107017 38107017 0
3 1810 rs2730351 16215900 1 -8.742668313745913e-4 16215900 16215900 0
3 2791 rs7636335 24280948 1 -8.729994838298047e-4 24280948 24280948 0
3 16617 rs1687230 184003194 2 8.720019951381432e-4 184003194 184003194 0
3 16320 rs6806193 179778368 1 8.710207276709811e-4 179778368 179778368 0
3 69 rs1531913 565961 1 8.692921383304783e-4 565961 565961 0
3 14315 rs344045 156481051 1 -8.690598411388065e-4 156481051 156481051 0
3 10774 rs10049288 118864912 1 -8.596071939455764e-4 118864912 118864912 0
3 4416 rs4676449 39828262 1 -8.573133498336091e-4 39828262 39828262 0
3 10186 rs6773083 112536584 1 8.569130905379359e-4 112536584 112536584 0
3 2997 rs2114456 25984884 1 -8.557681468858667e-4 25984884 25984884 0
3 11325 rs9859074 124222935 1 8.53270836820418e-4 124222935 124222935 0
3 9604 rs939452 106529642 1 8.457683518482449e-4 106529642 106529642 0
3 4125 rs1879545 36596036 1 8.455095787115108e-4 36596036 36596036 0
3 363 rs9837045 3069773 1 -8.447396536822426e-4 3069773 3069773 0
3 13983 rs1464593 152737318 1 8.421406799554044e-4 152737318 152737318 0
3 2315 rs958635 21072043 1 -8.377531520813901e-4 21072043 21072043 0
3 15310 rs13089423 168726724 1 8.370944273168738e-4 168726724 168726724 0
3 272 rs4685500 2264609 1 -8.352737872576625e-4 2264609 2264609 0
3 16857 rs9290841 186666546 1 8.342192724043041e-4 186666546 186666546 0
3 2779 rs6769403 24148622 1 8.340131330227321e-4 24148622 24148622 0
3 14862 rs12492947 162396246 1 -8.319747604389657e-4 162396246 162396246 0
3 6454 rs6445360 63548380 1 -8.312532775683144e-4 63548380 63548380 0
3 4174 rs36068826 37151157 1 8.307651366491177e-4 37151157 37151157 0
3 8588 rs6419880 88756407 1 -8.307073913355343e-4 88756407 88756407 0
3 13737 rs9840169 150721400 1 8.252353678994285e-4 150721400 150721400 0
3 3167 rs11710076 28014302 1 -8.215904178285282e-4 28014302 28014302 0
3 13610 rs1918124 149088062 1 -8.161996968969875e-4 149088062 149088062 0
3 1729 rs6782980 15499713 1 -8.133509476977585e-4 15499713 15499713 0
3 14541 rs10936176 158943008 1 -8.127443174695212e-4 158943008 158943008 0
3 9373 rs2673468 104178878 1 -8.114911996005185e-4 104178878 104178878 0
3 2056 rs1513755 18530979 1 8.11209886093117e-4 18530979 18530979 0
3 13823 rs12630593 151374176 1 7.991629113420278e-4 151374176 151374176 0
3 11682 rs3773146 127435191 1 7.97200848924144e-4 127435191 127435191 0
3 433 rs11713638 3671084 1 -7.952469132013543e-4 3671084 3671084 0
3 16967 rs10049107 187592796 1 7.906205163171941e-4 187592796 187592796 0
3 1270 rs1062246 11080169 1 -7.877971256192538e-4 11080169 11080169 0
3 5880 rs7372490 59367296 1 7.85276350521305e-4 59367296 59367296 0
3 3127 rs2643823 27646114 1 7.83592208227437e-4 27646114 27646114 0
3 3817 rs61743461 33195309 1 7.815118469117135e-4 33195309 33195309 0
3 12994 rs36009541 141535558 1 7.80037610795745e-4 141535558 141535558 0
3 12193 rs2369832 132437390 1 7.791131238597665e-4 132437390 132437390 0
3 605 rs12493379 5310024 1 -7.744087432522117e-4 5310024 5310024 0
3 2460 rs957590 21752155 1 7.726920214623028e-4 21752155 21752155 0
3 3391 rs35911 29573549 1 -7.726673266362473e-4 29573549 29573549 0
3 17030 rs9851525 188152306 1 7.719499685969913e-4 188152306 188152306 0
3 8937 rs2700586 99094790 1 -7.714715473743993e-4 99094790 99094790 0
3 16517 rs10937152 183552998 1 7.683752928484821e-4 183552998 183552998 0
3 17515 rs34307082 193336676 1 -7.66448380375916e-4 193336676 193336676 0
3 13741 rs6440717 150792444 1 7.651349522364433e-4 150792444 150792444 0
3 1265 rs7642251 11004257 1 7.627982512784324e-4 11004257 11004257 0
3 3654 rs1353327 31502960 1 7.609131515596897e-4 31502960 31502960 0
3 10606 rs9289087 117438965 1 -7.605206948813515e-4 117438965 117438965 0
3 11950 rs16830494 130361856 1 -7.59991790655868e-4 130361856 130361856 0
3 4329 rs4420804 38812708 2 7.592231117331646e-4 38812708 38812708 0
3 8940 rs1481544 99113228 1 7.57019359343373e-4 99113228 99113228 0
3 11650 rs4247199 127103555 1 7.530865899613574e-4 127103555 127103555 0
3 7078 rs7609906 68965552 1 -7.52015612432755e-4 68965552 68965552 0
3 15728 rs7640492 173514219 1 -7.498172203151693e-4 173514219 173514219 0
3 6881 rs6805111 67095678 1 -7.493307845530891e-4 67095678 67095678 0
3 3515 rs4955245 30632802 1 -7.487544703477479e-4 30632802 30632802 0
3 17339 rs440266 191129438 1 -7.475087099699769e-4 191129438 191129438 0
3 4263 rs171248 38363393 1 7.464302316555977e-4 38363393 38363393 0
3 16624 rs111656822 184070901 1 -7.462127419145422e-4 184070901 184070901 0
3 252 rs9878112 2074515 1 7.457436863401097e-4 2074515 2074515 0
3 5555 rs1495360 55760165 1 -7.452701349396145e-4 55760165 55760165 0
3 1630 rs7610741 14506503 1 7.446560910107239e-4 14506503 14506503 0
3 7307 rs7617596 71521494 1 -7.423293453847344e-4 71521494 71521494 0
3 7183 rs6777363 69843971 1 7.400338554862183e-4 69843971 69843971 0
3 6922 rs4377498 67474874 1 -7.37855850576811e-4 67474874 67474874 0
3 2736 rs17013457 23590068 1 -7.338472159191926e-4 23590068 23590068 0
3 17221 rs1559018 190297083 1 -7.304399660291167e-4 190297083 190297083 0
3 2084 rs9832559 18847711 1 -7.301133426027885e-4 18847711 18847711 0
3 8876 rs6797035 98281078 1 7.290789632673044e-4 98281078 98281078 0
3 788 rs4686090 6747535 1 -7.255836610249543e-4 6747535 6747535 0
3 13367 rs9289713 145824025 2 7.215414869111925e-4 145824025 145824025 0
3 16775 rs3732940 185867637 1 7.211229135680677e-4 185867637 185867637 0
3 5486 rs3773559 55062415 1 -7.204602081911484e-4 55062415 55062415 0
3 16035 rs6784900 176647385 2 7.183731212858308e-4 176647385 176647385 0
3 2060 rs336610 18650015 1 -7.157468025573148e-4 18650015 18650015 0
3 1850 rs4685330 16417485 1 7.155323706455394e-4 16417485 16417485 0
3 7612 rs1527529 74841608 1 7.14519914501529e-4 74841608 74841608 0
3 1662 rs4685211 14745383 2 7.127978883972224e-4 14745383 14745383 0
3 16520 rs12638094 183565559 1 -7.124831648940688e-4 183565559 183565559 0
3 13116 rs7619769 143090003 1 7.064539282985209e-4 143090003 143090003 0
3 12921 rs2871615 140642733 1 7.053451007476258e-4 140642733 140642733 0
3 3881 rs3924979 34039268 1 7.04873183518558e-4 34039268 34039268 0
3 11284 rs9289225 123536043 2 -7.022856598237322e-4 123536043 123536043 0
3 17659 rs11926771 195656731 1 7.018825998033037e-4 195656731 195656731 0
3 16455 rs884910 183017385 1 7.000914503262108e-4 183017385 183017385 0
3 6011 rs10510826 60089378 1 -6.992705151944278e-4 60089378 60089378 0
3 3802 rs4074708 33044642 1 -6.973941871295788e-4 33044642 33044642 0
3 15848 rs9836841 174814920 1 6.942602011404473e-4 174814920 174814920 0
3 14119 rs1727949 153875713 1 6.910037352255765e-4 153875713 153875713 0
3 3553 rs7610363 30785840 1 -6.898432724700981e-4 30785840 30785840 0
3 5144 rs2236953 50424182 1 -6.87628205325228e-4 50424182 50424182 0
3 15280 rs16852525 168363205 1 6.834284376080545e-4 168363205 168363205 0
3 4341 rs4574212 38971703 1 -6.80336318298015e-4 38971703 38971703 0
3 11595 rs11717788 126176885 1 6.772426733167956e-4 126176885 126176885 0
3 1787 rs1454776 16009044 1 6.759622696650282e-4 16009044 16009044 0
3 2914 rs6772970 25113247 1 6.74134320709394e-4 25113247 25113247 0
3 4424 rs6776086 39964074 1 -6.740275453194636e-4 39964074 39964074 0
3 5743 rs9850744 57416701 1 6.710130622599326e-4 57416701 57416701 0
3 17053 rs3856921 188550579 1 6.705633732271048e-4 188550579 188550579 0
3 14938 rs13059483 163567068 1 -6.703507784803187e-4 163567068 163567068 0
3 967 rs931298 8145637 1 -6.685372911373269e-4 8145637 8145637 0
3 1946 rs9876137 16961265 2 6.678474252783959e-4 16961265 16961265 0
3 17230 rs4571225 190324454 1 -6.671173482653893e-4 190324454 190324454 0
3 16412 rs529155 182557989 1 -6.646996564768996e-4 182557989 182557989 0
3 5247 rs736408 52835354 1 -6.638611753486154e-4 52835354 52835354 0
3 6819 rs17045018 66755179 1 6.637608922354885e-4 66755179 66755179 0
3 11105 rs2681408 121783983 1 -6.627492533761751e-4 121783983 121783983 0
3 2403 rs7646837 21562716 1 -6.606456220541059e-4 21562716 21562716 0
3 1101 rs7613389 9473202 2 -6.606377196430928e-4 9473202 9473202 0
3 12041 rs9850812 131460681 1 6.600812082176406e-4 131460681 131460681 0
3 531 rs314416 4317445 1 -6.594074990395377e-4 4317445 4317445 0
3 1368 rs2618390 12047854 1 6.559834402210319e-4 12047854 12047854 0
3 2438 rs1352646 21689964 1 6.550704921081689e-4 21689964 21689964 0
3 5672 rs61743979 56649256 1 6.547526604108268e-4 56649256 56649256 0
3 7861 rs7638321 78865306 1 -6.531600864787854e-4 78865306 78865306 0
3 10797 rs6438515 118996122 1 6.518140427512859e-4 118996122 118996122 0
3 13407 rs10513292 146302786 1 -6.496200169726837e-4 146302786 146302786 0
3 12655 rs1429762 137661849 1 -6.469078816723537e-4 137661849 137661849 0
3 12156 rs3914906 131867527 1 -6.468124558998775e-4 131867527 131867527 0
3 12554 rs7628560 136828838 1 6.458952661944744e-4 136828838 136828838 0
3 15147 rs1403779 166304564 1 6.45646650690777e-4 166304564 166304564 0
3 13387 rs7621072 146062910 1 6.45093368712086e-4 146062910 146062910 0
3 10881 rs7638068 119430289 1 6.444056948498583e-4 119430289 119430289 0
3 17152 rs2037128 189548862 1 6.433328675512393e-4 189548862 189548862 0
3 966 rs9864388 8144521 1 -6.427390637324339e-4 8144521 8144521 0
3 6345 rs304202 62700227 1 -6.422536537429028e-4 62700227 62700227 0
3 3829 rs7620019 33224218 1 -6.403334069455936e-4 33224218 33224218 0
3 4789 rs1608730 44068577 1 -6.396582031003715e-4 44068577 44068577 0
3 16869 rs2268536 186756908 2 -6.395267711446213e-4 186756908 186756908 0
3 9833 rs9868354 108840227 1 6.382461219937136e-4 108840227 108840227 0
3 1377 rs160208 12159294 1 6.37583998684735e-4 12159294 12159294 0
3 2701 rs7619223 23208008 1 6.373276042170803e-4 23208008 23208008 0
3 16999 rs10937330 187738766 2 6.370737209103982e-4 187738766 187738766 0
3 8623 rs9869874 89076055 1 6.332081256087301e-4 89076055 89076055 0
3 13262 rs7433333 144850047 1 -6.303958076343763e-4 144850047 144850047 0
3 7629 rs3849474 76406850 1 -6.290528632520746e-4 76406850 76406850 0
3 5245 rs2535629 52833219 1 6.238650076139898e-4 52833219 52833219 0
3 3379 rs3773026 29531977 1 -6.212444575196074e-4 29531977 29531977 0
3 3516 rs9849723 30635910 1 -6.19882496632756e-4 30635910 30635910 0
3 5728 rs12496746 57192927 1 -6.197015873930557e-4 57192927 57192927 0
3 14353 rs9867618 156901525 1 -6.192659045409293e-4 156901525 156901525 0
3 6981 rs6548962 68121791 1 6.183942611735461e-4 68121791 68121791 0
3 13154 rs6771556 143310941 1 6.169340749906129e-4 143310941 143310941 0
3 8002 rs7622741 81550315 1 6.133845380967883e-4 81550315 81550315 0
3 9502 rs2289746 105455955 2 6.132230028605133e-4 105455955 105455955 0
3 16095 rs6414476 177470638 2 -6.123321375908353e-4 177470638 177470638 0
3 13150 rs6763202 143293012 1 6.119601049049316e-4 143293012 143293012 0
3 13425 rs9836412 146484999 1 -6.119360840462344e-4 146484999 146484999 0
3 9123 rs3846087 101211487 1 6.102468665563022e-4 101211487 101211487 0
3 16592 rs6443940 183794436 1 -6.060609216800463e-4 183794436 183794436 0
3 1060 rs421041 9066853 1 6.052689055436797e-4 9066853 9066853 0
3 17586 rs4677746 194514108 1 6.025480680669382e-4 194514108 194514108 0
3 2749 rs1471060 23860415 1 -6.018794812795303e-4 23860415 23860415 0
3 9310 rs9826326 103559931 1 6.010709917183188e-4 103559931 103559931 0
3 3177 rs427221 28075985 1 5.982175770182567e-4 28075985 28075985 0
3 17587 rs4677749 194526266 1 5.96223898503794e-4 194526266 194526266 0
3 4418 rs6797988 39835211 2 5.91545820748447e-4 39835211 39835211 0
3 367 rs6793085 3142423 1 -5.912722265010507e-4 3142423 3142423 0
3 8214 rs6548950 84333614 1 -5.850621423114618e-4 84333614 84333614 0
3 17762 rs114780577 197687252 1 -5.843579782994707e-4 197687252 197687252 0
3 16912 rs2653315 187160825 1 -5.841451194798017e-4 187160825 187160825 0
3 17226 rs7652346 190312433 1 5.826451606309126e-4 190312433 190312433 0
3 10599 rs12631137 117383588 1 -5.764298517511386e-4 117383588 117383588 0
3 17544 rs7628703 193801183 1 5.746889715223672e-4 193801183 193801183 0
3 7328 rs937661 71897255 1 5.737885312264906e-4 71897255 71897255 0
3 3417 rs10510625 29766028 1 5.729241805204855e-4 29766028 29766028 0
3 11016 rs322458 120585315 1 5.712623735560599e-4 120585315 120585315 0
3 7713 rs12185957 77165296 2 5.7043976900195e-4 77165296 77165296 0
3 9791 rs4146282 108497048 1 -5.670174913569919e-4 108497048 108497048 0
3 1788 rs10510444 16010476 1 -5.662840896456493e-4 16010476 16010476 0
3 1827 rs2271077 16261420 1 -5.610389008044721e-4 16261420 16261420 0
3 9129 rs2554962 101445118 2 5.6084383506917e-4 101445118 101445118 0
3 6258 rs28695326 61914978 1 -5.587256525672011e-4 61914978 61914978 0
3 11767 rs9810890 128652553 1 5.584315213038994e-4 128652553 128652553 0
3 10528 rs2903689 116493885 1 -5.567536043291976e-4 116493885 116493885 0
3 5431 rs2251788 54604188 1 -5.566852056430205e-4 54604188 54604188 0
3 1480 rs357161 13207536 1 -5.552952683054969e-4 13207536 13207536 0
3 8125 rs11929458 82950402 1 -5.548489912485202e-4 82950402 82950402 0
3 9680 rs6802043 107538740 1 -5.542834391244791e-4 107538740 107538740 0
3 4917 rs10433607 46172708 1 -5.522165513134048e-4 46172708 46172708 0
3 276 rs2044602 2315400 1 5.496041556846219e-4 2315400 2315400 0
3 8846 rs1497546 98034526 1 5.491744635663421e-4 98034526 98034526 0
3 3144 rs6801242 27804360 1 -5.489356656073433e-4 27804360 27804360 0
3 15511 rs2271998 170625806 2 -5.486412509482841e-4 170625806 170625806 0
3 17671 rs4916483 195907653 2 -5.474034206173013e-4 195907653 195907653 0
3 6174 rs7617424 61177577 1 5.445886263920991e-4 61177577 61177577 0
3 7620 rs3892905 76043296 1 5.442579880187792e-4 76043296 76043296 0
3 14625 rs9840016 159899731 1 -5.437262121306275e-4 159899731 159899731 0
3 7568 rs589344 74392917 2 -5.433418609893041e-4 74392917 74392917 0
3 983 rs1488793 8240382 1 -5.414755576044458e-4 8240382 8240382 0
3 6564 rs9311887 64354941 1 -5.406469587427156e-4 64354941 64354941 0
3 13315 rs2459140 145443355 1 5.403304406626822e-4 145443355 145443355 0
3 13040 rs28897764 142281298 1 5.387695910846604e-4 142281298 142281298 0
3 8053 rs9309886 82143651 1 -5.363677879001111e-4 82143651 82143651 0
3 708 rs17215946 6206901 1 -5.341834883553991e-4 6206901 6206901 0
3 7707 rs6764089 77022269 1 -5.336509306176501e-4 77022269 77022269 0
3 2321 rs1874654 21092440 1 5.333856494045355e-4 21092440 21092440 0
3 8152 rs1156893 83659865 1 -5.318620305418767e-4 83659865 83659865 0
3 1588 rs4684187 14282367 1 -5.306356917021205e-4 14282367 14282367 0
3 13457 rs12630408 147175324 1 -5.29389471558904e-4 147175324 147175324 0
3 3550 rs812124 30775963 2 -5.292442949018225e-4 30775963 30775963 0
3 8877 rs6778616 98282957 1 5.291146769527803e-4 98282957 98282957 0
3 4228 rs9826388 37961683 1 -5.286818614480377e-4 37961683 37961683 0
3 1798 rs897204 16096066 1 5.283980839406398e-4 16096066 16096066 0
3 6848 rs989343 66854987 1 -5.278201302287723e-4 66854987 66854987 0
3 11373 rs3772809 124462824 1 -5.25747003379589e-4 124462824 124462824 0
3 4522 rs4437116 41161343 1 5.228412833321772e-4 41161343 41161343 0
3 5351 rs3733082 53914093 1 -5.206680757425684e-4 53914093 53914093 0
3 12634 rs17548687 137521204 2 -5.191742469797218e-4 137521204 137521204 0
3 3513 rs9874154 30615627 1 -5.188143648126793e-4 30615627 30615627 0
3 5142 rs12629572 50324672 1 5.171055386978121e-4 50324672 50324672 0
3 13197 rs9832471 143570871 1 -5.165337948168835e-4 143570871 143570871 0
3 3532 rs1864615 30699782 1 5.163055815331939e-4 30699782 30699782 0
3 5757 rs10510792 57469357 1 5.160293214659154e-4 57469357 57469357 0
3 2778 rs7612158 24109112 1 5.158201187375468e-4 24109112 24109112 0
3 13754 rs3773614 150917000 1 5.135319694344705e-4 150917000 150917000 0
3 955 rs3912448 8041502 1 5.132108193057498e-4 8041502 8041502 0
3 16183 rs1477782 178364114 1 -5.128026374030778e-4 178364114 178364114 0
3 10183 rs16860075 112530890 1 5.127158348147566e-4 112530890 112530890 0
3 3035 rs17018481 26693662 1 5.120987258794434e-4 26693662 26693662 0
3 6251 rs623808 61850134 1 5.113984846196973e-4 61850134 61850134 0
3 2871 rs10510549 24918190 1 -5.078605810652991e-4 24918190 24918190 0
3 16488 rs2971458 183215287 1 5.070576120565868e-4 183215287 183215287 0
3 1863 rs3815962 16535229 1 5.060199899058384e-4 16535229 16535229 0
3 9879 rs10511276 109316638 1 5.049509529256688e-4 109316638 109316638 0
3 4305 rs6764249 38730117 1 -5.034025470784216e-4 38730117 38730117 0
3 15505 rs13063927 170582888 2 -5.015920032133629e-4 170582888 170582888 0
3 2918 rs17516267 25141279 1 5.015124718002299e-4 25141279 25141279 0
3 12653 rs1991560 137652905 1 -5.004840665222072e-4 137652905 137652905 0
3 8615 rs12632205 89013955 1 -4.999631681784967e-4 89013955 89013955 0
3 11201 rs17212608 122493677 1 4.985818838692871e-4 122493677 122493677 0
3 17487 rs73888252 193036783 1 4.983410813254325e-4 193036783 193036783 0
3 4991 rs2227294 46902129 1 4.979090835263259e-4 46902129 46902129 0
3 16122 rs1489626 177861884 2 -4.97149714697741e-4 177861884 177861884 0
3 6853 rs10049470 66868827 1 4.962960690976555e-4 66868827 66868827 0
3 1076 rs986119 9211356 1 4.940399260486037e-4 9211356 9211356 0
3 10168 rs820553 112470586 1 4.924476424911931e-4 112470586 112470586 0
3 15029 rs3828419 164906806 1 4.923315975581858e-4 164906806 164906806 0
3 2023 rs11928474 17977785 1 4.903673512187579e-4 17977785 17977785 0
3 13649 rs6779455 149364473 1 -4.8502416539837986e-4 149364473 149364473 0
3 4572 rs1630957 41559534 1 4.848252388712755e-4 41559534 41559534 0
3 13982 rs13070843 152724407 1 4.843090984135411e-4 152724407 152724407 0
3 636 rs17043292 5715340 1 -4.842011725797178e-4 5715340 5715340 0
3 2435 rs7619318 21673600 1 4.826334223851557e-4 21673600 21673600 0
3 12017 rs10512820 131330902 1 4.7943765131206286e-4 131330902 131330902 0
3 9668 rs9875732 107461731 1 -4.784904084459371e-4 107461731 107461731 0
3 12092 rs2035095 131639140 1 4.768490306726569e-4 131639140 131639140 0
3 11232 rs11709496 122809400 1 4.7365623507987856e-4 122809400 122809400 0
3 10154 rs2633578 112220781 1 -4.726768238954134e-4 112220781 112220781 0
3 1677 rs4685218 14894140 1 4.71807933756442e-4 14894140 14894140 0
3 9855 rs2943701 108971725 1 4.716493561980598e-4 108971725 108971725 0
3 13468 rs6796711 147341672 1 -4.715215678279593e-4 147341672 147341672 0
3 10926 rs9861883 119839546 2 -4.6914594350351454e-4 119839546 119839546 0
3 6648 rs11924641 64948958 1 4.687359279751535e-4 64948958 64948958 0
3 7670 rs7623289 76672692 1 -4.6751820446836665e-4 76672692 76672692 0
3 6563 rs17070497 64341819 1 4.666683340239262e-4 64341819 64341819 0
3 1568 rs3731143 14197546 1 4.6657936952516503e-4 14197546 14197546 0
3 15877 rs4894713 175042776 2 -4.661895865107518e-4 175042776 175042776 0
3 3353 rs7640471 29462116 1 4.6543940050328353e-4 29462116 29462116 0
3 13659 rs13064993 149403563 1 4.623889356179813e-4 149403563 149403563 0
3 11611 rs9637365 126370166 1 4.6199173129793825e-4 126370166 126370166 0
3 2050 rs10460976 18419859 1 -4.608046162297248e-4 18419859 18419859 0
3 12453 rs12695621 135047462 1 4.6057440035721325e-4 135047462 135047462 0
3 16283 rs13064352 179515953 1 -4.589196530389538e-4 179515953 179515953 0
3 16638 rs9878757 184189633 1 4.540811063959844e-4 184189633 184189633 0
3 11465 rs9838753 125161022 2 -4.537923285016414e-4 125161022 125161022 0
3 984 rs984474 8272203 1 4.527598553601837e-4 8272203 8272203 0
3 17369 rs12629883 191400380 1 4.523709735524937e-4 191400380 191400380 0
3 15446 rs1684885 169958552 1 4.508401734499894e-4 169958552 169958552 0
3 8785 rs13434261 96838442 1 -4.492312507096542e-4 96838442 96838442 0
3 4516 rs10490823 41123735 1 4.471004404095498e-4 41123735 41123735 0
3 12687 rs774813 137899898 1 4.447373288058843e-4 137899898 137899898 0
3 8801 rs9853330 97527233 1 4.406171408387983e-4 97527233 97527233 0
3 17121 rs11720501 189284257 1 -4.385506922792878e-4 189284257 189284257 0
3 3913 rs1402246 34589121 2 4.373571328895858e-4 34589121 34589121 0
3 671 rs11130652 5902056 1 4.372959124760645e-4 5902056 5902056 0
3 11952 rs1022033 130364523 1 -4.33514040149166e-4 130364523 130364523 0
3 2163 rs7626405 20176848 1 -4.3310829480217055e-4 20176848 20176848 0
3 3493 rs7620526 30447161 1 -4.32549388908061e-4 30447161 30447161 0
3 11741 rs9864772 128316939 1 -4.297993131222146e-4 128316939 128316939 0
3 16094 rs6443496 177470593 1 4.2964753903786313e-4 177470593 177470593 0
3 13820 rs1402740 151370083 1 4.294954932800951e-4 151370083 151370083 0
3 12232 rs9876198 132685783 1 4.285619059030004e-4 132685783 132685783 0
3 13764 rs2242353 151012497 2 -4.275430319139195e-4 151012497 151012497 0
3 17005 rs11710227 187753995 1 -4.242563949678059e-4 187753995 187753995 0
3 400 rs1355071 3448534 1 -4.221506602438092e-4 3448534 3448534 0
3 17417 rs4686604 192021075 1 -4.199678061208636e-4 192021075 192021075 0
3 16180 rs7623291 178356237 1 -4.184874769374979e-4 178356237 178356237 0
3 8753 rs6809124 95871672 1 4.180539163751242e-4 95871672 95871672 0
3 2219 rs6768597 20419583 1 -4.176984496759263e-4 20419583 20419583 0
3 3388 rs9867172 29551939 1 -4.169280196897393e-4 29551939 29551939 0
3 15846 rs11928561 174791319 1 4.1674581648164856e-4 174791319 174791319 0
3 2428 rs6780177 21647818 1 4.1587967399975354e-4 21647818 21647818 0
3 13202 rs11710441 143671319 1 4.135680347793431e-4 143671319 143671319 0
3 16764 rs11718099 185708275 1 -4.1113393564527463e-4 185708275 185708275 0
3 16755 rs2551372 185643454 1 4.090113456682649e-4 185643454 185643454 0
3 10795 rs16829641 118993976 1 -4.075628118834315e-4 118993976 118993976 0
3 2612 rs3915080 22711509 1 4.063667681205099e-4 22711509 22711509 0
3 3579 rs4955348 30904844 1 -4.036333683847777e-4 30904844 30904844 0
3 3693 rs4334676 31945442 1 4.024799087139546e-4 31945442 31945442 0
3 1967 rs17272796 17077268 1 4.0136472146468473e-4 17077268 17077268 0
3 6927 rs9851908 67515392 1 4.0064035395826343e-4 67515392 67515392 0
3 9113 rs6762738 100923230 2 3.9861114931113593e-4 100923230 100923230 0
3 2392 rs9879872 21482318 1 -3.9434022888979007e-4 21482318 21482318 0
3 1574 rs2229089 14214524 1 -3.9379803568688617e-4 14214524 14214524 0
3 4395 rs816488 39553788 1 3.932896810366144e-4 39553788 39553788 0
3 1816 rs3796301 16242101 1 -3.9316309497099914e-4 16242101 16242101 0
3 14852 rs9290128 162310379 1 -3.926184746435511e-4 162310379 162310379 0
3 9226 rs3849512 102782838 1 -3.92429462982518e-4 102782838 102782838 0
3 14492 rs3765083 158537443 1 3.919257783647198e-4 158537443 158537443 0
3 675 rs12233495 5938105 1 3.917854858063732e-4 5938105 5938105 0
3 6351 rs9836677 62709377 1 3.913488741011127e-4 62709377 62709377 0
3 6062 rs6782631 60350709 1 3.913291860651374e-4 60350709 60350709 0
3 3124 rs2643818 27616054 1 -3.899054727586181e-4 27616054 27616054 0
3 11464 rs4679393 125154388 2 -3.892218565473576e-4 125154388 125154388 0
3 3103 rs3755652 27472936 1 3.868222189641863e-4 27472936 27472936 0
3 16788 rs1981783 186054149 1 3.8628197076943265e-4 186054149 186054149 0
3 2907 rs11129178 25099021 1 3.841694153029954e-4 25099021 25099021 0
3 9518 rs6767627 105560638 1 3.830455491391672e-4 105560638 105560638 0
3 130 rs17036322 1289452 1 -3.8191106537428766e-4 1289452 1289452 0
3 8806 rs9865499 97560465 1 3.81520258347453e-4 97560465 97560465 0
3 7545 rs6763279 74112758 1 3.796199353965566e-4 74112758 74112758 0
3 502 rs1074650 4026680 1 -3.7945402744579313e-4 4026680 4026680 0
3 9822 rs78212601 108677910 1 -3.7453261930353273e-4 108677910 108677910 0
3 16723 rs2377497 185147163 1 -3.744801727581757e-4 185147163 185147163 0
3 462 rs6805805 3781719 1 3.7423346028837135e-4 3781719 3781719 0
3 12848 rs72986148 139859628 1 -3.742079350179591e-4 139859628 139859628 0
3 6179 rs12497257 61211945 1 3.7355857699356097e-4 61211945 61211945 0
3 11685 rs3773161 127500291 1 3.7331185958038303e-4 127500291 127500291 0
3 10185 rs11918522 112535057 1 3.729066291976555e-4 112535057 112535057 0
3 11098 rs2255214 121770539 1 -3.7275606245431794e-4 121770539 121770539 0
3 4467 rs2679813 40234623 1 -3.727177637475719e-4 40234623 40234623 0
3 2238 rs1520052 20497334 1 -3.71199790165662e-4 20497334 20497334 0
3 2998 rs6551009 25985168 1 -3.699676620609224e-4 25985168 25985168 0
3 16816 rs16860974 186387299 1 3.6927502308373974e-4 186387299 186387299 0
3 4101 rs10510682 36298225 1 3.68894033958667e-4 36298225 36298225 0
3 13840 rs6783779 151503359 1 -3.687360120124602e-4 151503359 151503359 0
3 13788 rs10935844 151128895 2 3.685260448179326e-4 151128895 151128895 0
3 1315 rs2276749 11643465 1 3.6802458329197993e-4 11643465 11643465 0
3 2946 rs1483831 25383666 1 -3.660367183137424e-4 25383666 25383666 0
3 16722 rs3732577 185146702 1 -3.6538020611015466e-4 185146702 185146702 0
3 6737 rs6794189 65643473 1 -3.6397227235937974e-4 65643473 65643473 0
3 15324 rs721128 168784088 1 -3.622832570032492e-4 168784088 168784088 0
3 7769 rs1163750 77698442 1 -3.6181542896945e-4 77698442 77698442 0
3 1626 rs4685160 14476497 1 3.613870613988281e-4 14476497 14476497 0
3 4645 rs6801844 42279085 1 3.612944300174138e-4 42279085 42279085 0
3 17682 rs36016914 196050862 1 -3.5934942232452194e-4 196050862 196050862 0
3 10627 rs7433883 117563473 1 3.578714747172636e-4 117563473 117563473 0
3 11653 rs2084400 127120924 1 3.568556686020268e-4 127120924 127120924 0
3 11982 rs3737999 130947273 1 3.5673756607696426e-4 130947273 130947273 0
3 12650 rs988140 137637478 1 -3.563152553547696e-4 137637478 137637478 0
3 9101 rs9869642 100844145 2 -3.5608041820305253e-4 100844145 100844145 0
3 16023 rs12630639 176590693 1 -3.5584959814918496e-4 176590693 176590693 0
3 2816 rs11714673 24480540 1 -3.5150808560980315e-4 24480540 24480540 0
3 10079 rs4682068 111680469 1 -3.50060566616555e-4 111680469 111680469 0
3 8000 rs7649028 81546416 1 -3.498145199177097e-4 81546416 81546416 0
3 14037 rs17735715 153186265 1 3.493506072793032e-4 153186265 153186265 0
3 14532 rs7610202 158731993 2 -3.490080581238728e-4 158731993 158731993 0
3 3808 rs35289681 33110383 1 3.455461002939878e-4 33110383 33110383 0
3 1470 rs413245 13112931 2 -3.4535976272958104e-4 13112931 13112931 0
3 11857 rs938196 129658706 1 3.442980221882132e-4 129658706 129658706 0
3 9079 rs6778625 100596371 1 -3.438670562746767e-4 100596371 100596371 0
3 14139 rs1515643 154188165 1 -3.420953314928274e-4 154188165 154188165 0
3 12295 rs1073196 133297806 1 -3.413438678803636e-4 133297806 133297806 0
3 8898 rs13091236 98500511 1 3.3975207895394177e-4 98500511 98500511 0
3 3612 rs4478120 31106139 1 3.397289113185253e-4 31106139 31106139 0
3 3039 rs1817789 26711291 1 -3.392540087714751e-4 26711291 26711291 0
3 7830 rs4680992 78551628 1 3.3875742524510293e-4 78551628 78551628 0
3 3942 rs11707284 34952405 1 -3.3703169925511866e-4 34952405 34952405 0
3 1380 rs1867012 12188243 1 -3.3558061227258456e-4 12188243 12188243 0
3 2767 rs6550829 24038687 1 3.35304797697047e-4 24038687 24038687 0
3 7089 rs11128107 69047612 1 3.3158434689557547e-4 69047612 69047612 0
3 13873 rs1025197 151878714 1 3.313512247098586e-4 151878714 151878714 0
3 9097 rs1507437 100819755 1 3.308272711144275e-4 100819755 100819755 0
3 3743 rs11129517 32401993 1 -3.3010446105380474e-4 32401993 32401993 0
3 3217 rs1461803 28699121 1 3.2932721039299537e-4 28699121 28699121 0
3 1428 rs116002 12578104 1 3.2908240357123336e-4 12578104 12578104 0
3 9210 rs6441682 102583687 1 -3.289442161940724e-4 102583687 102583687 0
3 10201 rs9288967 112717319 1 3.2560116227320514e-4 112717319 112717319 0
3 7100 rs12714750 69139300 2 3.254567642507088e-4 69139300 69139300 0
3 1983 rs79960281 17349498 1 3.233524773306034e-4 17349498 17349498 0
3 15421 rs1317082 169497585 1 3.199798849088972e-4 169497585 169497585 0
3 16971 rs6444265 187605315 1 -3.162125987817589e-4 187605315 187605315 0
3 11054 rs2070180 121351338 1 3.1608047262658484e-4 121351338 121351338 0
3 2537 rs11914361 22076137 1 -3.1490421602313495e-4 22076137 22076137 0
3 754 rs267501 6491868 1 3.1420779258134235e-4 6491868 6491868 0
3 15369 rs1290791 169091584 1 -3.133026550394461e-4 169091584 169091584 0
3 1062 rs2252592 9069133 1 -3.105373365338551e-4 9069133 9069133 0
3 792 rs345243 6767991 1 -3.1034032553715446e-4 6767991 6767991 0
3 17067 rs9815495 188860551 1 -3.102758013814521e-4 188860551 188860551 0
3 1429 rs1466835 12579944 1 -3.0763092622113867e-4 12579944 12579944 0
3 15487 rs499061 170408158 1 -3.072995016103526e-4 170408158 170408158 0
3 15624 rs6804183 172083214 1 3.068995424468677e-4 172083214 172083214 0
3 9080 rs9880062 100598675 1 3.0623447597236965e-4 100598675 100598675 0
3 7037 rs2175266 68539713 1 -3.036216911887357e-4 68539713 68539713 0
3 8021 rs9811796 81789795 1 -3.023888533497983e-4 81789795 81789795 0
3 6104 rs2594257 60523330 1 -3.012596239263607e-4 60523330 60523330 0
3 4383 rs9825782 39334720 1 -3.012426560276214e-4 39334720 39334720 0
3 16181 rs6443552 178356269 1 -2.9901220373585553e-4 178356269 178356269 0
3 14495 rs6792827 158545195 2 2.988351411371546e-4 158545195 158545195 0
3 8493 rs6776212 87438524 1 2.970313029417128e-4 87438524 87438524 0
3 8728 rs6809092 95635762 1 2.9680931338226603e-4 95635762 95635762 0
3 1022 rs2268491 8800398 1 -2.963947204854321e-4 8800398 8800398 0
3 2547 rs17647602 22143159 1 -2.9604449491125935e-4 22143159 22143159 0
3 13002 rs9810380 141606244 1 -2.9560569357242974e-4 141606244 141606244 0
3 3930 rs2358503 34744752 1 -2.940795846232935e-4 34744752 34744752 0
3 9207 rs7634477 102529319 1 -2.937743395551116e-4 102529319 102529319 0
3 11862 rs4688834 129668219 1 2.932428320284167e-4 129668219 129668219 0
3 11437 rs16836571 124876757 1 -2.9254609375212556e-4 124876757 124876757 0
3 1885 rs7647846 16675127 1 2.91000831798719e-4 16675127 16675127 0
3 13587 rs16861588 148896820 1 2.882462577386179e-4 148896820 148896820 0
3 569 rs6803046 4731593 1 -2.8698970180260634e-4 4731593 4731593 0
3 8810 rs831878 97632716 1 -2.86794716384143e-4 97632716 97632716 0
3 16664 rs10513799 184549539 2 -2.8540049212745245e-4 184549539 184549539 0
3 11282 rs28497577 123512627 1 2.8496351416022167e-4 123512627 123512627 0
3 14635 rs17505069 160336211 1 -2.8463499525780594e-4 160336211 160336211 0
3 7207 rs7430272 70258762 2 2.845645815199864e-4 70258762 70258762 0
3 14099 rs16846891 153735619 1 -2.839957989016739e-4 153735619 153735619 0
3 183 rs7630359 1754872 2 -2.83853779881488e-4 1754872 1754872 0
3 4307 rs77804526 38739622 1 -2.81638308223378e-4 38739622 38739622 0
3 13186 rs6808041 143506434 1 2.803818758525728e-4 143506434 143506434 0
3 6106 rs6805296 60544132 1 2.784950151840822e-4 60544132 60544132 0
3 7295 rs1288694 71324580 1 2.784484737079577e-4 71324580 71324580 0
3 12231 rs7653397 132685171 1 2.761347769334927e-4 132685171 132685171 0
3 4390 rs6781117 39463436 1 2.7598140066687025e-4 39463436 39463436 0
3 8379 rs6549077 86196341 1 2.758871514213897e-4 86196341 86196341 0
3 14016 rs9824588 153022780 1 2.7547346099694037e-4 153022780 153022780 0
3 16321 rs1522122 179829075 2 -2.748728280380893e-4 179829075 179829075 0
3 5910 rs6803293 59452332 2 -2.7346168870700507e-4 59452332 59452332 0
3 6234 rs9311830 61729301 1 -2.7304655842259385e-4 61729301 61729301 0
3 3810 rs61749982 33135592 1 -2.719680334097947e-4 33135592 33135592 0
3 12339 rs7615471 133784988 2 2.702378878903825e-4 133784988 133784988 0
3 10507 rs9863866 116320333 2 2.696555551751831e-4 116320333 116320333 0
3 15259 rs9879751 168132678 1 -2.6954952816249215e-4 168132678 168132678 0
3 15382 rs16853722 169150632 1 2.67167440357735e-4 169150632 169150632 0
3 11945 rs59021909 130285929 1 -2.6687220821011053e-4 130285929 130285929 0
3 1097 rs13069009 9396051 1 -2.6662396756996925e-4 9396051 9396051 0
3 9865 rs1163447 109056751 1 2.65008582571034e-4 109056751 109056751 0
3 10927 rs3112283 119842649 1 -2.642266645016566e-4 119842649 119842649 0
3 10035 rs4349472 111507848 1 -2.6324425004206023e-4 111507848 111507848 0
3 11417 rs6438874 124739892 1 2.568841072470747e-4 124739892 124739892 0
3 11422 rs7629128 124788634 2 2.555327410949422e-4 124788634 124788634 0
3 3672 rs7627284 31672157 1 -2.546608897757676e-4 31672157 31672157 0
3 11088 rs6438689 121665702 1 -2.5388462519444484e-4 121665702 121665702 0
3 14424 rs792742 157475101 1 2.5163957283566606e-4 157475101 157475101 0
3 701 rs6792001 6106251 1 -2.515066644250749e-4 6106251 6106251 0
3 7483 rs12493161 73703393 1 2.507501233018214e-4 73703393 73703393 0
3 7356 rs6549436 72146520 1 -2.503230089842776e-4 72146520 72146520 0
3 756 rs7621178 6497148 1 -2.4842055609091025e-4 6497148 6497148 0
3 8910 rs1383906 98675118 1 -2.481377063674568e-4 98675118 98675118 0
3 2573 rs1966824 22471639 1 2.480452166905604e-4 22471639 22471639 0
3 9703 rs327154 107862959 1 2.478636599795365e-4 107862959 107862959 0
3 11633 rs7627541 126980437 1 2.474210942671526e-4 126980437 126980437 0
3 2535 rs2008355 22055043 1 -2.472566642262388e-4 22055043 22055043 0
3 1971 rs4684309 17147963 1 -2.468728776068004e-4 17147963 17147963 0
3 8346 rs11713930 85851198 1 2.4686783413749227e-4 85851198 85851198 0
3 221 rs9860556 1877134 1 -2.41169884279028e-4 1877134 1877134 0
3 17408 rs9848565 191901623 1 2.406073262544667e-4 191901623 191901623 0
3 11103 rs17203397 121781426 1 -2.4048091286447816e-4 121781426 121781426 0
3 14838 rs1478137 162262746 1 -2.401546239915816e-4 162262746 162262746 0
3 4922 rs7652290 46299765 1 2.4001937098931312e-4 46299765 46299765 0
3 5734 rs9311646 57393243 1 2.3598151156483665e-4 57393243 57393243 0
3 1908 rs2122258 16758156 1 -2.335883945551169e-4 16758156 16758156 0
3 6908 rs7629435 67405492 1 2.3279120013341165e-4 67405492 67405492 0
3 13725 rs12495611 150531601 1 2.324712140252755e-4 150531601 150531601 0
3 760 rs1551523 6542046 1 2.3221111666782136e-4 6542046 6542046 0
3 9906 rs2701578 109714119 1 2.3136198640386145e-4 109714119 109714119 0
3 125 rs4684830 1260260 1 2.3134962568085944e-4 1260260 1260260 0
3 7763 rs1523759 77604242 1 -2.3072454171089917e-4 77604242 77604242 0
3 16984 rs9820070 187687074 1 -2.300624672681891e-4 187687074 187687074 0
3 3158 rs9810699 27880417 1 2.293497250582554e-4 27880417 27880417 0
3 13158 rs11714312 143335479 1 -2.2766117593777096e-4 143335479 143335479 0
3 10747 rs11927719 118623248 1 2.271300136319656e-4 118623248 118623248 0
3 7238 rs6762974 70595849 1 2.259064841916192e-4 70595849 70595849 0
3 4812 rs4682756 44942121 1 2.2587364964263688e-4 44942121 44942121 0
3 1141 rs380545 10245029 1 -2.2515592538839427e-4 10245029 10245029 0
3 60 rs162416 366039 1 -2.228003956510804e-4 366039 366039 0
3 9540 rs767150 105807750 1 -2.2102554523171011e-4 105807750 105807750 0
3 7715 rs6769992 77168168 1 2.2079729942472143e-4 77168168 77168168 0
3 6738 rs13065777 65645149 1 -2.188696471033543e-4 65645149 65645149 0
3 1258 rs4684746 10966588 1 -2.1856722312257296e-4 10966588 10966588 0
3 9034 rs6797397 100170825 1 -2.1588614021300417e-4 100170825 100170825 0
3 11036 rs2030531 121155198 1 -2.1586074112464907e-4 121155198 121155198 0
3 13125 rs6440168 143106228 1 2.152616677781453e-4 143106228 143106228 0
3 15906 rs7619984 175209406 1 -2.1432727717482516e-4 175209406 175209406 0
3 3844 rs4678999 33483744 1 -2.1385488724775156e-4 33483744 33483744 0
3 15826 rs9290515 174495959 1 2.1378401913173608e-4 174495959 174495959 0
3 14092 rs883228 153712602 1 -2.127513041457419e-4 153712602 153712602 0
3 3482 rs9838682 30390867 1 2.111812696705064e-4 30390867 30390867 0
3 13147 rs17641479 143281041 1 -2.103463547437867e-4 143281041 143281041 0
3 9359 rs2713684 104065589 1 -2.0770546160686117e-4 104065589 104065589 0
3 16228 rs6443597 178574670 1 -2.072641312702265e-4 178574670 178574670 0
3 641 rs9311642 5773145 1 2.0675885762919976e-4 5773145 5773145 0
3 7080 rs6787753 68995937 1 -2.055423346309287e-4 68995937 68995937 0
3 250 rs2729319 2064647 1 -2.0469213318954064e-4 2064647 2064647 0
3 9870 rs1947963 109091955 1 2.03629256943662e-4 109091955 109091955 0
3 3444 rs7649490 30111359 1 -2.025787390371097e-4 30111359 30111359 0
3 9031 rs12696105 100112816 1 -2.023376027934775e-4 100112816 100112816 0
3 1591 rs10510427 14287703 1 2.020366406245586e-4 14287703 14287703 0
3 6457 rs7618831 63556309 1 -2.0180282258239128e-4 63556309 63556309 0
3 13603 rs7622141 149062515 1 1.997484736680972e-4 149062515 149062515 0
3 16623 rs2230570 184045410 1 -1.9868456058839672e-4 184045410 184045410 0
3 12264 rs6767920 132899962 1 -1.9858661866722495e-4 132899962 132899962 0
3 5239 rs34986855 52780205 1 1.969064340640578e-4 52780205 52780205 0
3 16965 rs512178 187549526 1 1.9602127014893304e-4 187549526 187549526 0
3 4147 rs987190 36829980 1 -1.9541024176248587e-4 36829980 36829980 0
3 12352 rs9827878 134225969 1 1.9466653267418796e-4 134225969 134225969 0
3 6983 rs9850969 68150331 1 1.9419222824903075e-4 68150331 68150331 0
3 1903 rs10510461 16741105 2 1.934355557784301e-4 16741105 16741105 0
3 9260 rs9821642 103345439 1 -1.9284307990307992e-4 103345439 103345439 0
3 1711 rs3773464 15371819 1 -1.9266834923885797e-4 15371819 15371819 0
3 16453 rs4859159 182944282 1 -1.9251028912488775e-4 182944282 182944282 0
3 5916 rs6768376 59523538 1 -1.9232289728394444e-4 59523538 59523538 0
3 11534 rs3772413 125855160 1 -1.9150888118842096e-4 125855160 125855160 0
3 16851 rs11716002 186613364 1 1.9005228122277775e-4 186613364 186613364 0
3 3719 rs11922351 32171920 1 -1.8618180603333963e-4 32171920 32171920 0
3 9886 rs1184781 109429313 1 1.848259069629041e-4 109429313 109429313 0
3 3416 rs9310908 29745863 1 1.837136236451564e-4 29745863 29745863 0
3 15646 rs2041692 172215637 1 -1.835648389283598e-4 172215637 172215637 0
3 3749 rs6790078 32442272 1 -1.820811146356775e-4 32442272 32442272 0
3 9808 rs11715374 108607015 1 1.817027954615063e-4 108607015 108607015 0
3 11279 rs2605419 123414429 1 -1.816867021812543e-4 123414429 123414429 0
3 6072 rs6783454 60388900 1 -1.8164604138124805e-4 60388900 60388900 0
3 10189 rs16860145 112556393 1 1.7868511081067825e-4 112556393 112556393 0
3 17555 rs7642341 194096787 1 1.786735085264428e-4 194096787 194096787 0
3 5039 rs2228561 48628014 2 -1.77065762036404e-4 48628014 48628014 0
3 17409 rs9875942 191906419 1 1.7529421372505696e-4 191906419 191906419 0
3 11726 rs7431368 128190941 1 -1.7474454181743755e-4 128190941 128190941 0
3 6955 rs935734 67699371 1 -1.7470791068062763e-4 67699371 67699371 0
3 7353 rs9840945 72121884 2 -1.7361102290952102e-4 72121884 72121884 0
3 16124 rs2863110 177864536 1 1.734149495562631e-4 177864536 177864536 0
3 2745 rs2061185 23762371 1 -1.716594811751526e-4 23762371 23762371 0
3 3179 rs1156909 28126595 1 1.7153512189725656e-4 28126595 28126595 0
3 6641 rs1851676 64910843 1 1.715244755201804e-4 64910843 64910843 0
3 16478 rs10937129 183151660 1 1.7002434303835473e-4 183151660 183151660 0
3 6099 rs11721188 60497851 1 1.6922587309215674e-4 60497851 60497851 0
3 5713 rs7612293 57110913 1 -1.683091358523814e-4 57110913 57110913 0
3 8054 rs9813907 82145477 1 -1.6786939502610809e-4 82145477 82145477 0
3 2477 rs11708627 21804309 1 -1.6732953252074383e-4 21804309 21804309 0
3 17310 rs293862 191020382 1 -1.6433362393079655e-4 191020382 191020382 0
3 9628 rs7651766 106938456 1 -1.6377010279693642e-4 106938456 106938456 0
3 2329 rs9834000 21174761 1 1.6334857953395e-4 21174761 21174761 0
3 16386 rs1982808 182002353 1 -1.6334266338301814e-4 182002353 182002353 0
3 3213 rs970624 28682296 1 1.62768521852484e-4 28682296 28682296 0
3 9681 rs6808795 107540714 1 -1.624579855288519e-4 107540714 107540714 0
3 2440 rs17009199 21692393 2 -1.6226371144431595e-4 21692393 21692393 0
3 15531 rs17857452 170802910 1 -1.6197644802528013e-4 170802910 170802910 0
3 16751 rs2002675 185629568 2 -1.617354581360268e-4 185629568 185629568 0
3 10069 rs13091880 111646052 1 -1.6163370187070563e-4 111646052 111646052 0
3 2416 rs1841914 21623631 1 -1.6075875192116535e-4 21623631 21623631 0
3 14330 rs2874491 156649111 1 -1.602542502375782e-4 156649111 156649111 0
3 11134 rs1802757 122005131 1 -1.6022623906566247e-4 122005131 122005131 0
3 15197 rs9841174 167184878 1 1.6005926649372324e-4 167184878 167184878 0
3 4598 rs61745795 41759288 1 -1.5916405352280492e-4 41759288 41759288 0
3 1646 rs4449299 14598965 1 1.5796176963199068e-4 14598965 14598965 0
3 4752 rs2054554 43600596 1 -1.5740167971821153e-4 43600596 43600596 0
3 9915 rs9812947 109944669 1 -1.5580527438761207e-4 109944669 109944669 0
3 15497 rs7616004 170547447 1 1.5519690816486023e-4 170547447 170547447 0
3 5393 rs7432602 54246298 1 1.551723032646861e-4 54246298 54246298 0
3 6055 rs1882898 60310376 1 1.5309226422558964e-4 60310376 60310376 0
3 6562 rs9874741 64341070 1 -1.5282698388429598e-4 64341070 64341070 0
3 16067 rs2863009 177254210 1 -1.508053169044634e-4 177254210 177254210 0
3 7256 rs7633132 70791669 1 1.5045963128096902e-4 70791669 70791669 0
3 7067 rs1014405 68901094 1 -1.5012886993632908e-4 68901094 68901094 0
3 209 rs10510216 1834534 1 -1.4910087912697287e-4 1834534 1834534 0
3 6792 rs13874 66419956 1 1.4869744360605571e-4 66419956 66419956 0
3 7605 rs9846280 74805509 1 1.4867747030800356e-4 74805509 74805509 0
3 15494 rs9836242 170491996 1 1.4810422675743656e-4 170491996 170491996 0
3 5045 rs12107252 48691316 1 1.4796998564518344e-4 48691316 48691316 0
3 13969 rs1403501 152674921 1 -1.4760540450102464e-4 152674921 152674921 0
3 9488 rs1157 105295461 1 -1.474819420782883e-4 105295461 105295461 0
3 11094 rs9824120 121717577 1 1.4587383659306913e-4 121717577 121717577 0
3 6440 rs6799191 63470203 1 -1.4354348070965038e-4 63470203 63470203 0
3 4239 rs9866441 38096361 1 1.435371341177507e-4 38096361 38096361 0
3 14632 rs6797357 160327589 1 1.4273208058713496e-4 160327589 160327589 0
3 9894 rs12489624 109575764 1 -1.4218830132659333e-4 109575764 109575764 0
3 7482 rs12630646 73700990 1 1.4204759220929808e-4 73700990 73700990 0
3 3152 rs7627710 27823887 1 -1.41228641493376e-4 27823887 27823887 0
3 361 rs168165 3017397 1 1.402715336954935e-4 3017397 3017397 0
3 16756 rs2251407 185654924 1 1.3926134875203683e-4 185654924 185654924 0
3 10329 rs3957585 114112056 1 -1.3881939652280714e-4 114112056 114112056 0
3 5681 rs146406667 56702553 1 1.3849509495165844e-4 56702553 56702553 0
3 1615 rs749855 14387154 1 1.3698972575215592e-4 14387154 14387154 0
3 15602 rs16856870 171794511 1 -1.3624437129685377e-4 171794511 171794511 0
3 6761 rs264695 65905920 1 1.3571506314212064e-4 65905920 65905920 0
3 12055 rs2137606 131537007 1 -1.3561383754576384e-4 131537007 131537007 0
3 5720 rs17057718 57136585 1 -1.3548487137325332e-4 57136585 57136585 0
3 17691 rs9814342 196271307 1 -1.3508619274198814e-4 196271307 196271307 0
3 54 rs432685 298171 1 -1.349430318744787e-4 298171 298171 0
3 7591 rs7429609 74632701 1 1.343260740185545e-4 74632701 74632701 0
3 622 rs17746899 5492484 1 1.3343834128338902e-4 5492484 5492484 0
3 16866 rs4686836 186729365 2 -1.3229413262206283e-4 186729365 186729365 0
3 15792 rs9828801 174060306 1 -1.3211555394278133e-4 174060306 174060306 0
3 11648 rs6439065 127081915 1 -1.3082529502959583e-4 127081915 127081915 0
3 3623 rs9865612 31173942 1 1.3044150929676998e-4 31173942 31173942 0
3 4187 rs2507941 37536056 1 1.3022473100475398e-4 37536056 37536056 0
3 7825 rs11921317 78510592 1 1.2923443143239108e-4 78510592 78510592 0
3 5218 rs6784615 52506426 1 1.2916568961119263e-4 52506426 52506426 0
3 4763 rs9831161 43768018 1 1.2915352103065695e-4 43768018 43768018 0
3 13695 rs4681593 149917021 1 -1.2866484816571687e-4 149917021 149917021 0
3 7403 rs6785758 73000499 1 -1.276937248813006e-4 73000499 73000499 0
3 12180 rs9833627 132242642 1 1.2721152156812694e-4 132242642 132242642 0
3 15989 rs1387772 176375157 1 -1.269850044921793e-4 176375157 176375157 0
3 15420 rs10936599 169492101 1 -1.2663917063644023e-4 169492101 169492101 0
3 744 rs10510333 6416779 1 -1.2495798831435115e-4 6416779 6416779 0
3 8590 rs1483480 88857169 1 -1.237780678671379e-4 88857169 88857169 0
3 4415 rs867384 39823489 1 1.2341616217734558e-4 39823489 39823489 0
3 2898 rs9830542 25050218 1 1.2337224483995876e-4 25050218 25050218 0
3 13395 rs2738908 146246892 1 1.2259322810145843e-4 146246892 146246892 0
3 3389 rs3773050 29554121 1 1.2192451353604415e-4 29554121 29554121 0
3 17094 rs7630698 189199930 1 -1.20343261032481e-4 189199930 189199930 0
3 14049 rs13321012 153354747 1 1.1845224809861894e-4 153354747 153354747 0
3 13459 rs1027695 147215564 1 1.1839663937334178e-4 147215564 147215564 0
3 5552 rs815466 55671759 1 1.1766549986909232e-4 55671759 55671759 0
3 7443 rs791443 73331002 1 1.1619302833446076e-4 73331002 73331002 0
3 6301 rs168371 62052829 1 1.154193491596139e-4 62052829 62052829 0
3 16007 rs1490047 176501869 1 -1.1418463641747998e-4 176501869 176501869 0
3 4505 rs6599132 41039907 1 1.1330468858722072e-4 41039907 41039907 0
3 11983 rs3965152 130954093 1 -1.1234836417220872e-4 130954093 130954093 0
3 12700 rs1199330 138101529 1 -1.1118077744423276e-4 138101529 138101529 0
3 13826 rs16863561 151377532 1 1.1078761474788936e-4 151377532 151377532 0
3 6116 rs721207 60607896 1 1.1072208563704864e-4 60607896 60607896 0
3 1344 rs7629273 11836386 1 1.1069039645189216e-4 11836386 11836386 0
3 7215 rs4974283 70313558 1 -1.1048089234741048e-4 70313558 70313558 0
3 8935 rs10935768 99088011 1 1.0990208712929956e-4 99088011 99088011 0
3 13405 rs10513291 146294395 1 -1.0653812837167705e-4 146294395 146294395 0
3 11801 rs73202271 129130018 1 -1.0564981535549137e-4 129130018 129130018 0
3 1094 rs17050225 9353007 1 -1.043972155054728e-4 9353007 9353007 0
3 8933 rs2929443 99084862 1 -1.0432504498573207e-4 99084862 99084862 0
3 15271 rs11718699 168231158 1 1.043122927016126e-4 168231158 168231158 0
3 510 rs317599 4056652 1 -1.0421922756258873e-4 4056652 4056652 0
3 5160 rs2035484 50721892 1 -1.0411568106300297e-4 50721892 50721892 0
3 13609 rs13314474 149084352 1 1.0378703164676092e-4 149084352 149084352 0
3 14369 rs4680359 157085697 1 1.0323135897619426e-4 157085697 157085697 0
3 6565 rs2052150 64355896 1 -1.0322474912987448e-4 64355896 64355896 0
3 17335 rs405212 191119818 1 -1.0301500661514147e-4 191119818 191119818 0
3 17546 rs6796696 193834940 1 -1.0258455050634313e-4 193834940 193834940 0
3 1959 rs6778233 17031397 1 1.0211701678501804e-4 17031397 17031397 0
3 14147 rs2314058 154277932 2 -1.0121017406439755e-4 154277932 154277932 0
3 5852 rs11130670 58658454 1 1.0112864961527884e-4 58658454 58658454 0
3 2994 rs4334607 25944830 1 -1.0084832270998792e-4 25944830 25944830 0
3 7355 rs11707080 72141723 1 1.0010447778005596e-4 72141723 72141723 0
3 8733 rs9814870 95688843 1 9.965533848431498e-5 95688843 95688843 0
3 1378 rs92090 12177641 1 9.826000271319088e-5 12177641 12177641 0
3 11145 rs115407410 122103120 1 -9.792500093119896e-5 122103120 122103120 0
3 10726 rs697378 118463829 1 -9.716682619591172e-5 118463829 118463829 0
3 15650 rs3136597 172228544 1 9.703691563392703e-5 172228544 172228544 0
3 10717 rs13083186 118356071 2 9.630597675819031e-5 118356071 118356071 0
3 16111 rs2160835 177735032 1 -9.614461618050672e-5 177735032 177735032 0
3 8977 rs1711560 99391933 1 -9.561100112338549e-5 99391933 99391933 0
3 15391 rs7613029 169233179 1 9.528222977163176e-5 169233179 169233179 0
3 6456 rs11711276 63554424 1 9.47314366955293e-5 63554424 63554424 0
3 15346 rs16853318 168932906 2 9.380758089162312e-5 168932906 168932906 0
3 6371 rs2175717 62782972 1 -9.291026443921158e-5 62782972 62782972 0
3 1789 rs9869915 16011708 1 9.265045360981243e-5 16011708 16011708 0
3 16883 rs3864095 186937037 2 9.227000450036968e-5 186937037 186937037 0
3 13369 rs4681297 145838895 1 -9.181960663534512e-5 145838895 145838895 0
3 17341 rs9868965 191139587 1 9.141139960849204e-5 191139587 191139587 0
3 3583 rs9842693 30910552 1 -9.13878016452032e-5 30910552 30910552 0
3 7606 rs13092130 74813623 1 9.113552908947093e-5 74813623 74813623 0
3 7269 rs12636225 70976765 1 9.020285124384293e-5 70976765 70976765 0
3 7077 rs3925004 68963500 1 8.959302989992295e-5 68963500 68963500 0
3 4762 rs3733156 43761441 1 -8.883672153912948e-5 43761441 43761441 0
3 5805 rs2362904 58112488 1 8.863627664545532e-5 58112488 58112488 0
3 13224 rs6763060 143992630 1 8.833596507670657e-5 143992630 143992630 0
3 16260 rs7428403 179180937 2 -8.783899654400391e-5 179180937 179180937 0
3 1155 rs242376 10310377 1 -8.727901499879667e-5 10310377 10310377 0
3 13117 rs4839631 143094640 1 -8.703976173485655e-5 143094640 143094640 0
3 7222 rs1522335 70375780 1 -8.620173423486802e-5 70375780 70375780 0
3 8679 rs6804969 94082837 1 8.546421453864365e-5 94082837 94082837 0
3 11640 rs13067156 127002066 1 8.513486846205208e-5 127002066 127002066 0
3 994 rs359009 8467511 1 -8.470266070118318e-5 8467511 8467511 0
3 4459 rs11706943 40173909 1 8.23455666915982e-5 40173909 40173909 0
3 5490 rs358493 55072187 2 -8.229463428836668e-5 55072187 55072187 0
3 3178 rs170934 28079085 1 8.224068747135077e-5 28079085 28079085 0
3 14977 rs892765 164170151 1 -8.218311247475994e-5 164170151 164170151 0
3 13223 rs3853594 143961616 1 8.199809919820747e-5 143961616 143961616 0
3 5759 rs6806444 57475351 1 8.141777728812882e-5 57475351 57475351 0
3 975 rs6789772 8187422 1 8.116369035580487e-5 8187422 8187422 0
3 7372 rs7643143 72354511 1 -8.086053056615585e-5 72354511 72354511 0
3 17107 rs10513838 189232641 1 7.983471321934653e-5 189232641 189232641 0
3 2489 rs9850363 21839871 1 7.976004023098035e-5 21839871 21839871 0
3 3298 rs9830779 29067676 1 7.775632118308835e-5 29067676 29067676 0
3 308 rs17194406 2488631 2 7.69658947258801e-5 2488631 2488631 0
3 1379 rs4488811 12182028 1 -7.682542712629215e-5 12182028 12182028 0
3 1883 rs17272614 16670272 2 7.356201980927878e-5 16670272 16670272 0
3 8751 rs1453610 95856168 1 7.318590594801208e-5 95856168 95856168 0
3 11143 rs4491840 122080747 2 7.259874441027046e-5 122080747 122080747 0
3 8878 rs1461161 98284283 1 7.258941068218888e-5 98284283 98284283 0
3 16699 rs6795830 184980371 1 7.091462656774247e-5 184980371 184980371 0
3 823 rs17046762 7115713 1 7.042701558847347e-5 7115713 7115713 0
3 5708 rs6445846 57076196 1 6.949219407687748e-5 57076196 57076196 0
3 7396 rs1565473 72728657 1 -6.891639472196857e-5 72728657 72728657 0
3 9603 rs10511259 106528163 1 6.878785526200699e-5 106528163 106528163 0
3 16647 rs4912500 184227700 1 6.83328257205272e-5 184227700 184227700 0
3 14144 rs11915244 154252288 1 6.829247353438303e-5 154252288 154252288 0
3 14967 rs686697 163938800 1 -6.792485640841812e-5 163938800 163938800 0
3 4906 rs6441929 45924791 1 6.788648505877667e-5 45924791 45924791 0
3 3585 rs17026715 30912592 1 -6.764321338588594e-5 30912592 30912592 0
3 892 rs162722 7770147 1 6.721778273543211e-5 7770147 7770147 0
3 4832 rs7618987 45206115 1 -6.693451626643389e-5 45206115 45206115 0
3 3149 rs12633504 27819955 1 -6.53870828810486e-5 27819955 27819955 0
3 16611 rs6767237 183976241 1 6.498733387204307e-5 183976241 183976241 0
3 4412 rs1918022 39814559 1 6.405486777231168e-5 39814559 39814559 0
3 16645 rs4912574 184223392 1 6.373860357396696e-5 184223392 184223392 0
3 12585 rs1564186 137032092 1 -6.36220212040125e-5 137032092 137032092 0
3 9693 rs4855614 107661951 1 -6.304290025586649e-5 107661951 107661951 0
3 791 rs978658 6766178 1 6.301987436034492e-5 6766178 6766178 0
3 9459 rs2971376 104973471 1 -6.247596371421765e-5 104973471 104973471 0
3 11144 rs9834317 122089359 2 -6.170444462358891e-5 122089359 122089359 0
3 16451 rs684174 182912282 1 -6.153971235483557e-5 182912282 182912282 0
3 4511 rs384934 41114867 1 6.14673869635488e-5 41114867 41114867 0
3 17716 rs11928645 196910160 1 -6.096385284765583e-5 196910160 196910160 0
3 4948 rs939421 46576081 1 6.047730739644258e-5 46576081 46576081 0
3 3108 rs13096477 27490194 1 -5.992454409806029e-5 27490194 27490194 0
3 16924 rs16862258 187262106 1 -5.979961022218997e-5 187262106 187262106 0
3 3396 rs35883 29597791 1 -5.937712396840737e-5 29597791 29597791 0
3 5500 rs4955830 55179991 1 5.9029979865012406e-5 55179991 55179991 0
3 13314 rs17236193 145443276 1 5.879939568526031e-5 145443276 145443276 0
3 7564 rs623459 74355921 1 -5.692946782437067e-5 74355921 74355921 0
3 6811 rs6802463 66637645 1 5.66823148820276e-5 66637645 66637645 0
3 7153 rs6792118 69518013 1 -5.615109903877712e-5 69518013 69518013 0
3 6471 rs7631976 63649001 1 -5.5662849011505126e-5 63649001 63649001 0
3 1663 rs17040196 14745857 1 5.488793257026343e-5 14745857 14745857 0
3 1223 rs1541957 10652299 1 5.4761098351825016e-5 10652299 10652299 0
3 11375 rs13082230 124478734 1 5.35141882565157e-5 124478734 124478734 0
3 3349 rs1561374 29458092 1 5.2805988930593875e-5 29458092 29458092 0
3 1381 rs11924163 12210153 1 5.08343052837196e-5 12210153 12210153 0
3 7712 rs9873501 77146793 1 5.02209376009969e-5 77146793 77146793 0
3 10626 rs7432387 117555656 1 4.821859560400276e-5 117555656 117555656 0
3 1596 rs13072044 14305341 1 -4.8178987888195643e-05 14305341 14305341 0
3 13728 rs4679984 150542825 1 -4.7893449907478986e-5 150542825 150542825 0
3 12255 rs10935047 132815378 1 4.778723503583781e-5 132815378 132815378 0
3 13889 rs11705943 152025423 1 4.751805443217265e-5 152025423 152025423 0
3 8052 rs7639102 82127705 1 -4.699145349489487e-5 82127705 82127705 0
3 5963 rs11719244 59920697 1 -4.6522908350922894e-5 59920697 59920697 0
3 4647 rs7610820 42286420 1 4.6369178059916606e-05 42286420 42286420 0
3 909 rs11718722 7896679 1 -4.592114194096735e-5 7896679 7896679 0
3 13001 rs1897139 141605961 1 -4.5495509564708256e-5 141605961 141605961 0
3 12784 rs12632145 139427206 1 4.3737850015180054e-5 139427206 139427206 0
3 17599 rs7623698 194719238 1 -4.3709213906144e-5 194719238 194719238 0
3 6033 rs17062363 60130721 1 -4.249948455555483e-5 60130721 60130721 0
3 5755 rs6445887 57457440 1 -4.167411597246898e-5 57457440 57457440 0
3 7322 rs9873991 71850562 1 4.043244653864093e-5 71850562 71850562 0
3 12188 rs6776500 132366498 1 4.0124634940458186e-5 132366498 132366498 0
3 16992 rs4686914 187717540 1 -3.960595136570804e-5 187717540 187717540 0
3 5337 rs6445606 53856050 1 3.883917728280774e-5 53856050 53856050 0
3 5917 rs4679493 59527322 2 3.875576074472406e-5 59527322 59527322 0
3 9425 rs17452316 104722931 1 3.8059889108041744e-5 104722931 104722931 0
3 8204 rs7639920 84229385 1 -3.771709289033283e-5 84229385 84229385 0
3 7597 rs6549636 74734628 1 -3.7003875432096977e-5 74734628 74734628 0
3 12254 rs1965461 132808392 1 3.682035637661455e-5 132808392 132808392 0
3 5339 rs6801605 53876218 1 -3.5824095914934166e-5 53876218 53876218 0
3 2319 rs924224 21086158 1 -3.474249531264443e-5 21086158 21086158 0
3 6542 rs731526 64287248 1 -3.4371744459003124e-5 64287248 64287248 0
3 6092 rs9856634 60472209 1 -3.403826000893689e-5 60472209 60472209 0
3 3448 rs9863443 30137032 2 3.3654204102081956e-5 30137032 30137032 0
3 4364 rs9311208 39208697 1 3.30968846754919e-5 39208697 39208697 0
3 11283 rs17373884 123534283 1 3.303744702964208e-5 123534283 123534283 0
3 15953 rs1921476 175929674 1 -3.266081835380212e-5 175929674 175929674 0
3 13559 rs12489516 148597612 1 -3.188754295103918e-5 148597612 148597612 0
3 10061 rs1282948 111631564 1 3.0650203190639e-5 111631564 111631564 0
3 4379 rs1050592 39306784 1 -3.058062882574753e-5 39306784 39306784 0
3 6142 rs2736744 60806310 1 3.0025630559949488e-5 60806310 60806310 0
3 2390 rs9700 21460201 1 2.9316068781391317e-5 21460201 21460201 0
3 5851 rs2364306 58654095 1 -2.921616806040795e-5 58654095 58654095 0
3 1624 rs6801669 14473278 1 -2.88196814738035e-5 14473278 14473278 0
3 15229 rs12492208 167692392 1 2.8804184301622704e-5 167692392 167692392 0
3 12731 rs9884065 138736641 1 -2.845595623991235e-5 138736641 138736641 0
3 5386 rs9880752 54223872 1 2.6372971004580484e-5 54223872 54223872 0
3 5829 rs13315871 58381287 1 2.5969325201694717e-5 58381287 58381287 0
3 5727 rs3968279 57187078 1 -2.5500638253323284e-5 57187078 57187078 0
3 1585 rs17226476 14276982 1 -2.524128246149121e-5 14276982 14276982 0
3 4813 rs1995641 44943389 1 2.4708578289538463e-5 44943389 44943389 0
3 16991 rs9860469 187710426 1 2.344623355592787e-5 187710426 187710426 0
3 13573 rs4681473 148694336 1 2.262941470713243e-5 148694336 148694336 0
3 15981 rs9878774 176238310 1 -2.2356138069253927e-5 176238310 176238310 0
3 15962 rs9812934 176009517 1 -2.1749060870659148e-5 176009517 176009517 0
3 13354 rs5029231 145701146 1 -2.0959545771973226e-5 145701146 145701146 0
3 15543 rs4894793 171027683 1 1.9753827774917617e-5 171027683 171027683 0
3 12059 rs1513385 131561519 1 1.96217035277437e-5 131561519 131561519 0
3 2175 rs7620481 20196571 1 1.957994706539579e-5 20196571 20196571 0
3 11034 rs1381057 121154974 1 -1.9480028300351476e-5 121154974 121154974 0
3 10540 rs6777752 116623821 1 -1.94389701331123e-5 116623821 116623821 0
3 13606 rs7623431 149066998 1 -1.9083750510341445e-5 149066998 149066998 0
3 10765 rs4435634 118799592 1 1.8931504757267835e-5 118799592 118799592 0
3 1025 rs9817913 8836063 1 1.839743276266096e-5 8836063 8836063 0
3 8678 rs2055025 94059437 1 -1.834344629277405e-5 94059437 94059437 0
3 6198 rs4432637 61452146 1 1.830266008555272e-5 61452146 61452146 0
3 13157 rs16853934 143319444 1 -1.8151714640753065e-5 143319444 143319444 0
3 10523 rs9868790 116478358 1 1.7976863400520996e-5 116478358 116478358 0
3 6310 rs6764475 62184407 1 1.7521966460932e-5 62184407 62184407 0
3 12651 rs16847595 137638468 1 -1.6995675411840923e-5 137638468 137638468 0
3 17329 rs1609926 191108107 2 -1.6312944356873695e-5 191108107 191108107 0
3 2035 rs4688903 18160060 1 1.629990064775117e-5 18160060 18160060 0
3 2322 rs7620710 21095956 1 -1.611327698703367e-5 21095956 21095956 0
3 3309 rs604110 29158022 1 -1.5199220468734284e-5 29158022 29158022 0
3 3317 rs2048896 29244234 1 1.468906484197345e-5 29244234 29244234 0
3 3905 rs9311051 34531898 1 -1.4487934864891856e-5 34531898 34531898 0
3 16724 rs7646052 185148605 1 -1.391043012464019e-5 185148605 185148605 0
3 6546 rs6445395 64294923 1 -1.325267353086381e-5 64294923 64294923 0
3 4375 rs4676487 39303147 2 1.313143717291254e-5 39303147 39303147 0
3 7285 rs9840529 71208815 1 1.3107545456574276e-5 71208815 71208815 0
3 274 rs9873966 2280235 1 -1.308764587237142e-5 2280235 2280235 0
3 16364 rs6801673 181212727 1 1.280759559639059e-5 181212727 181212727 0
3 17280 rs2063421 190801723 2 1.2550091982976744e-5 190801723 190801723 0
3 16271 rs61760203 179408054 1 1.2259750178045555e-5 179408054 179408054 0
3 123 rs17035505 1250634 1 1.218083363083677e-5 1250634 1250634 0
3 11441 rs515234 124888287 1 -1.1764182643391067e-5 124888287 124888287 0
3 8075 rs9831660 82492458 1 1.17433403770687e-5 82492458 82492458 0
3 14150 rs11921298 154289811 1 1.1707466261377604e-5 154289811 154289811 0
3 15350 rs784285 168967606 1 1.060581656159592e-5 168967606 168967606 0
3 12724 rs12107422 138652077 1 1.0239006263167244e-5 138652077 138652077 0
3 790 rs7624349 6764063 1 1.0180844823646513e-5 6764063 6764063 0
3 11363 rs3772790 124401225 1 1.0048323648053203e-5 124401225 124401225 0
3 17733 rs13092636 197162976 1 -9.75089186118288e-6 197162976 197162976 0
3 2090 rs6550702 18867579 1 -9.53467651671768e-6 18867579 18867579 0
3 9609 rs7374615 106647916 1 9.211310642708477e-6 106647916 106647916 0
3 3483 rs1495595 30391615 1 -8.756645730785998e-6 30391615 30391615 0
3 3904 rs9854604 34526799 1 8.282804543898569e-6 34526799 34526799 0
3 8492 rs13076266 87431686 1 8.186870594964039e-6 87431686 87431686 0
3 17223 rs3773963 190307448 1 8.156810327301219e-6 190307448 190307448 0
3 3018 rs9837754 26208320 1 -7.405925715567126e-6 26208320 26208320 0
3 976 rs13061566 8193426 1 7.0595849444392736e-6 8193426 8193426 0
3 2609 rs1466352 22708802 1 -7.042421766104094e-6 22708802 22708802 0
3 7314 rs6782714 71684845 1 6.733977383407383e-6 71684845 71684845 0
3 6398 rs1447445 63087375 1 -6.297511729742488e-6 63087375 63087375 0
3 981 rs6764798 8200271 1 5.4795230785919344e-6 8200271 8200271 0
3 11263 rs9810671 123232134 1 -5.023077907702548e-6 123232134 123232134 0
3 13708 rs10935800 150149696 1 -4.920976247629176e-6 150149696 150149696 0
3 9984 rs13083225 111003863 1 3.879790399080418e-6 111003863 111003863 0
3 12660 rs3773770 137738930 1 2.0195398729685793e-6 137738930 137738930 0
3 3390 rs13081014 29561962 1 1.6363808457591497e-6 29561962 29561962 0
3 13775 rs7644001 151053898 1 3.295046883576441e-7 151053898 151053898 0
3 17460 rs3952738 192614483 1 1.9634357390368866e-15 192614483 192614483 0
3 4397 rs864643 39555580 1 1.4455823885237794e-15 39555580 39555580 0
3 11744 rs7647337 128347196 1 1.305500715743285e-15 128347196 128347196 0
3 11147 rs10934592 122135242 1 4.3892846924747693e-16 122135242 122135242 0
3 9850 rs6805141 108950879 1 3.2406090953012863e-16 108950879 108950879 0
3 13660 rs13065308 149403573 1 1.5858321046942728e-16 149403573 149403573 0
3 9812 rs12637387 108613253 1 8.00146534046897e-17 108613253 108613253 0
3 13632 rs6440618 149226255 1 1.5642355649825343e-17 149226255 149226255 0
