CHR Group SNP.lead BP.lead Size W BP.min BP.max BP.width
5 3236 rs6897932 35874575 1 0.07666752281549295 35874575 35874575 0
5 3239 rs10063294 35877505 1 0.04676613608873839 35877505 35877505 0
5 4297 rs3776694 53360174 1 0.03421755726069576 53360174 53360174 0
5 11852 rs1062158 141523000 2 -0.03292307894313618 141523000 141523000 0
5 9755 rs6595174 118440675 1 0.02494255334721392 118440675 118440675 0
5 8925 rs7709420 110544623 2 -0.02460236184092222 110544623 110544623 0
5 8248 rs26232 102596720 1 0.0243039201350415 102596720 102596720 0
5 13237 rs3846684 156649132 1 0.0239730506925671 156649132 156649132 0
5 11970 rs6580285 142889168 1 0.02356408338054962 142889168 142889168 0
5 10054 rs2116427 121182996 2 0.02194308004547583 121182996 121182996 0
5 11263 rs10059571 133410192 1 0.0216780312702623 133410192 133410192 0
5 12619 rs10036748 150458146 1 0.02140152797782953 150458146 150458146 0
5 13458 rs2082412 158717789 2 0.02086218623690753 158717789 158717789 0
5 7794 rs30187 96124330 1 -0.02053225785538187 96124330 96124330 0
5 1563 rs9790982 14776585 1 0.02039059633553662 14776585 14776585 0
5 1559 rs149391 14745268 2 -0.01989181494039176 14745268 14745268 0
5 12517 rs887344 149549022 1 0.01967286563246154 149549022 149549022 0
5 8791 rs2301010 109132461 1 0.01942285136427339 109132461 109132461 0
5 15353 rs307814 180074248 1 0.01716697809505726 180074248 180074248 0
5 11583 rs11750814 137500665 1 0.01716093217067952 137500665 137500665 0
5 6883 rs6897010 83163554 1 0.01715783584028298 83163554 83163554 0
5 8532 rs4382152 106379106 1 0.01681516475494003 106379106 106379106 0
5 11847 rs4912622 141490587 1 -0.01638185272180367 141490587 141490587 0
5 15071 rs9313758 176773091 2 -0.01600413362754293 176773091 176773091 0
5 15072 rs4075958 176784512 2 -0.0159921010806782 176784512 176784512 0
5 13442 rs10515785 158443352 1 0.01588896908156669 158443352 158443352 0
5 130 rs12656386 1965996 1 -0.01537464705432066 1965996 1965996 0
5 14726 rs255313 172611648 2 0.01519500196999307 172611648 172611648 0
5 5432 rs4235460 65689041 1 0.01487404850313926 65689041 65689041 0
5 13462 rs3213119 158743788 1 0.0147443451070997 158743788 158743788 0
5 8252 rs12187443 102660400 2 0.01446687383343283 102660400 102660400 0
5 8179 rs6870697 101352494 1 -0.0142773276228131 101352494 101352494 0
5 13777 rs312305 162095410 1 0.01409286828302527 162095410 162095410 0
5 4166 rs1421941 52297951 1 0.01408757331028019 52297951 52297951 0
5 10327 rs4835839 123939264 1 0.01397278272632177 123939264 123939264 0
5 2097 rs6865522 22227895 1 -0.01372522881169593 22227895 22227895 0
5 711 rs1353502 6902045 2 0.0134819074950675 6902045 6902045 0
5 6832 rs1805377 82648943 1 0.01344095758046476 82648943 82648943 0
5 11590 rs4457069 137619591 1 0.01329349136386027 137619591 137619591 0
5 5699 rs1911923 71155607 1 0.01294015246266064 71155607 71155607 0
5 15260 rs11746863 178572268 1 -0.01286511723378808 178572268 178572268 0
5 6156 rs16873483 75871350 2 -0.01280982408010195 75871350 75871350 0
5 12579 rs6579821 150331600 1 -0.01264828040685032 150331600 150331600 0
5 3380 rs6451331 37642232 1 -0.01263806748784999 37642232 37642232 0
5 9754 rs7706037 118357780 2 -0.01257490475445289 118357780 118357780 0
5 5725 rs4704553 71430895 1 0.01251656276797125 71430895 71430895 0
5 12613 rs1422673 150438988 1 0.01230486008580336 150438988 150438988 0
5 301 rs11747122 3086951 1 0.01213754657081612 3086951 3086951 0
5 71 rs36979 1503610 1 0.01164729543848077 1503610 1503610 0
5 3020 rs1374017 33835353 1 0.01133812946199563 33835353 33835353 0
5 3147 rs249537 35089300 1 -0.01077593987825847 35089300 35089300 0
5 648 rs6869437 6428642 1 -0.0105268909808163 6428642 6428642 0
5 11997 rs12519988 143211589 1 0.01047725696078983 143211589 143211589 0
5 7422 rs6452953 90723034 2 -0.01038130280498886 90723034 90723034 0
5 3405 rs4574573 37915720 1 0.01035199245742818 37915720 37915720 0
5 4780 rs1010757 58076467 1 -0.01023062789581485 58076467 58076467 0
5 4026 rs4865518 50984183 1 0.01006696038059123 50984183 50984183 0
5 10586 rs6884533 126041754 1 0.01006506089954267 126041754 126041754 0
5 2866 rs6879213 32474264 2 -0.01005618623903779 32474264 32474264 0
5 7911 rs154201 97939616 1 0.0098112426605573 97939616 97939616 0
5 7212 rs6865693 87715239 1 -0.00980092548368301 87715239 87715239 0
5 7953 rs7737402 98333129 1 0.00973374822878291 98333129 98333129 0
5 11116 rs743562 131872383 1 0.00961860275615745 131872383 131872383 0
5 348 rs4866550 3308312 1 0.00961615018323601 3308312 3308312 0
5 14738 rs10073580 172725229 1 0.00957942898196215 172725229 172725229 0
5 8098 rs1428439 100238801 2 0.00955748474544542 100238801 100238801 0
5 3650 rs4245975 40288878 2 -0.00952059290263961 40288878 40288878 0
5 11641 rs749125 139166808 1 0.00950358054826192 139166808 139166808 0
5 8805 rs6594405 109222729 1 0.00950073094935069 109222729 109222729 0
5 12053 rs10491258 144132727 2 -0.00938479720097845 144132727 144132727 0
5 7891 rs6890789 97469921 1 0.00935283893662281 97469921 97469921 0
5 11828 rs17208551 141226970 2 0.00920007067130365 141226970 141226970 0
5 13454 rs4921437 158690951 1 0.00919479332518602 158690951 158690951 0
5 11807 rs456998 141025162 1 -0.00914895447256671 141025162 141025162 0
5 1167 rs5745294 10681296 1 0.00892994689074611 10681296 10681296 0
5 7584 rs13359541 94147866 1 0.00885206788941771 94147866 94147866 0
5 8491 rs1120322 106024211 1 -0.00855846517064658 106024211 106024211 0
5 6112 rs12655684 75492702 1 0.00851709880548332 75492702 75492702 0
5 14459 rs6860533 169479360 1 -0.00851354868524733 169479360 169479360 0
5 12599 rs3763012 150404657 1 0.00844431314353881 150404657 150404657 0
5 2181 rs6875157 23710644 1 -0.00843156268596511 23710644 23710644 0
5 7286 rs876470 89127815 1 -0.00839384581237943 89127815 89127815 0
5 365 rs402272 3411611 1 0.00835798817423562 3411611 3411611 0
5 12672 rs17112022 150861701 1 -0.00835732295651031 150861701 150861701 0
5 13079 rs10515719 154803797 2 0.00826646351593852 154803797 154803797 0
5 695 rs12188231 6761511 1 0.00826293321055661 6761511 6761511 0
5 5799 rs2914544 72809831 1 -0.00824612067625162 72809831 72809831 0
5 6292 rs10514104 76808135 2 -0.00824376510693421 76808135 76808135 0
5 75 rs2963285 1550734 1 0.0082220473878139 1550734 1550734 0
5 13632 rs2176297 160388599 1 0.00816643364638103 160388599 160388599 0
5 5162 rs6865447 62325295 1 0.00803036569496746 62325295 62325295 0
5 7201 rs13357105 87457198 1 0.00800603436933846 87457198 87457198 0
5 8882 rs3806932 110405675 2 0.00794449292506668 110405675 110405675 0
5 5468 rs7721030 65933932 1 -0.00794366102113248 65933932 65933932 0
5 1806 rs17661265 18215931 1 0.00782361321048112 18215931 18215931 0
5 8854 rs10035983 109833727 1 0.00781389347596314 109833727 109833727 0
5 12985 rs17637310 153774496 1 0.00779666393573549 153774496 153774496 0
5 6138 rs16873320 75627989 2 -0.00774406388133512 75627989 75627989 0
5 6139 rs246797 75647630 1 0.00766150949465224 75647630 75647630 0
5 11493 rs6878269 136526751 1 0.00760575092035994 136526751 136526751 0
5 6166 rs17567779 75925916 1 -0.00756505490813593 75925916 75925916 0
5 13137 rs10077764 155717149 1 0.00754038677956146 155717149 155717149 0
5 11924 rs6898510 142372435 1 0.00745310496406731 142372435 142372435 0
5 8930 rs6875225 110568929 1 0.00743360387860379 110568929 110568929 0
5 10141 rs2287696 122460332 1 -0.00723622366732597 122460332 122460332 0
5 2139 rs12518494 22938343 1 -0.00723481684290557 22938343 22938343 0
5 2562 rs1025282 29351886 1 0.00721614141539722 29351886 29351886 0
5 10303 rs7713532 123587452 1 0.00714582287401989 123587452 123587452 0
5 6252 rs6863296 76616738 1 0.00712964556236541 76616738 76616738 0
5 1777 rs11958964 17791030 1 -0.00710580293771161 17791030 17791030 0
5 12372 rs10070291 148232677 1 0.00706884393180217 148232677 148232677 0
5 14081 rs1392279 165720606 1 -0.00705604413185187 165720606 165720606 0
5 10315 rs949973 123853534 2 0.00695940494283075 123853534 123853534 0
5 2811 rs7707027 31761519 1 0.00684289112933499 31761519 31761519 0
5 3174 rs32745 35357174 1 0.00675672350604543 35357174 35357174 0
5 11744 rs2907320 140606802 1 -0.00669147967565144 140606802 140606802 0
5 12000 rs6580305 143223748 1 -0.00664749201656797 143223748 143223748 0
5 1256 rs10474912 11239180 1 -0.00659133953013263 11239180 11239180 0
5 430 rs10866562 4110205 1 0.00658193422183695 4110205 4110205 0
5 11706 rs3756325 140368859 1 -0.00656525766993112 140368859 140368859 0
5 274 rs2974686 2939706 1 0.00640369589638104 2939706 2939706 0
5 4949 rs4302546 59522505 2 0.00636828757984161 59522505 59522505 0
5 3148 rs37383 35092969 1 -0.00634784273665899 35092969 35092969 0
5 7525 rs4541642 92588936 1 -0.00632852443987123 92588936 92588936 0
5 14959 rs2471015 174756703 1 0.00632687655940638 174756703 174756703 0
5 4134 rs2042337 52114465 1 -0.00632064015078011 52114465 52114465 0
5 306 rs13187652 3095939 1 0.00627094507798891 3095939 3095939 0
5 3913 rs7713458 43637233 2 -0.00617177513319267 43637233 43637233 0
5 395 rs6892937 3684777 1 0.00617009495860916 3684777 3684777 0
5 1931 rs770301 19537726 2 0.00616311933555056 19537726 19537726 0
5 13466 rs2546890 158759900 2 0.00608677176196785 158759900 158759900 0
5 7494 rs258953 92148132 2 -0.00608250683808611 92148132 92148132 0
5 8416 rs249557 104682427 1 0.00603256502900745 104682427 104682427 0
5 3152 rs2962101 35135741 2 -0.00602007834764153 35135741 35135741 0
5 4546 rs10051671 56009384 1 -0.00600605729227829 56009384 56009384 0
5 4525 rs458036 55816081 1 0.00600256643728524 55816081 55816081 0
5 7493 rs13165943 92139632 2 0.00599480104904799 92139632 92139632 0
5 3404 rs7713266 37913527 1 0.00597320733298242 37913527 37913527 0
5 14689 rs7715908 172243695 1 0.00596457264603021 172243695 172243695 0
5 12841 rs6579997 152493628 1 -0.00588552416321581 152493628 152493628 0
5 5650 rs11743274 68220909 1 -0.00585476979502047 68220909 68220909 0
5 6725 rs11747149 81198579 1 0.00584536913248045 81198579 81198579 0
5 13389 rs10515765 157947537 1 0.00578914907910829 157947537 157947537 0
5 8806 rs2416223 109224099 1 0.00568519580140048 109224099 109224099 0
5 9135 rs7732695 112495421 1 0.00562792898041543 112495421 112495421 0
5 8973 rs17842606 111057235 1 -0.00561097633878355 111057235 111057235 0
5 3742 rs896117 40999419 1 -0.00560903141302387 40999419 40999419 0
5 863 rs1377490 8036594 2 0.00560548663623364 8036594 8036594 0
5 10310 rs257706 123740639 1 0.00558055690649345 123740639 123740639 0
5 4562 rs13356762 56110992 1 -0.00555801792413169 56110992 56110992 0
5 1524 rs149123 14222340 2 0.00552804184986422 14222340 14222340 0
5 10131 rs570682 122449650 1 -0.00548716356956076 122449650 122449650 0
5 4881 rs1445918 58681857 1 0.00545888617446707 58681857 58681857 0
5 5343 rs3776042 64558111 1 -0.00543616750552416 64558111 64558111 0
5 8219 rs6883528 101836140 1 -0.00541240788856021 101836140 101836140 0
5 2664 rs6878545 30407686 1 0.0053356982793168 30407686 30407686 0
5 441 rs7731506 4297423 1 -0.0052936315633506 4297423 4297423 0
5 5731 rs13153166 71494931 1 0.00527182672981869 71494931 71494931 0
5 14442 rs6555879 169391322 2 0.00521775119960747 169391322 169391322 0
5 5273 rs2968294 63512436 1 -0.00520699109434933 63512436 63512436 0
5 3117 rs3846632 34863220 2 -0.00517249541489733 34863220 34863220 0
5 1298 rs7713093 11593348 1 0.00514135465160501 11593348 11593348 0
5 9661 rs6891446 117489644 1 -0.00508946499098555 117489644 117489644 0
5 2815 rs11738489 31798252 2 -0.0050726602380915 31798252 31798252 0
5 1557 rs6895973 14621711 1 0.00506629724053113 14621711 14621711 0
5 14976 rs10039221 174861613 1 -0.00501101019122051 174861613 174861613 0
5 10459 rs13165374 125149358 1 0.00501054967062453 125149358 125149358 0
5 5146 rs16890998 62033116 1 0.00500458270588767 62033116 62033116 0
5 11672 rs1030667 139658794 1 0.00499270733645633 139658794 139658794 0
5 6775 rs905219 81882182 1 0.00498401744984615 81882182 81882182 0
5 7660 rs6866194 94919966 1 0.00497588598450941 94919966 94919966 0
5 900 rs10512951 8303911 1 0.0049665351107165 8303911 8303911 0
5 3482 rs7723735 38753979 1 -0.00495854303953241 38753979 38753979 0
5 7533 rs17370695 92906685 1 -0.00493587986674405 92906685 92906685 0
5 10124 rs34341374 122364538 1 0.00488735318128027 122364538 122364538 0
5 10681 rs1520246 127266725 1 0.00484626252764021 127266725 127266725 0
5 15134 rs7722612 177826469 2 0.00479038786234862 177826469 177826469 0
5 2265 rs1389221 24884260 1 0.00478949379654522 24884260 24884260 0
5 13956 rs10064772 164368235 1 0.00474813360311868 164368235 164368235 0
5 14911 rs7728861 174180561 1 0.00468482594574369 174180561 174180561 0
5 12701 rs11167551 151004915 1 -0.00467808014507979 151004915 151004915 0
5 3653 rs6893565 40293299 1 0.0046457860376712 40293299 40293299 0
5 12744 rs159822 151467672 2 0.00462384717644564 151467672 151467672 0
5 477 rs16874171 4875420 1 0.00460564004212333 4875420 4875420 0
5 8816 rs11959815 109399630 1 0.0045615652762676 109399630 109399630 0
5 7129 rs11746597 86128792 1 -0.00455667268187454 86128792 86128792 0
5 9653 rs10074918 117434840 1 -0.00455422166957589 117434840 117434840 0
5 13918 rs6556742 163681411 2 0.00454565110374706 163681411 163681411 0
5 14412 rs371856 169146825 1 0.00453888521385513 169146825 169146825 0
5 14954 rs3955072 174708042 1 0.00453599517246281 174708042 174708042 0
5 10720 rs56168072 127666298 1 -0.00453485879988547 127666298 127666298 0
5 1217 rs860434 10954186 2 0.00453475171243295 10954186 10954186 0
5 852 rs7722615 7989257 2 -0.00451762644429717 7989257 7989257 0
5 10132 rs335182 122450824 1 -0.0044758300671482 122450824 122450824 0
5 9300 rs3891371 113834663 1 0.00442899026120179 113834663 113834663 0
5 7295 rs10059737 89517833 1 0.00441278957894092 89517833 89517833 0
5 11283 rs258514 133809801 2 -0.00438314083793002 133809801 133809801 0
5 8846 rs17132048 109732649 1 0.00434379384401855 109732649 109732649 0
5 479 rs670424 4876172 1 -0.00433690103364796 4876172 4876172 0
5 7791 rs469783 96121524 1 -0.00432088143210739 96121524 96121524 0
5 13327 rs6882516 157182897 2 0.00428654632324573 157182897 157182897 0
5 7419 rs6452949 90645137 1 -0.0042788327770229 90645137 90645137 0
5 14899 rs6878215 174060774 1 0.00427872996289651 174060774 174060774 0
5 10354 rs6595551 124139895 1 0.00427004370536975 124139895 124139895 0
5 5500 rs257699 66134711 2 -0.00422825647841524 66134711 66134711 0
5 14174 rs1030669 166881177 1 -0.00422112047808762 166881177 166881177 0
5 12585 rs13158099 150372984 1 -0.00418405591837257 150372984 150372984 0
5 273 rs2404802 2934319 1 -0.00415004380736482 2934319 2934319 0
5 11747 rs2907308 140614830 1 -0.00414134603140069 140614830 140614830 0
5 14955 rs13185639 174727366 1 -0.00413886823461672 174727366 174727366 0
5 14582 rs7707008 170801952 1 0.00413770609181096 170801952 170801952 0
5 8594 rs6887589 107011559 2 -0.00413250174719714 107011559 107011559 0
5 14857 rs1427958 173819523 1 0.00413123221543938 173819523 173819523 0
5 6546 rs10805934 79603708 1 0.00409836711109275 79603708 79603708 0
5 14675 rs6556035 172079889 1 0.00404189971351403 172079889 172079889 0
5 3466 rs2561140 38361483 1 0.00401884387487749 38361483 38361483 0
5 9668 rs872869 117504469 1 -0.00399769137147822 117504469 117504469 0
5 4409 rs1991498 54170032 2 -0.00396205150972201 54170032 54170032 0
5 3346 rs1025288 36702864 1 -0.00394158986459743 36702864 36702864 0
5 6969 rs11958924 84177643 1 -0.00391766278161668 84177643 84177643 0
5 103 rs7703762 1797548 1 -0.0039021719338481 1797548 1797548 0
5 8629 rs17160677 107191287 1 -0.00388504872053373 107191287 107191287 0
5 416 rs680810 3993746 1 0.00386410263384722 3993746 3993746 0
5 7778 rs27524 96101944 1 -0.0038621289330168 96101944 96101944 0
5 5380 rs1301451 65067041 1 -0.00385607970331839 65067041 65067041 0
5 322 rs468828 3152858 1 0.0038545795975164 3152858 3152858 0
5 15269 rs456909 178659691 1 0.00384938838264863 178659691 178659691 0
5 14525 rs11957313 169950394 1 0.00384705216953359 169950394 169950394 0
5 13459 rs10056599 158722910 1 0.00382153325656674 158722910 158722910 0
5 5140 rs10514950 62020357 1 0.0038183563396496 62020357 62020357 0
5 13556 rs2431697 159879978 1 0.00380553156267885 159879978 159879978 0
5 6692 rs11740719 80723458 2 -0.0037997523364393 80723458 80723458 0
5 5072 rs4700442 61117272 1 -0.00379939572568911 61117272 61117272 0
5 3995 rs7446150 50332780 1 0.00379746951907062 50332780 50332780 0
5 4394 rs4282276 54011945 2 -0.00379576868733294 54011945 54011945 0
5 2511 rs4266409 28489325 1 0.00378170973623676 28489325 28489325 0
5 12504 rs3828609 149432863 1 -0.00377054454446444 149432863 149432863 0
5 3305 rs12659453 36354241 1 -0.00364945985851892 36354241 36354241 0
5 6943 rs10051998 84018132 2 0.00363609404986425 84018132 84018132 0
5 10346 rs13162151 124004404 1 -0.00358957462541802 124004404 124004404 0
5 8868 rs27591 110095938 2 -0.0035861371790482 110095938 110095938 0
5 10991 rs247011 131359614 2 -0.00356752809276571 131359614 131359614 0
5 2806 rs6450855 31711429 1 0.00354688399174312 31711429 31711429 0
5 3933 rs1011814 44335820 1 0.00353530829823697 44335820 44335820 0
5 2047 rs13162954 21743174 1 0.0035310423261746 21743174 21743174 0
5 2514 rs7712190 28494521 2 -0.00352764217419051 28494521 28494521 0
5 13401 rs1650506 158030482 1 0.00345935456007948 158030482 158030482 0
5 14207 rs39950 167351652 1 -0.00345399275343683 167351652 167351652 0
5 15021 rs34767982 176004680 1 0.00345050363413536 176004680 176004680 0
5 1166 rs10271 10680749 1 0.00341890495247341 10680749 10680749 0
5 2844 rs2291114 32074392 2 0.00340606762413565 32074392 32074392 0
5 1725 rs4129967 17000364 1 -0.00339085621638281 17000364 17000364 0
5 12906 rs1422884 153009489 1 0.00338018592427896 153009489 153009489 0
5 14684 rs34471628 172196752 1 -0.00337356241642657 172196752 172196752 0
5 722 rs7736268 7071229 1 -0.0033642808549164 7071229 7071229 0
5 139 rs1872775 1999840 1 0.00336205282363611 1999840 1999840 0
5 10791 rs9327490 128136519 1 0.00336135060110296 128136519 128136519 0
5 14005 rs9790890 164786295 1 0.00335006076608692 164786295 164786295 0
5 6321 rs354616 77122240 2 0.00333877500859751 77122240 77122240 0
5 1206 rs6554614 10905445 1 -0.00333150604662176 10905445 10905445 0
5 1831 rs7701168 18581767 1 0.00328756935399391 18581767 18581767 0
5 6320 rs1396612 77121824 1 0.00328025074367533 77121824 77121824 0
5 14370 rs10866632 168649621 1 -0.00326535328311118 168649621 168649621 0
5 14721 rs370164 172515643 1 -0.0032641447259873 172515643 172515643 0
5 5792 rs6863278 72691388 1 0.00325777086351507 72691388 72691388 0
5 7029 rs12523369 85132877 1 0.00324861640356242 85132877 85132877 0
5 1187 rs13153621 10771228 1 -0.00324100907758967 10771228 10771228 0
5 12741 rs693104 151463117 1 0.0032338399186376 151463117 151463117 0
5 13200 rs282466 156153399 1 -0.00321366137565571 156153399 156153399 0
5 4572 rs832575 56161787 1 -0.00320987173927108 56161787 56161787 0
5 5642 rs13175238 68058660 1 0.00316887792905217 68058660 68058660 0
5 14 rs732111 407230 1 -0.00314738875502691 407230 407230 0
5 4087 rs1600175 51872258 1 0.00313962026224371 51872258 51872258 0
5 8370 rs10069629 104212940 2 0.00312434967542977 104212940 104212940 0
5 11302 rs139800400 134343662 1 0.00310898357964403 134343662 134343662 0
5 15316 rs3797764 179439345 1 -0.00310464788529861 179439345 179439345 0
5 13108 rs17118094 154989490 1 0.00310364603569109 154989490 154989490 0
5 7582 rs6888297 94137963 1 0.00309725502332363 94137963 94137963 0
5 1864 rs4597970 18971937 2 0.0030954412026063 18971937 18971937 0
5 15331 rs11249682 179618961 1 -0.00309445324639512 179618961 179618961 0
5 7365 rs2438361 90090437 1 -0.00307751056718675 90090437 90090437 0
5 11951 rs258813 142674690 1 0.00302294719573832 142674690 142674690 0
5 15022 rs1545976 176006611 2 0.00299415243498932 176006611 176006611 0
5 12550 rs10061076 149859235 1 -0.00299403084121666 149859235 149859235 0
5 12272 rs12656141 147116733 1 0.0029910186020308 147116733 147116733 0
5 10811 rs2577424 128312492 1 0.00298365061550118 128312492 128312492 0
5 12346 rs10075211 147839537 1 0.00297633364403036 147839537 147839537 0
5 3609 rs6865476 40025084 2 0.00297572093931247 40025084 40025084 0
5 13858 rs12654614 162985655 1 -0.00296514545467814 162985655 162985655 0
5 13833 rs2069352 162868905 1 0.00291319788687626 162868905 162868905 0
5 5075 rs4700448 61161048 1 0.00290218098609349 61161048 61161048 0
5 572 rs32566 5792507 2 -0.00289551315098279 5792507 5792507 0
5 462 rs4702913 4700587 1 -0.00288457619563932 4700587 4700587 0
5 6779 rs924619 81953043 2 -0.00288260014491366 81953043 81953043 0
5 9301 rs1364939 113857863 1 0.0028581911068407 113857863 113857863 0
5 5803 rs17633441 72928247 1 0.00284854927434139 72928247 72928247 0
5 7586 rs255367 94174183 1 0.00282348667866521 94174183 94174183 0
5 13242 rs1030270 156703572 1 -0.00281884605962803 156703572 156703572 0
5 14194 rs7723247 167115062 1 0.002815082833092 167115062 167115062 0
5 7943 rs727637 98213991 1 0.00279165527627959 98213991 98213991 0
5 14227 rs11134488 167542656 2 -0.00278597691048939 167542656 167542656 0
5 4129 rs6896291 52105776 2 0.00277515485365957 52105776 52105776 0
5 9148 rs10519348 112601878 2 0.00276938474838174 112601878 112601878 0
5 8884 rs7723819 110427347 1 -0.00275342667718314 110427347 110427347 0
5 174 rs462498 2339273 1 0.00272954328076254 2339273 2339273 0
5 4446 rs2897834 54938579 1 0.0027259779743655 54938579 54938579 0
5 10383 rs6892878 124525027 1 0.00271551182234151 124525027 124525027 0
5 14228 rs7722031 167543205 2 0.00270878731405385 167543205 167543205 0
5 8555 rs7711379 106674243 1 -0.00268599696260594 106674243 106674243 0
5 10815 rs1181983 128330093 1 -0.0026493169920852 128330093 128330093 0
5 15284 rs11743487 178887382 1 0.00263441916993376 178887382 178887382 0
5 11777 rs72790032 140773111 1 0.00263233701852182 140773111 140773111 0
5 10079 rs3811873 121793477 1 0.00262425700808987 121793477 121793477 0
5 2465 rs6862995 27824645 1 0.0026227060199525 27824645 27824645 0
5 7821 rs6861666 96205801 1 0.00261975742688073 96205801 96205801 0
5 1395 rs6554760 13238542 1 0.0026177664526421 13238542 13238542 0
5 4184 rs1363192 52338083 1 0.00260962556028311 52338083 52338083 0
5 14266 rs10475878 167790204 1 0.00260627910750611 167790204 167790204 0
5 939 rs12653550 8554971 2 0.00259706487365014 8554971 8554971 0
5 13014 rs4958756 154045825 1 0.0025901119574513 154045825 154045825 0
5 9795 rs2546210 118827601 1 0.00257729937283352 118827601 118827601 0
5 2359 rs7704909 25898921 1 0.00257231410957469 25898921 25898921 0
5 1182 rs267949 10743929 1 0.00255430246822253 10743929 10743929 0
5 5274 rs7713289 63519190 1 -0.00254112116304509 63519190 63519190 0
5 13235 rs40563 156637347 1 0.00253812547607564 156637347 156637347 0
5 14313 rs1864952 168139239 1 -0.00253297369798534 168139239 168139239 0
5 1772 rs1399486 17767272 2 0.00252872554427934 17767272 17767272 0
5 12441 rs11750184 148846518 2 -0.00252796870921953 148846518 148846518 0
5 6564 rs12515731 79666489 1 -0.00252468014764893 79666489 79666489 0
5 7530 rs7715034 92754902 1 -0.00251333955003946 92754902 92754902 0
5 11832 rs10078983 141398031 1 0.00251308363334387 141398031 141398031 0
5 5074 rs4699986 61150440 1 0.00251082808125291 61150440 61150440 0
5 6433 rs7702071 78660354 2 -0.00248955473193823 78660354 78660354 0
5 3126 rs37440 34948532 1 0.00248341841628646 34948532 34948532 0
5 8889 rs1379298 110435726 1 0.00247569152672773 110435726 110435726 0
5 463 rs7711434 4724332 1 0.00245612757583748 4724332 4724332 0
5 3260 rs10472267 35940365 1 -0.00245032192491836 35940365 35940365 0
5 4042 rs16879348 51292487 1 0.00244745931248341 51292487 51292487 0
5 14140 rs10516026 166224576 1 -0.00244694915389531 166224576 166224576 0
5 9616 rs265871 116843574 1 -0.00243870353821466 116843574 116843574 0
5 5652 rs10044075 68231686 1 0.00242335383695024 68231686 68231686 0
5 14247 rs13180204 167622914 2 -0.00241763439479828 167622914 167622914 0
5 15276 rs2271214 178770718 1 -0.00240256803284628 178770718 178770718 0
5 11782 rs3749768 140789819 1 0.00239193673158175 140789819 140789819 0
5 255 rs1353631 2834856 1 -0.00238469489207969 2834856 2834856 0
5 13675 rs2010725 160684920 1 0.0023842312219802 160684920 160684920 0
5 12990 rs3776996 153797049 1 0.00238005375791743 153797049 153797049 0
5 13578 rs1363197 160069545 1 -0.00237904582431995 160069545 160069545 0
5 7167 rs13158939 86946130 1 0.00236802130306522 86946130 86946130 0
5 3711 rs10065570 40835627 1 -0.00235897672616047 40835627 40835627 0
5 14915 rs6870098 174195202 1 0.00235658454523262 174195202 174195202 0
5 10578 rs34241005 125923632 1 0.00235290365350979 125923632 125923632 0
5 15050 rs7718874 176358065 1 0.00233938473152706 176358065 176358065 0
5 9358 rs6866580 114466145 2 0.0023325142924242 114466145 114466145 0
5 291 rs7728601 3064862 1 -0.00233229042978032 3064862 3064862 0
5 3175 rs32746 35358663 1 -0.00232577683945214 35358663 35358663 0
5 1155 rs9790911 10585287 1 0.00230035741449863 10585287 10585287 0
5 16 rs17562461 411361 1 -0.00229484525808437 411361 411361 0
5 3279 rs586382 36052919 2 0.0022934758775002 36052919 36052919 0
5 9774 rs6888116 118659579 1 0.00229222446626691 118659579 118659579 0
5 9636 rs10085098 117017440 1 0.00228973205545963 117017440 117017440 0
5 8703 rs13177718 108113344 1 -0.0022662538886763 108113344 108113344 0
5 12905 rs12522802 152942223 1 -0.00226536961865478 152942223 152942223 0
5 3721 rs324058 40961894 2 -0.00226101827034914 40961894 40961894 0
5 14481 rs7729440 169568872 2 0.00225501350564961 169568872 169568872 0
5 11196 rs17642974 132941794 1 -0.00225220639420207 132941794 132941794 0
5 9575 rs6594987 116228312 1 0.0022253269400237 116228312 116228312 0
5 13834 rs6877450 162877645 1 -0.00220948624930616 162877645 162877645 0
5 5871 rs194274 73308343 1 0.00218230422696981 73308343 73308343 0
5 4315 rs16882424 53492282 1 -0.00217136470496169 53492282 53492282 0
5 3784 rs10071904 41219940 1 0.00214472984540394 41219940 41219940 0
5 6932 rs305661 83681037 1 0.00214088898004507 83681037 83681037 0
5 9417 rs3797570 115169920 1 -0.00214070568328972 115169920 115169920 0
5 5056 rs10514916 60976083 2 -0.00213607516482492 60976083 60976083 0
5 7294 rs930544 89462944 1 -0.00212727301604621 89462944 89462944 0
5 733 rs13161773 7118462 1 0.00211734591892702 7118462 7118462 0
5 4896 rs2547917 58713680 1 0.00210940961658601 58713680 58713680 0
5 6882 rs10063526 83145042 1 0.00209317367540303 83145042 83145042 0
5 1739 rs298528 17235998 1 0.00207328405992311 17235998 17235998 0
5 13625 rs938541 160356606 1 0.00206949374396436 160356606 160356606 0
5 6908 rs2269287 83360520 1 -0.00205658886395382 83360520 83360520 0
5 1481 rs2102443 13995605 1 0.00205050652033136 13995605 13995605 0
5 12484 rs741580 149201670 1 -0.00205042813061447 149201670 149201670 0
5 5528 rs1428478 66537711 2 0.00204496202493373 66537711 66537711 0
5 5804 rs6890730 72933055 2 -0.00204421254283576 72933055 72933055 0
5 6345 rs7733511 77500665 1 -0.00204066124526798 77500665 77500665 0
5 10754 rs7704040 127924756 1 -0.00203513377302039 127924756 127924756 0
5 92 rs1392466 1744484 1 -0.0020350002946785198 1744484 1744484 0
5 8366 rs1632744 104199060 1 0.00203086500046499 104199060 104199060 0
5 268 rs2974657 2901649 1 -0.00200861108961396 2901649 2901649 0
5 69 rs36987 1499175 1 0.00200042731773329 1499175 1499175 0
5 154 rs4975819 2103617 1 -0.00198392440140839 2103617 2103617 0
5 300 rs6879233 3084205 1 -0.00198016678775691 3084205 3084205 0
5 2390 rs9293230 26293800 1 -0.00197418776680382 26293800 26293800 0
5 9054 rs379440 111693371 1 0.00197011166681635 111693371 111693371 0
5 10285 rs1862404 123350243 1 -0.00196562644389444 123350243 123350243 0
5 4927 rs1369285 59280611 1 0.00193690293475724 59280611 59280611 0
5 4048 rs10064799 51431680 1 -0.00193613335555772 51431680 51431680 0
5 11859 rs249660 141577451 1 -0.00192664207833943 141577451 141577451 0
5 2970 rs77581578 33549374 1 0.00192453719202539 33549374 33549374 0
5 359 rs7711995 3337491 1 -0.00191881739043056 3337491 3337491 0
5 4505 rs286012 55702460 1 -0.00191783969629469 55702460 55702460 0
5 10090 rs13156690 121987792 1 -0.00191162931063412 121987792 121987792 0
5 10607 rs6860581 126377240 1 -0.00190810173608131 126377240 126377240 0
5 5754 rs3112482 71750900 1 0.00189421572562396 71750900 71750900 0
5 5609 rs6876003 67571413 1 0.00187352588766285 67571413 67571413 0
5 7495 rs1429056 92149000 1 0.00186564197093257 92149000 92149000 0
5 1080 rs3094348 9770335 2 0.00186389569338017 9770335 9770335 0
5 13393 rs7732691 157957642 1 0.0018627620490025 157957642 157957642 0
5 13109 rs7728980 155001507 1 0.00185933249306733 155001507 155001507 0
5 7480 rs10075131 92047795 1 0.00185706844728357 92047795 92047795 0
5 1717 rs29448 16907538 1 0.00185044843287712 16907538 16907538 0
5 906 rs2940556 8349784 1 0.00184190287616698 8349784 8349784 0
5 223 rs6859765 2652947 1 -0.00184181142897353 2652947 2652947 0
5 13742 rs998754 161325934 2 -0.00183623316714909 161325934 161325934 0
5 5891 rs1444560 73490564 1 -0.00183472622375307 73490564 73490564 0
5 5071 rs6449559 61107460 1 0.00182894813802858 61107460 61107460 0
5 7847 rs7703556 96529990 1 0.00182723176009106 96529990 96529990 0
5 11251 rs12515157 133202612 1 0.00182650998584453 133202612 133202612 0
5 7862 rs7704593 97153609 1 -0.00182574458935537 97153609 97153609 0
5 3210 rs16902391 35675616 1 0.00182206722872625 35675616 35675616 0
5 8431 rs1423388 104950655 1 0.00182204875654492 104950655 104950655 0
5 7307 rs4129345 89734152 1 -0.00182003880150856 89734152 89734152 0
5 14386 rs6555860 168828290 1 -0.0018031453176225 168828290 168828290 0
5 730 rs2047313 7116244 1 0.00179130757592598 7116244 7116244 0
5 4495 rs158640 55611694 2 -0.0017842580142675 55611694 55611694 0
5 11398 rs6861956 135409014 1 -0.00178417921673947 135409014 135409014 0
5 14780 rs703724 173120513 2 0.00177133629858038 173120513 173120513 0
5 4128 rs10512997 52104763 1 0.00176934417696486 52104763 52104763 0
5 4728 rs185425 57630221 1 -0.00176809388588619 57630221 57630221 0
5 10665 rs11241937 127006007 1 0.00176423595193678 127006007 127006007 0
5 9819 rs330206 119011525 1 0.00176156748281098 119011525 119011525 0
5 382 rs710992 3518216 1 -0.00176093580951416 3518216 3518216 0
5 1309 rs4701924 11870554 1 -0.00175703693792104 11870554 11870554 0
5 8422 rs1423209 104721409 1 -0.00175579722980998 104721409 104721409 0
5 8166 rs4272111 101319870 1 -0.0017557403242527 101319870 101319870 0
5 2563 rs12513688 29361880 2 -0.00175401185530175 29361880 29361880 0
5 14216 rs7714553 167466119 1 0.00173205966935494 167466119 167466119 0
5 11151 rs13178251 132495185 1 -0.00172290945083265 132495185 132495185 0
5 10438 rs902596 125007623 1 0.00172128249759353 125007623 125007623 0
5 2680 rs1553238 30805404 1 0.00171970100724601 30805404 30805404 0
5 9125 rs4705541 112452969 1 -0.00171131994053513 112452969 112452969 0
5 6690 rs1013009 80704269 1 -0.00170686854648602 80704269 80704269 0
5 7989 rs2602958 99226983 1 0.00169974052491804 99226983 99226983 0
5 8432 rs13154551 104957493 2 0.00169170383944845 104957493 104957493 0
5 9416 rs1058600 115166713 1 -0.0016901975434811 115166713 115166713 0
5 11339 rs779562 134729522 1 -0.00168545117634568 134729522 134729522 0
5 3329 rs1366634 36570469 1 -0.00168520445835695 36570469 36570469 0
5 5611 rs3815701 67575642 1 -0.00168158973608406 67575642 67575642 0
5 2090 rs6863831 22114849 1 -0.00167864147355379 22114849 22114849 0
5 4108 rs1450952 52034098 2 -0.00167289304756373 52034098 52034098 0
5 10731 rs1561006 127712056 1 -0.0016666844758667 127712056 127712056 0
5 15052 rs365132 176378574 1 0.00166444475369406 176378574 176378574 0
5 14272 rs4976606 167851168 1 0.00165768786970092 167851168 167851168 0
5 13673 rs1511607 160666416 1 0.0016561760636317 160666416 160666416 0
5 7659 rs17084869 94858574 1 -0.00165595134085689 94858574 94858574 0
5 14944 rs4868495 174611803 1 -0.00165437332674832 174611803 174611803 0
5 2745 rs12657313 31284709 1 0.00165030961923831 31284709 31284709 0
5 8893 rs10051830 110452845 1 0.00163703334134323 110452845 110452845 0
5 11159 rs6871976 132550830 1 -0.00163544762036773 132550830 132550830 0
5 8448 rs10464022 105100680 1 -0.00163052766431874 105100680 105100680 0
5 1454 rs1354185 13761068 1 -0.00162953808878332 13761068 13761068 0
5 14938 rs13186454 174569103 1 -0.00162107055493981 174569103 174569103 0
5 6713 rs10035917 81022494 1 0.0016188699748039 81022494 81022494 0
5 12140 rs443033 145210041 1 0.00160903182352714 145210041 145210041 0
5 11667 rs269783 139515394 1 0.00160788668081523 139515394 139515394 0
5 1726 rs12519524 17078227 1 -0.00160417205480868 17078227 17078227 0
5 3349 rs16903304 36731225 2 0.00160198265392199 36731225 36731225 0
5 2230 rs12518573 24261955 1 0.00160125405132333 24261955 24261955 0
5 7163 rs13185988 86913944 1 -0.00159509148731263 86913944 86913944 0
5 9822 rs330201 119017300 1 -0.00158825955316937 119017300 119017300 0
5 1793 rs10941929 17981553 1 0.00158368797408611 17981553 17981553 0
5 1598 rs4702100 15694620 1 0.00158368334145805 15694620 15694620 0
5 5835 rs2973558 73163965 2 -0.00157757463183149 73163965 73163965 0
5 1045 rs28263 9373641 1 0.00157570478523366 9373641 9373641 0
5 10916 rs2418539 129615610 1 -0.00157509225399863 129615610 129615610 0
5 7282 rs819355 89084473 1 0.00157188461761653 89084473 89084473 0
5 14669 rs714715 172013286 1 -0.00156726849853564 172013286 172013286 0
5 15259 rs10039254 178570914 1 -0.00155871468382315 178570914 178570914 0
5 3107 rs462492 34800987 1 0.00155537085640849 34800987 34800987 0
5 5350 rs1389319 64626453 1 -0.00155505978376448 64626453 64626453 0
5 1107 rs10057739 9990381 1 0.00155039402796429 9990381 9990381 0
5 13336 rs2430586 157329451 1 0.00153620181051953 157329451 157329451 0
5 2518 rs10940731 28495829 2 -0.00153337890556014 28495829 28495829 0
5 9038 rs13361927 111605951 1 -0.00153095660305569 111605951 111605951 0
5 101 rs12514619 1783655 1 -0.00152876525590138 1783655 1783655 0
5 14148 rs7724662 166325332 1 -0.00152525651308992 166325332 166325332 0
5 8111 rs1380391 100618922 2 -0.00151998589501891 100618922 100618922 0
5 12620 rs3762999 150469426 1 0.0015182557101685 150469426 150469426 0
5 14835 rs10064200 173710328 1 0.00151703552925741 173710328 173710328 0
5 4859 rs27184 58575323 1 -0.00151395423920018 58575323 58575323 0
5 9070 rs3934641 111891417 1 0.00151229730134701 111891417 111891417 0
5 2296 rs11952846 25319179 1 -0.0015104218914116 25319179 25319179 0
5 3646 rs353365 40228613 1 0.0015092134717259 40228613 40228613 0
5 2112 rs1911963 22445794 1 -0.00149256998563149 22445794 22445794 0
5 7706 rs7717348 95407894 1 -0.00148596642882333 95407894 95407894 0
5 9176 rs11953478 112769659 1 -0.00148256617813777 112769659 112769659 0
5 9764 rs3992620 118530872 1 0.0014794684710528 118530872 118530872 0
5 2120 rs17333711 22474601 1 0.00146050410611848 22474601 22474601 0
5 5306 rs1363953 64064943 1 -0.00145689835036562 64064943 64064943 0
5 2864 rs818600 32466436 1 0.00144908379287838 32466436 32466436 0
5 10380 rs930413 124493324 1 -0.00144362700462377 124493324 124493324 0
5 14149 rs6863941 166355313 1 0.0014421592745277 166355313 166355313 0
5 599 rs657865 5943861 1 -0.00143666203973385 5943861 5943861 0
5 12833 rs1010100 152354943 1 -0.00143433867482845 152354943 152354943 0
5 9446 rs10519434 115315701 1 -0.00142023944588957 115315701 115315701 0
5 11330 rs4976285 134609822 1 0.00141785398815287 134609822 134609822 0
5 14116 rs2122554 165957086 1 0.00141701171447682 165957086 165957086 0
5 11317 rs11242232 134406317 1 0.00141263865877245 134406317 134406317 0
5 4575 rs702689 56177443 1 -0.00140480896355436 56177443 56177443 0
5 8675 rs10074427 107926149 1 -0.00140320879433456 107926149 107926149 0
5 1417 rs7721512 13399475 1 -0.00139628294969226 13399475 13399475 0
5 9478 rs2662468 115382097 1 0.00139434131619851 115382097 115382097 0
5 7607 rs722722 94329800 1 -0.00139334965678819 94329800 94329800 0
5 1120 rs13185499 10175162 1 -0.00138801062902621 10175162 10175162 0
5 14337 rs752498 168380180 1 0.00136965000629784 168380180 168380180 0
5 5919 rs294986 73683039 1 -0.00136921497926811 73683039 73683039 0
5 7423 rs6862125 90724598 1 0.00136734650820289 90724598 90724598 0
5 8258 rs291873 102840482 1 -0.00136267438981931 102840482 102840482 0
5 11805 rs32957 141021096 1 0.00135560119773134 141021096 141021096 0
5 15277 rs368080 178796142 1 -0.0013493718384754 178796142 178796142 0
5 4119 rs1363959 52071371 1 0.00132805243364799 52071371 52071371 0
5 6476 rs16877151 79030346 1 0.00132304427478614 79030346 79030346 0
5 14722 rs251235 172532283 1 -0.00131778273540889 172532283 172532283 0
5 4165 rs1645761 52297242 1 0.00131326995286243 52297242 52297242 0
5 13330 rs10050757 157201700 1 -0.00131257135638878 157201700 157201700 0
5 13881 rs446288 163265421 1 0.00130895348299969 163265421 163265421 0
5 4792 rs9292179 58128623 1 0.00130772157703405 58128623 58128623 0
5 8430 rs11952396 104898706 1 0.00130239576280577 104898706 104898706 0
5 12265 rs6580495 147068464 1 0.00130094098574527 147068464 147068464 0
5 15382 rs416574 180626927 2 -0.00129237266335176 180626927 180626927 0
5 14175 rs4869044 166882756 2 0.00128501936855938 166882756 166882756 0
5 7366 rs2438374 90107108 2 0.00128464375776963 90107108 90107108 0
5 1279 rs31899 11429782 1 0.00128418815307786 11429782 11429782 0
5 3213 rs6894157 35686341 1 0.00128360947297695 35686341 35686341 0
5 5029 rs7446842 60533515 1 0.00128352346249899 60533515 60533515 0
5 2987 rs966855 33699777 1 0.0012764062874057 33699777 33699777 0
5 12388 rs2400711 148321436 1 -0.00127401863594908 148321436 148321436 0
5 8369 rs10074959 104208013 2 -0.00127397216570943 104208013 104208013 0
5 2069 rs10045440 21872292 1 -0.00127066636162268 21872292 21872292 0
5 6076 rs13180297 75297146 1 0.00126857491274694 75297146 75297146 0
5 11335 rs3776209 134692112 1 -0.0012625931859898 134692112 134692112 0
5 6175 rs1038920 75957624 1 -0.001262542385233 75957624 75957624 0
5 10832 rs17839625 128417940 1 0.00126048203241352 128417940 128417940 0
5 14621 rs4867660 171402128 1 0.00125842518052242 171402128 171402128 0
5 12561 rs11739838 149972167 1 -0.00125726758077431 149972167 149972167 0
5 8170 rs7356754 101328984 1 -0.00124639342110467 101328984 101328984 0
5 10290 rs17151176 123384579 2 -0.0012440289219268 123384579 123384579 0
5 7028 rs12520429 85132635 1 0.00123892829074384 85132635 85132635 0
5 11724 rs35620136 140530718 1 0.00123388052374178 140530718 140530718 0
5 7772 rs2290674 96084431 2 0.0012325509846286 96084431 96084431 0
5 5874 rs10072489 73420143 1 0.00122324276219893 73420143 73420143 0
5 4827 rs12109774 58388213 1 0.00122179957447479 58388213 58388213 0
5 4918 rs10514888 59152509 2 -0.00122161410899788 59152509 59152509 0
5 8620 rs249981 107110109 1 0.0012189014211891 107110109 107110109 0
5 4318 rs35952 53592163 1 0.00121522884790268 53592163 53592163 0
5 1257 rs441973 11277256 1 0.00121300607237062 11277256 11277256 0
5 14640 rs17074452 171639152 1 -0.00121282339410967 171639152 171639152 0
5 4401 rs10077228 54035625 1 0.00121016562789597 54035625 54035625 0
5 13788 rs6556633 162211967 1 0.00120717469232747 162211967 162211967 0
5 3475 rs13190535 38650637 2 -0.00120382477726112 38650637 38650637 0
5 11378 rs877356 135161418 1 -0.0012013040201279 135161418 135161418 0
5 12295 rs1422587 147334005 1 -0.00120027655519098 147334005 147334005 0
5 5527 rs7721781 66532920 1 0.00119996648994997 66532920 66532920 0
5 7233 rs700591 88105614 1 -0.00119220066476606 88105614 88105614 0
5 1651 rs955205 16347660 1 -0.00118890780081086 16347660 16347660 0
5 9207 rs17333442 112947050 2 -0.00118664246980463 112947050 112947050 0
5 12225 rs2895679 146643572 1 -0.00118547995961772 146643572 146643572 0
5 12512 rs3756309 149505624 1 0.00118248252726508 149505624 149505624 0
5 12066 rs1549896 144262743 1 -0.00118233613195991 144262743 144262743 0
5 10518 rs3849076 125474036 1 0.00117550024697047 125474036 125474036 0
5 2711 rs1995266 31001691 2 -0.00117509412306811 31001691 31001691 0
5 4420 rs4865908 54316028 1 0.00117408823621918 54316028 54316028 0
5 12043 rs165441 143927288 1 0.00117146863556292 143927288 143927288 0
5 8418 rs2431959 104697070 1 0.00117114137639322 104697070 104697070 0
5 6388 rs28326 78295854 2 0.00116008142260523 78295854 78295854 0
5 13996 rs7356565 164755174 2 -0.00115476040611495 164755174 164755174 0
5 1859 rs4425512 18954896 1 -0.00115227231583112 18954896 18954896 0
5 9149 rs17135534 112608343 1 0.00114961909053901 112608343 112608343 0
5 14939 rs6893566 174577496 1 -0.00114409581659752 174577496 174577496 0
5 1978 rs1703049 20559438 1 -0.00113766006448628 20559438 20559438 0
5 12321 rs10463397 147522547 1 0.00113209044617862 147522547 147522547 0
5 10436 rs1490996 124946532 2 0.00113186460665982 124946532 124946532 0
5 7244 rs214134 88253916 1 -0.00112335485934884 88253916 88253916 0
5 3342 rs3776566 36631733 2 0.00111571787270665 36631733 36631733 0
5 14456 rs1316638 169477011 2 -0.00110722405986267 169477011 169477011 0
5 2560 rs13362367 29329716 1 0.00110573278087802 29329716 29329716 0
5 3241 rs11742240 35881376 2 -0.00110464181678688 35881376 35881376 0
5 6161 rs1501787 75890239 1 0.00110375005451811 75890239 75890239 0
5 12659 rs17111939 150716364 1 0.0010978171048115 150716364 150716364 0
5 11892 rs249917 142008525 1 -0.00108645077955537 142008525 142008525 0
5 8390 rs10066783 104311833 1 -0.0010836408705063 104311833 104311833 0
5 12423 rs10073851 148623217 1 0.00107652913823254 148623217 148623217 0
5 10769 rs4440414 128033561 1 -0.00107351403486741 128033561 128033561 0
5 12838 rs965561 152417867 1 0.00107264648784706 152417867 152417867 0
5 9990 rs17147676 120721018 1 0.00106751115163972 120721018 120721018 0
5 12676 rs6896503 150899147 1 -0.00106477290857284 150899147 150899147 0
5 10570 rs1038378 125885214 1 -0.00106300154118122 125885214 125885214 0
5 580 rs257073 5834614 1 0.00106111815823948 5834614 5834614 0
5 12017 rs9285658 143474131 2 0.00105934135021691 143474131 143474131 0
5 14231 rs2617972 167543830 1 -0.00105869954780113 167543830 167543830 0
5 13437 rs7445443 158408894 1 -0.00105248401543126 158408894 158408894 0
5 14414 rs155341 169185557 1 -0.00105222091633353 169185557 169185557 0
5 5669 rs12651858 68577467 2 -0.00104959372125774 68577467 68577467 0
5 12612 rs4958435 150438284 2 0.00104920938413414 150438284 150438284 0
5 11557 rs11242395 136996852 1 0.00104858906203435 136996852 136996852 0
5 9588 rs6595015 116525334 1 0.00103815212862565 116525334 116525334 0
5 6685 rs7713774 80660945 1 -0.00103530600937803 80660945 80660945 0
5 2386 rs4475229 26270049 1 -0.00103278956347775 26270049 26270049 0
5 1964 rs3112489 20016599 1 0.00103154550212162 20016599 20016599 0
5 1928 rs347694 19529290 1 -0.00102234294698425 19529290 19529290 0
5 1009 rs7731508 9107887 1 -0.00102078313318627 9107887 9107887 0
5 10762 rs13180032 128001827 1 -0.00102040130947587 128001827 128001827 0
5 5409 rs251288 65191876 1 0.00101758300556111 65191876 65191876 0
5 269 rs2934555 2910083 1 0.00101619298811023 2910083 2910083 0
5 9139 rs7717906 112563686 2 0.00101604020046659 112563686 112563686 0
5 7221 rs17421627 87847586 1 0.00101503132591037 87847586 87847586 0
5 8626 rs12518562 107131544 1 -0.00101444576593174 107131544 107131544 0
5 1483 rs418173 14005033 1 0.00101359679657565 14005033 14005033 0
5 15011 rs17607568 175571579 1 -0.00101276968891521 175571579 175571579 0
5 5023 rs159543 60486515 1 0.00101223066026202 60486515 60486515 0
5 15374 rs3806869 180485353 1 0.00101215098022364 180485353 180485353 0
5 9106 rs3209874 112358890 1 0.00101005519145193 112358890 112358890 0
5 2202 rs1501938 24059579 1 -0.00100876095125552 24059579 24059579 0
5 13399 rs17704210 158029363 1 0.00100707623525754 158029363 158029363 0
5 1397 rs4522991 13246979 2 -0.00100707420262266 13246979 13246979 0
5 4460 rs3761773 55034178 1 0.00100421949337901 55034178 55034178 0
5 7211 rs11743103 87675962 1 -0.0010039337564758 87675962 87675962 0
5 4316 rs3797248 53509186 1 -0.00100373994361791 53509186 53509186 0
5 1871 rs4263496 18994108 1 0.00100176043555222 18994108 18994108 0
5 8998 rs1389312 111399885 1 -9.94468636278468e-4 111399885 111399885 0
5 10743 rs331078 127777463 1 -9.867810991642774e-4 127777463 127777463 0
5 4869 rs9292206 58661597 1 -9.855928142272668e-4 58661597 58661597 0
5 4192 rs3212692 52369664 1 -9.8438945411273e-4 52369664 52369664 0
5 4633 rs10487616 57105894 1 9.83984343191531e-4 57105894 57105894 0
5 6721 rs7717239 81167030 1 9.831762386102686e-4 81167030 81167030 0
5 6797 rs4383715 82177857 1 -9.81382133071835e-4 82177857 82177857 0
5 4888 rs378869 58688705 1 -9.797855989861631e-4 58688705 58688705 0
5 12671 rs165359 150861036 2 9.738681325601318e-4 150861036 150861036 0
5 2346 rs9293175 25678072 1 9.734508917249704e-4 25678072 25678072 0
5 13747 rs211030 161530735 1 9.732046326449476e-4 161530735 161530735 0
5 10422 rs331695 124829113 1 -9.69173931652056e-4 124829113 124829113 0
5 6308 rs441492 76973352 1 -9.683565453032632e-4 76973352 76973352 0
5 14304 rs12519740 168066517 1 -9.656199488156784e-4 168066517 168066517 0
5 14292 rs7709842 167941990 1 9.634876225733268e-4 167941990 167941990 0
5 12594 rs3792798 150401765 1 9.619958111019592e-4 150401765 150401765 0
5 3006 rs2032878 33799699 1 9.606731061322102e-4 33799699 33799699 0
5 14979 rs1508763 174893557 1 -9.602359825912658e-4 174893557 174893557 0
5 10783 rs10067711 128113882 1 9.570288939447328e-4 128113882 128113882 0
5 9097 rs10478101 112317417 1 9.554183437670954e-4 112317417 112317417 0
5 14315 rs2304035 168176517 1 9.516005011908868e-4 168176517 168176517 0
5 14695 rs751988 172268003 1 9.511015935052972e-4 172268003 172268003 0
5 1558 rs187483 14741921 1 9.495490804713586e-4 14741921 14741921 0
5 9521 rs7702057 115727838 1 -9.386473111152544e-4 115727838 115727838 0
5 7131 rs16902429 86151620 1 9.3430697109525e-4 86151620 86151620 0
5 1276 rs154753 11392036 1 -9.314708295005472e-4 11392036 11392036 0
5 3718 rs16870537 40943218 1 9.313429357495996e-4 40943218 40943218 0
5 5615 rs184886 67611486 1 9.264714518572908e-4 67611486 67611486 0
5 11548 rs2074344 136961400 2 -9.243450457247876e-4 136961400 136961400 0
5 10736 rs331069 127725467 1 -9.23713412483744e-4 127725467 127725467 0
5 3726 rs3805221 40965318 2 9.236131502773824e-4 40965318 40965318 0
5 11349 rs744247 134781400 1 9.224799667773704e-4 134781400 134781400 0
5 5054 rs4700423 60960764 1 -9.224271834115816e-4 60960764 60960764 0
5 5747 rs7445013 71697977 1 -9.200118419273516e-4 71697977 71697977 0
5 7132 rs2452759 86186490 2 -9.18694649836622e-4 86186490 86186490 0
5 10727 rs27754 127694805 1 -9.115106298493922e-4 127694805 127694805 0
5 11295 rs254709 134111769 1 9.11056393792438e-4 134111769 134111769 0
5 9155 rs11739509 112650751 1 -9.095878626523864e-4 112650751 112650751 0
5 6330 rs4484406 77245012 1 -9.068060434029532e-4 77245012 77245012 0
5 12984 rs6889241 153765462 1 9.002688807279545e-4 153765462 153765462 0
5 7783 rs13160562 96111371 1 -8.994069283750003e-4 96111371 96111371 0
5 11815 rs248616 141091311 1 -8.978662115847801e-4 141091311 141091311 0
5 14371 rs978902 168650196 1 -8.968493913593968e-4 168650196 168650196 0
5 6124 rs12654150 75550325 1 8.940028830900778e-4 75550325 75550325 0
5 3010 rs717765 33810584 1 -8.938074453277891e-4 33810584 33810584 0
5 6497 rs410079 79105021 1 -8.920932178137995e-4 79105021 79105021 0
5 2466 rs10062061 27837594 1 8.90131154448553e-4 27837594 27837594 0
5 1484 rs408130 14006289 1 8.852050240356355e-4 14006289 14006289 0
5 2132 rs1661975 22826121 1 8.835019989701109e-4 22826121 22826121 0
5 12471 rs4705079 149096383 1 8.830001769069302e-4 149096383 149096383 0
5 14678 rs4867685 172104628 2 8.792584196023624e-4 172104628 172104628 0
5 10432 rs330349 124927547 1 8.736843683488139e-4 124927547 124927547 0
5 1776 rs11960755 17790562 1 8.716748393730919e-4 17790562 17790562 0
5 4314 rs675674 53481781 1 -8.714810161768253e-4 53481781 53481781 0
5 829 rs162031 7880287 1 8.712694149304792e-4 7880287 7880287 0
5 5032 rs6868457 60550041 1 -8.707331369166157e-4 60550041 60550041 0
5 763 rs7721013 7506433 1 -8.70178038844595e-4 7506433 7506433 0
5 34 rs4956954 607388 1 8.673280748171018e-4 607388 607388 0
5 14923 rs4263513 174261760 1 8.653767686164143e-4 174261760 174261760 0
5 12487 rs888895 149239093 2 8.636850530425657e-4 149239093 149239093 0
5 12625 rs17659044 150504416 1 -8.616383260471323e-4 150504416 150504416 0
5 8423 rs7702850 104742710 1 -8.583555107168269e-4 104742710 104742710 0
5 1432 rs1992711 13510918 1 8.575579093343881e-4 13510918 13510918 0
5 12189 rs609412 146225244 1 8.573835454104076e-4 146225244 146225244 0
5 13382 rs11960210 157817634 1 -8.542388647802034e-4 157817634 157817634 0
5 8630 rs12522548 107195824 1 -8.528520784183548e-4 107195824 107195824 0
5 1823 rs10063237 18467699 1 8.518424011540436e-4 18467699 18467699 0
5 467 rs1173192 4814945 1 -8.449458178838952e-4 4814945 4814945 0
5 15309 rs61739270 179302921 1 8.436525033475211e-4 179302921 179302921 0
5 2573 rs607077 29495564 1 8.418493301097505e-4 29495564 29495564 0
5 13174 rs253604 155960089 1 8.395717663317581e-4 155960089 155960089 0
5 5076 rs10471525 61216333 1 -8.360553372625805e-4 61216333 61216333 0
5 137 rs6860447 1993053 1 8.340208522263269e-4 1993053 1993053 0
5 6907 rs1428925 83329010 1 8.335760243631656e-4 83329010 83329010 0
5 3420 rs7705239 38049522 1 8.334251355383781e-4 38049522 38049522 0
5 14408 rs2306560 169129284 1 8.318302551951773e-4 169129284 169129284 0
5 3856 rs11739840 42678345 1 -8.249623052185011e-4 42678345 42678345 0
5 15027 rs34425002 176020203 1 -8.213333993970955e-4 176020203 176020203 0
5 923 rs413946 8522800 1 8.175138775931944e-4 8522800 8522800 0
5 3914 rs16873438 43648914 1 -8.165295100460671e-4 43648914 43648914 0
5 13238 rs39825 156654197 1 -8.155761885410544e-4 156654197 156654197 0
5 3097 rs7702104 34691121 1 8.14942181421416e-4 34691121 34691121 0
5 13102 rs1465420 154917109 1 -8.123758729216147e-4 154917109 154917109 0
5 1108 rs314734 10032216 1 8.120883570741446e-4 10032216 10032216 0
5 3063 rs7444875 34485144 1 -8.115622914821533e-4 34485144 34485144 0
5 6310 rs7701420 76982066 1 8.093298189188015e-4 76982066 76982066 0
5 4519 rs7712360 55780101 1 -8.075245155725157e-4 55780101 55780101 0
5 9651 rs17143539 117421203 1 -8.035515039075691e-4 117421203 117421203 0
5 12350 rs7725785 147902703 1 8.00568196703981e-4 147902703 147902703 0
5 11374 rs17169129 135144329 1 8.003446996772134e-4 135144329 135144329 0
5 11614 rs7716228 137967937 1 -7.984603463933794e-4 137967937 137967937 0
5 4511 rs168666 55734556 1 -7.967878084189103e-4 55734556 55734556 0
5 2652 rs4867261 30257748 1 7.963661010917885e-4 30257748 30257748 0
5 15105 rs9329133 177609540 1 7.962167418587924e-4 177609540 177609540 0
5 12497 rs4705403 149380493 1 -7.949999192921414e-4 149380493 149380493 0
5 219 rs10512677 2611996 1 -7.94438625512949e-4 2611996 2611996 0
5 7735 rs12153530 95817504 1 7.93735696016759e-4 95817504 95817504 0
5 13303 rs11749965 156997414 1 7.886811468003147e-4 156997414 156997414 0
5 8600 rs4957709 107033906 1 7.870530066536984e-4 107033906 107033906 0
5 12986 rs17637385 153774793 1 7.831694038148189e-4 153774793 153774793 0
5 3912 rs35201656 43613046 1 7.815245216580109e-4 43613046 43613046 0
5 2454 rs4585457 27699870 2 7.773946167699683e-4 27699870 27699870 0
5 14091 rs2133726 165763260 2 7.766506105846981e-4 165763260 165763260 0
5 9928 rs4895169 120175344 1 -7.751291002179954e-4 120175344 120175344 0
5 9742 rs17144556 118094406 1 7.68823097355184e-4 118094406 118094406 0
5 3456 rs2367214 38286606 1 7.686015072526372e-4 38286606 38286606 0
5 7144 rs4339389 86357945 1 -7.677430913820982e-4 86357945 86357945 0
5 611 rs7735511 6050134 2 -7.675906246640465e-4 6050134 6050134 0
5 4609 rs16887016 56797293 2 -7.667541451177512e-4 56797293 56797293 0
5 10222 rs2194046 123024195 2 7.658913262242714e-4 123024195 123024195 0
5 1272 rs42687 11342293 1 7.626828201255404e-4 11342293 11342293 0
5 4608 rs12658182 56794319 2 7.616812367826684e-4 56794319 56794319 0
5 8367 rs1708598 104205992 1 7.591076586688993e-4 104205992 104205992 0
5 4242 rs13157909 52675782 1 -7.582953752521907e-4 52675782 52675782 0
5 1516 rs164351 14170382 1 -7.562987390863118e-4 14170382 14170382 0
5 8449 rs1482900 105144834 1 -7.536534711764285e-4 105144834 105144834 0
5 14485 rs11134616 169572933 2 -7.516248442738465e-4 169572933 169572933 0
5 616 rs9313144 6132166 2 7.507449342562138e-4 6132166 6132166 0
5 2835 rs10940984 31952401 1 -7.505950928960477e-4 31952401 31952401 0
5 7194 rs1429605 87318551 1 7.464991671662767e-4 87318551 87318551 0
5 6480 rs2278239 79033306 1 7.446485375861144e-4 79033306 79033306 0
5 13224 rs2434972 156578681 1 -7.441003386847654e-4 156578681 156578681 0
5 2740 rs16900783 31245334 1 7.416808158628775e-4 31245334 31245334 0
5 1556 rs457897 14617857 1 -7.399073077160588e-4 14617857 14617857 0
5 4248 rs12153556 52735868 1 -7.389072104131511e-4 52735868 52735868 0
5 10835 rs976607 128441227 1 -7.346607796854517e-4 128441227 128441227 0
5 6640 rs527506 80309150 1 -7.341497643390992e-4 80309150 80309150 0
5 12983 rs3734083 153765239 1 -7.338262100302099e-4 153765239 153765239 0
5 13475 rs12657996 158904313 1 7.313970914193909e-4 158904313 158904313 0
5 5216 rs669245 62820508 1 -7.288873344527267e-4 62820508 62820508 0
5 96 rs16884543 1761089 1 -7.279225207146436e-4 1761089 1761089 0
5 12397 rs55853803 148388420 1 -7.238056152879287e-4 148388420 148388420 0
5 10671 rs73345017 127069487 1 7.169048646264064e-4 127069487 127069487 0
5 2707 rs6865283 30986203 1 -7.168919570751463e-4 30986203 30986203 0
5 10919 rs17713413 129651668 1 -7.132497203158946e-4 129651668 129651668 0
5 6984 rs10068805 84480308 1 7.124826560500556e-4 84480308 84480308 0
5 1394 rs11744248 13237036 1 7.120322313052108e-4 13237036 13237036 0
5 9066 rs189296 111869675 1 -7.11442080225936e-4 111869675 111869675 0
5 2363 rs12521388 25912113 1 -7.111001806880592e-4 25912113 25912113 0
5 1384 rs9312811 12778499 1 -7.110638788273223e-4 12778499 12778499 0
5 8008 rs10069979 99292206 1 -7.099664097402203e-4 99292206 99292206 0
5 14537 rs12523655 170034897 1 -7.076680569811247e-4 170034897 170034897 0
5 12587 rs17111637 150381243 1 -7.044138683284982e-4 150381243 150381243 0
5 7542 rs2119449 93115673 1 7.034279145597779e-4 93115673 93115673 0
5 1694 rs12520877 16778415 1 6.903733838735532e-4 16778415 16778415 0
5 9437 rs6896619 115302066 1 -6.876992891605442e-4 115302066 115302066 0
5 8199 rs1469104 101569545 2 6.874493707383984e-4 101569545 101569545 0
5 13479 rs4334868 158984287 1 -6.870638846903945e-4 158984287 158984287 0
5 10765 rs11951994 128018873 1 -6.851421507280495e-4 128018873 128018873 0
5 11128 rs2243290 132018169 1 -6.838796893470094e-4 132018169 132018169 0
5 14279 rs12515835 167892338 1 6.838597516891118e-4 167892338 167892338 0
5 2168 rs2934789 23484372 1 -6.828645020177038e-4 23484372 23484372 0
5 9996 rs17147802 120767312 1 6.79892664883462e-4 120767312 120767312 0
5 10284 rs4836058 123347900 1 6.781861093916874e-4 123347900 123347900 0
5 13446 rs10515789 158506415 1 6.765616554642361e-4 158506415 158506415 0
5 11865 rs10072521 141628405 1 -6.74471807334368e-4 141628405 141628405 0
5 9099 rs3733968 112328267 1 6.7331385216983e-4 112328267 112328267 0
5 707 rs997182 6869021 1 6.710594431711978e-4 6869021 6869021 0
5 12221 rs11167971 146632594 1 6.708719830631994e-4 146632594 146632594 0
5 13808 rs4074952 162524013 1 -6.703461371375799e-4 162524013 162524013 0
5 13965 rs4535473 164561899 1 6.684213037463621e-4 164561899 164561899 0
5 10350 rs11241764 124044428 1 6.655978064234734e-4 124044428 124044428 0
5 7878 rs257223 97421946 1 -6.615507853326274e-4 97421946 97421946 0
5 1506 rs163823 14127900 1 -6.558139161607426e-4 14127900 14127900 0
5 13533 rs4921110 159608980 1 6.548135811854918e-4 159608980 159608980 0
5 15056 rs353496 176429898 1 -6.50577939103491e-4 176429898 176429898 0
5 3538 rs265721 39354069 1 -6.435693653252475e-4 39354069 39354069 0
5 3772 rs178986 41085670 1 -6.427571133611195e-4 41085670 41085670 0
5 11160 rs1017307 132578203 2 -6.404514452368504e-4 132578203 132578203 0
5 14989 rs870258 175029274 1 6.39452898519643e-4 175029274 175029274 0
5 3864 rs12659760 42910025 1 -6.394328720994218e-4 42910025 42910025 0
5 15005 rs1544923 175268492 1 6.362716650075141e-4 175268492 175268492 0
5 11798 rs11952292 140871249 1 6.335880880407094e-4 140871249 140871249 0
5 5269 rs6898951 63477547 1 -6.327673073387846e-4 63477547 63477547 0
5 3319 rs2937550 36473237 1 -6.303959121291327e-4 36473237 36473237 0
5 7863 rs4597996 97160324 1 -6.263192870635773e-4 97160324 97160324 0
5 7664 rs34297786 94994467 1 -6.203476931679424e-4 94994467 94994467 0
5 13448 rs6897374 158541200 1 -6.199409705115522e-4 158541200 158541200 0
5 11890 rs33962 141929551 1 6.185481362603885e-4 141929551 141929551 0
5 10274 rs4835814 123298624 1 0.00061645713351425005 123298624 123298624 0
5 12160 rs6580418 145776488 1 6.138625860634887e-4 145776488 145776488 0
5 6680 rs2291940 80597767 2 6.134118585760398e-4 80597767 80597767 0
5 3452 rs2561143 38271451 1 6.085798529643566e-4 38271451 38271451 0
5 7861 rs4132948 97152331 1 -6.074378829239301e-4 97152331 97152331 0
5 13129 rs2310879 155400562 1 -6.07085666467747e-4 155400562 155400562 0
5 2796 rs11746324 31560626 2 -6.058218012160686e-4 31560626 31560626 0
5 13545 rs13362118 159734986 1 -6.039170916484727e-4 159734986 159734986 0
5 10416 rs17152800 124813667 1 -6.032334689805848e-4 124813667 124813667 0
5 13481 rs2421059 159022275 1 5.97381301077919e-4 159022275 159022275 0
5 13743 rs7730737 161349821 2 5.955012565017122e-4 161349821 161349821 0
5 13818 rs10515854 162737689 1 -5.908753713794022e-4 162737689 162737689 0
5 13352 rs12517979 157428918 1 -5.906595620347782e-4 157428918 157428918 0
5 14146 rs3853240 166318190 1 5.906531885335471e-4 166318190 166318190 0
5 8222 rs10477819 101918448 1 -5.895487536220574e-4 101918448 101918448 0
5 323 rs160560 3153253 1 5.8862037534083e-4 3153253 3153253 0
5 1967 rs6884961 20325180 1 5.877609047073499e-4 20325180 20325180 0
5 11507 rs10055051 136596050 1 5.849751027153601e-4 136596050 136596050 0
5 4179 rs3756537 52327230 1 5.848363859626713e-4 52327230 52327230 0
5 1117 rs4409061 10142175 1 -5.846485868550836e-4 10142175 10142175 0
5 6227 rs1479561 76467984 1 -5.838520680398289e-4 76467984 76467984 0
5 2525 rs9292273 28573939 1 -5.838068546377644e-4 28573939 28573939 0
5 3915 rs41271083 43653243 1 5.820991539932894e-4 43653243 43653243 0
5 5451 rs4699877 65880241 1 -5.799788984379231e-4 65880241 65880241 0
5 9722 rs1429739 117951540 1 -5.79756508047167e-4 117951540 117951540 0
5 1977 rs1703052 20538115 1 5.795344450684719e-4 20538115 20538115 0
5 9269 rs3101065 113619796 1 -5.789587459748628e-4 113619796 113619796 0
5 1530 rs16903338 14253187 1 -5.786239014109896e-4 14253187 14253187 0
5 4954 rs6865762 59637451 1 -5.779551806460416e-4 59637451 59637451 0
5 13998 rs10515893 164759496 1 -5.76144974202607e-4 164759496 164759496 0
5 486 rs30451 4992163 1 5.743142596925878e-4 4992163 4992163 0
5 10184 rs675443 122644698 1 5.738062123490882e-4 122644698 122644698 0
5 11761 rs76571170 140710810 1 5.737445849597435e-4 140710810 140710810 0
5 2288 rs10065343 25120430 1 -5.73349115486591e-4 25120430 25120430 0
5 13215 rs2279804 156479204 1 5.719971887428548e-4 156479204 156479204 0
5 9102 rs6892784 112349297 1 5.712729872576764e-4 112349297 112349297 0
5 4359 rs6869920 53850772 1 -5.706729820028629e-4 53850772 53850772 0
5 13381 rs4704936 157816045 1 5.680477234739712e-4 157816045 157816045 0
5 5448 rs10055880 65864189 1 5.671775504562057e-4 65864189 65864189 0
5 4244 rs4865544 52684170 1 5.669060831684653e-4 52684170 52684170 0
5 14881 rs1490046 173956047 1 5.657212090050664e-4 173956047 173956047 0
5 4126 rs975886 52101227 1 5.615955504075134e-4 52101227 52101227 0
5 7932 rs2302981 98107141 1 5.614281085474413e-4 98107141 98107141 0
5 8159 rs4703196 101240273 1 5.554548196571924e-4 101240273 101240273 0
5 8967 rs26055 111040812 1 -5.546851717690423e-4 111040812 111040812 0
5 12434 rs9325142 148820897 1 -5.527969887596954e-4 148820897 148820897 0
5 1628 rs7735201 15965000 1 5.522501757311718e-4 15965000 15965000 0
5 10435 rs330356 124939017 1 5.519158107892386e-4 124939017 124939017 0
5 2033 rs7725903 21575563 1 5.510824743658243e-4 21575563 21575563 0
5 11856 rs2915866 141544204 1 -5.474139080074163e-4 141544204 141544204 0
5 3738 rs2218810 40995209 1 -5.468311828616988e-4 40995209 40995209 0
5 6696 rs16898954 80761967 1 5.427865742964777e-4 80761967 80761967 0
5 8970 rs17132976 111054904 1 -5.39855217025868e-4 111054904 111054904 0
5 6823 rs11949301 82505153 1 5.397301728190423e-4 82505153 82505153 0
5 3735 rs4957361 40985604 1 5.389588529512586e-4 40985604 40985604 0
5 1056 rs462473 9529809 1 -5.349913111130212e-4 9529809 9529809 0
5 307 rs16871117 3121728 2 5.340852488580595e-4 3121728 3121728 0
5 6925 rs10474123 83524163 1 5.329700385512695e-4 83524163 83524163 0
5 2036 rs6896002 21588931 1 -5.318315198854858e-4 21588931 21588931 0
5 8517 rs6596707 106182573 1 -5.286249446597898e-4 106182573 106182573 0
5 8938 rs11748647 110602871 1 -5.276521090056493e-4 110602871 110602871 0
5 10605 rs11960799 126356042 1 -5.255646790310607e-4 126356042 126356042 0
5 8310 rs2591431 103600994 1 -5.246464168605923e-4 103600994 103600994 0
5 631 rs2914746 6296991 1 -5.229773944855451e-4 6296991 6296991 0
5 3605 rs16869484 39983124 1 -5.221473683411782e-4 39983124 39983124 0
5 14948 rs7711234 174614408 1 -5.219891996507263e-4 174614408 174614408 0
5 13123 rs6875111 155253880 1 -5.215822910647737e-4 155253880 155253880 0
5 14731 rs10475590 172686386 1 5.19280883830491e-4 172686386 172686386 0
5 9687 rs17368151 117591619 1 5.175127055661527e-4 117591619 117591619 0
5 1482 rs436457 14004657 1 -5.16921538766922e-4 14004657 14004657 0
5 5616 rs625637 67615731 1 -5.160334742537107e-4 67615731 67615731 0
5 4527 rs157521 55821031 2 -5.125415483677318e-4 55821031 55821031 0
5 13974 rs13362411 164601399 1 5.124746020076945e-4 164601399 164601399 0
5 12294 rs13187585 147311794 1 5.123287149535938e-4 147311794 147311794 0
5 11668 rs185123 139517197 2 -5.107556714450635e-4 139517197 139517197 0
5 1151 rs4702698 10517908 1 5.094885204237433e-4 10517908 10517908 0
5 9485 rs17138784 115402958 1 5.086514154024095e-4 115402958 115402958 0
5 4279 rs271205 53192812 1 5.083992633294898e-4 53192812 53192812 0
5 9086 rs34083474 112222787 1 5.070283747872292e-4 112222787 112222787 0
5 245 rs4866679 2811135 1 -5.04276906583306e-4 2811135 2811135 0
5 3429 rs12653109 38089107 1 -5.039500536203587e-4 38089107 38089107 0
5 11399 rs2190622 135414280 1 -5.031486268431854e-4 135414280 135414280 0
5 13345 rs3095996 157370372 1 -5.025234639203567e-4 157370372 157370372 0
5 11843 rs11745990 141482792 1 -5.022103764159227e-4 141482792 141482792 0
5 3014 rs895367 33816433 1 -4.999943808375476e-4 33816433 33816433 0
5 14605 rs26413 171098125 2 4.997863464495826e-4 171098125 171098125 0
5 11117 rs739719 131872865 1 4.997698626721523e-4 131872865 131872865 0
5 7485 rs1422168 92085529 1 -4.997398686624477e-4 92085529 92085529 0
5 2358 rs13164425 25874921 2 4.983146577749258e-4 25874921 25874921 0
5 921 rs415234 8522021 1 4.976454032230859e-4 8522021 8522021 0
5 13220 rs3734021 156542599 1 -4.969915644541976e-4 156542599 156542599 0
5 10461 rs6872500 125182454 1 -4.968457971283281e-4 125182454 125182454 0
5 5834 rs2931423 73163831 1 4.968178256267112e-4 73163831 73163831 0
5 8588 rs154191 106957027 1 -4.956685714972641e-4 106957027 106957027 0
5 9281 rs12520028 113659909 1 -4.950473009300583e-4 113659909 113659909 0
5 1969 rs7734222 20369746 1 -4.945720435708244e-4 20369746 20369746 0
5 14143 rs6882813 166281216 1 4.941967933054244e-4 166281216 166281216 0
5 14667 rs1433021 171960073 1 -4.924890389904528e-4 171960073 171960073 0
5 14775 rs1077613 173003451 1 -4.924318008148171e-4 173003451 173003451 0
5 11162 rs7736339 132580990 1 -4.900370488848759e-4 132580990 132580990 0
5 3496 rs357284 38839713 1 4.8624694485994134e-4 38839713 38839713 0
5 12607 rs6862024 150428871 1 -4.849156900619052e-4 150428871 150428871 0
5 14369 rs4868388 168642564 1 -4.844917888534356e-4 168642564 168642564 0
5 4948 rs10059334 59517876 2 -4.8306113047788394e-4 59517876 59517876 0
5 8945 rs10052530 110759537 1 4.800928387911397e-4 110759537 110759537 0
5 11181 rs17696621 132751172 1 4.741680633506597e-4 132751172 132751172 0
5 5397 rs7711329 65126029 1 4.739718334598192e-4 65126029 65126029 0
5 13203 rs10070224 156345735 1 -4.7324642696480154e-4 156345735 156345735 0
5 11054 rs273909 131667353 1 4.727437234423748e-4 131667353 131667353 0
5 4471 rs59086632 55168132 2 -4.726371706479494e-4 55168132 55168132 0
5 1105 rs38061 9985893 2 4.7119290178789e-4 9985893 9985893 0
5 12562 rs33409 150038265 1 4.704387728891641e-4 150038265 150038265 0
5 9640 rs4526141 117185136 2 4.69959955502592e-4 117185136 117185136 0
5 14688 rs1010482 172223045 1 4.685023374584087e-4 172223045 172223045 0
5 13070 rs31697 154674959 1 -4.6578505298328266e-4 154674959 154674959 0
5 13333 rs3097836 157235372 1 4.6489570923057927e-4 157235372 157235372 0
5 2319 rs16894485 25471581 1 -4.632431164718517e-4 25471581 25471581 0
5 7166 rs3909481 86944417 1 -4.632411028943163e-4 86944417 86944417 0
5 765 rs13166360 7520881 1 4.609495287879194e-4 7520881 7520881 0
5 5354 rs11739829 64654109 2 -4.604229790906917e-4 64654109 64654109 0
5 2646 rs7708456 30108377 1 -4.599735777778689e-4 30108377 30108377 0
5 2368 rs7700465 26003284 1 -4.59514572026008e-4 26003284 26003284 0
5 4493 rs1990977 55601387 1 -4.5897599124458026e-4 55601387 55601387 0
5 5383 rs6896574 65088175 1 -4.5815223090506896e-4 65088175 65088175 0
5 553 rs2591699 5533625 1 -4.56130424376401e-4 5533625 5533625 0
5 14440 rs6896240 169356966 1 -4.560795087167889e-4 169356966 169356966 0
5 860 rs12520611 8015429 1 -4.5585923431380016e-4 8015429 8015429 0
5 1012 rs10057636 9137550 1 -4.5338050275896806e-4 9137550 9137550 0
5 13530 rs10037844 159513867 1 4.52848641754693e-4 159513867 159513867 0
5 7189 rs13356445 87248847 1 4.520794106428356e-4 87248847 87248847 0
5 77 rs1968011 1624351 1 4.519693346892899e-4 1624351 1624351 0
5 8972 rs17842608 111056781 1 4.511713386332706e-4 111056781 111056781 0
5 7806 rs34753 96150911 1 -4.475982044809488e-4 96150911 96150911 0
5 6344 rs10039112 77493085 2 4.474738363821898e-4 77493085 77493085 0
5 7387 rs16869414 90368783 1 -4.4709461409000165e-4 90368783 90368783 0
5 3426 rs10055239 38068116 1 -4.4706777599332824e-4 38068116 38068116 0
5 7687 rs6883552 95190176 1 4.4575312208130623e-4 95190176 95190176 0
5 12567 rs10059011 150226722 2 4.4546878620797825e-4 150226722 150226722 0
5 2667 rs7442662 30511767 1 -4.439721895437519e-4 30511767 30511767 0
5 2889 rs6866384 32752599 1 -4.4361301892401745e-4 32752599 32752599 0
5 13874 rs558968 163110078 1 -4.4356119925098743e-4 163110078 163110078 0
5 1250 rs2057795 11154597 1 -4.435151963740641e-4 11154597 11154597 0
5 9681 rs10519544 117561189 1 4.433449287238247e-4 117561189 117561189 0
5 10295 rs6871469 123416065 1 4.429498263681669e-4 123416065 123416065 0
5 12425 rs1438689 148631433 1 -4.428551161560523e-4 148631433 148631433 0
5 13951 rs2962872 164337870 2 -4.422207512686603e-4 164337870 164337870 0
5 4308 rs172139 53457867 1 -4.389211212965003e-4 53457867 53457867 0
5 522 rs10036107 5249101 1 4.382232038188799e-4 5249101 5249101 0
5 704 rs12513764 6865801 1 4.379154216551064e-4 6865801 6865801 0
5 26 rs2251843 457955 1 4.373880654179104e-4 457955 457955 0
5 3859 rs4409101 42856126 1 4.3707972374968816e-4 42856126 42856126 0
5 2050 rs1609716 21758500 1 4.358651087237561e-4 21758500 21758500 0
5 4879 rs244593 58679020 1 -4.355424639630844e-4 58679020 58679020 0
5 3651 rs348583 40291889 1 -4.3364120325053686e-4 40291889 40291889 0
5 2691 rs12173144 30851050 1 -4.303749728260048e-4 30851050 30851050 0
5 14400 rs11958514 169026982 1 4.294801575387919e-4 169026982 169026982 0
5 10654 rs61736664 126860223 1 4.282861951093252e-4 126860223 126860223 0
5 5279 rs7446357 63640062 1 4.278284386392909e-4 63640062 63640062 0
5 3830 rs10076886 41988481 1 4.273534536047486e-4 41988481 41988481 0
5 3411 rs1304732 37986493 1 -4.269970864780585e-4 37986493 37986493 0
5 11699 rs56002 140298815 1 -4.263659816968587e-4 140298815 140298815 0
5 377 rs11133987 3483595 1 -4.255744138990408e-4 3483595 3483595 0
5 7278 rs7726306 88902825 1 -4.255254877303844e-4 88902825 88902825 0
5 7313 rs6877613 89786043 1 -4.229718711910097e-4 89786043 89786043 0
5 5862 rs403936 73273395 1 4.224403948961987e-4 73273395 73273395 0
5 7559 rs1371285 93496811 1 4.2176859391753857e-4 93496811 93496811 0
5 4177 rs7705328 52323568 2 4.1739335134313726e-4 52323568 52323568 0
5 10529 rs7704934 125534820 1 4.154022624372936e-4 125534820 125534820 0
5 10231 rs9327305 123083753 1 4.142857112634359e-4 123083753 123083753 0
5 432 rs7706780 4227497 1 4.136580436517843e-4 4227497 4227497 0
5 4563 rs7731700 56111927 1 -4.100276946672426e-4 56111927 56111927 0
5 4476 rs34417936 55248135 1 4.080476148635132e-4 55248135 55248135 0
5 11345 rs7710100 134768329 1 4.04964624375274e-4 134768329 134768329 0
5 256 rs7442964 2843763 1 4.037698322574343e-4 2843763 2843763 0
5 512 rs61748184 5182286 1 -4.03048564762781e-4 5182286 5182286 0
5 4459 rs3761772 55034088 1 -4.023357005112571e-4 55034088 55034088 0
5 10351 rs4623140 124055918 1 -4.010065466969362e-4 124055918 124055918 0
5 10402 rs1444649 124639468 2 3.9973596454061423e-4 124639468 124639468 0
5 6637 rs539242 80304998 1 -3.9918911519198143e-4 80304998 80304998 0
5 3101 rs12515973 34739830 1 3.978426944150952e-4 34739830 34739830 0
5 15125 rs2162765 177744380 1 3.9500101928744016e-4 177744380 177744380 0
5 6830 rs7735781 82640477 1 3.949489222066967e-4 82640477 82640477 0
5 14056 rs2591578 165407709 1 3.948427417543283e-4 165407709 165407709 0
5 488 rs249458 4995298 1 3.946977467635446e-4 4995298 4995298 0
5 11147 rs61755724 132408967 1 3.924423310093855e-4 132408967 132408967 0
5 14335 rs6879973 168363190 1 -3.922027228908815e-4 168363190 168363190 0
5 13231 rs412805 156604230 1 -3.917783800265178e-4 156604230 156604230 0
5 7732 rs269853 95806979 1 -3.9146240575446673e-4 95806979 95806979 0
5 11284 rs1476095 133812710 1 -3.907244749761693e-4 133812710 133812710 0
5 70 rs36982 1503205 1 -3.891937430244501e-4 1503205 1503205 0
5 6016 rs11742194 74646878 1 -3.878537018987357e-4 74646878 74646878 0
5 8260 rs34229 102855162 2 3.8274643734325455e-4 102855162 102855162 0
5 3105 rs12658204 34771848 1 3.822944459457207e-4 34771848 34771848 0
5 6254 rs6873924 76620582 1 3.8102792085771726e-4 76620582 76620582 0
5 1076 rs1501958 9721328 1 3.8063222991851435e-4 9721328 9721328 0
5 3550 rs7737346 39464160 1 -3.798263606619182e-4 39464160 39464160 0
5 7126 rs1422248 86084306 1 -3.7906462365705257e-4 86084306 86084306 0
5 11243 rs6870185 133185942 1 3.782722543762096e-4 133185942 133185942 0
5 68 rs6554859 1493608 1 -3.7826457247875056e-4 1493608 1493608 0
5 11698 rs56003 140298532 1 3.777500827883907e-4 140298532 140298532 0
5 4931 rs16890459 59336110 1 -3.7679041269912184e-4 59336110 59336110 0
5 6285 rs2127394 76760080 1 -3.755546873732545e-4 76760080 76760080 0
5 2238 rs10044803 24320108 1 -3.752914876655288e-4 24320108 24320108 0
5 14373 rs11134564 168688650 1 -3.749432759847963e-4 168688650 168688650 0
5 6115 rs1532696 75524235 2 -3.74514192379083e-4 75524235 75524235 0
5 11961 rs7713008 142849317 1 3.737560619267779e-4 142849317 142849317 0
5 11112 rs11739623 131864152 1 -3.7335579256378296e-4 131864152 131864152 0
5 11812 rs3749759 141041435 1 -3.729917097085397e-4 141041435 141041435 0
5 5236 rs7705495 62941330 1 -3.7257595915675184e-4 62941330 62941330 0
5 11395 rs149560293 135287013 1 -3.7181436939068e-4 135287013 135287013 0
5 8907 rs1821908 110496071 1 -3.7113007826454855e-4 110496071 110496071 0
5 13490 rs1422858 159057330 1 3.710290462306458e-4 159057330 159057330 0
5 4707 rs11742503 57530181 1 3.7032873796997626e-4 57530181 57530181 0
5 11853 rs13185299 141525620 1 -3.698183493188858e-4 141525620 141525620 0
5 14661 rs10059733 171908794 1 3.685173026191955e-4 171908794 171908794 0
5 7658 rs2731818 94796041 1 -3.676479101047467e-4 94796041 94796041 0
5 4298 rs10067187 53364068 1 3.620200575895328e-4 53364068 53364068 0
5 9566 rs10478312 116174466 1 3.614542668110084e-4 116174466 116174466 0
5 13415 rs2277041 158183996 1 -3.614238727353741e-4 158183996 158183996 0
5 14252 rs3756603 167645010 1 -3.589919158377066e-4 167645010 167645010 0
5 13461 rs3181224 158740850 1 -3.56975355489081e-4 158740850 158740850 0
5 5511 rs27204 66327180 1 -3.5693488038555726e-4 66327180 66327180 0
5 12624 rs2303025 150503675 1 3.560119654245378e-4 150503675 150503675 0
5 14849 rs12521800 173782331 1 3.537011573998921e-4 173782331 173782331 0
5 13064 rs1422834 154578318 1 3.531390463861762e-4 154578318 154578318 0
5 6884 rs4552569 83173593 1 3.526492399686834e-4 83173593 83173593 0
5 6906 rs2193958 83328762 1 3.5257551466729754e-4 83328762 83328762 0
5 12 rs908114 371958 1 3.521050778838621e-4 371958 371958 0
5 14053 rs830237 165405678 1 -3.51903422052299e-4 165405678 165405678 0
5 8633 rs12518124 107243126 1 3.5129708253313146e-4 107243126 107243126 0
5 6905 rs2301079 83319613 1 3.5059142947143956e-4 83319613 83319613 0
5 10294 rs7733161 123402920 1 -3.5045256103374974e-4 123402920 123402920 0
5 8856 rs6861829 109883334 1 -3.474802613419117e-4 109883334 109883334 0
5 7671 rs34896 95084131 1 3.4733577403758467e-4 95084131 95084131 0
5 3154 rs16872491 35164895 1 -3.4654500262523865e-4 35164895 35164895 0
5 5781 rs4703597 72496179 1 -3.4311669728908625e-4 72496179 72496179 0
5 15001 rs17065524 175245365 2 3.418123383889737e-4 175245365 175245365 0
5 14697 rs792978 172269595 1 -3.386154827775103e-4 172269595 172269595 0
5 6979 rs7448798 84342625 1 3.3590264666407614e-4 84342625 84342625 0
5 14754 rs6891752 172939755 2 -3.3567483592729505e-4 172939755 172939755 0
5 10538 rs6595687 125588937 1 -3.3534064650855437e-4 125588937 125588937 0
5 3846 rs979233 42375243 1 3.3523933316084015e-4 42375243 42375243 0
5 13557 rs1582418 159882797 2 -3.344296688568317e-4 159882797 159882797 0
5 15092 rs7708103 177410416 1 3.341883431488489e-4 177410416 177410416 0
5 6508 rs10514162 79186809 1 -3.3408134388495655e-4 79186809 79186809 0
5 5726 rs4704554 71431716 1 3.3300651056600457e-4 71431716 71431716 0
5 14338 rs11745658 168380438 1 -3.3281112182969143e-4 168380438 168380438 0
5 5453 rs6868283 65885692 1 -3.3209009678307857e-4 65885692 65885692 0
5 0 rs10076494 38139 1 3.31636342349664e-4 38139 38139 0
5 4499 rs16885269 55651822 1 3.310626043001307e-4 55651822 55651822 0
5 4275 rs4865789 53130488 1 -3.297726246653006e-4 53130488 53130488 0
5 12099 rs10875612 144474779 1 -3.27992159836104e-4 144474779 144474779 0
5 6470 rs1428223 79029288 1 3.26965553924895e-4 79029288 79029288 0
5 8599 rs2194207 107033576 2 3.2604441953189484e-4 107033576 107033576 0
5 15 rs2672746 407545 1 -3.2552258143754055e-4 407545 407545 0
5 6540 rs12522787 79526346 2 3.2402880754741253e-4 79526346 79526346 0
5 708 rs10512890 6892417 1 -3.2340093739954015e-4 6892417 6892417 0
5 7662 rs17084927 94939193 1 3.210006033212461e-4 94939193 94939193 0
5 329 rs251830 3187567 1 3.206094222242497e-4 3187567 3187567 0
5 14971 rs2471007 174816228 1 3.2056825334807383e-4 174816228 174816228 0
5 14044 rs9942373 165247018 1 -3.189033547836193e-4 165247018 165247018 0
5 6000 rs59620469 74491956 1 -3.184355916406592e-4 74491956 74491956 0
5 3383 rs4343860 37681646 2 3.1815126099549434e-4 37681646 37681646 0
5 9275 rs2416366 113644030 1 -3.178030991993597e-4 113644030 113644030 0
5 14446 rs6866324 169450290 1 -3.176153628141931e-4 169450290 169450290 0
5 6432 rs7719464 78641327 2 3.1756658386737136e-4 78641327 78641327 0
5 12170 rs455619 146050776 1 -3.1522562861487557e-4 146050776 146050776 0
5 14530 rs11958729 169978127 1 -3.125759914453708e-4 169978127 169978127 0
5 8535 rs929765 106578259 1 -3.1255740825910435e-4 106578259 106578259 0
5 6959 rs1500619 84160853 2 3.122738387308522e-4 84160853 84160853 0
5 14980 rs12658801 174910619 1 3.117343915048738e-4 174910619 174910619 0
5 13056 rs6897414 154488947 1 3.1171428066648e-4 154488947 154488947 0
5 4335 rs10066174 53775596 1 3.1135430381297295e-4 53775596 53775596 0
5 13008 rs283458 153955820 1 -3.0963112433463394e-4 153955820 153955820 0
5 1161 rs11749155 10620642 1 -3.093336854453051e-4 10620642 10620642 0
5 2588 rs10069250 29567773 1 -3.0883543631386533e-4 29567773 29567773 0
5 14768 rs6897691 172972817 1 3.07444747120673e-4 172972817 172972817 0
5 8421 rs1423208 104717739 1 -3.0743433757031473e-4 104717739 104717739 0
5 10501 rs3849066 125390294 2 3.072350070150271e-4 125390294 125390294 0
5 12046 rs165445 143966681 1 3.060644823520282e-4 143966681 143966681 0
5 1031 rs40665 9228283 1 3.0445777583856836e-4 9228283 9228283 0
5 9344 rs3912157 114121898 2 3.0423315960582313e-4 114121898 114121898 0
5 14759 rs2112620 172958165 1 -3.0370130272925277e-4 172958165 172958165 0
5 12281 rs4705204 147215120 1 2.9930740848384615e-4 147215120 147215120 0
5 229 rs4866662 2696580 1 2.990752274317409e-4 2696580 2696580 0
5 8944 rs3797746 110759089 1 2.9752961161437047e-4 110759089 110759089 0
5 11182 rs166112 132752066 1 -2.951347919648515e-4 132752066 132752066 0
5 10326 rs6873640 123909500 1 2.94421477493256e-4 123909500 123909500 0
5 4711 rs11745219 57540013 1 -2.937934310148139e-4 57540013 57540013 0
5 11982 rs888993 142942400 1 -2.9319667057371436e-4 142942400 142942400 0
5 11197 rs405954 132942656 1 2.92091012508335e-4 132942656 132942656 0
5 1821 rs12657680 18453812 2 -2.879213794576962e-4 18453812 18453812 0
5 9036 rs13358904 111602713 1 -2.868615848294422e-4 111602713 111602713 0
5 234 rs924213 2737700 1 -2.8658167551958287e-4 2737700 2737700 0
5 8809 rs2416227 109343856 1 2.863681087863455e-4 109343856 109343856 0
5 6369 rs4704525 78123484 1 -2.862191338632192e-4 78123484 78123484 0
5 11150 rs7717377 132491562 2 2.8378546698303264e-4 132491562 132491562 0
5 3900 rs4866808 43180535 2 2.831524458589618e-4 43180535 43180535 0
5 12674 rs1105168 150886882 1 -2.827481755048744e-4 150886882 150886882 0
5 9920 rs7705890 120100225 1 -2.8166652913828914e-4 120100225 120100225 0
5 7609 rs7708977 94351572 1 2.790917307337778e-4 94351572 94351572 0
5 9602 rs2624495 116727172 1 -2.786139997890787e-4 116727172 116727172 0
5 8946 rs759947 110773100 1 2.7833884523469397e-4 110773100 110773100 0
5 2539 rs1160444 28763652 1 2.7804519109872743e-4 28763652 28763652 0
5 12998 rs10477102 153877690 1 -2.775123691849716e-4 153877690 153877690 0
5 8169 rs7725478 101324088 1 -2.761737661824288e-4 101324088 101324088 0
5 1507 rs388154 14136404 1 -2.760548443518405e-4 14136404 14136404 0
5 10379 rs11241791 124491958 2 -2.7546884460229843e-4 124491958 124491958 0
5 4669 rs10940593 57343495 1 2.7499420228271855e-4 57343495 57343495 0
5 11175 rs6888605 132747063 1 2.7402364616914665e-4 132747063 132747063 0
5 15176 rs4280887 178180299 1 -2.7119511833555924e-4 178180299 178180299 0
5 7478 rs905213 91970189 1 2.671096295179618e-4 91970189 91970189 0
5 10336 rs11953210 123966399 1 -2.659730038419774e-4 123966399 123966399 0
5 4329 rs4865829 53739403 1 2.6587821851470204e-4 53739403 53739403 0
5 12560 rs10463300 149971345 1 -2.647614858612586e-4 149971345 149971345 0
5 1910 rs2942296 19385274 1 -2.6464999172247405e-4 19385274 19385274 0
5 13903 rs2059098 163407815 1 2.642434065650709e-4 163407815 163407815 0
5 8529 rs4957524 106293263 1 2.6145941814231804e-4 106293263 106293263 0
5 4457 rs7707639 55010963 1 2.611968884708979e-4 55010963 55010963 0
5 4400 rs4367252 54033356 1 2.6102385446448304e-4 54033356 54033356 0
5 7281 rs819351 89071734 1 2.593737235028589e-4 89071734 89071734 0
5 5823 rs2931431 73125146 1 -2.586143136242263e-4 73125146 73125146 0
5 10713 rs1862295 127576449 1 -2.5763748322515874e-4 127576449 127576449 0
5 6073 rs6414964 75283032 1 -2.575188345558305e-4 75283032 75283032 0
5 3685 rs9292780 40573745 1 2.5744038920401727e-4 40573745 40573745 0
5 15062 rs28932177 176637471 2 2.5522928190218643e-4 176637471 176637471 0
5 12306 rs1423007 147442868 2 2.5462365751584835e-4 147442868 147442868 0
5 15030 rs3797465 176080142 1 -2.5305082248242304e-4 176080142 176080142 0
5 24 rs2672734 455696 2 -2.52570279966343e-4 455696 455696 0
5 5314 rs2968208 64312446 1 2.525638950437946e-4 64312446 64312446 0
5 13027 rs17641488 154203121 1 2.524554467995694e-4 154203121 154203121 0
5 15025 rs35018750 176011984 1 2.522609252560614e-4 176011984 176011984 0
5 2117 rs2551514 22472039 1 -2.5126748132797266e-4 22472039 22472039 0
5 1430 rs983830 13459048 1 -2.4959448187398327e-4 13459048 13459048 0
5 378 rs13161526 3497620 1 2.494785192700024e-4 3497620 3497620 0
5 9987 rs246210 120708748 1 -2.482354474030778e-4 120708748 120708748 0
5 7923 rs316507 98011096 1 2.475827872564488e-4 98011096 98011096 0
5 2197 rs10473668 23960001 1 -2.4721142709346785e-4 23960001 23960001 0
5 12296 rs10515600 147335875 2 2.4490872142174483e-4 147335875 147335875 0
5 6207 rs7724915 76141679 1 2.432118903252844e-4 76141679 76141679 0
5 4370 rs2059217 53912105 2 -2.4237012372066655e-4 53912105 53912105 0
5 10962 rs1862647 130102023 1 2.4225648627256745e-4 130102023 130102023 0
5 15010 rs2114968 175313487 1 2.3995254337688657e-4 175313487 175313487 0
5 15315 rs6873317 179436278 1 -2.3805599916401895e-4 179436278 179436278 0
5 15303 rs10056257 179254247 1 -2.3805064749064185e-4 179254247 179254247 0
5 3397 rs2075680 37840642 1 -2.368794582489842e-4 37840642 37840642 0
5 10797 rs1833549 128189653 1 2.362037423292368e-4 128189653 128189653 0
5 14268 rs7737462 167816521 1 -2.3537236491976668e-4 167816521 167816521 0
5 2529 rs12659954 28653504 1 2.3403636409210417e-4 28653504 28653504 0
5 3692 rs10737963 40716153 1 2.3225811360017592e-4 40716153 40716153 0
5 7420 rs16869698 90654579 1 -2.3210147287720456e-4 90654579 90654579 0
5 9621 rs265897 116885713 1 -2.3159036150392204e-4 116885713 116885713 0
5 841 rs329852 7943796 1 -2.3123152547956265e-4 7943796 7943796 0
5 2742 rs10461695 31273134 1 -2.305212756867023e-4 31273134 31273134 0
5 11984 rs11167821 142974644 1 -2.3043828437631215e-4 142974644 142974644 0
5 11813 rs77275946 141059360 1 -2.2915438859851903e-4 141059360 141059360 0
5 4768 rs965795 57944829 1 -2.284829291488905e-4 57944829 57944829 0
5 374 rs28235 3451196 1 2.282656705964767e-4 3451196 3451196 0
5 3478 rs13435976 38741672 1 -2.2820062356113344e-4 38741672 38741672 0
5 14928 rs6897655 174402211 2 -2.274974375263047e-4 174402211 174402211 0
5 11511 rs6596370 136603181 1 2.2740114910139655e-4 136603181 136603181 0
5 2285 rs4701466 25096593 1 -2.2697621521563255e-4 25096593 25096593 0
5 4151 rs988574 52240810 1 -2.2694029436661723e-4 52240810 52240810 0
5 8363 rs9327914 104174305 1 -2.2641418039315813e-4 104174305 104174305 0
5 14560 rs4867634 170258216 1 2.2628757264002365e-4 170258216 170258216 0
5 13596 rs12517584 160187458 1 2.260783915612901e-4 160187458 160187458 0
5 7674 rs11959859 95094812 1 2.2594997886227512e-4 95094812 95094812 0
5 15274 rs7736370 178770100 1 -2.2583628767477992e-4 178770100 178770100 0
5 7523 rs4869419 92567539 1 2.257346149590024e-4 92567539 92567539 0
5 3081 rs2173009 34549012 1 -2.2427879460875044e-4 34549012 34549012 0
5 14009 rs1864086 164826163 1 -2.2400116932107332e-4 164826163 164826163 0
5 7853 rs13186882 96723895 1 -2.2359038906337512e-4 96723895 96723895 0
5 5839 rs7732677 73181250 1 2.2350688249602385e-4 73181250 73181250 0
5 5855 rs453036 73263957 1 2.2293496849820057e-4 73263957 73263957 0
5 11533 rs1104978 136832279 1 2.2251225832832988e-4 136832279 136832279 0
5 13482 rs7715301 159036711 1 -2.2189693449511236e-4 159036711 159036711 0
5 2024 rs16888991 21168358 1 2.2107746459044752e-4 21168358 21168358 0
5 1078 rs17274475 9738382 1 2.197643328075536e-4 9738382 9738382 0
5 12103 rs10491316 144500457 1 -2.1974322313402173e-4 144500457 144500457 0
5 13019 rs4958760 154065758 1 2.190025206125873e-4 154065758 154065758 0
5 7374 rs10514341 90298632 1 2.183869246109348e-4 90298632 90298632 0
5 10659 rs6595779 126930433 1 2.1815337878066795e-4 126930433 126930433 0
5 6164 rs2069700 75914003 1 -2.18091470588724e-4 75914003 75914003 0
5 14614 rs26401 171202017 1 -2.177487271657615e-4 171202017 171202017 0
5 6098 rs34064105 75446839 1 -2.177364371202545e-4 75446839 75446839 0
5 2578 rs16899039 29503058 1 2.177020153384007e-4 29503058 29503058 0
5 4729 rs6450473 57636114 1 -2.167515840235254e-4 57636114 57636114 0
5 14022 rs17064277 164979056 1 -2.149021409358091e-4 164979056 164979056 0
5 12891 rs540375 152878727 1 2.146053921972721e-4 152878727 152878727 0
5 12598 rs8177435 150404383 1 2.134957528023168e-4 150404383 150404383 0
5 7899 rs6882939 97666860 1 -2.1195768362189865e-4 97666860 97666860 0
5 3327 rs2115520 36532804 1 2.116690783787719e-4 36532804 36532804 0
5 6443 rs12520582 78823934 1 2.1064228281613263e-4 78823934 78823934 0
5 8053 rs1973172 99637888 1 -2.0968144532090824e-4 99637888 99637888 0
5 6019 rs5909 74656175 1 2.0965862914070713e-4 74656175 74656175 0
5 1288 rs6871714 11538361 1 -2.095317754132077e-4 11538361 11538361 0
5 12016 rs6874663 143469796 1 2.0792168341230655e-4 143469796 143469796 0
5 8919 rs10515424 110527505 1 2.0717614718760208e-4 110527505 110527505 0
5 1666 rs334483 16530343 1 2.0674214391856329e-4 16530343 16530343 0
5 11103 rs11745587 131796922 1 2.0674040924441444e-4 131796922 131796922 0
5 14454 rs6863396 169463466 2 -2.0325785500166415e-4 169463466 169463466 0
5 2992 rs9784618 33739306 2 2.0249375022717649e-4 33739306 33739306 0
5 3483 rs4869605 38754050 1 -2.021852370737875e-4 38754050 38754050 0
5 6933 rs4266385 83718078 1 -2.018868490005107e-4 83718078 83718078 0
5 6210 rs2460508 76156381 1 2.0015578661143992e-4 76156381 76156381 0
5 7938 rs77088557 98142161 1 1.9894520269381728e-4 98142161 98142161 0
5 8834 rs11959425 109559466 1 -1.9847748519275264e-4 109559466 109559466 0
5 3758 rs325836 41037965 1 -1.9809320267424912e-4 41037965 41037965 0
5 4005 rs6449600 50675297 1 -1.974600241055704e-4 50675297 50675297 0
5 13901 rs11135295 163400151 2 -1.973538753778136e-4 163400151 163400151 0
5 6322 rs354613 77122856 2 -1.9571000377723816e-4 77122856 77122856 0
5 14510 rs2071159 169811668 1 -1.9479359902055063e-4 169811668 169811668 0
5 1278 rs31888 11423628 1 1.9438078531148296e-4 11423628 11423628 0
5 10452 rs10519842 125088261 1 -1.919290835908904e-4 125088261 125088261 0
5 9913 rs10075522 120043003 1 -1.916375414101207e-4 120043003 120043003 0
5 2046 rs6877795 21723745 1 1.9133786382409185e-4 21723745 21723745 0
5 7472 rs10075367 91856650 1 -1.9125996021686549e-4 91856650 91856650 0
5 12564 rs2112637 150182434 1 1.910551744196054e-4 150182434 150182434 0
5 2171 rs6868206 23605043 1 -1.898049437921262e-4 23605043 23605043 0
5 15268 rs461898 178645310 1 -1.8946240854206056e-4 178645310 178645310 0
5 9033 rs6887281 111598791 1 -1.8760327354643713e-4 111598791 111598791 0
5 12631 rs10476966 150548231 1 -1.873523107860028e-4 150548231 150548231 0
5 13618 rs1516651 160328128 1 -1.8680466605945764e-4 160328128 160328128 0
5 4497 rs1423115 55641683 1 -1.8592387337179215e-4 55641683 55641683 0
5 2834 rs16901697 31951961 1 1.8548544846716297e-4 31951961 31951961 0
5 6638 rs565476 80307193 1 -1.8220225419075063e-4 80307193 80307193 0
5 9299 rs898354 113798016 1 -1.814651470407294e-4 113798016 113798016 0
5 4384 rs6450233 53975974 1 -1.813552350101918e-4 53975974 53975974 0
5 3647 rs13353952 40233464 1 1.808256197862328e-4 40233464 40233464 0
5 4498 rs11950693 55647984 1 1.8029848650318912e-4 55647984 55647984 0
5 7785 rs10515248 96112005 1 -1.802650201762556e-4 96112005 96112005 0
5 8477 rs6888141 105658285 1 -1.7917506943964436e-4 105658285 105658285 0
5 10400 rs6880511 124597571 1 -1.7885377414003076e-4 124597571 124597571 0
5 1591 rs10520820 15635874 1 1.7859115210240174e-4 15635874 15635874 0
5 5149 rs9784594 62055300 1 -1.7821875173648093e-4 62055300 62055300 0
5 14848 rs1863954 173782172 1 -1.7558692262705937e-4 173782172 173782172 0
5 11432 rs12518631 135844963 1 -1.7480060701075218e-4 135844963 135844963 0
5 15124 rs7713983 177690978 1 1.7475773688068087e-4 177690978 177690978 0
5 10771 rs1422450 128040308 1 -1.7472825508999754e-4 128040308 128040308 0
5 7832 rs41276279 96322360 2 1.747032654480829e-4 96322360 96322360 0
5 7511 rs7734991 92333217 1 1.744391868878802e-4 92333217 92333217 0
5 373 rs436417 3449132 2 1.7355496729352037e-4 3449132 3449132 0
5 9643 rs4546421 117239454 1 1.722660208085804e-4 117239454 117239454 0
5 14744 rs17733311 172780104 1 -1.7223066610896957e-4 172780104 172780104 0
5 5789 rs4704082 72650185 1 1.7158921379199093e-4 72650185 72650185 0
5 14294 rs3797711 167945647 1 1.710119250083316e-4 167945647 167945647 0
5 15013 rs11134973 175770422 1 -1.6990064618185974e-4 175770422 175770422 0
5 5833 rs6869486 73159601 1 -1.6976610220044474e-4 73159601 73159601 0
5 1832 rs7730186 18605940 1 1.6941799025469315e-4 18605940 18605940 0
5 10564 rs1552243 125845095 1 -1.6763715597112344e-4 125845095 125845095 0
5 13119 rs4610514 155060775 1 1.6603032907803425e-4 155060775 155060775 0
5 14789 rs921212 173174260 1 -1.6351350935176205e-4 173174260 173174260 0
5 7020 rs6875669 85101862 1 1.6344324695017294e-4 85101862 85101862 0
5 11461 rs4976397 136303790 1 -1.631533263848953e-4 136303790 136303790 0
5 12601 rs11548 150407783 1 -1.62931825660856e-4 150407783 150407783 0
5 9147 rs17135515 112598947 1 1.6118596959339342e-4 112598947 112598947 0
5 14381 rs751347 168710470 1 -1.588631876802229e-4 168710470 168710470 0
5 4041 rs4429802 51282797 1 -1.583621724648934e-4 51282797 51282797 0
5 14940 rs6864341 174585025 1 -1.5618584856661737e-4 174585025 174585025 0
5 14686 rs4868204 172204629 1 -1.555711099800063e-4 172204629 172204629 0
5 2797 rs995755 31580251 1 -1.5507862585519038e-4 31580251 31580251 0
5 10553 rs7733611 125663367 1 1.5475341462637383e-4 125663367 125663367 0
5 2887 rs10061804 32748637 1 1.5461397406208707e-4 32748637 32748637 0
5 4095 rs164610 51991651 1 1.5456233793909117e-4 51991651 51991651 0
5 14410 rs1345723 169129866 1 -1.513657364630694e-4 169129866 169129866 0
5 13617 rs7706812 160312017 1 -1.5128818968631702e-4 160312017 160312017 0
5 5661 rs7736312 68485991 1 1.5117793174179074e-4 68485991 68485991 0
5 4117 rs351902 52051514 1 1.5053113741679986e-4 52051514 52051514 0
5 14145 rs2161425 166309007 2 1.5037810580106718e-4 166309007 166309007 0
5 10348 rs4616890 124022189 1 1.4995992097859153e-4 124022189 124022189 0
5 8589 rs164694 106960824 1 1.4979938555185942e-4 106960824 106960824 0
5 14012 rs1422683 164866479 1 -1.4923390802082503e-4 164866479 164866479 0
5 14496 rs315751 169696181 2 1.4909117668743347e-4 169696181 169696181 0
5 4750 rs17710502 57753116 1 -1.471656618331562e-4 57753116 57753116 0
5 15323 rs1348523 179495532 1 -1.4713833795786132e-4 179495532 179495532 0
5 15033 rs4867842 176082381 1 -1.4671102293887213e-4 176082381 176082381 0
5 789 rs6555477 7587939 1 1.4667910299005053e-4 7587939 7587939 0
5 6944 rs10067358 84018338 2 -1.4636206505487846e-4 84018338 84018338 0
5 11192 rs256249 132936076 1 -1.463324364992594e-4 132936076 132936076 0
5 6148 rs4703712 75839350 1 -1.446493444123193e-4 75839350 75839350 0
5 3165 rs7705676 35237736 1 -1.4455768919659418e-4 35237736 35237736 0
5 10407 rs1822758 124672949 1 1.4367417956130237e-4 124672949 124672949 0
5 3512 rs35117676 38904082 1 1.4308792477001864e-4 38904082 38904082 0
5 14524 rs10475944 169940759 1 -1.4283237522263702e-4 169940759 169940759 0
5 6733 rs6898784 81264006 1 -1.4217963290673346e-4 81264006 81264006 0
5 6113 rs12522470 75509233 1 1.4163168503513306e-4 75509233 75509233 0
5 5660 rs389686 68455166 1 1.4148108472770258e-4 68455166 68455166 0
5 216 rs403500 2578373 1 1.4121939225696908e-4 2578373 2578373 0
5 11390 rs17701996 135267337 1 -1.391611468464518e-4 135267337 135267337 0
5 1629 rs250488 15973231 2 1.3876081188887517e-4 15973231 15973231 0
5 14486 rs1035425 169584169 1 1.3856799048757114e-4 169584169 169584169 0
5 10098 rs10042243 122036899 1 -1.3631750769094327e-4 122036899 122036899 0
5 9338 rs158240 114078632 1 -1.3496888952919364e-4 114078632 114078632 0
5 11999 rs10059157 143216173 1 1.3461358944750847e-4 143216173 143216173 0
5 10229 rs10478591 123058338 1 1.3340458525253944e-4 123058338 123058338 0
5 11537 rs10056463 136882334 1 1.3328406091967822e-4 136882334 136882334 0
5 10593 rs36105360 126161690 1 -1.3241315040223833e-4 126161690 126161690 0
5 14061 rs41012 165487589 1 1.3222956808375754e-4 165487589 165487589 0
5 5271 rs2366281 63501533 1 -1.2921530240741366e-4 63501533 63501533 0
5 5516 rs17221458 66460390 2 1.2901466487479112e-4 66460390 66460390 0
5 10401 rs1371370 124626392 1 1.2853936150556964e-4 124626392 124626392 0
5 6822 rs10514249 82504856 1 1.2846167971864038e-4 82504856 82504856 0
5 11897 rs930206 142131369 1 -1.284025071218487e-4 142131369 142131369 0
5 2379 rs4701532 26231699 1 1.2724482437516318e-4 26231699 26231699 0
5 4891 rs258111 58698524 1 -1.2662332036511757e-4 58698524 58698524 0
5 9899 rs10042938 119953529 1 1.265092333628319e-4 119953529 119953529 0
5 456 rs3943533 4542749 1 1.2527214479991037e-4 4542749 4542749 0
5 2705 rs7721407 30961137 1 -1.2515760181418248e-4 30961137 30961137 0
5 15312 rs864482 179427873 1 -1.2511660511524915e-4 179427873 179427873 0
5 13341 rs899541 157342764 2 1.2342787855483222e-4 157342764 157342764 0
5 2768 rs16901064 31386997 1 -1.228340182110673e-4 31386997 31386997 0
5 577 rs40516 5825953 1 1.2260097859246626e-4 5825953 5825953 0
5 7970 rs10039243 98583720 1 1.2197805232191564e-4 98583720 98583720 0
5 537 rs12518997 5302501 1 -1.1944596343019687e-4 5302501 5302501 0
5 2245 rs331214 24404807 1 -1.1941025121664752e-4 24404807 24404807 0
5 5437 rs1937740 65758455 1 1.1924104275982412e-4 65758455 65758455 0
5 8279 rs10041164 103044062 1 -1.1874472255674047e-4 103044062 103044062 0
5 14153 rs1432950 166489037 1 -1.1863830989800736e-4 166489037 166489037 0
5 7865 rs6557009 97174928 1 -1.1834845115300743e-4 97174928 97174928 0
5 11864 rs2906057 141590358 1 1.181786413268704e-4 141590358 141590358 0
5 15090 rs2382160 177266026 1 1.1753347338746891e-4 177266026 177266026 0
5 6021 rs10474435 74657280 1 -1.1745127430399156e-4 74657280 74657280 0
5 3074 rs903845 34533481 1 1.1742320738025e-4 34533481 34533481 0
5 15333 rs3099065 179649862 1 -1.172501623764278e-4 179649862 179649862 0
5 4950 rs4235479 59544653 1 -1.155881761334278e-4 59544653 59544653 0
5 1052 rs418446 9483209 1 -1.1513739968781163e-4 9483209 9483209 0
5 9180 rs367943 112809728 1 1.1408636242277422e-4 112809728 112809728 0
5 3687 rs12651829 40647216 2 -1.1217608991612585e-4 40647216 40647216 0
5 8921 rs10477464 110536512 1 1.1168275378192984e-4 110536512 110536512 0
5 9312 rs13171769 113923401 1 -1.1045126880073692e-4 113923401 113923401 0
5 14489 rs7712919 169606312 1 1.0992742760299244e-4 169606312 169606312 0
5 6791 rs10514244 82070143 1 -1.0896960337542367e-4 82070143 82070143 0
5 7585 rs153897 94153862 1 1.072707298410848e-4 94153862 94153862 0
5 2366 rs4537025 25991167 1 1.0668325054240846e-4 25991167 25991167 0
5 8969 rs9764455 111054270 1 1.0651514101909612e-4 111054270 111054270 0
5 9770 rs6897511 118636227 1 1.06321111676234e-4 118636227 118636227 0
5 13705 rs4566829 160762673 1 1.0571819142947606e-4 160762673 160762673 0
5 4736 rs27937 57656962 1 -1.0388207633521688e-4 57656962 57656962 0
5 5736 rs114360965 71521964 1 -1.0284859326776007e-4 71521964 71521964 0
5 14505 rs314155 169805123 2 -1.0219824774278264e-4 169805123 169805123 0
5 14458 rs13360445 169479134 2 -1.0214496162262486e-4 169479134 169479134 0
5 10412 rs17523724 124685311 1 1.013728861743254e-4 124685311 124685311 0
5 3399 rs1363927 37861581 1 -1.0135813667730846e-4 37861581 37861581 0
5 973 rs999428 8769738 1 1.013504147422668e-4 8769738 8769738 0
5 2882 rs976576 32722499 1 1.0121732297440552e-4 32722499 32722499 0
5 5749 rs16878312 71705384 1 -1.0072475053999386e-4 71705384 71705384 0
5 1734 rs587977 17148236 2 -1.0060162477544071e-4 17148236 17148236 0
5 169 rs2641217 2333982 1 9.97615663751988e-5 2333982 2333982 0
5 9363 rs10077453 114580652 1 9.879336040498804e-5 114580652 114580652 0
5 1094 rs16883882 9947938 1 -9.8051637180512e-5 9947938 9947938 0
5 3304 rs13177348 36337293 1 -9.746020979068388e-5 36337293 36337293 0
5 13332 rs4704753 157233521 2 9.738450840543342e-5 157233521 157233521 0
5 7442 rs331403 91037528 1 9.630282924901323e-5 91037528 91037528 0
5 4573 rs832577 56163787 1 9.601527222356984e-5 56163787 56163787 0
5 1724 rs6877901 16991693 1 -9.564749508825831e-5 16991693 16991693 0
5 10220 rs12658763 123009579 1 -9.515479141644398e-5 123009579 123009579 0
5 10223 rs6889596 123030802 1 9.428214623912642e-5 123030802 123030802 0
5 3184 rs1605685 35458475 1 -9.298195357188656e-5 35458475 35458475 0
5 468 rs1173201 4819918 1 -9.260836070946058e-5 4819918 4819918 0
5 14662 rs11958604 171909024 1 9.101981021809692e-5 171909024 171909024 0
5 10312 rs7705687 123746171 2 8.999474210898432e-5 123746171 123746171 0
5 122 rs13183501 1948303 1 8.862824742096535e-5 1948303 1948303 0
5 12727 rs7735270 151383115 1 -8.813450938885749e-5 151383115 151383115 0
5 9336 rs287656 114075239 1 -8.786137185227326e-5 114075239 114075239 0
5 10187 rs2303720 122682334 1 -8.728666573936608e-5 122682334 122682334 0
5 12436 rs10062536 148825669 1 -8.558306547926388e-5 148825669 148825669 0
5 4861 rs9292201 58582613 1 -8.552009034306087e-5 58582613 58582613 0
5 7439 rs1809814 91006464 1 -8.468261240905425e-5 91006464 91006464 0
5 14365 rs11738097 168633447 1 -8.447327715937934e-5 168633447 168633447 0
5 3112 rs10472254 34833339 1 8.406040786916771e-5 34833339 34833339 0
5 9340 rs289026 114108659 1 8.362041189755319e-5 114108659 114108659 0
5 2415 rs10056950 26762292 1 8.345096289699789e-5 26762292 26762292 0
5 6142 rs10942781 75751974 1 -8.268541043149444e-5 75751974 75751974 0
5 9786 rs1045242 118729327 1 8.244297650279131e-5 118729327 118729327 0
5 9479 rs2560673 115382486 1 8.139657333985806e-5 115382486 115382486 0
5 7153 rs6879293 86688123 1 8.068791486092707e-5 86688123 86688123 0
5 12629 rs884083 150523987 1 8.0552981574583e-5 150523987 150523987 0
5 12260 rs9325048 147041185 1 -7.962645774430973e-5 147041185 147041185 0
5 8895 rs4530809 110462230 1 -7.947224652311239e-5 110462230 110462230 0
5 3779 rs13436351 41198201 1 7.929154118552345e-5 41198201 41198201 0
5 6374 rs4704531 78179604 1 7.912224065722985e-5 78179604 78179604 0
5 3548 rs4596408 39447059 1 7.89865415691439e-5 39447059 39447059 0
5 7291 rs7701711 89455539 1 7.871516013810867e-5 89455539 89455539 0
5 14962 rs13173875 174763833 1 -7.851206850974701e-5 174763833 174763833 0
5 6462 rs1366271 79025634 1 7.755741795523419e-5 79025634 79025634 0
5 466 rs4702946 4745979 1 7.675390798155763e-5 4745979 4745979 0
5 14914 rs1507805 174193309 1 -7.552577829077522e-5 174193309 174193309 0
5 15102 rs4976741 177591495 1 7.409896688515658e-5 177591495 177591495 0
5 3135 rs16870205 34993030 1 7.373624977217099e-5 34993030 34993030 0
5 3024 rs80136265 33891937 1 -7.370540681760006e-5 33891937 33891937 0
5 2025 rs1388579 21170524 1 7.237453732604617e-5 21170524 21170524 0
5 5401 rs10805402 65132797 1 7.194406567093015e-5 65132797 65132797 0
5 697 rs1004758 6792985 1 -7.181503442384252e-5 6792985 6792985 0
5 10784 rs11742783 128114425 1 -7.164191853243243e-5 128114425 128114425 0
5 14210 rs7724997 167372668 1 -7.135245695442686e-5 167372668 167372668 0
5 1634 rs7701823 16054101 2 6.993356675870759e-5 16054101 16054101 0
5 6890 rs11948928 83210686 1 -6.934703583016375e-5 83210686 83210686 0
5 13346 rs3095994 157371960 1 -6.933324001902409e-5 157371960 157371960 0
5 7504 rs11953766 92267794 1 6.899198291985048e-5 92267794 92267794 0
5 8041 rs2617326 99588701 1 -6.854885005946273e-5 99588701 99588701 0
5 2224 rs6888047 24170517 1 -6.829306343501002e-5 24170517 24170517 0
5 614 rs441714 6103743 2 -6.79893190588484e-5 6103743 6103743 0
5 6159 rs17748322 75875629 1 6.765274037996388e-5 75875629 75875629 0
5 9772 rs4895189 118655470 1 6.765098103307341e-5 118655470 118655470 0
5 14324 rs884787 168234517 1 6.737793493272376e-5 168234517 168234517 0
5 2311 rs1904173 25420089 1 -6.690653954666165e-5 25420089 25420089 0
5 4693 rs1981838 57474848 1 -6.585442584012825e-5 57474848 57474848 0
5 9355 rs1377333 114337809 1 -6.51416001367753e-5 114337809 114337809 0
5 9268 rs1457759 113616993 1 -6.478708751836093e-5 113616993 113616993 0
5 1594 rs6878966 15647084 1 6.474230162730951e-5 15647084 15647084 0
5 27 rs6868535 495377 1 6.416672729045411e-5 495377 495377 0
5 3075 rs10043548 34537056 1 6.351606034263001e-5 34537056 34537056 0
5 5265 rs11748192 63451859 1 -6.197139207001998e-5 63451859 63451859 0
5 5777 rs4235665 72473814 1 6.139901430503064e-5 72473814 72473814 0
5 1505 rs153191 14123507 1 6.137339433513655e-5 14123507 14123507 0
5 2685 rs2178489 30839387 1 -6.033922545363961e-5 30839387 30839387 0
5 3474 rs13167213 38649445 1 -5.948079213583639e-5 38649445 38649445 0
5 6686 rs10078088 80661696 1 -5.938453170150176e-5 80661696 80661696 0
5 2938 rs10041417 33182745 2 -5.932805046909761e-5 33182745 33182745 0
5 10360 rs17254960 124284253 1 5.841501791662646e-5 124284253 124284253 0
5 615 rs409978 6104208 1 5.747755408308379e-5 6104208 6104208 0
5 9404 rs2126931 114993056 1 5.565213909304868e-5 114993056 114993056 0
5 1809 rs2938443 18288995 1 -5.3889360372501024e-5 18288995 18288995 0
5 14182 rs4869050 166936170 1 -5.359415575610062e-5 166936170 166936170 0
5 5365 rs6897886 64829258 1 5.2719065035950354e-5 64829258 64829258 0
5 12634 rs891899 150553419 1 -5.202231407526712e-5 150553419 150553419 0
5 7197 rs976034 87346000 1 5.14682176939579e-5 87346000 87346000 0
5 11722 rs4151693 140529711 1 -5.144291136932645e-5 140529711 140529711 0
5 9364 rs1005056 114580742 1 -5.098720299194113e-5 114580742 114580742 0
5 4778 rs10051270 58070983 1 -5.030260196173318e-5 58070983 58070983 0
5 7292 rs1133384 89456355 1 -4.977008050337093e-5 89456355 89456355 0
5 3049 rs299608 34024385 1 4.9692307783200833e-5 34024385 34024385 0
5 1015 rs886511 9155728 1 -4.901822337632192e-5 9155728 9155728 0
5 6300 rs10063453 76862566 1 4.8359007514701266e-5 76862566 76862566 0
5 483 rs2561723 4968573 1 4.64197994399805e-5 4968573 4968573 0
5 1026 rs1806125 9192881 1 4.6353658419322286e-5 9192881 9192881 0
5 3865 rs6896899 42914006 1 -4.6185746648045914e-5 42914006 42914006 0
5 7673 rs34900 95093084 1 -4.594408335979319e-5 95093084 95093084 0
5 7109 rs10805837 85911654 1 4.5637903522190513e-05 85911654 85911654 0
5 10921 rs1473134 129669944 1 4.505952966645065e-5 129669944 129669944 0
5 14225 rs7708643 167529727 1 4.443042790135437e-5 167529727 167529727 0
5 3655 rs4340954 40306777 1 4.208299611468979e-5 40306777 40306777 0
5 12742 rs29849 151463491 1 4.070498796500517e-5 151463491 151463491 0
5 6460 rs16877109 79024779 1 4.005892199093046e-5 79024779 79024779 0
5 6904 rs393110 83318042 1 4.001244538658392e-5 83318042 83318042 0
5 9503 rs4386763 115574487 1 3.9937219210029795e-5 115574487 115574487 0
5 14690 rs1979285 172244302 1 3.961903592338322e-5 172244302 172244302 0
5 4478 rs6861772 55271621 1 3.7976292334382033e-5 55271621 55271621 0
5 14108 rs1405911 165904364 1 3.562258675923248e-5 165904364 165904364 0
5 464 rs1393120 4738222 1 3.5496433903426786e-5 4738222 4738222 0
5 5124 rs152184 61738245 1 3.516833840427105e-5 61738245 61738245 0
5 5025 rs64409 60511495 2 3.4756198290860935e-5 60511495 60511495 0
5 5362 rs9291838 64719601 1 -3.3866057500876453e-5 64719601 64719601 0
5 1770 rs1514867 17761671 1 -3.318108250949366e-5 17761671 17761671 0
5 4072 rs11745963 51792838 1 -3.303573787709386e-5 51792838 51792838 0
5 5805 rs4703608 72950536 1 3.300796828051862e-5 72950536 72950536 0
5 9405 rs11745035 114999751 1 3.2962671271336436e-5 114999751 114999751 0
5 12285 rs1368408 147258162 1 -3.0948635393704166e-5 147258162 147258162 0
5 1974 rs12697585 20474634 1 3.0477762118425653e-5 20474634 20474634 0
5 3381 rs1400854 37669632 1 2.862294800275627e-5 37669632 37669632 0
5 5404 rs784463 65171507 1 2.8150606309556313e-5 65171507 65171507 0
5 6679 rs16878586 80596222 1 2.812337270961843e-5 80596222 80596222 0
5 11795 rs76923861 140865264 1 -2.8044169558740717e-5 140865264 140865264 0
5 13767 rs17560861 161930183 1 2.79068068282399e-5 161930183 161930183 0
5 3280 rs267782 36071872 1 -2.7727289648485095e-5 36071872 36071872 0
5 6522 rs385771 79320677 1 -2.755808602933386e-5 79320677 79320677 0
5 13815 rs1862166 162710860 1 2.7285253769916468e-5 162710860 162710860 0
5 7820 rs2549778 96204254 1 2.640129762371066e-5 96204254 96204254 0
5 6319 rs10942832 77120649 1 2.5834003616782414e-5 77120649 77120649 0
5 4233 rs419816 52571758 1 -2.483772883690839e-5 52571758 52571758 0
5 177 rs16899405 2376332 1 2.4691832524907443e-5 2376332 2376332 0
5 2557 rs7712253 29269294 1 2.4487736435482628e-5 29269294 29269294 0
5 487 rs30449 4992930 1 -2.3761388273094084e-5 4992930 4992930 0
5 11090 rs10071051 131752620 2 -2.347540448852437e-5 131752620 131752620 0
5 4096 rs651377 51996032 1 2.3276535593162356e-5 51996032 51996032 0
5 9580 rs4920944 116319808 1 2.3097139100717675e-5 116319808 116319808 0
5 8621 rs13358604 107110446 1 -2.209017409596364e-5 107110446 107110446 0
5 3261 rs1374016 35941277 1 -2.207824114533829e-5 35941277 35941277 0
5 14062 rs31772 165495408 1 -2.2009779294137144e-5 165495408 165495408 0
5 4983 rs4515250 59942129 1 2.094280124384651e-5 59942129 59942129 0
5 5198 rs346435 62604244 1 2.091092436645047e-5 62604244 62604244 0
5 573 rs28165 5792720 2 2.0571408415892255e-5 5792720 5792720 0
5 4947 rs2409741 59507973 1 1.951724034823265e-5 59507973 59507973 0
5 10328 rs4240375 123948093 1 1.901545259976768e-5 123948093 123948093 0
5 12501 rs35341726 149404179 1 1.8025282264978153e-5 149404179 149404179 0
5 1922 rs347720 19513668 1 1.6245501227271806e-5 19513668 19513668 0
5 544 rs16875556 5402163 1 1.6244214450203884e-5 5402163 5402163 0
5 14846 rs2909728 173777372 1 1.4001332756113488e-5 173777372 173777372 0
5 15138 rs7728076 177857534 1 -1.3956527220187248e-5 177857534 177857534 0
5 3343 rs930072 36666071 1 1.3495745554374766e-5 36666071 36666071 0
5 13334 rs1145586 157247864 2 -1.3275041013572823e-5 157247864 157247864 0
5 3146 rs2228482 35084647 1 -1.2351491737445768e-5 35084647 35084647 0
5 4877 rs181736 58677233 1 1.0673618084879676e-5 58677233 58677233 0
5 4103 rs35755888 52013727 1 -1.0263097234662963e-5 52013727 52013727 0
5 9937 rs3213800 120252695 1 -9.846029920234717e-6 120252695 120252695 0
5 656 rs529524 6523738 1 9.7446202758154e-6 6523738 6523738 0
5 6135 rs31244 75594743 1 -9.303225448772729e-6 75594743 75594743 0
5 14836 rs1909706 173711724 1 -8.101124541585004e-6 173711724 173711724 0
5 14680 rs7443927 172145370 2 -7.999792225464066e-6 172145370 172145370 0
5 14480 rs1422752 169565429 2 -6.2855984391524655e-6 169565429 169565429 0
5 3058 rs7379110 34053621 1 -6.190901808578424e-6 34053621 34053621 0
5 13380 rs1952651 157811415 1 -5.905859790875286e-6 157811415 157811415 0
5 6376 rs1071598 78181423 1 5.461578269064003e-6 78181423 78181423 0
5 4342 rs10068815 53805159 1 -4.539673999181221e-6 53805159 53805159 0
5 4472 rs16884632 55189983 1 4.3989094930313664e-6 55189983 55189983 0
5 12273 rs17498180 147131749 1 -4.148591629715973e-6 147131749 147131749 0
5 12231 rs12659800 146689412 1 3.6499202820506463e-6 146689412 146689412 0
5 8637 rs885624 107300655 2 3.640143638738137e-6 107300655 107300655 0
5 2540 rs1363873 28786844 1 -3.5391038606322865e-6 28786844 28786844 0
5 7133 rs2452761 86187316 1 3.255192911843893e-6 86187316 86187316 0
5 10735 rs331075 127721178 1 -2.87836061008846e-6 127721178 127721178 0
5 6647 rs13183094 80316316 1 2.7873865036687525e-6 80316316 80316316 0
5 9753 rs299201 118303481 1 -2.386332930822165e-6 118303481 118303481 0
5 3263 rs852238 35943952 1 2.294034385612371e-6 35943952 35943952 0
5 14390 rs1422027 168896757 2 2.1097976367420593e-6 168896757 168896757 0
5 12823 rs4524565 152261044 1 1.6710763205213526e-6 152261044 152261044 0
5 5057 rs1501845 60976610 1 1.419612712135389e-6 60976610 60976610 0
5 15059 rs6556301 176527577 1 8.599138663071492e-7 176527577 176527577 0
5 13939 rs165070 164001035 1 4.1809593820447847e-8 164001035 164001035 0
5 3364 rs3822471 36985303 1 -3.892152436978077e-8 36985303 36985303 0
5 11508 rs10062254 136596226 1 3.765499964004048e-16 136596226 136596226 0
5 5755 rs3112483 71750904 1 3.181944012734959e-16 71750904 71750904 0
5 6945 rs11738392 84021150 1 1.0404319604428136e-16 84021150 84021150 0
5 6471 rs1428224 79029383 1 5.923733437934003e-17 79029383 79029383 0
5 6473 rs1428225 79029749 1 3.6007308182132505e-18 79029749 79029749 0
