CHR Group SNP.lead BP.lead Size W BP.min BP.max BP.width
1 1655 rs3790566 67814440 7 0.251815747993043 67811356 67856021 44665
1 12 rs3748816 2526746 5 0.05555167124253132 2513216 2713327 200111
1 2784 rs10924106 117053745 3 0.04664515185137096 117053745 117104215 50470
1 4763 rs2036775 229377038 1 0.04026048477428148 229377014 229377038 24
1 4187 rs3024505 206939904 3 0.04020372537951772 206939904 206946897 6993
1 3040 rs3761959 157669278 1 0.03981489716965578 157657842 157670816 12974
1 214 rs7524046 9307033 4 0.03448908451461206 9292282 9307033 14751
1 3938 rs6678151 197811282 4 -0.03409506413426313 197811282 197823360 12078
1 3134 rs489286 160722550 1 -0.03349789356307646 160722550 160723517 967
1 732 rs11247963 26855401 2 0.02973262764940925 26855401 26855401 0
1 3856 rs2760530 192538496 3 0.02708563568800198 192536813 192544795 7982
1 3664 rs1689797 182150978 2 0.02582753422305862 182150978 182173711 22733
1 658 rs12401982 24372971 2 0.02538349107880658 24372971 24385997 13026
1 2404 rs1543421 101315934 1 0.02532160416374497 101276544 101338482 61938
1 4610 rs2260032 222105479 3 -0.02283118094338585 222100948 222111006 10058
1 533 rs1416819 20193622 2 0.02266196565314611 20183342 20200990 17648
1 1620 rs17451451 66388153 2 -0.02248639303264882 66371682 66388153 16471
1 973 rs883220 38616871 3 0.02210500084951537 38616871 38645708 28837
1 3936 rs2488401 197702401 3 0.02176590809345368 197611682 197702401 90719
1 1643 rs2991356 67305306 3 0.02126213148678998 67305306 67327894 22588
1 4275 rs2272866 209929453 3 0.02119915421461474 209929453 209939599 10146
1 3588 rs6680476 178676965 1 0.02107718574310878 178669915 178676965 7050
1 1651 rs2902440 67670916 2 -0.02077423589452888 67670213 67681669 11456
1 1255 rs4927084 54760066 1 0.02066579888659956 54760066 54760066 0
1 1587 rs12409333 65417839 3 0.02062344797859711 65389835 65427476 37641
1 2715 rs2476601 114377568 3 0.01995332974530558 114243899 114394689 150790
1 4415 rs11807086 215064388 1 -0.01993500503835589 215058414 215064388 5974
1 703 rs11588172 25421990 1 -0.01950348322846198 25421990 25421990 0
1 3016 rs822431 156902281 3 0.01921143096705679 156901888 156934893 33005
1 486 rs2743208 19017855 1 0.01892077871880401 19017855 19017855 0
1 3038 rs2758620 157605501 1 -0.01876747586455439 157556532 157608122 51590
1 4535 rs601175 219141960 4 0.01802994362647678 219106550 219143598 37048
1 4168 rs823154 205762406 7 -0.01801273760521846 205762406 205801872 39466
1 3020 rs2231856 157095470 3 -0.01798207366533882 157095470 157118421 22951
1 4391 rs1660368 214407335 3 -0.01768453682608008 214403709 214408966 5257
1 3937 rs12134279 197781198 2 0.01707092523184853 197727298 197781198 53900
1 4959 rs10797557 234754829 1 0.01699581216448256 234754829 234754829 0
1 4670 rs3949347 225582816 1 0.01641528968822121 225565015 225607144 42129
1 1213 rs11205983 53102133 1 0.01610737734167575 53102133 53102133 0
1 2570 rs12039852 109075236 1 0.01610351487788175 109075236 109075236 0
1 3201 rs10917640 162881307 1 -0.01600646598337381 162879038 162887988 8950
1 920 rs727005 36281336 3 0.01593815316564345 36195372 36281336 85964
1 4556 rs4240926 219983926 2 0.01585194694294017 219980552 219984995 4443
1 5247 rs9943068 242946169 1 0.01565393731139143 242940149 242946169 6020
1 2 rs2649588 1314015 1 0.0156359700729291 1314015 1314015 0
1 3041 rs2873413 157737504 1 -0.01549953510842222 157718325 157737504 19179
1 3411 rs2272920 169799880 2 -0.01516852723707558 169761107 169834216 73109
1 4018 rs3767498 201020727 2 0.01504651694487854 201016646 201025682 9036
1 193 rs11589993 8284497 3 -0.0149872227205123 8278929 8285186 6257
1 1658 rs11209099 67982128 2 -0.01495837297165412 67980297 67982128 1831
1 3490 rs2205960 173191475 2 0.01487904209175708 173191475 173236065 44590
1 4014 rs11584383 200935866 1 0.01483074838250745 200906473 200938029 31556
1 2465 rs7552098 104576954 1 -0.01445402357751833 104573697 104611637 37940
1 823 rs7555715 31183812 2 0.01445211798328173 31176942 31184368 7426
1 4652 rs6698799 224806555 1 0.01433255330571073 224806555 224817330 10775
1 2878 rs1390510 147031323 1 0.01431052470499147 147031323 147048600 17277
1 824 rs4949294 31235936 2 0.01426531303559374 31231680 31235936 4256
1 4166 rs1772145 205695695 2 0.014168569393024 205676263 205725028 48765
1 843 rs34341430 32259791 1 -0.01408499798435048 32252615 32259791 7176
1 1184 rs10888618 49196334 2 -0.0139413469002545 49190234 49196334 6100
1 4195 rs11120211 207276379 1 0.01390955830720371 207276379 207286381 10002
1 3489 rs10489267 173170152 4 0.01389971002223988 173153468 173170152 16684
1 5289 rs12404604 244829280 2 0.0136615883188051 244829280 244829280 0
1 2491 rs2034525 105574256 1 0.01337077890348835 105569132 105593913 24781
1 3686 rs10911269 183134719 1 0.01316203075917153 183134719 183148228 13509
1 4354 rs3123537 212811947 1 0.01313801817377497 212811947 212811947 0
1 3940 rs12568860 197897332 3 -0.01308681201159327 197897332 197919693 22361
1 1913 rs159665 80403167 1 0.01303243862462666 80386090 80446510 60420
1 2647 rs1418426 111498111 1 -0.01284083324659821 111466053 111498111 32058
1 2898 rs10305751 150783458 4 0.01272904547797044 150727394 150816886 89492
1 2695 rs6658555 113098534 2 0.01258126095259284 113089006 113190807 101801
1 2250 rs2762509 95025421 1 -0.01250250829752418 95025421 95025421 0
1 2049 rs17124345 85726103 1 0.01234475233926387 85712287 85727335 15048
1 3089 rs2814779 159098713 1 0.01221691792059006 159098713 159099908 1195
1 127 rs1890191 5887140 1 0.01219413970641735 5887140 5887140 0
1 4429 rs4465171 215886975 4 0.01216789122742857 215878243 215886975 8732
1 3014 rs2644623 156862126 1 0.01205253214327536 156862126 156869047 6921
1 2199 rs10493860 92212703 2 0.01201749822379867 92212703 92224815 12112
1 119 rs971816 5707091 2 -0.01189651406783827 5701323 5707091 5768
1 3892 rs10801343 194639330 5 -0.01158960193047719 194635480 194683991 48511
1 5373 rs1691255 247065472 1 0.01157492829612765 247065472 247084953 19481
1 524 rs3748748 20018195 1 0.01130823816008707 20017738 20020994 3256
1 2226 rs2893248 94160787 1 0.01126460384179011 94160787 94160787 0
1 2646 rs4839586 111439902 1 -0.01122111928107863 111437129 111459847 22718
1 2767 rs10923633 116391331 1 0.01104759571964279 116391331 116391331 0
1 2286 rs1415564 95947234 2 -0.01087598049240998 95947234 95967757 20523
1 3096 rs12072644 159215287 2 -0.01086807452811799 159215287 159244893 29606
1 2179 rs164898 91569689 1 0.01084753091855164 91566457 91569689 3232
1 2639 rs343609 111270605 2 -0.01083116633154467 111257724 111276629 18905
1 3194 rs2684874 162797691 2 -0.01076415560082067 162793865 162802615 8750
1 4286 rs587203 210463786 2 0.01068096001687007 210458861 210463786 4925
1 1514 rs10159255 63020816 3 -0.01067320420755192 62931632 63133930 202298
1 3896 rs339567 194842734 2 -0.01067005320930764 194839289 194842734 3445
1 3730 rs78444298 184672098 1 0.01050597577537305 184667731 184728874 61143
1 4090 rs2494295 203218176 1 0.01050475468380909 203207520 203238568 31048
1 241 rs2480777 10597551 1 0.01049652018811025 10597551 10638604 41053
1 26 rs2493291 3329384 1 0.01047679666473929 3328659 3329384 725
1 4277 rs17389541 209987172 1 0.01034312285060173 209955848 209989270 33422
1 5 rs2459994 2024064 2 0.01030569912005431 2024064 2024064 0
1 5152 rs12403071 240620131 1 -0.01030269327838376 240620131 240620131 0
1 699 rs12403541 25382556 3 -0.01019583831317143 25375468 25384533 9065
1 1909 rs17103753 80270404 2 0.01012929215043941 80239307 80279906 40599
1 5073 rs7540190 238534722 2 -0.01010981108341825 238533500 238534722 1222
1 4602 rs10863652 221923042 3 0.01004778976680555 221915967 221935951 19984
1 1501 rs17379608 62673365 3 0.01000939055727026 62672546 62677050 4504
1 2382 rs2640911 100331265 1 0.00994220739935611 100312175 100335977 23802
1 3934 rs10494755 197480986 1 0.00990200398853533 197463936 197488569 24633
1 4694 rs10495245 226640376 1 -0.00985973789369841 226631272 226640376 9104
1 2037 rs7512497 85335709 1 -0.00984785796714186 85335709 85340005 4296
1 2899 rs267738 150940625 3 0.00976825083875375 150856153 150958836 102683
1 3052 rs7552600 158029021 2 -0.00976691530329957 158029021 158029021 0
1 1037 rs12067645 41425864 1 0.00973896759219151 41425864 41447366 21502
1 2082 rs1882753 86965419 2 0.00973805941189866 86959173 86965419 6246
1 667 rs7524076 24508710 1 0.00967131429227435 24508710 24508710 0
1 2400 rs11583008 101085094 1 0.00965199314020149 101084542 101107748 23206
1 3816 rs815330 190164775 2 -0.00958596604923954 190117274 190201724 84450
1 969 rs11210870 38449910 2 0.00955148560448834 38449910 38452059 2149
1 2512 rs17016826 106687949 2 0.00946403391294018 106649808 106687949 38141
1 5171 rs10802917 241148960 2 0.00934073932228654 241145243 241152090 6847
1 1821 rs5745343 76273805 4 0.00933385916659323 76252011 76289004 36993
1 2915 rs2495396 151744928 4 0.00932005779501854 151744928 151773167 28239
1 1454 rs11808039 61303553 3 0.00928715617458647 61274442 61307277 32835
1 1323 rs2096086 56744527 1 0.00922003432799103 56725516 56744527 19011
1 203 rs4418632 8994112 2 0.0092112757639494 8991141 8994112 2971
1 3281 rs115506989 165532948 2 -0.00912971143233384 165525069 165534130 9061
1 2352 rs4908084 99310398 1 -0.00909156302977636 99280693 99310566 29873
1 2009 rs10782813 84116142 1 -0.00906823293052434 84093357 84116142 22785
1 4385 rs340840 214127887 1 0.00900170446843365 214127887 214140993 13106
1 3476 rs11809802 172566841 1 -0.00896550618883006 172498216 172603940 105724
1 2650 rs10494129 111787072 4 0.00892870257324744 111773600 111787072 13472
1 5294 rs10927330 244997953 2 -0.00891016223155813 244997953 244997953 0
1 566 rs12404655 20943195 1 -0.0089022748049948 20940463 20968011 27548
1 4647 rs10916585 224503071 2 0.0088766582662165 224454099 224541645 87546
1 4690 rs11800726 226523560 2 -0.00883169949586967 226521192 226523560 2368
1 4523 rs2047163 218708603 1 -0.00881106877565191 218708603 218719400 10797
1 3054 rs11264900 158045749 1 -0.00867395052166913 158045749 158050627 4878
1 3396 rs12731646 169090660 2 0.00857677537760832 169090660 169099483 8823
1 701 rs443523 25403783 1 -0.008503933555436 25403783 25403783 0
1 3273 rs283698 165375835 1 -0.00845189816694881 165375835 165377552 1717
1 2495 rs4325188 105700935 2 0.00839349280152793 105700935 105700950 15
1 1780 rs1475064 73882478 3 0.0083684468911625 73766431 73882880 116449
1 687 rs1002706 25051153 2 -0.00827419174686665 25029488 25169634 140146
1 3333 rs16859085 167453334 1 0.00821837501806855 167453334 167455145 1811
1 3431 rs12040328 170755811 1 0.00821489818073116 170744889 170773031 28142
1 333 rs7414562 14359780 2 -0.008176059022862 14358807 14372163 13356
1 5228 rs10926744 242619825 1 0.00803913929045162 242619825 242619825 0
1 4593 rs1031675 221605304 1 -0.00800334358138647 221579628 221606691 27063
1 4285 rs138733991 210415570 1 0.00800247013994933 210413739 210433351 19612
1 2383 rs28730701 100340782 3 -0.00795626346727344 100340782 100358200 17418
1 547 rs10916761 20637374 1 0.0079041732997298 20632407 20637374 4967
1 2620 rs814318 110788825 1 -0.00788860656879216 110788825 110788825 0
1 4431 rs12141500 215921956 2 0.00776803275765568 215914751 215921956 7205
1 3932 rs949571 197313189 1 0.00769913228512459 197313189 197329535 16346
1 835 rs12132682 31955089 2 0.00763195775198976 31953898 31976017 22119
1 3517 rs7551235 175294275 2 -0.00762073103520724 175286396 175298757 12361
1 3311 rs558843 166634216 1 0.00746666874077082 166607463 166656798 49335
1 3640 rs7523745 181274415 1 -0.00731488585110199 181230769 181274415 43646
1 1061 rs6691697 42534375 1 -0.00731459594902928 42513929 42551252 37323
1 2215 rs11164854 93443043 1 0.00726109391804134 93430926 93466960 36034
1 4177 rs7549189 206635295 3 0.00722354676590803 206617682 206635295 17613
1 1038 rs2268677 41542504 3 0.00709109004640984 41482976 41582006 99030
1 5014 rs10925193 236829348 1 -0.00708085838568085 236818787 236839326 20539
1 4895 rs41304133 233121884 1 0.00704209783512313 233119951 233134086 14135
1 762 rs2985327 29319480 3 0.00697515588796392 29319480 29443723 124243
1 3665 rs10494545 182200659 2 0.0069434190007748 182177802 182200659 22857
1 3751 rs10798035 186050417 1 0.00691541749924162 186048208 186050417 2209
1 2832 rs1779416 119453869 2 0.006905285422807 119452758 119464710 11952
1 2976 rs6699043 154913021 2 -0.00684349075746832 154913021 154944156 31135
1 2974 rs13376333 154814353 1 -0.00683397443830934 154814353 154817687 3334
1 830 rs10914251 31510263 2 0.00678981730119665 31413972 31539051 125079
1 3638 rs3827706 181160271 1 0.00678707236888711 181160271 181160271 0
1 1846 rs315014 77033959 1 0.00676291259438284 77030764 77033959 3195
1 3296 rs4074017 166036621 2 -0.00672558453766842 166027277 166044090 16813
1 1197 rs1110220 50815397 2 0.00670899720792968 50815397 50815397 0
1 2627 rs4839417 111018598 3 0.00667860790682672 111018598 111018874 276
1 2384 rs2769698 100367379 3 -0.00666993362300182 100361925 100387939 26014
1 2633 rs1769207 111093653 1 0.0066549137462218 111092596 111100562 7966
1 3692 rs2276879 183273751 1 -0.00662467509998598 183273751 183279029 5278
1 1040 rs2154319 41745770 1 -0.00661348190495718 41745770 41745770 0
1 763 rs2503011 29558468 4 -0.00657873697883138 29464954 29569212 104258
1 827 rs12756105 31313417 1 -0.00657612087616768 31313417 31313417 0
1 5249 rs12077185 242973892 1 -0.00656132026926024 242973892 242989157 15265
1 4392 rs6682783 214418139 1 0.00654666042416452 214418139 214420735 2596
1 4169 rs7517009 205815992 1 -0.00653394061226352 205814497 205857654 43157
1 730 rs7532866 26741544 2 0.00641872627172576 26741106 26743903 2797
1 1957 rs4526653 81831533 2 -0.00639690295595669 81828029 81831533 3504
1 372 rs6667220 15347640 2 0.00638231770413039 15346330 15347640 1310
1 3769 rs10494593 187158671 2 0.00635261989223912 187095959 187173215 77256
1 1586 rs12563017 65381861 2 0.00633774430191893 65381861 65381861 0
1 1799 rs696698 75065441 2 -0.00632517417723435 75055419 75072038 16619
1 707 rs742391 25525711 1 0.00629253469387374 25525711 25525711 0
1 4794 rs11806158 230521031 2 0.00628716597842738 230496808 230523609 26801
1 1237 rs4575030 54024808 2 0.00626314333157629 54024808 54029856 5048
1 613 rs1033455 22554625 3 -0.00624858263914406 22549729 22569226 19497
1 4708 rs12033364 226965174 1 0.00620792690453416 226965174 226965174 0
1 4686 rs4369199 226280915 1 0.00618845726326563 226266029 226285151 19122
1 1654 rs12568764 67740835 1 0.00614725620726956 67740835 67760140 19305
1 1024 rs7511983 40966167 2 0.00613819863470089 40960619 41032059 71440
1 4271 rs2072941 209811595 2 0.00613222949136747 209807782 209811595 3813
1 674 rs6670829 24751920 3 0.00604151380706335 24710405 24755438 45033
1 3613 rs6425607 180075388 2 -0.00600960787139838 179929388 180075388 146000
1 2931 rs10888510 152681835 1 0.00598987673213185 152681835 152697338 15503
1 3908 rs10801449 195708999 5 -0.00596579128472716 195686601 195730565 43964
1 5216 rs737133 242322870 2 0.00595227416471918 242304648 242324399 19751
1 1815 rs6658825 75974819 1 -0.00595021540974457 75941966 75982426 40460
1 373 rs4520412 15359967 2 -0.00594596952951093 15352820 15359967 7147
1 307 rs2999878 13786622 1 0.00594281875537931 13783354 13787005 3651
1 1117 rs4233496 45763650 5 0.00592096025639539 45710771 45763753 52982
1 4193 rs291096 207110936 2 0.00591994685603152 207106478 207134104 27626
1 2298 rs321270 96457002 4 0.00588706349193764 96414335 96458324 43989
1 4785 rs6703306 230351829 2 -0.00588260371560116 230341905 230351829 9924
1 4814 rs12724252 230914229 4 0.00587198614132274 230904935 230917513 12578
1 2437 rs2889234 102742475 1 0.00580720031951455 102714517 102743350 28833
1 1128 rs2025384 46967890 3 -0.00576173237275576 46967890 46981536 13646
1 4013 rs296543 200889833 3 -0.00571485172415796 200877562 200896708 19146
1 677 rs185511 24857086 1 0.00562501459631697 24857086 24864576 7490
1 2825 rs1324727 119029958 2 -0.00562402857476632 119029958 119048181 18223
1 1652 rs41313262 67705900 1 0.00562330079403381 67685116 67705958 20842
1 2864 rs647596 146535394 1 0.00560988992230174 146508934 146535394 26460
1 3957 rs6686725 198618707 1 0.00560763477142691 198609305 198634997 25692
1 2368 rs12409296 99853467 2 0.00560371416197078 99853467 99913450 59983
1 651 rs2811946 23902416 2 -0.0055421185843188 23895154 23902416 7262
1 5282 rs3102460 244576717 2 0.0054587427022172 244576717 244612252 35535
1 4929 rs12086015 233976729 1 -0.00543605585843665 233957343 233976729 19386
1 1990 rs389112 83172684 1 0.00540060949596215 83144687 83172684 27997
1 3316 rs6427047 166914258 2 -0.00532635201150491 166856059 166929527 73468
1 4336 rs2970582 212080831 2 0.00531223933458686 212080831 212092918 12087
1 2982 rs4971079 155130391 1 -0.00530304771677451 155106697 155132836 26139
1 4887 rs10910594 232831301 1 0.00529917173452822 232831301 232831301 0
1 1268 rs17110749 55048190 2 -0.00529495501808477 55048190 55059295 11105
1 3127 rs6427528 160516308 3 -0.00529028051560113 160507016 160519240 12224
1 1325 rs3005897 56786595 4 0.00525640181155562 56783425 56794965 11540
1 3106 rs2808630 159680868 2 0.00522846026752703 159647988 159700039 52051
1 4762 rs342834 229351259 2 0.00522522427527517 229351259 229367115 15856
1 5378 rs61730460 247267269 1 -0.00516368859223621 247252836 247267269 14433
1 3169 rs1572495 162099301 2 0.00514318750149152 162092110 162112650 20540
1 845 rs7518553 32315147 1 -0.00514116065080608 32311335 32315147 3812
1 2761 rs17034249 116240721 1 -0.00512643515643647 116239368 116247790 8422
1 5205 rs12725593 241882665 3 -0.00511469119443799 241882665 241891040 8375
1 548 rs4590651 20652798 2 -0.0050959198018289 20652798 20680718 27920
1 5163 rs12744536 240977964 1 0.0050956325228047 240977252 240977964 712
1 4878 rs3795366 232650750 2 0.00507365822998756 232650750 232658615 7865
1 4406 rs2807650 214762003 2 0.0050717981629468 214756410 214763986 7576
1 2683 rs12026840 112617049 1 -0.00507172344405222 112613028 112628860 15832
1 1295 rs1807871 55780821 2 0.00507079176187539 55764492 55781281 16789
1 2435 rs2022858 102608577 1 0.00505989275346624 102601950 102632935 30985
1 2619 rs615204 110759796 1 0.00499314321386547 110759796 110759796 0
1 5267 rs10927118 244229199 1 0.00499191879015065 244229199 244229199 0
1 4368 rs320424 213703223 1 -0.00498459712364886 213703223 213703223 0
1 4457 rs12089054 216800699 3 0.00498159839519259 216783528 216800699 17171
1 3088 rs1057027 159002377 2 0.00498006367776942 159001593 159021506 19913
1 2641 rs724032 111334391 1 -0.00495952182829848 111315241 111342490 27249
1 5142 rs6679031 240490119 2 0.00494355392104781 240481762 240495826 14064
1 2188 rs1983170 91986482 4 0.00493892086345974 91980447 92011467 31020
1 19 rs7518255 3086464 2 0.00492694674868721 3072692 3086464 13772
1 4355 rs17019556 212846165 3 0.00492389630588319 212844187 212846609 2422
1 2238 rs550060 94524784 4 0.00490056467248193 94523113 94531324 8211
1 4408 rs3748697 214820099 1 0.00489162523681927 214814059 214820933 6874
1 4612 rs2800860 222183226 2 -0.00485524419186012 222183226 222211329 28103
1 2071 rs7516054 86603942 2 -0.00484464456887304 86591036 86603942 12906
1 1223 rs3766792 53590423 1 -0.00480423451686437 53590423 53590423 0
1 882 rs911216 34375199 1 0.00479596487355909 34375199 34375199 0
1 4564 rs6541127 220401009 1 0.00479166375010646 220393414 220448330 54916
1 2644 rs2885805 111417915 4 -0.00478832243080422 111415841 111417915 2074
1 3868 rs6694727 193369701 2 0.00476298364560691 193369701 193424164 54463
1 3725 rs2207526 184432880 1 -0.00472436256242999 184426822 184442196 15374
1 1168 rs2073293 48570133 2 0.0047027563622152 48564267 48570133 5866
1 3084 rs139161219 158943483 1 0.0047012001421504 158943483 158943483 0
1 3285 rs12065621 165639264 2 0.00468877064746414 165625023 165648710 23687
1 2640 rs343792 111302518 2 -0.00467754299828556 111288116 111311541 23425
1 61 rs10915535 4491460 3 0.00466156361927107 4486522 4493215 6693
1 603 rs7553024 22308178 1 -0.00462734072537295 22308178 22308704 526
1 3981 rs17652603 199633712 2 0.00462478857272747 199610237 199636944 26707
1 3039 rs10908583 157641683 2 0.00462049846855599 157619889 157648543 28654
1 2912 rs1891592 151554503 4 0.00460253752678417 151542176 151554503 12327
1 217 rs9442562 9367908 2 0.00458604632311885 9367908 9371099 3191
1 2682 rs10776740 112610318 2 -0.00457596182912228 112597532 112610318 12786
1 2553 rs17020055 108336533 1 -0.00456873559163243 108302922 108336533 33611
1 4754 rs4654644 229200011 3 0.00453409130024672 229181697 229203703 22006
1 3284 rs6681 165619079 3 0.00453340569729324 165604991 165619079 14088
1 4674 rs2615060 225873612 1 0.00453068399815322 225872632 225886318 13686
1 521 rs1320978 19947973 1 0.00451731507469141 19945189 19963047 17858
1 240 rs2056417 10581658 2 -0.00449133789759032 10567658 10584672 17014
1 2237 rs1801581 94512565 1 -0.00447987424360881 94512565 94512565 0
1 925 rs2275480 36921533 3 -0.00447157895186107 36886117 36926946 40829
1 4617 rs17461806 222584505 1 -0.00446963825063216 222584505 222584505 0
1 1116 rs6666806 45466927 2 0.00443140807877027 45416900 45479709 62809
1 819 rs544789 31083478 1 0.00442959561443012 31080612 31088967 8355
1 4779 rs6663181 230187526 1 0.00441558264870915 230187526 230187526 0
1 2596 rs6537837 110119732 2 0.00437792125292759 110119732 110151395 31663
1 3498 rs7540065 173449036 2 -0.00434855138700545 173391208 173457599 66391
1 2857 rs11249433 121280613 1 0.00434843214151784 121164607 121280613 116006
1 1648 rs11806560 67558275 3 -0.0043207920984129 67551209 67584335 33126
1 1419 rs1470407 59714992 2 0.00431029375154911 59703738 59731843 28105
1 2258 rs1027307 95173343 1 0.0042927696892844 95173343 95177368 4025
1 4194 rs2791708 207162433 3 -0.00428881235788408 207159378 207163372 3994
1 4257 rs10863764 209400118 2 -0.00428288536051318 209397138 209400118 2980
1 4913 rs10797465 233633819 1 0.00426775964258261 233633819 233633819 0
1 3181 rs2282397 162344102 2 -0.00425446696687303 162344102 162344102 0
1 4074 rs4950949 202810562 1 0.00421944401845356 202810562 202810562 0
1 3952 rs12022258 198431973 1 -0.00420673496010168 198393988 198431973 37985
1 94 rs10915310 5068210 1 -0.00419025693130811 5061217 5068210 6993
1 5414 rs6657427 248032168 2 -0.00418091941035605 248032168 248035778 3610
1 4682 rs41441645 226034909 4 0.00417053188621771 226026406 226046974 20568
1 770 rs927727 29793205 2 -0.00412339848540796 29793205 29793205 0
1 4604 rs4313407 221968779 2 0.00412039378509395 221951794 221973909 22115
1 16 rs12022429 2919942 1 0.00410039741908938 2919942 2919942 0
1 2420 rs1948369 101938561 2 -0.00409821869222639 101919802 101938561 18759
1 3923 rs12065463 196464754 1 0.0040709799758546 196433870 196525314 91444
1 1270 rs11206396 55085499 1 -0.00406627935468546 55085499 55085608 109
1 1802 rs10493547 75151932 1 -0.00405457497827036 75151932 75151932 0
1 5341 rs9660719 246003671 1 0.00405257231006416 245999838 246003671 3833
1 5221 rs425246 242404260 2 0.00404737884785618 242393905 242404260 10355
1 3426 rs12044570 170443579 5 0.00401110816092732 170391041 170446678 55637
1 724 rs12138368 26520292 1 -0.00399699378752247 26517267 26527255 9988
1 4284 rs17757020 210396557 1 0.00397701601595202 210381257 210399652 18395
1 4088 rs946261 203157873 1 0.00396342308919517 203157873 203157873 0
1 1463 rs1419336 61477603 1 0.00394272194197391 61477603 61477603 0
1 3467 rs633995 172186729 1 -0.00393758198379075 172186729 172186729 0
1 889 rs9425986 34541724 1 0.00393631639321024 34541724 34564936 23212
1 921 rs636832 36363475 1 0.00392250298869686 36363475 36363475 0
1 3056 rs980937 158140205 1 0.00391730661883011 158140205 158140205 0
1 140 rs61740145 6531124 2 0.00391540123641866 6531124 6531124 0
1 5286 rs7540302 244775026 1 0.00390422550145192 244775026 244785995 10969
1 2600 rs11102001 110299691 2 0.00388829185940446 110299691 110300441 750
1 1823 rs1770878 76456329 2 0.00387023526342147 76391646 76456329 64683
1 4725 rs12565154 228027310 1 -0.00385870012427769 228024977 228027310 2333
1 247 rs7514751 10762432 1 0.00382486799797648 10762432 10762432 0
1 4016 rs12081096 200998358 1 -0.00381979659872173 200972454 200998819 26365
1 2613 rs11102043 110517396 1 -0.00381839883411166 110517396 110517396 0
1 742 rs11247639 27679692 1 -0.00381665413669313 27679692 27679797 105
1 192 rs390468 8274018 1 0.00380356650276893 8274018 8274018 0
1 2677 rs3008538 112506564 3 0.00380144728687941 112505214 112506564 1350
1 329 rs12118400 14290847 2 -0.00375181943329036 14290847 14297220 6373
1 1857 rs7534641 77266676 1 -0.00372316081030714 77266676 77266676 0
1 4244 rs17013392 208968409 1 0.00372034173789621 208959316 208971963 12647
1 1335 rs7539051 57042954 1 0.00369360513806049 57036017 57057316 21299
1 2954 rs2072704 153935543 1 0.00369167899369249 153865536 153954646 89110
1 2096 rs12402858 87845112 1 0.00366927298728827 87845112 87857993 12881
1 998 rs4147761 39467615 4 -0.00365895893045849 39467615 39518006 50391
1 3752 rs41317489 186092103 1 0.00365334192752111 186092103 186126099 33996
1 3611 rs507603 179897070 1 -0.00364057745763682 179866874 179900199 33325
1 2659 rs3393 112042149 1 0.0036293398802659 112042131 112046557 4426
1 1883 rs11811709 78714834 2 0.00361133580731997 78708393 78714834 6441
1 1605 rs3818513 65874037 2 -0.0035730620873007 65871062 65874037 2975
1 5174 rs12059322 241205433 2 -0.00352549599338028 241202525 241212923 10398
1 1447 rs10889175 60901523 1 0.00347450270576549 60901523 60975097 73574
1 2459 rs1406135 103764640 1 0.00347373162908402 103764640 103764640 0
1 934 rs4653210 37074351 2 0.00346754283558372 37074351 37074351 0
1 2609 rs333966 110441792 1 -0.00345502077427175 110441792 110450177 8385
1 4459 rs2211118 216864218 3 0.00344917660568125 216854126 216872461 18335
1 2070 rs4631724 86587726 1 -0.00342359929843891 86577829 86587726 9897
1 4742 rs2295256 228874049 1 -0.00341595854985328 228849601 228880466 30865
1 3683 rs6681606 182878158 2 0.00339963060299872 182784022 182878158 94136
1 2962 rs4240872 154436195 3 -0.00339437195637874 154436195 154438084 1889
1 338 rs9803674 14490497 1 0.00339278531952471 14487284 14496787 9503
1 4073 rs2362916 202763850 1 -0.00337924627195369 202694072 202780530 86458
1 1016 rs10489430 40748755 3 -0.00336423827749418 40722795 40759231 36436
1 4808 rs699 230845794 5 -0.00336015971508108 230843714 230850940 7226
1 3232 rs2210960 164153205 7 0.00334126414912928 164151402 164175199 23797
1 1793 rs17094900 74648408 1 -0.00331770698325862 74648408 74710450 62042
1 4567 rs12754802 220539533 1 0.0033146755039457 220539533 220568157 28624
1 2951 rs7536700 153640827 2 -0.00330546689374065 153622220 153660989 38769
1 4278 rs11584081 209997448 1 0.00327465821625607 209996542 210020971 24429
1 922 rs3767703 36555758 2 0.00326988839080055 36549157 36581978 32821
1 2176 rs355644 91504195 1 0.00326766708755189 91504195 91517927 13732
1 2765 rs10923445 116320833 1 -0.00326606086892599 116320833 116333773 12940
1 3777 rs1938515 187402854 1 -0.00326550069136453 187379326 187402854 23528
1 3921 rs12409953 196234932 1 0.00323723832528623 196186750 196281802 95052
1 3229 rs7536844 164001513 2 -0.00322098153473388 164001513 164060002 58489
1 917 rs4411101 35571417 2 0.00321044320856306 35497529 35571417 73888
1 3928 rs41299623 197073196 1 0.0031997160573707 196995848 197077516 81668
1 306 rs11121976 12833428 1 -0.00318059846298772 12833428 12835158 1730
1 389 rs4661330 15687059 1 -0.00317820773390733 15687059 15687059 0
1 940 rs1472823 37220721 1 -0.00317745722502711 37220721 37220721 0
1 4724 rs748405 227947434 4 -0.00317212376754589 227912474 227954677 42203
1 4527 rs1031961 218903928 2 -0.00316781139915585 218903928 218912366 8438
1 4388 rs1228534 214322247 3 -0.00316303451677885 214318748 214355392 36644
1 2271 rs10493881 95428051 1 0.00315901195468612 95428051 95429120 1069
1 1389 rs4244014 58819774 4 -0.0031543901941144 58811791 58825601 13810
1 1602 rs12086738 65807412 3 0.00314400293961265 65803765 65808281 4516
1 1267 rs1755588 55044940 1 0.00313159860711197 55044940 55046392 1452
1 697 rs311426 25358211 1 0.0031313743530822 25354020 25358211 4191
1 4969 rs908319 235062181 2 0.00311824989666944 235062181 235062181 0
1 1741 rs915219 71097893 1 -0.00311488169933677 71093805 71111456 17651
1 1000 rs3116389 39785641 3 -0.00311363549027376 39731550 39906659 175109
1 3265 rs10494434 165117237 2 0.00310029987217539 165117237 165121286 4049
1 1612 rs12239571 66140817 1 -0.00302731582174163 66140817 66166499 25682
1 2747 rs1985652 115786408 4 -0.00301412650110847 115782754 115800949 18195
1 846 rs11805047 32336784 1 -0.00300893216880885 32336784 32336784 0
1 1561 rs12025819 64612395 2 -0.00300840118060631 64612395 64614011 1616
1 1858 rs1004878 77324640 2 -0.00300054729824693 77282567 77324640 42073
1 2635 rs4839069 111137811 1 0.00299726296888 111137811 111141682 3871
1 1951 rs1557020 81739593 1 -0.0029956550182099 81738960 81749474 10514
1 1095 rs975761 44264435 4 -0.00298092441463031 44252908 44295047 42139
1 1221 rs1288401 53553754 3 -0.00297017669773481 53542793 53558366 15573
1 2247 rs12742802 94629643 1 -0.00296697567532622 94629643 94657769 28126
1 2351 rs1384168 99242320 2 -0.00295871299873682 99199954 99242767 42813
1 4948 rs2175593 234529570 1 -0.00295849819687568 234521118 234529570 8452
1 5319 rs819876 245555664 2 0.00295026213204618 245550394 245563382 12988
1 2165 rs10922869 90993868 1 0.00294294766775836 90973861 90996474 22613
1 4953 rs3951276 234633308 1 0.00291292671385521 234633308 234636595 3287
1 3739 rs7553686 185364104 1 -0.00290883605405787 185347488 185364454 16966
1 4735 rs61730829 228565329 1 0.00290660588025611 228558892 228565329 6437
1 3122 rs7521304 160342015 2 -0.00287391618785876 160342015 160342944 929
1 457 rs4920428 18425601 2 0.00286915175400096 18425601 18427031 1430
1 4122 rs2942133 204369875 2 0.00286366648442226 204369875 204369875 0
1 1622 rs12085651 66440553 1 -0.00285731155421372 66426100 66457244 31144
1 1541 rs4915899 63844736 1 -0.00283291096594799 63844736 63844736 0
1 339 rs10754914 14507739 1 -0.00282475496430871 14507739 14507739 0
1 1387 rs12726314 58792030 1 0.00282201209479252 58792030 58794017 1987
1 2464 rs1330408 104546820 3 0.0028175293264945 104529736 104562381 32645
1 3708 rs2296713 183909717 2 0.00280826729715976 183886016 183910160 24144
1 4989 rs35714220 236176845 2 0.00279268051479615 236175327 236195181 19854
1 4653 rs6661853 224820448 1 -0.00278429623043339 224820448 224822482 2034
1 3815 rs1418808 190104227 3 0.002773809726283 190099810 190104227 4417
1 5074 rs6700386 238551834 1 -0.00277184048530855 238544006 238551834 7828
1 4473 rs867410 217159448 2 -0.00275675889150825 217159448 217174168 14720
1 5292 rs2365958 244921530 2 -0.00275198279476351 244921530 244921530 0
1 1925 rs7529438 80735096 1 0.00275018638874276 80735096 80735096 0
1 1688 rs12039098 68765106 1 0.00274855584781084 68757334 68773120 15786
1 942 rs484017 37303737 2 0.00274582875894045 37303737 37303737 0
1 380 rs6429728 15540685 1 -0.00274485365196433 15537122 15540685 3563
1 3391 rs2146194 168954614 1 -0.00272850831038796 168952479 168961407 8928
1 4802 rs853459 230725824 2 0.00270627721653421 230725720 230747290 21570
1 1049 rs12043801 41971227 1 -0.00270308643200678 41971227 41971227 0
1 62 rs1674877 4496659 1 -0.00269282877415539 4496256 4510840 14584
1 4349 rs10779581 212695787 2 -0.00268852911954192 212693423 212719366 25943
1 1950 rs11163216 81702178 2 -0.00268647330021296 81698720 81705577 6857
1 2928 rs7530609 152526812 1 -0.00267533662008915 152526812 152530510 3698
1 4017 rs13374149 201012484 2 -0.00266380779996008 201003606 201012484 8878
1 196 rs301806 8482078 3 -0.00266125114901829 8422676 8488565 65889
1 4163 rs3789461 205588637 5 0.00262345418614486 205588637 205602553 13916
1 4923 rs1693210 233800613 2 0.00262300718995425 233796651 233813072 16421
1 4109 rs3911890 204030721 1 -0.0026225290185803 204030721 204030721 0
1 3623 rs4651067 180494062 1 0.00261334072339096 180472298 180510172 37874
1 2449 rs2616009 103409558 1 0.00255539281948434 103409558 103409558 0
1 3469 rs2757489 172264193 1 -0.00255087092261743 172219995 172264193 44198
1 4327 rs6702177 211774350 1 -0.00254155004808847 211774350 211774350 0
1 257 rs12142107 11097867 1 -0.00252636769102236 11072117 11097867 25750
1 983 rs12740005 38858540 3 0.00252546864505216 38848996 38861996 13000
1 1694 rs435066 68927513 2 -0.00252392233814903 68927513 68936124 8611
1 2575 rs1149155 109349019 1 0.00251973408015368 109349019 109356362 7343
1 1800 rs730645 75118172 2 0.00250967634298698 75118172 75121016 2844
1 3418 rs12145587 170188108 3 0.00250784336518884 170174046 170188108 14062
1 4137 rs2802814 204906922 2 -0.00250686323477317 204905920 204906922 1002
1 3699 rs3754515 183562782 1 0.00248873504014981 183562782 183562782 0
1 2518 rs11184847 106849846 2 -0.00248844217519174 106843175 106870121 26946
1 1207 rs17394584 52034812 1 0.00248698295705529 52026384 52035058 8674
1 3416 rs7354854 170126618 2 0.00248536995575247 170103732 170135760 32028
1 1775 rs11209998 73114150 1 0.00248060990499559 73114150 73114150 0
1 5099 rs10495437 239297423 1 0.00247187943647249 239283303 239297423 14120
1 5211 rs12568965 242070731 1 0.00246664453661951 242070731 242070731 0
1 3161 rs35284289 161736209 2 0.00246541265226132 161736209 161814020 77811
1 4252 rs11119208 209211968 1 -0.00246237037951755 209211775 209214390 2615
1 3224 rs13374982 163772455 1 0.00246160294325361 163772455 163805912 33457
1 2095 rs17422436 87834794 1 -0.00246097473721971 87834794 87834794 0
1 3130 rs11265461 160630143 1 0.00245070446573417 160616703 160630143 13440
1 4711 rs10916066 227098588 1 -0.00244896387229225 227090500 227098588 8088
1 1093 rs11210892 44100084 6 0.00244403984017475 44092027 44137257 45230
1 4185 rs13208 206828162 2 -0.0024390977596783 206813737 206841857 28120
1 792 rs267720 30497242 1 0.00242779276268853 30487342 30497242 9900
1 4251 rs10863739 209162928 4 0.00242686448567896 209149149 209195248 46099
1 4971 rs6586361 235119382 1 0.00241954871616573 235119382 235119382 0
1 336 rs4661477 14467720 1 -0.00241831936572206 14463067 14467720 4653
1 848 rs680328 32438234 2 0.00240946307102569 32438231 32438234 3
1 1044 rs2801962 41878988 1 0.00240915873817399 41861383 41879081 17698
1 1973 rs1926840 82463594 1 -0.0024042638068059 82447191 82492195 45004
1 68 rs12080165 4596700 1 0.00239885813330199 4596700 4606471 9771
1 4387 rs340839 214161820 2 0.00239081071827414 214159256 214161820 2564
1 496 rs2024727 19274525 1 0.00237619932153529 19274525 19274525 0
1 1948 rs1195685 81617971 1 -0.00237552084911365 81610300 81639173 28873
1 53 rs351619 4368819 2 -0.00236966738853475 4368819 4368819 0
1 1585 rs310219 65315298 4 0.00236957519644968 65309002 65356951 47949
1 4640 rs2488513 224216822 1 -0.00236711915524636 224216822 224216822 0
1 1051 rs7519983 42083369 2 -0.00236609098750245 42076607 42083369 6762
1 1450 rs1381170 61162222 1 0.00235773235586821 61157162 61162222 5060
1 2193 rs1555890 92160886 1 0.00234296101245189 92154088 92163174 9086
1 1852 rs1498365 77149849 2 0.00232340510684988 77146173 77187595 41422
1 396 rs3766163 15986547 1 -0.00232084122539357 15930869 15986868 55999
1 197 rs4908760 8526142 1 -0.00230534638950625 8526142 8586563 60421
1 874 rs475622 34207470 1 -0.00230193869925914 34202162 34213077 10915
1 2648 rs11102208 111610738 1 0.00229782196759037 111557266 111610738 53472
1 2202 rs2129975 92282080 1 -0.00229723049208921 92282080 92309916 27836
1 4568 rs12032166 220608142 2 0.00229456144742967 220599845 220622474 22629
1 4296 rs12759944 210674600 2 -0.00228430672055373 210660195 210674600 14405
1 2166 rs12078288 91045387 4 0.00227888865929907 91010959 91062107 51148
1 1236 rs11206170 54010926 2 0.00227684978725053 54005060 54010926 5866
1 1269 rs2304303 55064980 1 -0.00226875533825302 55064970 55064980 10
1 4272 rs78075213 209849535 2 -0.00226201603047084 209844517 209858453 13936
1 1790 rs717830 74376663 2 -0.00226052375884043 74376663 74389575 12912
1 3676 rs11072 182543331 1 -0.00225323328987223 182543331 182543331 0
1 1013 rs12118846 40553444 2 0.00225097321223557 40551745 40573134 21389
1 4376 rs1588374 213873500 2 0.00224909815841341 213866694 213873500 6806
1 2566 rs594397 108741065 2 -0.00224491499848751 108737586 108741065 3479
1 3492 rs6685520 173278169 1 -0.00223456814154852 173278169 173284199 6030
1 2827 rs2884876 119153514 1 0.00222437744736585 119129814 119160266 30452
1 276 rs2274976 11850927 1 -0.00222264247138288 11836450 11856378 19928
1 2995 rs41265043 156314497 1 0.00221951275469317 156314440 156335111 20671
1 2552 rs17019810 108268801 1 0.0022169863971967 108258265 108288220 29955
1 484 rs6703076 18934081 2 0.00221271541308465 18932744 18934081 1337
1 1139 rs6429613 47289636 2 -0.00220206156988613 47280859 47321982 41123
1 3258 rs4656422 164956966 2 -0.00219902205045309 164956966 164966447 9481
1 4027 rs11801154 201188328 2 0.00219253315409573 201176651 201188328 11677
1 4919 rs1693224 233739918 1 0.00219105484125128 233738342 233743103 4761
1 3738 rs10752948 185322489 1 -0.00218568428814483 185317357 185325547 8190
1 4943 rs628407 234432465 1 0.00217191629569115 234432465 234432465 0
1 4560 rs2647468 220168633 2 0.00217064529484803 220156704 220168633 11929
1 4668 rs12032942 225512083 10 -0.00216921032837839 225511905 225541372 29467
1 588 rs2275363 21940555 1 0.00216391887052126 21940555 21940555 0
1 4142 rs2229866 205031116 3 -0.00216355529275424 205027737 205034552 6815
1 3660 rs4523491 181999723 1 0.00215152932861891 181954718 182013486 58768
1 854 rs419145 33179156 1 -0.00214177331831108 33179156 33187046 7890
1 2923 rs11204971 152259078 2 -0.00213984707822758 152165878 152281745 115867
1 5121 rs17606620 240102885 1 0.00213471500808289 240102885 240102885 0
1 3272 rs10489743 165353548 1 -0.00213058136259722 165353548 165353548 0
1 629 rs12734877 22977883 4 0.00212821966955839 22971892 22989745 17853
1 2579 rs61754640 109446750 1 0.00212273033754737 109440215 109479978 39763
1 3561 rs6696093 177435403 1 -0.00212097122433847 177434326 177436018 1692
1 2902 rs41266605 151009208 3 0.00211982613251519 151006691 151021509 14818
1 161 rs6698548 7317541 1 -0.00211873954248352 7317541 7318534 993
1 2153 rs1329644 90575147 1 0.0020985981560725 90575147 90575147 0
1 1118 rs3219484 45800156 2 -0.00209456270570731 45800156 45903488 103332
1 1978 rs17489092 82755843 2 -0.00209252763907076 82744600 82787818 43218
1 1021 rs11208057 40885832 1 0.00209068365056449 40885832 40885832 0
1 4304 rs115026899 210857116 2 -0.00208444249336753 210848224 210862656 14432
1 3198 rs2032049 162833401 1 0.00208088931005639 162832406 162833401 995
1 3612 rs551607 179903031 1 -0.00207943468113202 179903031 179903031 0
1 4068 rs10920364 202186178 1 -0.00207783324480083 202186178 202193981 7803
1 1626 rs12135034 66646184 1 0.00205866901805329 66646184 66663239 17055
1 138 rs4908891 6481623 1 -0.00205154488350512 6461530 6481623 20093
1 812 rs12117449 30919378 1 -0.00204425741761261 30919030 30919378 348
1 1455 rs7532404 61335153 2 0.0020434969016511 61321009 61335153 14144
1 5424 rs11804999 248322479 2 0.0020409655993222 248285441 248322906 37465
1 3280 rs422264 165499520 1 0.00203939561731255 165480347 165499520 19173
1 2254 rs3885983 95110447 2 0.00203634891008372 95107254 95110447 3193
1 599 rs139500146 22165963 2 0.00203109719518404 22165963 22169325 3362
1 3307 rs1494428 166454802 2 0.00202637364027785 166451443 166458160 6717
1 3740 rs10911725 185395182 1 -0.00201884521632374 185389564 185395182 5618
1 4297 rs4537555 210677551 1 -0.00200528363330375 210677551 210688180 10629
1 4254 rs6692331 209256181 1 0.00198805126472324 209239811 209256181 16370
1 2744 rs4367784 115685684 1 0.00198587254677659 115683469 115697580 14111
1 5007 rs653740 236644617 1 -0.00197529894528515 236634875 236644617 9742
1 3685 rs20559 183099560 1 -0.00196843279505847 183071024 183101582 30558
1 5077 rs10157478 238622443 1 -0.0019561223052321 238622443 238626927 4484
1 1597 rs12401887 65625752 1 -0.00195505665344079 65625752 65658412 32660
1 1028 rs11208727 41170670 1 0.00195389260305595 41139341 41204569 65228
1 1995 rs876339 83340310 1 -0.00195382320161765 83331118 83340310 9192
1 2371 rs6656134 100017701 1 0.00194122503145331 99994648 100019269 24621
1 2353 rs1482144 99334672 1 -0.00193833350858825 99318835 99348900 30065
1 3941 rs1125953 197968386 1 -0.00192499316070024 197960889 197968474 7585
1 956 rs2745481 37866343 1 -0.00192224057405417 37864911 37867275 2364
1 4834 rs480902 231531627 1 0.00191738494314489 231520802 231550168 29366
1 5026 rs11583513 237199183 1 0.00189699223359696 237194523 237200616 6093
1 1657 rs11209084 67954617 1 -0.00189592114536201 67944943 67959033 14090
1 2859 rs4636400 145444556 1 0.00189494512229306 145444556 145444556 0
1 668 rs4649203 24519920 1 0.00188495451454736 24518643 24519920 1277
1 30 rs947345 3424388 1 -0.00187199487066579 3424388 3424388 0
1 657 rs12744386 24168019 3 0.00186118485585889 24148365 24168019 19654
1 1152 rs2506985 47986452 2 -0.00186109340143313 47981663 47986452 4789
1 313 rs3820304 13938788 1 -0.0018550000287941 13938511 13938788 277
1 1768 rs2821248 72575560 1 0.00185484546046989 72571364 72611715 40351
1 3955 rs16843430 198574902 1 0.00185064128208123 198574902 198574902 0
1 4848 rs9431714 232021248 1 -0.00183947280657482 232014116 232021248 7132
1 224 rs6695925 9526956 1 -0.00183938115260018 9526956 9526956 0
1 888 rs3131529 34514486 1 -0.00183583958713786 34514486 34525105 10619
1 3379 rs1015001 168626707 1 -0.00182805312301356 168625843 168633890 8047
1 1900 rs7555545 79741744 2 0.0018191848902368 79729175 79755185 26010
1 2904 rs7554936 151122489 1 -0.00181677102430479 151122489 151129254 6765
1 4034 rs10800775 201336386 3 0.00181536388496244 201330429 201345487 15058
1 4353 rs3122713 212799870 2 0.00180939903605928 212799139 212799870 731
1 3278 rs10918196 165448157 3 -0.0018082563083972 165440194 165448157 7963
1 585 rs3767150 21894214 4 0.00180172052306966 21889635 21896767 7132
1 1306 rs6684790 56068326 5 0.00179098821940096 56066503 56078416 11913
1 4650 rs1499294 224752508 2 0.00178846571731868 224752508 224753137 629
1 3958 rs3754098 198658856 3 0.00178456607903688 198644124 198658856 14732
1 3502 rs7535987 174209978 2 -0.00178388709329784 173987798 174209978 222180
1 2139 rs35837853 89844035 2 0.00178277133753096 89842042 89928190 86148
1 3526 rs2179158 175585503 1 -0.00177593109070984 175581146 175585503 4357
1 3585 rs10913588 178618316 2 -0.00177056431526866 178617359 178626526 9167
1 689 rs3131513 25193155 2 0.00176946129410778 25193155 25199722 6567
1 2434 rs12029863 102586209 4 0.00176572986349904 102562640 102587593 24953
1 4227 rs6704329 208461343 1 -0.00174677815103168 208461343 208477423 16080
1 5140 rs6673167 240448434 1 0.00174287754429182 240445596 240456751 11155
1 3146 rs4073054 161200487 3 -0.0017366958539668 161193683 161202605 8922
1 1399 rs12040053 58926395 1 -0.0017289863784858 58923511 58934546 11035
1 4253 rs6685963 209222499 2 -0.00170633605661832 209222499 209234358 11859
1 4226 rs2801193 208425671 3 0.00170457984544813 208419288 208425671 6383
1 5003 rs6695464 236548122 1 0.00169801721486136 236546386 236548122 1736
1 2270 rs2148366 95420286 1 0.00168329035321052 95412967 95421315 8348
1 586 rs829391 21921058 1 -0.00167098583175653 21914362 21921736 7374
1 239 rs6667629 10524467 2 -0.00166366659805508 10524467 10563492 39025
1 5409 rs1493257 247980864 1 0.00166134241185228 247972002 247980864 8862
1 4497 rs17726462 217951156 2 -0.00165946453893347 217915416 217954378 38962
1 2416 rs7549900 101857117 1 -0.00165194949862802 101857117 101857117 0
1 3330 rs2480679 167407517 3 -0.00163721066228969 167399734 167408073 8339
1 3667 rs2494465 182264773 2 -0.00162884611214079 182259826 182269701 9875
1 404 rs1010069 16352937 1 0.00161899060470941 16352937 16358085 5148
1 612 rs7552560 22547290 2 0.00161784914025638 22537071 22547290 10219
1 3641 rs9803794 181309400 1 -0.0016166645091466 181296112 181309400 13288
1 1899 rs1872859 79659418 1 -0.00161105339815994 79659418 79659418 0
1 2804 rs17037149 117883834 1 -0.00161050114035027 117879066 117944732 65666
1 4010 rs7535122 200672699 1 -0.0016082529365883 200672410 200682721 10311
1 1017 rs3737821 40768344 1 0.00160822411809854 40768344 40768344 0
1 3575 rs10158522 177938712 1 0.0016057374860311 177938437 177965223 26786
1 1070 rs10493113 43158510 2 -0.00160200391375617 43110276 43158510 48234
1 3482 rs12066143 172814855 1 0.00159302643115262 172814855 172814855 0
1 3873 rs2031832 193695077 4 -0.00159253596103168 193655428 193695077 39649
1 2701 rs11102555 113400990 2 -0.00158887183164705 113384015 113400990 16975
1 3150 rs11585941 161312656 1 0.00158350366105357 161312656 161370985 58329
1 4402 rs17733739 214637808 2 -0.00158303257095338 214632398 214637808 5410
1 5201 rs41269377 241798443 1 -0.00158282848061952 241798443 241798443 0
1 4583 rs11806418 221110866 1 -0.00157428399804301 221095599 221111780 16181
1 1618 rs4384209 66279125 1 -0.00157242709323206 66279125 66279125 0
1 4282 rs7543674 210355442 1 -0.0015681670213029 210347417 210357399 9982
1 383 rs4644485 15566803 2 -0.00155947517270915 15566803 15566803 0
1 4492 rs265120 217592945 1 0.00154960002704334 217592945 217604654 11709
1 3971 rs1325187 199217307 3 0.00154815857134116 199217307 199234743 17436
1 2234 rs486879 94478425 5 0.00154530646889777 94471075 94478425 7350
1 3374 rs6662401 168553057 2 0.00154206931681617 168552192 168563895 11703
1 3032 rs3845580 157386936 1 0.00153902825128581 157385496 157388083 2587
1 4665 rs12564045 225449050 3 -0.00153425564125048 225340241 225463772 123531
1 5167 rs390488 241068852 1 0.00152325019239116 241068852 241078810 9958
1 410 rs12740413 16515879 1 0.00152074444450163 16515805 16531263 15458
1 293 rs630542 12206866 1 0.00152044441493731 12206866 12217852 10986
1 4788 rs12757317 230419308 1 0.00151879315044076 230419308 230422031 2723
1 4611 rs7546586 222168464 1 0.00151370868453328 222152402 222172405 20003
1 2812 rs17257575 118276535 3 -0.00150552512210471 118249041 118276535 27494
1 3964 rs6701884 198837151 1 -0.00149479139351567 198837151 198845784 8633
1 4060 rs4131469 201970748 2 0.00149411691402159 201970748 201970748 0
1 3776 rs12033946 187348438 1 0.00148974862882134 187333447 187355994 22547
1 5035 rs6683160 237390732 2 0.00148812232968276 237382689 237390732 8043
1 425 rs2977265 17503210 1 -0.00148520876475056 17503210 17503210 0
1 1006 rs481423 40183922 1 -0.00147894810909876 40183922 40194903 10981
1 1005 rs6703320 40145297 1 0.00147684576133291 40145297 40145297 0
1 1102 rs6682866 44578764 1 0.00147210596212529 44559401 44581738 22337
1 2174 rs1210008 91330027 1 -0.00147040200403901 91330027 91330027 0
1 2341 rs11165996 98799369 1 -0.00146645458373231 98799369 98799369 0
1 1468 rs7544358 61733856 1 0.00146606385072532 61733856 61733856 0
1 851 rs34885668 32842319 2 0.00146322883298811 32842319 32842319 0
1 3812 rs1320748 189960204 1 0.00145571408493052 189959917 189962502 2585
1 4506 rs7546902 218147297 1 0.00145167859526433 218147297 218162375 15078
1 4944 rs12136778 234436023 1 -0.00144839026748637 234435865 234439134 3269
1 4558 rs11118454 220077320 1 0.00144682534026286 220075257 220078828 3571
1 769 rs4654349 29781221 1 0.00144633495514258 29780757 29783755 2998
1 3000 rs2296373 156386787 2 0.00144136878947204 156374256 156386787 12531
1 1231 rs6656566 53878651 2 -0.00143664869444269 53877199 53881081 3882
1 242 rs7552996 10642793 1 -0.00141975146324239 10642793 10642793 0
1 1926 rs1776290 80749361 1 0.00141949521864961 80739543 80770605 31062
1 1053 rs12141084 42117737 1 0.00141469378789831 42105488 42117737 12249
1 2481 rs17021671 105083405 1 0.00141369975113964 105076810 105113849 37039
1 2406 rs12746449 101589082 1 0.00141286559576398 101573408 101589082 15674
1 4241 rs10494907 208928341 1 -0.00141245947956163 208928098 208930265 2167
1 4096 rs16851527 203374751 1 -0.00140837643584659 203374751 203374751 0
1 1785 rs12145301 74170796 1 0.00140678890891772 74166048 74175290 9242
1 4704 rs17522524 226829990 2 0.00139932728676841 226829990 226836190 6200
1 542 rs12139100 20501582 1 0.00139167027842169 20487743 20501582 13839
1 1927 rs3014987 80823037 1 -0.0013864311195728 80823037 80838880 15843
1 4091 rs871850 203253226 2 0.00138499733136118 203244113 203260756 16643
1 671 rs41268753 24669457 2 -0.00138408315409563 24669457 24669457 0
1 2856 rs1493696 120505532 5 -0.0013828575378297 120437884 120505532 67648
1 28 rs3806164 3380057 1 0.00138065975097709 3380057 3380057 0
1 675 rs11249117 24780356 2 0.00137969358897969 24764689 24780356 15667
1 811 rs12029866 30885349 3 0.00136981007721182 30885210 30887894 2684
1 4720 rs16847833 227626662 1 -0.00136776210063684 227622011 227637092 15081
1 4351 rs11119982 212764844 1 -0.00136703537330431 212764844 212764844 0
1 2595 rs12023963 110084827 2 -0.00136685805315899 110082886 110084827 1941
1 4468 rs1436900 217058479 2 -0.00136135758826716 217058479 217058479 0
1 4659 rs2574881 224966644 1 -0.00135413868531769 224966644 224971229 4585
1 4434 rs56032526 216011361 1 -0.00135128687167579 216003557 216035149 31592
1 4083 rs4950914 203041457 2 0.00134767860538322 203021762 203041457 19695
1 716 rs35019869 26131638 1 0.00134752546539803 26131638 26131638 0
1 3090 rs3026935 159117690 1 -0.00134289791584779 159117690 159117690 0
1 737 rs61737590 27332466 3 -0.00134283788650023 27332466 27333622 1156
1 1346 rs582317 57413768 1 -0.00134279722878318 57413768 57416335 2567
1 4256 rs2970556 209377775 1 0.00134268028577748 209336246 209380481 44235
1 2015 rs2389651 84309418 4 -0.00133403849595989 84290288 84310193 19905
1 400 rs904910 16200163 3 0.00133008243243799 16134072 16263452 129380
1 3297 rs4074897 166086171 1 0.00131063988461097 166065145 166098961 33816
1 5012 rs4659695 236796979 3 0.0013098941801975 236796979 236803753 6774
1 1412 rs2764933 59435778 1 -0.00130966022692489 59435778 59435778 0
1 1148 rs6695969 47927545 3 0.00130863999657739 47924275 47938129 13854
1 5110 rs1218671 239690844 1 -0.00130742135879304 239684015 239699124 15109
1 584 rs10917006 21864206 2 0.00130012543258149 21864206 21885195 20989
1 179 rs707460 7838691 2 -0.00129097300410631 7823085 7838691 15606
1 3501 rs4652283 173854659 2 -0.00128989107575303 173796169 173863499 67330
1 529 rs1317209 20140036 1 -0.00128177255914058 20140036 20140036 0
1 999 rs16837533 39703847 1 -0.00128127006685006 39583686 39703847 120161
1 4055 rs1390398 201891254 1 0.00127790122105029 201888969 201892257 3288
1 3157 rs16856590 161687220 1 0.00127089845549227 161684569 161687261 2692
1 2210 rs4294424 93139374 3 -0.00126858664753426 92975938 93160902 184964
1 1835 rs4949624 76732617 2 -0.0012652530249164 76732617 76732617 0
1 4771 rs4562666 229824770 1 -0.00125811614872387 229824770 229835413 10643
1 2033 rs9724696 85246297 1 0.0012551063917873 85246297 85246297 0
1 4537 rs10495128 219182624 1 0.00125271895906328 219176608 219222948 46340
1 3422 rs12404913 170254142 3 0.00124850554242655 170237860 170254142 16282
1 729 rs12043608 26714161 2 -0.00124657870231942 26714161 26714205 44
1 3545 rs1325596 176794066 2 -0.00123058109970659 176792249 176794066 1817
1 4733 rs75280352 228464303 1 0.0012200421042591 228464248 228509427 45179
1 1795 rs1022915 74907002 1 -0.00121858517385581 74907002 74907002 0
1 2926 rs6696556 152430842 3 0.00120735221548905 152411090 152434009 22919
1 2072 rs11161755 86616271 1 -0.00120282413989606 86609969 86621256 11287
1 818 rs525813 31058914 1 0.00120204628309906 31058914 31062295 3381
1 3886 rs1972217 194263168 1 -0.001199942903505 194258816 194308202 49386
1 2190 rs10874794 92045585 3 0.00119750519951432 92045585 92055995 10410
1 3438 rs1736559 171085646 2 -0.00119748625080006 171069959 171088658 18699
1 5036 rs11587851 237401055 2 -0.00119656171617872 237401055 237401055 0
1 5130 rs1418049 240253320 1 -0.00119554966117309 240253320 240259800 6480
1 744 rs7531313 27782390 7 -0.0011914728952256 27773902 27800482 26580
1 1897 rs11162631 79572535 1 0.00119064354258427 79550458 79572535 22077
1 5284 rs3003222 244713825 2 0.00118595986554754 244689029 244715439 26410
1 1409 rs9436174 59321745 1 0.00118180743962339 59321745 59330763 9018
1 4504 rs966209 218108088 1 0.00117596434838046 218108088 218108164 76
1 11 rs2494428 2339074 1 0.00116852033923907 2333031 2339074 6043
1 3267 rs10753668 165218792 1 0.00115909340360794 165199023 165218792 19769
1 5172 rs575226 241161648 1 -0.0011587153904694 241161648 241161648 0
1 1515 rs12130333 63191777 1 -0.001156525044823 63191577 63199272 7695
1 4940 rs12024374 234384658 1 -0.00115595195522532 234382599 234390172 7573
1 3917 rs12145838 196057313 2 -0.00115403973098011 196032605 196057313 24708
1 4996 rs911271 236310024 1 -0.00114710320894814 236310024 236310024 0
1 3101 rs35393723 159505101 1 0.00114200163923056 159479781 159517860 38079
1 3671 rs12136955 182358944 2 -0.00114119418017952 182335422 182372452 37030
1 36 rs6662706 3732596 1 0.00113271126581924 3732596 3748513 15917
1 3943 rs6667378 198000253 1 0.00112733005916618 198000253 198000533 280
1 3946 rs4409685 198066365 1 -0.00112059070650438 198051161 198068767 17606
1 2643 rs6676798 111393436 1 -0.00111878051446998 111393436 111397316 3880
1 2472 rs12034300 104851904 2 0.00111192266838135 104851904 104860634 8730
1 4337 rs3010004 212152173 1 0.00111043967655579 212152173 212274413 122240
1 3609 rs10913893 179790518 1 -0.00109929046400609 179788333 179790518 2185
1 2615 rs4839136 110650174 2 -0.00109163065373321 110640235 110650174 9939
1 2636 rs3887820 111148080 2 0.0010910835242088 111148080 111158530 10450
1 4488 rs2646811 217476282 3 -0.0010844556208213 217471995 217476282 4287
1 3863 rs4140450 192845807 1 -0.00108194858515378 192818018 192845807 27789
1 1248 rs11804837 54482915 1 -0.00108006393066547 54482915 54482915 0
1 1976 rs6687277 82575142 2 0.00107625903091998 82575142 82577274 2132
1 2425 rs17426819 102194625 3 -0.00107501927386877 102189250 102201705 12455
1 1018 rs10889285 40800486 2 0.0010711964662803 40800486 40800486 0
1 5155 rs16840284 240680957 1 0.00107007678054688 240678302 240680957 2655
1 3050 rs6686246 158009712 1 -0.00106508640015444 158009712 158009712 0
1 3789 rs1548796 187831735 3 0.00106172971035994 187812024 187835370 23346
1 5114 rs2841037 239934541 1 0.00105960779681598 239934541 239934541 0
1 690 rs4649036 25217346 1 -0.0010583281652187 25208160 25217346 9186
1 2421 rs1361812 101939689 2 -0.00105753687915275 101939689 101952173 12484
1 1727 rs12028771 70272063 1 -0.00105718448693125 70272063 70272063 0
1 4825 rs6697412 231246212 1 -0.00105657769289094 231246212 231255781 9569
1 1170 rs13376323 48639798 1 0.00105610755489106 48639798 48672401 32603
1 3756 rs76602544 186368092 1 0.00105375787266022 186273994 186368092 94098
1 1385 rs17117233 58743154 3 0.00105305461389825 58722310 58743499 21189
1 4159 rs12035825 205499495 1 0.00105231620026487 205499495 205499495 0
1 2323 rs4264037 97764073 2 0.00105063255247533 97748929 97771947 23018
1 4037 rs1819291 201385061 1 -0.00104425267016786 201385061 201385061 0
1 1811 rs10493570 75780028 1 -0.00104397873675542 75779404 75780028 624
1 216 rs916380 9341038 1 -0.00103604721672831 9341038 9341038 0
1 5096 rs9428818 239171877 1 0.00103484693417105 239166229 239184630 18401
1 4118 rs4338423 204231164 1 -0.00102890194293635 204198209 204242056 43847
1 3196 rs1912453 162821291 1 0.00102170026626627 162819508 162821291 1783
1 4154 rs17346622 205384781 1 -0.00101089387277336 205384781 205384781 0
1 4914 rs1497090 233659290 1 -0.00101049559819634 233655782 233661003 5221
1 3036 rs115493285 157485504 1 0.00100261856234304 157485504 157485504 0
1 2537 rs1762506 107656356 2 0.00100026796979224 107656356 107658862 2506
1 1009 rs17570439 40324210 1 0.00100012362452318 40302463 40325764 23301
1 2538 rs17505643 107697660 1 -9.99912610174208e-4 107676684 107697660 20976
1 3511 rs10489328 175113118 1 9.963689041205402e-4 175113118 175125036 11918
1 3916 rs1597732 195954813 1 9.963638192363213e-4 195927451 195956629 29178
1 1487 rs4915778 62263416 1 -9.955404286801405e-4 62248195 62263416 15221
1 1769 rs12748679 72644585 1 9.949069097308593e-4 72628347 72644585 16238
1 4747 rs801109 228989201 1 -9.92912191298765e-4 228989201 228997835 8634
1 1200 rs10493149 50970475 1 -9.914249036119835e-4 50970475 51110167 139692
1 3261 rs1343316 165018803 2 -9.905782224069834e-4 165018803 165018803 0
1 1617 rs4593796 66220046 2 -9.866536210721315e-4 66217402 66242820 25418
1 2413 rs12564407 101809218 2 -9.850407561030998e-4 101778236 101830858 52622
1 1766 rs10518395 72482645 1 -9.831388469758815e-4 72458685 72500375 41690
1 2365 rs12083740 99725220 2 9.808184220063303e-4 99723764 99748324 24560
1 1035 rs3856250 41374443 1 -9.784736665400862e-4 41370066 41387003 16937
1 1940 rs11576605 81336822 1 9.725209816846416e-4 81336283 81336822 539
1 1723 rs17325299 70154480 1 9.720692457315242e-4 70138465 70155099 16634
1 4710 rs6659113 226996412 2 9.717741886390314e-4 226996412 227087243 90831
1 3969 rs6684332 199150453 1 9.70456793561852e-4 199136768 199150453 13685
1 273 rs148957324 11733846 1 -9.6650364299331e-4 11733846 11733846 0
1 3104 rs984553 159599414 1 9.653488474922156e-4 159595682 159599414 3732
1 1164 rs6676465 48457543 1 -9.517779193087908e-4 48442182 48457543 15361
1 1136 rs594387 47213386 3 9.511621313363516e-4 47212694 47214785 2091
1 4313 rs12134819 211202705 1 9.505241117796196e-4 211135613 211202705 67092
1 3309 rs12030083 166546775 2 9.499202899894854e-4 166544158 166573473 29315
1 4922 rs2282428 233786170 1 9.48018665419052e-4 233786170 233788316 2146
1 5306 rs6671796 245358619 1 9.47330763867774e-4 245358619 245358619 0
1 1361 rs11207039 57923439 2 9.45565687154097e-4 57917398 57936193 18795
1 1707 rs4650137 69685100 2 9.448400611003342e-4 69659840 69685100 25260
1 3493 rs1342038 173301516 2 9.444107908017696e-4 173301516 173301516 0
1 3153 rs4657039 161462728 1 9.430421585712596e-4 161462728 161472158 9430
1 3051 rs7527735 158023515 1 -9.41063816471482e-4 158023515 158023515 0
1 3903 rs12022395 195302846 1 -9.376070222585758e-4 195277736 195302846 25110
1 3656 rs199922 181735033 1 9.319500120127846e-4 181735033 181741301 6268
1 2717 rs7519860 114482520 1 9.292890976859024e-4 114457769 114493583 35814
1 2320 rs7513333 97663530 2 9.290767678123367e-4 97635212 97672838 37626
1 5195 rs7540470 241625863 1 9.27419848444048e-4 241625863 241625863 0
1 3617 rs10913945 180169108 1 9.264740629728332e-4 180167644 180177266 9622
1 9 rs884940 2223866 1 -9.25795828483998e-4 2223866 2223866 0
1 1039 rs11209615 41640110 1 -9.249980630870724e-4 41594798 41691323 96525
1 1506 rs41309173 62740264 1 -9.21510334114336e-4 62732421 62745478 13057
1 1327 rs12133338 56871540 2 9.17355041935384e-4 56870834 56873524 2690
1 1473 rs11581697 61861024 1 -9.139489249394184e-4 61861024 61870856 9832
1 180 rs2797685 7879063 1 -9.100583126334504e-4 7845695 7881780 36085
1 4847 rs12730369 231993738 1 -9.07046462568548e-4 231992097 231994433 2336
1 3546 rs10753141 176816437 1 -9.04310886479956e-4 176816410 176872334 55924
1 573 rs10493004 21442736 2 9.03854966303752e-4 21324933 21442736 117803
1 4570 rs13376101 220667154 1 9.029370912089942e-4 220625992 220667154 41162
1 1663 rs11585171 68055347 1 9.023806330063348e-4 68055347 68055347 0
1 330 rs2359899 14303160 1 -8.990159731678951e-4 14301942 14318571 16629
1 4770 rs3811474 229772932 1 -8.90237496745247e-4 229772932 229799638 26706
1 1712 rs10518315 69879802 1 -8.901274967252412e-4 69877882 69895080 17198
1 3087 rs1101993 158996895 1 8.897827097612244e-4 158996895 158998665 1770
1 2478 rs12041707 104989780 1 8.895813823883207e-4 104989780 104989780 0
1 1895 rs1571991 79471959 2 8.83540237168778e-4 79471959 79490302 18343
1 4443 rs1544299 216264388 1 8.824580560043661e-4 216258213 216269176 10963
1 1050 rs1001925 42027561 2 -8.804644487932266e-4 42027561 42050366 22805
1 1330 rs4912291 56941387 1 -8.793914959854803e-4 56941387 56955386 13999
1 4891 rs4649410 232972001 1 8.793336948782282e-4 232972001 232972001 0
1 1158 rs6660568 48082491 1 8.770496252276858e-4 48081679 48085268 3589
1 2021 rs315528 84810396 1 -8.746510906184953e-4 84795283 84810396 15113
1 4967 rs908329 235051501 1 8.737974050969449e-4 235048988 235053101 4113
1 4595 rs9725646 221685360 1 8.737098319130763e-4 221681574 221694627 13053
1 3500 rs6681766 173672799 1 -8.719941627612184e-4 173615965 173672799 56834
1 3070 rs41273523 158612719 2 8.712760551906025e-4 158580069 158614667 34598
1 3553 rs11577465 177129230 1 8.662985434366736e-4 177097442 177136117 38675
1 1701 rs7541833 69184038 2 8.65782584342088e-4 69184038 69249132 65094
1 4642 rs7517868 224251666 1 8.607017792848761e-4 224251666 224251666 0
1 4442 rs6419476 216236311 1 8.59045248021832e-4 216235074 216236311 1237
1 2945 rs2987760 153283495 1 -8.57177948543501e-4 153279696 153321584 41888
1 3987 rs4465241 199963622 1 8.459844948537767e-4 199963622 199971261 7639
1 5264 rs692981 244165607 1 8.459655119280041e-4 244160904 244168236 7332
1 3377 rs761093 168610581 1 -8.456401378751733e-4 168607373 168610817 3444
1 1801 rs12239912 75130289 1 -8.444166152298961e-4 75130289 75130289 0
1 1595 rs17127359 65593407 1 -8.43913497404021e-4 65593407 65593407 0
1 1928 rs1549555 80858466 1 8.411003526245704e-4 80858466 80858466 0
1 688 rs10903108 25188940 1 8.40922772040032e-4 25188064 25188940 876
1 4609 rs7520693 222084135 4 8.406214850012889e-4 222084135 222093006 8871
1 3846 rs7543417 192088044 2 -8.401062536230901e-4 192047263 192089215 41952
1 611 rs2807348 22533106 1 8.38939846699395e-4 22522927 22533106 10179
1 503 rs2273046 19566296 1 8.381960988237799e-4 19563900 19568972 5072
1 5374 rs1691234 247106126 1 8.363859103071769e-4 247098587 247107000 8413
1 4752 rs778532 229128091 1 -8.363500740763783e-4 229128091 229128091 0
1 4196 rs4259650 207293496 1 -8.36269154494217e-4 207293496 207293496 0
1 1540 rs7522426 63821329 1 -8.323016714284473e-4 63818393 63821329 2936
1 3439 rs115870779 171107688 3 -8.30617831743699e-4 171104052 171117113 13061
1 5356 rs12128836 246349328 1 8.245619002899349e-4 246330385 246349328 18943
1 3442 rs2020863 171174531 2 -8.241915698294362e-4 171172147 171205078 32931
1 1708 rs2249487 69715220 2 8.230381465013817e-4 69711165 69715220 4055
1 2750 rs10858072 115847392 1 8.194181818734951e-4 115846221 115857251 11030
1 4605 rs6604673 221991112 1 8.189830032077196e-4 221991112 222003328 12216
1 3629 rs12735084 180893135 1 -8.164706561194048e-4 180891542 180894304 2762
1 3677 rs1144566 182569626 1 8.153398884064127e-4 182554557 182569626 15069
1 4141 rs4951161 205020566 1 8.123792141299243e-4 205019226 205023316 4090
1 23 rs6670328 3219950 3 -8.085484522544883e-4 3214732 3219950 5218
1 3404 rs6678795 169533266 1 -8.082050204038583e-4 169530837 169557734 26897
1 5097 rs12084592 239249308 1 -8.056466681962433e-4 239249308 239255612 6304
1 5070 rs12142622 238476102 1 8.027583686947488e-4 238471915 238476102 4187
1 4242 rs17259916 208937403 1 -8.020089532782073e-4 208935974 208942499 6525
1 4103 rs6593937 203753279 1 -8.019506822461188e-4 203743798 203753279 9481
1 3788 rs6664686 187757027 1 8.010664227648843e-4 187757027 187757027 0
1 4945 rs1407149 234452980 1 -7.969047467469888e-4 234452980 234452980 0
1 3899 rs12126563 194956511 4 -7.933112143239119e-4 194924039 194993511 69472
1 903 rs705197 34844836 2 7.901834438904336e-4 34839501 34844836 5335
1 5369 rs7513496 246907206 2 7.896960488045672e-4 246886265 246907206 20941
1 518 rs12088373 19843401 1 -7.880827484944817e-4 19827780 19849656 21876
1 1074 rs6674019 43353134 1 7.863190747800623e-4 43353134 43353134 0
1 4374 rs11120179 213825023 2 7.857560158801988e-4 213817311 213825023 7712
1 2036 rs11161464 85298111 1 -7.856293415740087e-4 85298111 85298111 0
1 1288 rs2182833 55500429 1 -7.830360934455216e-4 55500429 55500429 0
1 5001 rs16833586 236494413 1 -7.819136776120691e-4 236465416 236494471 29055
1 152 rs7543753 7078364 1 7.81625212701671e-4 7055024 7079762 24738
1 977 rs2480697 38733788 2 7.793191031738531e-4 38733788 38733788 0
1 3571 rs34612022 177811499 1 7.785609651003016e-4 177806838 177822050 15212
1 320 rs7537478 14192950 1 7.783827442108208e-4 14190669 14192950 2281
1 4606 rs10495181 222021079 1 -7.737353509207022e-4 222019354 222021079 1725
1 5250 rs10926883 243004424 2 -7.699107093340478e-4 243003189 243034750 31561
1 2664 rs4839154 112156965 1 7.694880896641531e-4 112140475 112156965 16490
1 1338 rs9803799 57180072 1 7.6724470382757e-4 57180072 57180072 0
1 1150 rs517384 47952663 1 -7.672124836558122e-4 47948764 47955790 7026
1 1548 rs17125348 64161699 1 -7.660534774944421e-4 64140572 64161699 21127
1 295 rs7546794 12336147 2 -7.653790259793871e-4 12316584 12391953 75369
1 1101 rs7519215 44532725 2 7.617161471539633e-4 44529157 44535401 6244
1 4644 rs10429876 224339138 1 -7.570920420469304e-4 224327930 224351023 23093
1 2654 rs17027501 111905989 1 -7.557543829432311e-4 111897335 111905989 8654
1 4365 rs12036568 213636801 1 7.539983461116859e-4 213617738 213636801 19063
1 1898 rs17102812 79593296 1 7.507474180610248e-4 79593296 79653433 60137
1 3290 rs4656467 165871705 1 7.456373247792943e-4 165860813 165873392 12579
1 3675 rs266511 182497021 3 7.434041614681907e-4 182496829 182497021 192
1 1002 rs11206378 40049184 2 -7.423092430024368e-4 40026043 40050568 24525
1 4656 rs12025142 224876101 1 7.389452482855967e-4 224874931 224886492 11561
1 4734 rs4653946 228546242 1 7.383878988253092e-4 228525008 228550429 25421
1 5372 rs4926465 246968455 1 7.377093624027729e-4 246968455 246973283 4828
1 3059 rs3181029 158219965 1 7.334017670666251e-4 158219965 158220291 326
1 4439 rs479826 216143270 2 -7.332260984186764e-4 216135996 216143270 7274
1 221 rs9729149 9441040 2 -7.296895152231987e-4 9441040 9447371 6331
1 4751 rs496663 229098232 1 -7.261713608707331e-4 229091234 229100829 9595
1 4658 rs16853130 224916593 2 -7.24770166325944e-4 224915429 224916593 1164
1 3409 rs3917410 169701108 1 -7.220083944036544e-4 169671088 169701108 30020
1 1623 rs7530150 66513674 2 7.203615277943706e-4 66496108 66539046 42938
1 5196 rs947307 241633007 1 7.16255256775528e-4 241633007 241633007 0
1 1740 rs4515743 71014024 1 -7.12888800968425e-4 71014024 71024012 9988
1 1020 rs16827275 40870545 1 7.015172759234735e-4 40827598 40876113 48515
1 297 rs7521256 12600396 1 -7.002966096395387e-4 12600396 12600396 0
1 2749 rs2254527 115833581 3 -7.002384277930169e-4 115833581 115837709 4128
1 4401 rs4465172 214608879 2 -6.993119456495412e-4 214608879 214630757 21878
1 4876 rs10910527 232599189 1 6.953274678956996e-4 232584061 232599189 15128
1 401 rs848194 16285342 1 6.931687536919504e-4 16267147 16285342 18195
1 1180 rs320025 49080074 3 -6.928638805674997e-4 49076438 49082023 5585
1 1969 rs9659808 82199372 2 6.904582185699421e-4 82181580 82199372 17792
1 1919 rs4618922 80563300 1 6.902561373943432e-4 80556815 80563570 6755
1 114 rs9660967 5581798 1 6.902368562378897e-4 5580192 5581798 1606
1 1094 rs12410155 44188465 1 -6.884729812223118e-4 44188465 44209075 20610
1 3364 rs7512951 168309388 1 6.87707708509484e-4 168309388 168309388 0
1 4021 rs10753891 201100482 1 6.811183026318906e-4 201092550 201100482 7932
1 5357 rs4654096 246391677 3 6.773342159913223e-4 246374741 246414404 39663
1 1966 rs571361 82126526 1 6.747981697404395e-4 82126526 82144781 18255
1 589 rs7354914 21953287 1 6.720308564233024e-4 21949462 21953436 3974
1 5122 rs1124375 240127293 1 6.689905616124895e-4 240121828 240134191 12363
1 3499 rs12080769 173470458 1 -6.670124987586936e-4 173470458 173475612 5154
1 461 rs9727014 18476187 2 6.631179218110399e-4 18476187 18478269 2082
1 4412 rs12734277 214962771 2 -6.617906851734662e-4 214962756 214974463 11707
1 1085 rs10493115 43707283 1 6.59264693437177e-4 43705961 43707283 1322
1 1770 rs2815749 72814783 1 6.58782000051555e-4 72750353 72826172 75819
1 3058 rs691314 158183942 1 6.556461414611746e-4 158168563 158215299 46736
1 4248 rs4844732 209083609 1 -6.51426434958517e-4 209083609 209083609 0
1 3724 rs6695258 184408478 1 6.493220137606256e-4 184408478 184409965 1487
1 1874 rs3104467 77971047 1 6.490813481192492e-4 77971047 77980235 9188
1 539 rs656110 20397240 1 -6.473094927806624e-4 20373391 20397240 23849
1 2305 rs325952 96819562 1 -6.454092775246209e-4 96745594 96819562 73968
1 799 rs12142410 30636759 1 -6.444053736079155e-4 30635302 30645986 10684
1 5325 rs1771492 245728083 1 6.41579162885067e-4 245728083 245728083 0
1 1731 rs10493471 70543349 1 -6.40593404558676e-4 70541127 70565511 24384
1 813 rs6673363 30933736 1 6.381281428875083e-4 30920818 30933736 12918
1 2471 rs11185408 104792257 1 6.362236852387581e-4 104792257 104818575 26318
1 5377 rs12141826 247200639 1 6.353722720501273e-4 247196539 247226344 29805
1 4689 rs2615762 226498612 1 -6.351719590456549e-4 226474479 226498612 24133
1 4820 rs11122186 231134867 1 -6.325500326060912e-4 231104225 231134867 30642
1 14 rs2045331 2842270 1 6.293321437676494e-4 2842270 2853759 11489
1 4070 rs705731 202298894 1 -6.292242810121096e-4 202298894 202308344 9450
1 4691 rs6426551 226542049 1 -6.270316369076129e-4 226542049 226578047 35998
1 3271 rs12057296 165342963 1 -6.225361242903623e-4 165340884 165342963 2079
1 3313 rs12073480 166711398 1 -6.210082117289796e-4 166711398 166758737 47339
1 3302 rs7547839 166334060 3 -6.192557644648643e-4 166331478 166337053 5575
1 65 rs6681032 4563129 1 6.167854523214604e-4 4558933 4567165 8232
1 4813 rs7523730 230897893 1 -6.16298041693304e-4 230897463 230903350 5887
1 560 rs678980 20911404 1 6.133137521105664e-4 20907051 20911830 4779
1 4397 rs1472444 214554980 1 -6.115357276252763e-4 214554966 214558658 3692
1 4861 rs9308491 232310039 1 -6.115179069121822e-4 232307419 232311020 3601
1 2285 rs17113575 95917695 1 -6.113834606855054e-4 95897424 95929401 31977
1 1596 rs2375754 65611633 1 -6.103785267648639e-4 65608909 65611633 2724
1 2913 rs6702842 151608096 2 -6.099974312910721e-4 151575756 151632646 56890
1 1842 rs6691403 76934790 1 -6.088648155019224e-4 76927674 76934790 7116
1 2042 rs12079571 85541164 1 -6.080812394603789e-4 85541164 85556791 15627
1 2255 rs10782987 95119790 1 6.068735336386366e-4 95119790 95120228 438
1 3817 rs1540513 190301532 4 6.068275707141022e-4 190256835 190351677 94842
1 2381 rs6689305 100268991 1 6.067195662811159e-4 100268991 100275417 6426
1 4474 rs10863288 217193687 1 6.060115980530826e-4 217177525 217195463 17938
1 853 rs3954228 33100815 1 -6.033745509651633e-4 33100815 33161212 60397
1 3210 rs2841993 163111066 1 6.032122503081204e-4 163104848 163126417 21569
1 428 rs9803868 17578553 1 6.029907028329438e-4 17578553 17593316 14763
1 913 rs12030047 35160305 4 -6.023105541038856e-4 35157991 35170887 12896
1 3580 rs977034 178353532 1 -6.019074865654793e-4 178206664 178408795 202131
1 5327 rs12401628 245767834 1 6.008928511429596e-4 245766651 245767834 1183
1 4964 rs4626924 234909298 1 5.993813584711174e-4 234909298 234909298 0
1 402 rs10927875 16299312 1 5.989585261500141e-4 16299312 16324233 24921
1 2486 rs6679989 105235777 1 -5.974979410924387e-4 105235357 105278514 43157
1 3292 rs4657493 165917109 1 5.970893074270544e-4 165917032 165917109 77
1 5166 rs2796742 241042131 2 5.957899698695027e-4 241042131 241047490 5359
1 2012 rs4636482 84190263 2 -5.948854404114471e-4 84181060 84220313 39253
1 595 rs61749350 22030884 2 5.943043977448189e-4 22030189 22127992 97803
1 4553 rs10157552 219911743 2 -5.930359486060518e-4 219911743 219931448 19705
1 873 rs544991 34189429 1 -5.922344779277906e-4 34189429 34189552 123
1 337 rs17353931 14476490 2 5.916638904349457e-4 14473805 14477944 4139
1 3115 rs2789428 159959505 2 -5.904264011332213e-4 159959505 159959505 0
1 175 rs12139470 7682489 1 -5.885165768816543e-4 7682237 7684030 1793
1 2955 rs139838869 154072601 1 5.831507076118294e-4 153992734 154123523 130789
1 808 rs10915081 30808141 1 -5.799360739245985e-4 30807199 30830957 23758
1 1641 rs1391547 67231916 3 5.793571513710541e-4 67231916 67245275 13359
1 1353 rs17115341 57665932 3 -5.792276785347487e-4 57656501 57666901 10400
1 3061 rs7547997 158341273 1 5.775092419927528e-4 158330242 158341273 11031
1 3459 rs12091786 171768793 3 5.765703553841527e-4 171740946 171774483 33537
1 739 rs568533 27372924 3 -5.746463571150459e-4 27372443 27377401 4958
1 773 rs6426343 29865107 1 -5.716210533346448e-4 29865107 29867677 2570
1 4032 rs12126907 201312033 1 5.716078190105534e-4 201310733 201312033 1300
1 5080 rs535043 238696036 2 -5.703628502137019e-4 238690302 238696036 5734
1 713 rs2744778 26013252 1 -5.694930797347432e-4 26013252 26013252 0
1 4444 rs421821 216282495 1 5.663814203940489e-4 216277327 216282495 5168
1 1469 rs2243874 61757024 1 -5.659511189059492e-4 61757024 61757024 0
1 2196 rs4658260 92184673 1 -5.64283834525264e-4 92184673 92191534 6861
1 5412 rs7513527 248018426 1 5.639548755135776e-4 248012296 248018426 6130
1 2436 rs3008763 102647938 3 -5.628901735443975e-4 102647938 102694690 46752
1 3895 rs6702232 194760481 1 -5.605017463672242e-4 194760481 194802115 41634
1 4949 rs750813 234557918 2 -5.578267850109086e-4 234557918 234557918 0
1 3587 rs10798628 178652372 1 -5.566468990055771e-4 178652372 178661629 9257
1 3055 rs12088518 158073254 1 5.542950479453073e-4 158073254 158073254 0
1 2686 rs6537730 112773825 1 5.51661690386339e-4 112732671 112773948 41277
1 1920 rs11162940 80605894 1 5.504090786829596e-4 80567175 80605894 38719
1 2127 rs1760206 89069023 2 5.472236175646227e-4 89045338 89116300 70962
1 3317 rs7545911 166947681 1 -5.466625149086196e-4 166947681 166958710 11029
1 3942 rs12561995 197976444 1 -5.439740754569672e-4 197976444 197982554 6110
1 2515 rs12568304 106792422 1 5.435310881088298e-4 106781612 106792422 10810
1 2944 rs821427 153275977 1 5.427487705413016e-4 153271621 153277423 5802
1 4126 rs898388 204500257 2 -5.417471440018402e-4 204500257 204551830 51573
1 3395 rs10919062 169088947 2 5.3904940119002e-4 169087665 169088947 1282
1 5388 rs2386551 247554949 1 5.388814230215574e-4 247552084 247554949 2865
1 802 rs6685389 30709585 1 -5.388016436625878e-4 30706530 30720817 14287
1 1542 rs10493345 63900901 2 -5.377775256093296e-4 63871758 63914117 42359
1 5406 rs1416105 247877671 4 -5.371177537581489e-4 247874551 247881348 6797
1 1442 rs1381888 60667904 1 -5.365827701467003e-4 60619579 60691588 72009
1 3927 rs41310132 196928188 1 5.351338473246847e-4 196928188 196929310 1122
1 4496 rs12124165 217796299 1 -5.350518792593788e-4 217783810 217796299 12489
1 2676 rs11102362 112496701 1 5.346060633726635e-4 112496701 112499034 2333
1 4901 rs6687497 233279256 2 5.334288887294154e-4 233279256 233279256 0
1 2155 rs10157978 90624605 1 -5.332400531485528e-4 90607718 90631849 24131
1 2161 rs17131031 90854258 1 5.329857026676388e-4 90826932 90893517 66585
1 2039 rs1325278 85400182 2 5.320690821367044e-4 85396158 85402997 6839
1 3253 rs10753650 164836322 2 -5.304591041153746e-4 164829035 164836521 7486
1 56 rs639739 4389262 1 5.293707476015416e-4 4384056 4389262 5206
1 3915 rs4295871 195916887 1 -5.286230293167991e-4 195915909 195916887 978
1 1538 rs10493344 63734114 2 5.266789815755919e-4 63688381 63753736 65355
1 4065 rs3922999 202091660 1 5.250218574974959e-4 202087936 202095590 7654
1 2903 rs4971007 151108137 2 -5.247134783146114e-4 151062957 151117010 54053
1 3182 rs34001279 162367103 1 5.242983577842024e-4 162356487 162367103 10616
1 4815 rs12038826 230922951 3 5.228450655648223e-4 230922951 230925464 2513
1 2788 rs798037 117308238 1 -5.210700354701849e-4 117304100 117313078 8978
1 2119 rs17130324 88683432 1 -5.196591657704986e-4 88683432 88717534 34102
1 126 rs9308476 5880466 1 5.185006543639521e-4 5880466 5880466 0
1 3135 rs528095 160738146 1 5.159622627162036e-4 160738146 160738146 0
1 2521 rs7514699 106972853 2 -5.152002692852167e-4 106972853 106972853 0
1 1390 rs1213661 58830178 1 -5.147366675614436e-4 58827079 58853893 26814
1 3109 rs61823162 159785413 4 5.139742762960108e-4 159782181 159785425 3244
1 4464 rs10218498 216965834 2 -5.134264040879844e-4 216962893 216965834 2941
1 2800 rs10923228 117750686 4 -5.127329024446716e-4 117749809 117773202 23393
1 3783 rs11800915 187684427 1 -5.117450773759047e-4 187651919 187687844 35925
1 5368 rs6683786 246840223 1 5.071088495274506e-4 246840223 246844066 3843
1 686 rs4378146 24927625 4 -5.046810838501056e-4 24927001 24932733 5732
1 2883 rs2047280 147236233 1 -5.046249960409165e-4 147236233 147236233 0
1 2278 rs142820652 95699829 1 -5.038376588630452e-4 95690269 95709939 19670
1 379 rs742671 15519417 2 5.031919065469544e-4 15509852 15520987 11135
1 2614 rs10127659 110619665 1 -4.984223814725705e-4 110609288 110619665 10377
1 857 rs10914632 33361287 2 4.983754398707167e-4 33361287 33409551 48264
1 3287 rs10918271 165704732 1 4.9646089677059e-4 165687205 165704732 17527
1 3853 rs12568724 192417494 1 4.954862083848272e-4 192417416 192430085 12669
1 3147 rs11584174 161212453 1 4.953413978949937e-4 161204538 161215212 10674
1 5262 rs559080 244096047 1 4.950376674385579e-4 244096047 244102151 6104
1 1420 rs835356 59812293 1 -4.935676299272762e-4 59754855 59814228 59373
1 4396 rs72757962 214551420 1 4.93186943695572e-4 214536061 214551420 15359
1 4427 rs2797236 215851464 1 -4.928803735363711e-4 215851464 215851464 0
1 1398 rs822165 58916818 1 -4.913762818823122e-4 58916818 58919090 2272
1 491 rs6685177 19156866 1 -4.869095208269297e-4 19147761 19160236 12475
1 933 rs7538665 37043894 1 -4.863104400668615e-4 37043894 37043894 0
1 1776 rs12072171 73197081 1 4.85568627428334e-4 73197081 73236826 39745
1 4545 rs11804949 219648119 1 -4.850494496281067e-4 219636951 219657163 20212
1 2054 rs6657732 85874495 1 -4.808814814694534e-4 85874495 85899128 24633
1 2318 rs17430460 97542479 3 -4.782989759993773e-4 97526732 97580323 53591
1 1870 rs10782647 77876406 4 -4.780344750589265e-4 77871803 77886499 14696
1 4972 rs7554192 235523067 3 4.758318928762156e-4 235359879 235523067 163188
1 1162 rs10890507 48309587 1 -4.741296352053524e-4 48309587 48343224 33637
1 2361 rs302802 99636921 2 4.73290140936294e-4 99610153 99636921 26768
1 2817 rs35290515 118535211 1 -4.7279429611219153e-4 118530065 118565953 35888
1 1972 rs12758555 82387711 1 -4.702803520735072e-4 82387711 82422200 34489
1 3742 rs232298 185455790 1 4.680155238991161e-4 185453884 185455790 1906
1 1458 rs1414277 61409064 1 -4.669758999895617e-4 61409064 61409064 0
1 2524 rs4440890 107110129 1 4.637599306997817e-4 107107254 107119787 12533
1 1771 rs2613507 72834503 1 4.628439492973605e-4 72834503 72834503 0
1 1411 rs6664131 59396262 2 4.628036214817627e-4 59396262 59396262 0
1 2637 rs2640492 111170099 1 4.618412776348128e-4 111166960 111173886 6926
1 45 rs12077262 4170048 1 -4.6163498270600814e-4 4158955 4170048 11093
1 992 rs6600435 39134642 1 -4.609205564393429e-4 39129295 39134642 5347
1 288 rs12029016 12128498 1 -4.6089221908731537e-4 12128498 12128498 0
1 1087 rs1556581 43772190 1 -4.577230196942578e-4 43772190 43774437 2247
1 1257 rs4927092 54794819 2 -4.507172582956349e-4 54794819 54794930 111
1 3484 rs1883475 172886500 1 -4.496338989824739e-4 172881827 172898402 16575
1 4577 rs7537305 220956012 1 4.489733627853163e-4 220956012 220964537 8525
1 450 rs620547 18231349 2 4.4844959615719107e-4 18225521 18231349 5828
1 3112 rs4233361 159860917 1 -4.472497037759279e-4 159853664 159863028 9364
1 2284 rs12061105 95881126 2 4.456206780709669e-4 95865533 95884729 19196
1 3518 rs16848281 175322842 1 -4.4554485524362833e-4 175322842 175326303 3461
1 5287 rs6676542 244802142 1 4.446152048244013e-4 244796154 244802705 6551
1 3589 rs3766642 178813531 3 -4.434099068134678e-4 178709966 178854330 144364
1 1634 rs699252 66941200 2 4.4293627273876343e-4 66941200 66959434 18234
1 2858 rs12091564 145395604 1 -4.4188703795586015e-4 145394955 145416056 21101
1 3647 rs12402123 181490018 1 4.4144200547187025e-4 181489802 181506539 16737
1 2144 rs17130851 90145252 1 4.35774778721702e-4 90132069 90145252 13183
1 885 rs533861 34463451 1 -4.356450130709592e-4 34456109 34470308 14199
1 3035 rs6680515 157463366 2 -4.355226465736227e-4 157463366 157463366 0
1 5176 rs2500246 241249273 1 -4.35455120984008e-4 241249273 241249273 0
1 146 rs7549198 6709610 1 4.344761220660108e-4 6698390 6709610 11220
1 3800 rs4551597 188764543 2 -4.3401455907017246e-4 188764543 188764543 0
1 2100 rs1888732 87987841 2 4.3359194255949046e-4 87979762 88001013 21251
1 1371 rs1202822 58346207 2 -4.333635602727648e-4 58314187 58346207 32020
1 540 rs11573238 20406586 2 4.3182048579589794e-4 20402767 20410795 8028
1 3175 rs7528328 162247779 2 4.317504384073472e-4 162247296 162254664 7368
1 1222 rs28451553 53566571 1 -4.3039837688718473e-4 53564586 53570659 6073
1 3463 rs10489730 172003493 1 -4.267709129736859e-4 171977284 172019718 42434
1 3658 rs476093 181787259 1 4.25920593982406e-4 181778329 181816509 38180
1 3682 rs10797793 182746231 1 4.2590833207879053e-4 182740586 182746231 5645
1 2714 rs61742849 114226143 1 4.219884093269534e-4 114080071 114233871 153800
1 1167 rs6679531 48524180 4 4.211124181300322e-4 48524180 48532672 8492
1 4829 rs9431660 231311867 1 4.197614314891703e-4 231311867 231316174 4307
1 3452 rs929115 171591189 1 -4.186736159876101e-4 171588583 171592869 4286
1 5151 rs10754705 240613766 1 4.166846312202924e-4 240612857 240613766 909
1 809 rs6696645 30850902 1 -4.16431035855807e-4 30850174 30862461 12287
1 3945 rs1233827 198043697 1 -4.1612455910002775e-4 198042715 198043697 982
1 3344 rs1933075 167676364 1 -4.1300533357795766e-4 167672969 167680157 7188
1 4330 rs6670986 211809647 1 4.1251932924975905e-4 211806784 211809647 2863
1 3369 rs858099 168426153 1 4.108722026487646e-4 168426153 168426153 0
1 4157 rs6681714 205468289 1 4.104469783171101e-4 205468289 205472184 3895
1 1064 rs343376 42693597 7 4.103123357060228e-4 42644770 42797765 152995
1 3266 rs1891927 165138246 1 4.079764167529686e-4 165132051 165158705 26654
1 1348 rs34341631 57489239 1 4.079728405851048e-4 57489239 57489239 0
1 4503 rs6604568 218094151 1 -4.075994222884148e-4 218094151 218099577 5426
1 1545 rs2269248 64102114 1 -4.0679766272991926e-4 64102114 64102114 0
1 478 rs1360918 18805988 2 4.066948770908114e-4 18804144 18808292 4148
1 5094 rs13374347 239117820 1 -3.9885373129022034e-4 239109443 239117820 8377
1 3075 rs11810781 158729713 1 3.983073204704944e-4 158729346 158737004 7658
1 1433 rs11207523 60302414 1 3.97764792828933e-4 60299125 60359156 60031
1 1916 rs11162903 80486347 1 3.977352869582778e-4 80483974 80514706 30732
1 2018 rs1565823 84576620 3 -3.9707238160295935e-4 84548284 84597396 49112
1 1575 rs7517824 64941609 1 -3.967278057786888e-4 64941609 64941609 0
1 3139 rs10908813 160895847 1 3.962965868667467e-4 160895847 160921230 25383
1 2248 rs6541343 94689027 1 -3.9493321140692304e-4 94689027 94792424 103397
1 5043 rs2618662 237711457 1 -3.9434693439027057e-4 237711457 237711457 0
1 5230 rs10926748 242633878 2 3.9292674301143345e-4 242633259 242653512 20253
1 1052 rs6664724 42093821 3 -3.9287131665806537e-4 42093821 42099583 5762
1 1066 rs4660631 42869402 3 -3.9264871428473113e-4 42856160 42880516 24356
1 1303 rs390415 55984513 2 -3.919071717306104e-4 55983525 55989704 6179
1 4204 rs17045328 207652176 2 -3.913445024472293e-4 207646322 207653395 7073
1 399 rs12083988 16089356 1 -3.900154243466589e-4 16087164 16101332 14168
1 4102 rs970 203712996 1 -3.8942399163822495e-4 203709034 203713133 4099
1 93 rs12754637 5023321 1 -3.8851643152326926e-4 5023321 5023321 0
1 1952 rs12026119 81759170 2 3.8836595758523994e-4 81756972 81759170 2198
1 1682 rs2116047 68661751 1 -3.8792830473345673e-4 68654276 68661751 7475
1 513 rs6661421 19755204 1 3.870504304215001e-4 19747496 19766326 18830
1 397 rs6692555 16012657 1 3.860483190476617e-4 15993338 16048005 54667
1 4851 rs11584798 232066277 1 3.84918707651356e-4 232066277 232078614 12337
1 836 rs10493048 31993870 1 3.8275533001233195e-4 31977350 32009650 32300
1 4067 rs16849726 202135457 2 -3.826935015967537e-4 202130754 202138239 7485
1 3298 rs987131 166136474 1 3.810541490663809e-4 166130218 166136474 6256
1 3017 rs7541702 156954433 1 -3.745025812224721e-4 156952054 156972467 20413
1 255 rs2003046 11032827 1 3.742169943998305e-4 11032827 11046855 14028
1 2705 rs1216796 113664440 1 -3.738346980259962e-4 113657092 113676486 19394
1 4164 rs12039255 205609010 1 3.7190925162422966e-4 205607227 205615442 8215
1 664 rs4648940 24475177 1 -3.700250938496805e-4 24475177 24482004 6827
1 774 rs10915035 30067017 1 -3.700193389457877e-4 30067017 30067017 0
1 482 rs2745327 18876408 1 -3.6787156356527407e-4 18876408 18882489 6081
1 3507 rs10489329 175022406 3 -3.664720905109431e-4 175022406 175057782 35376
1 3821 rs7541423 190501742 2 -3.6497114400942186e-4 190485034 190514183 29149
1 1056 rs17373758 42259133 2 3.641994857531029e-4 42245081 42261889 16808
1 3883 rs719813 194080827 1 -3.624584404663477e-4 194080827 194084297 3470
1 4688 rs12402078 226355373 1 3.612023236550893e-4 226343585 226360795 17210
1 1220 rs1288386 53535478 1 3.611273566239905e-4 53535478 53535499 21
1 2110 rs2503273 88273790 1 3.587522858037207e-4 88273790 88273790 0
1 86 rs6426440 4914910 1 3.5729022089284873e-4 4906783 4928187 21404
1 79 rs763238 4743704 2 -3.5726772848677663e-4 4738058 4743704 5646
1 3718 rs4650656 184148645 3 3.557581333836525e-4 184145642 184177245 31603
1 5358 rs12404422 246441421 1 3.549238731075657e-4 246441421 246441421 0
1 2612 rs390923 110499669 1 -3.502471586917898e-4 110499669 110503433 3764
1 472 rs12566510 18705694 2 3.4981956313690844e-4 18705694 18709741 4047
1 4012 rs12564878 200852820 1 -3.496427439476451e-4 200852820 200852820 0
1 634 rs10465543 23134218 2 -3.4942099021451534e-4 23134218 23140700 6482
1 4831 rs524331 231355070 1 3.492281899564951e-4 231345300 231355070 9770
1 3427 rs16863425 170519884 1 -3.4678098199566684e-4 170499706 170528547 28841
1 962 rs11264082 38122012 1 3.4558698161634555e-4 38117142 38122012 4870
1 1554 rs649608 64313696 1 -3.4525111942427763e-4 64313696 64313696 0
1 1778 rs6660036 73390986 1 3.4472892655541663e-4 73361805 73426137 64332
1 430 rs1748041 17655407 1 -3.4424264247640143e-4 17655407 17662662 7255
1 4305 rs1538755 210893875 1 3.433956270002958e-4 210893635 210903194 9559
1 5265 rs10927101 244173872 1 3.4220954064836256e-4 244170455 244173872 3417
1 2850 rs12030925 120247782 1 -3.395101221103573e-4 120229117 120263018 33901
1 5410 rs4925724 247991609 1 3.393399430359135e-4 247986129 248001566 15437
1 3763 rs10911952 186868740 2 3.391930401298551e-4 186862419 186927369 64950
1 5087 rs2841393 238855427 1 -3.384708107066329e-4 238845573 238855427 9854
1 4225 rs1537693 208404823 1 -3.356596384214092e-4 208391098 208408503 17405
1 1069 rs1951918 43104952 1 -3.341537008307117e-4 43101562 43104952 3390
1 148 rs17029909 6882189 1 -3.318710332798335e-4 6826467 6886649 60182
1 75 rs12029673 4684090 1 -3.3001605524809335e-4 4684090 4685672 1582
1 2068 rs17128768 86507592 1 3.295311950558614e-4 86479771 86512536 32765
1 437 rs4920374 17872028 1 -3.293050235954305e-4 17872028 17872028 0
1 4862 rs1888602 232318225 1 3.2889305434869224e-4 232314505 232322821 8316
1 3071 rs35948326 158624528 1 3.281994587099185e-4 158624528 158626378 1850
1 5382 rs17720872 247364063 1 3.279931487867746e-4 247349364 247366435 17071
1 5293 rs9662967 244957186 1 3.2764812335246436e-4 244957186 244957186 0
1 5149 rs12139890 240603534 1 3.274621239669575e-4 240600551 240603534 2983
1 3719 rs1409810 184190439 1 -3.242813441038049e-4 184189782 184217979 28197
1 4036 rs3738281 201358304 3 -3.2389444585899125e-4 201355522 201359697 4175
1 1308 rs10443236 56110248 2 -3.238855751271446e-4 56099371 56119747 20376
1 4633 rs1419310 223859188 1 -3.2235637086249397e-4 223854684 223859188 4504
1 1784 rs11210325 74139105 2 -3.201052162026379e-4 74135123 74139105 3982
1 3164 rs10494362 161957719 1 -3.196908544706357e-4 161957719 161967681 9962
1 1804 rs3931020 75235317 1 3.192310360989471e-4 75190452 75252764 62312
1 3953 rs4915287 198453920 1 3.187409934798819e-4 198453920 198457080 3160
1 452 rs7340046 18312084 1 -3.167407742345606e-4 18297407 18312084 14677
1 4870 rs789360 232491315 1 -3.159112896653137e-4 232488827 232491315 2488
1 5154 rs2185285 240674472 1 3.1556016386009796e-4 240674472 240674472 0
1 1309 rs7518530 56143209 1 -3.140169482121843e-4 56143209 56163458 20249
1 1631 rs11208847 66866041 1 3.105331747311388e-4 66866041 66866041 0
1 2401 rs4584412 101181576 1 3.0920585392190764e-4 101181576 101183825 2249
1 4108 rs2366009 204011313 2 -3.0623437130276193e-4 204011313 204015718 4405
1 294 rs5746026 12253062 1 -3.045106520514335e-4 12248942 12253062 4120
1 1495 rs10889286 62586098 1 -3.029888191007948e-4 62555219 62586098 30879
1 2273 rs7527765 95470811 1 3.012061953761e-4 95470811 95536715 65904
1 5279 rs4658627 244511176 1 3.011386445964954e-4 244511176 244511176 0
1 1324 rs2000141 56756491 1 -3.004790970033368e-4 56754223 56760616 6393
1 4140 rs2802809 204969586 1 -2.994545944020182e-4 204969586 204971485 1899
1 3443 rs12720462 171217691 3 2.9872174192772927e-4 171214880 171220236 5356
1 834 rs10914367 31846206 1 -2.9698726597884395e-4 31819128 31889220 70092
1 3085 rs856142 158957703 1 2.9638891331768767e-4 158944584 158959450 14866
1 2000 rs323935 83578674 1 -2.9537749888011223e-4 83535877 83586063 50186
1 2622 rs12126959 110936383 1 -2.9420730397241055e-4 110885736 110961722 75986
1 2881 rs999095 147210227 2 2.914630971889154e-4 147194005 147210965 16960
1 1492 rs1332631 62496360 1 -2.9111405285418444e-4 62492215 62501371 9156
1 1205 rs6673480 51859242 1 -2.874168817232444e-4 51804731 51923614 118883
1 59 rs7418714 4446996 1 2.869577036813489e-4 4441089 4456277 15188
1 4810 rs2493151 230878561 2 -2.867278773703869e-4 230872906 230878561 5655
1 2405 rs3737580 101360215 5 -2.864729941043534e-4 101348100 101415707 67607
1 5137 rs12037713 240394879 1 2.857115042746281e-4 240383334 240402395 19061
1 5375 rs55762230 247151487 1 2.843241881913479e-4 247142532 247151557 9025
1 43 rs9792946 4119662 1 -2.829957708208909e-4 4119662 4121584 1922
1 1068 rs4660646 43029788 1 -2.822900766052803e-4 43024213 43073504 49291
1 4875 rs1547742 232568041 1 -2.8173140553469997e-4 232568041 232574921 6880
1 3107 rs11265265 159713556 1 2.8160798343896385e-4 159713556 159723619 10063
1 2422 rs1199603 101962882 1 -2.810352268127211e-4 101961142 101995341 34199
1 277 rs2076003 11884147 1 -2.7809301486152464e-4 11862778 11887303 24525
1 1012 rs6681804 40543019 1 2.7769463349817236e-4 40499302 40543425 44123
1 5343 rs4654062 246042392 1 -2.7723543494057626e-4 246042392 246047468 5076
1 1183 rs320050 49174405 1 2.7657582599928355e-4 49174405 49179498 5093
1 3276 rs466639 165394882 1 -2.745890165592956e-4 165394882 165409095 14213
1 3355 rs10489202 167903079 2 2.735229165935555e-4 167903079 168018840 115761
1 2610 rs17025223 110490341 1 -2.729383022767406e-4 110478803 110490341 11538
1 385 rs572953 15609117 1 2.723865374217273e-4 15606453 15610004 3551
1 1271 rs2117262 55089880 1 2.72323752353854e-4 55089708 55103945 14237
1 990 rs2985774 39071272 1 -2.7092063324092233e-4 39071272 39071272 0
1 4703 rs1144838 226821306 1 -2.700501490645759e-4 226817467 226821306 3839
1 3804 rs421604 189548411 1 2.698295779175084e-4 189548411 189550445 2034
1 4697 rs7524430 226693542 1 -2.6926459582778e-4 226683251 226702300 19049
1 4608 rs6604689 222078040 1 2.683989165455033e-4 222072819 222078600 5781
1 58 rs12025694 4420509 2 -2.6774093794866864e-4 4419820 4426085 6265
1 4621 rs17577025 223449017 1 2.6683984215824445e-4 223449017 223458980 9963
1 5000 rs1405628 236407465 1 2.6532709785119854e-4 236384941 236413446 28505
1 970 rs6600436 38469500 1 2.647960126375638e-4 38469500 38469500 0
1 5404 rs1144815 247781569 1 2.633987010288041e-4 247778888 247781569 2681
1 1229 rs12083302 53803639 1 2.6313643700439623e-4 53786149 53810030 23881
1 3728 rs10797982 184622136 1 2.625029437876826e-4 184622136 184622136 0
1 2038 rs4907110 85371265 1 2.6240204226360013e-4 85366164 85371391 5227
1 565 rs558946 20935358 2 2.6197973433574794e-4 20933278 20935358 2080
1 720 rs2736831 26357656 1 2.595198973530875e-4 26357656 26376607 18951
1 3536 rs6656281 175886511 2 -2.585591944272561e-4 175869554 175886511 16957
1 558 rs12072199 20877812 1 -2.5852632120538886e-4 20862106 20877812 15706
1 1635 rs12239133 66970886 1 2.583032650077206e-4 66967395 66972478 5083
1 4932 rs4920239 234068161 1 -2.582350335040977e-4 234063801 234068161 4360
1 3630 rs3795504 180905448 1 -2.57428532336707e-4 180905448 180905448 0
1 561 rs6690069 20914451 1 -2.515813944125991e-4 20914451 20915701 1250
1 10 rs2840532 2327815 1 2.5072635996271426e-4 2327075 2327815 740
1 1099 rs6429644 44487280 1 2.5041309055410133e-4 44487280 44487280 0
1 4030 rs1772849 201280163 1 2.471078947182809e-4 201278862 201298352 19490
1 4112 rs16852826 204068110 2 -2.4521974167660064e-4 204068110 204069838 1728
1 5185 rs1915886 241398598 1 -2.4444494512078526e-4 241395811 241398598 2787
1 4424 rs1557174 215694431 1 -2.4236703422365872e-4 215694431 215808007 113576
1 471 rs10465918 18701899 1 2.421901641683564e-4 18693245 18701899 8654
1 1692 rs10493443 68884722 1 -2.396437412253484e-4 68873103 68904266 31163
1 3211 rs4657252 163157126 1 2.378826285716296e-4 163149325 163157126 7801
1 2441 rs12060427 102922025 1 2.3742863991257885e-4 102922025 102939690 17665
1 1015 rs6600320 40647407 1 -2.3732753624473396e-4 40626918 40668772 41854
1 1092 rs2077652 44045919 1 2.356615218330124e-4 44045294 44076019 30725
1 4089 rs946258 203190240 1 -2.351364372731653e-4 203190240 203195877 5637
1 4749 rs1341715 229018916 1 -2.333336138561122e-4 229018195 229018916 721
1 3875 rs990812 193763292 1 2.3113008882579664e-4 193763292 193763292 0
1 4672 rs576861 225744337 1 2.3110504222315095e-4 225665284 225744337 79053
1 2746 rs1040605 115759830 1 -2.307618908678657e-4 115734091 115759830 25739
1 4206 rs2182911 207660071 1 -2.296535965229721e-4 207660071 207670928 10857
1 4367 rs320379 213677091 2 2.2748892850530024e-4 213677091 213677091 0
1 1887 rs1333969 79090654 1 2.272013991534825e-4 79079566 79107140 27574
1 2573 rs2184083 109261971 1 2.258742755459347e-4 109260034 109266523 6489
1 1759 rs1335223 72038497 1 -2.2573982640868283e-4 72025716 72038497 12781
1 3565 rs2181263 177670577 1 2.256472689575659e-4 177670577 177690971 20394
1 46 rs10915445 4197642 1 -2.246719673739754e-4 4197035 4202818 5783
1 3593 rs9728480 179089491 1 2.245879819992205e-4 179069429 179130359 60930
1 200 rs12135416 8910347 1 2.2135341032886033e-4 8906301 8910347 4046
1 4510 rs10157529 218263870 1 2.2102831042606223e-4 218261632 218275002 13370
1 2306 rs326910 96851552 1 -2.189752481245926e-4 96827409 96854358 26949
1 5162 rs10495475 240954544 1 -2.1851934906027293e-4 240933445 240962372 28927
1 4281 rs4421592 210338196 1 -2.1837881090698008e-4 210318417 210340969 22552
1 5009 rs10754573 236677586 1 -2.1814356124009584e-4 236677586 236677586 0
1 5297 rs7524543 245116281 1 -2.171666946572357e-4 245116281 245116281 0
1 3149 rs4657015 161272441 1 2.1672529467511265e-4 161272441 161272441 0
1 4516 rs1338445 218439928 1 2.1505387866690816e-4 218439928 218439928 0
1 42 rs10915659 4092949 1 2.1467546178340204e-4 4091650 4092949 1299
1 1428 rs12027119 60152685 1 -2.1405992133814437e-4 60152685 60162291 9606
1 4822 rs10864662 231191803 3 2.1353575445428544e-4 231191803 231200830 9027
1 3022 rs11264631 157176781 1 2.1346669427753953e-4 157176781 157176781 0
1 3758 rs7542810 186532231 1 2.1325543937277536e-4 186532231 186599524 67293
1 371 rs4661561 15341055 1 -2.1313220490968565e-4 15339960 15341055 1095
1 1967 rs11163349 82148070 1 2.129548856482623e-4 82147289 82162001 14712
1 4430 rs17620843 215891174 2 -2.1269267912164052e-4 215891174 215912320 21146
1 607 rs7544210 22455142 1 2.120395685069167e-4 22450487 22455142 4655
1 4322 rs12140949 211676238 1 2.1196379822646948e-4 211663221 211676378 13157
1 552 rs10799633 20740016 1 2.114166868159778e-4 20736532 20745485 8953
1 654 rs7515510 23988361 1 -2.1060663768102336e-4 23988361 23994201 5840
1 1936 rs7411120 81161881 1 2.083752907360699e-4 81161337 81181741 20404
1 530 rs3806308 20142866 3 2.082112332590784e-4 20142681 20144332 1651
1 2289 rs573117 96072754 1 -2.0709606989222432e-4 96051831 96072754 20923
1 3904 rs2119441 195392852 1 2.068075657887484e-4 195366376 195393642 27266
1 1880 rs591448 78580221 1 2.0633216426180177e-4 78574129 78604614 30485
1 3217 rs4657284 163440717 1 2.0600892475582875e-4 163414559 163440717 26158
1 2645 rs10857834 111421712 1 -2.053278899292579e-4 111421712 111426049 4337
1 3998 rs3861927 200199414 1 2.042757362429828e-4 200199414 200204364 4950
1 3510 rs12563833 175109517 1 -2.040837835733172e-4 175102161 175109884 7723
1 3948 rs6670073 198155858 1 -2.0263920433488585e-4 198104472 198165379 60907
1 1705 rs955093 69588193 1 1.9964914736497448e-4 69551411 69613294 61883
1 1491 rs2183995 62479403 1 -1.9959208601567116e-4 62479403 62486381 6978
1 5398 rs10802515 247647970 2 1.9938227279506365e-4 247636518 247666977 30459
1 2055 rs530006 85913508 2 1.9899151352851667e-4 85904338 85918329 13991
1 4207 rs6691117 207782931 2 1.984562565306476e-4 207748793 207803595 54802
1 1058 rs2993120 42350837 1 1.972458029628371e-4 42330585 42350837 20252
1 1932 rs3737936 81006304 1 1.9543170776491295e-4 80985935 81007960 22025
1 3764 rs2307198 186946912 2 -1.954184635008479e-4 186946386 186951429 5043
1 3591 rs16853619 179043939 1 -1.9534793521211376e-4 178989464 179043939 54475
1 1405 rs2811893 59162148 1 1.9468511062912505e-4 59162148 59180394 18246
1 2649 rs1282275 111629571 1 1.945582412243961e-4 111629571 111684276 54705
1 4623 rs10907376 223567803 1 1.9425931467519756e-4 223553189 223587515 34326
1 596 rs4654986 22138198 1 -1.9331473864969624e-4 22138198 22138198 0
1 3865 rs842796 192902415 2 -1.9298192261104404e-4 192902415 192902415 0
1 2704 rs6537765 113493337 1 -1.911464838234069e-4 113449627 113502552 52925
1 268 rs2072996 11578973 1 -1.900710835685792e-4 11578973 11584164 5191
1 2089 rs1886632 87610246 1 1.898184099152574e-4 87608534 87628868 20334
1 1695 rs6694935 68963397 1 -1.8977311612309024e-4 68948280 68974292 26012
1 69 rs977271 4625696 1 1.8944841323932516e-4 4614822 4625696 10874
1 4540 rs11118275 219497096 1 1.894353152313978e-4 219482935 219497096 14161
1 2802 rs12143659 117827683 1 -1.8865754780389793e-4 117818054 117829261 11207
1 2398 rs17122943 101047815 1 -1.8801647088972185e-4 101041054 101055002 13948
1 1661 rs4655735 68027219 1 -1.877876999653245e-4 68021103 68027219 6116
1 4715 rs4329477 227552494 1 -1.875394681975853e-4 227524891 227552494 27603
1 5415 rs4925753 248040104 1 -1.866702618335525e-4 248039294 248040104 810
1 3420 rs1412787 170208724 2 -1.858455940566209e-4 170208425 170208724 299
1 3774 rs12046362 187311620 1 -1.8473628290795863e-4 187295318 187320698 25380
1 567 rs3753834 20988911 1 1.8134003394030572e-4 20972111 20988911 16800
1 4816 rs16852740 230959250 2 -1.8077842152495452e-4 230936770 230959250 22480
1 2787 rs797999 117293763 1 1.8039619364723975e-4 117293763 117293763 0
1 4019 rs142356235 201046058 2 1.8019830623563745e-4 201044097 201052199 8102
1 2214 rs12745968 93401837 1 -1.7922579471296948e-4 93324269 93401837 77568
1 1251 rs3766465 54606804 1 -1.766050870411611e-4 54606804 54607157 353
1 5184 rs6662036 241388129 1 -1.762594819261484e-4 241388129 241388129 0
1 5364 rs3129567 246705277 1 -1.759800382424861e-4 246705277 246706139 862
1 2073 rs6420970 86651803 1 -1.7503290234169568e-4 86636876 86653341 16465
1 4995 rs6689258 236296079 1 -1.7421725506037506e-4 236296079 236296079 0
1 395 rs6685648 15825195 2 1.727787233931138e-4 15821673 15904318 82645
1 321 rs9287293 14208571 1 1.7268550683465e-4 14208571 14208571 0
1 3100 rs4325129 159462381 2 1.7222137140337625e-4 159441628 159463301 21673
1 5252 rs10803133 243454014 1 -1.7219140703532545e-4 243454014 243498533 44519
1 2906 rs2769264 151344741 1 -1.7045490504753274e-4 151344150 151344741 591
1 3477 rs2859228 172613241 1 1.7043780543313773e-4 172613241 172621538 8297
1 781 rs920600 30222525 1 1.698496436961236e-4 30204943 30226827 21884
1 2410 rs9433755 101722623 1 -1.6695401984220812e-4 101711783 101726526 14743
1 3417 rs10919319 170152927 1 1.663493214351034e-4 170141722 170168182 26460
1 3345 rs10918751 167702255 1 1.6539408637929008e-4 167697059 167702255 5196
1 1497 rs11207909 62607786 1 1.646568162525226e-4 62603544 62607786 4242
1 1601 rs6677968 65776702 1 1.6396374357666014e-4 65776702 65783231 6529
1 3407 rs1569475 169623680 1 1.624245067571542e-4 169591080 169623680 32600
1 2291 rs585463 96143185 1 -1.6184528744623926e-4 96143185 96145968 2783
1 4786 rs1923950 230384970 1 1.5963986713620563e-4 230365641 230398445 32804
1 2535 rs17496332 107546375 1 1.5916806115501798e-4 107546375 107553330 6955
1 562 rs10916824 20918912 1 1.5897377812786924e-4 20916791 20918912 2121
1 1156 rs1108866 48060089 1 1.5874135443628867e-4 48057890 48060089 2199
1 3818 rs10920715 190380806 1 1.5654762986027656e-4 190380806 190385136 4330
1 4139 rs3892248 204947702 1 -1.555634552763105e-4 204946764 204955416 8652
1 2325 rs10875076 97837564 3 1.5431680161982054e-4 97833918 97850697 16779
1 1632 rs17128891 66903583 1 1.5424472042208857e-4 66887451 66903583 16132
1 648 rs1198433 23756695 1 1.5407456855088807e-4 23756695 23794914 38219
1 5095 rs9428802 239144913 1 -1.5375587292531745e-4 239144913 239144913 0
1 4931 rs16859773 234016310 1 1.5282631163703373e-4 234016310 234033331 17021
1 1199 rs4381241 50907438 1 -1.5212091371767208e-4 50907438 50945526 38088
1 18 rs2817178 3047252 1 1.5194025226152117e-4 3047252 3047252 0
1 1304 rs6588562 56027175 1 1.5041896528857383e-4 56015915 56042151 26236
1 1445 rs1501246 60828648 1 1.5003101476903077e-4 60828648 60848538 19890
1 2666 rs3754026 112283838 1 1.4813174949216624e-4 112283838 112309331 25493
1 1285 rs6682884 55474325 2 -1.4781232209917826e-4 55474325 55474325 0
1 1337 rs2796516 57131323 2 1.4606099141244538e-4 57114671 57143986 29315
1 3595 rs7531307 179302003 1 1.454130701361018e-4 179267783 179302003 34220
1 4513 rs7553207 218370200 1 -1.452177902284448e-4 218353211 218370200 16989
1 4486 rs4498862 217439859 1 1.4485006165757013e-4 217421415 217439859 18444
1 2423 rs1484315 102080843 1 1.440496111550904e-4 102080843 102087717 6874
1 2468 rs7532317 104736156 3 1.4386386703624243e-4 104727130 104736156 9026
1 4529 rs12026846 218940944 1 -1.4373197571352722e-4 218938961 218940944 1983
1 5379 rs6663210 247313462 1 -1.411253967773914e-4 247305873 247336726 30853
1 208 rs12145292 9118596 1 1.389720233037442e-4 9116743 9129945 13202
1 1779 rs7523688 73625777 1 -1.3887742638736238e-4 73625777 73625777 0
1 963 rs6687329 38127154 1 1.388375851062252e-4 38127154 38127154 0
1 4541 rs6704463 219547825 1 1.370854486217586e-4 219530826 219557811 26985
1 3889 rs4291483 194407083 2 1.3594742952647312e-4 194407083 194416810 9727
1 2882 rs4950343 147224879 2 -1.35351839357403e-4 147217965 147229299 11334
1 698 rs404100 25366987 1 1.3534662889662884e-4 25364652 25370521 5869
1 2493 rs10785730 105666922 1 -1.347759607198187e-4 105666096 105666922 826
1 4596 rs9659823 221753645 1 -1.3411699732917995e-4 221741182 221753645 12463
1 5423 rs6695603 248145644 2 1.3131087970622165e-4 248145644 248148188 2544
1 5371 rs7551836 246960463 1 1.3062533284679908e-4 246960463 246963019 2556
1 1215 rs443751 53153432 1 -1.3010712031913987e-4 53143271 53153432 10161
1 1670 rs6686101 68304640 3 -1.300963714509163e-4 68278542 68324416 45874
1 71 rs1024139 4640902 1 -1.2982263217545375e-4 4640902 4640902 0
1 3154 rs2099684 161500130 1 -1.2865042771100313e-4 161500130 161500130 0
1 2205 rs7551956 92441120 1 -1.2806424103982726e-4 92416821 92472723 55902
1 1866 rs11806344 77756532 2 1.2804011870409313e-4 77756532 77778608 22076
1 5067 rs10737820 238386642 1 -1.2740584787962405e-4 238383296 238388463 5167
1 37 rs12082157 3811810 1 1.260602376284012e-4 3803755 3811810 8055
1 1312 rs7527177 56280909 1 -1.2501858909017558e-4 56268037 56280909 12872
1 3077 rs857838 158750550 1 1.230348607707542e-4 158746336 158754813 8477
1 1344 rs72670315 57320444 1 -1.2296174872783292e-4 57320444 57349614 29170
1 1968 rs9662349 82178052 1 -1.218666681989524e-4 82178052 82178052 0
1 4228 rs1499577 208511351 1 -1.216842102288784e-4 208511351 208515347 3996
1 1138 rs2065996 47275241 1 1.2166343623016252e-4 47265677 47279175 13498
1 5068 rs10495407 238439308 1 -1.209222602279528e-4 238432884 238442713 9829
1 2632 rs12748140 111080468 1 1.1942544732902091e-4 111080468 111084964 4496
1 107 rs10492935 5341232 1 1.18521164791404e-4 5333340 5343556 10216
1 1048 rs867518 41953186 1 1.1790576625632235e-4 41952597 41954444 1847
1 2358 rs11166158 99499591 1 -1.1762478462716348e-4 99449969 99499591 49622
1 135 rs6703057 6187086 1 1.1397865485533344e-4 6187086 6190215 3129
1 2862 rs12724816 145639324 1 -1.1366122503705658e-4 145639324 145639324 0
1 3978 rs6691743 199531025 1 1.1351320725077912e-4 199471616 199534908 63292
1 2488 rs4483421 105341180 1 1.1306628798168638e-4 105341180 105341180 0
1 1551 rs2819130 64231541 2 1.1066006775269044e-4 64209711 64231541 21830
1 473 rs1533622 18722846 1 -1.1028596738920924e-4 18719844 18730305 10461
1 185 rs12068202 7961294 2 1.09680858643026e-4 7961206 7961294 88
1 4601 rs17010629 221895393 1 -1.0815765675623828e-4 221894739 221895393 654
1 5367 rs6426312 246766435 1 1.0759141039111868e-4 246755124 246805265 50141
1 3045 rs7524095 157879294 1 -1.073449468375468e-4 157879294 157879294 0
1 1166 rs748142 48509053 1 -1.056616818246258e-4 48509053 48509053 0
1 4550 rs17006225 219822453 1 1.0553016074721446e-4 219822453 219838104 15651
1 4552 rs12091627 219877265 3 -1.054631752434607e-4 219859158 219892297 33139
1 976 rs6702480 38715252 1 1.053027178717466e-4 38715252 38721663 6411
1 4955 rs6673545 234653716 1 -1.038919842978986e-4 234653716 234653716 0
1 4006 rs4504918 200557767 1 -1.0377026275475284e-4 200531693 200575794 44101
1 2463 rs4434842 104492118 1 -1.0370865555657412e-4 104492118 104502333 10215
1 656 rs2999566 24051124 1 -1.0355022249038192e-4 24049595 24051124 1529
1 2687 rs7520740 112787396 1 1.0127818212920404e-4 112779668 112787396 7728
1 3576 rs12409286 177971147 2 -1.0122340872581042e-4 177971147 177991255 20108
1 3949 rs72731918 198225478 1 9.980744470056606e-5 198207105 198254389 47284
1 3065 rs10489829 158387196 1 -9.977456676960652e-5 158381815 158431666 49851
1 2048 rs11161557 85701071 1 -9.844807542717472e-5 85686552 85709133 22581
1 1636 rs11208897 66988869 1 -9.772380612100896e-5 66986557 67005503 18946
1 1881 rs12403399 78659621 1 9.748192315345866e-5 78623626 78666990 43364
1 4830 rs6700950 231340433 1 -9.64752600380274e-5 231340433 231342857 2424
1 204 rs3765966 9011722 1 9.593811296326766e-5 9009406 9011722 2316
1 796 rs7530417 30562263 1 -9.581688020412162e-5 30553542 30562263 8721
1 3989 rs3790844 200007432 1 9.579670978254969e-5 200007432 200007432 0
1 2120 rs1295491 88740865 1 -9.292032281047687e-5 88738404 88740865 2461
1 4986 rs10927083 236109373 1 9.290483167031349e-5 236105308 236109373 4065
1 350 rs12733612 14826029 1 -9.225561486286028e-5 14819757 14831066 11309
1 3538 rs150935097 176175819 1 -9.141777833300602e-5 176001496 176175819 174323
1 2547 rs2296877 108152630 1 -9.113628289529783e-5 108148686 108172396 23710
1 5422 rs4451578 248138217 2 9.003573132215724e-5 248138217 248138531 314
1 954 rs12075954 37847280 1 -8.85747078789466e-5 37847280 37853334 6054
1 2752 rs10776801 115882541 1 -8.704839428001707e-5 115882541 115882541 0
1 3397 rs7552323 169103323 1 8.493816577317831e-5 169103323 169121811 18488
1 2020 rs11163923 84700766 1 8.323139100189578e-5 84700766 84722166 21400
1 958 rs10493078 37909488 1 -8.269604213802787e-5 37902331 37909488 7157
1 532 rs10737482 20173858 2 8.145441281048502e-5 20171860 20173858 1998
1 3535 rs732292 175832217 1 8.02782541088326e-5 175832217 175848088 15871
1 3303 rs4542197 166364063 1 -7.936619784508923e-5 166364063 166364063 0
1 506 rs12133034 19622270 1 7.878664855182698e-5 19618601 19627876 9275
1 1992 rs7541474 83249040 1 -7.767164180895922e-5 83245723 83249040 3317
1 21 rs2455099 3181415 1 -7.711202967567151e-5 3177480 3181415 3935
1 4681 rs3753658 226012686 10 7.677822037532563e-5 226012614 226015116 2502
1 3596 rs143910632 179312009 1 -7.639838659168738e-5 179312009 179335366 23357
1 3213 rs10917727 163296740 1 7.622429591328661e-5 163292362 163313880 21518
1 1709 rs720233 69779437 1 7.534093998632704e-5 69743750 69789580 45830
1 2763 rs7518005 116284944 1 7.395839610169433e-5 116283343 116297758 14415
1 2977 rs141845046 154987704 2 -7.367759486737487e-5 154987704 155007302 19598
1 4626 rs6689716 223638165 1 -7.228318967589604e-5 223638165 223641440 3275
1 3551 rs7519595 177074669 1 7.069554607284539e-5 177074669 177074669 0
1 3299 rs6659816 166185037 2 6.978478578207878e-5 166169203 166228386 59183
1 4494 rs10495060 217727217 1 6.879277651090099e-5 217715564 217727217 11653
1 2735 rs7537232 115284056 1 -6.816999314938088e-5 115231254 115300685 69431
1 3328 rs7532692 167250080 1 -6.791821538478109e-5 167248664 167267066 18402
1 4069 rs75658797 202287754 1 -6.52733779396498e-5 202228042 202287754 59712
1 2533 rs4244120 107480854 2 6.47587387245303e-5 107480854 107481837 983
1 5049 rs11583646 237806819 1 6.418883837155003e-5 237806819 237815546 8727
1 4784 rs678050 230313911 1 6.417804327196824e-5 230313911 230324067 10156
1 1644 rs4553158 67436446 1 6.396170432466532e-5 67412261 67496425 84164
1 174 rs17031113 7617484 1 6.370864905503477e-5 7617484 7617484 0
1 786 rs895786 30311124 1 -6.176177826493242e-5 30310092 30322046 11954
1 2866 rs17159890 146628374 1 5.9693408156825394e-5 146626922 146653028 26106
1 298 rs4072868 12628471 1 -5.824951965551449e-5 12619096 12628471 9375
1 4812 rs1890350 230894365 1 5.824411988373484e-5 230894323 230895340 1017
1 1603 rs10889546 65851759 1 5.8153259925329995e-5 65835302 65851759 16457
1 2259 rs1146267 95220161 2 5.7248482417722975e-5 95207524 95223872 16348
1 2548 rs12410676 108185309 2 -5.63444909391579e-5 108176009 108191927 15918
1 4933 rs4262613 234098452 2 -5.540613001103083e-5 234098452 234110847 12395
1 4029 rs16848195 201243739 1 -5.450942616752991e-5 201239651 201244429 4778
1 1518 rs12751505 63361221 1 -4.7623717030776965e-5 63361221 63361221 0
1 4761 rs12023401 229334294 1 -4.652070810261501e-5 229331680 229334731 3051
1 5241 rs6429370 242856566 1 4.3454712437456734e-5 242855782 242856905 1123
1 4928 rs1472283 233951659 1 -4.306030316180545e-5 233951659 233954283 2624
1 1832 rs4949697 76652957 1 -4.2748821115064985e-5 76645080 76658531 13451
1 4375 rs12035846 213854151 1 -4.272240618375257e-5 213854151 213854151 0
1 2921 rs3124314 152037515 1 -4.207709180084698e-5 152034430 152141674 107244
1 4950 rs111283864 234565176 1 4.14583636056781e-5 234565176 234582720 17544
1 2172 rs1725384 91260076 1 4.1435262735786624e-5 91251325 91260076 8751
1 375 rs9943244 15395881 1 4.1213448749009265e-5 15395881 15395881 0
1 1416 rs3850542 59635870 1 -3.832662113217149e-5 59623181 59635870 12689
1 2559 rs4915093 108572106 1 3.75990400330674e-5 108554161 108576267 22106
1 2867 rs2354432 146693229 1 -3.697069297105757e-5 146656040 146693429 37389
1 2426 rs12138212 102218082 1 -3.528754852901092e-5 102208329 102222083 13754
1 2388 rs499479 100612675 1 3.4834902214825194e-5 100598866 100693294 94428
1 4561 rs2230301 220197625 3 -3.4252817194072634e-5 220175777 220214212 38435
1 4517 rs1418555 218523650 1 -3.4109293664846545e-5 218523650 218525588 1938
1 2764 rs4074536 116310967 1 3.402619599360959e-5 116301565 116310967 9402
1 1536 rs12736336 63647200 1 -3.3302583603891654e-5 63645215 63659847 14632
1 3390 rs12048750 168922582 1 3.289899665137301e-5 168913482 168932500 19018
1 2756 rs17556126 115998480 1 3.289143620866613e-5 115998480 116011901 13421
1 1756 rs1517754 71840498 1 -3.286751579278308e-5 71840498 71873154 32656
1 3095 rs3027061 159186600 1 -3.1392950448379234e-5 159183713 159196765 13052
1 4663 rs2254406 225070168 2 -3.1230294587259836e-5 225070168 225137134 66966
1 4145 rs78212113 205180474 1 -3.0468268199546895e-5 205153208 205225457 72249
1 3120 rs11265346 160148810 1 3.0463028094106068e-5 160145298 160148810 3512
1 490 rs7549129 19119606 1 -3.0181803815439467e-5 19119606 19119606 0
1 4958 rs9970996 234701910 1 -2.9099068121498636e-5 234701910 234704046 2136
1 926 rs3918003 36931373 1 2.775766872851216e-5 36929988 36931373 1385
1 4993 rs16833337 236284300 2 2.751532842779937e-5 236284300 236284300 0
1 1556 rs285339 64442169 1 -2.7505343407894584e-5 64381917 64442169 60252
1 1592 rs12023280 65552976 1 -2.7394069590154788e-5 65543802 65553909 10107
1 1662 rs968544 68041561 1 -2.675380171578658e-5 68041561 68046354 4793
1 2350 rs4545356 99173681 2 2.626117429379224e-5 99141448 99186605 45157
1 2474 rs11185445 104898703 1 2.5200047449988924e-5 104893852 104902248 8396
1 4641 rs4551564 224237716 1 -2.4818887801714548e-5 224237716 224237716 0
1 3616 rs10913939 180144485 1 -2.3851126121460453e-5 180138800 180159654 20854
1 4366 rs4655421 213659931 1 2.3423213785902737e-5 213659931 213661444 1513
1 1786 rs17576753 74245076 1 -2.283148839280652e-5 74245076 74251125 6049
1 113 rs1573738 5561229 1 2.1322994665393185e-5 5556067 5572304 16237
1 259 rs2076655 11289161 1 2.099136301092283e-5 11289161 11318236 29075
1 1250 rs12095916 54588636 1 2.0931567050658504e-5 54585415 54592897 7482
1 890 rs11581276 34586161 1 1.898848340441239e-5 34574691 34586161 11470
1 1569 rs825013 64767717 1 1.8653291153860823e-5 64749809 64784574 34765
1 3673 rs497915 182406654 1 -1.6003718227232417e-5 182406654 182406654 0
1 4985 rs10803141 236066991 3 1.5496877428836445e-5 236066991 236077778 10787
1 4759 rs9701452 229290907 1 1.4913931899929927e-5 229290907 229301909 11002
1 2085 rs2231592 87031656 1 1.45379049050857e-5 87031656 87044583 12927
1 3954 rs3736930 198505830 2 1.3832442699211573e-5 198469162 198520125 50963
1 2611 rs7365459 110492809 1 -1.3517991634127849e-5 110492809 110492809 0
1 3389 rs882126 168907072 1 1.2324915336802704e-5 168907072 168907072 0
1 5391 rs7525979 247587408 1 1.150887058960525e-5 247584075 247588960 4885
1 2408 rs7367938 101638999 1 -1.0538968485095712e-5 101622960 101638999 16039
1 3679 rs10797788 182623509 2 1.0474789159984114e-5 182613666 182626738 13072
1 4499 rs11578620 217985428 1 -1.0214802264736092e-5 217985428 218018956 33528
1 3432 rs3765377 170837041 1 -9.251924342888608e-6 170805627 170859317 53690
1 1500 rs12116810 62657530 1 -8.365415867696706e-6 62657530 62657530 0
1 1160 rs2282361 48240005 1 -7.356949676597951e-6 48236425 48240005 3580
1 3554 rs12128612 177158631 1 7.047925917646516e-6 177158631 177162809 4178
1 3503 rs2860909 174274349 1 -6.646626676999832e-6 174238786 174400537 161751
1 4212 rs694748 208055666 1 5.927897070961902e-6 208049077 208060009 10932
1 1789 rs11210359 74339167 1 5.476826282772264e-6 74338530 74339167 637
1 3204 rs10917653 162927922 1 5.290244988622654e-6 162927922 162933129 5207
1 431 rs1748020 17668609 1 5.2053360582706974e-6 17668609 17674537 5928
1 2417 rs12403551 101864215 1 -4.999186623573861e-6 101864215 101868913 4698
1 4295 rs7530369 210647296 1 4.99169562952153e-6 210641438 210652685 11247
1 1198 rs1502856 50871847 1 4.579205856760324e-6 50838990 50871847 32857
1 3784 rs4281283 187701010 1 4.448500036077755e-6 187689619 187713440 23821
1 1451 rs1563954 61202901 1 4.1911225131903065e-6 61192181 61206485 14304
1 54 rs351615 4370385 2 -2.0103627414530276e-6 4370385 4376816 6431
1 1813 rs1249839 75818341 2 7.161852574222181e-7 75818341 75819102 761
