CHR Group SNP.lead BP.lead Size W BP.min BP.max BP.width
1 5594 rs3790566 67814440 2 0.12075683037305912 67814440 67814440 0
1 20 rs3748816 2526746 1 0.04159269484029926 2526746 2526746 0
1 18140 rs2036775 229377038 1 0.04064786171476613 229377038 229377038 0
1 2226 rs11247963 26855401 1 0.03322392069632902 26855401 26855401 0
1 14879 rs2488401 197702401 1 0.02874415050154914 197702401 197702401 0
1 17512 rs2260032 222105479 1 -0.02657568539747364 222105479 222105479 0
1 8789 rs1543421 101315934 1 0.02657043455897103 101315934 101315934 0
1 15184 rs11584383 200935866 1 0.0264210209253408 200935866 200935866 0
1 1979 rs12401982 24372971 1 0.02573022543231929 24372971 24372971 0
1 1579 rs1416819 20193622 1 0.02561697595793203 20193622 20193622 0
1 10277 rs10924106 117053745 1 0.02454751125309884 117053745 117053745 0
1 15201 rs3767498 201020727 2 0.02396700642107598 201020727 201020727 0
1 16137 rs2272866 209929453 1 0.02339485604369071 209929453 209929453 0
1 13426 rs6680476 178676965 1 0.02282118067791658 178676965 178676965 0
1 2109 rs12403541 25382556 1 -0.02206620269115628 25382556 25382556 0
1 4098 rs4927084 54760066 1 0.02193632073963149 54760066 54760066 0
1 2115 rs11588172 25421990 1 -0.02126414378154745 25421990 25421990 0
1 15718 rs1772145 205695695 1 0.02106658212132763 205695695 205695695 0
1 1411 rs2743208 19017855 1 0.0202261929385401 19017855 19017855 0
1 18772 rs10797557 234754829 1 0.01991569921568499 234754829 234754829 0
1 17758 rs3949347 225582816 1 0.01954050927629393 225582816 225582816 0
1 14888 rs6678151 197811282 1 -0.0193808778251881 197811282 197811282 0
1 16599 rs340839 214161820 1 0.01932228667804204 214161820 214161820 0
1 2992 rs883220 38616871 1 0.01930796087675933 38616871 38616871 0
1 11628 rs528095 160738146 1 0.01902629049322832 160738146 160738146 0
1 5522 rs12030322 67306616 1 -0.01902061825505959 67306616 67306616 0
1 5595 rs3790567 67822377 1 0.01889670470106995 67822377 67822377 0
1 9480 rs12039852 109075236 1 0.01875910048706302 109075236 109075236 0
1 17178 rs601175 219141960 1 0.01830454761549909 219141960 219141960 0
1 11315 rs3761959 157669278 2 0.01791485987169869 157669278 157669278 0
1 606 rs7524046 9307033 2 -0.01744219347615909 9307033 9307033 0
1 11892 rs10917640 162881307 1 -0.01737188113642052 162881307 162881307 0
1 10278 rs1414275 117066907 1 -0.01732348738944746 117066907 117066907 0
1 16711 rs11807086 215064388 1 -0.01686643816402949 215064388 215064388 0
1 10012 rs2476601 114377568 1 0.01684633576366325 114377568 114377568 0
1 9738 rs1418426 111498111 1 -0.01635847389945533 111498111 111498111 0
1 11314 rs7522061 157668390 1 -0.01632318365643211 157668390 157668390 0
1 15727 rs708727 205767885 1 0.016312497445664 205767885 205767885 0
1 11504 rs12072644 159215287 1 -0.01628951805493646 159215287 159215287 0
1 2 rs2649588 1314015 1 0.01614601700527946 1314015 1314015 0
1 3921 rs11205983 53102133 1 0.01609698206323484 53102133 53102133 0
1 11309 rs10908583 157641683 2 0.01604675304816646 157641683 157641683 0
1 19586 rs9943068 242946169 2 0.01596373127835684 242946169 242946169 0
1 18795 rs7554192 235523067 1 -0.0156073359973459 235523067 235523067 0
1 679 rs2480777 10597551 1 0.015502524977084 10597551 10597551 0
1 15978 rs12058868 208424905 1 -0.01520411158885854 208424905 208424905 0
1 2543 rs7555715 31183812 1 0.01514553297840802 31183812 31183812 0
1 11056 rs4240872 154436195 2 0.01491283586850325 154436195 154436195 0
1 5262 rs12409333 65417839 2 0.01490732591404925 65417839 65417839 0
1 8689 rs2640911 100331265 1 0.01489699935723079 100331265 100331265 0
1 10678 rs1390510 147031323 1 0.01482681705946423 147031323 147031323 0
1 5613 rs11209099 67982128 1 -0.01456876645558835 67982128 67982128 0
1 10763 rs267738 150940625 1 0.01443874339020461 150940625 150940625 0
1 9173 rs2034525 105574256 1 0.01392281205168585 105574256 105574256 0
1 6740 rs159665 80403167 1 0.01382667254292578 80403167 80403167 0
1 14720 rs339567 194842734 1 -0.01373944313218491 194842734 194842734 0
1 7295 rs17124345 85726103 1 0.01356796269771775 85726103 85726103 0
1 16502 rs3123537 212811947 1 0.01343634175588008 212811947 212811947 0
1 19375 rs575226 241161648 1 -0.01334760105804766 241161648 241161648 0
1 2547 rs4949294 31235936 2 -0.01334126099380337 31235936 31235936 0
1 2256 rs6668823 27786813 1 -0.0130950040813826 27786813 27786813 0
1 13034 rs10489267 173170152 2 0.01309219007120553 173170152 173170152 0
1 10747 rs10305751 150783458 1 0.01303480177578227 150783458 150783458 0
1 15828 rs11120211 207276379 2 0.01301509295035759 207276379 207276379 0
1 11213 rs2644623 156862126 1 0.01296270518064081 156862126 156862126 0
1 5601 rs11209063 67855142 1 0.01288032452478462 67855142 67855142 0
1 8586 rs4908084 99310398 1 -0.01277206557700224 99310398 99310398 0
1 17299 rs4240926 219983926 2 0.01276621185085 219983926 219983926 0
1 11487 rs2814779 159098713 1 0.01265019841272935 159098713 159098713 0
1 12168 rs10918196 165448157 1 -0.01257716497634655 165448157 165448157 0
1 2551 rs12756105 31313417 1 -0.01249209334704137 31313417 31313417 0
1 11335 rs7552600 158029021 2 -0.01243939309146451 158029021 158029021 0
1 7792 rs164898 91569689 1 0.01243184875200156 91569689 91569689 0
1 8036 rs550060 94524784 1 0.01240524290772376 94524784 94524784 0
1 5088 rs7522426 63821329 1 -0.01237038628886294 63821329 63821329 0
1 10216 rs10923633 116391331 1 0.01235736815607462 116391331 116391331 0
1 16073 rs10863764 209400118 1 -0.01225515652347772 209400118 209400118 0
1 58 rs2493292 3328659 1 -0.01221196374054962 3328659 3328659 0
1 8034 rs1801581 94512565 1 -0.01218426966127742 94512565 94512565 0
1 6302 rs5745343 76273805 1 0.01218181809910058 76273805 76273805 0
1 7979 rs2893248 94160787 1 0.01214130705560763 94160787 94160787 0
1 19700 rs12404604 244829280 2 0.01209626115878266 244829280 244829280 0
1 2010 rs7524076 24508710 1 0.01191954113315795 24508710 24508710 0
1 9544 rs12023963 110084827 1 -0.01186475797698048 110084827 110084827 0
1 16153 rs17389541 209987172 1 0.01160527293118588 209987172 209987172 0
1 8235 rs1415564 95947234 1 -0.01154746985540765 95947234 95947234 0
1 14697 rs10801343 194639330 1 -0.01148756481770242 194639330 194639330 0
1 4343 rs2096086 56744527 1 0.01147219859522945 56744527 56744527 0
1 17653 rs6698799 224806555 2 0.01145124442699684 224806555 224806555 0
1 18586 rs6687497 233279256 2 0.01138780318967119 233279256 233279256 0
1 15796 rs3024505 206939904 2 -0.01135286802749195 206939904 206939904 0
1 16125 rs2072941 209811595 1 -0.01134370891774588 209811595 209811595 0
1 2857 rs727005 36281336 1 0.01129860512758046 36281336 36281336 0
1 5549 rs11806560 67558275 1 -0.01120794549401108 67558275 67558275 0
1 16769 rs4465171 215886975 2 0.01106553039652359 215886975 215886975 0
1 4943 rs17379608 62673365 1 0.01093448318909379 62673365 62673365 0
1 17730 rs12564045 225449050 1 -0.01091739864088965 225449050 225449050 0
1 2903 rs1472823 37220721 1 -0.01091028478821049 37220721 37220721 0
1 5 rs2459994 2024064 2 0.01087344656865293 2024064 2024064 0
1 12746 rs12040328 170755811 1 0.01075814579980177 170755811 170755811 0
1 8857 rs1948369 101938561 1 -0.01075721765431066 101938561 101938561 0
1 19916 rs1691255 247065472 1 0.01061527569190603 247065472 247065472 0
1 14578 rs2760530 192538496 2 0.01053996406611524 192538496 192538496 0
1 3453 rs660899 44117006 1 -0.01048974318058073 44117006 44117006 0
1 7853 rs10493860 92212703 1 0.01034539266450167 92212703 92212703 0
1 2986 rs11210870 38449910 1 0.01031385328786817 38449910 38449910 0
1 16204 rs138733991 210415570 1 0.01023303460834894 210415570 210415570 0
1 5289 rs12566696 65608909 1 -0.01019258417241364 65608909 65608909 0
1 9754 rs10494129 111787072 1 0.01018733497490693 111787072 111787072 0
1 1680 rs12404655 20943195 1 -0.01015295566600753 20943195 20943195 0
1 14021 rs78444298 184672098 1 0.01001985290762684 184672098 184672098 0
1 11170 rs2296373 156386787 2 0.01000955263063842 156386787 156386787 0
1 16784 rs12141500 215921956 1 0.00999072160757245 215921956 215921956 0
1 5589 rs12568764 67740835 1 0.0099703057510422 67740835 67740835 0
1 14579 rs1323292 192541021 1 0.00994363291210026 192541021 192541021 0
1 8089 rs2762509 95025421 1 -0.00991976287607691 95025421 95025421 0
1 16210 rs587203 210463786 1 0.00989883647479381 210463786 210463786 0
1 16505 rs17019556 212846165 2 0.00976562431213167 212846165 212846165 0
1 13653 rs3827706 181160271 1 0.00972435905686194 181160271 181160271 0
1 12660 rs3917410 169701108 1 -0.00964913033151577 169701108 169701108 0
1 3192 rs12067645 41425864 1 0.00957815640670817 41425864 41425864 0
1 16886 rs1826977 216783528 1 -0.00954094642149482 216783528 216783528 0
1 345 rs1890191 5887140 2 -0.00937159791936919 5887140 5887140 0
1 16901 rs2211118 216864218 1 0.00930841388141497 216864218 216864218 0
1 19525 rs10926744 242619825 1 0.00923976267874124 242619825 242619825 0
1 550 rs301806 8482078 1 -0.00920879065775081 8482078 8482078 0
1 11318 rs2873413 157737504 1 -0.00916616566801645 157737504 157737504 0
1 17470 rs10863652 221923042 1 0.00915548110143978 221923042 221923042 0
1 13035 rs2205960 173191475 2 -0.00914225195459523 173191475 173191475 0
1 18790 rs908319 235062181 2 0.00911890634806121 235062181 235062181 0
1 5569 rs2902440 67670916 1 -0.00907608707063311 67670916 67670916 0
1 8027 rs486879 94478425 2 -0.00904908919903059 94478425 94478425 0
1 3813 rs1484406 49190234 1 -0.00899704771140008 49190234 49190234 0
1 15194 rs12081096 200998358 1 -0.00898595073794066 200998358 200998358 0
1 11316 rs7528684 157670816 1 -0.00892797174033339 157670816 157670816 0
1 16506 rs2501847 212846338 1 -0.00891290796254598 212846338 212846338 0
1 4799 rs10889175 60901523 1 -0.00889885522455247 60901523 60901523 0
1 13835 rs6681606 182878158 2 -0.00888777843045408 182878158 182878158 0
1 12391 rs16859085 167453334 1 0.00873345482925513 167453334 167453334 0
1 3971 rs3766792 53590423 1 -0.0087289681102169 53590423 53590423 0
1 3533 rs4233496 45763650 2 0.00871641122262532 45763650 45763650 0
1 14870 rs10494755 197480986 2 0.00863563615220942 197480986 197480986 0
1 18286 rs2493151 230878561 1 -0.00862574600602877 230878561 230878561 0
1 17742 rs12032942 225512083 1 -0.00861630985431361 225512083 225512083 0
1 10831 rs2495396 151744928 1 -0.00859683136865336 151744928 151744928 0
1 16627 rs6682783 214418139 1 0.00857184894069697 214418139 214418139 0
1 7401 rs4631724 86587726 1 -0.00857157581331517 86587726 86587726 0
1 15175 rs7554511 200877562 1 0.00855773290613015 200877562 200877562 0
1 17902 rs12033364 226965174 1 0.00855492149225224 226965174 226965174 0
1 12322 rs558843 166634216 1 0.00854448911567691 166634216 166634216 0
1 10281 rs2300747 117104215 1 0.00853364259033131 117104215 117104215 0
1 15702 rs3789461 205588637 2 -0.00845738217892043 205588637 205588637 0
1 15797 rs3024493 206943968 2 -0.00845291237220096 206943968 206943968 0
1 14887 rs12134279 197781198 2 -0.00845082103702545 197781198 197781198 0
1 9189 rs4325188 105700935 2 0.0084384488924683 105700935 105700935 0
1 2564 rs10914251 31510263 1 0.0083680170634233 31510263 31510263 0
1 5518 rs2133173 67243024 1 -0.00832792771453755 67243024 67243024 0
1 13037 rs704840 173226195 1 -0.00830900057279167 173226195 173226195 0
1 4832 rs7532404 61335153 1 -0.00829731604229126 61335153 61335153 0
1 19764 rs12401628 245767834 1 -0.00826184370699109 245767834 245767834 0
1 14973 rs6673408 198609305 1 -0.00824093006814671 198609305 198609305 0
1 3211 rs2154319 41745770 1 -0.00821388576169198 41745770 41745770 0
1 15888 rs677066 207773991 1 -0.00819932060997308 207773991 207773991 0
1 2121 rs742391 25525711 1 0.00814723389131866 25525711 25525711 0
1 7945 rs11164854 93443043 1 0.00812361882929093 93443043 93443043 0
1 918 rs7414562 14359780 1 -0.00805272546558359 14359780 14359780 0
1 4830 rs6674001 61307277 1 -0.00802264480455108 61307277 61307277 0
1 9657 rs1769207 111093653 1 0.00800829844295764 111093653 111093653 0
1 14366 rs1418808 190104227 1 -0.00795218909580532 190104227 190104227 0
1 16895 rs12089054 216800699 2 0.00792412601246584 216800699 216800699 0
1 18569 rs41304133 233121884 1 0.00788900177731825 233121884 233121884 0
1 9718 rs1494324 111415841 1 -0.00785811448685556 111415841 111415841 0
1 8306 rs321270 96457002 2 -0.00784085917345807 96457002 96457002 0
1 18839 rs35714220 236176845 1 0.0078112659235684 236176845 236176845 0
1 53 rs2455135 3219901 1 0.00780991785491136 3219901 3219901 0
1 11667 rs5082 161193683 1 -0.00779908530350601 161193683 161193683 0
1 10364 rs6681882 118224778 1 -0.00778616339732282 118224778 118224778 0
1 16488 rs1331060 212702656 1 -0.0077805162010059 212702656 212702656 0
1 18210 rs11806158 230521031 2 -0.00777682860383124 230521031 230521031 0
1 146 rs10915535 4491460 1 -0.00777616255278094 4491460 4491460 0
1 14865 rs949571 197313189 1 0.00770426385647396 197313189 197313189 0
1 14609 rs6694727 193369701 1 0.00761704586802715 193369701 193369701 0
1 1837 rs7552560 22547290 2 -0.00757241171834887 22547290 22547290 0
1 12196 rs12065621 165639264 1 0.00756007248337456 165639264 165639264 0
1 16956 rs10863288 217193687 1 -0.00754880785357734 217193687 217193687 0
1 14974 rs6686725 198618707 1 0.00751676515545899 198618707 198618707 0
1 18174 rs6663181 230187526 2 -0.0075155636943556 230187526 230187526 0
1 1552 rs3748748 20018195 2 0.00746888025437511 20018195 20018195 0
1 10208 rs10923445 116320833 1 -0.00741917473614503 116320833 116320833 0
1 13762 rs1689797 182150978 2 0.00737614852083308 182150978 182150978 0
1 17531 rs17461806 222584505 1 -0.00736808875832507 222584505 222584505 0
1 15820 rs291096 207110936 2 0.00730112080648808 207110936 207110936 0
1 940 rs9803674 14490497 1 0.00727430735771801 14490497 14490497 0
1 1018 rs6667220 15347640 2 0.00723549991986643 15347640 15347640 0
1 18 rs734999 2513216 2 0.00720749586010967 2513216 2513216 0
1 14096 rs10798035 186050417 1 0.00720145010948279 186050417 186050417 0
1 17519 rs6604694 222172405 1 -0.00720008991432664 222172405 222172405 0
1 3804 rs320027 49082023 1 -0.00717861149297727 49082023 49082023 0
1 11608 rs6427528 160516308 2 -0.00710996366624167 160516308 160516308 0
1 15455 rs2494295 203218176 2 0.00710832542802415 203218176 203218176 0
1 16693 rs3748697 214820099 1 0.00708639091206313 214820099 214820099 0
1 1330 rs4920428 18425601 1 -0.00708274601434806 18425601 18425601 0
1 19705 rs10927330 244997953 2 -0.00707100493087524 244997953 244997953 0
1 2214 rs7532866 26741544 1 0.00706563220202688 26741544 26741544 0
1 16431 rs2970582 212080831 1 0.00702312953637192 212080831 212080831 0
1 9249 rs17016826 106687949 1 0.00698989489942945 106687949 106687949 0
1 6720 rs17103753 80270404 2 0.00697896037824306 80270404 80270404 0
1 12018 rs16824651 164059430 1 -0.00696519831975572 164059430 164059430 0
1 15512 rs16852826 204068110 1 -0.00695918761658955 204068110 204068110 0
1 354 rs571655 5965455 1 -0.00694768466487223 5965455 5965455 0
1 12582 rs12731646 169090660 1 0.0069140018065897 169090660 169090660 0
1 11238 rs2231856 157095470 1 -0.00685415331493743 157095470 157095470 0
1 10609 rs647596 146535394 1 0.00685274687483426 146535394 146535394 0
1 6897 rs11163216 81702178 1 -0.00682607008325634 81702178 81702178 0
1 2331 rs7349137 29569212 1 0.00680947058562199 29569212 29569212 0
1 7824 rs11164909 92002506 1 -0.00680382388578167 92002506 92002506 0
1 2596 rs10798859 31955533 2 -0.00669488642654204 31955533 31955533 0
1 17832 rs4369199 226280915 1 0.00668807944742125 226280915 226280915 0
1 9643 rs4839417 111018598 2 0.006679140907131 111018598 111018598 0
1 5250 rs310209 65345616 1 -0.00666667558700777 65345616 65345616 0
1 14577 rs2816316 192536813 1 0.00664293371877987 192536813 192536813 0
1 4119 rs17110749 55048190 1 -0.00661520480904486 55048190 55048190 0
1 12707 rs12145587 170188108 1 0.0066097043075973 170188108 170188108 0
1 10924 rs10888510 152681835 1 0.00659749381131098 152681835 152681835 0
1 215 rs763238 4743704 1 0.0065960468449641 4743704 4743704 0
1 18548 rs10910594 232831301 1 0.00655503160280303 232831301 232831301 0
1 11765 rs1572495 162099301 1 0.00655300104000238 162099301 162099301 0
1 15422 rs12123211 202944639 1 -0.00654844869211228 202944639 202944639 0
1 18635 rs1693224 233739918 1 -0.00651808425176215 233739918 233739918 0
1 3801 rs320025 49080074 1 -0.00638210452912964 49080074 49080074 0
1 5003 rs12130333 63191777 1 -0.00637369627531138 63191777 63191777 0
1 764 rs2274976 11850927 1 -0.00634152580374088 11850927 11850927 0
1 12713 rs7517657 170237860 1 -0.00632973693407315 170237860 170237860 0
1 14894 rs10922306 197823360 1 0.00632665472582166 197823360 197823360 0
1 18746 rs1407149 234452980 1 -0.00631588639060277 234452980 234452980 0
1 8932 rs2022858 102608577 2 0.00629365564908186 102608577 102608577 0
1 2034 rs6670829 24751920 1 0.00628134235621399 24751920 24751920 0
1 9708 rs724032 111334391 1 -0.00618588108813577 111334391 111334391 0
1 6398 rs315014 77033959 2 0.00616088104258152 77033959 77033959 0
1 19358 rs12744536 240977964 1 0.00613739948657069 240977964 240977964 0
1 6843 rs6688321 81140382 1 -0.00605930519534268 81140382 81140382 0
1 7499 rs12402858 87845112 1 0.00604935111115688 87845112 87845112 0
1 2307 rs2985327 29319480 1 0.00599490777885478 29319480 29319480 0
1 11333 rs6686246 158009712 1 -0.00597917821481014 158009712 158009712 0
1 11761 rs12074902 162067447 1 -0.00595981550892527 162067447 162067447 0
1 14162 rs10494593 187158671 2 0.00593026269890834 187158671 187158671 0
1 18753 rs750813 234557918 1 -0.00590992473841025 234557918 234557918 0
1 13932 rs2296713 183909717 1 -0.00588131392502222 183909717 183909717 0
1 6497 rs10782647 77876406 1 -0.00587369245082359 77876406 77876406 0
1 2905 rs484017 37303737 2 0.00585674106329742 37303737 37303737 0
1 3201 rs2268677 41542504 2 0.00585481405587977 41542504 41542504 0
1 12120 rs10494434 165117237 2 -0.00580343500455224 165117237 165117237 0
1 11087 rs6699043 154913021 2 -0.00579675370100504 154913021 154913021 0
1 13933 rs1887279 183910160 1 -0.00577027156070242 183910160 183910160 0
1 7752 rs6690040 91061122 1 -0.00575573837166658 91061122 91061122 0
1 2847 rs4411101 35571417 1 0.00575159419864173 35571417 35571417 0
1 9569 rs11102001 110299691 1 0.00574867827587678 110299691 110299691 0
1 609 rs9442562 9367908 1 0.00573399848147829 9367908 9367908 0
1 5254 rs12563017 65381861 1 0.00571960308748743 65381861 65381861 0
1 13848 rs10911269 183134719 2 0.00571454186242226 183134719 183134719 0
1 17997 rs12565154 228027310 1 -0.00569125828794556 228027310 228027310 0
1 17457 rs9725646 221685360 1 -0.00567893608052313 221685360 221685360 0
1 10480 rs1779416 119453869 1 0.00567807715565303 119453869 119453869 0
1 4197 rs1807871 55780821 1 0.00567533870566075 55780821 55780821 0
1 11562 rs2808630 159680868 1 0.00566449125262264 159680868 159680868 0
1 12154 rs283698 165375835 2 -0.00565367838635244 165375835 165375835 0
1 5583 rs41313262 67705900 1 0.00561224372454608 67705900 67705900 0
1 15446 rs946261 203157873 2 0.00560382156432611 203157873 203157873 0
1 5311 rs12086738 65807412 2 0.00558963785236338 65807412 65807412 0
1 616 rs2095904 9447371 2 0.00555740274930782 9447371 9447371 0
1 1538 rs1320978 19947973 1 0.00549131818131119 19947973 19947973 0
1 9877 rs3008538 112506564 1 -0.00548682128314861 112506564 112506564 0
1 19643 rs10927118 244229199 1 0.0054487974310046 244229199 244229199 0
1 19670 rs3102460 244576717 1 0.00540544998116968 244576717 244576717 0
1 4167 rs6682884 55474325 1 -0.00537067085322921 55474325 55474325 0
1 15062 rs17652603 199633712 1 0.0053615093990303 199633712 199633712 0
1 16659 rs4465172 214608879 1 -0.005336383747261 214608879 214608879 0
1 34 rs12022429 2919942 1 0.00533468490233143 2919942 2919942 0
1 10835 rs12409493 151773167 1 -0.00532108403669011 151773167 151773167 0
1 17813 rs41441645 226034909 1 0.0053139756275933 226034909 226034909 0
1 8108 rs1027307 95173343 1 0.00530911413926709 95173343 95173343 0
1 11627 rs518721 160723517 1 -0.00530824653621346 160723517 160723517 0
1 537 rs390468 8274018 1 0.00529986729588452 8274018 8274018 0
1 7121 rs10782813 84116142 1 -0.00526945933031869 84116142 84116142 0
1 2045 rs185511 24857086 1 0.0052530131653808 24857086 24857086 0
1 9058 rs1330408 104546820 1 0.00519917898504981 104546820 104546820 0
1 5523 rs34182923 67327894 2 0.00519862813809466 67327894 67327894 0
1 18728 rs10910383 234352349 1 -0.0051640336508695 234352349 234352349 0
1 3529 rs6666806 45466927 1 0.00515764991910773 45466927 45466927 0
1 6190 rs10493547 75151932 1 -0.00514666144496617 75151932 75151932 0
1 5402 rs17451451 66388153 2 0.00514330872091773 66388153 66388153 0
1 6118 rs1475064 73882478 1 0.00510076414263833 73882478 73882478 0
1 2734 rs911216 34375199 1 0.00509826934055138 34375199 34375199 0
1 369 rs61740145 6531124 2 0.00509332623834528 6531124 6531124 0
1 14097 rs41317489 186092103 1 0.00509098380838356 186092103 186092103 0
1 193 rs977271 4625696 1 -0.00507725059737781 4625696 4625696 0
1 16548 rs320424 213703223 1 -0.00506181265512708 213703223 213703223 0
1 8451 rs7513333 97663530 1 0.00502737035766081 97663530 97663530 0
1 17326 rs6541127 220401009 1 0.00502640685786181 220401009 220401009 0
1 17807 rs2234922 226026406 1 -0.00502092965480063 226026406 226026406 0
1 12666 rs2272920 169799880 1 -0.00499090180103321 169799880 169799880 0
1 9606 rs615204 110759796 1 0.00498361164153332 110759796 110759796 0
1 16200 rs17757020 210396557 1 0.00497569521919276 210396557 210396557 0
1 454 rs6698548 7317541 1 -0.00495671244620305 7317541 7317541 0
1 2113 rs443523 25403783 1 -0.00487554027818735 25403783 25403783 0
1 9685 rs343787 111292003 1 -0.00486593762426014 111292003 111292003 0
1 17849 rs11800726 226523560 2 -0.00481357940804616 226523560 226523560 0
1 10005 rs6679677 114303808 1 0.00481249809502552 114303808 114303808 0
1 19482 rs737133 242322870 1 0.0047845876169907 242322870 242322870 0
1 8152 rs10493881 95428051 1 0.00473973022288288 95428051 95428051 0
1 4033 rs4575030 54024808 2 0.00469919761880342 54024808 54024808 0
1 813 rs630542 12206866 2 -0.00469533436059966 12206866 12206866 0
1 3955 rs11583585 53554406 1 -0.00469270156509599 53554406 53554406 0
1 3301 rs343376 42693597 2 -0.00469261480561508 42693597 42693597 0
1 1842 rs1033455 22554625 2 -0.00464660789808424 22554625 22554625 0
1 14980 rs9803750 198644124 1 0.00460756393512743 198644124 198644124 0
1 3235 rs12043801 41971227 1 -0.00459874967009351 41971227 41971227 0
1 19099 rs10925637 238560794 1 -0.00457814322875908 238560794 238560794 0
1 15725 rs823154 205762406 1 -0.0045764600698614 205762406 205762406 0
1 16015 rs17259916 208937403 1 -0.00454845118600306 208937403 208937403 0
1 9873 rs4838932 112505378 1 -0.00453612942291755 112505378 112505378 0
1 19503 rs425246 242404260 1 0.00453396525218706 242404260 242404260 0
1 2761 rs9425986 34541724 1 0.00452193662013637 34541724 34541724 0
1 6391 rs6691403 76934790 1 -0.00451200367421145 76934790 76934790 0
1 6154 rs79435376 74506942 1 -0.00450689596162651 74506942 74506942 0
1 13959 rs4650656 184148645 1 -0.00449360532295703 184148645 184148645 0
1 3064 rs16837533 39703847 1 -0.00449195426540381 39703847 39703847 0
1 7855 rs17131552 92224815 1 0.00446446509722038 92224815 92224815 0
1 7231 rs7512497 85335709 1 -0.00445401576596416 85335709 85335709 0
1 1907 rs10465543 23134218 1 -0.00444436844037489 23134218 23134218 0
1 1624 rs10916761 20637374 2 0.00444393978592118 20637374 20637374 0
1 5573 rs7517847 67681669 1 -0.0044423844201089 67681669 67681669 0
1 18187 rs6703306 230351829 1 -0.00444213561871244 230351829 230351829 0
1 113 rs351619 4368819 2 -0.00442944310504373 4368819 4368819 0
1 18763 rs3951276 234633308 1 0.00442787688851467 234633308 234633308 0
1 15543 rs2942133 204369875 2 0.00440336728449187 204369875 204369875 0
1 18621 rs10797465 233633819 1 0.00438829823736988 233633819 233633819 0
1 9063 rs7552098 104576954 2 -0.00438495188290502 104576954 104576954 0
1 7744 rs10922869 90993868 1 0.00435723723369648 90993868 90993868 0
1 11467 rs139161219 158943483 1 0.00433307131110188 158943483 158943483 0
1 19801 rs9660719 246003671 1 0.00432507718849379 246003671 246003671 0
1 19703 rs2365958 244921530 2 -0.00430824049340614 244921530 244921530 0
1 2172 rs12138368 26520292 1 -0.00429831081240674 26520292 26520292 0
1 4398 rs7539051 57042954 1 0.00429040936782005 57042954 57042954 0
1 12191 rs6681 165619079 1 0.0042856641138553 165619079 165619079 0
1 9037 rs1406135 103764640 1 0.0042253135947969 103764640 103764640 0
1 19590 rs12077185 242973892 1 -0.00421558640631931 242973892 242973892 0
1 2076 rs3131513 25193155 1 0.0042140328052801 25193155 25193155 0
1 13001 rs2859228 172613241 1 0.00420533936473029 172613241 172613241 0
1 4811 rs1381170 61162222 2 -0.00417165899397255 61162222 61162222 0
1 2313 rs3003628 29390728 1 0.00413096290117709 29390728 29390728 0
1 19922 rs1691230 247107000 1 -0.00413015933314284 247107000 247107000 0
1 2529 rs544789 31083478 1 0.0041290815214418 31083478 31083478 0
1 9410 rs17019810 108268801 1 0.00412621984620641 108268801 108268801 0
1 17775 rs2615060 225873612 1 0.00411114465691952 225873612 225873612 0
1 15405 rs4950949 202810562 1 0.00410367780127047 202810562 202810562 0
1 5256 rs12745769 65393533 1 0.00409195756799753 65393533 65393533 0
1 4352 rs3005897 56786595 2 0.00407682760856358 56786595 56786595 0
1 4842 rs1419336 61477603 2 0.00403998613506428 61477603 61477603 0
1 19690 rs7540302 244775026 1 0.00397867883707765 244775026 244775026 0
1 9810 rs3393 112042149 1 0.00391967084696081 112042149 112042149 0
1 14565 rs6676076 192405661 1 -0.00390546489007399 192405661 192405661 0
1 18061 rs61730829 228565329 1 0.00389142121953565 228565329 228565329 0
1 5657 rs4437851 68428049 1 -0.00387502621069734 68428049 68428049 0
1 8298 rs1935571 96414335 1 0.00387367788885237 96414335 96414335 0
1 12692 rs7354854 170126618 1 0.0038699867731909 170126618 170126618 0
1 9503 rs61754640 109446750 1 0.0038664755074388 109446750 109446750 0
1 3685 rs6695969 47927545 1 0.00386251356442216 47927545 47927545 0
1 11489 rs3026935 159117690 1 -0.00386005070188924 159117690 159117690 0
1 5597 rs3828069 67839573 2 0.00385756660831995 67839573 67839573 0
1 54 rs6670328 3219950 2 -0.00384311461361817 3219950 3219950 0
1 6566 rs11811709 78714834 1 0.0038178639307532 78714834 78714834 0
1 2888 rs4653210 37074351 1 0.00381383383831968 37074351 37074351 0
1 14817 rs12409953 196234932 1 0.00378486106606639 196234932 196234932 0
1 1763 rs2275363 21940555 1 0.00378285720164565 21940555 21940555 0
1 2853 rs35490896 36202585 1 0.00375727962850701 36202585 36202585 0
1 12174 rs422264 165499520 1 0.00371946673239087 165499520 165499520 0
1 6323 rs1770878 76456329 1 0.00371714206782862 76456329 76456329 0
1 696 rs7514751 10762432 1 0.00371489484761496 10762432 10762432 0
1 14854 rs41299623 197073196 1 0.0037048051834559 197073196 197073196 0
1 574 rs9434652 8991873 1 -0.00369181880980311 8991873 8991873 0
1 42 rs7518255 3086464 1 0.0036907048067522 3086464 3086464 0
1 2099 rs311426 25358211 1 0.00368680577297279 25358211 25358211 0
1 3132 rs10889285 40800486 1 0.00367572978303579 40800486 40800486 0
1 15269 rs12073852 201322209 1 -0.00365743236933856 201322209 201322209 0
1 16625 rs1660368 214407335 2 0.00364763280362143 214407335 214407335 0
1 17318 rs2230301 220197625 1 -0.00363805161131591 220197625 220197625 0
1 2329 rs2503011 29558468 2 0.00363611528423106 29558468 29558468 0
1 15872 rs17045328 207652176 1 -0.0036087838436477 207652176 207652176 0
1 6802 rs7529438 80735096 1 0.00358999907538298 80735096 80735096 0
1 13565 rs507603 179897070 1 -0.00357524206428256 179897070 179897070 0
1 9664 rs3887820 111148080 1 0.00357035071826571 111148080 111148080 0
1 10440 rs2884876 119153514 1 0.00357009596783006 119153514 119153514 0
1 13615 rs4651067 180494062 1 0.00356604075137267 180494062 180494062 0
1 17888 rs17522524 226829990 1 0.00356436163503823 226829990 226829990 0
1 18852 rs16833337 236284300 2 0.00356177082809037 236284300 236284300 0
1 7692 rs1329644 90575147 1 0.00354178860546404 90575147 90575147 0
1 5795 rs4650137 69685100 2 0.00353902502714787 69685100 69685100 0
1 16044 rs4844454 209159083 1 -0.00353523707630201 209159083 209159083 0
1 15206 rs142356235 201046058 1 0.00353064117446557 201046058 201046058 0
1 15282 rs11805972 201355653 1 -0.00352672960060699 201355653 201355653 0
1 19302 rs6679031 240490119 1 0.00352255170298708 240490119 240490119 0
1 2627 rs34341430 32259791 1 -0.00352142827639665 32259791 32259791 0
1 4117 rs1755588 55044940 1 0.00351144735479025 55044940 55044940 0
1 6905 rs12026119 81759170 2 -0.00351095162793326 81759170 81759170 0
1 15174 rs12564878 200852820 1 -0.00349472385682936 200852820 200852820 0
1 1965 rs2811946 23902416 2 -0.00349344511989445 23902416 23902416 0
1 5709 rs12039098 68765106 1 0.00347608732887002 68765106 68765106 0
1 10141 rs910330 115835500 1 -0.00345296773630866 115835500 115835500 0
1 18792 rs6586361 235119382 1 0.00344999994304186 235119382 235119382 0
1 3907 rs17394584 52034812 1 0.00341578058397007 52034812 52034812 0
1 18112 rs7538164 229182292 1 0.00341534719308728 229182292 229182292 0
1 1272 rs12049589 17899151 1 -0.0034101379188192 17899151 17899151 0
1 3877 rs17106219 50935031 1 -0.00340209350032197 50935031 50935031 0
1 7869 rs10874981 92285875 1 -0.00339852328144806 92285875 92285875 0
1 16598 rs340874 214159256 2 -0.00339383073728788 214159256 214159256 0
1 18311 rs12724252 230914229 2 0.00339134034813542 230914229 230914229 0
1 11868 rs1912453 162821291 1 0.00338475330634936 162821291 162821291 0
1 603 rs4908830 9297871 1 0.00338076444091714 9297871 9297871 0
1 1408 rs6703076 18934081 1 0.0033739311681787 18934081 18934081 0
1 852 rs2999878 13786622 2 -0.00335982638498941 13786622 13786622 0
1 8627 rs12409296 99853467 1 0.00334428803625453 99853467 99853467 0
1 2831 rs10493063 35164392 1 -0.00334014973175993 35164392 35164392 0
1 9245 rs587675 106650268 1 0.00333367409523101 106650268 106650268 0
1 4665 rs9436174 59321745 1 -0.00333140975178398 59321745 59321745 0
1 13896 rs3754515 183562782 1 0.00332524125061484 183562782 183562782 0
1 16184 rs7543674 210355442 1 -0.00330984824567269 210355442 210355442 0
1 7446 rs1882753 86965419 2 -0.00329902366340053 86965419 86965419 0
1 16674 rs2807653 214763986 1 0.00328865367306668 214763986 214763986 0
1 14350 rs1320748 189960204 1 0.00327244176273068 189960204 189960204 0
1 8047 rs6657239 94564483 1 -0.00325208792990686 94564483 94564483 0
1 39 rs2742673 3080019 1 -0.00325169147275298 3080019 3080019 0
1 3224 rs2801962 41878988 1 0.0032352519293042 41878988 41878988 0
1 12111 rs1343316 165018803 1 -0.00323514272009035 165018803 165018803 0
1 11239 rs7521824 157102939 2 0.00320164447343256 157102939 157102939 0
1 11342 rs980937 158140205 1 0.00318989727214414 158140205 158140205 0
1 6450 rs1004878 77324640 2 0.00318853373764013 77324640 77324640 0
1 12723 rs1333141 170407926 2 -0.00317971055302425 170407926 170407926 0
1 14824 rs12065463 196464754 1 0.00316736448150705 196464754 196464754 0
1 15694 rs6681714 205468289 1 -0.0031652215642142 205468289 205468289 0
1 17644 rs1499294 224752508 2 -0.00316040398106987 224752508 224752508 0
1 2858 rs636832 36363475 1 0.00315325421329758 36363475 36363475 0
1 6187 rs730645 75118172 2 0.003146735710615 75118172 75118172 0
1 6810 rs3014987 80823037 1 -0.00314480709512044 80823037 80823037 0
1 573 rs4609454 8991141 2 -0.00314034712291239 8991141 8991141 0
1 4355 rs2994548 56790481 1 0.00313381868539442 56790481 56790481 0
1 9607 rs814318 110788825 1 -0.00313075047070686 110788825 110788825 0
1 7062 rs11163556 83173367 1 -0.00313061377646435 83173367 83173367 0
1 11023 rs2072704 153935543 1 0.0031027119412372498 153935543 153935543 0
1 8636 rs6656134 100017701 1 0.00309341443461373 100017701 100017701 0
1 19299 rs12047316 240484517 1 0.00308695164070098 240484517 240484517 0
1 18898 rs4659695 236796979 1 0.0030752778821858 236796979 236796979 0
1 11217 rs822429 156901888 1 0.00307078669578981 156901888 156901888 0
1 330 rs6690868 5701323 1 0.00306777841752204 5701323 5701323 0
1 2828 rs12030047 35160305 1 0.00306437989914269 35160305 35160305 0
1 3752 rs2073293 48570133 2 0.00306035924849937 48570133 48570133 0
1 14198 rs12033946 187348438 1 0.00305998700485231 187348438 187348438 0
1 1434 rs2024727 19274525 1 0.00304909073951819 19274525 19274525 0
1 17354 rs13376101 220667154 1 0.00304870769966365 220667154 220667154 0
1 1976 rs2179395 24148365 1 -0.00303454891140231 24148365 24148365 0
1 2993 rs12131057 38624129 2 -0.00303112207866978 38624129 38624129 0
1 13868 rs2276879 183273751 1 -0.00302682519967123 183273751 183273751 0
1 17315 rs2647447 220175777 1 0.00301161973550177 220175777 220175777 0
1 7223 rs9724696 85246297 2 0.00299288561039239 85246297 85246297 0
1 15618 rs114050151 205027790 1 -0.00299043238817124 205027790 205027790 0
1 11477 rs1057027 159002377 1 0.0029872981792026 159002377 159002377 0
1 3184 rs3856250 41374443 1 -0.00298655387137132 41374443 41374443 0
1 9935 rs6658555 113098534 2 -0.00298596958955794 113098534 113098534 0
1 16902 rs2789725 216872178 1 -0.00298112030853898 216872178 216872178 0
1 11719 rs35284289 161736209 1 0.00298009826217828 161736209 161736209 0
1 16026 rs17013392 208968409 1 0.00297339285760412 208968409 208968409 0
1 16623 rs1795065 214405194 2 -0.00294553058709745 214405194 214405194 0
1 4697 rs1470407 59714992 1 0.00292678214287376 59714992 59714992 0
1 10599 rs4636400 145444556 1 0.00292400813765241 145444556 145444556 0
1 2429 rs267720 30497242 1 0.00292035133224076 30497242 30497242 0
1 3171 rs11208727 41170670 1 0.00291488194769196 41170670 41170670 0
1 16157 rs11584081 209997448 1 0.00291455613367324 209997448 209997448 0
1 4932 rs10889294 62630362 1 -0.00288417935733919 62630362 62630362 0
1 10595 rs11249433 121280613 2 0.00286721294759762 121280613 121280613 0
1 17488 rs4313407 221968779 1 0.00286606783816121 221968779 221968779 0
1 18826 rs10803141 236066991 1 -0.00286061974370441 236066991 236066991 0
1 5434 rs12135034 66646184 1 0.00285867834934327 66646184 66646184 0
1 9491 rs1149155 109349019 1 0.00285849741109105 109349019 109349019 0
1 8518 rs11165996 98799369 2 -0.00284661694178044 98799369 98799369 0
1 8700 rs17450126 100363032 1 -0.00283680134176308 100363032 100363032 0
1 4034 rs4548383 54027035 1 0.00283677153704864 54027035 54027035 0
1 4073 rs11804837 54482915 1 -0.00282964319818243 54482915 54482915 0
1 2633 rs11805047 32336784 1 -0.00281467077959105 32336784 32336784 0
1 6147 rs717830 74376663 2 -0.00280558036253375 74376663 74376663 0
1 3025 rs4284229 38850304 1 0.00280311991216001 38850304 38850304 0
1 14801 rs1597732 195954813 1 -0.00280127106670991 195954813 195954813 0
1 1795 rs139500146 22165963 2 -0.00279978212213749 22165963 22165963 0
1 5639 rs604043 68145819 1 -0.00279545112040073 68145819 68145819 0
1 9661 rs4839069 111137811 1 0.00279042667779247 111137811 111137811 0
1 14880 rs1775454 197727298 1 0.00279018356977373 197727298 197727298 0
1 3056 rs3768324 39492462 2 0.00278201023380775 39492462 39492462 0
1 10317 rs61758105 117659283 1 -0.00277838240196164 117659283 117659283 0
1 15508 rs10900544 204015718 1 -0.00277734699143189 204015718 204015718 0
1 10833 rs1781421 151747733 1 -0.00276619899923865 151747733 151747733 0
1 2632 rs7518553 32315147 1 -0.00276256926986493 32315147 32315147 0
1 10121 rs4367784 115685684 1 0.00276249730554317 115685684 115685684 0
1 1754 rs3767150 21894214 1 0.00276014945057633 21894214 21894214 0
1 3284 rs4660600 42513929 1 -0.0027595953677326 42513929 42513929 0
1 17625 rs6682667 224454099 1 -0.00275750142507092 224454099 224454099 0
1 3870 rs1110220 50815397 2 0.00273874619600879 50815397 50815397 0
1 15139 rs4332382 200531693 1 -0.00273748630461798 200531693 200531693 0
1 9012 rs2616009 103409558 1 0.00272523846988565 103409558 103409558 0
1 13321 rs12402994 177690971 1 -0.00271959927789772 177690971 177690971 0
1 11571 rs61823162 159785413 2 0.00269487261776438 159785413 159785413 0
1 6971 rs12758555 82387711 1 -0.00267915682404607 82387711 82387711 0
1 12999 rs10912080 172603411 1 -0.00267785839949364 172603411 172603411 0
1 3029 rs12740005 38858540 2 0.00267088143343233 38858540 38858540 0
1 13139 rs7551235 175294275 1 -0.00266755758707158 175294275 175294275 0
1 19470 rs12568965 242070731 1 0.00266229379908096 242070731 242070731 0
1 18881 rs1889069 236554435 1 -0.00265744698197438 236554435 236554435 0
1 11595 rs7521304 160342015 1 0.00264817626863732 160342015 160342015 0
1 14136 rs7519192 186862419 1 -0.00262402324372747 186862419 186862419 0
1 6100 rs11209998 73114150 1 0.00261308777759784 73114150 73114150 0
1 17991 rs16848112 227934750 1 -0.00261057922141975 227934750 227934750 0
1 6076 rs2821248 72575560 1 0.0026006907732727 72575560 72575560 0
1 16408 rs6702177 211774350 1 -0.00257971909979321 211774350 211774350 0
1 13745 rs4523491 181999723 1 0.00257731485506372 181999723 181999723 0
1 14730 rs339571 194941213 1 -0.00257426597233163 194941213 194941213 0
1 13061 rs12080769 173470458 1 -0.00256801875365984 173470458 173470458 0
1 10819 rs41310883 151542176 1 0.00255372706694474 151542176 151542176 0
1 3714 rs1108866 48060089 1 -0.00255174339912258 48060089 48060089 0
1 17340 rs12754802 220539533 2 0.0025503944855711 220539533 220539533 0
1 12384 rs953809 167403625 1 0.00254962428539649 167403625 167403625 0
1 19223 rs17606620 240102885 1 0.00254899106607922 240102885 240102885 0
1 17800 rs3753658 226012686 1 0.00254650696047726 226012686 226012686 0
1 15461 rs871850 203253226 1 0.0025259098530425 203253226 203253226 0
1 13068 rs4652328 173863499 1 -0.00252275416963461 173863499 173863499 0
1 5156 rs6588083 64614011 2 -0.00250731290626469 64614011 64614011 0
1 11687 rs11585941 161312656 2 -0.0025020597202847 161312656 161312656 0
1 7061 rs389112 83172684 2 -0.00250122941633096 83172684 83172684 0
1 8046 rs4147825 94560938 1 -0.00249860383486572 94560938 94560938 0
1 18247 rs853459 230725824 1 -0.00249014412832797 230725824 230725824 0
1 6649 rs10489655 79653433 1 -0.00248288401066377 79653433 79653433 0
1 14065 rs10911713 185347488 1 -0.00247939340927399 185347488 185347488 0
1 14627 rs2031832 193695077 1 -0.0024787658586842 193695077 193695077 0
1 9470 rs538717 108739705 1 0.00246800636301277 108739705 108739705 0
1 5087 rs12407262 63820276 1 -0.00246308942084643 63820276 63820276 0
1 14874 rs12117045 197638716 1 -0.00244524010082694 197638716 197638716 0
1 13138 rs11802001 175290855 1 0.0024429207163492 175290855 175290855 0
1 16595 rs340840 214127887 2 -0.00243492823678971 214127887 214127887 0
1 16065 rs6692331 209256181 1 0.002419497385958 209256181 209256181 0
1 720 rs12142107 11097867 1 -0.00241260871423798 11097867 11097867 0
1 10479 rs1766787 119452758 1 0.00240919742651329 119452758 119452758 0
1 10820 rs10494267 151553918 1 -0.00240196878145791 151553918 151553918 0
1 18392 rs480902 231531627 1 0.00239965876608664 231531627 231531627 0
1 3575 rs2025384 46967890 1 -0.00239910071584373 46967890 46967890 0
1 10325 rs10923228 117750686 2 -0.00238461643318751 117750686 117750686 0
1 14898 rs12568860 197897332 1 0.00238149337087582 197897332 197897332 0
1 3498 rs6682866 44578764 1 0.00237773897733169 44578764 44578764 0
1 11155 rs41265043 156314497 1 0.00237699996895515 156314497 156314497 0
1 18269 rs11122574 230837808 1 -0.00237544189201724 230837808 230837808 0
1 2140 rs35019869 26131638 1 0.00237467387637356 26131638 26131638 0
1 16872 rs12142867 216638249 1 -0.00233445165639272 216638249 216638249 0
1 18941 rs11583513 237199183 1 0.00231678965712109 237199183 237199183 0
1 10755 rs10399947 150861960 1 -0.00231313930014279 150861960 150861960 0
1 1896 rs12734877 22977883 1 0.00230807508087534 22977883 22977883 0
1 17630 rs6426110 224511533 1 0.00229449671391589 224511533 224511533 0
1 18525 rs3795366 232650750 1 0.0022819209028192 232650750 232650750 0
1 8608 rs683131 99636431 1 -0.0022646362065985 99636431 99636431 0
1 12726 rs12044570 170443579 1 0.00226030027138167 170443579 170443579 0
1 6115 rs1338654 73857724 1 0.00224010953763939 73857724 73857724 0
1 1271 rs4920374 17872028 1 -0.00222517692528433 17872028 17872028 0
1 10691 rs999095 147210227 1 -0.0022247474240268 147210227 147210227 0
1 1611 rs12139100 20501582 2 0.00222016062386545 20501582 20501582 0
1 7917 rs1886684 92975938 1 -0.00221382405184555 92975938 92975938 0
1 6280 rs6675067 76088392 1 -0.00220533439890138 76088392 76088392 0
1 2646 rs34885668 32842319 1 0.00219796823693955 32842319 32842319 0
1 19331 rs12403071 240620131 2 0.00219019205120506 240620131 240620131 0
1 17501 rs6604689 222078040 1 0.00218299429420278 222078040 222078040 0
1 19288 rs6673167 240448434 1 0.00218030164821142 240448434 240448434 0
1 19747 rs819876 245555664 2 0.00217674926963925 245555664 245555664 0
1 16060 rs6685963 209222499 1 0.00217005081812663 209222499 209222499 0
1 15771 rs7549189 206635295 2 0.00215957927283199 206635295 206635295 0
1 9742 rs11102208 111610738 1 0.00215916118357086 111610738 111610738 0
1 3202 rs6685340 41552300 2 -0.0021536672689855 41552300 41552300 0
1 6434 rs1498365 77149849 1 0.00214987962826139 77149849 77149849 0
1 2756 rs3131529 34514486 1 0.00214336449975473 34514486 34514486 0
1 12500 rs6662401 168553057 1 0.00213663162941651 168553057 168553057 0
1 13210 rs10753110 175869554 1 -0.00213609488489154 175869554 175869554 0
1 12778 rs1736559 171085646 1 -0.00213568071573441 171085646 171085646 0
1 16101 rs12750212 209682096 1 -0.00212565383111741 209682096 209682096 0
1 16673 rs2807650 214762003 1 0.00212344311714634 214762003 214762003 0
1 10369 rs17257575 118276535 1 -0.00211577221446844 118276535 118276535 0
1 2012 rs4649203 24519920 1 0.00211172554012892 24519920 24519920 0
1 20032 rs61730474 247875313 1 0.00211007789088717 247875313 247875313 0
1 18526 rs2357070 232658363 1 0.00209552758828581 232658363 232658363 0
1 2682 rs7531293 33947467 1 -0.00209341209968282 33947467 33947467 0
1 16413 rs6670986 211809647 1 -0.00208377664821122 211809647 211809647 0
1 15526 rs4412655 204210750 1 -0.00208220710349988 204210750 204210750 0
1 3141 rs11208057 40885832 1 0.0020808472512978 40885832 40885832 0
1 3247 rs12141084 42117737 1 0.00206851545084309 42117737 42117737 0
1 5609 rs11209084 67954617 2 -0.00206780040823239 67954617 67954617 0
1 4671 rs2764933 59435778 1 -0.00206744984647088 59435778 59435778 0
1 1083 rs4661330 15687059 1 -0.00206230068273496 15687059 15687059 0
1 19078 rs12142622 238476102 1 0.00206172690689334 238476102 238476102 0
1 17314 rs2647468 220168633 1 0.00204335051460711 220168633 220168633 0
1 385 rs7549198 6709610 1 -0.00203918440674837 6709610 6709610 0
1 6653 rs7555545 79741744 1 0.00203443343999629 79741744 79741744 0
1 1047 rs16851387 15518792 1 -0.00202354539801537 15518792 15518792 0
1 14971 rs16843430 198574902 1 0.00201280163510964 198574902 198574902 0
1 13764 rs1689803 182161829 2 -0.00201271446213407 182161829 182161829 0
1 2661 rs10914632 33361287 2 0.00200940812488966 33361287 33361287 0
1 15770 rs17018890 206634429 2 0.00200009880764829 206634429 206634429 0
1 901 rs12117960 14291910 1 -0.00198729723190953 14291910 14291910 0
1 3451 rs11210892 44100084 1 -0.00198373803281691 44100084 44100084 0
1 4607 rs1213661 58830178 1 -0.00198247544151743 58830178 58830178 0
1 14643 rs12036144 193824708 1 -0.00197566568602369 193824708 193824708 0
1 1308 rs7340046 18312084 1 -0.0019702250131425 18312084 18312084 0
1 11338 rs11264900 158045749 2 -0.00196998951438226 158045749 158045749 0
1 4099 rs6694281 54769520 1 -0.00196981218540302 54769520 54769520 0
1 6300 rs1146647 76265712 2 -0.00196558495471616 76265712 76265712 0
1 15020 rs1325187 199217307 1 0.00196549853382918 199217307 199217307 0
1 17300 rs11118423 219984995 1 0.00195700955579103 219984995 219984995 0
1 1173 rs12740413 16515879 1 0.0019554326943439 16515879 16515879 0
1 6805 rs1776290 80749361 1 0.00194791597051366 80749361 80749361 0
1 9888 rs4839203 112604622 1 -0.00194487367675024 112604622 112604622 0
1 9723 rs4839586 111439902 1 -0.00194363879630888 111439902 111439902 0
1 2348 rs927727 29793205 2 0.00194130736082275 29793205 29793205 0
1 4032 rs11206170 54010926 1 0.00193959357094967 54010926 54010926 0
1 16795 rs56032526 216011361 1 -0.0019382613180465 216011361 216011361 0
1 13010 rs12066143 172814855 1 0.00193401646798071 172814855 172814855 0
1 3637 rs10749865 47309265 1 -0.0019283690560952 47309265 47309265 0
1 8929 rs12029863 102586209 1 0.0019173945006162 102586209 102586209 0
1 8806 rs12746449 101589082 1 0.00191584646655828 101589082 101589082 0
1 10777 rs6587552 151018861 1 0.00191376419901433 151018861 151018861 0
1 8950 rs2889234 102742475 2 -0.00189531250246816 102742475 102742475 0
1 1136 rs16852052 16201502 1 -0.00189442340319304 16201502 16201502 0
1 13812 rs11072 182543331 1 -0.00189165029452786 182543331 182543331 0
1 14885 rs1539414 197743506 1 -0.00188004083664384 197743506 197743506 0
1 9054 rs4434842 104492118 2 -0.00187628188876898 104492118 104492118 0
1 18136 rs342834 229351259 2 0.00187048239785872 229351259 229351259 0
1 17006 rs2646811 217476282 1 -0.00186712776504908 217476282 217476282 0
1 15334 rs1390398 201891254 1 0.00186556521112518 201891254 201891254 0
1 16836 rs1544299 216264388 1 0.00186017834433156 216264388 216264388 0
1 344 rs9308476 5880466 2 -0.00185968590546332 5880466 5880466 0
1 15897 rs10779353 207837590 1 0.00185388109925791 207837590 207837590 0
1 4910 rs1332631 62496360 1 -0.00185285635899384 62496360 62496360 0
1 17072 rs7546902 218147297 1 0.00185026411697049 218147297 218147297 0
1 4853 rs7544358 61733856 1 0.00184811062793995 61733856 61733856 0
1 15434 rs4950914 203041457 1 0.00184291210913858 203041457 203041457 0
1 6111 rs7523688 73625777 1 -0.001837188031684 73625777 73625777 0
1 59 rs2493291 3329384 2 -0.00183108619916114 3329384 3329384 0
1 18822 rs10926264 235779137 1 -0.00183031760127643 235779137 235779137 0
1 4263 rs7555929 56075918 1 -0.00181487419783156 56075918 56075918 0
1 11577 rs4233361 159860917 1 -0.0018140458140612 159860917 159860917 0
1 503 rs10462018 7879627 1 -0.00180967265465691 7879627 7879627 0
1 16547 rs320379 213677091 1 0.0018062984538953 213677091 213677091 0
1 15734 rs823082 205786935 1 0.0018047620854315 205786935 205786935 0
1 3406 rs6695238 43638436 1 -0.00180362546623239 43638436 43638436 0
1 14008 rs10911611 184537821 1 -0.00180228373716891 184537821 184537821 0
1 17241 rs2820466 219675016 1 -0.00180167620792524 219675016 219675016 0
1 14804 rs12145838 196057313 1 0.001800314606434 196057313 196057313 0
1 1016 rs4661561 15341055 1 -0.00179269909953035 15341055 15341055 0
1 19168 rs10495437 239297423 1 0.00178633166228397 239297423 239297423 0
1 3814 rs10888618 49196334 1 -0.00178548149560713 49196334 49196334 0
1 12360 rs6666045 167024631 1 -0.00178209831474966 167024631 167024631 0
1 11818 rs2282397 162344102 2 -0.00178045498912817 162344102 162344102 0
1 8628 rs6695717 99913450 1 0.00177968376360273 99913450 99913450 0
1 11984 rs13374982 163772455 1 0.00177780283771427 163772455 163772455 0
1 17504 rs7520693 222084135 1 0.00177377855933395 222084135 222084135 0
1 18855 rs911271 236310024 1 -0.00176308702113072 236310024 236310024 0
1 2860 rs3767703 36555758 1 0.00175948179799058 36555758 36555758 0
1 552 rs4908760 8526142 1 -0.00175310966392903 8526142 8526142 0
1 2706 rs652391 34202162 1 -0.00175174555325184 34202162 34202162 0
1 9075 rs17020664 104727130 1 -0.00174919639288131 104727130 104727130 0
1 20094 rs11804999 248322479 1 0.00174855916766739 248322479 248322479 0
1 16499 rs74138591 212799163 1 -0.00174774662902452 212799163 212799163 0
1 1157 rs1010069 16352937 1 0.00174333287875483 16352937 16352937 0
1 16665 rs17733739 214637808 1 -0.00174327706324475 214637808 214637808 0
1 16035 rs4844732 209083609 1 -0.00173947288305714 209083609 209083609 0
1 6858 rs11576605 81336822 1 0.00173096001824142 81336822 81336822 0
1 13625 rs4652515 180543539 1 -0.00172530536785221 180543539 180543539 0
1 5648 rs6686101 68304640 1 -0.00172438731487218 68304640 68304640 0
1 18962 rs11587851 237401055 1 0.00171821520633438 237401055 237401055 0
1 7002 rs10782779 82577274 1 -0.00170379194064683 82577274 82577274 0
1 11474 rs1101993 158996895 1 0.00170223990072471 158996895 158996895 0
1 11478 rs1772415 159002778 1 0.00169754923838801 159002778 159002778 0
1 9078 rs7532317 104736156 1 -0.00169723427301059 104736156 104736156 0
1 3095 rs17570439 40324210 1 0.00169605179063467 40324210 40324210 0
1 3105 rs12118846 40553444 1 0.00169337097739223 40553444 40553444 0
1 17521 rs2378497 222195002 1 -0.00168987168098788 222195002 222195002 0
1 1064 rs4644485 15566803 2 0.0016868878418165 15566803 15566803 0
1 19483 rs11582266 242324399 2 -0.00168508582932371 242324399 242324399 0
1 15773 rs17021877 206652404 1 -0.00168251366085572 206652404 206652404 0
1 2637 rs680328 32438234 1 0.00168056952558337 32438234 32438234 0
1 7837 rs1555890 92160886 2 0.00167906305116895 92160886 92160886 0
1 17067 rs966209 218108088 1 0.00167850609683565 218108088 218108088 0
1 15691 rs17346622 205384781 1 -0.0016748693383318 205384781 205384781 0
1 1776 rs61749350 22030884 1 0.00167449393896948 22030884 22030884 0
1 543 rs7535752 8395560 1 -0.00166251435670101 8395560 8395560 0
1 7828 rs10874794 92045585 1 0.00166077991374522 92045585 92045585 0
1 1020 rs4520412 15359967 2 0.0016496735850049 15359967 15359967 0
1 8194 rs1160318 95703444 1 -0.00164965456254283 95703444 95703444 0
1 848 rs11121976 12833428 1 -0.00164778015282936 12833428 12833428 0
1 11058 rs7514452 154438084 1 0.00164368435789613 154438084 154438084 0
1 8150 rs2148366 95420286 1 0.00164251968433726 95420286 95420286 0
1 13823 rs10797788 182623509 1 0.00162651649952917 182623509 182623509 0
1 16501 rs3122713 212799870 1 0.00162491482649774 212799870 212799870 0
1 20043 rs1493257 247980864 1 0.00161935739150777 247980864 247980864 0
1 3128 rs10489430 40748755 1 -0.0016188834772128 40748755 40748755 0
1 13032 rs10912560 173164457 2 0.00161431516361922 173164457 173164457 0
1 2877 rs3918003 36931373 1 0.00160987890176031 36931373 36931373 0
1 4270 rs1499676 56102040 1 0.00160970565185823 56102040 56102040 0
1 18520 rs10910527 232599189 1 0.00159073153231871 232599189 232599189 0
1 2457 rs16833396 30687128 1 -0.00158635108538825 30687128 30687128 0
1 19365 rs390488 241068852 1 0.00158106707842005 241068852 241068852 0
1 15017 rs6684332 199150453 2 -0.00157762944178553 199150453 199150453 0
1 14982 rs2359952 198656407 1 0.00157583119152202 198656407 198656407 0
1 1381 rs869080 18751864 1 -0.00157452347583924 18751864 18751864 0
1 5642 rs675327 68157596 1 -0.00157237458436874 68157596 68157596 0
1 17626 rs6426100 224467117 1 -0.0015718944148059 224467117 224467117 0
1 2318 rs12032470 29464954 2 0.00157178863766515 29464954 29464954 0
1 4829 rs11808039 61303553 1 0.00156857741048816 61303553 61303553 0
1 64 rs947345 3424388 1 -0.00156779578079411 3424388 3424388 0
1 18486 rs1571755 232314505 1 -0.00156652019884803 232314505 232314505 0
1 1109 rs3766163 15986547 1 -0.0015644925310026 15986547 15986547 0
1 8930 rs12563410 102587593 2 -0.00155793952126253 102587593 102587593 0
1 10280 rs1335532 117100957 1 -0.00155118783354576 117100957 117100957 0
1 7001 rs6687277 82575142 1 -0.00154833098437345 82575142 82575142 0
1 15233 rs11801154 201188328 2 0.00154259196347295 201188328 201188328 0
1 5125 rs17125501 64221188 1 -0.00154142863230024 64221188 64221188 0
1 18117 rs4654644 229200011 1 0.0015387443526057 229200011 229200011 0
1 3262 rs17373758 42259133 1 0.00153658306744709 42259133 42259133 0
1 2523 rs525813 31058914 1 0.00153558531293134 31058914 31058914 0
1 12917 rs1801898 171765964 1 -0.00153383132393864 171765964 171765964 0
1 9060 rs12026645 104562381 1 0.00153273973056932 104562381 104562381 0
1 17020 rs265120 217592945 1 0.00153218644816105 217592945 217592945 0
1 7331 rs530006 85913508 1 0.00153070890992836 85913508 85913508 0
1 4627 rs822165 58916818 1 -0.00152770602300635 58916818 58916818 0
1 6447 rs7534641 77266676 1 -0.00151898094330116 77266676 77266676 0
1 1573 rs10737482 20173858 1 0.00151818598741181 20173858 20173858 0
1 819 rs7546794 12336147 1 0.00151415812244824 12336147 12336147 0
1 62 rs3806164 3380057 2 0.00151205227220921 3380057 3380057 0
1 14399 rs7541423 190501742 1 -0.00150077992498292 190501742 190501742 0
1 575 rs4418632 8994112 2 0.00148904280870265 8994112 8994112 0
1 18744 rs642487 234438235 1 -0.00148435340425654 234438235 234438235 0
1 13075 rs10912735 174128140 1 -0.00148299154464411 174128140 174128140 0
1 1135 rs904910 16200163 2 -0.00148283368922088 16200163 16200163 0
1 2852 rs11264194 36195372 1 0.00147460566340213 36195372 36195372 0
1 14010 rs1006224 184541602 1 -0.00147275046642548 184541602 184541602 0
1 19727 rs6671796 245358619 1 0.00147044059372044 245358619 245358619 0
1 18908 rs10925193 236829348 2 0.00146588750193639 236829348 236829348 0
1 9130 rs17021671 105083405 1 0.00146204839534936 105083405 105083405 0
1 4128 rs2117262 55089880 1 0.00146100776202913 55089880 55089880 0
1 11873 rs2032049 162833401 1 0.00144698923680538 162833401 162833401 0
1 5255 rs10889503 65389835 1 0.00144635521109184 65389835 65389835 0
1 16282 rs6540619 210862656 1 -0.00144541653792008 210862656 210862656 0
1 9394 rs12410676 108185309 1 -0.00144476128370889 108185309 108185309 0
1 3131 rs3737821 40768344 1 0.00144199312566854 40768344 40768344 0
1 676 rs2056417 10581658 2 -0.00143819645473909 10581658 10581658 0
1 2346 rs4654349 29781221 2 0.00142255119367553 29781221 29781221 0
1 19091 rs7526709 238533500 1 -0.00141663203020795 238533500 238533500 0
1 10890 rs6696556 152430842 2 0.00141475140364341 152430842 152430842 0
1 17347 rs12032166 220608142 1 0.00141389346984563 220608142 220608142 0
1 10821 rs1891592 151554503 2 -0.001413440482037 151554503 151554503 0
1 5768 rs7541833 69184038 1 0.00141310708743118 69184038 69184038 0
1 7651 rs35837853 89844035 1 0.00141222691636075 89844035 89844035 0
1 2861 rs7550047 36567343 1 0.00141148641025205 36567343 36567343 0
1 4258 rs6684790 56068326 2 -0.00141140826636096 56068326 56068326 0
1 9937 rs6671645 113129128 1 0.00140835851034841 113129128 113129128 0
1 19330 rs10754705 240613766 1 0.00140709835896039 240613766 240613766 0
1 10603 rs12724816 145639324 1 -0.00140108897857842 145639324 145639324 0
1 3241 rs17363834 42076607 2 0.00139912035152403 42076607 42076607 0
1 822 rs7521256 12600396 1 -0.00138570059605114 12600396 12600396 0
1 2059 rs4425931 24927001 1 0.0013849106553084 24927001 24927001 0
1 17520 rs2800860 222183226 1 -0.00138260578731795 222183226 222183226 0
1 9591 rs10127659 110619665 1 -0.00138185095404391 110619665 110619665 0
1 17283 rs10157552 219911743 1 0.00137403471390447 219911743 219911743 0
1 14700 rs12726603 194642050 1 0.00136945446880367 194642050 194642050 0
1 7148 rs2389651 84309418 1 -0.001367933271478 84309418 84309418 0
1 18129 rs9701452 229290907 1 -0.00136066418797117 229290907 229290907 0
1 3086 rs6703320 40145297 2 0.00135901099175793 40145297 40145297 0
1 5740 rs6694935 68963397 1 -0.00135161459385755 68963397 68963397 0
1 11281 rs3845580 157386936 2 0.00135019744260008 157386936 157386936 0
1 19595 rs12407970 243004669 1 -0.00134638543851576 243004669 243004669 0
1 15878 rs2182911 207660071 1 -0.00133749948879737 207660071 207660071 0
1 6647 rs11162631 79572535 2 0.00133736844092045 79572535 79572535 0
1 2595 rs12132682 31955089 1 0.00133097125784459 31955089 31955089 0
1 3954 rs1288401 53553754 1 -0.00132714307238889 53553754 53553754 0
1 15401 rs2362916 202763850 1 -0.00132252408226933 202763850 202763850 0
1 15726 rs823156 205764640 1 -0.00132251234573108 205764640 205764640 0
1 17282 rs12059352 219892297 2 -0.00132121898785173 219892297 219892297 0
1 7008 rs17489092 82755843 1 0.00130475218878346 82755843 82755843 0
1 9839 rs3754026 112283838 1 0.0013023961361508 112283838 112283838 0
1 17674 rs12025142 224876101 1 0.00130030464297301 224876101 224876101 0
1 16563 rs1588374 213873500 2 0.00129019793350706 213873500 213873500 0
1 13591 rs10913945 180169108 1 0.00128893077898358 180169108 180169108 0
1 11285 rs1970101 157402470 1 -0.00128693657415189 157402470 157402470 0
1 6183 rs696698 75065441 1 -0.00128514257223887 75065441 75065441 0
1 13030 rs16845543 173153468 2 0.00127557849213547 173153468 173153468 0
1 17629 rs10916585 224503071 2 0.00127410783639429 224503071 224503071 0
1 619 rs6695925 9526956 1 -0.00127078683253118 9526956 9526956 0
1 19159 rs9428818 239171877 1 0.00126996288144972 239171877 239171877 0
1 11706 rs16856590 161687220 1 0.00125907919319906 161687220 161687220 0
1 3269 rs2993120 42350837 1 -0.00125541349689649 42350837 42350837 0
1 10901 rs7530609 152526812 1 -0.00124394205876696 152526812 152526812 0
1 5323 rs12077210 65894160 1 -0.00124031176341495 65894160 65894160 0
1 2254 rs2474301 27773902 1 -0.00123818344546471 27773902 27773902 0
1 18034 rs75280352 228464303 1 0.00123776200351821 228464303 228464303 0
1 14078 rs12063048 185484309 1 -0.00123541722734334 185484309 185484309 0
1 13367 rs10158522 177938712 1 0.00123344048263475 177938712 177938712 0
1 4366 rs12133338 56871540 1 0.00123221763636733 56871540 56871540 0
1 16915 rs10218498 216965834 2 0.00123169454655489 216965834 216965834 0
1 12186 rs4147599 165604991 1 -0.00123137963731413 165604991 165604991 0
1 12487 rs858099 168426153 1 0.00123058194339113 168426153 168426153 0
1 4781 rs1381888 60667904 1 -0.00122905940561635 60667904 60667904 0
1 12288 rs1494428 166454802 1 0.00122859957797255 166454802 166454802 0
1 2509 rs6673363 30933736 2 -0.00122817582368962 30933736 30933736 0
1 87 rs9792946 4119662 1 -0.00122506130517895 4119662 4119662 0
1 15735 rs823091 205792836 1 0.00122494324798249 205792836 205792836 0
1 8557 rs4545356 99173681 1 -0.00122280579646751 99173681 99173681 0
1 16559 rs11120179 213825023 1 0.00121687696467323 213825023 213825023 0
1 12515 rs761093 168610581 1 -0.00121617982670665 168610581 168610581 0
1 18310 rs11122597 230913184 2 0.00121476160181533 230913184 230913184 0
1 15474 rs4245719 203595146 1 -0.00121156430391387 203595146 203595146 0
1 4503 rs1341322 58079143 1 -0.00120976023705055 58079143 58079143 0
1 11322 rs7524095 157879294 1 -0.00120621564340251 157879294 157879294 0
1 10749 rs10305741 150789864 1 0.00120606810586483 150789864 150789864 0
1 3803 rs320026 49081323 1 -0.00120539410132437 49081323 49081323 0
1 2240 rs61737590 27332466 1 -0.0012008783342338 27332466 27332466 0
1 16578 rs11120217 213978359 1 -0.00119956809550161 213978359 213978359 0
1 15509 rs3911890 204030721 1 -0.00119947940412494 204030721 204030721 0
1 14676 rs1972217 194263168 1 -0.00119878530111733 194263168 194263168 0
1 7928 rs4294424 93139374 1 -0.00119863245671168 93139374 93139374 0
1 14751 rs12022395 195302846 1 -0.00119673791371759 195302846 195302846 0
1 1749 rs10917006 21864206 1 0.00118855717748193 21864206 21864206 0
1 9347 rs1762506 107656356 2 -0.00118405895363638 107656356 107656356 0
1 14696 rs12737828 194637756 1 -0.00118315118595638 194637756 194637756 0
1 12028 rs1415434 164173124 1 0.00118233804911216 164173124 164173124 0
1 652 rs10492972 10353112 1 -0.00117982285016299 10353112 10353112 0
1 19861 rs4654096 246391677 2 -0.00117823207922703 246391677 246391677 0
1 17305 rs11118454 220077320 2 0.00117720780249677 220077320 220077320 0
1 13650 rs11582767 181126503 1 -0.00116586653246297 181126503 181126503 0
1 10573 rs12030925 120247782 2 -0.00116457989028891 120247782 120247782 0
1 19634 rs692981 244165607 1 0.00116087509474736 244165607 244165607 0
1 10701 rs2047280 147236233 1 -0.00115717259652485 147236233 147236233 0
1 825 rs10864570 12625101 1 -0.00115708605602936 12625101 12625101 0
1 6441 rs3928852 77214000 1 -0.00115533462577159 77214000 77214000 0
1 19336 rs16840284 240680957 1 0.00115450717633604 240680957 240680957 0
1 2503 rs12029866 30885349 1 0.00115222330697142 30885349 30885349 0
1 2157 rs4659404 26365374 1 -0.00114984832087348 26365374 26365374 0
1 10426 rs1324727 119029958 1 -0.00114115455354868 119029958 119029958 0
1 12134 rs10753668 165218792 1 0.0011384969641488 165218792 165218792 0
1 3890 rs11588271 51470242 1 0.00113670433968801 51470242 51470242 0
1 70 rs6662706 3732596 1 0.00113619548492593 3732596 3732596 0
1 12218 rs4656467 165871705 1 0.00113352832861873 165871705 165871705 0
1 4489 rs11207039 57923439 1 0.00113154675808025 57923439 57923439 0
1 12271 rs4542197 166364063 1 -0.00112942761111878 166364063 166364063 0
1 15736 rs823088 205794175 2 -0.00112755110475375 205794175 205794175 0
1 15270 rs7540834 201325462 1 -0.00112618955378401 201325462 201325462 0
1 19683 rs3003222 244713825 1 0.0011238926852108 244713825 244713825 0
1 14149 rs1160832 187013915 1 0.00112264027808807 187013915 187013915 0
1 9644 rs17025859 111018874 1 0.00111962828361277 111018874 111018874 0
1 502 rs2797685 7879063 1 -0.00111698364891609 7879063 7879063 0
1 6137 rs12145301 74170796 2 0.0011153676497708 74170796 74170796 0
1 22 rs10797440 2541269 1 -0.00111441434791091 2541269 2541269 0
1 5449 rs783041 66852235 1 -0.00111430068355304 66852235 66852235 0
1 1980 rs4649163 24379601 1 0.00111027678010917 24379601 24379601 0
1 1755 rs3200254 21894735 2 -0.00110819827717929 21894735 21894735 0
1 19 rs10752747 2524915 2 0.00110809720646606 2524915 2524915 0
1 13060 rs7314 173457599 1 -0.001105994583611 173457599 173457599 0
1 10868 rs11204971 152259078 1 -0.00110305526601054 152259078 152259078 0
1 319 rs10796400 5580192 1 -0.00110276220856789 5580192 5580192 0
1 12454 rs10489202 167903079 1 0.00110047231152866 167903079 167903079 0
1 2874 rs2275480 36921533 2 -0.00109978271229918 36921533 36921533 0
1 1830 rs2807348 22533106 2 0.00109816594803575 22533106 22533106 0
1 3067 rs2252410 39744607 1 -0.00109447305835304 39744607 39744607 0
1 4592 rs17117233 58743154 2 -0.00109406710499119 58743154 58743154 0
1 18827 rs4660126 236077778 2 -0.00109334650013875 236077778 236077778 0
1 9545 rs6537837 110119732 1 0.00109196826359006 110119732 110119732 0
1 2062 rs11249141 24932733 1 0.00108561111504436 24932733 24932733 0
1 6087 rs2815749 72814783 1 0.00108393065485658 72814783 72814783 0
1 9084 rs11185408 104792257 1 0.00108374420194316 104792257 104792257 0
1 10025 rs7519860 114482520 1 0.00108071509317461 114482520 114482520 0
1 19926 rs55762230 247151487 2 -0.00107998162347689 247151487 247151487 0
1 6812 rs1549555 80858466 1 0.0010798962293547 80858466 80858466 0
1 15697 rs12035825 205499495 1 0.00107778289588879 205499495 205499495 0
1 6950 rs9285611 82183055 1 -0.00107770606653691 82183055 82183055 0
1 18314 rs12038826 230922951 2 0.00107618811791988 230922951 230922951 0
1 11292 rs115493285 157485504 1 0.00107565361885932 157485504 157485504 0
1 1625 rs4590651 20652798 1 -0.00107432435371887 20652798 20652798 0
1 671 rs6667629 10524467 1 -0.00106759471565835 10524467 10524467 0
1 7821 rs1983170 91986482 1 0.00106685927323649 91986482 91986482 0
1 15696 rs16855698 205483124 2 -0.00106565345834628 205483124 205483124 0
1 3012 rs12748758 38769144 1 -0.00106495891965651 38769144 38769144 0
1 10679 rs4950461 147033573 1 -0.00106246220266811 147033573 147033573 0
1 19530 rs10926748 242633878 1 0.00106033393025106 242633878 242633878 0
1 1751 rs1780327 21882820 1 -0.00105921852910068 21882820 21882820 0
1 2213 rs17163904 26741106 1 0.00105848941443567 26741106 26741106 0
1 14264 rs1860919 187812024 1 -0.00105801647345246 187812024 187812024 0
1 14566 rs2887558 192417416 1 -0.00104881411223201 192417416 192417416 0
1 3957 rs1288406 53558270 1 -0.00104609042445999 53558270 53558270 0
1 10429 rs10494210 119045932 1 0.00104584723962855 119045932 119045932 0
1 5082 rs10493344 63734114 1 0.00104453087584229 63734114 63734114 0
1 2508 rs1001704 30920818 1 -0.00104222393898969 30920818 30920818 0
1 2039 rs11249117 24780356 2 -0.00104135149886703 24780356 24780356 0
1 16209 rs689248 210463122 2 0.00104110180190567 210463122 210463122 0
1 20057 rs7513527 248018426 1 0.00104024015773741 248018426 248018426 0
1 2241 rs12755215 27333622 1 0.00104003811005986 27333622 27333622 0
1 18591 rs41307684 233313594 1 -0.00103776944603626 233313594 233313594 0
1 19902 rs7526237 246898134 1 0.00103481037198289 246898134 246898134 0
1 16544 rs12036568 213636801 2 -0.00103385474088152 213636801 213636801 0
1 11550 rs2121479 159581387 1 -0.00103228654343473 159581387 159581387 0
1 5321 rs913199 65871062 1 0.0010254279112855 65871062 65871062 0
1 8069 rs12742802 94629643 2 0.00102443153102436 94629643 94629643 0
1 1141 rs848212 16263452 1 -0.00102425681291969 16263452 16263452 0
1 18195 rs12757317 230419308 1 0.00102108892530884 230419308 230419308 0
1 18082 rs1062060 228880021 1 -0.00101949190292127 228880021 228880021 0
1 7514 rs10782601 87988705 1 -0.00101711686335536 87988705 87988705 0
1 9671 rs11102140 111172413 2 -0.00101703296915354 111172413 111172413 0
1 10976 rs2987760 153283495 1 -0.0010165880927582 153283495 153283495 0
1 12245 rs4074897 166086171 1 0.0010151244948078 166086171 166086171 0
1 20089 rs6695603 248145644 1 0.0010132779211777 248145644 248145644 0
1 5647 rs6588283 68299797 1 -0.00101246675929125 68299797 68299797 0
1 8940 rs1938364 102667388 1 -0.00101208611715898 102667388 102667388 0
1 18781 rs4626924 234909298 1 0.00101187607742047 234909298 234909298 0
1 520 rs12068202 7961294 1 0.00101082275115865 7961294 7961294 0
1 538 rs428046 8278929 1 -0.00100578653569126 8278929 8278929 0
1 8990 rs12030173 103176592 1 -0.00100473160893782 103176592 103176592 0
1 12025 rs16825999 164156209 2 0.00100207314307645 164156209 164156209 0
1 17158 rs2133045 219005972 1 -9.99921752284256e-4 219005972 219005972 0
1 16629 rs10494968 214420735 1 -9.992369899151476e-4 214420735 214420735 0
1 12771 rs75904274 171077274 1 -9.958119210640068e-4 171077274 171077274 0
1 11569 rs6656979 159782181 1 -9.949663682897634e-4 159782181 159782181 0
1 18961 rs6683160 237390732 2 9.930055707807084e-4 237390732 237390732 0
1 8248 rs670074 96056162 1 -9.930055064934016e-4 96056162 96056162 0
1 424 rs7543753 7078364 1 9.92076431641127e-4 7078364 7078364 0
1 9753 rs3934923 111785467 1 -9.91468925067029e-4 111785467 111785467 0
1 4886 rs6699079 62082189 1 -9.898827792031886e-4 62082189 62082189 0
1 15383 rs75658797 202287754 1 -9.89372412272468e-4 202287754 202287754 0
1 10786 rs7554936 151122489 1 -9.87175421323398e-4 151122489 151122489 0
1 14956 rs4915287 198453920 1 9.865259380351567e-4 198453920 198453920 0
1 12029 rs12047873 164175199 2 -9.849994463593471e-4 164175199 164175199 0
1 2038 rs4648988 24775000 2 -9.821617491668664e-4 24775000 24775000 0
1 13995 rs7531736 184409965 1 -9.821589333169171e-4 184409965 184409965 0
1 7572 rs6690435 88697663 1 -9.802753399090914e-4 88697663 88697663 0
1 13463 rs143910632 179312009 1 -9.786022500364174e-4 179312009 179312009 0
1 2083 rs4649036 25217346 1 -9.753127487316232e-4 25217346 25217346 0
1 567 rs12135416 8910347 1 9.743006726943296e-4 8910347 8910347 0
1 2046 rs196432 24861704 1 -9.715045009761308e-4 24861704 24861704 0
1 11219 rs822431 156902281 2 -9.680667882766316e-4 156902281 156902281 0
1 16045 rs7549301 209162412 1 -9.657417667441066e-4 209162412 209162412 0
1 9967 rs6537765 113493337 1 -9.619022710400616e-4 113493337 113493337 0
1 9115 rs12041707 104989780 1 9.599713717986993e-4 104989780 104989780 0
1 14118 rs76602544 186368092 1 9.518215209759676e-4 186368092 186368092 0
1 3690 rs545670 47942422 1 -9.516341198991596e-4 47942422 47942422 0
1 17411 rs11806418 221110866 1 -9.478048576623836e-4 221110866 221110866 0
1 522 rs35675666 8021973 1 -9.4722416426318e-4 8021973 8021973 0
1 11413 rs41273523 158612719 1 9.45466083959542e-4 158612719 158612719 0
1 4430 rs582317 57413768 1 -9.451154566715256e-4 57413768 57413768 0
1 18645 rs1693210 233800613 2 -9.449836458907608e-4 233800613 233800613 0
1 2885 rs12726247 37007987 1 -9.436587041041366e-4 37007987 37007987 0
1 6082 rs12748679 72644585 1 9.409858389355972e-4 72644585 72644585 0
1 2799 rs705197 34844836 2 9.395318766526476e-4 34844836 34844836 0
1 5408 rs12085651 66440553 1 -9.329988275816188e-4 66440553 66440553 0
1 17607 rs2488513 224216822 1 -9.329649621889904e-4 224216822 224216822 0
1 17 rs2494428 2339074 1 9.300503729576412e-4 2339074 2339074 0
1 4938 rs2457829 62672546 1 -9.297646966018776e-4 62672546 62672546 0
1 4635 rs17117699 59002282 1 -9.270004828552464e-4 59002282 59002282 0
1 4595 rs12726314 58792030 2 -9.246868013382444e-4 58792030 58792030 0
1 8299 rs1418464 96425410 1 9.242501053199842e-4 96425410 96425410 0
1 19364 rs3856237 241047490 2 -9.221301319700284e-4 241047490 241047490 0
1 690 rs7552996 10642793 1 -9.189935177183376e-4 10642793 10642793 0
1 6939 rs571361 82126526 1 9.18555935259736e-4 82126526 82126526 0
1 7601 rs1760206 89069023 1 -9.15742016862252e-4 89069023 89069023 0
1 16434 rs3010004 212152173 1 9.1185742717512e-4 212152173 212152173 0
1 1838 rs2744734 22549729 1 -9.111492704635324e-4 22549729 22549729 0
1 17505 rs10863667 222087406 1 9.092190727015084e-4 222087406 222087406 0
1 13727 rs199922 181735033 1 9.065856580713946e-4 181735033 181735033 0
1 8101 rs2996284 95107254 1 9.060714439617628e-4 95107254 95107254 0
1 17904 rs6659113 226996412 2 9.034071116684414e-4 226996412 226996412 0
1 14934 rs72731918 198225478 1 9.031910663448724e-4 198225478 198225478 0
1 10773 rs41266605 151009208 2 9.018011791665058e-4 151009208 151009208 0
1 17840 rs12402078 226355373 1 8.969711810222781e-4 226355373 226355373 0
1 16833 rs6419476 216236311 2 -8.966737985599922e-4 216236311 216236311 0
1 12704 rs17345907 170174046 1 8.953504423116447e-4 170174046 170174046 0
1 8617 rs12083740 99725220 1 8.920627731725649e-4 99725220 99725220 0
1 20093 rs73141283 248309356 1 -8.895870430296708e-4 248309356 248309356 0
1 5362 rs12239571 66140817 1 -8.886224834470386e-4 66140817 66140817 0
1 6565 rs12409525 78708393 1 8.834046679543189e-4 78708393 78708393 0
1 19985 rs2386551 247554949 1 8.820645626960545e-4 247554949 247554949 0
1 7425 rs7536402 86664322 1 -8.817177945609092e-4 86664322 86664322 0
1 11306 rs2785665 157623017 2 -8.791243143480519e-4 157623017 157623017 0
1 4694 rs6703534 59703738 1 8.789452104409963e-4 59703738 59703738 0
1 147 rs1556691 4493215 1 8.788913364376216e-4 4493215 4493215 0
1 14915 rs4409685 198066365 1 -8.775569591592079e-4 198066365 198066365 0
1 18703 rs4623775 234139581 1 -8.761238740739861e-4 234139581 234139581 0
1 9263 rs1330226 106843175 1 -8.741472504537565e-4 106843175 106843175 0
1 14709 rs6428262 194683889 1 8.710571601799263e-4 194683889 194683889 0
1 4127 rs2117263 55089708 1 8.709148645226437e-4 55089708 55089708 0
1 6848 rs7411120 81161881 1 -8.6960638451947e-4 81161881 81161881 0
1 14273 rs1572507 187884372 1 -8.693588689567825e-4 187884372 187884372 0
1 16626 rs1660370 214408966 1 8.689668381498345e-4 214408966 214408966 0
1 16783 rs6656366 215917843 1 8.682008768759249e-4 215917843 215917843 0
1 1245 rs1748020 17668609 1 8.680182081787195e-4 17668609 17668609 0
1 9584 rs7365459 110492809 1 -8.673084493692352e-4 110492809 110492809 0
1 14900 rs1909507 197919693 1 8.660251608468694e-4 197919693 197919693 0
1 2482 rs4949256 30810150 1 -8.635419985263919e-4 30810150 30810150 0
1 17065 rs6604568 218094151 1 -8.626377830575934e-4 218094151 218094151 0
1 19210 rs2841037 239934541 1 8.556406237116692e-4 239934541 239934541 0
1 20045 rs4925724 247991609 1 8.537656922738095e-4 247991609 247991609 0
1 12406 rs12037105 167562605 1 -8.533144798791291e-4 167562605 167562605 0
1 15615 rs4951161 205020566 1 8.476484111883877e-4 205020566 205020566 0
1 19402 rs6662036 241388129 1 -8.461943614770566e-4 241388129 241388129 0
1 8731 rs499479 100612675 2 -8.444729320435691e-4 100612675 100612675 0
1 15356 rs3922999 202091660 1 8.434696077999381e-4 202091660 202091660 0
1 3754 rs13376323 48639798 1 8.40964435628144e-4 48639798 48639798 0
1 13923 rs4651156 183837032 1 -8.400396923189422e-4 183837032 183837032 0
1 2461 rs6685389 30709585 1 -8.394771686788148e-4 30709585 30709585 0
1 17189 rs10495128 219182624 2 8.327339937159367e-4 219182624 219182624 0
1 4029 rs11206169 54005060 1 8.316871940429298e-4 54005060 54005060 0
1 1893 rs294185 22971892 1 8.285121605033832e-4 22971892 22971892 0
1 1113 rs6692555 16012657 1 8.283638114184583e-4 16012657 16012657 0
1 4588 rs555213 58726579 1 8.257234688730842e-4 58726579 58726579 0
1 11695 rs4657039 161462728 1 8.229962527144388e-4 161462728 161462728 0
1 11059 rs4474240 154457855 1 -8.220536784529192e-4 154457855 154457855 0
1 4602 rs1318371 58821318 1 -8.216607941075725e-4 58821318 58821318 0
1 1506 rs6661421 19755204 1 8.214379102568084e-4 19755204 19755204 0
1 11417 rs35948326 158624528 1 8.166999461373048e-4 158624528 158624528 0
1 4249 rs6588562 56027175 1 -8.156046658389209e-4 56027175 56027175 0
1 12586 rs10919071 169099483 2 8.140169656364307e-4 169099483 169099483 0
1 16953 rs12731437 217187026 1 -8.112265762466025e-4 217187026 217187026 0
1 12287 rs2172714 166452024 1 8.109545982653762e-4 166452024 166452024 0
1 15084 rs4465241 199963622 1 8.107317981263906e-4 199963622 199963622 0
1 6787 rs11162940 80605894 1 8.098112347765923e-4 80605894 80605894 0
1 15341 rs4131469 201970748 1 8.073685692504533e-4 201970748 201970748 0
1 7786 rs355644 91504195 2 8.057019263882712e-4 91504195 91504195 0
1 11553 rs984553 159599414 1 8.055897448348418e-4 159599414 159599414 0
1 16766 rs4655420 215884095 2 8.045517482497118e-4 215884095 215884095 0
1 7599 rs658980 89045338 1 -8.010504033397973e-4 89045338 89045338 0
1 10120 rs1286238 115683469 1 -7.9830427266084e-4 115683469 115683469 0
1 8774 rs11583008 101085094 2 -7.952785259199959e-4 101085094 101085094 0
1 14013 rs10797982 184622136 1 7.941243830119724e-4 184622136 184622136 0
1 11488 rs11265142 159099908 1 -7.906329315637468e-4 159099908 159099908 0
1 149 rs1674877 4496659 1 -7.881715135100366e-4 4496659 4496659 0
1 3746 rs6679531 48524180 2 -7.866641864121947e-4 48524180 48524180 0
1 5453 rs17128891 66903583 2 -7.858251563331775e-4 66903583 66903583 0
1 4265 rs10749702 56078416 2 7.816306227869726e-4 56078416 56078416 0
1 1663 rs678980 20911404 2 7.810751272128617e-4 20911404 20911404 0
1 1078 rs572953 15609117 1 -7.806374358439012e-4 15609117 15609117 0
1 10145 rs10858072 115847392 1 7.771329044822846e-4 115847392 115847392 0
1 2650 rs3954228 33100815 1 -7.771117708761582e-4 33100815 33100815 0
1 17469 rs4589119 221915967 1 7.766719787652785e-4 221915967 221915967 0
1 7164 rs2812452 84576203 1 7.741411749520028e-4 84576203 84576203 0
1 17731 rs681643 225452393 1 -7.692979797565426e-4 225452393 225452393 0
1 3335 rs4660646 43029788 1 -7.683327281891399e-4 43029788 43029788 0
1 11436 rs11810781 158729713 1 7.680129463360942e-4 158729713 158729713 0
1 6952 rs9659808 82199372 1 7.656566710348386e-4 82199372 82199372 0
1 7126 rs4636482 84190263 1 -7.655501843656352e-4 84190263 84190263 0
1 13063 rs7525100 173475612 1 -7.634255850651514e-4 173475612 173475612 0
1 1532 rs12088373 19843401 1 -7.607106066938118e-4 19843401 19843401 0
1 4651 rs2811893 59162148 1 7.58695297157152e-4 59162148 59162148 0
1 14263 rs6664686 187757027 1 7.58604382590982e-4 187757027 187757027 0
1 10330 rs10923243 117767918 1 7.576214481121707e-4 117767918 117767918 0
1 11367 rs10489829 158387196 1 -7.540076673799994e-4 158387196 158387196 0
1 8889 rs17426819 102194625 2 -7.532263123094324e-4 102194625 102194625 0
1 7080 rs876339 83340310 1 -7.52616886650421e-4 83340310 83340310 0
1 9692 rs343792 111302518 1 -7.489028287882249e-4 111302518 111302518 0
1 5415 rs7530150 66513674 1 7.464237452832988e-4 66513674 66513674 0
1 3138 rs16827275 40870545 1 7.445624969682149e-4 40870545 40870545 0
1 6101 rs12072171 73197081 1 7.397026453649161e-4 73197081 73197081 0
1 10132 rs7542599 115782754 1 7.39302337787694e-4 115782754 115782754 0
1 10445 rs2360627 119188329 1 7.348917647763704e-4 119188329 119188329 0
1 15910 rs2796241 208027459 1 -7.322683130966989e-4 208027459 208027459 0
1 485 rs12756299 7758760 1 -7.31944654638739e-4 7758760 7758760 0
1 19880 rs2340780 246606143 1 -7.2781837754167e-4 246606143 246606143 0
1 14770 rs12073625 195730565 1 7.270703630057215e-4 195730565 195730565 0
1 6091 rs2613507 72834503 1 7.264401530040467e-4 72834503 72834503 0
1 18118 rs652014 229200392 1 7.255861176375656e-4 229200392 229200392 0
1 1617 rs12738826 20617419 1 -7.251207463125507e-4 20617419 20617419 0
1 2605 rs10493048 31993870 1 7.250332772069738e-4 31993870 31993870 0
1 16621 rs1147673 214402313 2 -7.245928477533823e-4 214402313 214402313 0
1 8516 rs11165979 98757816 1 -7.201384298366525e-4 98757816 98757816 0
1 4198 rs207154 55781281 1 7.199489000471752e-4 55781281 55781281 0
1 11622 rs11265461 160630143 2 7.19247274909582e-4 160630143 160630143 0
1 19697 rs6676542 244802142 1 7.184453885334921e-4 244802142 244802142 0
1 9909 rs6537730 112773825 1 7.170749037055869e-4 112773825 112773825 0
1 17907 rs12405779 227008502 1 -7.148469378280043e-4 227008502 227008502 0
1 3539 rs10493120 45903488 1 -7.14428501206135e-4 45903488 45903488 0
1 19424 rs1544190 241586834 1 -7.143937879747978e-4 241586834 241586834 0
1 19430 rs947307 241633007 1 7.142815926901223e-4 241633007 241633007 0
1 11547 rs6702567 159517860 1 -7.132925209390974e-4 159517860 159517860 0
1 8840 rs7549900 101857117 1 -7.121432671850227e-4 101857117 101857117 0
1 16932 rs1436900 217058479 2 -7.08600647606662e-4 217058479 217058479 0
1 10160 rs17556126 115998480 2 -7.078035373038914e-4 115998480 115998480 0
1 12071 rs1618566 164607346 1 -7.072648179149509e-4 164607346 164607346 0
1 23 rs10752748 2544640 1 -7.043300902334958e-4 2544640 2544640 0
1 19757 rs1773825 245586529 1 -7.026229307637357e-4 245586529 245586529 0
1 13831 rs2275171 182784022 1 -7.02522088915229e-4 182784022 182784022 0
1 2636 rs680327 32438231 1 7.02097418696668e-4 32438231 32438231 0
1 7144 rs12728368 84290288 1 -7.018585474774399e-4 84290288 84290288 0
1 18186 rs4846928 230341905 1 7.015702361209212e-4 230341905 230341905 0
1 15731 rs708730 205777780 1 -7.00744875670447e-4 205777780 205777780 0
1 7092 rs323973 83535877 1 7.001797208999952e-4 83535877 83535877 0
1 13096 rs10489329 175022406 1 7.00144047920745e-4 175022406 175022406 0
1 1777 rs333171 22033705 1 -6.995078327882362e-4 22033705 22033705 0
1 3146 rs41301076 40960619 1 6.964750619959787e-4 40960619 40960619 0
1 553 rs4908501 8554471 1 6.932439871440933e-4 8554471 8554471 0
1 13811 rs266511 182497021 2 -6.915839281968747e-4 182497021 182497021 0
1 1567 rs3806308 20142866 1 6.912937582960364e-4 20142866 20142866 0
1 8035 rs497511 94523113 2 6.905387574918146e-4 94523113 94523113 0
1 3005 rs2480697 38733788 2 6.8620163825919e-4 38733788 38733788 0
1 19748 rs1173837 245557294 1 -6.85273069532712e-4 245557294 245557294 0
1 15214 rs10753891 201100482 1 6.828200184997766e-4 201100482 201100482 0
1 17346 rs1338763 220599845 1 -6.792070407201903e-4 220599845 220599845 0
1 19280 rs12037713 240394879 1 6.784356279826941e-4 240394879 240394879 0
1 2942 rs2745487 37859876 1 -6.76986605390139e-4 37859876 37859876 0
1 13267 rs11577465 177129230 1 6.769845333847838e-4 177129230 177129230 0
1 540 rs11589993 8284497 2 -6.759096388339204e-4 8284497 8284497 0
1 15616 rs9787334 205023316 1 6.731458092337757e-4 205023316 205023316 0
1 7750 rs12078288 91045387 2 6.71828034575738e-4 91045387 91045387 0
1 20059 rs6657427 248032168 1 -6.701310354080454e-4 248032168 248032168 0
1 16765 rs3927749 215880685 1 -6.67967032915361e-4 215880685 215880685 0
1 5458 rs699252 66941200 1 -6.663312724202978e-4 66941200 66941200 0
1 15273 rs10800775 201336386 2 6.662290402563016e-4 201336386 201336386 0
1 15721 rs823122 205725028 2 -6.662031369895729e-4 205725028 205725028 0
1 18960 rs6661229 237382689 1 6.642198233741442e-4 237382689 237382689 0
1 17298 rs12083182 219983092 1 -6.64194058971043e-4 219983092 219983092 0
1 11583 rs2789428 159959505 2 6.619642785759328e-4 159959505 159959505 0
1 1369 rs12566510 18705694 1 6.616742287443138e-4 18705694 18705694 0
1 19946 rs6699898 247262625 1 -6.60735257074578e-4 247262625 247262625 0
1 1080 rs7554324 15644729 1 -6.606922089067338e-4 15644729 15644729 0
1 18313 rs7553239 230917513 1 -6.599923812877068e-4 230917513 230917513 0
1 3532 rs11211086 45710771 1 6.598945346349299e-4 45710771 45710771 0
1 8987 rs10782899 103155605 1 6.598917526346594e-4 103155605 103155605 0
1 17627 rs7530205 224487290 1 -6.593972529928937e-4 224487290 224487290 0
1 17804 rs1877724 226013355 1 6.588196121486309e-4 226013355 226013355 0
1 12589 rs12724494 169112504 1 -6.547891769144967e-4 169112504 169112504 0
1 10289 rs798037 117308238 1 -6.546959938644061e-4 117308238 117308238 0
1 12774 rs1736557 171080080 1 -6.535645762590724e-4 171080080 171080080 0
1 13810 rs7535533 182496829 1 6.488329675110724e-4 182496829 182496829 0
1 8858 rs1361812 101939689 1 -6.485928782171706e-4 101939689 101939689 0
1 1467 rs2273046 19566296 1 6.469179151405423e-4 19566296 19566296 0
1 1231 rs9803868 17578553 1 6.459700434268029e-4 17578553 17578553 0
1 6778 rs4618922 80563300 1 6.452469637235332e-4 80563300 80563300 0
1 16873 rs6604611 216655251 1 -6.449235628767326e-4 216655251 216655251 0
1 12333 rs12073480 166711398 1 -6.449105581587043e-4 166711398 166711398 0
1 2540 rs1149024 31177073 1 6.436686026620002e-4 31177073 31177073 0
1 9570 rs3818562 110300441 1 -6.434731936723592e-4 110300441 110300441 0
1 881 rs9287293 14208571 1 6.433151825757399e-4 14208571 14208571 0
1 13036 rs844648 173223863 2 -6.426851579750439e-4 173223863 173223863 0
1 20030 rs12091656 247874551 1 6.423587135677871e-4 247874551 247874551 0
1 12270 rs12095056 166337053 1 6.421061784037877e-4 166337053 166337053 0
1 1606 rs525380 20409374 1 -6.41898691242588e-4 20409374 20409374 0
1 13414 rs10913588 178618316 2 -6.412322347440888e-4 178618316 178618316 0
1 16959 rs11572427 217199613 1 -6.398980702366054e-4 217199613 217199613 0
1 14907 rs6667378 198000253 2 6.389405404350007e-4 198000253 198000253 0
1 3684 rs6689636 47926022 1 -6.374093469347508e-4 47926022 47926022 0
1 11028 rs139838869 154072601 1 6.36432892199532e-4 154072601 154072601 0
1 10593 rs1493696 120505532 1 -6.359692166306978e-4 120505532 120505532 0
1 18561 rs4649410 232972001 1 6.352075233684174e-4 232972001 232972001 0
1 18787 rs908329 235051501 1 6.343363734509033e-4 235051501 235051501 0
1 2048 rs7540973 24864576 1 -6.322050097511686e-4 24864576 24864576 0
1 15706 rs12039255 205609010 1 6.319753452539425e-4 205609010 205609010 0
1 8157 rs7527765 95470811 1 6.317244324739482e-4 95470811 95470811 0
1 11929 rs2841993 163111066 1 6.297122999569087e-4 163111066 163111066 0
1 13120 rs10489328 175113118 1 6.293545032174267e-4 175113118 175113118 0
1 5217 rs7517824 64941609 1 -6.247502566399477e-4 64941609 64941609 0
1 9258 rs12568304 106792422 1 6.245815613026152e-4 106792422 106792422 0
1 384 rs200458 6704635 1 -6.207388026513835e-4 6704635 6704635 0
1 12222 rs4657493 165917109 1 6.197777515018715e-4 165917109 165917109 0
1 259 rs12754637 5023321 1 -6.192437736400642e-4 5023321 5023321 0
1 11300 rs2758620 157605501 1 6.19108930944738e-4 157605501 157605501 0
1 11803 rs7528328 162247779 1 6.189723387415782e-4 162247779 162247779 0
1 13375 rs12409286 177971147 1 -6.166377002555237e-4 177971147 177971147 0
1 7726 rs7556538 90893517 1 -6.159821349263567e-4 90893517 90893517 0
1 17921 rs10916066 227098588 1 6.153754851632521e-4 227098588 227098588 0
1 11089 rs141845046 154987704 2 6.137277613309299e-4 154987704 154987704 0
1 187 rs12080165 4596700 1 6.133911436035433e-4 4596700 4596700 0
1 13693 rs12402123 181490018 1 6.126671739139425e-4 181490018 181490018 0
1 6757 rs11162903 80486347 1 6.122472042499081e-4 80486347 80486347 0
1 11605 rs11265432 160507016 1 6.108804844400396e-4 160507016 160507016 0
1 18157 rs3811474 229772932 1 -6.108629060941103e-4 229772932 229772932 0
1 6637 rs2065486 79482417 1 6.101348253624548e-4 79482417 79482417 0
1 6650 rs1872859 79659418 1 -6.098073980947965e-4 79659418 79659418 0
1 12153 rs10489743 165353548 2 6.08475720506209e-4 165353548 165353548 0
1 237 rs6426440 4914910 1 6.08309765126196e-4 4914910 4914910 0
1 11544 rs35393723 159505101 2 6.047775712708995e-4 159505101 159505101 0
1 8701 rs602700 100364201 1 -6.043411263600313e-4 100364201 100364201 0
1 17748 rs7535953 225534348 1 -6.042000689811717e-4 225534348 225534348 0
1 10746 rs4319334 150766822 2 6.005346072390425e-4 150766822 150766822 0
1 16653 rs1472444 214554980 1 -6.003127601372533e-4 214554980 214554980 0
1 5798 rs2249487 69715220 1 5.996711978469223e-4 69715220 69715220 0
1 14823 rs10922071 196433870 1 -5.992451712558597e-4 196433870 196433870 0
1 3493 rs7519215 44532725 1 5.990949247644892e-4 44532725 44532725 0
1 13567 rs551607 179903031 2 5.985415769944611e-4 179903031 179903031 0
1 1765 rs7354914 21953287 1 5.980612258808756e-4 21953287 21953287 0
1 3236 rs1001925 42027561 1 -5.979390148624507e-4 42027561 42027561 0
1 615 rs9729149 9441040 1 -5.962044156195021e-4 9441040 9441040 0
1 14841 rs41310132 196928188 1 5.959873982727085e-4 196928188 196928188 0
1 10900 rs549044 152514332 1 -5.943973554879692e-4 152514332 152514332 0
1 6468 rs10493603 77768778 1 -5.940757734439822e-4 77768778 77768778 0
1 3420 rs10493115 43707283 1 5.914166708788939e-4 43707283 43707283 0
1 13994 rs6695258 184408478 1 5.896966640234046e-4 184408478 184408478 0
1 15703 rs2185811 205596870 1 5.890102045698583e-4 205596870 205596870 0
1 12349 rs6427047 166914258 2 -5.869652735423998e-4 166914258 166914258 0
1 9669 rs2640492 111170099 1 5.857235552256411e-4 111170099 111170099 0
1 12124 rs1891927 165138246 1 -5.856595911364175e-4 165138246 165138246 0
1 808 rs12029016 12128498 1 -5.842196216982801e-4 12128498 12128498 0
1 1130 rs2862162 16142960 1 -5.823997857398126e-4 16142960 16142960 0
1 16043 rs6685924 209149149 1 5.772319137390075e-4 209149149 209149149 0
1 10397 rs75886122 118548044 1 -5.743023460485809e-4 118548044 118548044 0
1 16258 rs12759944 210674600 2 5.705723190013706e-4 210674600 210674600 0
1 18352 rs10864662 231191803 1 5.700249310834593e-4 231191803 231191803 0
1 9747 rs35041930 111777575 1 5.687198518334526e-4 111777575 111777575 0
1 7851 rs11579207 92203190 1 -5.679327369434147e-4 92203190 92203190 0
1 2940 rs12075954 37847280 1 -5.624954961686326e-4 37847280 37847280 0
1 6199 rs3931020 75235317 1 5.624664836579177e-4 75235317 75235317 0
1 6636 rs1571991 79471959 1 5.60387598635233e-4 79471959 79471959 0
1 13733 rs476093 181787259 1 -5.602362747419487e-4 181787259 181787259 0
1 9623 rs12127781 110936557 1 -5.566477387452545e-4 110936557 110936557 0
1 7867 rs2129975 92282080 1 -5.55413920745419e-4 92282080 92282080 0
1 13945 rs7519097 183966166 1 -5.553718054614491e-4 183966166 183966166 0
1 14910 rs1233828 198042715 1 -5.529920344826291e-4 198042715 198042715 0
1 17270 rs17006225 219822453 1 5.523551230757334e-4 219822453 219822453 0
1 18624 rs1497090 233659290 1 -5.50859063686855e-4 233659290 233659290 0
1 11349 rs691314 158183942 2 -5.454873831543752e-4 158183942 158183942 0
1 8103 rs10782987 95119790 1 5.447883428623238e-4 95119790 95119790 0
1 19898 rs6683786 246840223 2 5.434414477712532e-4 246840223 246840223 0
1 10255 rs74884121 116675909 1 -5.422039526845078e-4 116675909 116675909 0
1 19429 rs7540470 241625863 1 5.402884361951609e-4 241625863 241625863 0
1 758 rs148957324 11733846 1 -5.386615191187027e-4 11733846 11733846 0
1 3717 rs6660568 48082491 1 5.380622813852445e-4 48082491 48082491 0
1 16349 rs12134819 211202705 1 5.377794362210286e-4 211202705 211202705 0
1 16995 rs4498862 217439859 1 5.348525243311407e-4 217439859 217439859 0
1 18190 rs1923950 230384970 1 5.345296217076133e-4 230384970 230384970 0
1 3208 rs11209615 41640110 1 5.344407691962739e-4 41640110 41640110 0
1 5078 rs997791 63694517 1 -5.342280284612216e-4 63694517 63694517 0
1 1048 rs742671 15519417 1 5.341029418998436e-4 15519417 15519417 0
1 15281 rs4128458 201355522 1 5.339345763295692e-4 201355522 201355522 0
1 19191 rs12086449 239612814 1 5.332200427517252e-4 239612814 239612814 0
1 5052 rs1498934 63561813 1 -5.318852351316009e-4 63561813 63561813 0
1 13340 rs34612022 177811499 1 5.30305610076938e-4 177811499 177811499 0
1 3377 rs6674019 43353134 1 5.298879230421348e-4 43353134 43353134 0
1 14949 rs6702048 198327168 2 -5.285989190492715e-4 198327168 198327168 0
1 15610 rs2802809 204969586 1 -5.271950160208791e-4 204969586 204969586 0
1 14599 rs4140450 192845807 2 -5.270113417190042e-4 192845807 192845807 0
1 2744 rs533861 34463451 1 -5.255410648719595e-4 34463451 34463451 0
1 12385 rs2480679 167407517 1 5.2544004278331e-4 167407517 167407517 0
1 4435 rs34341631 57489239 1 5.252447573277226e-4 57489239 57489239 0
1 12197 rs1143660 165648710 1 5.249182725096269e-4 165648710 165648710 0
1 16070 rs2970556 209377775 1 5.248649892744303e-4 209377775 209377775 0
1 6827 rs3737936 81006304 1 5.240853732999321e-4 81006304 81006304 0
1 10131 rs1040605 115759830 1 -5.234257364368186e-4 115759830 115759830 0
1 7230 rs11161464 85298111 2 -5.223527596700483e-4 85298111 85298111 0
1 9279 rs7514699 106972853 1 5.219342842159846e-4 106972853 106972853 0
1 6186 rs696702 75072038 1 -5.206497393380392e-4 75072038 75072038 0
1 12724 rs16863354 170416126 1 -5.198847876043452e-4 170416126 170416126 0
1 16651 rs72757962 214551420 1 5.194441002416867e-4 214551420 214551420 0
1 9589 rs11102043 110517396 1 -5.181453781902618e-4 110517396 110517396 0
1 8417 rs290821 97469804 1 -5.174959198760463e-4 97469804 97469804 0
1 18372 rs9431660 231311867 1 5.164689184862945e-4 231311867 231311867 0
1 749 rs2072996 11578973 1 -5.145852472666374e-4 11578973 11578973 0
1 8465 rs4264037 97764073 1 5.134209418074532e-4 97764073 97764073 0
1 8577 rs1384168 99242320 1 -5.13137967943606e-4 99242320 99242320 0
1 7241 rs541897 85438243 1 -5.1200817467622e-4 85438243 85438243 0
1 11701 rs4657090 161662484 1 -5.095608765996467e-4 161662484 161662484 0
1 19726 rs4658446 245352307 1 -5.03960935292446e-4 245352307 245352307 0
1 9749 rs11556868 111778325 1 5.039109407381244e-4 111778325 111778325 0
1 15251 rs1772849 201280163 1 5.005178745451625e-4 201280163 201280163 0
1 13773 rs10494545 182200659 2 -4.991327619444626e-4 182200659 182200659 0
1 9705 rs17026454 111322647 1 -4.987558393946651e-4 111322647 111322647 0
1 9693 rs546836 111304262 1 -4.959193655397655e-4 111304262 111304262 0
1 19909 rs7551836 246960463 1 4.946185393432133e-4 246960463 246960463 0
1 6163 rs17094900 74648408 1 -4.931022678399358e-4 74648408 74648408 0
1 1054 rs6429728 15540685 1 -4.897255751950497e-4 15540685 15540685 0
1 18374 rs6700950 231340433 1 -4.895314313099963e-4 231340433 231340433 0
1 4911 rs7553347 62496592 1 -4.895180819270929e-4 62496592 62496592 0
1 7234 rs4907110 85371265 2 -4.887805628475128e-4 85371265 85371265 0
1 19621 rs9782883 243892532 1 -4.8738342148105446e-4 243892532 243892532 0
1 5630 rs11585171 68055347 1 4.865505020554925e-4 68055347 68055347 0
1 6066 rs10493490 72462363 1 -4.8608343684141607e-4 72462363 72462363 0
1 3487 rs6429644 44487280 1 4.860417525839305e-4 44487280 44487280 0
1 6368 rs4949624 76732617 2 -4.852852004411056e-4 76732617 76732617 0
1 9831 rs4839154 112156965 1 4.849240415753255e-4 112156965 112156965 0
1 19856 rs12128836 246349328 1 4.848251286389072e-4 246349328 246349328 0
1 6436 rs562580 77162485 1 4.80032778739012e-4 77162485 77162485 0
1 8842 rs10493947 101868793 1 -4.798284205983235e-4 101868793 101868793 0
1 11101 rs4971079 155130391 1 -4.7952796008449047e-4 155130391 155130391 0
1 1627 rs10916769 20662938 2 4.7903910183159384e-4 20662938 20662938 0
1 5596 rs10493423 67837158 1 4.78899211678122e-4 67837158 67837158 0
1 6951 rs12139644 82197327 1 4.780772100721993e-4 82197327 82197327 0
1 19373 rs10802917 241148960 2 4.7727886805463103e-4 241148960 241148960 0
1 5784 rs955093 69588193 1 4.771888859281274e-4 69588193 69588193 0
1 16007 rs1166868 208813119 1 -4.747633629902585e-4 208813119 208813119 0
1 18767 rs6673545 234653716 1 -4.734379149840757e-4 234653716 234653716 0
1 18322 rs9970333 230954785 1 4.733064355749859e-4 230954785 230954785 0
1 7820 rs483532 91980447 1 4.727240806728128e-4 91980447 91980447 0
1 6714 rs1949779 80255867 1 4.7204581109474414e-4 80255867 80255867 0
1 9471 rs594397 108741065 1 -4.691798808196211e-4 108741065 108741065 0
1 9092 rs12034300 104851904 1 4.67986059318428e-4 104851904 104851904 0
1 14213 rs1938512 187422872 1 4.66444615527295e-4 187422872 187422872 0
1 18312 rs1933631 230914729 2 -4.650658830217697e-4 230914729 230914729 0
1 19381 rs10926408 241210870 1 -4.6287804248437285e-4 241210870 241210870 0
1 12519 rs1015001 168626707 1 -4.620633011547865e-4 168626707 168626707 0
1 9869 rs11102362 112496701 1 4.611815891549602e-4 112496701 112496701 0
1 3956 rs1288404 53557484 1 -4.599532202659761e-4 53557484 53557484 0
1 19759 rs1771492 245728083 1 4.5957494139087793e-4 245728083 245728083 0
1 5451 rs11208847 66866041 1 4.595740020307798e-4 66866041 66866041 0
1 12661 rs12035144 169749154 1 -4.593065971542724e-4 169749154 169749154 0
1 86 rs10915659 4092949 1 4.59274992263212e-4 4092949 4092949 0
1 37 rs2817178 3047252 1 4.59056962976051e-4 3047252 3047252 0
1 10574 rs942835 120263018 1 -4.586652617699278e-4 120263018 120263018 0
1 15192 rs12122721 200984480 1 -4.573315117025965e-4 200984480 200984480 0
1 15979 rs2801193 208425671 1 4.557562455620824e-4 208425671 208425671 0
1 9656 rs12760885 111092596 1 4.5559947464410755e-4 111092596 111092596 0
1 15619 rs10793725 205028915 1 -4.5521552621329025e-4 205028915 205028915 0
1 13832 rs12080837 182786953 1 4.5493319421642216e-4 182786953 182786953 0
1 8695 rs17409324 100349381 1 -4.54089754040696e-4 100349381 100349381 0
1 16601 rs1228534 214322247 1 4.538546603715827e-4 214322247 214322247 0
1 3460 rs1502907 44258040 1 -4.524831051716534e-4 44258040 44258040 0
1 8573 rs4908025 99225068 1 -4.518003235362489e-4 99225068 99225068 0
1 3730 rs11211621 48319515 1 -4.510767273819461e-4 48319515 48319515 0
1 14125 rs7542810 186532231 1 4.510615351628128e-4 186532231 186532231 0
1 6976 rs12725617 82420338 1 -4.504501705580242e-4 82420338 82420338 0
1 9578 rs453577 110426778 1 -4.500712102436015e-4 110426778 110426778 0
1 18854 rs6689258 236296079 1 -4.4888122039575366e-4 236296079 236296079 0
1 2723 rs1321623 34306705 1 -4.488697766205277e-4 34306705 34306705 0
1 19324 rs12139890 240603534 1 4.473295884072857e-4 240603534 240603534 0
1 19629 rs559080 244096047 1 4.4693937082161147e-4 244096047 244096047 0
1 11644 rs10908813 160895847 1 4.459609634067716e-4 160895847 160895847 0
1 11943 rs10917727 163296740 1 4.457191467128267e-4 163296740 163296740 0
1 13830 rs10797793 182746231 2 4.4565671140914e-4 182746231 182746231 0
1 6409 rs627873 77093530 1 -4.4412040472729145e-4 77093530 77093530 0
1 4736 rs11207523 60302414 1 4.4317284113019434e-4 60302414 60302414 0
1 17655 rs880496 224808134 1 -4.415466438441402e-4 224808134 224808134 0
1 8471 rs1890138 97839016 2 -4.4059095467072e-4 97839016 97839016 0
1 936 rs17353931 14476490 1 4.404009179923059e-4 14476490 14476490 0
1 7829 rs906633 92047004 1 4.398140939393973e-4 92047004 92047004 0
1 5129 rs649608 64313696 1 -4.390666614381075e-4 64313696 64313696 0
1 16393 rs12140949 211676238 1 4.3882402002144645e-4 211676238 211676238 0
1 13318 rs2181263 177670577 1 -4.3799148482239375e-4 177670577 177670577 0
1 14771 rs10494731 195736595 1 4.3789412955272486e-4 195736595 195736595 0
1 3636 rs6429613 47289636 1 -4.373858375908828e-4 47289636 47289636 0
1 14381 rs10920715 190380806 1 4.368681969791221e-4 190380806 190380806 0
1 10887 rs2146118 152412196 1 4.3606907727232626e-4 152412196 152412196 0
1 13455 rs9728480 179089491 1 -4.3490159395666495e-4 179089491 179089491 0
1 4413 rs9803799 57180072 1 4.3450359425430433e-4 57180072 57180072 0
1 8803 rs6577219 101415707 1 -4.341587052407947e-4 101415707 101415707 0
1 18741 rs628407 234432465 2 -4.341273599151893e-4 234432465 234432465 0
1 5508 rs1325267 67160814 1 -4.323329369974795e-4 67160814 67160814 0
1 19380 rs12059322 241205433 1 -4.2970187883788706e-4 241205433 241205433 0
1 7517 rs6657047 88001013 1 -4.293064802798728e-4 88001013 88001013 0
1 7779 rs1725384 91260076 1 4.2888966991794025e-4 91260076 91260076 0
1 10972 rs821427 153275977 1 4.2735614431466926e-4 153275977 153275977 0
1 13124 rs2269650 175129691 1 -4.2639468300730807e-4 175129691 175129691 0
1 9396 rs17019602 108188858 1 4.25829541256856e-4 108188858 108188858 0
1 2955 rs10493078 37909488 1 -4.2537545610866107e-4 37909488 37909488 0
1 15819 rs291102 207106478 1 4.253078030492244e-4 207106478 207106478 0
1 1582 rs10916668 20233086 1 -4.247475795610135e-4 20233086 20233086 0
1 8464 rs6692946 97748929 1 4.2471047213514713e-4 97748929 97748929 0
1 18677 rs12086015 233976729 1 4.2468480174379845e-4 233976729 233976729 0
1 18215 rs200162 230614110 1 -4.2464351473792594e-4 230614110 230614110 0
1 16284 rs1538755 210893875 1 4.2341866033468055e-4 210893875 210893875 0
1 11822 rs10919317 162360008 1 -4.229154428709918e-4 162360008 162360008 0
1 12253 rs987131 166136474 1 4.222568311677336e-4 166136474 166136474 0
1 12714 rs12404913 170254142 1 4.217048203051699e-4 170254142 170254142 0
1 6268 rs6658825 75974819 1 -4.216145028710437e-4 75974819 75974819 0
1 14233 rs16827441 187668728 1 -4.2122629748262265e-4 187668728 187668728 0
1 13816 rs1144566 182569626 2 4.2004348371408874e-4 182569626 182569626 0
1 4452 rs155294 57658036 1 4.171866215346845e-4 57658036 57658036 0
1 13378 rs4147158 177981232 1 4.1616654681234246e-4 177981232 177981232 0
1 1368 rs10465918 18701899 1 4.161633207261699e-4 18701899 18701899 0
1 19805 rs4654062 246042392 1 -4.156564643027303e-4 246042392 246042392 0
1 12069 rs11581789 164573864 1 -4.146304964294573e-4 164573864 164573864 0
1 5126 rs2819130 64231541 2 -4.144811159773848e-4 64231541 64231541 0
1 9883 rs10857922 112591009 1 -4.132130544682507e-4 112591009 112591009 0
1 636 rs7539725 10125407 1 -4.122790449339889e-4 10125407 10125407 0
1 15021 rs12410250 199234743 1 4.119651371616826e-4 199234743 199234743 0
1 18829 rs10927083 236109373 1 -4.115091254672354e-4 236109373 236109373 0
1 1121 rs12091326 16048005 1 -4.094477901403672e-4 16048005 16048005 0
1 5378 rs17448446 66217402 1 4.092817366115204e-4 66217402 66217402 0
1 15198 rs12139527 201009182 1 -4.090661526728023e-4 201009182 201009182 0
1 13998 rs2207526 184432880 1 -4.087740383060674e-4 184432880 184432880 0
1 6148 rs1340425 74385848 1 -4.077808593735013e-4 74385848 74385848 0
1 9164 rs4483421 105341180 1 4.0748476960959193e-4 105341180 105341180 0
1 14707 rs2131386 194679220 1 -4.066802951986712e-4 194679220 194679220 0
1 12825 rs7529080 171205078 1 4.064340400142798e-4 171205078 171205078 0
1 3695 rs517384 47952663 1 -4.0632553965668026e-4 47952663 47952663 0
1 13054 rs6681720 173384422 1 -4.051343221517324e-4 173384422 173384422 0
1 16102 rs17014649 209682162 1 -4.0365502011664056e-4 209682162 209682162 0
1 11341 rs12088518 158073254 1 4.030219530338446e-4 158073254 158073254 0
1 2505 rs6662418 30887894 1 4.027203096782027e-4 30887894 30887894 0
1 120 rs639739 4389262 1 4.0050803727312073e-4 4389262 4389262 0
1 20060 rs12404622 248035778 1 -4.002236257241076e-4 248035778 248035778 0
1 10851 rs2999535 151978287 1 -3.990545373959195e-4 151978287 151978287 0
1 18579 rs3820116 233178442 1 -3.983039342362226e-4 233178442 233178442 0
1 19714 rs6692143 245228886 1 -3.9826844312427535e-4 245228886 245228886 0
1 611 rs629524 9371099 1 -3.9731394980311473e-4 9371099 9371099 0
1 13824 rs4652741 182626738 1 -3.972128184856473e-4 182626738 182626738 0
1 1086 rs113966492 15707775 1 -3.9693632924357606e-4 15707775 15707775 0
1 16123 rs12410975 209807782 1 3.950127920381026e-4 209807782 209807782 0
1 12026 rs1337376 164159503 1 -3.937734060115222e-4 164159503 164159503 0
1 24 rs2377041 2713327 1 3.930564282123932e-4 2713327 2713327 0
1 6236 rs1249839 75818341 1 3.927688087018434e-4 75818341 75818341 0
1 1647 rs10799633 20740016 2 -3.91118867616535e-4 20740016 20740016 0
1 17687 rs2574881 224966644 1 -3.896177422282817e-4 224966644 224966644 0
1 16081 rs12119464 209568646 1 -3.889973943703451e-4 209568646 209568646 0
1 6795 rs952603 80683606 1 -3.882212025771927e-4 80683606 80683606 0
1 8896 rs12138212 102218082 1 -3.880191066018375e-4 102218082 102218082 0
1 5122 rs1395247 64212892 1 -3.879570261543996e-4 64212892 64212892 0
1 18871 rs16833586 236494413 1 -3.8772905331387384e-4 236494413 236494413 0
1 710 rs12565727 11033082 1 -3.868475332562574e-4 11033082 11033082 0
1 12562 rs12048750 168922582 1 3.8586981365203426e-4 168922582 168922582 0
1 8989 rs10493982 103171983 1 -3.8508031650292087e-4 103171983 103171983 0
1 9887 rs17740750 112604454 1 -3.850561688681399e-4 112604454 112604454 0
1 605 rs2239560 9304731 1 3.846764926756987e-4 9304731 9304731 0
1 6171 rs1022915 74907002 1 -3.84398238244982e-4 74907002 74907002 0
1 1820 rs7544210 22455142 1 3.838813463331592e-4 22455142 22455142 0
1 13429 rs6693283 178740427 1 3.838662693935247e-4 178740427 178740427 0
1 12088 rs1890535 164829035 1 3.8381082991219187e-4 164829035 164829035 0
1 9111 rs2132960 104959536 1 -3.8326018472971374e-4 104959536 104959536 0
1 3441 rs2077652 44045919 1 3.831724826247368e-4 44045919 44045919 0
1 17509 rs11118895 222093006 1 3.829999447337362e-4 222093006 222093006 0
1 14145 rs2307198 186946912 1 -3.813420691544011e-4 186946912 186946912 0
1 497 rs707467 7861684 1 -3.809417327964006e-4 7861684 7861684 0
1 8357 rs326910 96851552 1 -3.8080246422564346e-4 96851552 96851552 0
1 2057 rs12353957 24922056 1 3.78522790848086e-4 24922056 24922056 0
1 17378 rs7537305 220956012 1 3.778158898863539e-4 220956012 220956012 0
1 3109 rs1800205 40557033 1 3.7778474704669614e-4 40557033 40557033 0
1 18102 rs1341715 229018916 2 3.7688258681507e-4 229018916 229018916 0
1 16756 rs2797236 215851464 2 3.75838802852743e-4 215851464 215851464 0
1 17480 rs12036282 221951794 1 3.752083487781552e-4 221951794 221951794 0
1 16937 rs11572499 217104246 1 -3.7440527758215384e-4 217104246 217104246 0
1 9659 rs17632564 111104733 1 3.74106164902923e-4 111104733 111104733 0
1 608 rs916380 9341038 1 -3.737975688211571e-4 9341038 9341038 0
1 2759 rs6425872 34524849 1 3.734783187807589e-4 34524849 34524849 0
1 7128 rs9787364 84196920 1 -3.726136861322309e-4 84196920 84196920 0
1 12238 rs4074017 166036621 2 3.725485614225022e-4 166036621 166036621 0
1 77 rs12082157 3811810 1 3.7200669423912385e-4 3811810 3811810 0
1 9559 rs12059276 110273541 1 3.71784066076808e-4 110273541 110273541 0
1 8674 rs10875246 100206801 1 -3.7089535477052686e-4 100206801 100206801 0
1 3349 rs12141653 43135438 1 3.697137185178291e-4 43135438 43135438 0
1 1180 rs35196193 16577794 1 3.687589819015345e-4 16577794 16577794 0
1 14378 rs1540513 190301532 2 -3.685174426287171e-4 190301532 190301532 0
1 763 rs35737219 11850750 1 -3.6680814715027e-4 11850750 11850750 0
1 5568 rs1004819 67670213 2 -3.6671377613062007e-4 67670213 67670213 0
1 7168 rs2139931 84590527 1 -3.664455743831071e-4 84590527 84590527 0
1 11240 rs6427353 157109624 1 3.655815490388296e-4 157109624 157109624 0
1 1418 rs7549129 19119606 1 3.64180162775328e-4 19119606 19119606 0
1 13530 rs3738423 179533915 1 3.640496402125285e-4 179533915 179533915 0
1 10737 rs41317513 150525425 1 -3.6359738119489407e-4 150525425 150525425 0
1 1605 rs11573238 20406586 1 3.6320820177482814e-4 20406586 20406586 0
1 18382 rs524331 231355070 1 3.613933807703209e-4 231355070 231355070 0
1 19947 rs61730460 247267269 1 -3.605718885038659e-4 247267269 247267269 0
1 8227 rs12061105 95881126 2 3.597378630983631e-4 95881126 95881126 0
1 2988 rs6600436 38469500 1 3.592383070996285e-4 38469500 38469500 0
1 12428 rs10918751 167702255 1 -3.577527092205156e-4 167702255 167702255 0
1 359 rs6703057 6187086 1 3.5738077213329016e-4 6187086 6187086 0
1 11351 rs3181029 158219965 2 3.5705203877871804e-4 158219965 158219965 0
1 1618 rs12044035 20620175 1 3.5673865233978294e-4 20620175 20620175 0
1 3354 rs10493113 43158510 2 -3.561244013046404e-4 43158510 43158510 0
1 5416 rs12040042 66517050 1 -3.558806087902185e-4 66517050 66517050 0
1 1011 rs4661310 15320449 1 3.543129810698288e-4 15320449 15320449 0
1 13043 rs1342038 173301516 2 3.5231138160092567e-4 173301516 173301516 0
1 7238 rs1325278 85400182 1 3.5219422079194805e-4 85400182 85400182 0
1 17472 rs7546398 221935450 1 3.514505459983771e-4 221935450 221935450 0
1 11470 rs856142 158957703 1 3.506910332440949e-4 158957703 158957703 0
1 11825 rs34001279 162367103 1 3.505174684622926e-4 162367103 162367103 0
1 26 rs2045331 2842270 1 3.488932374492583e-4 2842270 2842270 0
1 2647 rs2453244 32975903 1 -3.487466274990828e-4 32975903 32975903 0
1 9096 rs2317259 104860634 1 3.486213523644694e-4 104860634 104860634 0
1 14304 rs4551597 188764543 2 -3.4765285506311054e-4 188764543 188764543 0
1 12351 rs7545911 166947681 1 -3.470676307519224e-4 166947681 166947681 0
1 2380 rs920600 30222525 1 3.463261856598729e-4 30222525 30222525 0
1 18880 rs6695464 236548122 2 3.458105811471254e-4 236548122 236548122 0
1 19356 rs1361748 240977252 1 3.4481363495440456e-4 240977252 240977252 0
1 18251 rs2148581 230732682 2 3.4337709810080067e-4 230732682 230732682 0
1 10689 rs11577892 147194005 1 -3.427705736373051e-4 147194005 147194005 0
1 17348 rs12408337 220622474 1 3.4222219430578467e-4 220622474 220622474 0
1 1589 rs13375942 20292378 2 -3.4206896664550854e-4 20292378 20292378 0
1 15197 rs12132696 201004512 1 3.4199343736210976e-4 201004512 201004512 0
1 5306 rs6677968 65776702 1 3.4080372727838865e-4 65776702 65776702 0
1 17491 rs6604673 221991112 1 3.4060333589160357e-4 221991112 221991112 0
1 5242 rs11208527 65294331 1 3.398754327784859e-4 65294331 65294331 0
1 15319 rs1032524 201790826 1 3.394321931591034e-4 201790826 201790826 0
1 4271 rs12405865 56106506 1 -3.3735455883782746e-4 56106506 56106506 0
1 3728 rs10890507 48309587 1 -3.3714092735416464e-4 48309587 48309587 0
1 14530 rs946962 191934144 1 -3.3625938568732896e-4 191934144 191934144 0
1 7998 rs17881908 94353668 1 -3.35778682968798e-4 94353668 94353668 0
1 5794 rs4650135 69684997 1 -3.352899282935453e-4 69684997 69684997 0
1 9860 rs4838924 112435318 1 -3.3520372774091994e-4 112435318 112435318 0
1 9077 rs7527726 104736011 1 -3.327961989603905e-4 104736011 104736011 0
1 18273 rs699 230845794 1 3.324554770879375e-4 230845794 230845794 0
1 11131 rs928596 155947875 1 -3.313633810718206e-4 155947875 155947875 0
1 7653 rs928655 89849574 1 3.310736160402565e-4 89849574 89849574 0
1 8111 rs1146267 95220161 1 3.297305245687475e-4 95220161 95220161 0
1 15287 rs1819291 201385061 1 -3.2944964348726385e-4 201385061 201385061 0
1 8938 rs3008763 102647938 1 3.292176350350909e-4 102647938 102647938 0
1 9149 rs6679989 105235777 1 -3.2664233342380927e-4 105235777 105235777 0
1 14077 rs232298 185455790 1 3.266026635117717e-4 185455790 185455790 0
1 1722 rs10493004 21442736 2 -3.262206856352713e-4 21442736 21442736 0
1 1338 rs9727014 18476187 1 3.261647796750445e-4 18476187 18476187 0
1 14602 rs842796 192902415 1 3.252970867527864e-4 192902415 192902415 0
1 11565 rs11265265 159713556 1 3.246487794116109e-4 159713556 159713556 0
1 8044 rs554931 94557357 1 3.2406671144656266e-4 94557357 94557357 0
1 3111 rs4660390 40560399 1 3.240140259584888e-4 40560399 40560399 0
1 16840 rs421821 216282495 1 3.238884764918411e-4 216282495 216282495 0
1 510 rs34305100 7913029 1 -3.234790885813543e-4 7913029 7913029 0
1 19936 rs12141826 247200639 1 3.2282942149358717e-4 247200639 247200639 0
1 6579 rs1333969 79090654 1 3.222872205292353e-4 79090654 79090654 0
1 172 rs6681032 4563129 2 3.2206678258289777e-4 4563129 4563129 0
1 8925 rs6661510 102565669 1 3.220627966739575e-4 102565669 102565669 0
1 11859 rs2684874 162797691 1 -3.1939069824723956e-4 162797691 162797691 0
1 143 rs6658372 4488979 1 3.189903775991514e-4 4488979 4488979 0
1 17511 rs7554115 222102582 1 3.185303358641207e-4 222102582 222102582 0
1 19967 rs17720872 247364063 1 3.182479900585867e-4 247364063 247364063 0
1 2822 rs868501 35097520 1 -3.181142468166295e-4 35097520 35097520 0
1 12625 rs6678795 169533266 1 3.1517479471377633e-4 169533266 169533266 0
1 8205 rs2236390 95776788 1 -3.149701181966768e-4 95776788 95776788 0
1 7656 rs6682580 89876211 1 3.1482740007799244e-4 89876211 89876211 0
1 7551 rs2503273 88273790 2 3.142460233884253e-4 88273790 88273790 0
1 10745 rs10888395 150762171 1 -3.138060961319827e-4 150762171 150762171 0
1 5315 rs7548844 65843653 1 -3.137897441333305e-4 65843653 65843653 0
1 1669 rs10916824 20918912 2 3.125089397620338e-4 20918912 20918912 0
1 13805 rs6659412 182398201 1 3.123725807705811e-4 182398201 182398201 0
1 18144 rs35006651 229462625 1 -3.122113790273792e-4 229462625 229462625 0
1 17962 rs16847833 227626662 1 -3.1118524245803906e-4 227626662 227626662 0
1 12296 rs10494467 166550436 2 -3.1076586643994313e-4 166550436 166550436 0
1 15258 rs10920173 201292473 1 -3.1075735340646446e-4 201292473 201292473 0
1 3534 rs4233497 45763753 1 3.101752781433949e-4 45763753 45763753 0
1 17771 rs576861 225744337 1 3.0978160069621653e-4 225744337 225744337 0
1 9973 rs1216796 113664440 1 -3.0835858551413295e-4 113664440 113664440 0
1 7677 rs17130851 90145252 1 3.083147263795699e-4 90145252 90145252 0
1 10304 rs3767780 117574023 1 -3.082441488858463e-4 117574023 117574023 0
1 4944 rs12729017 62674507 1 3.082262718686079e-4 62674507 62674507 0
1 17210 rs6704463 219547825 1 3.077856177945538e-4 219547825 219547825 0
1 6648 rs17102812 79593296 1 3.0765332962284233e-4 79593296 79593296 0
1 1626 rs2072752 20656824 1 -3.07555312162544e-4 20656824 20656824 0
1 17230 rs11804949 219648119 2 -3.0717098309482115e-4 219648119 219648119 0
1 3612 rs594387 47213386 1 3.068040639826385e-4 47213386 47213386 0
1 10632 rs2354432 146693229 1 -3.0680064011665703e-4 146693229 146693229 0
1 4501 rs1524713 58003131 1 -3.0587073426241825e-4 58003131 58003131 0
1 400 rs17441375 6886308 1 3.052253726188457e-4 6886308 6886308 0
1 16608 rs2196943 214355392 1 -3.0271454619020736e-4 214355392 214355392 0
1 2015 rs41268753 24669457 2 3.023180686257243e-4 24669457 24669457 0
1 2247 rs477306 27377401 1 -3.006925013428269e-4 27377401 27377401 0
1 12948 rs598562 172164499 1 -2.987464424400461e-4 172164499 172164499 0
1 18643 rs780083 233796651 1 2.9839899101894086e-4 233796651 233796651 0
1 5171 rs11208387 64706743 1 -2.98333938727632e-4 64706743 64706743 0
1 1477 rs12133034 19622270 1 2.969418363190042e-4 19622270 19622270 0
1 7179 rs315528 84810396 1 -2.9271288426514953e-4 84810396 84810396 0
1 10594 rs6683357 121164607 1 -2.9246307818738833e-4 121164607 121164607 0
1 13960 rs6694958 184149821 1 -2.919292762850548e-4 184149821 184149821 0
1 7107 rs4243779 84032625 1 -2.917266753812545e-4 84032625 84032625 0
1 11841 rs988383 162625756 1 -2.916292905686961e-4 162625756 162625756 0
1 11361 rs7547997 158341273 1 2.9121293072530743e-4 158341273 158341273 0
1 9293 rs4440890 107110129 1 2.897711965697138e-4 107110129 107110129 0
1 13430 rs10913626 178761815 1 -2.8957006344904046e-4 178761815 178761815 0
1 7785 rs358689 91444533 1 -2.890441853373262e-4 91444533 91444533 0
1 10639 rs11239953 146717564 1 2.888958799660788e-4 146717564 146717564 0
1 16072 rs2250701 209397138 1 -2.886154376626403e-4 209397138 209397138 0
1 3243 rs6664724 42093821 2 -2.881966667570064e-4 42093821 42093821 0
1 12027 rs11800877 164159810 1 2.8669849569376625e-4 164159810 164159810 0
1 13829 rs12118059 182740586 2 -2.8588108966407167e-4 182740586 182740586 0
1 17107 rs1338445 218439928 1 2.84657285401504e-4 218439928 218439928 0
1 4603 rs11207206 58824988 1 2.8258213084631715e-4 58824988 58824988 0
1 7920 rs7515577 93009438 1 -2.823268768039104e-4 93009438 93009438 0
1 3239 rs35624100 42046491 1 -2.8176728629456075e-4 42046491 42046491 0
1 9797 rs1539581 111946958 1 -2.808725717969802e-4 111946958 111946958 0
1 4122 rs1172779 55059295 1 2.8057953483223903e-4 55059295 55059295 0
1 880 rs7537478 14192950 2 -2.7945009092764865e-4 14192950 14192950 0
1 18731 rs12024374 234384658 1 -2.791878008332713e-4 234384658 234384658 0
1 3671 rs6690084 47794706 1 -2.7780447397380404e-4 47794706 47794706 0
1 7074 rs11163582 83297866 1 -2.7672704663326864e-4 83297866 83297866 0
1 12024 rs2210960 164153205 2 2.7666805611725645e-4 164153205 164153205 0
1 18094 rs801109 228989201 1 -2.761796122606259e-4 228989201 228989201 0
1 8180 rs2148796 95622341 1 -2.756436493356033e-4 95622341 95622341 0
1 20028 rs1144815 247781569 2 -2.7534761506907196e-4 247781569 247781569 0
1 6276 rs211699 76025003 1 2.731260147156117e-4 76025003 76025003 0
1 14767 rs10801449 195708999 1 -2.730840432495801e-4 195708999 195708999 0
1 15052 rs945877 199519005 1 2.7137219504440996e-4 199519005 199519005 0
1 14271 rs2192114 187835370 1 2.6998412085090895e-4 187835370 187835370 0
1 3039 rs2985774 39071272 1 -2.6955870662242283e-4 39071272 39071272 0
1 17146 rs12026846 218940944 1 -2.695570459023634e-4 218940944 218940944 0
1 1302 rs620547 18231349 2 2.6898525803523523e-4 18231349 18231349 0
1 7844 rs2029354 92181670 1 2.6855515348380213e-4 92181670 92181670 0
1 48 rs2455099 3181415 1 -2.6798904325769116e-4 3181415 3181415 0
1 6117 rs11210235 73878194 1 2.675260068495901e-4 73878194 73878194 0
1 1758 rs1256279 21914362 1 -2.673685606799998e-4 21914362 21914362 0
1 14756 rs2119441 195392852 1 2.671388836715732e-4 195392852 195392852 0
1 4992 rs1167998 62931632 1 -2.656436500397965e-4 62931632 62931632 0
1 11766 rs1337072 162104658 1 -2.656108728269237e-4 162104658 162104658 0
1 4617 rs338934 58857666 1 2.648515399814765e-4 58857666 58857666 0
1 11189 rs1056695 156622252 1 2.645081873176897e-4 156622252 156622252 0
1 12949 rs633995 172186729 1 -2.633590107571703e-4 172186729 172186729 0
1 9221 rs777095 106063610 1 -2.6029264839684736e-4 106063610 106063610 0
1 14683 rs4381164 194416810 2 -2.600266865315657e-4 194416810 194416810 0
1 19903 rs7513496 246907206 1 2.596507747945131e-4 246907206 246907206 0
1 9912 rs2998359 112780618 1 2.5790113582979565e-4 112780618 112780618 0
1 2251 rs11247639 27679692 1 2.5764427460509785e-4 27679692 27679692 0
1 1393 rs7512414 18807536 2 -2.573473720962946e-4 18807536 18807536 0
1 11334 rs7527735 158023515 1 -2.569840403620213e-4 158023515 158023515 0
1 7391 rs17128768 86507592 1 2.5646525981794065e-4 86507592 86507592 0
1 15914 rs694748 208055666 1 -2.56091581766722e-4 208055666 208055666 0
1 332 rs971816 5707091 1 -2.5549142966444367e-4 5707091 5707091 0
1 4276 rs7518530 56143209 1 -2.553321538752777e-4 56143209 56143209 0
1 7747 rs10159226 91010959 1 2.5449767996795706e-4 91010959 91010959 0
1 11243 rs11264631 157176781 1 2.5428563128414403e-4 157176781 157176781 0
1 15873 rs4317805 207652992 1 -2.5403088002575147e-4 207652992 207652992 0
1 2963 rs11264082 38122012 1 2.524821967174113e-4 38122012 38122012 0
1 583 rs12145292 9118596 1 -2.520405482203152e-4 9118596 9118596 0
1 4267 rs709397 56090323 1 -2.4853082357867315e-4 56090323 56090323 0
1 14117 rs3131549 186353461 1 -2.479540395659332e-4 186353461 186353461 0
1 18637 rs780256 233743103 1 -2.478095599648201e-4 233743103 233743103 0
1 14669 rs2584256 194084297 1 -2.4767324337949875e-4 194084297 194084297 0
1 1340 rs12126587 18478269 1 2.471879539646247e-4 18478269 18478269 0
1 853 rs10803324 13787005 1 -2.465654705565791e-4 13787005 13787005 0
1 17609 rs7517868 224251666 2 2.4582348361986263e-4 224251666 224251666 0
1 18443 rs11584798 232066277 2 -2.455886516632912e-4 232066277 232066277 0
1 199 rs3896439 4668670 1 -2.45405474575869e-4 4668670 4668670 0
1 4590 rs552352 58733050 1 -2.4508832089189435e-4 58733050 58733050 0
1 5556 rs17129664 67583298 2 -2.4495436101429455e-4 67583298 67583298 0
1 8968 rs12060427 102922025 1 2.448224553498966e-4 102922025 102922025 0
1 12581 rs10919062 169088947 1 2.444360492981022e-4 169088947 169088947 0
1 6953 rs9662482 82241874 1 -2.444017362513718e-4 82241874 82241874 0
1 14636 rs990812 193763292 1 2.4422913095774595e-4 193763292 193763292 0
1 18856 rs10924453 236327799 1 -2.435924740587401e-4 236327799 236327799 0
1 1145 rs10927875 16299312 1 2.433067683268821e-4 16299312 16299312 0
1 14241 rs10912148 187687844 1 -2.4268376341875824e-4 187687844 187687844 0
1 17743 rs17521900 225516861 1 2.4228958357236217e-4 225516861 225516861 0
1 3198 rs4660184 41524538 1 2.4142731448434092e-4 41524538 41524538 0
1 13621 rs7513944 180523777 1 -2.3937978871964625e-4 180523777 180523777 0
1 17864 rs10495245 226640376 1 -2.3869058239080104e-4 226640376 226640376 0
1 6507 rs3104467 77971047 1 2.3837435246117124e-4 77971047 77971047 0
1 6610 rs12037897 79350842 1 -2.3815406928102647e-4 79350842 79350842 0
1 2032 rs10489442 24749079 2 -2.3773948341305497e-4 24749079 24749079 0
1 19107 rs11810140 238690302 1 -2.3754566817853185e-4 238690302 238690302 0
1 17005 rs17654742 217472265 1 2.3643774416031604e-4 217472265 217472265 0
1 17685 rs1010735 224915429 1 2.35036242819262e-4 224915429 224915429 0
1 17657 rs6661853 224820448 2 2.3498017923592024e-4 224820448 224820448 0
1 4368 rs17469007 56872794 1 -2.3431431381950907e-4 56872794 56872794 0
1 17447 rs9726422 221604980 1 -2.33359849173912e-4 221604980 221604980 0
1 15288 rs10800777 201400088 1 -2.3221995124238695e-4 201400088 201400088 0
1 15276 rs2996494 201343638 1 2.3089888457939432e-4 201343638 201343638 0
1 16429 rs2298095 211917176 1 -2.3075390090752292e-4 211917176 211917176 0
1 12295 rs12030083 166546775 1 2.306530903324255e-4 166546775 166546775 0
1 3195 rs16827810 41447366 1 -2.304450252688922e-4 41447366 41447366 0
1 6140 rs17576753 74245076 1 -2.3024536703840115e-4 74245076 74245076 0
1 5867 rs1327881 70419661 1 2.3023489791452616e-4 70419661 70419661 0
1 1851 rs2807338 22577425 1 2.2726582521704497e-4 22577425 22577425 0
1 11686 rs4657015 161272441 1 -2.2684060058292868e-4 161272441 161272441 0
1 14210 rs1938515 187402854 1 -2.26674679373319e-4 187402854 187402854 0
1 1958 rs7522616 23794914 1 -2.2588537031926345e-4 23794914 23794914 0
1 9547 rs7537507 110131105 1 -2.258313143495544e-4 110131105 110131105 0
1 10979 rs957195 153299374 1 2.2523128326082097e-4 153299374 153299374 0
1 17033 rs12124165 217796299 1 -2.2520235941600472e-4 217796299 217796299 0
1 5846 rs17325299 70154480 2 2.2504514754989296e-4 70154480 70154480 0
1 11908 rs10917653 162927922 1 2.2446617272689644e-4 162927922 162927922 0
1 2354 rs10915035 30067017 1 -2.243015951769763e-4 30067017 30067017 0
1 239 rs10915645 4928187 1 -2.2361182911191692e-4 4928187 4928187 0
1 6040 rs1335223 72038497 1 -2.2339803783476736e-4 72038497 72038497 0
1 3452 rs11210896 44103275 1 2.2335274157575448e-4 44103275 44103275 0
1 9348 rs1335051 107658862 2 -2.2081001716791845e-4 107658862 107658862 0
1 11746 rs2490420 161964536 1 -2.1999829253427757e-4 161964536 161964536 0
1 816 rs945439 12248942 1 2.1957620593950265e-4 12248942 12248942 0
1 7918 rs17371561 92981239 1 -2.193842150294045e-4 92981239 92981239 0
1 1766 rs829412 21953436 1 2.191507531154443e-4 21953436 21953436 0
1 7842 rs2296620 92174563 2 -2.179032469942768e-4 92174563 92174563 0
1 2868 rs1416840 36888462 2 -2.17723058322457e-4 36888462 36888462 0
1 2648 rs10914577 33034876 1 2.175127753300689e-4 33034876 33034876 0
1 17938 rs4329477 227552494 1 -2.1706998510928784e-4 227552494 227552494 0
1 10862 rs1552991 152165878 1 -2.165849156462104e-4 152165878 152165878 0
1 3874 rs1502856 50871847 1 2.1513791435221925e-4 50871847 50871847 0
1 15923 rs614732 208112125 1 2.146044857499683e-4 208112125 208112125 0
1 12810 rs2020863 171174531 1 -2.1092000380155824e-4 171174531 171174531 0
1 1897 rs17433222 22978646 2 2.1079395386827313e-4 22978646 22978646 0
1 3947 rs1288386 53535478 1 2.1054032068301183e-4 53535478 53535478 0
1 15723 rs10900524 205748309 1 2.0993825928279145e-4 205748309 205748309 0
1 19334 rs2185285 240674472 1 2.0941622632313257e-4 240674472 240674472 0
1 19884 rs10924771 246694480 1 -2.0929936612871903e-4 246694480 246694480 0
1 12258 rs6659816 166185037 1 2.087417269504327e-4 166185037 166185037 0
1 9232 rs12039028 106243448 1 -2.0868357818903824e-4 106243448 106243448 0
1 13763 rs1689791 182151909 1 -2.072833133899951e-4 182151909 182151909 0
1 16027 rs12403109 208969750 1 2.0612355829618877e-4 208969750 208969750 0
1 11080 rs11264268 154796520 1 -2.0564763055925617e-4 154796520 154796520 0
1 1412 rs9439731 19059471 2 -2.0336896502763232e-4 19059471 19059471 0
1 19602 rs10803133 243454014 1 -2.026965465255944e-4 243454014 243454014 0
1 18914 rs819639 236893599 1 -2.0099550448797584e-4 236893599 236893599 0
1 15411 rs4950887 202870330 1 -1.9911120828857215e-4 202870330 202870330 0
1 19092 rs7540190 238534722 1 -1.9855608835595665e-4 238534722 238534722 0
1 1375 rs1533622 18722846 1 -1.9745025335585003e-4 18722846 18722846 0
1 9472 rs828999 108744934 1 -1.9727046482826544e-4 108744934 108744934 0
1 11291 rs6680515 157463366 1 1.956465213803248e-4 157463366 157463366 0
1 5437 rs519044 66756717 1 1.9474200859966945e-4 66756717 66756717 0
1 19704 rs9662967 244957186 1 1.9462466086559043e-4 244957186 244957186 0
1 15054 rs6691743 199531025 1 1.946232286865827e-4 199531025 199531025 0
1 18769 rs4920259 234689664 1 1.94126019841241e-4 234689664 234689664 0
1 15760 rs12060726 206595436 1 -1.9392886038088712e-4 206595436 206595436 0
1 2964 rs6687329 38127154 1 1.93617394324634e-4 38127154 38127154 0
1 16141 rs10779513 209939599 1 1.9340626996142165e-4 209939599 209939599 0
1 2764 rs11581276 34586161 1 1.9282958553344895e-4 34586161 34586161 0
1 2075 rs10903108 25188940 2 -1.9197294285445805e-4 25188940 25188940 0
1 5821 rs9326089 69909410 1 1.9195013978308767e-4 69909410 69909410 0
1 15919 rs12029239 208072626 1 1.9191751079297953e-4 208072626 208072626 0
1 18521 rs10495328 232633312 1 -1.918206671369941e-4 232633312 232633312 0
1 15163 rs7535122 200672699 1 1.9150730950553697e-4 200672699 200672699 0
1 12323 rs539482 166640279 1 -1.909931087915107e-4 166640279 166640279 0
1 17223 rs2820455 219596070 1 -1.8916001001028311e-4 219596070 219596070 0
1 15622 rs11240346 205034552 1 -1.8866429432732953e-4 205034552 205034552 0
1 2557 rs2275741 31426815 1 1.8802406711751436e-4 31426815 31426815 0
1 2652 rs359955 33134774 1 -1.878105678545198e-4 33134774 33134774 0
1 9792 rs17027501 111905989 1 -1.873824759461032e-4 111905989 111905989 0
1 12701 rs10919319 170152927 1 1.8710021674089928e-4 170152927 170152927 0
1 10147 rs4626883 115849938 1 -1.8531184222194487e-4 115849938 115849938 0
1 9746 rs2274232 111773600 1 1.8419662644368975e-4 111773600 111773600 0
1 5246 rs310219 65315298 1 1.840463409485184e-4 65315298 65315298 0
1 7467 rs1886632 87610246 1 1.8369975471645557e-4 87610246 87610246 0
1 5562 rs4655683 67611613 1 -1.8342838581612985e-4 67611613 67611613 0
1 13249 rs2038114 176816410 1 -1.8171214890460384e-4 176816410 176816410 0
1 13677 rs7523745 181274415 1 1.817095580240043e-4 181274415 181274415 0
1 10589 rs2641348 120437884 1 1.814112220334481e-4 120437884 120437884 0
1 9294 rs10494045 107112572 1 -1.8056404845791875e-4 107112572 107112572 0
1 18435 rs12730369 231993738 1 -1.8036793464251623e-4 231993738 231993738 0
1 3136 rs6656226 40848821 1 -1.8030363478230407e-4 40848821 40848821 0
1 7614 rs13376108 89350741 1 1.797804244602201e-4 89350741 89350741 0
1 1694 rs3753834 20988911 1 1.788821082633765e-4 20988911 20988911 0
1 8605 rs3889240 99601609 1 1.7858455491536447e-4 99601609 99601609 0
1 14372 rs815330 190164775 2 1.7827741741547102e-4 190164775 190164775 0
1 1662 rs640880 20907051 2 1.780324596946113e-4 20907051 20907051 0
1 17799 rs2854451 226012614 1 1.7734788753575806e-4 226012614 226012614 0
1 7235 rs4907013 85371391 1 -1.7719359002715994e-4 85371391 85371391 0
1 3203 rs12022978 41554088 2 -1.763990175942276e-4 41554088 41554088 0
1 8875 rs3844029 101976237 1 -1.7484023941651363e-4 101976237 101976237 0
1 8692 rs28730701 100340782 1 1.7371591795890725e-4 100340782 100340782 0
1 1674 rs580032 20933893 1 -1.7278706756851218e-4 20933893 20933893 0
1 3147 rs7511983 40966167 2 1.714126847925817e-4 40966167 40966167 0
1 15094 rs3790844 200007432 1 1.7132660702077565e-4 200007432 200007432 0
1 7784 rs1210008 91330027 1 -1.7031144308059704e-4 91330027 91330027 0
1 10891 rs12089980 152431931 1 1.699618851254932e-4 152431931 152431931 0
1 11540 rs4325129 159462381 1 1.6972164616148495e-4 159462381 159462381 0
1 10682 rs1344 147119273 1 -1.69301605809179e-4 147119273 147119273 0
1 19664 rs4658627 244511176 1 1.691812420496165e-4 244511176 244511176 0
1 12565 rs10489371 168932500 1 -1.6914096533249417e-4 168932500 168932500 0
1 19709 rs7524543 245116281 1 -1.6815757720173066e-4 245116281 245116281 0
1 4670 rs6664131 59396262 2 -1.6777466098334172e-4 59396262 59396262 0
1 1390 rs1360918 18805988 2 1.6749335205693276e-4 18805988 18805988 0
1 14905 rs12561995 197976444 1 1.674507276553091e-4 197976444 197976444 0
1 8616 rs712904 99723764 1 1.6725880035566308e-4 99723764 99723764 0
1 7713 rs12118850 90821777 1 1.6657716068755593e-4 90821777 90821777 0
1 16557 rs4655454 213805502 1 1.6582235433824555e-4 213805502 213805502 0
1 12587 rs7552323 169103323 1 1.6581092438483684e-4 169103323 169103323 0
1 6469 rs1993266 77778608 1 -1.6482193627748734e-4 77778608 77778608 0
1 5291 rs12401887 65625752 1 -1.647718566285995e-4 65625752 65625752 0
1 4534 rs1202822 58346207 2 1.6414664149758796e-4 58346207 58346207 0
1 15117 rs2204309 200199971 1 -1.6359007656123752e-4 200199971 200199971 0
1 8102 rs3885983 95110447 2 -1.630610550358558e-4 95110447 95110447 0
1 16971 rs4846809 217240584 1 -1.626904967195993e-4 217240584 217240584 0
1 6593 rs7524036 79158657 1 1.6203619895060597e-4 79158657 79158657 0
1 7422 rs6420970 86651803 1 -1.6115095277737695e-4 86651803 86651803 0
1 900 rs12118400 14290847 1 1.6077440486021076e-4 14290847 14290847 0
1 9743 rs1282275 111629571 1 1.6021364631034707e-4 111629571 111629571 0
1 4383 rs4912291 56941387 1 -1.5951668418648496e-4 56941387 56941387 0
1 4410 rs2796516 57131323 1 1.590913142020494e-4 57131323 57131323 0
1 12479 rs7512951 168309388 2 -1.5854867201025506e-4 168309388 168309388 0
1 10585 rs3009186 120380990 1 -1.583024091023693e-4 120380990 120380990 0
1 5317 rs10889546 65851759 1 1.5803986716573978e-4 65851759 65851759 0
1 11098 rs7517162 155086905 1 -1.580381288591029e-4 155086905 155086905 0
1 8881 rs1484315 102080843 1 1.5734320445463934e-4 102080843 102080843 0
1 9445 rs4423038 108587458 1 -1.5723579127827333e-4 108587458 108587458 0
1 13420 rs2811249 178657582 1 1.5559435974333487e-4 178657582 178657582 0
1 12828 rs12720462 171217691 1 1.541085975227485e-4 171217691 171217691 0
1 17651 rs4654049 224772910 1 1.5374645815061932e-4 224772910 224772910 0
1 2821 rs7548924 35095368 1 -1.53369148278605e-4 35095368 35095368 0
1 15462 rs4971226 203256800 1 1.5163103460473124e-4 203256800 203256800 0
1 6141 rs4147207 74251125 1 -1.5130656103816355e-4 74251125 74251125 0
1 16857 rs12134474 216446653 1 1.512991076104715e-4 216446653 216446653 0
1 16517 rs1890932 213046236 1 -1.512523862476053e-4 213046236 213046236 0
1 16449 rs7519168 212393385 1 -1.5071208221746502e-4 212393385 212393385 0
1 17465 rs6604665 221869434 1 -1.5037490388875618e-4 221869434 221869434 0
1 584 rs765617 9121782 1 1.501352739596827e-4 9121782 9121782 0
1 19780 rs2791362 245911746 1 1.498504614749323e-4 245911746 245911746 0
1 6611 rs4284216 79351153 1 -1.493838603872989e-4 79351153 79351153 0
1 14375 rs2419063 190256835 1 -1.4873377547557786e-4 190256835 190256835 0
1 18862 rs2477586 236384941 1 -1.481835017154986e-4 236384941 236384941 0
1 4262 rs1392130 56072554 2 1.478795266404217e-4 56072554 56072554 0
1 15365 rs16849726 202135457 1 -1.4727637079932913e-4 202135457 202135457 0
1 11079 rs6699284 154774916 1 -1.469690794187319e-4 154774916 154774916 0
1 13012 rs12037853 172852403 1 -1.4652631140967025e-4 172852403 172852403 0
1 1095 rs6685648 15825195 1 1.460985392107275e-4 15825195 15825195 0
1 11409 rs3738791 158606449 2 1.458693938142658e-4 158606449 158606449 0
1 9715 rs6672672 111397090 1 1.4564940137227597e-4 111397090 111397090 0
1 8680 rs6689305 100268991 2 -1.4395153863421277e-4 100268991 100268991 0
1 3577 rs6683116 46975773 1 1.428303934980915e-4 46975773 46975773 0
1 7719 rs17131031 90854258 1 1.4215117617002478e-4 90854258 90854258 0
1 6651 rs10158555 79729175 1 1.4192466817250976e-4 79729175 79729175 0
1 854 rs3013105 13802325 1 -1.4181305196808312e-4 13802325 13802325 0
1 6886 rs1195685 81617971 1 -1.4113407522562847e-4 81617971 81617971 0
1 15177 rs296543 200889833 1 -1.4099570176801e-4 200889833 200889833 0
1 14119 rs1882926 186411579 1 1.404830585689234e-4 186411579 186411579 0
1 3923 rs706497 53114736 1 -1.402012826377237e-4 53114736 53114736 0
1 19363 rs2796742 241042131 2 -1.3978114733696997e-4 241042131 241042131 0
1 6641 rs6691975 79490302 1 1.392788736984677e-4 79490302 79490302 0
1 14966 rs3736930 198505830 1 1.391220425362455e-4 198505830 198505830 0
1 14983 rs3754098 198658856 1 -1.3900783849838302e-4 198658856 198658856 0
1 20009 rs10802514 247637749 1 -1.3825495399974385e-4 247637749 247637749 0
1 18107 rs778532 229128091 1 1.3762311131014274e-4 229128091 229128091 0
1 10189 rs11580293 116246752 1 -1.3761542035051544e-4 116246752 116246752 0
1 18072 rs7355046 228793246 1 1.3746660053165147e-4 228793246 228793246 0
1 16275 rs1890843 210836847 1 -1.3663712981372233e-4 210836847 210836847 0
1 10826 rs1211981 151632646 1 1.363572789296507e-4 151632646 151632646 0
1 7923 rs11808092 93073228 1 -1.3620184742466727e-4 93073228 93073228 0
1 19616 rs10927046 243801190 1 1.3553596874932606e-4 243801190 243801190 0
1 13943 rs1926868 183955574 1 -1.348201258562338e-4 183955574 183955574 0
1 1792 rs1138469 22150118 1 -1.345120505395377e-4 22150118 22150118 0
1 12450 rs203848 167849327 1 1.343084889925221e-4 167849327 167849327 0
1 12575 rs10919051 169041144 1 -1.3382032060065468e-4 169041144 169041144 0
1 4120 rs17110757 55049806 1 -1.3278894355616138e-4 55049806 55049806 0
1 278 rs12043691 5248448 1 -1.3222400652651196e-4 5248448 5248448 0
1 10286 rs797999 117293763 1 1.314377031436277e-4 117293763 117293763 0
1 18754 rs111283864 234565176 1 1.3095534451213638e-4 234565176 234565176 0
1 11093 rs12023499 155031376 1 -1.302709601377371e-4 155031376 155031376 0
1 937 rs929125 14477944 1 1.3018307747451847e-4 14477944 14477944 0
1 9889 rs12566649 112606027 1 -1.296099344505867e-4 112606027 112606027 0
1 4196 rs12071251 55776971 1 1.2935259350862943e-4 55776971 55776971 0
1 9517 rs2093933 109723188 1 -1.2839829626502857e-4 109723188 109723188 0
1 14380 rs12724000 190351677 2 -1.2797493149254262e-4 190351677 190351677 0
1 5673 rs17130529 68614320 1 -1.2789418484093027e-4 68614320 68614320 0
1 2832 rs6656903 35168382 1 1.261083524861185e-4 35168382 35168382 0
1 4726 rs12732614 60157178 1 -1.25011820557605e-4 60157178 60157178 0
1 16606 rs1223798 214347831 2 -1.2439671828259283e-4 214347831 214347831 0
1 10352 rs320348 118133639 1 -1.2339040746768044e-4 118133639 118133639 0
1 2106 rs4082732 25377908 1 -1.2231694246848037e-4 25377908 25377908 0
1 5399 rs11578009 66371682 1 -1.22034574126793e-4 66371682 66371682 0
1 9870 rs6699612 112497742 1 -1.2071186605537176e-4 112497742 112497742 0
1 9333 rs4244120 107480854 1 1.2052543883454713e-4 107480854 107480854 0
1 18682 rs16859773 234016310 1 1.1700646041358868e-4 234016310 234016310 0
1 9719 rs2885805 111417915 1 -1.1613939288843024e-4 111417915 111417915 0
1 3050 rs9970708 39398656 1 -1.1594691369879388e-4 39398656 39398656 0
1 7968 rs12133576 93816400 1 -1.159320144547781e-4 93816400 93816400 0
1 12691 rs10919307 170118691 1 1.1584587141002828e-4 170118691 170118691 0
1 6233 rs10493570 75780028 1 -1.1548795997385503e-4 75780028 75780028 0
1 15116 rs3861927 200199414 1 1.1537276166595376e-4 200199414 200199414 0
1 3003 rs6702480 38715252 1 1.1515252088918272e-4 38715252 38715252 0
1 5941 rs12135331 71332220 1 -1.1449382072566996e-4 71332220 71332220 0
1 17128 rs3009947 218689155 2 -1.1395914989839126e-4 218689155 218689155 0
1 6068 rs10518395 72482645 1 1.1385940546423464e-4 72482645 72482645 0
1 11216 rs147639000 156878044 1 -1.1355994944650472e-4 156878044 156878044 0
1 15200 rs2297905 201016646 1 -1.1254397438634934e-4 201016646 201016646 0
1 1392 rs7528206 18807117 2 1.1246772133941224e-4 18807117 18807117 0
1 11677 rs11584174 161212453 1 1.121629995798537e-4 161212453 161212453 0
1 12041 rs7520925 164216796 1 -1.1196879267966016e-4 164216796 164216796 0
1 19992 rs7525979 247587408 1 1.111543327319579e-4 247587408 247587408 0
1 4967 rs41309173 62740264 1 -1.110890371376887e-4 62740264 62740264 0
1 14882 rs1775456 197733055 1 1.1097518987455851e-4 197733055 197733055 0
1 17801 rs3753659 226012717 2 -1.1070568062521015e-4 226012717 226012717 0
1 2843 rs7552070 35497529 1 1.104133464863978e-4 35497529 35497529 0
1 8208 rs17113368 95786229 1 1.1017711954597076e-4 95786229 95786229 0
1 12347 rs742048 166910145 1 1.096807738710697e-4 166910145 166910145 0
1 10185 rs17034249 116240721 1 -1.0892255485402468e-4 116240721 116240721 0
1 1757 rs1256328 21896767 1 -1.0778913656135837e-4 21896767 21896767 0
1 17535 rs17577025 223449017 1 1.0678360714671944e-4 223449017 223449017 0
1 6991 rs12125527 82503980 1 -1.067372026411911e-4 82503980 82503980 0
1 13562 rs17370763 179866874 1 -1.0650193357482347e-4 179866874 179866874 0
1 4662 rs1980700 59244792 1 -1.0578865608061964e-4 59244792 59244792 0
1 17608 rs4551564 224237716 1 -1.0528427654756044e-4 224237716 224237716 0
1 6473 rs4949653 77822519 1 -1.047695472533646e-4 77822519 77822519 0
1 19911 rs4926465 246968455 2 1.0443694509209038e-4 246968455 246968455 0
1 10196 rs7518005 116284944 1 1.0397202875862814e-4 116284944 116284944 0
1 6340 rs1251578 76550721 1 1.0257385884402631e-4 76550721 76550721 0
1 17177 rs10495118 219137136 1 1.0239270226113208e-4 219137136 219137136 0
1 11902 rs2343508 162896697 1 1.0121768779624368e-4 162896697 162896697 0
1 11685 rs12093075 161263380 1 1.010341771079374e-4 161263380 161263380 0
1 11938 rs4657252 163157126 1 1.0061023350059352e-4 163157126 163157126 0
1 3623 rs2065996 47275241 1 1.0015162311552331e-4 47275241 47275241 0
1 4001 rs12083302 53803639 1 9.924177273253767e-5 53803639 53803639 0
1 9153 rs4272631 105254921 1 -9.88371204257374e-5 105254921 105254921 0
1 1407 rs7543000 18932744 1 9.830667549003122e-5 18932744 18932744 0
1 15533 rs4338423 204231164 1 -9.830090370906416e-5 204231164 204231164 0
1 17325 rs12040095 220393414 1 9.803697385704237e-5 220393414 220393414 0
1 7508 rs1006625 87877540 1 -9.796039561321628e-5 87877540 87877540 0
1 19212 rs6690809 239974006 1 -9.770655196894543e-5 239974006 239974006 0
1 11221 rs868188 156907115 1 9.7158995401119e-5 156907115 156907115 0
1 12207 rs10918271 165704732 1 9.62862255556134e-5 165704732 165704732 0
1 2749 rs12563211 34486225 1 9.61779687351688e-5 34486225 34486225 0
1 12350 rs2075982 166929527 2 9.531468696368898e-5 166929527 166929527 0
1 19866 rs12404422 246441421 1 9.4975005354501e-5 246441421 246441421 0
1 709 rs2003046 11032827 1 -9.465559788532994e-5 11032827 11032827 0
1 18900 rs6671787 236797308 2 -9.465411033140992e-5 236797308 236797308 0
1 9073 rs12067399 104654614 1 -9.456646140771296e-5 104654614 104654614 0
1 3196 rs79974017 41482976 1 9.435593919615028e-5 41482976 41482976 0
1 11672 rs2501873 161204538 1 9.410162683171023e-5 161204538 161204538 0
1 17495 rs10495181 222021079 1 -9.360321293651067e-5 222021079 222021079 0
1 13247 rs1325598 176792249 1 -9.34638381857055e-5 176792249 176792249 0
1 4723 rs7540838 60128805 1 -9.3104630461921515e-05 60128805 60128805 0
1 430 rs4243823 7088855 1 9.252388288639996e-5 7088855 7088855 0
1 12710 rs1412788 170208425 1 -9.24686721397894e-5 170208425 170208425 0
1 846 rs11809649 12808591 1 -9.227027037137618e-5 12808591 12808591 0
1 8798 rs3737580 101360215 1 -9.12959047903679e-5 101360215 101360215 0
1 17295 rs4846603 219968010 1 9.079933927216763e-5 219968010 219968010 0
1 13806 rs497915 182406654 1 -8.97912779737945e-5 182406654 182406654 0
1 18139 rs9435865 229377014 1 -8.945007275945149e-5 229377014 229377014 0
1 18484 rs9308491 232310039 2 -8.939563866174402e-5 232310039 232310039 0
1 11613 rs10908788 160548263 1 -8.853360589603946e-5 160548263 160548263 0
1 4273 rs10443236 56110248 1 8.842979601721725e-5 56110248 56110248 0
1 14134 rs6685652 186831728 1 -8.834373452571867e-5 186831728 186831728 0
1 20011 rs10802515 247647970 2 -8.588954084430602e-5 247647970 247647970 0
1 14039 rs10911659 184905261 1 -8.519693494613005e-5 184905261 184905261 0
1 12722 rs16863343 170391041 1 8.482907197925544e-5 170391041 170391041 0
1 12793 rs11803918 171133716 1 -8.357557065225536e-5 171133716 171133716 0
1 2594 rs4949416 31953898 1 8.277969885943297e-5 31953898 31953898 0
1 11593 rs11265346 160148810 1 8.094411733655337e-5 160148810 160148810 0
1 15119 rs10919858 200204364 1 8.02993561018538e-5 200204364 200204364 0
1 14496 rs7515438 191199033 1 -8.012663242378749e-5 191199033 191199033 0
1 6466 rs11806344 77756532 1 7.941351860069472e-5 77756532 77756532 0
1 16545 rs4655421 213659931 1 7.826758632090903e-5 213659931 213659931 0
1 12342 rs6675033 166826655 1 -7.814159717323631e-5 166826655 166826655 0
1 11227 rs7542311 156964052 1 -7.761746917561832e-5 156964052 156964052 0
1 11967 rs4657284 163440717 1 7.757526590194353e-5 163440717 163440717 0
1 15056 rs16845170 199557306 1 7.739735918695818e-5 199557306 199557306 0
1 4789 rs1501246 60828648 1 7.632850529670474e-5 60828648 60828648 0
1 8776 rs4584412 101181576 1 7.555285281475715e-5 101181576 101181576 0
1 14364 rs2211430 190099810 1 -7.549744583664209e-5 190099810 190099810 0
1 14318 rs421604 189548411 1 -7.531712041863306e-5 189548411 189548411 0
1 15199 rs13374149 201012484 1 -7.529801083210474e-5 201012484 201012484 0
1 19225 rs1124375 240127293 1 7.48482195505021e-5 240127293 240127293 0
1 14640 rs10801260 193808170 1 -7.477089587103235e-5 193808170 193808170 0
1 12264 rs9943264 166299138 1 7.455157153096575e-5 166299138 166299138 0
1 10877 rs6587667 152329852 1 -7.447729855673765e-5 152329852 152329852 0
1 9674 rs2797537 111193595 1 7.330434020343636e-5 111193595 111193595 0
1 4794 rs7529292 60876146 1 -7.289659155982196e-5 60876146 60876146 0
1 18487 rs1984027 232316602 1 -7.23695010073859e-5 232316602 232316602 0
1 4170 rs2182833 55500429 1 -7.236696494019497e-5 55500429 55500429 0
1 9487 rs2184083 109261971 1 7.199264107172992e-5 109261971 109261971 0
1 365 rs7529205 6473294 1 -7.072772746517735e-5 6473294 6473294 0
1 12015 rs10917900 164033885 1 -6.95323715555046e-5 164033885 164033885 0
1 4907 rs2183995 62479403 1 -6.927545874333289e-5 62479403 62479403 0
1 19113 rs624912 238741253 1 -6.874811874239326e-5 238741253 238741253 0
1 17309 rs6700061 220098329 1 6.850551457275234e-5 220098329 220098329 0
1 9938 rs12049572 113140583 1 6.783645828733952e-5 113140583 113140583 0
1 14115 rs12134934 186281400 1 -6.762832665119879e-5 186281400 186281400 0
1 13670 rs2501540 181243896 2 -6.724775528783292e-5 181243896 181243896 0
1 195 rs1024139 4640902 1 -6.687222111929504e-5 4640902 4640902 0
1 19671 rs12087973 244578462 2 -6.666368073726106e-5 244578462 244578462 0
1 11407 rs78394850 158592847 1 -6.612094574828581e-5 158592847 158592847 0
1 235 rs2050010 4880917 1 -6.578526984262547e-5 4880917 4880917 0
1 10133 rs1985652 115786408 1 6.577990017792968e-5 115786408 115786408 0
1 16055 rs4844743 209192139 2 -6.565228965390701e-5 209192139 209192139 0
1 4493 rs10493223 57934034 1 6.564585496828066e-5 57934034 57934034 0
1 19954 rs4925766 247327137 1 -6.522050100563765e-5 247327137 247327137 0
1 133 rs7418714 4446996 1 6.500148417584457e-5 4446996 4446996 0
1 9859 rs605604 112433863 1 6.459806102566137e-5 112433863 112433863 0
1 1678 rs558946 20935358 1 6.452441830770539e-5 20935358 20935358 0
1 5176 rs705551 64737015 1 6.403192096101459e-5 64737015 64737015 0
1 9020 rs7523441 103496620 1 6.372336992387917e-5 103496620 103496620 0
1 16250 rs2357593 210646112 1 -6.344091996695895e-5 210646112 210646112 0
1 9003 rs8179334 103367095 1 -6.271968847857722e-5 103367095 103367095 0
1 9295 rs4915129 107113504 1 -6.26940393722949e-5 107113504 107113504 0
1 3008 rs1543632 38747960 1 -6.204881057997624e-5 38747960 38747960 0
1 16251 rs7530369 210647296 1 6.189302141108171e-5 210647296 210647296 0
1 11451 rs857838 158750550 1 6.14809800262673e-5 158750550 158750550 0
1 13462 rs7531307 179302003 1 6.141259543065706e-5 179302003 179302003 0
1 12822 rs10798271 171187987 1 -6.120091133680523e-5 171187987 171187987 0
1 12672 rs12135726 169824104 2 6.045602152547012e-5 169824104 169824104 0
1 2655 rs419145 33179156 1 -6.0152215129520415e-5 33179156 33179156 0
1 5396 rs4384209 66279125 1 -5.992350365527679e-5 66279125 66279125 0
1 8470 rs10875076 97837564 1 5.949999034576037e-5 97837564 97837564 0
1 9411 rs6674340 108273631 1 -5.945942597632769e-5 108273631 108273631 0
1 5812 rs10518315 69879802 1 -5.8300792643935576e-5 69879802 69879802 0
1 7577 rs1295491 88740865 1 -5.799566995896964e-5 88740865 88740865 0
1 905 rs2359899 14303160 1 -5.7291873884779214e-5 14303160 14303160 0
1 16603 rs1223761 214332987 1 5.63716850400466e-5 214332987 214332987 0
1 9652 rs12748140 111080468 1 5.625212604709908e-5 111080468 111080468 0
1 2006 rs4649195 24485941 1 -5.60804145486236e-5 24485941 24485941 0
1 19005 rs10802632 237928221 1 5.5497549985701174e-5 237928221 237928221 0
1 11942 rs2292276 163292362 1 -5.519031221920944e-5 163292362 163292362 0
1 3705 rs2506985 47986452 2 5.5159093447596386e-5 47986452 47986452 0
1 7938 rs6604026 93303603 1 -5.483614510218942e-5 93303603 93303603 0
1 13105 rs6694071 175057782 1 -5.4821844241896805e-5 175057782 175057782 0
1 5288 rs17127359 65593407 1 -5.4193126874493226e-5 65593407 65593407 0
1 8567 rs11166101 99214618 1 -5.3817454802546e-5 99214618 99214618 0
1 19666 rs4658633 244517238 1 5.313456311179406e-5 244517238 244517238 0
1 6081 rs12755450 72628347 1 -5.286820958134888e-5 72628347 72628347 0
1 19991 rs4925650 247584075 1 -5.278246658719553e-5 247584075 247584075 0
1 6609 rs12037077 79350364 1 5.277042588080703e-5 79350364 79350364 0
1 16288 rs1934621 210898549 1 -5.263651766080514e-5 210898549 210898549 0
1 16364 rs10494934 211354838 2 5.262268641234002e-5 211354838 211354838 0
1 6559 rs12403399 78659621 1 5.2597071773729285e-5 78659621 78659621 0
1 6947 rs9662349 82178052 1 -5.1830417673938184e-5 82178052 82178052 0
1 15 rs1129333 2335676 1 5.1379473984346744e-5 2335676 2335676 0
1 17579 rs17556570 223878700 1 -5.133966347234915e-5 223878700 223878700 0
1 19393 rs6685517 241290401 1 -5.117247797265777e-5 241290401 241290401 0
1 8702 rs2769698 100367379 1 -5.0146214618491806e-5 100367379 100367379 0
1 2516 rs9628644 31013426 1 4.989181683373548e-5 31013426 31013426 0
1 9105 rs11185445 104898703 1 4.897592370953867e-5 104898703 104898703 0
1 13234 rs909941 176565307 1 4.7910192673735914e-5 176565307 176565307 0
1 7547 rs17130136 88213827 1 -4.732996509862418e-5 88213827 88213827 0
1 3686 rs543640 47932550 1 4.7182584737959926e-5 47932550 47932550 0
1 13804 rs6692352 182397765 2 4.683646503712428e-5 182397765 182397765 0
1 14112 rs1293970 186258229 1 4.681497148731803e-5 186258229 186258229 0
1 3510 rs1890948 44929865 1 4.673255031403648e-5 44929865 44929865 0
1 3613 rs686053 47214785 2 -4.6676771245426896e-5 47214785 47214785 0
1 11745 rs10494362 161957719 1 -4.5074390428411385e-5 161957719 161957719 0
1 15768 rs12130290 206627177 1 -4.4991217210760896e-5 206627177 206627177 0
1 3238 rs7519954 42035643 1 -4.427665840356318e-5 42035643 42035643 0
1 12745 rs7418292 170744889 1 -4.421852274070168e-5 170744889 170744889 0
1 4192 rs4927222 55767547 1 4.398991965866391e-5 55767547 55767547 0
1 4313 rs11206704 56444449 1 4.398822303166757e-5 56444449 56444449 0
1 6903 rs17417493 81749474 1 -4.3644901713140825e-5 81749474 81749474 0
1 9703 rs488147 111319892 1 -4.276002510767231e-5 111319892 111319892 0
1 2904 rs476227 37285123 1 4.2595120859507374e-5 37285123 37285123 0
1 17870 rs506128 226702300 1 4.216607730183519e-5 226702300 226702300 0
1 14268 rs1548796 187831735 1 -4.108370185465424e-5 187831735 187831735 0
1 19598 rs4535989 243033446 1 4.0659672000052573e-5 243033446 243033446 0
1 19379 rs11590400 241202525 1 -4.009429424825858e-5 241202525 241202525 0
1 18527 rs3855979 232658615 1 4.003251743114419e-5 232658615 232658615 0
1 12159 rs466639 165394882 1 -3.985767353348192e-5 165394882 165394882 0
1 6570 rs11162456 78772046 1 -3.9627727229384824e-5 78772046 78772046 0
1 11001 rs4845552 153479998 2 -3.849401264913356e-5 153479998 153479998 0
1 9051 rs3849298 104483838 1 -3.6756826787453935e-5 104483838 104483838 0
1 10013 rs33996649 114394689 1 -3.6709575090430616e-5 114394689 114394689 0
1 20049 rs12128901 247993899 1 3.663437181587891e-5 247993899 247993899 0
1 9893 rs12026840 112617049 1 -3.627029947855672e-5 112617049 112617049 0
1 15815 rs1770372 207035647 1 -3.447181478431409e-5 207035647 207035647 0
1 18996 rs11583646 237806819 1 3.422107997284779e-5 237806819 237806819 0
1 6393 rs4949632 76976522 1 3.418141618365476e-5 76976522 76976522 0
1 10575 rs3828090 120272726 1 3.3975765040956596e-5 120272726 120272726 0
1 4406 rs11206887 57116909 1 3.3582078114631725e-5 57116909 57116909 0
1 1427 rs7534618 19170078 1 3.340432124203987e-5 19170078 19170078 0
1 16975 rs12040162 217293917 1 3.329518618672108e-5 217293917 217293917 0
1 9297 rs4914979 107118046 2 3.3265543970596026e-5 107118046 107118046 0
1 4732 rs11207520 60275095 1 3.288020255658661e-5 60275095 60275095 0
1 2941 rs1569661 37853334 1 -3.283004467261845e-5 37853334 37853334 0
1 4565 rs1342876 58578612 1 -3.250982070933008e-5 58578612 58578612 0
1 17809 rs1051741 226032229 2 3.25038983511957e-5 226032229 226032229 0
1 15268 rs12126907 201312033 2 3.1556995887306615e-5 201312033 201312033 0
1 947 rs517269 14511349 1 -3.094592690397014e-5 14511349 14511349 0
1 1910 rs4390147 23145603 1 3.018826780099461e-5 23145603 23145603 0
1 9956 rs11102555 113400990 1 2.9737314469205653e-5 113400990 113400990 0
1 18641 rs2282428 233786170 2 2.9660994881412263e-5 233786170 233786170 0
1 14682 rs4291483 194407083 1 2.9428678743622e-5 194407083 194407083 0
1 8890 rs10874506 102197513 2 2.918630947930335e-5 102197513 102197513 0
1 426 rs11809898 7079762 1 -2.8702033564372155e-5 7079762 7079762 0
1 7964 rs41292127 93704952 1 2.8668406997417933e-5 93704952 93704952 0
1 2353 rs6677824 29867677 1 2.7975347054629388e-5 29867677 29867677 0
1 4600 rs12145683 58817583 2 2.7538307291392547e-5 58817583 58817583 0
1 5431 rs1604269 66615238 1 -2.7536383489398103e-5 66615238 66615238 0
1 8436 rs11165779 97564650 2 2.729664391612328e-5 97564650 97564650 0
1 16430 rs12566620 211920427 1 -2.70115836841376e-5 211920427 211920427 0
1 6944 rs11163349 82148070 1 2.6824412527541836e-5 82148070 82148070 0
1 12369 rs61748781 167097070 1 2.6150643696026208e-5 167097070 167097070 0
1 3745 rs748142 48509053 1 -2.5232350325253858e-5 48509053 48509053 0
1 3126 rs6600323 40743727 2 2.432246489852333e-5 40743727 40743727 0
1 1789 rs4654986 22138198 1 -2.4226866428951695e-5 22138198 22138198 0
1 18165 rs670054 229888337 1 2.399344117333905e-5 229888337 229888337 0
1 14239 rs11800915 187684427 1 -2.288653975185617e-5 187684427 187684427 0
1 2873 rs10493076 36914747 1 2.2801529600757943e-5 36914747 36914747 0
1 491 rs707460 7838691 2 2.206466682467612e-5 7838691 7838691 0
1 12101 rs12726675 164951316 1 -2.190983227991572e-5 164951316 164951316 0
1 19601 rs3003542 243087106 1 -2.1439084038567872e-5 243087106 243087106 0
1 1775 rs829372 22030189 1 -2.002657931457097e-5 22030189 22030189 0
1 8105 rs17111996 95122518 1 1.953522174683375e-5 95122518 95122518 0
1 13680 rs9803794 181309400 2 -1.9491372892272785e-5 181309400 181309400 0
1 11870 rs12132001 162826331 1 1.911830709957608e-5 162826331 162826331 0
1 13248 rs1325596 176794066 1 -1.8212527269542556e-5 176794066 176794066 0
1 8350 rs326677 96787405 1 -1.8063303312270102e-5 96787405 96787405 0
1 17172 rs2788271 219117743 2 -1.7982119560155984e-5 219117743 219117743 0
1 16451 rs11119884 212400146 1 1.7775057197382266e-5 212400146 212400146 0
1 10194 rs9428083 116283343 1 1.7396756984635397e-5 116283343 116283343 0
1 5854 rs12028771 70272063 1 -1.6135605089780873e-5 70272063 70272063 0
1 16235 rs2073038 210572044 1 -1.6067782167275312e-5 210572044 210572044 0
1 19366 rs191735 241078810 1 1.6024055270222634e-5 241078810 241078810 0
1 13088 rs6691118 174546936 1 -1.5407238662387918e-5 174546936 174546936 0
1 3631 rs3766198 47281780 2 1.516444803248342e-5 47281780 47281780 0
1 416 rs12043302 7055024 1 -1.4545482742598942e-5 7055024 7055024 0
1 632 rs1220405 9922245 1 1.4457864742304065e-5 9922245 9922245 0
1 8426 rs17430460 97542479 1 -1.4275479851173756e-5 97542479 97542479 0
1 1288 rs4920642 18128532 1 1.419164356862356e-5 18128532 18128532 0
1 8026 rs945067 94477893 1 1.410787743751523e-5 94477893 94477893 0
1 12259 rs1432120 166228386 1 1.3776387418624349e-5 166228386 166228386 0
1 18920 rs7514673 236928589 1 -1.311395827265466e-5 236928589 236928589 0
1 14245 rs10798137 187699152 1 1.2197378662882383e-5 187699152 187699152 0
1 10825 rs6702842 151608096 1 -1.2152520243830462e-5 151608096 151608096 0
1 17553 rs11261279 223627024 1 -1.1961937669921605e-5 223627024 223627024 0
1 8770 rs17122943 101047815 1 -1.1684356696070493e-5 101047815 101047815 0
1 14955 rs12022258 198431973 1 -1.0796082118760364e-5 198431973 198431973 0
1 17095 rs10157529 218263870 1 1.070213430902322e-5 218263870 218263870 0
1 4378 rs6421497 56923735 1 -1.0437686792534006e-5 56923735 56923735 0
1 7169 rs11163907 84597396 1 -1.0385494643090291e-5 84597396 84597396 0
1 15098 rs2737654 200046444 1 -1.0182050862625772e-5 200046444 200046444 0
1 1957 rs2077066 23778362 1 -1.014184742317149e-5 23778362 23778362 0
1 5278 rs17127323 65571312 1 -1.0002056406300151e-5 65571312 65571312 0
1 15991 rs1499588 208557123 1 9.86717237694717e-6 208557123 208557123 0
1 16272 rs3935665 210807437 1 9.785703943720196e-6 210807437 210807437 0
1 15066 rs1346680 199772234 1 -9.713566709823549e-6 199772234 199772234 0
1 16176 rs4421592 210338196 1 -9.47097166789575e-6 210338196 210338196 0
1 1570 rs4509550 20158241 1 9.237015621804924e-6 20158241 20158241 0
1 14246 rs4281283 187701010 1 9.214648393973507e-6 187701010 187701010 0
1 12769 rs1800822 171076935 1 -8.986867342502644e-6 171076935 171076935 0
1 2135 rs2786875 26061266 1 -8.567435005186074e-6 26061266 26061266 0
1 9684 rs1953099 111290542 2 -8.194461103573035e-6 111290542 111290542 0
1 16478 rs11119953 212670994 1 -8.095212757223138e-6 212670994 212670994 0
1 15765 rs2483061 206622996 1 -7.632494226247605e-6 206622996 206622996 0
1 15724 rs947211 205752665 1 7.598065017396878e-6 205752665 205752665 0
1 19651 rs10927137 244288473 1 7.254011024382135e-6 244288473 244288473 0
1 3101 rs6681804 40543019 1 6.15207388827184e-6 40543019 40543019 0
1 5418 rs12037891 66527232 1 5.819138539299787e-6 66527232 66527232 0
1 16450 rs951623 212399062 1 5.510019382255385e-6 212399062 212399062 0
1 11626 rs489286 160722550 1 -5.392156764543847e-6 160722550 160722550 0
1 15141 rs6688734 200535312 1 4.950120833200513e-6 200535312 200535312 0
1 1116 rs7516540 16038326 1 -4.944287723664043e-6 16038326 16038326 0
1 10134 rs11102901 115796490 1 4.543220388994799e-6 115796490 115796490 0
1 4854 rs2243874 61757024 1 -4.4642601747750855e-6 61757024 61757024 0
1 523 rs34781518 8074334 1 -4.376734122676837e-6 8074334 8074334 0
1 19460 rs1342872 241980222 1 4.37374295236287e-6 241980222 241980222 0
1 13250 rs10753141 176816437 1 -3.7172286729359223e-6 176816437 176816437 0
1 1024 rs9943244 15395881 1 3.223678773475936e-6 15395881 15395881 0
1 19171 rs4659904 239317135 1 2.9130835330068656e-6 239317135 239317135 0
1 19665 rs10927202 244516334 1 2.709896104076569e-6 244516334 244516334 0
1 18859 rs10924694 236358092 1 -2.3887925835312783e-6 236358092 236358092 0
1 2996 rs1564119 38657884 1 -2.1560934987818156e-6 38657884 38657884 0
1 17029 rs10495060 217727217 1 1.3633495405687662e-6 217727217 217727217 0
1 9443 rs4915093 108572106 1 9.548994773628215e-7 108572106 108572106 0
1 13736 rs659234 181808610 1 -2.0437599317596578e-7 181808610 181808610 0
1 5868 rs12040177 70440562 1 1.1943778482818858e-7 70440562 70440562 0
1 9190 rs4517399 105700950 1 2.6030421988801265e-15 105700950 105700950 0
1 2987 rs7528185 38452059 1 2.236558977438396e-15 38452059 38452059 0
1 17316 rs2248479 220183630 1 1.4988227047383834e-15 220183630 220183630 0
1 6304 rs5745354 76275178 1 1.0299222735405864e-15 76275178 76275178 0
1 18899 rs6671704 236797237 1 6.228099063868059e-16 236797237 236797237 0
1 3209 rs11584802 41640686 1 3.997162675934801e-16 41640686 41640686 0
1 19863 rs2878076 246395662 1 1.5391665347127654e-16 246395662 246395662 0
1 8045 rs483904 94557434 1 1.1320371993718531e-16 94557434 94557434 0
1 19684 rs3003217 244715439 1 1.0381022703284791e-16 244715439 244715439 0
1 17802 rs3753660 226012776 1 5.563718753863587e-17 226012776 226012776 0
1 1756 rs3738097 21894816 1 2.2388994621672054e-17 21894816 21894816 0
1 9334 rs11185019 107481837 1 1.0796758426691383e-17 107481837 107481837 0
1 10195 rs7551633 116283699 1 3.7081572491526414e-18 116283699 116283699 0
