CHR Group SNP.lead BP.lead Size W BP.min BP.max BP.width
4 8487 rs7665090 103551603 1 0.10396435466148612 103551603 103551603 0
4 14059 rs11733331 175076940 1 0.04535490984296272 175076940 175076940 0
4 8292 rs6849832 101120472 1 -0.03327769254587502 101120472 101120472 0
4 6473 rs147332320 79176444 1 0.03127050082155235 79176444 79176444 0
4 10401 rs1511138 127516859 1 -0.02734430641493306 127516859 127516859 0
4 5837 rs4600889 72337490 2 0.02639283896270967 72337490 72337490 0
4 498 rs9991298 7170562 1 -0.02529006353417641 7170562 7170562 0
4 6209 rs2273 76889388 1 -0.02343739920024051 76889388 76889388 0
4 13385 rs4147034 166453722 1 0.02310534716733964 166453722 166453722 0
4 12339 rs2404903 155071496 1 0.02275817539941333 155071496 155071496 0
4 1325 rs10155296 15175539 1 0.02252687220543839 15175539 15175539 0
4 2576 rs13110484 27757391 1 0.02228750705680442 27757391 27757391 0
4 10061 rs6836610 123601697 1 0.02144181587740972 123601697 123601697 0
4 6872 rs953534 83617849 2 -0.02066389857981788 83617849 83617849 0
4 14064 rs17060468 175249433 1 -0.01835854136605694 175249433 175249433 0
4 1111 rs2903351 12707180 1 0.0182514199397313 12707180 12707180 0
4 5584 rs1371863 68192816 1 0.01823207396904904 68192816 68192816 0
4 2793 rs11943991 29982657 1 -0.01818081152569021 29982657 29982657 0
4 10274 rs1355164 126262415 1 -0.01773290267716617 126262415 126262415 0
4 713 rs4697909 9896760 1 0.01771938491199354 9896760 9896760 0
4 9796 rs1587734 120809455 1 0.01724239189672077 120809455 120809455 0
4 243 rs12512085 4372439 2 -0.01722379468251947 4372439 4372439 0
4 8267 rs3737484 100784980 1 0.01684361264871901 100784980 100784980 0
4 7167 rs11935592 88177037 2 -0.01669253575688737 88177037 88177037 0
4 3502 rs1344603 38109847 1 -0.01628377287168787 38109847 38109847 0
4 605 rs12641498 7917574 1 -0.01615898736473645 7917574 7917574 0
4 9992 rs769243 122741807 1 -0.0159727004443904 122741807 122741807 0
4 8465 rs17032400 103190229 1 -0.01523080102945468 103190229 103190229 0
4 6955 rs2091745 84961080 1 0.01517027632303269 84961080 84961080 0
4 6459 rs6845871 79048490 1 -0.01507586129760337 79048490 79048490 0
4 11703 rs6537382 146867376 1 0.01501505700534555 146867376 146867376 0
4 13283 rs12513081 165490671 1 -0.01498455490696036 165490671 165490671 0
4 4283 rs4695248 47555196 1 0.01478796812740142 47555196 47555196 0
4 4604 rs17747127 55241063 2 0.01467963373388427 55241063 55241063 0
4 10379 rs11938961 127255447 1 0.01451787124473414 127255447 127255447 0
4 12770 rs6849580 159950990 2 0.01434850436298851 159950990 159950990 0
4 12028 rs10019047 150459436 1 0.01414708927318022 150459436 150459436 0
4 6979 rs1442164 85274948 2 -0.01410921885694903 85274948 85274948 0
4 9473 rs10024264 117468423 1 -0.01357318962020899 117468423 117468423 0
4 7074 rs12646076 87149917 1 -0.01303822251332056 87149917 87149917 0
4 13759 rs10213032 171009360 2 0.01287248175031506 171009360 171009360 0
4 5421 rs4364313 66289167 1 0.01276357509206473 66289167 66289167 0
4 14960 rs2703731 185173385 1 -0.0126739212188721 185173385 185173385 0
4 497 rs6836687 7151812 1 0.01253520484573507 7151812 7151812 0
4 6891 rs2868729 84147407 2 -0.01251294130589254 84147407 84147407 0
4 11453 rs3098027 142204581 1 -0.01228181469975467 142204581 142204581 0
4 1600 rs2697707 17427573 1 0.01211215716432132 17427573 17427573 0
4 11668 rs11100883 146450970 1 -0.01200894404431504 146450970 146450970 0
4 12294 rs6535930 154540056 1 0.01191078460330821 154540056 154540056 0
4 8593 rs7679673 106061534 1 0.01175481788202849 106061534 106061534 0
4 5987 rs1247574 74521045 1 -0.01168527151726075 74521045 74521045 0
4 4426 rs3107023 48584405 1 -0.01166319365487581 48584405 48584405 0
4 14972 rs7677486 185336852 1 -0.0115505617039956 185336852 185336852 0
4 4365 rs11931912 48134118 1 0.01146448936878061 48134118 48134118 0
4 14461 rs2605047 180361361 1 -0.01143671245526219 180361361 180361361 0
4 11065 rs2897153 137105336 1 0.01138222465266556 137105336 137105336 0
4 3659 rs16995300 39478264 1 0.01113377311117173 39478264 39478264 0
4 4856 rs12642622 57902276 2 0.01111311914396745 57902276 57902276 0
4 3308 rs7436468 36543025 1 -0.01103486299073542 36543025 36543025 0
4 142 rs17681870 2702115 1 0.01095962118734955 2702115 2702115 0
4 4683 rs11729403 56267182 1 0.0109402904525513 56267182 56267182 0
4 10258 rs13145439 126103475 1 -0.010895563778514 126103475 126103475 0
4 4348 rs10938519 48038584 2 0.01063665091152849 48038584 48038584 0
4 2 rs6817633 181832 1 0.01060231864111231 181832 181832 0
4 5875 rs1352844 72647749 1 0.01057359083857367 72647749 72647749 0
4 15242 rs925642 187678866 1 -0.01052387704596723 187678866 187678866 0
4 12250 rs7664303 153829996 2 -0.01042057430415373 153829996 153829996 0
4 12295 rs7674639 154540743 1 -0.01018652117817915 154540743 154540743 0
4 2416 rs3796777 25674194 1 -0.0101228887499551 25674194 25674194 0
4 2301 rs12507254 24673420 2 -0.01003149692241856 24673420 24673420 0
4 10677 rs6836368 130751286 1 0.01002782668642554 130751286 130751286 0
4 7664 rs4455379 92673841 2 0.00968918497592564 92673841 92673841 0
4 8733 rs2672469 108462490 1 -0.00967287676313742 108462490 108462490 0
4 217 rs3733425 4279395 1 -0.00958249478505976 4279395 4279395 0
4 1164 rs10008923 13213672 1 0.00953918721101932 13213672 13213672 0
4 14800 rs9312290 183067139 1 0.00945960829041084 183067139 183067139 0
4 11027 rs4146972 136503631 1 -0.0092173665526243 136503631 136503631 0
4 1430 rs2286455 16020162 1 0.00921126209634478 16020162 16020162 0
4 14970 rs6812958 185325242 2 0.00907596267423879 185325242 185325242 0
4 3512 rs6854035 38181054 2 -0.00901421667512687 38181054 38181054 0
4 8494 rs115134771 103999220 1 -0.00895628341571334 103999220 103999220 0
4 6537 rs6855458 79610032 1 -0.00891810908213644 79610032 79610032 0
4 14061 rs12651020 175121923 2 0.00888116997188524 175121923 175121923 0
4 8216 rs729147 100333267 2 -0.00887061872160565 100333267 100333267 0
4 13686 rs17054702 169979856 1 -0.00887035498580233 169979856 169979856 0
4 8177 rs28730649 99992652 1 -0.0088594366063573 99992652 99992652 0
4 1606 rs2597793 17443458 1 -0.0088323451028956591 17443458 17443458 0
4 34 rs755447 865227 1 -0.0087280115131164 865227 865227 0
4 3408 rs17604934 37542764 1 0.00858292669420088 37542764 37542764 0
4 9991 rs2071486 122740162 1 0.00858222274149551 122740162 122740162 0
4 11863 rs17612742 148414651 1 0.00855106835046266 148414651 148414651 0
4 5482 rs6825624 66786261 1 -0.00854566842288945 66786261 66786261 0
4 13672 rs17614733 169703442 1 -0.00848905019888914 169703442 169703442 0
4 12188 rs361197 152763556 2 -0.00844316227958854 152763556 152763556 0
4 11319 rs2602243 140612059 1 -0.00839414325045703 140612059 140612059 0
4 7826 rs4699459 95292702 1 -0.0083133947330865 95292702 95292702 0
4 1518 rs283029 16698184 1 0.008265844224179 16698184 16698184 0
4 11103 rs1589127 137885582 2 0.00824590808208133 137885582 137885582 0
4 7216 rs11097166 88611344 1 0.00821803201019772 88611344 88611344 0
4 146 rs4690055 2748663 1 0.00816864176162075 2748663 2748663 0
4 8469 rs10049581 103192893 2 0.00811925412041344 103192893 103192893 0
4 14114 rs4128922 175890127 1 -0.00810097801363313 175890127 175890127 0
4 12083 rs6817572 151303318 1 0.00806219791046508 151303318 151303318 0
4 5733 rs4149413 70615621 1 -0.0080415878887003 70615621 70615621 0
4 9938 rs7671488 122399338 1 -0.0080062893406063 122399338 122399338 0
4 5809 rs17838972 71357077 2 -0.00795721548745816 71357077 71357077 0
4 143 rs12502642 2714023 1 -0.00792503964158572 2714023 2714023 0
4 6588 rs9991949 80634958 2 0.00791198384035037 80634958 80634958 0
4 7259 rs931032 88778446 1 -0.00790779406997775 88778446 88778446 0
4 10021 rs13151961 123115502 1 0.0078618072943711 123115502 123115502 0
4 8929 rs61745483 110773048 1 0.00783162915928136 110773048 110773048 0
4 3383 rs6816980 37417596 1 0.00772911332000049 37417596 37417596 0
4 4557 rs728587 54574680 1 0.00771532969935186 54574680 54574680 0
4 596 rs28738908 7865324 1 -0.00764684456788552 7865324 7865324 0
4 4759 rs11732236 57132047 1 0.00764450812152819 57132047 57132047 0
4 2892 rs13115999 30641018 1 0.00760950849816606 30641018 30641018 0
4 3694 rs17585937 40045687 1 -0.00754402443054865 40045687 40045687 0
4 41 rs6815138 941290 2 -0.00752300111098997 941290 941290 0
4 1422 rs4698433 15964863 2 -0.00751733140327762 15964863 15964863 0
4 11094 rs17239822 137716037 1 0.00746704415015892 137716037 137716037 0
4 12672 rs6827325 158467400 2 -0.00740374570830071 158467400 158467400 0
4 13445 rs904246 167044948 1 0.00730141943365358 167044948 167044948 0
4 8409 rs10031210 102714886 1 0.00729607219254874 102714886 102714886 0
4 6269 rs10025494 77189380 1 0.00724208155694971 77189380 77189380 0
4 7173 rs11731978 88194170 1 -0.00723692996158886 88194170 88194170 0
4 11534 rs11930321 143305002 2 -0.00719648357775448 143305002 143305002 0
4 11098 rs7658921 137745250 1 0.0071261423070002 137745250 137745250 0
4 14603 rs2546614 181426359 1 -0.00709867945056174 181426359 181426359 0
4 3479 rs16994148 38016822 1 0.00703430731925637 38016822 38016822 0
4 1620 rs1031326 17488064 2 -0.00698841823645702 17488064 17488064 0
4 12121 rs6839352 151887280 1 0.00692814585992784 151887280 151887280 0
4 15118 rs6852642 186917039 1 0.00692386188376999 186917039 186917039 0
4 8606 rs4698934 106139387 1 0.00691049720349667 106139387 106139387 0
4 14281 rs17749802 178520166 1 0.00690842793552315 178520166 178520166 0
4 7154 rs447990 88033352 2 -0.00689595150015528 88033352 88033352 0
4 4634 rs17230634 55480024 1 0.00685020443349255 55480024 55480024 0
4 5857 rs3733362 72412029 2 -0.00682371259654757 72412029 72412029 0
4 10890 rs12501689 133786573 2 -0.00681282639211111 133786573 133786573 0
4 9957 rs7678755 122497475 1 -0.00677893512724956 122497475 122497475 0
4 10445 rs17011836 127827145 1 0.00677117613546611 127827145 127827145 0
4 4182 rs957858 45737256 1 0.00671843867674153 45737256 45737256 0
4 5605 rs1056787 68380070 1 -0.00665447218437363 68380070 68380070 0
4 461 rs11938118 6480469 2 -0.00660450226653394 6480469 6480469 0
4 8417 rs6849308 102776083 1 0.00657711165899786 102776083 102776083 0
4 13019 rs12512822 162461996 1 0.00657536501184934 162461996 162461996 0
4 8801 rs1003169 109176161 1 0.00653934629967003 109176161 109176161 0
4 12593 rs1521703 157449624 2 0.0065058977126848 157449624 157449624 0
4 4808 rs7667406 57503077 1 0.00646372345156466 57503077 57503077 0
4 2177 rs13118539 23631863 2 0.00640579114994001 23631863 23631863 0
4 9752 rs4834762 120132690 1 -0.00640507367158977 120132690 120132690 0
4 2200 rs2970848 23817027 1 -0.0063897629003613 23817027 23817027 0
4 13675 rs1392750 169745078 1 0.00634730834065183 169745078 169745078 0
4 3267 rs9995922 36317970 1 0.00634194994191543 36317970 36317970 0
4 344 rs7678335 5452895 1 0.00631648051048257 5452895 5452895 0
4 11584 rs11947756 144398793 2 -0.00627652460242552 144398793 144398793 0
4 7065 rs7696763 86829529 1 -0.00625180156576596 86829529 86829529 0
4 15407 rs6826087 189475684 1 -0.00622719453265657 189475684 189475684 0
4 20 rs4690309 756377 2 0.00619481596770109 756377 756377 0
4 14905 rs10017798 184465856 1 -0.00618906044713589 184465856 184465856 0
4 1192 rs7690022 13872720 2 -0.00618608171430375 13872720 13872720 0
4 2504 rs6855865 27011357 2 -0.00617509445070766 27011357 27011357 0
4 1005 rs6842740 11619288 1 -0.00613310407423715 11619288 11619288 0
4 11348 rs2667370 140778960 1 -0.00608309202104528 140778960 140778960 0
4 8354 rs2645373 101904475 1 0.0060807333738396 101904475 101904475 0
4 7017 rs7685784 86074453 2 -0.00605274692647562 86074453 86074453 0
4 10808 rs4133013 132242896 2 -0.00599359234934245 132242896 132242896 0
4 3804 rs7683197 41175148 1 -0.00590080691223756 41175148 41175148 0
4 7525 rs3775442 90715231 1 0.00589802690820708 90715231 90715231 0
4 8146 rs12503288 99682376 1 -0.00579858680629478 99682376 99682376 0
4 11059 rs10519374 136993300 1 0.0057977812813967 136993300 136993300 0
4 4367 rs1008277 48138535 1 0.00572696185975998 48138535 48138535 0
4 14111 rs13117236 175875390 1 -0.0057166962205554 175875390 175875390 0
4 4364 rs885443 48132891 1 0.00570473076998401 48132891 48132891 0
4 15374 rs952719 189271272 1 0.00568725398244039 189271272 189271272 0
4 4137 rs4326040 44870506 1 0.0056736417743829 44870506 44870506 0
4 11400 rs3104107 141449275 1 0.00564959928489982 141449275 141449275 0
4 8626 rs6823995 106263681 1 0.00563172727592285 106263681 106263681 0
4 7358 rs1440581 89226422 1 -0.00562379994709981 89226422 89226422 0
4 3588 rs6824105 38754189 1 0.0056049348393865 38754189 38754189 0
4 11345 rs1350038 140744599 1 0.00553870740094175 140744599 140744599 0
4 1149 rs4834860 13030876 1 0.00551797968932732 13030876 13030876 0
4 5589 rs1946920 68207449 1 0.00548983800060917 68207449 68207449 0
4 14051 rs17060286 175065347 1 -0.00548418933243366 175065347 175065347 0
4 12330 rs6835823 154972357 2 -0.00547511794120793 154972357 154972357 0
4 14375 rs17716609 179481553 1 -0.00546115829572153 179481553 179481553 0
4 14790 rs6816160 182942414 1 -0.00543004201870685 182942414 182942414 0
4 8560 rs9307295 105405240 1 -0.00542354582406024 105405240 105405240 0
4 12201 rs360915 152887879 1 -0.00540867014545838 152887879 152887879 0
4 8413 rs10028805 102737250 1 -0.00536257623417074 102737250 102737250 0
4 8577 rs477451 105528877 2 -0.00531200450821073 105528877 105528877 0
4 13593 rs590272 169181074 1 0.00530180950359428 169181074 169181074 0
4 11176 rs6839772 138578594 1 -0.00523842031489424 138578594 138578594 0
4 7269 rs4693894 88797798 2 0.00521976028722063 88797798 88797798 0
4 4372 rs2456928 48156135 1 0.00521363919963867 48156135 48156135 0
4 14116 rs11941955 175954666 1 0.00520923276479035 175954666 175954666 0
4 9261 rs11933707 114109593 1 -0.00520151520326902 114109593 114109593 0
4 11599 rs1808991 144792959 1 0.00516668784658656 144792959 144792959 0
4 6773 rs6819863 82667620 2 0.00514982641615616 82667620 82667620 0
4 9984 rs2706784 122659704 1 -0.00512269049791536 122659704 122659704 0
4 7830 rs4359908 95340174 1 -0.00507352463944929 95340174 95340174 0
4 3058 rs6855223 32626298 1 0.00500078067915633 32626298 32626298 0
4 7166 rs10006766 88160018 1 -0.00499897235642949 88160018 88160018 0
4 14830 rs6552568 183449806 1 0.00496796531363199 183449806 183449806 0
4 15178 rs12331403 187314751 1 -0.0049598803562248 187314751 187314751 0
4 8369 rs13142024 102089849 1 -0.00493671577632331 102089849 102089849 0
4 15461 rs7695418 190044666 1 -0.00489258703040369 190044666 190044666 0
4 11097 rs17049031 137731357 1 0.00487191344172989 137731357 137731357 0
4 10376 rs10213170 127224641 1 -0.00486813151294376 127224641 127224641 0
4 8565 rs2051788 105450529 1 0.00486729005447787 105450529 105450529 0
4 3238 rs13152028 36060318 2 0.00483491743454004 36060318 36060318 0
4 6094 rs2114181 76015851 1 -0.00479054693234558 76015851 76015851 0
4 1975 rs1817324 21546537 2 -0.00477957910350354 21546537 21546537 0
4 2494 rs12505133 26883909 1 0.00475909440469583 26883909 26883909 0
4 12587 rs1123714 157409735 1 0.00474829479715349 157409735 157409735 0
4 6982 rs12650179 85324586 1 -0.00472792454652146 85324586 85324586 0
4 2427 rs959903 25810096 2 -0.00470928479142438 25810096 25810096 0
4 6258 rs7655112 77176524 2 -0.00463520363977653 77176524 77176524 0
4 7706 rs1993030 93467486 1 0.00459344251837172 93467486 93467486 0
4 9976 rs6534309 122609929 1 0.0045795865818666 122609929 122609929 0
4 11508 rs17015594 143075715 1 0.004547161321049 143075715 143075715 0
4 2491 rs7660174 26852438 2 -0.00454293604721179 26852438 26852438 0
4 1621 rs10604 17488132 1 -0.00452410457184016 17488132 17488132 0
4 5203 rs6854914 62076443 1 0.00451621502539042 62076443 62076443 0
4 14416 rs6816550 179790822 2 0.0044723046314355 179790822 179790822 0
4 10561 rs318533 129829245 1 -0.00443479968681855 129829245 129829245 0
4 14280 rs12498926 178514984 1 0.0044168023810294 178514984 178514984 0
4 6659 rs7672761 81385386 1 -0.00441295623872445 81385386 81385386 0
4 10031 rs7688384 123229132 2 -0.00440053221992021 123229132 123229132 0
4 13513 rs11132983 168256989 1 0.00438765874548117 168256989 168256989 0
4 5318 rs10009133 64454716 1 -0.00434270080733027 64454716 64454716 0
4 9212 rs78336146 113468564 1 -0.00433815625754763 113468564 113468564 0
4 5863 rs2177921 72531761 2 0.00433287340627124 72531761 72531761 0
4 11749 rs4835037 147374606 1 -0.00431498385582973 147374606 147374606 0
4 4249 rs17539445 47231416 1 0.00427797950777465 47231416 47231416 0
4 10534 rs1603886 129450677 2 -0.00426685953074299 129450677 129450677 0
4 15198 rs12506228 187382294 1 -0.00425143674444701 187382294 187382294 0
4 9901 rs13104875 122137121 2 -0.00424742860628945 122137121 122137121 0
4 1119 rs7692324 12757442 1 0.00421655607213848 12757442 12757442 0
4 6103 rs1391010 76081553 1 0.0042058645630172 76081553 76081553 0
4 3361 rs3910363 37264831 1 0.00418957356562093 37264831 37264831 0
4 9325 rs13126791 114754302 1 -0.00418177135778453 114754302 114754302 0
4 12605 rs10005961 157558509 1 0.0041812625769847 157558509 157558509 0
4 2223 rs1316861 23977778 1 0.00417427811122249 23977778 23977778 0
4 938 rs10516217 10973261 2 0.00415445439893956 10973261 10973261 0
4 9983 rs11732306 122653300 1 0.00415056284400414 122653300 122653300 0
4 13654 rs4692947 169605918 1 -0.00410704834847258 169605918 169605918 0
4 1274 rs905043 14539140 1 0.00408364781906023 14539140 14539140 0
4 4858 rs1277313 57903948 2 -0.00406221793797231 57903948 57903948 0
4 13449 rs6826343 167057609 1 0.00403607204223545 167057609 167057609 0
4 1469 rs10489066 16292409 1 0.00402564067309429 16292409 16292409 0
4 2826 rs6849592 30349081 1 -0.00402153816899579 30349081 30349081 0
4 10544 rs17013593 129593111 1 -0.00402135304392813 129593111 129593111 0
4 4554 rs1077966 54517341 2 0.00398973500530441 54517341 54517341 0
4 12287 rs6810447 154461884 1 0.00398249185981088 154461884 154461884 0
4 4944 rs343549 58614509 1 -0.00397084047702082 58614509 58614509 0
4 5566 rs4860238 68093400 1 0.00396738389055249 68093400 68093400 0
4 14903 rs11723316 184415338 1 -0.00394966858911299 184415338 184415338 0
4 8612 rs7678440 106178902 2 0.00392370167232721 106178902 106178902 0
4 13392 rs1320225 166508518 2 -0.00391823264249456 166508518 166508518 0
4 13762 rs12510576 171044796 1 0.00387800355752784 171044796 171044796 0
4 6589 rs9993154 80660974 1 -0.00386941706561476 80660974 80660974 0
4 7707 rs7682842 93489287 1 0.00386874934047223 93489287 93489287 0
4 15002 rs12650715 185776850 2 0.00385559400135084 185776850 185776850 0
4 7560 rs34001515 91025850 1 -0.00385079224664593 91025850 91025850 0
4 5581 rs1899130 68186030 2 0.00384394198379462 68186030 68186030 0
4 13809 rs4692612 171537901 1 -0.00380502811978152 171537901 171537901 0
4 3551 rs4832778 38492765 1 0.00379043288375315 38492765 38492765 0
4 9173 rs7681983 113328669 1 -0.00378967345420934 113328669 113328669 0
4 7199 rs17012774 88443470 2 -0.00378247968558414 88443470 88443470 0
4 4154 rs7659184 45133240 1 0.00377422958150914 45133240 45133240 0
4 11078 rs10519392 137485929 1 0.00373979028751436 137485929 137485929 0
4 12673 rs4234914 158468178 1 0.00372171617918627 158468178 158468178 0
4 3535 rs1487631 38395949 1 -0.00370880258168163 38395949 38395949 0
4 1737 rs10011402 19488871 1 -0.00367456921516819 19488871 19488871 0
4 11905 rs7660368 148987972 2 -0.00363791988546888 148987972 148987972 0
4 4110 rs6815111 44531148 1 0.00363619535650333 44531148 44531148 0
4 9801 rs12508689 120847421 1 -0.00361814058065727 120847421 120847421 0
4 378 rs12331393 5759347 2 -0.0036064330760187 5759347 5759347 0
4 6798 rs2045772 82824944 1 0.00360015622959451 82824944 82824944 0
4 8624 rs9942141 106255112 2 -0.00357875874202605 106255112 106255112 0
4 1945 rs1485513 21341637 1 -0.00356770904689915 21341637 21341637 0
4 8723 rs17549820 108118301 1 0.00356393337508379 108118301 108118301 0
4 6611 rs11735728 80793114 1 0.00356356039762091 80793114 80793114 0
4 6 rs10029104 514629 1 -0.00355196254818078 514629 514629 0
4 5932 rs7659376 73642511 1 -0.00352484237120367 73642511 73642511 0
4 4293 rs17462259 47574737 1 0.00352191650724307 47574737 47574737 0
4 5419 rs2305351 66280171 1 0.00350049951578045 66280171 66280171 0
4 3309 rs12507648 36546041 1 -0.00350039193241363 36546041 36546041 0
4 11190 rs12511738 138801711 1 -0.0034959506518388 138801711 138801711 0
4 6651 rs6837827 81225455 1 -0.00347679677937964 81225455 81225455 0
4 1729 rs56240635 19275965 2 -0.0034581801983808 19275965 19275965 0
4 1148 rs10004129 13030822 1 -0.00345622617082281 13030822 13030822 0
4 12475 rs1155097 156414715 2 0.00344329378416328 156414715 156414715 0
4 1640 rs16895707 17781209 1 0.00344288235208957 17781209 17781209 0
4 12127 rs11938266 152055073 1 -0.00343243726063373 152055073 152055073 0
4 9636 rs11562877 118716424 1 -0.00342844188660689 118716424 118716424 0
4 15194 rs9999651 187366649 2 -0.00342312867109194 187366649 187366649 0
4 7145 rs10516788 87960857 1 -0.00341955657135312 87960857 87960857 0
4 2629 rs12642383 28194516 1 -0.00341916565808406 28194516 28194516 0
4 10409 rs1552665 127609379 1 0.00338270519381316 127609379 127609379 0
4 4900 rs2177642 58197731 1 0.00337885516785419 58197731 58197731 0
4 5146 rs1378566 61264831 2 0.0033730711626218 61264831 61264831 0
4 5571 rs10005602 68113850 1 0.00337286229989797 68113850 68113850 0
4 10259 rs6819896 126116915 1 -0.00337016792264533 126116915 126116915 0
4 12516 rs10517620 156676558 1 0.00336688496297624 156676558 156676558 0
4 9254 rs10022885 114038963 2 0.00335435602787807 114038963 114038963 0
4 13597 rs593342 169191536 1 -0.00333363199226353 169191536 169191536 0
4 3922 rs2719950 42386838 1 0.00332247816646658 42386838 42386838 0
4 2460 rs1567649 26026002 2 0.00332178377778097 26026002 26026002 0
4 13865 rs12505546 172228547 2 0.00331735689379223 172228547 172228547 0
4 2179 rs990218 23632752 1 -0.00330771092833632 23632752 23632752 0
4 3503 rs630428 38121363 1 0.00329190886564691 38121363 38121363 0
4 4641 rs2237034 55528653 1 0.00328330187400133 55528653 55528653 0
4 12851 rs17329555 161105967 2 -0.00328276874199671 161105967 161105967 0
4 11151 rs5020420 138333658 1 0.00327383068811533 138333658 138333658 0
4 4632 rs2537883 55478047 2 -0.00326077295227084 55478047 55478047 0
4 316 rs12650617 5187537 1 -0.00325925323137744 5187537 5187537 0
4 3767 rs12501553 40833954 1 -0.00325202493029896 40833954 40833954 0
4 15116 rs7676342 186901587 1 0.00325079141256684 186901587 186901587 0
4 9573 rs6852211 118445531 1 0.00323272867416298 118445531 118445531 0
4 15183 rs11931790 187340688 1 0.00321076681586341 187340688 187340688 0
4 3916 rs923309 42376356 1 0.00320021241473539 42376356 42376356 0
4 6262 rs6835986 77177846 1 -0.00319393640634475 77177846 77177846 0
4 8532 rs6533126 104882439 1 0.00318721834431256 104882439 104882439 0
4 11901 rs6815554 148938598 1 0.00318643799566687 148938598 148938598 0
4 14007 rs11133012 174630567 1 -0.00317358161185837 174630567 174630567 0
4 14484 rs12500438 180613345 1 0.00316866647171643 180613345 180613345 0
4 26 rs1134921 843508 2 0.00314008405801837 843508 843508 0
4 3409 rs10025159 37575251 1 -0.0031202303819977 37575251 37575251 0
4 2717 rs1402492 28923633 2 0.00311622677510912 28923633 28923633 0
4 12129 rs11734586 152095256 1 -0.00309148707247012 152095256 152095256 0
4 8002 rs1506302 97263153 1 0.00307902550299518 97263153 97263153 0
4 14200 rs2167095 177373302 1 0.00307353585620765 177373302 177373302 0
4 12600 rs8180255 157548520 2 -0.00305213934386864 157548520 157548520 0
4 1221 rs12499480 14167488 2 0.00302702121063508 14167488 14167488 0
4 2511 rs2041627 27102429 2 0.00302685720067909 27102429 27102429 0
4 14159 rs1385614 176993039 1 -0.00302415021475285 176993039 176993039 0
4 12856 rs13138661 161135028 1 -0.00302396102305495 161135028 161135028 0
4 9439 rs7686539 116828127 1 -0.00302056611391982 116828127 116828127 0
4 13761 rs11736939 171031170 1 0.00301935079128884 171031170 171031170 0
4 1486 rs16893404 16365531 1 0.00301763484383134 16365531 16365531 0
4 3852 rs2043905 41718139 1 -0.00300835067858275 41718139 41718139 0
4 3536 rs6531631 38396739 1 0.00298106914268207 38396739 38396739 0
4 610 rs10023401 7953583 1 -0.00293010220148051 7953583 7953583 0
4 11212 rs298466 139262188 1 -0.00292324639790289 139262188 139262188 0
4 13480 rs875441 167448941 1 -0.00290294929568149 167448941 167448941 0
4 241 rs13146316 4355774 1 -0.00288973566444357 4355774 4355774 0
4 4925 rs11725660 58328884 1 0.00288121076181883 58328884 58328884 0
4 12532 rs4234898 156998541 1 -0.00285764073251242 156998541 156998541 0
4 13819 rs10520188 171632728 1 -0.00285143850324798 171632728 171632728 0
4 4628 rs218280 55424289 1 -0.00284343106200368 55424289 55424289 0
4 13985 rs7658148 174235624 1 0.00281666178754104 174235624 174235624 0
4 10233 rs6852823 125856465 1 -0.00280439549696198 125856465 125856465 0
4 8564 rs972583 105442302 1 0.00279892951594862 105442302 105442302 0
4 874 rs6835433 10484987 1 0.00279330885605564 10484987 10484987 0
4 10037 rs34135604 123283993 1 0.00279182384966266 123283993 123283993 0
4 3131 rs10023150 34595824 1 0.00277481955453541 34595824 34595824 0
4 6204 rs34627298 76881233 1 0.00276751473590326 76881233 76881233 0
4 3072 rs9992839 32803900 1 -0.00275784115371515 32803900 32803900 0
4 4224 rs1866990 47101223 1 -0.00275662744707515 47101223 47101223 0
4 8761 rs4585383 108681819 1 -0.00273897624097275 108681819 108681819 0
4 3227 rs4832905 35974430 1 -0.00273341615521196 35974430 35974430 0
4 3199 rs5011112 35751033 1 0.00272985471754569 35751033 35751033 0
4 1420 rs62617788 15964574 1 0.00270204672112589 15964574 15964574 0
4 6211 rs10008757 76903036 1 -0.00269533553917498 76903036 76903036 0
4 2957 rs1426974 31335613 1 -0.00267718433501255 31335613 31335613 0
4 6192 rs924937 76769442 1 0.0026676009726262 76769442 76769442 0
4 14076 rs7685956 175422196 2 -0.00262698611835839 175422196 175422196 0
4 2186 rs1021400 23714895 2 -0.00258283849530348 23714895 23714895 0
4 11831 rs2357604 148077418 1 0.00257225792892874 148077418 148077418 0
4 9190 rs231247 113359703 1 -0.00256768726352917 113359703 113359703 0
4 11264 rs11099746 139692069 1 0.00256734964010298 139692069 139692069 0
4 10471 rs1471556 128096615 1 0.0025535895278695 128096615 128096615 0
4 14350 rs1458717 179114110 1 0.00253518900364298 179114110 179114110 0
4 13920 rs2661805 173231379 1 -0.0025304962289898 173231379 173231379 0
4 14869 rs11941467 184190233 1 0.00251228122882597 184190233 184190233 0
4 14382 rs2378847 179491966 1 0.00250978802646548 179491966 179491966 0
4 3799 rs7665863 41080894 1 -0.00250172270402121 41080894 41080894 0
4 7183 rs9992651 88232510 1 -0.00249275237989446 88232510 88232510 0
4 13157 rs1441716 164325064 1 -0.00248112296784077 164325064 164325064 0
4 5345 rs9918005 65423635 1 0.00247539751126507 65423635 65423635 0
4 11262 rs10020229 139687856 2 0.00247315836475275 139687856 139687856 0
4 3264 rs12507599 36310049 1 0.00247238321034964 36310049 36310049 0
4 11928 rs17620775 149186489 1 -0.00246410122186245 149186489 149186489 0
4 811 rs1001216 10168849 1 0.0024619921556319 10168849 10168849 0
4 15389 rs2292432 189338040 1 -0.00246123206744469 189338040 189338040 0
4 13923 rs333384 173245389 1 0.00243581088640829 173245389 173245389 0
4 7859 rs6812065 95626444 1 0.00243278637855172 95626444 95626444 0
4 13398 rs1380355 166602585 1 -0.00242801940588078 166602585 166602585 0
4 1060 rs6448887 12361202 2 0.00242256118589667 12361202 12361202 0
4 12130 rs2407412 152141399 2 0.0024180535093922 152141399 152141399 0
4 9937 rs1513702 122392108 1 -0.00241180761823336 122392108 122392108 0
4 14728 rs17071683 182438604 1 -0.00241136680402323 182438604 182438604 0
4 8394 rs13434873 102451022 1 0.00240698442815236 102451022 102451022 0
4 1191 rs1861135 13861249 1 -0.00240545493400253 13861249 13861249 0
4 5190 rs1486492 61830190 1 0.00240532941018723 61830190 61830190 0
4 9743 rs10857064 120009168 1 -0.00240387050510351 120009168 120009168 0
4 3593 rs11466653 38776235 1 -0.00240169897599815 38776235 38776235 0
4 7139 rs340637 87929192 1 -0.00237935527218374 87929192 87929192 0
4 1417 rs4698431 15961555 1 -0.0023768409869789 15961555 15961555 0
4 556 rs2079169 7685529 2 0.002372864041371 7685529 7685529 0
4 11380 rs6536958 141357957 1 0.00236816185848272 141357957 141357957 0
4 5931 rs7683184 73620929 1 -0.00235835510304388 73620929 73620929 0
4 8026 rs7659471 97915370 2 0.00235570553807206 97915370 97915370 0
4 880 rs17467273 10500431 1 0.00233925022100315 10500431 10500431 0
4 14973 rs890193 185343635 1 0.00233877772680522 185343635 185343635 0
4 14857 rs17271644 183809272 1 0.00233211866276067 183809272 183809272 0
4 3823 rs990149 41309544 1 -0.00232793130855465 41309544 41309544 0
4 8734 rs2672470 108464074 1 -0.00232257400496821 108464074 108464074 0
4 14077 rs2612656 175422289 1 -0.0023221943117248 175422289 175422289 0
4 13401 rs2611259 166619952 1 -0.00232167169940694 166619952 166619952 0
4 2979 rs16885723 31715825 1 0.00231675693222128 31715825 31715825 0
4 14719 rs4861477 182411580 2 -0.00229202952064462 182411580 182411580 0
4 7802 rs12641765 94962497 1 0.00228556366664116 94962497 94962497 0
4 12035 rs12504006 150746787 1 0.00228065052511142 150746787 150746787 0
4 9978 rs6830321 122614755 2 -0.00228046321224417 122614755 122614755 0
4 640 rs754740 8331956 1 0.00226804161923293 8331956 8331956 0
4 3765 rs2437346 40831652 2 0.00225826619487176 40831652 40831652 0
4 7922 rs4130507 96259062 1 0.00225382193795086 96259062 96259062 0
4 10458 rs340446 127977716 1 0.00224258324636225 127977716 127977716 0
4 109 rs2282763 1728120 1 -0.00223700701033482 1728120 1728120 0
4 3317 rs2376150 36684936 1 -0.00222603151634307 36684936 36684936 0
4 13691 rs6553418 170019039 2 0.00222374500926629 170019039 170019039 0
4 4108 rs13144404 44435685 2 0.00221772117862167 44435685 44435685 0
4 2582 rs13144861 27797571 2 0.00220941419608641 27797571 27797571 0
4 2936 rs6837499 31037602 1 -0.00220011511193381 31037602 31037602 0
4 2215 rs10517029 23961394 1 -0.00218608760398719 23961394 23961394 0
4 6802 rs1982618 82835295 1 -0.00217962711735924 82835295 82835295 0
4 13839 rs7695819 171808256 1 0.00217770425250322 171808256 171808256 0
4 14153 rs1106568 176861301 2 0.00216681506566372 176861301 176861301 0
4 2195 rs2932965 23805486 2 0.00216652224479189 23805486 23805486 0
4 14647 rs1357353 181935405 1 0.00215989264713994 181935405 181935405 0
4 13743 rs6821170 170880049 1 -0.00215247412339148 170880049 170880049 0
4 4901 rs940572 58198454 2 -0.00214660956756263 58198454 58198454 0
4 125 rs2236998 2256716 2 0.00214547585703373 2256716 2256716 0
4 9274 rs29305 114216924 1 0.00214112407241669 114216924 114216924 0
4 3705 rs794009 40139719 1 -0.00212720700275204 40139719 40139719 0
4 1337 rs4303974 15375984 1 0.0021175687235127 15375984 15375984 0
4 11321 rs11940710 140637882 1 -0.00211593283620772 140637882 140637882 0
4 10322 rs4834060 126572145 2 -0.00210768041186539 126572145 126572145 0
4 11268 rs6855592 139698522 1 -0.00208720433937844 139698522 139698522 0
4 6398 rs17643945 78194110 1 0.00207278301504114 78194110 78194110 0
4 2178 rs16873952 23632143 1 -0.0020708708892376 23632143 23632143 0
4 230 rs4688956 4343240 1 0.00206368264010103 4343240 4343240 0
4 13525 rs2952482 168338506 1 0.00205876438600406 168338506 168338506 0
4 5344 rs17663093 65412694 1 -0.00205552757916541 65412694 65412694 0
4 11798 rs1347655 147905897 2 0.00205465758113391 147905897 147905897 0
4 14283 rs10520381 178532041 2 0.00205336062673767 178532041 178532041 0
4 13646 rs17707379 169509103 1 0.0020467088863779 169509103 169509103 0
4 7869 rs4599420 95708561 1 -0.00204403101823893 95708561 95708561 0
4 9622 rs11562926 118650042 1 -0.00203666652188432 118650042 118650042 0
4 9076 rs17042944 112131789 1 -0.00203321071558035 112131789 112131789 0
4 9815 rs17010476 121034480 1 -0.00203074947313557 121034480 121034480 0
4 8880 rs10005272 110250481 1 0.00202927905624506 110250481 110250481 0
4 12584 rs1490565 157404868 1 -0.00200962809195299 157404868 157404868 0
4 2920 rs4269140 30874445 1 -0.0020073296120037 30874445 30874445 0
4 11072 rs10028445 137413277 1 -0.00200454704814736 137413277 137413277 0
4 8344 rs1396286 101642607 1 0.00199514878431985 101642607 101642607 0
4 1698 rs1568234 18789372 1 -0.00198560430627241 18789372 18789372 0
4 12539 rs13143174 157022492 2 0.00197849610279984 157022492 157022492 0
4 1652 rs1506613 17948939 2 -0.00197124525660678 17948939 17948939 0
4 12187 rs361191 152761633 1 0.00197073645848683 152761633 152761633 0
4 2718 rs12645280 28926321 1 -0.00196115315171531 28926321 28926321 0
4 3601 rs7663239 38785850 1 -0.00195053352694067 38785850 38785850 0
4 7673 rs60166670 92762197 2 -0.0019457801890546 92762197 92762197 0
4 5160 rs2340736 61405872 1 0.00194454109703348 61405872 61405872 0
4 12976 rs13127585 162001907 1 -0.00193563378691514 162001907 162001907 0
4 7527 rs2197120 90729602 1 -0.00193460067483706 90729602 90729602 0
4 1934 rs17448392 21189870 1 0.001921128288568 21189870 21189870 0
4 6063 rs9307118 75682484 1 -0.00191944637940919 75682484 75682484 0
4 8147 rs11097632 99687168 1 0.00191305208382804 99687168 99687168 0
4 11132 rs1588824 138135380 1 -0.00190483037687274 138135380 138135380 0
4 8061 rs1462767 98270800 1 0.00190325703999597 98270800 98270800 0
4 4559 rs2590828 54589655 1 0.00189694106021573 54589655 54589655 0
4 6863 rs1112035 83595614 1 0.00189637662615196 83595614 83595614 0
4 9740 rs9784534 119963646 2 -0.00189358454339197 119963646 119963646 0
4 8284 rs11734827 101108008 2 0.00188789814126901 101108008 101108008 0
4 13874 rs6857184 172451166 1 0.0018810953812764 172451166 172451166 0
4 5025 rs9997522 59799872 1 -0.00187480515906045 59799872 59799872 0
4 9898 rs3817171 122063735 2 0.00187297594400824 122063735 122063735 0
4 12307 rs1105491 154726634 1 0.0018694068984864 154726634 154726634 0
4 9964 rs3811745 122531359 1 0.00186840153676766 122531359 122531359 0
4 12150 rs11732407 152401909 1 -0.00186823110026917 152401909 152401909 0
4 499 rs9999241 7174993 1 0.00186543980954741 7174993 7174993 0
4 7595 rs1355993 91661745 1 0.00185648373426076 91661745 91661745 0
4 711 rs10805342 9887086 2 0.00185431971189242 9887086 9887086 0
4 11606 rs7692784 145130096 1 -0.0018538163294385501 145130096 145130096 0
4 10329 rs4446326 126688743 2 0.00185160663096266 126688743 126688743 0
4 11808 rs1370300 147941480 2 -0.00184823161595542 147941480 147941480 0
4 12585 rs1490564 157404876 1 -0.00183589479374429 157404876 157404876 0
4 7504 rs1495556 90458283 2 -0.00183076264221571 90458283 90458283 0
4 7845 rs4634230 95510638 1 -0.00182762534661344 95510638 95510638 0
4 5619 rs2630489 68591252 1 0.00182686898586925 68591252 68591252 0
4 11222 rs2976481 139339576 1 0.00180430076743221 139339576 139339576 0
4 3412 rs115231391 37633026 1 0.00179904683521451 37633026 37633026 0
4 14249 rs1545089 177854130 1 0.00179662487601931 177854130 177854130 0
4 9685 rs28661939 119219909 1 -0.00179566542157059 119219909 119219909 0
4 4581 rs1498828 54736988 1 -0.0017919798752616 54736988 54736988 0
4 9910 rs17051336 122203163 1 0.00179114424027278 122203163 122203163 0
4 13218 rs6536780 164972256 1 -0.00178039613290746 164972256 164972256 0
4 8484 rs230535 103448582 1 0.00177632406453071 103448582 103448582 0
4 12839 rs4690958 160766276 1 0.00177238187537634 160766276 160766276 0
4 14607 rs2059116 181441904 1 -0.0017673061860654 181441904 181441904 0
4 3701 rs1706034 40120897 1 -0.00176700759555312 40120897 40120897 0
4 3586 rs6838865 38745883 1 -0.0017659214078711 38745883 38745883 0
4 14118 rs6820739 176028487 1 0.001763462980227 176028487 176028487 0
4 15431 rs6553238 189759697 1 0.00176186876571656 189759697 189759697 0
4 14294 rs11131820 178683325 1 0.00175947581863084 178683325 178683325 0
4 4703 rs11728776 56527767 1 -0.00175824166426897 56527767 56527767 0
4 13533 rs6854438 168375863 1 0.00175372099406221 168375863 168375863 0
4 2377 rs316807 25310351 1 0.00175315867369898 25310351 25310351 0
4 14783 rs6823165 182784916 2 -0.00174023210353022 182784916 182784916 0
4 1693 rs2048963 18696177 1 -0.00173929090031002 18696177 18696177 0
4 4715 rs12641893 56628525 1 0.00171997485266995 56628525 56628525 0
4 7890 rs10021303 95856681 1 -0.00171983546869123 95856681 95856681 0
4 6050 rs11099492 75575898 1 -0.0017176099755444 75575898 75575898 0
4 3798 rs1508067 41078183 1 -0.00168837827561617 41078183 41078183 0
4 5719 rs4148301 70462042 1 -0.0016764803310781 70462042 70462042 0
4 1644 rs7690457 17805379 2 -0.00167539410297244 17805379 17805379 0
4 6365 rs17002253 77771345 1 -0.00167448137243186 77771345 77771345 0
4 132 rs13128459 2471236 1 0.00166760425040706 2471236 2471236 0
4 15355 rs4862860 189022420 1 0.00164750598331484 189022420 189022420 0
4 3397 rs2928307 37469174 2 -0.00164431631329019 37469174 37469174 0
4 1692 rs13118998 18695770 1 -0.00163862018061093 18695770 18695770 0
4 8 rs7666425 517461 1 -0.00163852819949766 517461 517461 0
4 8555 rs960345 105230647 1 0.00163813892352734 105230647 105230647 0
4 7352 rs7661312 89201007 1 -0.00163595625415477 89201007 89201007 0
4 9797 rs1503540 120812306 1 0.00163400419837325 120812306 120812306 0
4 6081 rs17250773 75967100 1 0.00162970392342448 75967100 75967100 0
4 4956 rs17088977 58814737 1 -0.00162687560925554 58814737 58814737 0
4 7073 rs1599313 87135124 1 -0.00161582229071662 87135124 87135124 0
4 11916 rs7670069 149063523 1 0.00161375648021599 149063523 149063523 0
4 12244 rs12503416 153631060 1 -0.00161368829599251 153631060 153631060 0
4 8620 rs62621450 106197000 1 0.00161199036644796 106197000 106197000 0
4 1368 rs13116304 15569146 1 0.0016084531177386 15569146 15569146 0
4 119 rs6830513 2181080 1 -0.00160583884571443 2181080 2181080 0
4 1531 rs207699 16786351 1 -0.00160513631136957 16786351 16786351 0
4 11904 rs12650033 148987187 2 0.00160058709363471 148987187 148987187 0
4 12934 rs2350469 161517400 1 -0.00159997335451128 161517400 161517400 0
4 13034 rs6852064 162538914 1 0.00159948391734895 162538914 162538914 0
4 1950 rs1908552 21389678 1 -0.00159914940753236 21389678 21389678 0
4 4335 rs76537883 47954624 1 0.00159294001453968 47954624 47954624 0
4 11184 rs1472936 138684201 2 -0.00158889477224239 138684201 138684201 0
4 8623 rs6827660 106239038 2 0.00157807691013989 106239038 106239038 0
4 3486 rs10018389 38046569 1 -0.0015762505079373 38046569 38046569 0
4 2028 rs1913330 21929301 1 0.00157106578621589 21929301 21929301 0
4 10034 rs2306369 123268859 1 0.00156860327748128 123268859 123268859 0
4 5109 rs1023948 60598813 1 -0.0015681797760643 60598813 60598813 0
4 10731 rs7675104 131340368 1 0.00156781896899476 131340368 131340368 0
4 9916 rs7698313 122264663 1 -0.00156333450537556 122264663 122264663 0
4 1426 rs2058147 15992486 1 0.001562309994558 15992486 15992486 0
4 13843 rs28666968 171853059 1 0.00155213423772879 171853059 171853059 0
4 612 rs4696886 7967683 1 0.0015521131856728 7967683 7967683 0
4 9282 rs916874 114392393 1 0.00155185371344346 114392393 114392393 0
4 218 rs2980164 4297389 1 0.00154394770178833 4297389 4297389 0
4 1450 rs9946 16163221 1 -0.00154189271069571 16163221 16163221 0
4 11615 rs2657799 145282779 1 0.00154124615839627 145282779 145282779 0
4 5395 rs7356402 66191356 1 -0.00153806541714331 66191356 66191356 0
4 6210 rs3733238 76902739 2 0.00152843702204096 76902739 76902739 0
4 5817 rs10015958 71629537 1 0.00152564371370972 71629537 71629537 0
4 3561 rs7654396 38570708 1 0.00151494239731535 38570708 38570708 0
4 4507 rs2001881 53993103 1 -0.00151103600399647 53993103 53993103 0
4 2983 rs13136356 31758426 2 -0.00151009803042491 31758426 31758426 0
4 2097 rs2045809 22549959 1 -0.00150986909729279 22549959 22549959 0
4 3381 rs6826632 37406820 1 0.00150235237937475 37406820 37406820 0
4 1466 rs11721706 16281681 1 0.00150027378134191 16281681 16281681 0
4 250 rs10937873 4525074 1 -0.00149065557787207 4525074 4525074 0
4 7990 rs11943079 97132023 1 0.00148866860335433 97132023 97132023 0
4 2383 rs1553876 25317277 1 0.00148088778234056 25317277 25317277 0
4 8545 rs795131 105097752 1 -0.00147715079253018 105097752 105097752 0
4 9314 rs7662446 114702819 1 0.00147300229620337 114702819 114702819 0
4 2521 rs1013532 27157313 2 -0.0014719208103953 27157313 27157313 0
4 5791 rs11938536 71264191 2 -0.00146096246769754 71264191 71264191 0
4 14724 rs13107304 182432295 1 -0.00145892729346298 182432295 182432295 0
4 9574 rs6829877 118445839 1 -0.00145229378730579 118445839 118445839 0
4 14100 rs2029570 175675480 1 -0.001449019267595 175675480 175675480 0
4 15399 rs13114765 189390949 1 0.00144866316261164 189390949 189390949 0
4 110 rs34205238 1729556 1 0.00144214497387932 1729556 1729556 0
4 14958 rs11724229 185128641 1 0.00143867872365052 185128641 185128641 0
4 9233 rs10433899 113724108 1 -0.00143532200964061 113724108 113724108 0
4 9812 rs2892890 120992642 1 0.00142710408153277 120992642 120992642 0
4 3819 rs10938677 41222917 1 -0.00142310554724868 41222917 41222917 0
4 5336 rs12501821 65309971 1 0.00142060336927425 65309971 65309971 0
4 2104 rs12507337 22661136 1 0.00141757336721169 22661136 22661136 0
4 5144 rs4318679 61249246 1 0.00141207165263767 61249246 61249246 0
4 12284 rs13119846 154415184 1 0.00140980400336823 154415184 154415184 0
4 15171 rs7349633 187247089 1 0.00140969989827653 187247089 187247089 0
4 1291 rs4698295 14812935 1 0.0014087617727339 14812935 14812935 0
4 6297 rs4859673 77364799 1 -0.00140364375077872 77364799 77364799 0
4 7832 rs75841704 95376504 1 -0.00140355946834014 95376504 95376504 0
4 4625 rs218237 55394172 2 0.00139720972600732 55394172 55394172 0
4 13998 rs4695849 174471671 1 -0.00139678549369998 174471671 174471671 0
4 14019 rs11941310 174705265 1 0.00139321113979996 174705265 174705265 0
4 11131 rs10519410 138134581 1 -0.00139230097867345 138134581 138134581 0
4 15354 rs10004012 189018613 1 -0.00138764098249792 189018613 189018613 0
4 9475 rs4640736 117569522 1 -0.00138537671975587 117569522 117569522 0
4 14462 rs1546680 180411508 2 0.00138145805039092 180411508 180411508 0
4 319 rs12233750 5212292 1 -0.00137606743239913 5212292 5212292 0
4 9083 rs9307366 112233572 1 0.00137473506545427 112233572 112233572 0
4 13153 rs7658224 164293345 2 -0.00137199396500356 164293345 164293345 0
4 14855 rs2309777 183722743 1 0.00137118566980892 183722743 183722743 0
4 8434 rs2631267 102948472 1 0.00136958871604588 102948472 102948472 0
4 8581 rs4698923 105581394 1 0.00134770499675241 105581394 105581394 0
4 10059 rs4833253 123578850 1 0.00134502430121967 123578850 123578850 0
4 6605 rs6816338 80767617 1 -0.00134446132760824 80767617 80767617 0
4 9908 rs4833711 122193376 1 0.00134258342800812 122193376 122193376 0
4 6833 rs13116695 83094251 1 0.00134087420616563 83094251 83094251 0
4 9333 rs13112787 114958543 1 -0.00134010165887641 114958543 114958543 0
4 6834 rs2101680 83096524 2 -0.00133868410782247 83096524 83096524 0
4 993 rs11725667 11513562 1 0.00133447024199384 11513562 11513562 0
4 13749 rs4588426 170895510 1 -0.00132958317631731 170895510 170895510 0
4 13031 rs11100377 162530770 2 -0.00132790277379393 162530770 162530770 0
4 7608 rs10856879 91725803 1 -0.00130740644964147 91725803 91725803 0
4 8057 rs1993800 98249865 1 0.00130721945470325 98249865 98249865 0
4 9524 rs12649613 117946646 2 -0.00129982419509804 117946646 117946646 0
4 12909 rs1946869 161386383 1 -0.00129885128039084 161386383 161386383 0
4 13170 rs6815345 164471823 1 0.00129754430482766 164471823 164471823 0
4 12451 rs983146 156213709 1 0.00129170328879984 156213709 156213709 0
4 13174 rs3828491 164506575 1 -0.00128771503276812 164506575 164506575 0
4 14921 rs13106255 184762700 1 -0.00128732329582731 184762700 184762700 0
4 14900 rs4862210 184399833 2 -0.00128356715320271 184399833 184399833 0
4 11958 rs12644824 149525713 1 0.00128202751970945 149525713 149525713 0
4 10171 rs7691579 125332916 2 -0.00127630810453117 125332916 125332916 0
4 13020 rs13141240 162473868 1 0.00127111081741627 162473868 162473868 0
4 1478 rs2191958 16334352 1 0.00126980695280325 16334352 16334352 0
4 8702 rs7695009 107654943 1 0.00126667279937016 107654943 107654943 0
4 12265 rs10001638 154055176 1 0.00126146741224111 154055176 154055176 0
4 14969 rs17624012 185286768 1 -0.00125809229268967 185286768 185286768 0
4 1360 rs7682982 15501503 1 0.00124840045488445 15501503 15501503 0
4 3064 rs10025667 32695806 1 -0.00123909540012526 32695806 32695806 0
4 15246 rs1583219 187751154 1 -0.00123443806642766 187751154 187751154 0
4 446 rs16838780 6417785 2 0.00122888273818147 6417785 6417785 0
4 2672 rs2047031 28680520 1 -0.00122756709543413 28680520 28680520 0
4 7605 rs11097264 91711665 1 -0.00122614490561618 91711665 91711665 0
4 1418 rs2286461 15963673 1 0.00122194314212211 15963673 15963673 0
4 7654 rs10516896 92356118 1 0.00121776231290644 92356118 92356118 0
4 310 rs12651470 5128511 1 0.0012171713761496 5128511 5128511 0
4 13481 rs6826162 167450233 2 -0.00120962158844515 167450233 167450233 0
4 14460 rs1378552 180356846 1 -0.00120719332376264 180356846 180356846 0
4 10494 rs10007344 128474999 1 -0.00120632463095819 128474999 128474999 0
4 14889 rs6821104 184292528 2 0.00120330530893603 184292528 184292528 0
4 2259 rs4697052 24223553 1 0.00119975016341038 24223553 24223553 0
4 14807 rs2063905 183198752 1 -0.00118960349469715 183198752 183198752 0
4 1253 rs4698737 14368628 1 0.00118840400484024 14368628 14368628 0
4 1527 rs2658509 16726786 1 -0.0011881417210173 16726786 16726786 0
4 14238 rs13131892 177529663 1 -0.00118670434261828 177529663 177529663 0
4 7077 rs4693763 87231849 1 -0.00118224382590357 87231849 87231849 0
4 972 rs2203396 11234912 1 -0.00117616306914224 11234912 11234912 0
4 445 rs7658616 6417028 1 -0.00117110531427052 6417028 6417028 0
4 3274 rs7696411 36334488 1 -0.00116420927998844 36334488 36334488 0
4 11104 rs7695609 137886834 1 -0.00115657717277844 137886834 137886834 0
4 1649 rs6854757 17932555 1 -0.00115459706022465 17932555 17932555 0
4 8468 rs151404 103191787 1 -0.00115425387202234 103191787 103191787 0
4 8970 rs7662161 110975433 1 0.00115048493940712 110975433 110975433 0
4 9942 rs17382098 122426239 1 0.00114731476387995 122426239 122426239 0
4 11750 rs11944523 147374979 1 -0.0011455322726085 147374979 147374979 0
4 10330 rs10013424 126694369 2 -0.00114400095641285 126694369 126694369 0
4 5402 rs1349446 66218334 1 -0.00113947346030691 66218334 66218334 0
4 9997 rs951974 122828794 1 -0.00113766641961797 122828794 122828794 0
4 1190 rs17811685 13860927 1 0.00113722392326226 13860927 13860927 0
4 12012 rs11727085 149949967 1 -0.00113220399192145 149949967 149949967 0
4 14340 rs10520400 178966254 1 -0.00112739741478396 178966254 178966254 0
4 10163 rs13145092 125209067 1 0.00112429845114135 125209067 125209067 0
4 5208 rs12505990 62140177 1 0.00111782132991311 62140177 62140177 0
4 1503 rs10805350 16531401 2 0.00111704566879327 16531401 16531401 0
4 8607 rs1391438 106151843 1 -0.00111643202582241 106151843 106151843 0
4 15420 rs6849122 189673094 1 -0.00111611635968325 189673094 189673094 0
4 5083 rs4368634 60362500 1 -0.00111160732069926 60362500 60362500 0
4 6182 rs7665811 76633325 2 0.00110726230419502 76633325 76633325 0
4 7014 rs13145163 86057003 1 -0.00110293918749735 86057003 86057003 0
4 3548 rs17615370 38464493 1 -0.00110206974061746 38464493 38464493 0
4 13863 rs7681428 172200213 1 -0.00110195321948653 172200213 172200213 0
4 2633 rs10517137 28226334 1 -0.00110140218122551 28226334 28226334 0
4 5266 rs801454 63258843 1 -0.00110101867367324 63258843 63258843 0
4 7672 rs1485988 92761582 1 -0.00110040235112678 92761582 92761582 0
4 10503 rs58225850 128949799 1 0.00108560850002173 128949799 128949799 0
4 5332 rs10025479 65231389 1 0.00108197374306849 65231389 65231389 0
4 3998 rs6850625 43082956 1 0.00107880803450453 43082956 43082956 0
4 7477 rs11733183 90170094 1 0.00107457545992737 90170094 90170094 0
4 12285 rs10030193 154427319 1 0.00107031355457312 154427319 154427319 0
4 398 rs10004248 5895798 1 -0.00106815056216288 5895798 5895798 0
4 9595 rs2635302 118553272 1 -0.0010676237932482 118553272 118553272 0
4 4725 rs4865038 56717548 1 0.00106633778487244 56717548 56717548 0
4 7370 rs11736472 89458051 1 0.00106295858513388 89458051 89458051 0
4 15006 rs7670324 185791901 1 -0.00106219279460612 185791901 185791901 0
4 3919 rs1386617 42382884 1 -0.00106186094766405 42382884 42382884 0
4 10528 rs7441245 129436625 1 0.00105938931799993 129436625 129436625 0
4 8535 rs12651382 104955958 1 0.0010584139143383 104955958 104955958 0
4 9014 rs939213 111420577 1 0.00105562789979708 111420577 111420577 0
4 964 rs9683691 11201074 1 -0.00105536057740755 11201074 11201074 0
4 15343 rs7439650 188904235 1 0.00105433264956683 188904235 188904235 0
4 2948 rs6448754 31196514 1 -0.00105330429303314 31196514 31196514 0
4 707 rs2867394 9872475 1 -0.00104537521645598 9872475 9872475 0
4 917 rs7698615 10877223 1 0.00104120328965192 10877223 10877223 0
4 9858 rs1450476 121784013 1 0.00103862946607868 121784013 121784013 0
4 9891 rs17051284 121972302 2 -0.00103816420992899 121972302 121972302 0
4 6750 rs1452373 82284055 1 0.00103210525519224 82284055 82284055 0
4 8980 rs6533495 111055435 2 -0.00102940416648956 111055435 111055435 0
4 10484 rs1443171 128400330 1 -0.00102328383913887 128400330 128400330 0
4 8536 rs12645446 104963745 1 -0.00101996924000601 104963745 104963745 0
4 13497 rs10517920 167932509 1 0.00101784036252961 167932509 167932509 0
4 5211 rs1350246 62276356 1 0.00101773339353075 62276356 62276356 0
4 11844 rs2714886 148229316 1 0.00101696638916039 148229316 148229316 0
4 6824 rs6814999 82932359 1 0.00101641250655033 82932359 82932359 0
4 4928 rs17088360 58412269 1 -0.00101208507129925 58412269 58412269 0
4 4937 rs34726206 58568732 1 0.00100721287581889 58568732 58568732 0
4 8522 rs3796962 104574265 1 -0.001006894639387 104574265 104574265 0
4 6188 rs2089253 76697211 1 0.00100337633314478 76697211 76697211 0
4 2345 rs4235326 25009491 2 -0.00100261954452113 25009491 25009491 0
4 240 rs6446632 4355380 1 -0.00100227226415537 4355380 4355380 0
4 8104 rs10516428 99237439 1 9.956550250880744e-4 99237439 99237439 0
4 14870 rs11132173 184201909 1 9.952466216419918e-4 184201909 184201909 0
4 15495 rs1551137 190438606 1 9.929456067176864e-4 190438606 190438606 0
4 3321 rs1870504 36847609 2 9.916398957089657e-4 36847609 36847609 0
4 13056 rs11938253 162770250 1 -9.89954910283878e-4 162770250 162770250 0
4 4754 rs534208 57127117 1 9.878837584684878e-4 57127117 57127117 0
4 12549 rs2340252 157129218 1 -9.856680024440147e-4 157129218 157129218 0
4 3576 rs16994718 38688362 1 9.83921634283324e-4 38688362 38688362 0
4 13395 rs1459506 166547603 1 -9.806517456000243e-4 166547603 166547603 0
4 13921 rs2626608 173231924 1 -9.676496401698238e-4 173231924 173231924 0
4 14398 rs1583358 179563805 1 -9.662114592097582e-4 179563805 179563805 0
4 3515 rs4832994 38189873 1 -9.613176835185056e-4 38189873 38189873 0
4 40 rs7687129 939883 1 9.557783080778664e-4 939883 939883 0
4 6639 rs17530504 81109088 1 -9.547086672842382e-4 81109088 81109088 0
4 8493 rs227284 103607635 2 -9.51817615310534e-4 103607635 103607635 0
4 5675 rs6818594 69850452 1 9.513912408397156e-4 69850452 69850452 0
4 650 rs7809 8368433 1 -9.494047736241312e-4 8368433 8368433 0
4 647 rs1678272 8353829 1 9.490301465810636e-4 8353829 8353829 0
4 4811 rs12642085 57549528 2 9.473724418711196e-4 57549528 57549528 0
4 7534 rs11097238 90746709 1 -9.4653366937129e-4 90746709 90746709 0
4 2410 rs10013819 25577184 1 9.454689867928598e-4 25577184 25577184 0
4 5167 rs13125772 61443447 1 9.379675334723036e-4 61443447 61443447 0
4 7089 rs2869433 87279096 2 9.371201439979368e-4 87279096 87279096 0
4 10884 rs13119882 133685637 1 9.362779974786446e-4 133685637 133685637 0
4 11698 rs1979974 146800815 1 9.307866386221228e-4 146800815 146800815 0
4 2339 rs13135230 24996698 1 -9.247994223211104e-4 24996698 24996698 0
4 8958 rs10011112 110886306 1 -9.236975228519336e-4 110886306 110886306 0
4 3849 rs1061597 41691601 1 9.1979637048553e-4 41691601 41691601 0
4 6664 rs11937407 81413618 1 -9.187655063194568e-4 81413618 81413618 0
4 6662 rs2172878 81411380 1 -9.170329452235518e-4 81411380 81411380 0
4 6889 rs11942687 84145617 1 9.166483556493488e-4 84145617 84145617 0
4 3258 rs35822395 36230843 1 9.13724684299768e-4 36230843 36230843 0
4 9465 rs970943 117379825 1 9.072795006967836e-4 117379825 117379825 0
4 8807 rs852269 109236454 2 9.070928657414732e-4 109236454 109236454 0
4 6829 rs6827036 83027442 1 9.0466944371778e-4 83027442 83027442 0
4 2185 rs2130926 23712830 1 -9.045689911292362e-4 23712830 23712830 0
4 6306 rs12651108 77411996 1 9.04542741466214e-4 77411996 77411996 0
4 1957 rs11730849 21438786 2 9.03408946367425e-4 21438786 21438786 0
4 9649 rs4560487 118828807 1 -9.02052147635444e-4 118828807 118828807 0
4 4376 rs2271173 48172266 1 -8.97915837420033e-4 48172266 48172266 0
4 6326 rs12503111 77503120 1 -8.942405542148085e-4 77503120 77503120 0
4 11208 rs7669668 139253454 1 -8.941076650179628e-4 139253454 139253454 0
4 10182 rs6828748 125464140 1 8.933255015936593e-4 125464140 125464140 0
4 13664 rs11132434 169644844 1 -8.92147891858007e-4 169644844 169644844 0
4 11876 rs12645249 148696667 1 8.910174721633325e-4 148696667 148696667 0
4 10035 rs1127348 123280860 1 -8.891187023195201e-4 123280860 123280860 0
4 390 rs2286282 5843266 1 8.880572694694802e-4 5843266 5843266 0
4 9830 rs13134323 121149877 1 8.875031419475288e-4 121149877 121149877 0
4 178 rs363084 3132436 1 -8.873007120261333e-4 3132436 3132436 0
4 7849 rs12639623 95525186 1 -8.870267208561739e-4 95525186 95525186 0
4 9629 rs11562835 118667520 1 -8.841484851878148e-4 118667520 118667520 0
4 14495 rs17090640 180667647 1 8.840933318335657e-4 180667647 180667647 0
4 13816 rs1522571 171616095 2 8.80355367523364e-4 171616095 171616095 0
4 13558 rs10002325 168705038 1 8.762496580521671e-4 168705038 168705038 0
4 9718 rs10857061 119781338 1 -8.753278369286757e-4 119781338 119781338 0
4 12604 rs11943855 157557726 1 8.704983961052322e-4 157557726 157557726 0
4 6349 rs344135 77652219 1 8.704141089332657e-4 77652219 77652219 0
4 4674 rs11932784 56144669 1 8.697282391838815e-4 56144669 56144669 0
4 14415 rs7670541 179770149 1 8.677721298218264e-4 179770149 179770149 0
4 9386 rs7675371 115829919 1 8.668150945749315e-4 115829919 115829919 0
4 10276 rs1355161 126268141 1 -8.602240062046945e-4 126268141 126268141 0
4 1522 rs283038 16717423 1 8.592972446759328e-4 16717423 16717423 0
4 1603 rs7671329 17439346 1 -8.534674893950084e-4 17439346 17439346 0
4 3006 rs12513173 32001509 1 8.533104893264582e-4 32001509 32001509 0
4 8563 rs10516510 105437362 1 8.518736682600952e-4 105437362 105437362 0
4 3272 rs16992086 36334157 2 8.475808526065621e-4 36334157 36334157 0
4 8686 rs13148020 107423164 1 -8.468969049948913e-4 107423164 107423164 0
4 37 rs3755963 894255 2 -8.468440683621938e-4 894255 894255 0
4 10268 rs1039808 126239986 1 -8.455279733352481e-4 126239986 126239986 0
4 10170 rs1851689 125326845 1 8.345913313611514e-4 125326845 125326845 0
4 3691 rs10213194 39999094 1 -8.278000350417754e-4 39999094 39999094 0
4 1525 rs1514644 16723640 1 -8.26436136183991e-4 16723640 16723640 0
4 15405 rs6553202 189449669 1 8.238936834784567e-4 189449669 189449669 0
4 8611 rs7670522 106160365 2 -8.212938121876123e-4 106160365 106160365 0
4 6289 rs17001890 77305346 1 -8.164839013042647e-4 77305346 77305346 0
4 5586 rs1106653 68197397 1 -8.15925913121171e-4 68197397 68197397 0
4 6433 rs920666 78511203 1 8.094496307842214e-4 78511203 78511203 0
4 882 rs5000857 10502334 1 8.067371118005411e-4 10502334 10502334 0
4 3774 rs6817509 40885144 1 8.066787750752389e-4 40885144 40885144 0
4 1641 rs740672 17782264 2 8.050392610438632e-4 17782264 17782264 0
4 10461 rs7670859 127993106 1 -8.030772866826814e-4 127993106 127993106 0
4 13064 rs2163492 162797025 1 8.022789482720666e-4 162797025 162797025 0
4 6590 rs3935850 80663590 1 -8.007725513683396e-4 80663590 80663590 0
4 9645 rs10025675 118796265 1 -7.985251774070239e-4 118796265 118796265 0
4 13287 rs13114673 165515604 1 -7.977823202242205e-4 165515604 165515604 0
4 9616 rs10022014 118629807 1 -7.910925345208033e-4 118629807 118629807 0
4 14009 rs6816095 174642677 1 -7.899743108397035e-4 174642677 174642677 0
4 12969 rs4128879 161878992 1 7.898121927217715e-4 161878992 161878992 0
4 426 rs10002743 6276581 1 -7.896471606094723e-4 6276581 6276581 0
4 7456 rs17015025 90034030 1 -7.891926183954465e-4 90034030 90034030 0
4 1434 rs10516295 16064027 1 -7.752908353921605e-4 16064027 16064027 0
4 8578 rs574966 105534056 1 7.742391282563937e-4 105534056 105534056 0
4 13538 rs10517948 168524969 1 -7.702643400029527e-4 168524969 168524969 0
4 12243 rs13124365 153629791 1 -7.689324593194293e-4 153629791 153629791 0
4 13831 rs10010616 171729760 1 -7.616952262491374e-4 171729760 171729760 0
4 14363 rs2702386 179365152 1 -7.615314340585075e-4 179365152 179365152 0
4 551 rs4689773 7522239 1 7.591027477826988e-4 7522239 7522239 0
4 3538 rs901703 38413846 1 7.575527818946088e-4 38413846 38413846 0
4 10038 rs17388568 123329362 1 -7.571245621549728e-4 123329362 123329362 0
4 116 rs1923775 2103096 1 7.551719329073624e-4 2103096 2103096 0
4 11512 rs1390993 143094698 1 7.544150559694004e-4 143094698 143094698 0
4 23 rs1044147 763077 1 7.538423091918746e-4 763077 763077 0
4 3575 rs9992667 38680186 1 -7.509210193745689e-4 38680186 38680186 0
4 479 rs13115900 6876569 1 7.508291794594458e-4 6876569 6876569 0
4 8579 rs578265 105543843 1 7.393363867712848e-4 105543843 105543843 0
4 5055 rs357833 59988095 2 -7.380315295018734e-4 59988095 59988095 0
4 1701 rs938840 18851987 1 7.375832480457855e-4 18851987 18851987 0
4 223 rs2916458 4309677 2 7.359112872953721e-4 4309677 4309677 0
4 14445 rs6826259 180257370 1 7.305628945613509e-4 180257370 180257370 0
4 15152 rs4253239 187148475 1 -7.303494465027353e-4 187148475 187148475 0
4 7491 rs7687375 90293076 1 -7.297770518682532e-4 90293076 90293076 0
4 10695 rs2391577 130912560 1 7.293629706324028e-4 130912560 130912560 0
4 15093 rs11132350 186725449 1 7.272474877969286e-4 186725449 186725449 0
4 11412 rs4956325 141537771 2 -7.246989170538982e-4 141537771 141537771 0
4 12141 rs13117723 152209120 1 -7.172772985725406e-4 152209120 152209120 0
4 9800 rs10018121 120846553 1 -7.15570569931308e-4 120846553 120846553 0
4 13432 rs13136952 166833808 1 -7.138974313489053e-4 166833808 166833808 0
4 7532 rs1812923 90739539 2 -7.123661840836398e-4 90739539 90739539 0
4 15010 rs10001154 185849906 1 7.123129016791192e-4 185849906 185849906 0
4 11805 rs1370299 147935557 1 7.116162338854811e-4 147935557 147935557 0
4 11872 rs11557361 148560193 2 7.090905865546778e-4 148560193 148560193 0
4 8921 rs4698788 110719534 1 -7.088474379194437e-4 110719534 110719534 0
4 6330 rs4859697 77538555 1 7.085473485490757e-4 77538555 77538555 0
4 12547 rs7676050 157098758 1 -7.085425834069838e-4 157098758 157098758 0
4 941 rs13143997 10980181 2 -7.081628743650449e-4 10980181 10980181 0
4 10796 rs11946679 132081509 1 -7.073568028600986e-4 132081509 132081509 0
4 7319 rs2725264 89026109 1 7.070396379625582e-4 89026109 89026109 0
4 4939 rs13111380 58570044 1 -7.035624252404108e-4 58570044 58570044 0
4 9895 rs1960385 122004252 1 -7.012444929282864e-4 122004252 122004252 0
4 9575 rs17866755 118450767 1 -7.005417284649486e-4 118450767 118450767 0
4 3661 rs10019532 39515736 1 -6.87974019083192e-4 39515736 39515736 0
4 7535 rs2583978 90750326 1 6.858841258915395e-4 90750326 90750326 0
4 1069 rs6812909 12470500 1 -6.795353144831305e-4 12470500 12470500 0
4 2580 rs13119429 27792360 1 6.779933806620844e-4 27792360 27792360 0
4 3728 rs278981 40428010 1 6.76491953251525e-4 40428010 40428010 0
4 7940 rs7699716 96428992 1 6.735900023277049e-4 96428992 96428992 0
4 4817 rs973031 57587795 1 6.706564520946283e-4 57587795 57587795 0
4 14269 rs13112358 178274750 1 6.702926740063968e-4 178274750 178274750 0
4 11495 rs4956433 142984889 1 -6.697491400724808e-4 142984889 142984889 0
4 3197 rs11731044 35740465 2 -6.657044060251307e-4 35740465 35740465 0
4 9735 rs6828669 119947135 1 6.6490786034945e-4 119947135 119947135 0
4 4733 rs4526032 56855667 1 6.639105741792536e-4 56855667 56855667 0
4 5170 rs1439290 61513010 1 -6.636478909655196e-4 61513010 61513010 0
4 2821 rs10049908 30328822 1 -6.632591507880691e-4 30328822 30328822 0
4 4702 rs12506506 56526433 1 -6.6301977358365e-4 56526433 56526433 0
4 12577 rs11938052 157371613 1 -6.565132791538283e-4 157371613 157371613 0
4 3709 rs9683756 40279534 1 -6.532241302428432e-4 40279534 40279534 0
4 6228 rs9307076 77027120 1 6.519763347047946e-4 77027120 77027120 0
4 391 rs2286280 5843328 1 6.486995373257536e-4 5843328 5843328 0
4 10972 rs12510007 135332361 1 -6.420312579974096e-4 135332361 135332361 0
4 1595 rs16894953 17361114 1 6.397386558375245e-4 17361114 17361114 0
4 5858 rs1453458 72425863 1 -6.386046133690089e-4 72425863 72425863 0
4 12738 rs6832186 159481490 1 6.368322788801964e-4 159481490 159481490 0
4 8007 rs7693049 97419088 1 6.358296623228162e-4 97419088 97419088 0
4 4160 rs1858410 45191856 1 6.303915138466808e-4 45191856 45191856 0
4 9248 rs313980 113981730 1 -6.302636776344551e-4 113981730 113981730 0
4 1324 rs974179 15175036 1 6.297220641497939e-4 15175036 15175036 0
4 11454 rs3098028 142204757 1 -6.282133051525859e-4 142204757 142204757 0
4 11298 rs6853235 140253202 1 6.281383522957671e-4 140253202 140253202 0
4 11528 rs17015920 143240651 1 -6.242741026863938e-4 143240651 143240651 0
4 8730 rs10488871 108312334 1 6.22108239027499e-4 108312334 108312334 0
4 12314 rs4286502 154865878 1 -6.201246830047982e-4 154865878 154865878 0
4 14141 rs1390343 176706135 1 -6.191155223362387e-4 176706135 176706135 0
4 5901 rs4296652 72938462 1 6.14960411090258e-4 72938462 72938462 0
4 12534 rs13117709 157008429 2 6.139082820239927e-4 157008429 157008429 0
4 11154 rs13150244 138350049 1 -6.111999039777305e-4 138350049 138350049 0
4 6561 rs1484140 80234648 1 -6.101270784920218e-4 80234648 80234648 0
4 13862 rs13145065 172167890 1 -6.096057338811419e-4 172167890 172167890 0
4 11183 rs12374402 138678024 2 -6.074657333689928e-4 138678024 138678024 0
4 318 rs989707 5210283 1 6.070106156493058e-4 5210283 5210283 0
4 7944 rs10024436 96517899 1 6.066079772934328e-4 96517899 96517899 0
4 12821 rs3929449 160556118 1 -6.042941245976702e-4 160556118 160556118 0
4 7218 rs2869703 88626278 1 -6.006256471955619e-4 88626278 88626278 0
4 15429 rs2377458 189756940 2 -5.995098042069721e-4 189756940 189756940 0
4 13166 rs4234960 164389550 2 -5.985013253214809e-4 164389550 164389550 0
4 11752 rs4835310 147379015 1 -5.97523289787913e-4 147379015 147379015 0
4 10565 rs318544 129836458 1 -5.964303104381882e-4 129836458 129836458 0
4 4732 rs6815354 56851023 1 -5.955806578794651e-4 56851023 56851023 0
4 11360 rs6851301 140959594 1 -5.941941519349181e-4 140959594 140959594 0
4 2579 rs2309628 27790945 1 -5.931850575991761e-4 27790945 27790945 0
4 9078 rs17042997 112145870 1 5.923418082279059e-4 112145870 112145870 0
4 6325 rs12513013 77498236 1 5.91455628265986e-4 77498236 77498236 0
4 9136 rs6812046 112902209 1 -5.912471123395791e-4 112902209 112902209 0
4 418 rs16838138 6058701 1 5.905620723696944e-4 6058701 6058701 0
4 2967 rs1966546 31427408 1 5.873402562006042e-4 31427408 31427408 0
4 12493 rs3806776 156586804 1 -5.853217525726558e-4 156586804 156586804 0
4 13854 rs13137432 172033347 1 5.850180891637144e-4 172033347 172033347 0
4 8414 rs10516487 102751076 1 5.844766883861274e-4 102751076 102751076 0
4 9661 rs11736688 119060182 1 -5.838699353364995e-4 119060182 119060182 0
4 9945 rs883029 122431579 1 -5.837576343506689e-4 122431579 122431579 0
4 11903 rs2276932 148984321 1 5.813150468325509e-4 148984321 148984321 0
4 1424 rs10428501 15983618 1 5.804518786365638e-4 15983618 15983618 0
4 7142 rs10032200 87955141 1 -5.794148756613415e-4 87955141 87955141 0
4 15197 rs2100281 187380057 1 5.784754313685651e-4 187380057 187380057 0
4 6558 rs7667438 80135060 1 -5.775939650851195e-4 80135060 80135060 0
4 10746 rs1968821 131499397 2 5.744980373973956e-4 131499397 131499397 0
4 6032 rs7673295 75217114 1 -5.731621178816988e-4 75217114 75217114 0
4 2541 rs7356206 27254091 1 5.724364596927164e-4 27254091 27254091 0
4 251 rs12644497 4526248 1 -5.703750270684819e-4 4526248 4526248 0
4 7051 rs343853 86661171 1 5.688945416449608e-4 86661171 86661171 0
4 3526 rs991331 38308761 1 5.687510375549309e-4 38308761 38308761 0
4 4938 rs36050794 58568990 2 -5.665355674389565e-4 58568990 58568990 0
4 12721 rs1410789 159179862 1 -5.661747596020258e-4 159179862 159179862 0
4 4231 rs6827925 47156545 1 5.622556811834921e-4 47156545 47156545 0
4 7201 rs2011326 88448026 1 5.604558470833317e-4 88448026 88448026 0
4 3578 rs1000096 38692835 1 5.600257722013474e-4 38692835 38692835 0
4 126 rs2051561 2275835 1 -5.59872525393179e-4 2275835 2275835 0
4 12196 rs7658783 152852199 1 -5.588846813127939e-4 152852199 152852199 0
4 8066 rs4699559 98299136 1 -5.588481097882089e-4 98299136 98299136 0
4 6490 rs1454890 79266563 1 5.587173607828171e-4 79266563 79266563 0
4 6977 rs1899392 85268860 1 5.585235485299462e-4 85268860 85268860 0
4 9249 rs6819998 114010341 1 -5.579554740682138e-4 114010341 114010341 0
4 7200 rs17012782 88443685 1 5.577570500315034e-4 88443685 88443685 0
4 303 rs11733243 4944451 1 -5.532871451338244e-4 4944451 4944451 0
4 11819 rs4835063 147980595 1 5.521796510248964e-4 147980595 147980595 0
4 6769 rs4401444 82620131 1 5.520889374238151e-4 82620131 82620131 0
4 9648 rs4543205 118820791 1 -5.520806664955958e-4 118820791 118820791 0
4 9385 rs11945934 115823991 2 5.510129400444725e-4 115823991 115823991 0
4 301 rs736405 4923296 1 -5.492278941463752e-4 4923296 4923296 0
4 1829 rs6447967 20516341 2 5.490174469628679e-4 20516341 20516341 0
4 9859 rs17051273 121792785 2 5.482144067817948e-4 121792785 121792785 0
4 8985 rs12499874 111129756 1 5.481789968432241e-4 111129756 111129756 0
4 13524 rs2706826 168316748 1 -5.481593592818056e-4 168316748 168316748 0
4 10686 rs2968959 130827136 1 5.466686906371562e-4 130827136 130827136 0
4 8747 rs2726655 108572567 1 5.458013585493126e-4 108572567 108572567 0
4 105 rs798752 1720312 1 5.446365031972113e-4 1720312 1720312 0
4 4088 rs4695447 44093499 1 5.445476210056514e-4 44093499 44093499 0
4 10267 rs4834025 126216963 1 -5.441164371883569e-4 126216963 126216963 0
4 1411 rs2532098 15934723 1 5.427906349443148e-4 15934723 15934723 0
4 7210 rs6822632 88502642 1 5.422565697143381e-4 88502642 88502642 0
4 14282 rs12502937 178524145 1 5.416751099051825e-4 178524145 178524145 0
4 3394 rs1479765 37463593 1 -5.387182995064393e-4 37463593 37463593 0
4 12571 rs17034575 157349944 2 -5.384837873726263e-4 157349944 157349944 0
4 1665 rs1847401 18169817 1 -5.378727587446115e-4 18169817 18169817 0
4 111 rs17680881 1732978 1 5.346275714777965e-4 1732978 1732978 0
4 11834 rs2174804 148086342 1 5.343761611614437e-4 148086342 148086342 0
4 4798 rs12644498 57372630 1 -5.301799126867714e-4 57372630 57372630 0
4 1171 rs10003958 13370308 1 -5.295811586622855e-4 13370308 13370308 0
4 8444 rs190223 103105685 1 5.29109445402154e-4 103105685 103105685 0
4 1594 rs11733122 17356226 1 -5.281644600552079e-4 17356226 17356226 0
4 4560 rs2245157 54596466 1 -5.268884282557264e-4 54596466 54596466 0
4 121 rs10011549 2194946 1 -5.243133211912906e-4 2194946 2194946 0
4 10404 rs17011345 127551516 1 5.234494171692833e-4 127551516 127551516 0
4 10784 rs2220898 131983567 1 -5.2106689410878e-4 131983567 131983567 0
4 3956 rs1562839 42813800 1 5.193858782202005e-4 42813800 42813800 0
4 13040 rs6817344 162607930 1 5.192861455975282e-4 162607930 162607930 0
4 780 rs3756227 10087995 1 5.186510957259527e-4 10087995 10087995 0
4 9318 rs4446309 114736267 1 5.178274170491783e-4 114736267 114736267 0
4 8411 rs9998865 102717146 1 -5.177467294124858e-4 102717146 102717146 0
4 4676 rs7661296 56155385 1 5.157734026704085e-4 56155385 56155385 0
4 10057 rs1512970 123561067 1 5.135516664973442e-4 123561067 123561067 0
4 7967 rs2865703 96647588 1 -5.125509637767938e-4 96647588 96647588 0
4 6225 rs11097233 77025136 1 -5.076660360904294e-4 77025136 77025136 0
4 7277 rs17013516 88808272 1 -5.072086924924794e-4 88808272 88808272 0
4 2218 rs10020457 23962961 1 -5.066478898219771e-4 23962961 23962961 0
4 12199 rs6837639 152872859 1 5.065170775541688e-4 152872859 152872859 0
4 9375 rs10024217 115458115 1 5.060932783069775e-4 115458115 115458115 0
4 15440 rs10027878 189876706 1 5.046200205552673e-4 189876706 189876706 0
4 14242 rs1485762 177607731 1 -5.012678800539148e-4 177607731 177607731 0
4 15162 rs4241824 187191787 1 -5.006433407824425e-4 187191787 187191787 0
4 2802 rs2613180 30132119 1 4.99134604421204e-4 30132119 30132119 0
4 10498 rs10434049 128528617 1 -4.964811959725452e-4 128528617 128528617 0
4 9643 rs4580714 118777687 1 -4.936267471470077e-4 118777687 118777687 0
4 11109 rs720733 137997347 1 -4.935517306899476e-4 137997347 137997347 0
4 4711 rs10029315 56606769 1 4.934590022442821e-4 56606769 56606769 0
4 11829 rs4485803 148051452 1 -4.934236411282738e-4 148051452 148051452 0
4 2707 rs6833159 28832788 1 4.915600267109578e-4 28832788 28832788 0
4 9145 rs10516583 113025264 1 4.902361918265297e-4 113025264 113025264 0
4 9795 rs2174169 120794385 2 -4.891362461764128e-4 120794385 120794385 0
4 4369 rs996223 48146864 1 -4.885925540063172e-4 48146864 48146864 0
4 636 rs4696812 8321709 1 4.8415141297674486e-4 8321709 8321709 0
4 14151 rs17062252 176832899 1 -4.832392027041194e-4 176832899 176832899 0
4 11367 rs1039988 141262836 1 4.831381562043297e-4 141262836 141262836 0
4 1317 rs1455207 15128633 1 4.831178361699593e-4 15128633 15128633 0
4 14578 rs10520443 181158380 1 4.826123284544112e-4 181158380 181158380 0
4 12883 rs1532391 161240911 1 4.8239413682920625e-4 161240911 161240911 0
4 14619 rs6851035 181499684 1 -4.8111356960339383e-4 181499684 181499684 0
4 5936 rs7676987 73707973 2 4.8021137216046306e-4 73707973 73707973 0
4 3518 rs613592 38193772 1 -4.795822373258078e-4 38193772 38193772 0
4 7615 rs17017704 91748644 1 -4.777954862393456e-4 91748644 91748644 0
4 11900 rs10213376 148936414 1 4.756193696443778e-4 148936414 148936414 0
4 7893 rs17022885 95948640 1 -4.748448691195619e-4 95948640 95948640 0
4 9012 rs16997154 111419197 2 4.7144249040692224e-4 111419197 111419197 0
4 12501 rs2306556 156638573 1 -4.684138890309912e-4 156638573 156638573 0
4 13009 rs10007971 162327567 1 4.6810945356482846e-4 162327567 162327567 0
4 8095 rs17027299 99078105 1 -4.667160843755395e-4 99078105 99078105 0
4 9114 rs4833869 112576171 1 4.659132197939055e-4 112576171 112576171 0
4 553 rs4689808 7632223 1 -4.630132578387085e-4 7632223 7632223 0
4 10398 rs17257398 127473539 1 4.608459125062856e-4 127473539 127473539 0
4 13317 rs13126014 165726126 1 4.60292385581216e-4 165726126 165726126 0
4 8003 rs4146411 97266060 1 4.60264108065902e-4 97266060 97266060 0
4 12262 rs932159 154012692 1 -4.6013437741044e-4 154012692 154012692 0
4 14496 rs13125519 180678226 1 -4.5928311692530895e-4 180678226 180678226 0
4 10047 rs10857092 123389219 1 -4.575006255559112e-4 123389219 123389219 0
4 5284 rs11131415 63679630 1 -4.5736892962579815e-4 63679630 63679630 0
4 11704 rs6537383 146870683 1 4.562913862593799e-4 146870683 146870683 0
4 3380 rs10016142 37406051 1 -4.541553790613054e-4 37406051 37406051 0
4 6195 rs13120456 76809074 2 4.516794644803769e-4 76809074 76809074 0
4 11658 rs10006257 146205494 1 -4.510465387296119e-4 146205494 146205494 0
4 4701 rs10002268 56519892 1 -4.4988500048286485e-4 56519892 56519892 0
4 11825 rs17022582 148017820 1 -4.498133247384997e-4 148017820 148017820 0
4 3513 rs7694647 38181187 1 -4.479135500384963e-4 38181187 38181187 0
4 11401 rs2036020 141451033 1 4.477735539511505e-4 141451033 141451033 0
4 2959 rs933954 31357836 1 -4.4751151570587426e-4 31357836 31357836 0
4 9684 rs4833571 119204720 1 -4.440695994474901e-4 119204720 119204720 0
4 12488 rs2200168 156504520 1 -4.438633190723178e-4 156504520 156504520 0
4 8316 rs357652 101353122 1 4.4377947695215057e-4 101353122 101353122 0
4 11087 rs12512934 137593405 1 4.433468552469405e-4 137593405 137593405 0
4 9392 rs505277 116028808 1 4.4218956897086153e-4 116028808 116028808 0
4 13669 rs7679564 169693353 2 4.419077048376772e-4 169693353 169693353 0
4 8504 rs17219677 104235380 1 4.4154748745298805e-4 104235380 104235380 0
4 11023 rs1479776 136453566 1 4.4051621955525696e-4 136453566 136453566 0
4 2992 rs6813096 31895086 1 -4.385848566786002e-4 31895086 31895086 0
4 10361 rs12651075 127035960 1 -4.362246110947282e-4 127035960 127035960 0
4 5797 rs10018283 71296033 1 -4.325412230208179e-4 71296033 71296033 0
4 10624 rs4355401 130230383 1 -4.32308191861204e-4 130230383 130230383 0
4 14131 rs2333233 176538654 1 4.307712837361582e-4 176538654 176538654 0
4 7460 rs10516828 90051294 1 -4.2903606856995466e-4 90051294 90051294 0
4 14620 rs3113765 181535808 2 4.285347365840818e-4 181535808 181535808 0
4 6672 rs13111397 81449030 1 -4.253572864548775e-4 81449030 81449030 0
4 13068 rs1549828 162840766 1 4.2375338067994614e-4 162840766 162840766 0
4 13133 rs2320331 163990008 1 -4.197617870312735e-4 163990008 163990008 0
4 6147 rs1466441 76337998 1 -4.164226584213138e-4 76337998 76337998 0
4 8001 rs10516991 97239965 1 4.152130481382767e-4 97239965 97239965 0
4 11882 rs10461235 148760097 1 4.1426460949058817e-4 148760097 148760097 0
4 4629 rs218282 55424655 1 -4.139149465817906e-4 55424655 55424655 0
4 10680 rs10022903 130765713 1 4.1370474720931627e-4 130765713 130765713 0
4 9810 rs12711084 120989853 1 4.1241665213338286e-4 120989853 120989853 0
4 10511 rs1391980 129218126 2 -4.110153183086723e-4 129218126 129218126 0
4 258 rs6840368 4645158 1 4.1002435237499967e-4 4645158 4645158 0
4 5411 rs7683477 66262020 1 4.09420995070102e-4 66262020 66262020 0
4 2299 rs13137535 24624240 1 4.085803905422563e-4 24624240 24624240 0
4 124 rs11937432 2233709 1 -4.07529521111858e-4 2233709 2233709 0
4 12143 rs2407221 152212603 2 -4.06915369512822e-4 152212603 152212603 0
4 6333 rs4330370 77545018 1 4.045610185757675e-4 77545018 77545018 0
4 1150 rs981561 13037163 1 4.0440810369903176e-4 13037163 13037163 0
4 6775 rs6535279 82677938 1 -4.042208143398635e-4 82677938 82677938 0
4 1452 rs10516298 16164230 2 4.012179805448191e-4 16164230 16164230 0
4 12221 rs17028543 152991825 1 -4.010446118334479e-4 152991825 152991825 0
4 4124 rs13138228 44592060 1 3.978686945240108e-4 44592060 44592060 0
4 13087 rs1388837 163072871 1 -3.9742961683393525e-4 163072871 163072871 0
4 11090 rs9996792 137650213 1 3.9459674702276606e-4 137650213 137650213 0
4 10522 rs6850541 129373016 1 3.942338067371483e-4 129373016 129373016 0
4 2808 rs976057 30193761 1 -3.932498881734235e-4 30193761 30193761 0
4 4873 rs1718858 57948187 1 -3.93123964588664e-4 57948187 57948187 0
4 5159 rs1553862 61395456 1 3.925140631100784e-4 61395456 61395456 0
4 1529 rs150260 16777175 1 -3.921920485110259e-4 16777175 16777175 0
4 5111 rs17089834 60680656 1 3.915390100409043e-4 60680656 60680656 0
4 10408 rs17011412 127607021 1 3.914079152148793e-4 127607021 127607021 0
4 372 rs899694 5753053 2 -3.875339115865388e-4 5753053 5753053 0
4 13601 rs2684370 169236274 1 3.843441070500133e-4 169236274 169236274 0
4 4081 rs1460634 43968054 1 3.8380617444333466e-4 43968054 43968054 0
4 6797 rs1031815 82823186 1 3.8373719306527377e-4 82823186 82823186 0
4 8270 rs11736218 100876648 1 3.817392529340024e-4 100876648 100876648 0
4 15351 rs11132507 188985493 1 3.799795135503714e-4 188985493 188985493 0
4 5763 rs10007509 71171720 1 3.7959432499865654e-4 71171720 71171720 0
4 6770 rs13116901 82624148 1 3.789088642431841e-4 82624148 82624148 0
4 2042 rs4696998 21979317 1 -3.788211149265838e-4 21979317 21979317 0
4 1480 rs1860821 16350539 1 3.78450375071304e-4 16350539 16350539 0
4 9000 rs10011752 111252829 1 3.783535768590719e-4 111252829 111252829 0
4 14731 rs17071724 182458937 2 -3.776234126091984e-4 182458937 182458937 0
4 6703 rs13128194 81772482 1 3.77558975653127e-4 81772482 81772482 0
4 1006 rs6845061 11624085 1 3.7686333277015433e-4 11624085 11624085 0
4 3217 rs1655069 35923989 1 3.7580623869060034e-4 35923989 35923989 0
4 4257 rs6848790 47365544 1 3.751837247891832e-4 47365544 47365544 0
4 10500 rs35858752 128628100 1 3.748335164459114e-4 128628100 128628100 0
4 2229 rs668672 24001226 1 -3.6729288046457665e-4 24001226 24001226 0
4 4104 rs11726514 44401672 1 -3.671535423215425e-4 44401672 44401672 0
4 1788 rs6845174 20054356 1 3.666237970113231e-4 20054356 20054356 0
4 4085 rs10938322 44021975 1 3.636291764281429e-4 44021975 44021975 0
4 400 rs6840908 5931208 2 3.636047711911121e-4 5931208 5931208 0
4 4486 rs10000595 53646007 1 3.634843118966159e-4 53646007 53646007 0
4 14268 rs2048074 178274565 1 3.629483024561584e-4 178274565 178274565 0
4 15072 rs13123635 186504441 1 3.624769537969305e-4 186504441 186504441 0
4 1490 rs1501129 16386573 1 3.5971816452746725e-4 16386573 16386573 0
4 5481 rs6847427 66786055 1 3.594713131693204e-4 66786055 66786055 0
4 8049 rs10213670 98219875 1 3.573566076295766e-4 98219875 98219875 0
4 4550 rs1015801 54461548 1 -3.57031925270534e-4 54461548 54461548 0
4 10272 rs10034706 126255544 1 3.5565623798744874e-4 126255544 126255544 0
4 8886 rs11098033 110324528 1 3.551116172654833e-4 110324528 110324528 0
4 12745 rs8396 159630817 1 3.5410234373898315e-4 159630817 159630817 0
4 14653 rs10520462 182025103 2 -3.5388154027602374e-4 182025103 182025103 0
4 1443 rs317881 16121755 1 3.536432234186338e-4 16121755 16121755 0
4 3182 rs16991102 35429711 1 -3.5362514508617153e-4 35429711 35429711 0
4 3078 rs13123433 32902806 1 3.5312180303111347e-4 32902806 32902806 0
4 1388 rs12646913 15739276 1 3.5265335302867517e-4 15739276 15739276 0
4 4717 rs6816150 56629191 1 -3.507650775469596e-4 56629191 56629191 0
4 14954 rs11930046 185116224 1 -3.496416119495577e-4 185116224 185116224 0
4 6535 rs11942573 79584433 1 -3.492604838930301e-4 79584433 79584433 0
4 8561 rs7682418 105428417 1 3.491542966445876e-4 105428417 105428417 0
4 6610 rs4690123 80788782 1 3.4719660465989683e-4 80788782 80788782 0
4 2429 rs6831024 25863375 1 3.4265209498931626e-4 25863375 25863375 0
4 5383 rs1440931 65902264 1 3.421350957709701e-4 65902264 65902264 0
4 1065 rs7656574 12421862 1 -3.419083514126326e-4 12421862 12421862 0
4 2693 rs7664880 28769842 1 -3.417826806571909e-4 28769842 28769842 0
4 175 rs7664480 3084269 1 3.4166185213034783e-4 3084269 3084269 0
4 6145 rs7683530 76323522 1 -3.414316248117228e-4 76323522 76323522 0
4 7985 rs1452578 97035378 1 -3.409553120853182e-4 97035378 97035378 0
4 15139 rs9991339 187088248 1 -3.40223999730621e-4 187088248 187088248 0
4 9088 rs4502748 112257280 1 3.384674631357645e-4 112257280 112257280 0
4 2956 rs6820923 31334007 1 -3.383935011973075e-4 31334007 31334007 0
4 10743 rs13105686 131468686 1 -3.3721098776525393e-4 131468686 131468686 0
4 13321 rs7683083 165737589 1 3.371528694331734e-4 165737589 165737589 0
4 14262 rs2246360 178100729 1 3.368916491310885e-4 178100729 178100729 0
4 5620 rs6818816 68629070 1 3.346196206867438e-4 68629070 68629070 0
4 10925 rs2724267 134626218 1 -3.3390496645467084e-4 134626218 134626218 0
4 15177 rs6817039 187313377 1 -3.3265864290839633e-4 187313377 187313377 0
4 8226 rs13143848 100443720 1 3.322588376266232e-4 100443720 100443720 0
4 3042 rs733046 32432985 1 3.305632670008091e-4 32432985 32432985 0
4 4141 rs7692626 44897911 1 -3.27635246558898e-4 44897911 44897911 0
4 14062 rs12651414 175126378 1 3.2712412083687326e-4 175126378 175126378 0
4 13386 rs2322122 166455839 1 3.2671976305777403e-4 166455839 166455839 0
4 6970 rs903521 85164682 1 -3.2647658138293883e-4 85164682 85164682 0
4 13303 rs7677517 165642091 1 -3.2640646300096087e-4 165642091 165642091 0
4 12134 rs2407167 152172980 1 3.263563190576604e-4 152172980 152172980 0
4 3170 rs2127853 35175249 1 3.2379975634276483e-4 35175249 35175249 0
4 1339 rs4698103 15379272 1 -3.2277838476181737e-4 15379272 15379272 0
4 914 rs4697799 10872167 1 -3.205136565575387e-4 10872167 10872167 0
4 11185 rs9308023 138688076 1 3.188304225022789e-4 138688076 138688076 0
4 7371 rs11932693 89466335 1 3.187902711980789e-4 89466335 89466335 0
4 8682 rs3018066 107289526 1 -3.1727363206428104e-4 107289526 107289526 0
4 9802 rs13135303 120849319 1 -3.157120147087274e-4 120849319 120849319 0
4 6100 rs17000262 76034046 1 3.149683373973588e-4 76034046 76034046 0
4 12313 rs13135284 154864750 1 3.1454016332115346e-4 154864750 154864750 0
4 4678 rs6844070 56159340 1 -3.142460845794841e-4 56159340 56159340 0
4 8582 rs9986027 105591133 1 3.137202587365297e-4 105591133 105591133 0
4 4315 rs13135920 47731360 1 3.1303255597256316e-4 47731360 47731360 0
4 9462 rs1873103 117262160 1 -3.120973464724263e-4 117262160 117262160 0
4 10172 rs2390685 125336932 1 3.1108148804485214e-4 125336932 125336932 0
4 4984 rs1874069 59375747 1 3.109592167192131e-4 59375747 59375747 0
4 5141 rs10517498 61210768 1 -3.0955298745249563e-4 61210768 61210768 0
4 4948 rs17088788 58708318 1 3.0914574668125115e-4 58708318 58708318 0
4 3410 rs2973276 37597591 1 3.0839165912693655e-4 37597591 37597591 0
4 4357 rs6850108 48078593 1 3.078734194311806e-4 48078593 48078593 0
4 7000 rs2046402 85762385 1 -3.076890619193949e-4 85762385 85762385 0
4 8144 rs971169 99676081 2 -3.0538584504536423e-4 99676081 99676081 0
4 8274 rs11729426 101034456 1 3.0433616429043986e-4 101034456 101034456 0
4 8228 rs10021082 100444178 1 -3.042315904238152e-4 100444178 100444178 0
4 2420 rs2276951 25760885 1 3.042129365806058e-4 25760885 25760885 0
4 11170 rs151070417 138442527 1 3.034549332327506e-4 138442527 138442527 0
4 483 rs7675524 6951583 1 3.0213344630072105e-4 6951583 6951583 0
4 9326 rs4834359 114762343 1 3.0137988128019937e-4 114762343 114762343 0
4 9676 rs586224 119163784 1 -3.010350017306088e-4 119163784 119163784 0
4 12170 rs7669761 152609304 1 3.006579433643899e-4 152609304 152609304 0
4 13464 rs7653953 167284116 1 3.001889287892356e-4 167284116 167284116 0
4 14977 rs7658103 185400748 1 -2.9937418069003285e-4 185400748 185400748 0
4 15161 rs4253331 187179135 1 -2.9743581919940696e-4 187179135 187179135 0
4 3554 rs11946196 38519943 1 -2.9679186351635084e-4 38519943 38519943 0
4 3736 rs6841429 40565469 1 -2.966517347902091e-4 40565469 40565469 0
4 4351 rs1507925 48060694 1 -2.961814337412103e-4 48060694 48060694 0
4 11093 rs12651678 137713140 1 2.961404588224004e-4 137713140 137713140 0
4 5363 rs1430509 65677447 1 -2.960297636662169e-4 65677447 65677447 0
4 5950 rs7677865 73762643 1 -2.9535880918906944e-4 73762643 73762643 0
4 561 rs17466657 7730560 1 2.9521019380039925e-4 7730560 7730560 0
4 14788 rs12503812 182918564 1 -2.950073752617854e-4 182918564 182918564 0
4 14828 rs4862074 183440877 1 2.9497347281809937e-4 183440877 183440877 0
4 128 rs3118617 2340417 1 2.9102687375494654e-4 2340417 2340417 0
4 4235 rs10015561 47168708 1 -2.9086387173008887e-4 47168708 47168708 0
4 13093 rs6536647 163200863 1 2.9082738246075037e-4 163200863 163200863 0
4 8149 rs10007831 99692292 1 -2.904333117132337e-4 99692292 99692292 0
4 8110 rs7671104 99330630 1 -2.9017881505697795e-4 99330630 99330630 0
4 1515 rs4698502 16642464 1 2.8980307975764406e-4 16642464 16642464 0
4 6892 rs13122305 84152973 1 2.8917126152155036e-4 84152973 84152973 0
4 9090 rs6827570 112265165 1 2.883659698266314e-4 112265165 112265165 0
4 13898 rs230 172896473 1 2.877790949513001e-4 172896473 172896473 0
4 1334 rs6449117 15223639 1 2.8746965327650363e-4 15223639 15223639 0
4 12904 rs12640159 161366623 1 -2.8313921434634174e-4 161366623 161366623 0
4 4874 rs4579186 58015899 1 2.8296737646503055e-4 58015899 58015899 0
4 7577 rs7678183 91315436 1 2.8285959735884424e-4 91315436 91315436 0
4 13002 rs7667429 162290225 1 -2.8259697475658304e-4 162290225 162290225 0
4 1075 rs13109502 12541613 2 2.803219478107227e-4 12541613 12541613 0
4 518 rs17755381 7282506 2 -2.7947419199847e-4 7282506 7282506 0
4 13429 rs11100626 166827464 1 2.7849205446268125e-4 166827464 166827464 0
4 6174 rs2055997 76535086 1 2.7819424094997774e-4 76535086 76535086 0
4 6051 rs3923243 75579453 2 -2.75845205059057e-4 75579453 75579453 0
4 5674 rs1824264 69822928 1 -2.7477917870206596e-4 69822928 69822928 0
4 7529 rs1442144 90736113 1 -2.747510041561588e-4 90736113 90736113 0
4 33 rs2306245 862156 2 2.739239077927748e-4 862156 862156 0
4 6190 rs324725 76722579 1 -2.7379307963497514e-4 76722579 76722579 0
4 100 rs3936194 1619530 1 -2.725025912947702e-4 1619530 1619530 0
4 14120 rs2219824 176036504 1 2.722921576332906e-4 176036504 176036504 0
4 11452 rs3114024 142203334 1 -2.712395264278523e-4 142203334 142203334 0
4 2437 rs878552 25913155 2 -2.707692368613643e-4 25913155 25913155 0
4 12138 rs36097019 152201053 1 2.706806978166363e-4 152201053 152201053 0
4 10805 rs11938816 132179341 1 -2.705608112819678e-4 132179341 132179341 0
4 3135 rs1599109 34642659 1 2.7026615065528037e-4 34642659 34642659 0
4 11034 rs958632 136572585 2 2.688697907829228e-4 136572585 136572585 0
4 3609 rs6531673 38847917 1 -2.686516923741045e-4 38847917 38847917 0
4 3247 rs17457078 36153632 1 -2.6813656405312987e-4 36153632 36153632 0
4 10916 rs6810815 134488631 1 -2.6788115042719694e-4 134488631 134488631 0
4 1303 rs10031277 14931835 1 -2.677894853041858e-4 14931835 14931835 0
4 12822 rs4383572 160558972 1 -2.6746779652301423e-4 160558972 160558972 0
4 6417 rs7677281 78341660 1 -2.668243967296341e-4 78341660 78341660 0
4 4565 rs2590765 54615216 1 -2.652084785110695e-4 54615216 54615216 0
4 14858 rs7277 183811513 1 -2.6282478991202613e-4 183811513 183811513 0
4 306 rs4689967 4984192 1 2.6024770948710363e-4 4984192 4984192 0
4 3527 rs1487628 38309613 1 2.594812425704989e-4 38309613 38309613 0
4 9055 rs542331 111798258 1 -2.592633372044262e-4 111798258 111798258 0
4 7965 rs12508603 96641816 1 -2.582709970423859e-4 96641816 96641816 0
4 1949 rs1390262 21387660 1 -2.570546651010319e-4 21387660 21387660 0
4 13285 rs17045152 165498202 1 -2.5609350048416446e-4 165498202 165498202 0
4 13695 rs9684601 170064574 1 -2.5568815974438564e-4 170064574 170064574 0
4 10097 rs149240 124136378 1 -2.5484842486361815e-4 124136378 124136378 0
4 10306 rs9995724 126422859 1 -2.546789481273204e-4 126422859 126422859 0
4 7325 rs4148153 89056715 1 2.544574293794951e-4 89056715 89056715 0
4 13215 rs10026455 164968546 1 2.5363353679093523e-4 164968546 164968546 0
4 14602 rs2546570 181423108 1 -2.532329191516344e-4 181423108 181423108 0
4 3611 rs721653 38878194 2 2.528409457910679e-4 38878194 38878194 0
4 9023 rs7667461 111622134 1 -2.5253951107653816e-4 111622134 111622134 0
4 1593 rs13130097 17349030 1 -2.5108352234555335e-4 17349030 17349030 0
4 1849 rs7688805 20732334 1 2.5065202761060344e-4 20732334 20732334 0
4 3721 rs10009228 40356422 1 2.496305727103229e-4 40356422 40356422 0
4 2824 rs16883353 30346867 1 -2.4960644885392076e-4 30346867 30346867 0
4 15097 rs13111004 186751133 1 2.492170181520397e-4 186751133 186751133 0
4 8605 rs1391441 106128760 1 2.491708062929421e-4 106128760 106128760 0
4 10473 rs6831679 128113424 1 2.4897528321820976e-4 128113424 128113424 0
4 9961 rs17051373 122511492 1 -2.48805814856265e-4 122511492 122511492 0
4 5939 rs6822170 73722977 1 2.480907804637249e-4 73722977 73722977 0
4 8203 rs1826909 100217743 1 -2.4774174342998836e-4 100217743 100217743 0
4 2886 rs901457 30614201 1 -2.4544790907065093e-4 30614201 30614201 0
4 10656 rs7671764 130394804 1 2.4505337289757817e-4 130394804 130394804 0
4 11211 rs3096659 139260411 1 -2.4379452399604456e-4 139260411 139260411 0
4 1229 rs4698245 14242032 1 2.436226395529863e-4 14242032 14242032 0
4 5551 rs10518015 67828945 1 2.4338351712529203e-4 67828945 67828945 0
4 10541 rs1615523 129568096 1 2.4309839413643908e-4 129568096 129568096 0
4 6336 rs7695340 77551310 2 2.4297662786117464e-4 77551310 77551310 0
4 8641 rs2189228 106472577 1 2.4240822985916295e-4 106472577 106472577 0
4 6939 rs1994511 84788998 1 -2.423976262183737e-4 84788998 84788998 0
4 5546 rs1481245 67763820 1 2.4233074698745363e-4 67763820 67763820 0
4 2380 rs3756205 25312615 1 2.419913879294498e-4 25312615 25312615 0
4 3528 rs1906297 38325105 1 -2.4188410726626712e-4 38325105 38325105 0
4 11320 rs11944843 140637703 1 -2.418790545369729e-4 140637703 140637703 0
4 3345 rs10031432 37133279 1 2.407572281751083e-4 37133279 37133279 0
4 13885 rs836029 172613698 1 -2.3980403611981036e-4 172613698 172613698 0
4 6089 rs1365162 75993726 1 -2.394894584607928e-4 75993726 75993726 0
4 5803 rs1109501 71329490 1 -2.378168972287426e-4 71329490 71329490 0
4 3004 rs1879999 31987807 1 -2.3723123815549488e-4 31987807 31987807 0
4 12746 rs9410 159631991 2 2.3716264037397077e-4 159631991 159631991 0
4 3252 rs2271330 36162923 1 -2.368272899172136e-4 36162923 36162923 0
4 7598 rs1514742 91680245 1 -2.364391791626084e-4 91680245 91680245 0
4 8722 rs10516541 108115222 1 -2.349680213583192e-4 108115222 108115222 0
4 9280 rs1525004 114332705 1 2.3196990845169972e-4 114332705 114332705 0
4 1505 rs16893606 16537510 1 -2.3048944124656948e-4 16537510 16537510 0
4 6915 rs6818782 84552920 1 -2.303768845687144e-4 84552920 84552920 0
4 4735 rs3214045 56874517 2 -2.2998785013318837e-4 56874517 56874517 0
4 4109 rs13134644 44526544 1 2.2800614710216804e-4 44526544 44526544 0
4 613 rs7677869 7986860 1 2.27444770342339e-4 7986860 7986860 0
4 14933 rs2871385 184875120 1 2.2743951934448185e-4 184875120 184875120 0
4 7505 rs17015756 90458351 1 -2.2654103395229852e-4 90458351 90458351 0
4 10891 rs895741 133884091 1 2.2389409506882912e-4 133884091 133884091 0
4 5929 rs4694519 73618256 2 2.2383318560037488e-4 73618256 73618256 0
4 9980 rs2306416 122617688 1 2.236328408928234e-4 122617688 122617688 0
4 14057 rs873372 175069861 1 -2.2148185129788268e-4 175069861 175069861 0
4 11141 rs10519419 138225124 2 -2.2100277524353049e-4 138225124 138225124 0
4 2128 rs4697365 23032220 1 2.199522407499976e-4 23032220 23032220 0
4 2187 rs17572286 23724215 1 -2.1798511112068985e-4 23724215 23724215 0
4 9939 rs6842940 122401640 1 -2.1758968073480963e-4 122401640 122401640 0
4 4802 rs10023933 57400769 1 -2.1673612245384164e-4 57400769 57400769 0
4 3800 rs7679772 41104347 2 2.157969054240216e-4 41104347 41104347 0
4 1193 rs17755724 13874388 1 2.15656751983477e-4 13874388 13874388 0
4 10902 rs9307688 134083486 1 -2.155426308556095e-4 134083486 134083486 0
4 4330 rs4475122 47901259 1 2.1551015474808197e-4 47901259 47901259 0
4 7743 rs3796675 94146093 1 -2.152780998485457e-4 94146093 94146093 0
4 10180 rs10029005 125451364 1 2.139402176787685e-4 125451364 125451364 0
4 1510 rs6818414 16600664 1 2.1392111130750252e-4 16600664 16600664 0
4 9376 rs1903364 115462264 1 -2.129843287170302e-4 115462264 115462264 0
4 7964 rs1579627 96636651 2 -2.1242728834660056e-4 96636651 96636651 0
4 3754 rs1545077 40754154 1 2.123127014895409e-4 40754154 40754154 0
4 2719 rs4326073 28935317 1 -2.1024117725928167e-4 28935317 28935317 0
4 8031 rs2865763 98045861 1 2.09206775691251e-4 98045861 98045861 0
4 1018 rs993835 11744388 1 -2.0841723411697455e-4 11744388 11744388 0
4 7503 rs10516838 90458232 1 -2.081732805530821e-4 90458232 90458232 0
4 11497 rs336304 143019415 1 2.0675191161284053e-4 143019415 143019415 0
4 11092 rs17674050 137679664 1 2.0508743866380668e-4 137679664 137679664 0
4 6178 rs2037012 76566975 1 2.046069792883407e-4 76566975 76566975 0
4 12905 rs13103431 161369629 1 2.0269279621449064e-4 161369629 161369629 0
4 14922 rs6552711 184779187 2 2.0236743492217307e-4 184779187 184779187 0
4 1453 rs7359 16164489 1 -2.0163243583303525e-4 16164489 16164489 0
4 6560 rs1979508 80231746 1 2.012021853996135e-4 80231746 80231746 0
4 2478 rs10517097 26430147 1 1.9766920669528576e-4 26430147 26430147 0
4 1615 rs1868733 17482912 2 -1.9659738640478996e-4 17482912 17482912 0
4 7737 rs6821061 94100410 1 -1.9622942951176095e-4 94100410 94100410 0
4 5002 rs2899130 59557817 1 1.9611145150931277e-4 59557817 59557817 0
4 7948 rs17024229 96524095 1 -1.9592810622628417e-4 96524095 96524095 0
4 237 rs6843595 4351730 1 1.942549181101816e-4 4351730 4351730 0
4 13997 rs6820651 174461343 1 -1.9303636776688324e-4 174461343 174461343 0
4 4893 rs2691402 58171793 1 1.928887408093404e-4 58171793 58171793 0
4 5447 rs11131613 66553425 1 -1.9277204370380703e-4 66553425 66553425 0
4 6677 rs7666589 81488421 1 1.926677110972561e-4 81488421 81488421 0
4 15315 rs1466956 188590603 1 -1.919263088254689e-4 188590603 188590603 0
4 7273 rs13147372 88801906 1 1.8999821037161965e-4 88801906 88801906 0
4 13136 rs11941112 164013880 1 1.897997500342091e-4 164013880 164013880 0
4 15009 rs9992707 185841910 1 -1.889048857191472e-4 185841910 185841910 0
4 1189 rs4698178 13855897 1 -1.8801982435999435e-4 13855897 13855897 0
4 1607 rs2518652 17448903 1 -1.8616163762853e-4 17448903 17448903 0
4 3248 rs7667582 36154555 1 -1.846052790279346e-4 36154555 36154555 0
4 11699 rs17020769 146800922 2 -1.8459669333413704e-4 146800922 146800922 0
4 9004 rs17625855 111288254 1 -1.84262395070178e-4 111288254 111288254 0
4 11136 rs7688635 138163766 1 1.8421643695399915e-4 138163766 138163766 0
4 9322 rs11730230 114742637 1 1.836048918061259e-4 114742637 114742637 0
4 9667 rs6856076 119109520 1 -1.835563492937529e-4 119109520 119109520 0
4 12490 rs1466516 156517289 1 1.8326722548125065e-4 156517289 156517289 0
4 10114 rs6534407 124395024 1 -1.823470032582761e-4 124395024 124395024 0
4 11153 rs6831421 138349799 2 -1.8202763618867265e-4 138349799 138349799 0
4 2639 rs16880691 28473048 1 1.8086410448159908e-4 28473048 28473048 0
4 6477 rs12511889 79222347 1 1.797251915538213e-4 79222347 79222347 0
4 4354 rs9996535 48069725 1 1.7925598823438784e-4 48069725 48069725 0
4 13443 rs2291822 167020644 2 1.7799844235326395e-4 167020644 167020644 0
4 10687 rs2968955 130857829 1 1.7698910140647332e-4 130857829 130857829 0
4 12296 rs34343821 154557616 1 -1.7613215003210527e-4 154557616 154557616 0
4 2312 rs8192290 24802412 1 1.7483391313471473e-4 24802412 24802412 0
4 5422 rs6831652 66300425 2 1.74063530753282e-4 66300425 66300425 0
4 14205 rs309722 177399566 1 -1.735660847077449e-4 177399566 177399566 0
4 35 rs2279186 875887 2 1.72651658594118e-4 875887 875887 0
4 524 rs7681365 7352477 1 -1.719897847192484e-4 7352477 7352477 0
4 5946 rs9291180 73757679 1 -1.7198804316045043e-4 73757679 73757679 0
4 14777 rs10012658 182757406 1 -1.719859105822139e-4 182757406 182757406 0
4 611 rs6824093 7959029 1 -1.7167267769646873e-4 7959029 7959029 0
4 9516 rs1440306 117875261 1 1.7072065157080525e-4 117875261 117875261 0
4 13454 rs2874823 167074691 1 1.6933982348071126e-4 167074691 167074691 0
4 14791 rs17072678 182964412 2 -1.6834746864187594e-4 182964412 182964412 0
4 5292 rs2346648 63895857 1 -1.67298751654176e-4 63895857 63895857 0
4 10893 rs7691971 133892106 1 1.6635145572215746e-4 133892106 133892106 0
4 635 rs12640734 8320126 1 1.651527197239057e-4 8320126 8320126 0
4 5540 rs6830822 67674435 1 1.6460806777390352e-4 67674435 67674435 0
4 443 rs4689001 6416028 1 -1.640747018620537e-4 6416028 6416028 0
4 1776 rs12499928 19879958 1 1.6368986331659883e-4 19879958 19879958 0
4 11398 rs1241046 141436854 1 -1.6129586364217014e-4 141436854 141436854 0
4 10509 rs12510308 129149880 1 -1.6109495561970498e-4 129149880 129149880 0
4 9637 rs11098406 118718199 1 -1.6106827348063023e-4 118718199 118718199 0
4 14545 rs1814673 180878172 1 -1.610435194428562e-4 180878172 180878172 0
4 215 rs2980091 4258887 1 -1.5930173165379396e-4 4258887 4258887 0
4 8505 rs7662107 104258396 1 -1.591596816034961e-4 104258396 104258396 0
4 9914 rs4273489 122257538 1 -1.5841263876069015e-4 122257538 122257538 0
4 13112 rs2060670 163332671 1 -1.5772289155257212e-4 163332671 163332671 0
4 2776 rs13104601 29696261 1 -1.5745519365996163e-4 29696261 29696261 0
4 8449 rs7667281 103133044 1 1.5732672324140506e-4 103133044 103133044 0
4 6350 rs76656494 77661017 1 1.5686333272001794e-4 77661017 77661017 0
4 1335 rs16891785 15369280 1 1.5216529432256312e-4 15369280 15369280 0
4 5328 rs972537 65134786 1 1.5012613202601042e-4 65134786 65134786 0
4 4458 rs11722603 52969732 1 1.5001298995849868e-4 52969732 52969732 0
4 1688 rs10516323 18481635 1 1.495813390831147e-4 18481635 18481635 0
4 14677 rs9994198 182235447 1 -1.4832793206836703e-4 182235447 182235447 0
4 12255 rs6814889 153947145 1 1.4677846281275565e-4 153947145 153947145 0
4 8732 rs1399403 108419815 1 1.4599466445102655e-4 108419815 108419815 0
4 8725 rs4403120 108120442 1 1.4530118933723756e-4 108120442 108120442 0
4 3038 rs1454310 32398607 1 -1.4232658542409084e-4 32398607 32398607 0
4 11134 rs2406716 138160754 1 -1.4072584097447378e-4 138160754 138160754 0
4 12915 rs10517719 161441065 1 1.4018267183522876e-4 161441065 161441065 0
4 11232 rs10434201 139395536 1 -1.401141341271066e-4 139395536 139395536 0
4 14623 rs2546260 181584314 1 -1.3963327166586486e-4 181584314 181584314 0
4 12068 rs999784 151208778 1 1.3963053194142577e-4 151208778 151208778 0
4 9461 rs1489001 117245430 1 1.3879157993810913e-4 117245430 117245430 0
4 13680 rs4396955 169845720 2 1.3789614323790606e-4 169845720 169845720 0
4 1825 rs16869643 20479620 1 -1.372685850615975e-4 20479620 20479620 0
4 10300 rs17009825 126408586 1 -1.3638662214981664e-4 126408586 126408586 0
4 12135 rs10520104 152179311 1 -1.363701023696892e-4 152179311 152179311 0
4 9286 rs17630012 114432254 1 1.3616845556592194e-4 114432254 114432254 0
4 609 rs2891924 7948287 1 -1.3582360084301952e-4 7948287 7948287 0
4 3368 rs17603641 37328396 1 1.35671566854168e-4 37328396 37328396 0
4 8529 rs2106987 104789707 1 1.3526329294602263e-4 104789707 104789707 0
4 3592 rs11096956 38776180 1 -1.3481260527056202e-4 38776180 38776180 0
4 6540 rs2288255 79786856 1 -1.344679537020513e-4 79786856 79786856 0
4 12077 rs17588629 151252297 1 1.3403797185687115e-4 151252297 151252297 0
4 14396 rs5012200 179539753 1 1.3381995891042253e-4 179539753 179539753 0
4 11079 rs1317842 137493839 1 -1.3329581170624542e-4 137493839 137493839 0
4 13674 rs10005789 169740931 1 1.3309664383934395e-4 169740931 169740931 0
4 10311 rs1532881 126435279 1 1.3278879737971193e-4 126435279 126435279 0
4 9894 rs11931196 121974645 1 -1.327323554093775e-4 121974645 121974645 0
4 13884 rs1907084 172609720 1 -1.3263025901185212e-4 172609720 172609720 0
4 8636 rs1388040 106459205 1 1.319377543422778e-4 106459205 106459205 0
4 1555 rs16894315 17092275 1 1.2922206081814137e-4 17092275 17092275 0
4 918 rs10516215 10878115 1 -1.2917211663707306e-4 10878115 10878115 0
4 15005 rs4862451 185789995 1 1.2910438222355443e-4 185789995 185789995 0
4 6866 rs7695607 83598784 1 1.287342425228685e-4 83598784 83598784 0
4 7125 rs8180256 87773193 1 -1.286003541258917e-4 87773193 87773193 0
4 9374 rs11938586 115458057 1 1.2821646816793246e-4 115458057 115458057 0
4 5427 rs4132313 66381581 1 1.2564070678338285e-4 66381581 66381581 0
4 14579 rs17069022 181161490 1 -1.244465862667063e-4 181161490 181161490 0
4 8598 rs17035323 106091978 1 1.244050623623189e-4 106091978 106091978 0
4 1437 rs884227 16073092 1 1.2429449653755814e-4 16073092 16073092 0
4 2090 rs10017558 22536001 1 -1.2274163643037557e-4 22536001 22536001 0
4 12 rs9997286 625962 1 -1.224712430829647e-4 625962 625962 0
4 1369 rs12649803 15577587 1 -1.210335737721589e-4 15577587 15577587 0
4 6150 rs1389443 76354770 1 -1.206725960537982e-4 76354770 76354770 0
4 6403 rs1559121 78276420 1 -1.2049064726355308e-4 78276420 78276420 0
4 2386 rs1963656 25324742 1 1.2010619337399072e-4 25324742 25324742 0
4 279 rs1039905 4763850 1 1.1987471338553406e-4 4763850 4763850 0
4 10773 rs1382171 131778067 1 1.1956942880625158e-4 131778067 131778067 0
4 5622 rs6552123 68686507 1 -1.1861742518124036e-4 68686507 68686507 0
4 13633 rs10518002 169431126 1 1.1857907705433404e-4 169431126 169431126 0
4 11842 rs6831149 148205931 1 1.1806683073251234e-4 148205931 148205931 0
4 13653 rs13137200 169596649 1 -1.1698480135549944e-4 169596649 169596649 0
4 3729 rs2307046 40438576 1 1.1624714049853822e-4 40438576 40438576 0
4 7663 rs17221444 92672743 1 1.161714553066413e-4 92672743 92672743 0
4 10323 rs34095747 126576950 1 -1.1571695938313332e-4 126576950 126576950 0
4 5003 rs10004285 59559715 1 -1.154796003579265e-4 59559715 59559715 0
4 8501 rs2243682 104059542 1 -1.1538132994637774e-4 104059542 104059542 0
4 14930 rs2309942 184839829 1 1.1414223114949564e-4 184839829 184839829 0
4 8683 rs4340862 107318580 1 -1.1406979347652949e-4 107318580 107318580 0
4 13053 rs17041550 162719690 2 -1.1381160984217288e-4 162719690 162719690 0
4 976 rs1533338 11267586 2 -1.1370220705264134e-4 11267586 11267586 0
4 10747 rs2169718 131499709 1 -1.1223116821514604e-4 131499709 131499709 0
4 7279 rs2169611 88817431 1 -1.1135843502360268e-4 88817431 88817431 0
4 8585 rs4698929 105872720 1 1.1070982521008618e-4 105872720 105872720 0
4 2825 rs10027674 30348053 1 -1.1069617997732422e-4 30348053 30348053 0
4 5731 rs4149418 70592360 1 1.1060715558695048e-4 70592360 70592360 0
4 8622 rs6533185 106213874 1 1.0914249680596516e-4 106213874 106213874 0
4 11181 rs1880774 138664579 1 -1.0909228331981615e-4 138664579 138664579 0
4 14555 rs1316917 180942572 1 1.085624908786958e-4 180942572 180942572 0
4 6034 rs1350666 75224590 2 -1.076459363300091e-4 75224590 75224590 0
4 10693 rs1022010 130905017 1 1.0703811208011636e-4 130905017 130905017 0
4 7637 rs13148851 91917763 1 -1.0681820086737856e-4 91917763 91917763 0
4 3936 rs10034756 42497919 1 -1.0645370021097284e-4 42497919 42497919 0
4 6674 rs11945984 81461715 1 1.0615894409706262e-4 81461715 81461715 0
4 10166 rs17008065 125265324 1 1.0463013484334036e-4 125265324 125265324 0
4 8519 rs7657942 104540960 1 -1.0444817627008844e-4 104540960 104540960 0
4 3589 rs10776482 38774785 1 -1.0386214501658724e-4 38774785 38774785 0
4 6084 rs1043633 75973830 1 1.036331565600376e-4 75973830 75973830 0
4 4753 rs7690043 57116323 1 -1.035691521236606e-4 57116323 57116323 0
4 7220 rs2627690 88653616 1 1.0345135248027564e-4 88653616 88653616 0
4 8227 rs13119384 100443782 1 1.0317636336917164e-4 100443782 100443782 0
4 14489 rs9992259 180632860 1 1.0314924915284264e-4 180632860 180632860 0
4 6650 rs6827834 81200645 1 1.0240946543878684e-4 81200645 81200645 0
4 2721 rs13148843 28956166 1 -1.0148095960296307e-4 28956166 28956166 0
4 13963 rs12512152 173797669 1 1.0133826515799187e-4 173797669 173797669 0
4 2063 rs9291436 22165174 1 1.0133804419130036e-4 22165174 22165174 0
4 9904 rs7671286 122156142 1 1.0131888717550998e-4 122156142 122156142 0
4 1662 rs7687236 18135757 1 -1.0112364268767008e-4 18135757 18135757 0
4 6938 rs2017394 84787315 1 -1.0000168580728753e-4 84787315 84787315 0
4 6205 rs1857821 76881979 1 9.978362917802732e-5 76881979 76881979 0
4 8887 rs11098035 110350409 1 9.960728118757858e-5 110350409 110350409 0
4 8749 rs2040708 108587771 1 9.958985041027995e-5 108587771 108587771 0
4 8486 rs4698861 103545487 1 -9.921729235974074e-5 103545487 103545487 0
4 11086 rs2406037 137591468 2 9.868378236291716e-5 137591468 137591468 0
4 4234 rs6819839 47168081 2 -9.84675538752601e-5 47168081 47168081 0
4 1985 rs1380812 21568438 1 9.785483581057444e-5 21568438 21568438 0
4 13132 rs4130505 163955254 1 9.779144867389006e-5 163955254 163955254 0
4 12651 rs10029781 158361729 1 -9.687937414201376e-5 158361729 158361729 0
4 3144 rs1912842 34872926 1 9.61561851197813e-5 34872926 34872926 0
4 10335 rs11098835 126748074 1 -9.452748468046362e-5 126748074 126748074 0
4 4533 rs2164265 54377540 1 9.410781816648902e-5 54377540 54377540 0
4 2771 rs16882126 29685111 1 9.345029603814296e-5 29685111 29685111 0
4 2222 rs1316862 23976060 1 -9.331475490960524e-5 23976060 23976060 0
4 3581 rs17582575 38703734 1 9.317720068259464e-5 38703734 38703734 0
4 18 rs4690281 753944 1 -9.277997501884824e-5 753944 753944 0
4 10679 rs11931514 130758675 1 9.21245057914042e-5 130758675 130758675 0
4 4524 rs11725230 54312072 1 -9.185367310540722e-5 54312072 54312072 0
4 6565 rs3924829 80352632 1 9.159490032593553e-5 80352632 80352632 0
4 8254 rs7666347 100666364 1 -9.127901437441165e-5 100666364 100666364 0
4 770 rs10012779 10038112 2 -9.021264505484498e-5 10038112 10038112 0
4 13826 rs6858234 171681448 1 -8.864736335086122e-5 171681448 171681448 0
4 14490 rs10084772 180635834 1 8.742087162880478e-5 180635834 180635834 0
4 6890 rs6841907 84146996 1 8.680207759455162e-5 84146996 84146996 0
4 6207 rs2271528 76888836 1 8.652865823780418e-5 76888836 76888836 0
4 4846 rs2412772 57838999 1 8.442485210448681e-5 57838999 57838999 0
4 4112 rs1992265 44531665 2 -8.43533209102279e-5 44531665 44531665 0
4 11022 rs17579742 136381862 1 -8.325044126167918e-5 136381862 136381862 0
4 7531 rs2619372 90736727 1 8.164742357587557e-5 90736727 90736727 0
4 4327 rs1440221 47845920 1 8.162388005063191e-5 47845920 47845920 0
4 9534 rs1438217 118039852 1 8.120479883811513e-5 118039852 118039852 0
4 1654 rs2251890 17966548 1 8.119079487889187e-5 17966548 17966548 0
4 6406 rs17002607 78293321 1 8.06138523434517e-5 78293321 78293321 0
4 4960 rs11936360 58832860 1 -7.988198056885527e-5 58832860 58832860 0
4 13212 rs4533720 164959804 1 7.924020808875072e-5 164959804 164959804 0
4 39 rs6599389 939113 2 7.854090204169464e-5 939113 939113 0
4 12878 rs11939980 161229808 2 7.747293577246985e-5 161229808 161229808 0
4 5384 rs13152245 65903597 1 -7.716224720717109e-5 65903597 65903597 0
4 771 rs9291645 10038254 1 -7.634660554106524e-5 10038254 10038254 0
4 2741 rs1436066 29303808 1 -7.551804220328354e-5 29303808 29303808 0
4 4947 rs1480319 58707016 1 7.465310168173807e-5 58707016 58707016 0
4 6649 rs1379706 81183900 1 7.438574472644876e-5 81183900 81183900 0
4 15403 rs4863330 189430792 1 -7.425163673920389e-5 189430792 189430792 0
4 9200 rs1486860 113393443 1 -7.423808380115443e-5 113393443 113393443 0
4 3747 rs12499585 40692887 1 -7.395016721687013e-5 40692887 40692887 0
4 13739 rs7666155 170757025 1 -7.168721295042373e-5 170757025 170757025 0
4 9336 rs10020382 114985792 1 -7.163120773746003e-5 114985792 114985792 0
4 13925 rs6838976 173281021 1 7.155508736608987e-5 173281021 173281021 0
4 7724 rs71599267 93925822 1 7.147507538821126e-5 93925822 93925822 0
4 8030 rs2865775 97963926 1 -7.136944561698786e-5 97963926 97963926 0
4 15090 rs10027307 186674804 1 7.061278118218346e-5 186674804 186674804 0
4 11112 rs1456266 138002681 1 -7.049398682412378e-5 138002681 138002681 0
4 7347 rs9307048 89149570 1 7.031733038811304e-5 89149570 89149570 0
4 13351 rs4285049 166014765 1 -7.014430286278158e-5 166014765 166014765 0
4 2453 rs1027998 26017406 1 6.988937399039816e-5 26017406 26017406 0
4 2734 rs10517155 29203553 1 -6.944469214760252e-5 29203553 29203553 0
4 950 rs1039682 11050420 2 6.928957486470808e-5 11050420 11050420 0
4 12480 rs1400623 156443877 1 6.883949591026374e-5 156443877 156443877 0
4 10813 rs9993647 132354287 1 6.862550486763574e-5 132354287 132354287 0
4 2736 rs1369802 29247724 1 6.83003094879503e-5 29247724 29247724 0
4 11358 rs17314832 140946939 1 -6.730150428318299e-5 140946939 140946939 0
4 11030 rs7685332 136543136 1 -6.69903400179497e-5 136543136 136543136 0
4 6446 rs873455 78989939 1 6.662655324601399e-5 78989939 78989939 0
4 4113 rs6816786 44532024 1 6.642675211263177e-5 44532024 44532024 0
4 4941 rs34982972 58570597 2 6.631711494547044e-5 58570597 58570597 0
4 14745 rs745704 182544544 1 6.605919755552906e-5 182544544 182544544 0
4 199 rs12510769 3394374 1 -6.530664311468701e-5 3394374 3394374 0
4 8796 rs10516550 109035828 1 6.493163271758379e-5 109035828 109035828 0
4 9030 rs4626276 111649989 1 -6.475202394206408e-5 111649989 111649989 0
4 11821 rs10034640 147994381 1 -6.426417335766101e-5 147994381 147994381 0
4 8708 rs399670 107826505 1 -6.410144194959426e-5 107826505 107826505 0
4 1530 rs157613 16778287 1 -6.376298719217561e-5 16778287 16778287 0
4 14154 rs4690647 176872920 1 -6.372760112390374e-5 176872920 176872920 0
4 6327 rs4859453 77515370 1 6.235528442206176e-5 77515370 77515370 0
4 5210 rs13127162 62269277 1 6.034122969531001e-5 62269277 62269277 0
4 10115 rs1452731 124397309 1 -5.8347146103661805e-5 124397309 124397309 0
4 14300 rs17751904 178715833 1 5.7675546066479814e-5 178715833 178715833 0
4 1676 rs11733969 18377649 1 -5.741027370758821e-5 18377649 18377649 0
4 10201 rs1506554 125726572 1 5.710146101010301e-5 125726572 125726572 0
4 8488 rs75826658 103553372 1 5.7066631744631704e-5 103553372 103553372 0
4 12377 rs13146084 155364122 1 -5.660891959177549e-5 155364122 155364122 0
4 10278 rs9307560 126272004 1 5.612797132608888e-5 126272004 126272004 0
4 9309 rs10018022 114678786 1 5.6091462548561914e-5 114678786 114678786 0
4 13650 rs4314247 169584060 1 -5.525107395521957e-5 169584060 169584060 0
4 6903 rs7670729 84246090 1 5.461330144943899e-5 84246090 84246090 0
4 13805 rs413812 171509449 1 -5.414786871382277e-5 171509449 171509449 0
4 6407 rs9307270 78306419 1 5.409272305012216e-5 78306419 78306419 0
4 4000 rs6853539 43114123 1 5.3350842038624505e-5 43114123 43114123 0
4 5008 rs2412930 59588228 1 5.263578627925346e-5 59588228 59588228 0
4 9715 rs10019751 119770915 1 -5.178361506995748e-5 119770915 119770915 0
4 12970 rs1439258 161927527 1 -5.104015945809132e-5 161927527 161927527 0
4 1617 rs2597754 17484602 1 5.0494239635854015e-5 17484602 17484602 0
4 8556 rs10002598 105231571 1 5.015331789809442e-5 105231571 105231571 0
4 9379 rs7700052 115656533 1 -4.933726466580986e-5 115656533 115656533 0
4 3824 rs11735648 41319962 1 4.932224575228635e-5 41319962 41319962 0
4 2201 rs2932971 23818884 1 -4.921734520358985e-5 23818884 23818884 0
4 11601 rs9799404 144894260 1 4.912804199143986e-5 144894260 144894260 0
4 10701 rs1022009 130966165 1 4.894717524193662e-5 130966165 130966165 0
4 15465 rs11732071 190129325 1 4.892258283209216e-5 190129325 190129325 0
4 9287 rs6533691 114437456 1 4.870490994784079e-5 114437456 114437456 0
4 13628 rs2712154 169388149 1 4.854882218576239e-5 169388149 169388149 0
4 6566 rs1922286 80357377 2 -4.834554809160826e-5 80357377 80357377 0
4 6801 rs1020909 82830274 1 4.821748083738109e-5 82830274 82830274 0
4 6221 rs12499668 76992719 1 -4.81115890169076e-5 76992719 76992719 0
4 11077 rs11733040 137480493 1 4.74824269897629e-5 137480493 137480493 0
4 5202 rs930668 62004333 1 4.7266801381929327e-5 62004333 62004333 0
4 4710 rs13434935 56602261 1 4.7041408126943515e-5 56602261 56602261 0
4 8539 rs17306764 105039193 1 -4.66757896485785e-5 105039193 105039193 0
4 9159 rs1544383 113244470 1 4.6556465702412065e-5 113244470 113244470 0
4 14012 rs6830691 174667332 1 4.6303168954647765e-5 174667332 174667332 0
4 4946 rs10020207 58706462 1 4.607927760896536e-5 58706462 58706462 0
4 11106 rs1517945 137938336 1 -4.5826844887671264e-5 137938336 137938336 0
4 12273 rs6833828 154196082 1 4.5519243256965904e-5 154196082 154196082 0
4 14850 rs12648546 183661673 1 -4.525879934403112e-5 183661673 183661673 0
4 7138 rs340639 87924979 1 -4.5145258066402336e-5 87924979 87924979 0
4 5534 rs7695566 67525255 1 -4.503023370380532e-5 67525255 67525255 0
4 14705 rs4861960 182372333 1 -4.331562307919251e-5 182372333 182372333 0
4 1671 rs1558588 18280561 1 -4.3179327186325485e-5 18280561 18280561 0
4 2398 rs3851436 25464878 1 4.308441409751293e-5 25464878 25464878 0
4 4319 rs4473628 47752554 1 4.255294450025111e-5 47752554 47752554 0
4 12052 rs4240358 151070611 1 4.1853085205535465e-5 151070611 151070611 0
4 12519 rs17033572 156727377 1 -4.117857471199023e-5 156727377 156727377 0
4 2502 rs3792685 26959207 1 -3.987030463815895e-5 26959207 26959207 0
4 14112 rs13130150 175876473 1 3.965618173209453e-5 175876473 175876473 0
4 1655 rs6853216 17970655 1 -3.954286769102879e-5 17970655 17970655 0
4 14380 rs4861888 179486578 2 3.936209250981304e-5 179486578 179486578 0
4 12084 rs6848343 151312761 1 -3.830187859118816e-5 151312761 151312761 0
4 4469 rs346923 53412129 1 3.7750669465103074e-5 53412129 53412129 0
4 4757 rs489978 57129755 1 3.745671388010598e-5 57129755 57129755 0
4 2450 rs10006741 25976544 1 3.7072054487669354e-5 25976544 25976544 0
4 3514 rs586844 38187084 1 3.706820363184868e-5 38187084 38187084 0
4 2750 rs11936766 29400203 1 3.700471574873728e-5 29400203 29400203 0
4 12650 rs11100107 158349983 1 3.681104857887901e-5 158349983 158349983 0
4 7846 rs12500426 95514609 1 -3.678637349886328e-5 95514609 95514609 0
4 4684 rs2048564 56274132 1 3.59991617755955e-5 56274132 56274132 0
4 3201 rs12374226 35752875 1 -3.555857489938504e-5 35752875 35752875 0
4 1378 rs10516289 15672200 1 -3.410914197696364e-5 15672200 15672200 0
4 10530 rs3733262 129439663 1 3.405972864987655e-5 129439663 129439663 0
4 13349 rs7671851 166007269 2 -3.352571438142746e-5 166007269 166007269 0
4 1643 rs7678436 17797966 1 3.3473292822103936e-5 17797966 17797966 0
4 7935 rs4505826 96406950 1 -3.3358027920413636e-5 96406950 96406950 0
4 4238 rs1561776 47181795 1 3.1981262655801627e-5 47181795 47181795 0
4 11717 rs17810558 146984720 1 3.17222409532314e-5 146984720 146984720 0
4 3843 rs4392535 41513423 1 3.0642728842956646e-5 41513423 41513423 0
4 3133 rs1903168 34611459 1 3.0613426207764644e-5 34611459 34611459 0
4 7677 rs1586340 92857255 1 -3.058794539063868e-5 92857255 92857255 0
4 14030 rs10004896 174932047 1 -2.9847997194577527e-5 174932047 174932047 0
4 5776 rs13039 71201943 1 2.893600809415608e-5 71201943 71201943 0
4 11050 rs7697669 136742846 1 2.839156258408513e-5 136742846 136742846 0
4 3222 rs17446450 35933801 1 2.7390134074630735e-5 35933801 35933801 0
4 989 rs10004232 11498145 1 -2.59246160102515e-5 11498145 11498145 0
4 11186 rs2313132 138692250 1 2.520039608163065e-5 138692250 138692250 0
4 7667 rs11097328 92691639 1 2.495700553915746e-5 92691639 92691639 0
4 13602 rs497179 169237664 1 2.4905458531350347e-5 169237664 169237664 0
4 7955 rs6833840 96580490 1 -2.487654042867977e-5 96580490 96580490 0
4 4361 rs17470585 48091768 1 -2.4239741089685004e-5 48091768 48091768 0
4 12517 rs10517621 156677592 1 2.3430496456778117e-5 156677592 156677592 0
4 1333 rs4698325 15222437 1 2.3322794396276995e-5 15222437 15222437 0
4 5007 rs1472926 59582759 1 2.2975757263677094e-5 59582759 59582759 0
4 2930 rs10027212 30976208 1 2.2956327292533477e-5 30976208 30976208 0
4 9915 rs2302309 122257950 2 2.249087145047692e-5 122257950 122257950 0
4 3813 rs6842814 41205759 1 -2.167057777890213e-5 41205759 41205759 0
4 8056 rs7686247 98241354 1 2.1547238467908427e-5 98241354 98241354 0
4 8288 rs140082687 101108978 1 -2.1351507491079196e-5 101108978 101108978 0
4 4157 rs1581096 45179736 1 2.119988437199989e-5 45179736 45179736 0
4 1502 rs6824949 16513748 1 -2.1096902665133015e-5 16513748 16513748 0
4 15217 rs10009030 187521037 1 2.0552207478398715e-5 187521037 187521037 0
4 3917 rs3103207 42376769 1 2.046173486706551e-5 42376769 42376769 0
4 6273 rs17236661 77196476 1 -2.006311708963549e-5 77196476 77196476 0
4 10339 rs11730519 126873883 1 1.8942339637977728e-5 126873883 126873883 0
4 10978 rs4543185 135440831 1 -1.833789411231392e-5 135440831 135440831 0
4 4136 rs4694787 44868481 1 1.7685529943178747e-5 44868481 44868481 0
4 6353 rs61741104 77675925 1 1.7074308881351794e-5 77675925 77675925 0
4 10609 rs7677291 130161349 1 -1.6828334152489237e-5 130161349 130161349 0
4 7473 rs518156 90137336 1 1.6187180721907423e-5 90137336 90137336 0
4 8752 rs2522426 108621483 1 1.5845585547040368e-5 108621483 108621483 0
4 2189 rs1565537 23739796 1 -1.5411906989461507e-5 23739796 23739796 0
4 1624 rs12645938 17506042 1 1.521611459377361e-5 17506042 17506042 0
4 4250 rs7695365 47243813 1 -1.5111713342230905e-5 47243813 47243813 0
4 7188 rs12640451 88338435 1 1.3939901710326937e-5 88338435 88338435 0
4 9753 rs12644283 120133549 1 -1.3774297965021956e-5 120133549 120133549 0
4 13594 rs1671317 169181574 1 1.3369405967524265e-5 169181574 169181574 0
4 1646 rs2074974 17812615 1 1.3120556582036686e-5 17812615 17812615 0
4 7071 rs7678480 87087320 1 1.2656675897310628e-5 87087320 87087320 0
4 15234 rs455219 187622064 1 1.1973355305437882e-5 187622064 187622064 0
4 7730 rs3843409 94034683 1 1.1489630962283514e-5 94034683 94034683 0
4 8325 rs1501089 101442540 1 1.1335143987841545e-5 101442540 101442540 0
4 1386 rs4538475 15737937 1 -1.0979976526906189e-5 15737937 15737937 0
4 11964 rs6821426 149596272 1 -1.0832541534253328e-5 149596272 149596272 0
4 8707 rs11943338 107769255 1 1.0105984432708312e-5 107769255 107769255 0
4 2954 rs4303942 31319406 1 -9.58755556350504e-6 31319406 31319406 0
4 8485 rs11733293 103545253 2 9.254092157594967e-6 103545253 103545253 0
4 4375 rs3792622 48164537 1 9.169492034930608e-6 48164537 48164537 0
4 8972 rs16997129 110989719 2 8.769151017645326e-6 110989719 110989719 0
4 1354 rs1861050 15482360 1 8.068715410996189e-6 15482360 15482360 0
4 2938 rs9999226 31095854 1 -7.560494563523496e-6 31095854 31095854 0
4 6264 rs6849069 77179518 1 -7.449554131063579e-6 77179518 77179518 0
4 8246 rs745075 100532637 1 7.308646885101353e-6 100532637 100532637 0
4 7086 rs7688651 87259805 1 7.106718306758866e-6 87259805 87259805 0
4 12033 rs17631073 150688687 1 -6.756621409871869e-6 150688687 150688687 0
4 11894 rs7658486 148884189 1 6.6109135348255495e-6 148884189 148884189 0
4 331 rs16837029 5333091 1 -6.0957585512798676e-6 5333091 5333091 0
4 2378 rs1533131 25312242 1 5.805575706625223e-6 25312242 25312242 0
4 3266 rs60640167 36317965 1 -5.773930404838056e-6 36317965 36317965 0
4 8145 rs12502429 99682017 1 5.716578518263221e-6 99682017 99682017 0
4 12982 rs10517736 162076088 1 -5.552059855564469e-6 162076088 162076088 0
4 1553 rs16894263 17054262 1 -5.206728430617983e-6 17054262 17054262 0
4 6064 rs4859417 75683161 1 -4.61963772400075e-6 75683161 75683161 0
4 8677 rs994370 106923626 1 4.475949374550772e-6 106923626 106923626 0
4 4859 rs11133474 57905807 1 -4.167938343048408e-6 57905807 57905807 0
4 13778 rs1522605 171110103 1 3.736782289610399e-6 171110103 171110103 0
4 7015 rs2869268 86064719 1 -3.7119141723782423e-6 86064719 86064719 0
4 12139 rs13112985 152205278 1 3.0485643550101194e-6 152205278 152205278 0
4 2414 rs4580639 25645165 1 -2.5551785676607916e-6 25645165 25645165 0
4 9240 rs2174558 113927365 1 -2.2097525619348315e-6 113927365 113927365 0
4 13234 rs4691956 165037553 2 -1.663520025265092e-6 165037553 165037553 0
4 462 rs13105491 6481160 1 1.1067613008109772e-6 6481160 6481160 0
4 3071 rs4340831 32798521 1 -9.254718741867544e-7 32798521 32798521 0
4 6888 rs4693594 84144625 1 2.284767900727475e-7 84144625 84144625 0
4 4111 rs1371238 44531529 1 1.166736565034967e-15 44531529 44531529 0
4 14890 rs6821514 184292790 1 3.268185751951661e-16 184292790 184292790 0
4 7803 rs17021305 94964860 1 1.3314540900337115e-16 94964860 94964860 0
4 4138 rs10517121 44871784 1 8.685029097432491e-17 44871784 44871784 0
4 11877 rs11729081 148696917 1 4.3171727305449605e-17 148696917 148696917 0
4 10504 rs35763794 128949850 1 3.8496875939514965e-17 128949850 128949850 0
4 10505 rs60505265 128949929 1 6.8492681427640265e-18 128949929 128949929 0
