CHR Group SNP.lead BP.lead Size W BP.min BP.max BP.width
2 4327 rs4638823 191312906 2 0.06508676843165526 191288071 191323138 35067
2 4329 rs10931468 191538562 1 0.06361467534725648 191504064 191553931 49867
2 740 rs7583409 25491056 1 0.05352356249894696 25491056 25492467 1411
2 1977 rs4853252 70237360 2 -0.0367866249742575 70223101 70237360 14259
2 2694 rs1398030 111972005 6 0.03315119789904051 111957894 112000058 42164
2 2500 rs12475055 102878891 3 0.03296580667654546 102878891 102888565 9674
2 4341 rs10497711 192013921 2 0.03097872451327188 192013921 192020729 6808
2 1136 rs4670932 39618666 5 0.02690112386457888 39604876 39626388 21512
2 4337 rs3024908 191894141 1 0.02669742821689379 191875901 191894141 18240
2 1078 rs6708310 37600427 1 0.02654503991717789 37599963 37600427 464
2 4339 rs10168266 191935804 3 0.02617894130610958 191931464 191935804 4340
2 3194 rs859767 135341200 4 0.02581723782042824 135341120 135341200 80
2 1123 rs17493321 38772507 1 0.02471668157193936 38772507 38772915 408
2 4525 rs3181113 204601910 2 0.02466749333261012 204601910 204611195 9285
2 5243 rs10179086 232744209 1 -0.02418418804318234 232728437 232744209 15772
2 3248 rs1374153 138537633 2 -0.02375031258634028 138537633 138607187 69554
2 5290 rs3771341 234673239 2 -0.02329524881430381 234635467 234673309 37842
2 4331 rs1263128 191598603 2 0.02247299110301971 191594895 191649639 54744
2 1843 rs3911862 65759671 2 0.02241762738504347 65732023 65759671 27648
2 2737 rs10514810 114471782 1 -0.02239158511172134 114455006 114488405 33399
2 3400 rs1012272 144993201 2 0.02218641554308911 144951782 145058077 106295
2 3649 rs7602743 157529654 1 0.02195052726380445 157529654 157539961 10307
2 2144 rs1997450 76696261 6 0.02153696963277274 76685968 76727046 41078
2 5306 rs676546 234933630 5 -0.02120456852219265 234923881 234933630 9749
2 755 rs75819301 26539806 1 0.02114060521964388 26539806 26539806 0
2 5217 rs7561687 231606083 3 0.02105873696564309 231582196 231613141 30945
2 5287 rs2741035 234555809 2 -0.02104548740378646 234545861 234567051 21190
2 2053 rs13339845 72419864 1 0.02066948036407104 72402254 72419864 17610
2 1501 rs968972 51171962 2 0.02061464782832955 51160560 51186984 26424
2 2518 rs1433312 103987135 5 0.02054707542108575 103987135 104036433 49298
2 2709 rs719668 113342566 2 -0.02050113435256227 113309473 113342566 33093
2 3198 rs10928531 135817760 4 0.02035669631404458 135803425 135829309 25884
2 2233 rs13400937 79864923 2 -0.02019444857600577 79864370 79864923 553
2 5209 rs1678154 231421531 1 -0.01978399881723884 231414688 231421683 6995
2 1770 rs12713433 61307982 4 -0.01958924004320264 61230647 61307982 77335
2 821 rs4666176 29424004 3 -0.01944752437989138 29413294 29432982 19688
2 3737 rs4420712 162952349 3 0.01932142822521527 162952349 162959748 7399
2 4885 rs11676348 219010146 1 -0.01923805018252568 219000966 219029843 28877
2 3044 rs4662775 128870808 2 0.0192160139842558 128849114 128939817 90703
2 1783 rs3943540 62381474 2 0.0190168575805735 62366688 62381474 14786
2 3217 rs4434047 137452607 1 0.0188405150044047 137423197 137452607 29410
2 3174 rs6720404 134929274 1 0.01883358639457436 134917005 134929915 12910
2 861 rs17321999 30479857 6 0.01853828025169308 30478453 30480027 1574
2 860 rs7579944 30445026 2 -0.01846865165675845 30442158 30445026 2868
2 1513 rs984795 51688180 2 0.01824737062305069 51688180 51699054 10874
2 5135 rs10184090 228639557 1 0.01799966441187658 228639557 228639557 0
2 5193 rs1365776 231072709 1 0.01768115240793396 231072709 231072709 0
2 5072 rs3748993 226491770 2 0.01735643415825398 226487822 226538647 50825
2 3862 rs7579964 168826850 1 0.01720368750799373 168826850 168849695 22845
2 1126 rs3821023 38893660 1 0.01715985951320002 38893660 38893660 0
2 4527 rs3087243 204738919 6 0.01648234792610967 204693876 204740866 46990
2 2679 rs10178717 110452645 1 0.01626084073505549 110452645 110452645 0
2 2730 rs6760120 113932431 1 0.01615296006152273 113932431 113935028 2597
2 2579 rs10496399 106227721 2 -0.01613914889192434 106217330 106241808 24478
2 1695 rs12613228 58662069 2 -0.01611872151221284 58650355 58676644 26289
2 5278 rs7569837 234078406 2 0.01599426270040126 234072738 234078406 5668
2 4582 rs2058712 206452025 5 -0.0158146302993039 206443038 206452025 8987
2 1015 rs13025239 35908737 3 0.01554186597697214 35908737 35930877 22140
2 2586 rs12465089 106386630 1 0.015364068254421 106386294 106398913 12619
2 3605 rs12693913 154940389 4 0.01518916661684587 154933789 155000595 66806
2 4787 rs11890512 215910724 2 0.01510768587068378 215901592 215927329 25737
2 628 rs6531222 20388484 4 -0.01503585285572509 20377070 20388982 11912
2 275 rs12613635 8520621 2 0.01479894971479583 8516939 8531037 14098
2 273 rs10178845 8443803 7 0.01478546738098895 8442248 8447979 5731
2 4754 rs17277107 213869354 2 -0.01470801470755325 213869354 213877864 8510
2 2758 rs17786162 115529358 1 0.01469299278318102 115529358 115529358 0
2 4326 rs11892526 191255883 1 0.01465331480073597 191251643 191255883 4240
2 4953 rs1346801 222180661 2 0.01456140381654283 222172363 222183997 11634
2 3045 rs6725404 128972833 2 0.01434104752740689 128972833 129007898 35065
2 4797 rs17459063 216317657 1 -0.01427945021917332 216307103 216322388 15285
2 912 rs6751050 31993081 1 0.01411107164478064 31973127 32014315 41188
2 4530 rs4452124 204799697 1 0.01401411354926038 204799697 204802578 2881
2 2739 rs12998926 114546660 2 0.01397061736723652 114533618 114563960 30342
2 5556 rs1062748 242028741 2 -0.01394964628279802 242021742 242065944 44202
2 3237 rs1453301 138080695 1 0.0139150626890896 138080695 138108552 27857
2 1661 rs13423780 56607046 1 -0.01390906246339955 56607046 56607046 0
2 3447 rs2706035 147812704 2 -0.01386633314332334 147812704 147819724 7020
2 2195 rs1464993 78479945 1 -0.01380369484568654 78477215 78479945 2730
2 741 rs6711622 25531350 2 0.01372949356863511 25518470 25531350 12880
2 3656 rs1481379 157931593 1 0.01360673436232498 157924492 157931593 7101
2 2020 rs12476972 71486250 2 -0.01360532779559593 71436269 71488944 52675
2 2190 rs13021149 78292330 2 0.01343934152884113 78292330 78301575 9245
2 267 rs6748904 8186474 1 0.01339406860238958 8180625 8192868 12243
2 4973 rs1370923 222999840 4 -0.01338256751520988 222990015 223008570 18555
2 439 rs721173 13907633 2 0.01329798942654112 13906917 13916789 9872
2 2274 rs3770317 80791939 1 0.01327171887393754 80786548 80793411 6863
2 3297 rs16843782 141080706 1 0.01325474756440547 141080706 141098372 17666
2 5157 rs800736 229729917 2 -0.01323267083393243 229728823 229757438 28615
2 98 rs823243 2848102 2 0.0131057302877949 2843308 2848102 4794
2 410 rs4669855 12655145 2 0.01295435476318209 12651822 12657754 5932
2 3721 rs4337490 161511311 4 0.01274416718121242 161464707 161536443 71736
2 2140 rs6747727 76535474 4 -0.01270593744837822 76500077 76535759 35682
2 5136 rs2048054 228652347 4 0.01267398700381771 228652347 228653164 817
2 515 rs1430043 16635965 2 0.01236522989891487 16635965 16653570 17605
2 376 rs17529680 11727087 1 0.01217222235961392 11724159 11736305 12146
2 3402 rs4662223 145235108 1 0.01216574252502729 145235108 145236142 1034
2 1366 rs7595513 46687867 6 0.01215888526267107 46662461 46710745 48284
2 440 rs1348801 13943821 1 0.01212513317883435 13931667 13951524 19857
2 1457 rs1427414 49781113 1 -0.01207730519776493 49778877 49816534 37657
2 4785 rs2225064 215806919 2 -0.0120768855904125 215798408 215813331 14923
2 3895 rs3821116 169729849 1 0.01198323760933381 169718981 169748422 29441
2 3594 rs1022386 154582806 2 0.01191399682904915 154561625 154583600 21975
2 3802 rs11683781 166288740 2 0.01184171026115924 166281132 166288740 7608
2 3710 rs6740901 160893796 1 -0.01168750204543383 160885872 160893796 7924
2 4662 rs7567228 209414499 1 0.01156396891960928 209414011 209414499 488
2 2433 rs17765112 100149336 1 0.01155251262844728 100149336 100149336 0
2 2662 rs4676060 109662043 1 0.0115463606104439 109662043 109662043 0
2 4756 rs3738920 214031987 1 0.01151569338639932 214031987 214036796 4809
2 4189 rs3922472 181772262 1 -0.01149978124224509 181772262 181772262 0
2 3569 rs11692152 153721508 1 0.01149240141383391 153683524 153721508 37984
2 3360 rs17832932 142942795 2 0.01138447984723736 142942795 142980125 37330
2 1876 rs6759648 66844120 2 0.0113276867040853 66831138 66898267 67129
2 2702 rs13419523 112781917 3 0.0112898796839174 112773153 112786049 12896
2 2375 rs6547705 87044316 1 0.01124387170121003 87044316 87044316 0
2 5220 rs6726593 231746780 1 0.01115389093563089 231746780 231747426 646
2 5376 rs2675144 236641479 1 0.01113296896724011 236641479 236641479 0
2 1539 rs12472885 52479251 1 -0.01112405054478539 52476027 52479251 3224
2 545 rs10176010 18037765 1 -0.0110839405262754 18036252 18037765 1513
2 3391 rs6708276 144442150 2 0.01107536850942262 144442150 144463315 21165
2 892 rs1000916 31314555 1 0.01106810937572283 31300544 31314555 14011
2 163 rs17330726 5266939 1 -0.01105757799720285 5266939 5268671 1732
2 3454 rs7560572 148260990 1 -0.01105160573731513 148260990 148261932 942
2 1742 rs872277 60338651 1 0.01088686977626793 60333953 60338651 4698
2 5358 rs7579804 236148960 1 -0.01079485037398135 236148960 236148960 0
2 1466 rs7594662 49984263 1 0.01073361765276395 49984263 49986278 2015
2 4321 rs2562817 191008125 1 -0.01068285224933512 191000613 191008125 7512
2 4757 rs13419945 214065112 2 -0.01063146870251729 214065112 214098403 33291
2 1239 rs11687176 43091550 1 -0.01055430314421203 43086466 43091550 5084
2 4324 rs12467835 191166159 2 0.01055129806365817 191161622 191190180 28558
2 272 rs10165200 8439629 2 -0.01053352401261177 8438959 8440346 1387
2 4259 rs13018827 186062357 4 -0.01047174842150034 186044627 186088401 43774
2 4397 rs17177580 196373150 3 0.01029518475936769 196370612 196414587 43975
2 4911 rs982458 220663477 5 0.01029508851776296 220639696 220663477 23781
2 2011 rs3771389 71153154 1 0.01026571484963069 71152850 71153154 304
2 5427 rs12616673 238498038 2 0.01026430924250695 238493118 238499690 6572
2 5444 rs4663281 238943966 1 -0.01025663257897605 238934537 239000091 65554
2 4332 rs1860173 191701184 2 0.01023291424549888 191660849 191701184 40335
2 5281 rs2241879 234183468 5 0.01015623277232001 234162415 234201657 39242
2 2858 rs838102 119984733 5 0.01015578940274833 119984733 119997159 12426
2 2582 rs2122967 106309119 2 -0.01012969513861388 106263078 106309119 46041
2 3354 rs7597320 142776441 2 -0.01011603636250586 142776441 142788546 12105
2 5035 rs1453672 225025120 1 -0.01005927306686545 225025120 225025120 0
2 3114 rs13428178 133175872 2 0.01003627014735374 133175872 133194549 18677
2 2816 rs1019590 118688162 3 0.00992951746903691 118672017 118743630 71613
2 1033 rs2372441 36381404 1 -0.00992353622647755 36374519 36392700 18181
2 1279 rs11683295 44316109 1 0.00991288361981315 44315927 44319306 3379
2 1979 rs2272532 70520498 1 -0.00988571616951233 70520498 70520498 0
2 5025 rs6746036 224792256 2 -0.00984167199868286 224792256 224814186 21930
2 2480 rs11688698 102104814 1 0.00978223283142734 102104814 102129420 24606
2 3212 rs12612204 137314240 2 0.0096984861672195 137314240 137323986 9746
2 4640 rs10497888 208761235 1 0.00963566651965219 208761235 208761235 0
2 3224 rs16837222 137629273 4 -0.00957484119501265 137622996 137629273 6277
2 3399 rs6707579 144931112 1 -0.00947422825198357 144788389 144931112 142723
2 4018 rs6717268 174254430 1 0.00942819597140262 174254430 174254430 0
2 480 rs10173491 15451774 1 0.00940943454833371 15434967 15451774 16807
2 1278 rs7583854 44290437 1 -0.00939870003871009 44279622 44290437 10815
2 3316 rs10496859 141668678 2 0.00938480706344275 141668323 141677631 9308
2 767 rs4513249 27058451 1 0.00930336126023855 27028992 27064577 35585
2 4149 rs4365493 180173318 5 -0.00929939909652632 180173172 180177796 4624
2 1477 rs10495982 50424877 1 -0.00913504848763594 50396135 50424877 28742
2 5232 rs2290130 232263127 1 0.00908962139356098 232263127 232263127 0
2 3097 rs6708453 131089135 1 0.00904012257633831 131089135 131089135 0
2 522 rs1643212 16866013 1 -0.00890336707596908 16854462 16866013 11551
2 5311 rs669466 235016487 4 -0.00889215007697488 235016487 235034610 18123
2 2340 rs17026015 85432404 1 -0.00887382102201613 85432404 85432404 0
2 1678 rs17048858 57730190 3 -0.00882530024210607 57714717 57738723 24006
2 4620 rs11903403 207824384 1 -0.00878866441245868 207820276 207831954 11678
2 875 rs2609942 30924850 4 0.00876349933579637 30917735 30940397 22662
2 2578 rs17031337 106215749 1 0.00875876304093093 106214189 106216861 2672
2 1590 rs741531 53856928 2 0.00871540735274064 53854488 53856928 2440
2 4969 rs7582427 222826088 2 0.00861786072009272 222818891 222856726 37835
2 4814 rs4674039 216794024 1 -0.00860546895824196 216783409 216795091 11682
2 4429 rs6749611 198102423 2 -0.00859007764521843 198087907 198102423 14516
2 4584 rs6435297 206490951 1 -0.00858200616471249 206490951 206490951 0
2 432 rs503989 13641538 1 0.0085644280630855 13641538 13663715 22177
2 46 rs4927608 1453528 2 0.00855416824886093 1449966 1455003 5037
2 790 rs12624279 28634790 1 0.00854184169064159 28623159 28634790 11631
2 5077 rs2037286 226835324 2 -0.00846368067374564 226835324 226855807 20483
2 2563 rs2576767 105960333 3 0.00845609268663178 105934068 105960333 26265
2 4057 rs7566401 175994720 1 0.00844697552620553 175964587 176025463 60876
2 615 rs10184780 20054392 1 0.00844436712971228 20054392 20054392 0
2 3671 rs6710480 158958605 2 0.00843028819387521 158958378 158972966 14588
2 2431 rs139891421 99767073 1 0.00841655724070649 99767073 99857670 90597
2 4639 rs9636269 208610801 2 0.00840144559719134 208605594 208610801 5207
2 5418 rs11690358 238244781 1 0.00839835677926063 238244781 238259387 14606
2 24 rs6746997 788807 2 0.00836353511685435 788673 788807 134
2 5371 rs6731727 236508340 1 0.0083293754053986 236504782 236508340 3558
2 1254 rs17405635 43355763 2 0.00832076018430777 43355763 43359061 3298
2 4879 rs1001098 218862241 1 -0.00829619192091339 218862241 218864319 2078
2 5091 rs2102101 227410349 1 0.00827913991717706 227395509 227413223 17714
2 4392 rs6755097 196116079 3 -0.00825288460267416 196067526 196116079 48553
2 5555 rs13030338 242013387 1 -0.00820866823913028 242013387 242015650 2263
2 3379 rs354693 143830118 2 -0.00819920000021705 143817718 143830118 12400
2 4423 rs16858489 197681043 1 -0.00818916424334931 197662526 197764931 102405
2 830 rs17007920 29570906 1 0.00818351554101956 29570906 29578251 7345
2 345 rs10192975 10887075 1 0.00810571482251825 10887075 10890205 3130
2 2103 rs1468900 75449983 1 -0.0080988145666893 75449983 75449983 0
2 1684 rs17227657 57937373 1 -0.00805737154284399 57934055 57937744 3689
2 1612 rs6717369 54915044 1 0.00804415683991256 54908044 54919899 11855
2 4396 rs2138375 196361205 3 -0.00802623724784285 196316861 196364109 47248
2 4603 rs138061259 207175070 2 0.00801882314840424 207162033 207233115 71082
2 536 rs1976809 17466012 1 -0.00800380162077126 17466012 17479955 13943
2 2685 rs4849155 111635197 2 0.00799282141162618 111628522 111635197 6675
2 2952 rs12476179 124484294 1 0.00791070757005811 124483400 124508051 24651
2 255 rs7589284 7702036 1 0.00779414589871845 7702036 7702036 0
2 1673 rs1424627 57396264 3 -0.00768080347701601 57385309 57398024 12715
2 655 rs6728178 21193946 2 -0.00766074098505345 21143982 21206183 62201
2 797 rs6547857 28757368 2 -0.00763895903953148 28756255 28757368 1113
2 3947 rs56181206 171400449 1 -0.00761569101746544 171395578 171400449 4871
2 1322 rs6738398 45673894 3 -0.00761246405115575 45635313 45688221 52908
2 1146 rs7571703 40115727 1 -0.00755137554887456 40115727 40126466 10739
2 3784 rs3769884 165584049 2 -0.0075379053880798 165568585 165590459 21874
2 5288 rs17863783 234602277 1 -0.00753194169799845 234580140 234602277 22137
2 261 rs10183806 7988851 1 0.00741309276201407 7975049 7988851 13802
2 1632 rs10191785 55536808 3 0.00740867546368571 55516323 55539905 23582
2 1833 rs55952639 65299766 3 0.00738804489058738 65283174 65299766 16592
2 5409 rs1435846 237848512 1 -0.00735620342566074 237843486 237848512 5026
2 1268 rs7592384 43926465 1 0.00734183176992703 43926465 43929983 3518
2 4296 rs11886097 188962426 1 -0.00731130162932206 188923773 188965391 41618
2 3042 rs11682273 128716817 2 -0.0073031842513874 128706637 128780173 73536
2 2294 rs909044 82230841 4 -0.00729830707887146 82213961 82240270 26309
2 3300 rs2030240 141218933 1 0.00729246101191303 141217244 141218933 1689
2 3645 rs707132 157214370 2 -0.00728996573751298 157192613 157214701 22088
2 2270 rs7576475 80728120 1 -0.00725532162387704 80728120 80728120 0
2 3459 rs10928364 148500974 4 0.00722137170156178 148460036 148507295 47259
2 3902 rs1862069 169933741 1 -0.00721659958811766 169911189 169933741 22552
2 771 rs61753362 27324669 3 0.00716463782045004 27260469 27324669 64200
2 169 rs7592529 5427628 4 0.00714458720952714 5418756 5429475 10719
2 2462 rs1369482 101503416 2 0.00713649675915292 101503416 101506423 3007
2 2641 rs3806536 108602755 2 -0.00711560668284263 108599710 108607394 7684
2 2187 rs10178085 78256829 3 -0.00710223852502758 78240557 78256829 16272
2 5520 rs3923002 240886298 1 -0.00708814372426778 240886298 240888688 2390
2 3040 rs13018398 128628225 1 0.0070434126402038 128628225 128628225 0
2 1086 rs17021120 37843019 1 0.00697413635534843 37827519 37843019 15500
2 4762 rs9283526 214594856 2 0.00695544195869023 214584354 214610452 26098
2 230 rs2174519 6937310 2 0.00689860625747312 6937310 6937310 0
2 3202 rs3739022 136562472 2 0.00687775241195269 136545299 136590558 45259
2 1016 rs17471749 35951818 3 0.00684382722315139 35935526 35951818 16292
2 1813 rs1346236 64609979 3 0.00679834516193477 64607964 64620637 12673
2 1112 rs2084420 38490107 2 -0.00679819457773423 38483796 38492587 8791
2 3204 rs4954592 137013525 7 0.00672027572284996 136984041 137013525 29484
2 3617 rs11895478 155571123 2 0.00671916003131763 155571123 155594099 22976
2 1773 rs1186706 61673394 3 0.00661275544153877 61638952 61731478 92526
2 3195 rs4953922 135402521 3 0.00654171026501647 135351764 135421558 69794
2 4536 rs10932047 205004122 1 -0.00654008062697172 205004122 205004122 0
2 2724 rs1530551 113817566 3 -0.00653800213319007 113809266 113825966 16700
2 1610 rs6715538 54847934 1 0.00650692710259886 54811917 54847934 36017
2 4435 rs1579695 198900363 6 0.00639062061106673 198875464 198950240 74776
2 1196 rs1560259 41835526 6 -0.00637912097300311 41832878 41836313 3435
2 800 rs4666103 28807899 3 0.00637607128740265 28807899 28812285 4386
2 2628 rs2079917 107790491 4 -0.00635934963943802 107786827 107794867 8040
2 3558 rs6751778 153268611 1 -0.00635841561512786 153248404 153273219 24815
2 3210 rs47150 137220743 1 0.00635093060791989 137200214 137249556 49342
2 2494 rs10199359 102707179 2 0.00630997947015102 102707179 102707179 0
2 3698 rs2193923 160298123 3 0.00630719586283476 160259258 160310246 50988
2 4476 rs4674036 201270538 1 0.00628740576927254 201270538 201286358 15820
2 83 rs17719904 2592143 3 0.00627336156967584 2585729 2592143 6414
2 4892 rs3821033 219507302 1 -0.0062691091206601 219504955 219533378 28423
2 1092 rs4670780 38048671 1 0.00626875290594713 38048671 38048671 0
2 2817 rs17512698 118755669 8 0.00619826703241592 118755038 118838281 83243
2 5198 rs3769845 231155704 4 0.00614930746331426 231139777 231159488 19711
2 4515 rs13392645 203134839 1 -0.0061457420066178 203089268 203203865 114597
2 4692 rs2302909 211503556 2 -0.0061095965122345 211503556 211508287 4731
2 3314 rs12691579 141640478 1 0.00608384245579335 141623459 141652239 28780
2 4348 rs10432509 192386522 3 -0.00608380521305617 192381934 192386522 4588
2 2220 rs1434205 79525428 2 -0.00603484256443747 79525176 79547730 22554
2 2234 rs13395022 79882260 1 0.00600794789472818 79882260 79894172 11912
2 1302 rs6743447 45213745 1 -0.00598554655637808 45213745 45220348 6603
2 5155 rs6726331 229609201 2 -0.00597476114602182 229601195 229616236 15041
2 3123 rs13025233 133484851 4 0.00596400898697173 133484851 133513086 28235
2 3555 rs4254462 153219836 2 -0.00594531439173725 153208493 153225799 17306
2 3900 rs2287619 169836730 1 0.00594253122954358 169836730 169840574 3844
2 2182 rs11126639 78093107 1 -0.00593537840425019 78093107 78100362 7255
2 3980 rs9287949 173062001 3 -0.00592278347960868 173046584 173062159 15575
2 3580 rs13405095 154061615 2 0.00589441455562411 154058372 154061615 3243
2 3653 rs2131801 157654171 2 -0.00588365643302861 157654171 157654171 0
2 1386 rs1036292 47243124 2 0.00584084934370687 47242340 47245022 2682
2 2044 rs6546731 72116933 1 0.00582658992568953 72116933 72116933 0
2 4225 rs288344 183666918 1 0.00582433974876108 183593697 183666932 73235
2 3777 rs57447159 165210891 1 0.00581591469443235 165210891 165210891 0
2 1929 rs6734622 68350891 2 0.00578169255446914 68349183 68350891 1708
2 3220 rs1593759 137552254 5 0.00577746224007033 137536904 137566169 29265
2 2799 rs17046680 117928308 2 -0.00573012558500095 117900052 117928308 28256
2 1545 rs2727865 52633563 1 -0.00567952864678497 52633563 52646336 12773
2 2809 rs13402352 118403937 4 0.00563371366395519 118401860 118434667 32807
2 2859 rs12711924 120012171 3 -0.00561872406094046 120005569 120012412 6843
2 3489 rs1420354 150293077 2 -0.00561075143049265 150270689 150293077 22388
2 2467 rs1062062 101627925 1 0.00559300128773287 101604246 101629737 25491
2 3678 rs2193700 159266933 2 0.00556294594894703 159237284 159271306 34022
2 1868 rs975443 66455866 3 -0.00555925457181368 66453086 66460709 7623
2 2743 rs465316 114784936 1 -0.00553805266500443 114767730 114784936 17206
2 288 rs9973936 9118215 3 0.00542101722664759 9100137 9118437 18300
2 1959 rs1106518 69328218 1 -0.0054175956312816 69314667 69328883 14216
2 3804 rs13424955 166339756 2 0.00537908133329616 166303598 166339756 36158
2 3077 rs2406820 130208064 3 -0.00534917617396357 130197500 130208064 10564
2 4867 rs1035671 218674484 1 -0.00529671972854296 218674484 218674484 0
2 4378 rs7603009 195195631 4 -0.00528524569896379 195195631 195206946 11315
2 4105 rs6433657 178134677 2 0.00528504775757153 178132988 178134677 1689
2 420 rs10186351 12964428 2 0.00527379491661309 12964428 12992430 28002
2 585 rs6531131 19078715 5 0.00522677324792717 19077800 19110370 32570
2 3421 rs10496978 146090174 2 -0.00521350129152379 146078530 146095070 16540
2 1763 rs881952 60888202 1 -0.00516716742458839 60878133 60888202 10069
2 1767 rs1177204 61075061 3 -0.00513695786334976 61071656 61091950 20294
2 2585 rs12712216 106372671 1 0.00511344941164916 106358929 106372671 13742
2 3769 rs16849207 164894431 4 -0.00509569310881776 164879136 164906820 27684
2 453 rs12464596 14525844 3 -0.00507240675773105 14525844 14528945 3101
2 702 rs1025703 23507416 3 -0.00507150929791446 23458669 23512029 53360
2 3554 rs28394649 153197805 2 -0.00504770576710209 153154612 153198489 43877
2 5112 rs9646881 228156446 4 -0.00501122976525541 228133809 228177567 43758
2 5111 rs7582825 228131904 3 -0.0049781361495515 228127807 228131904 4097
2 823 rs7425108 29453835 1 -0.0048563131080199 29453835 29453835 0
2 5563 rs757978 242371101 2 0.00484884322493721 242360245 242383928 23683
2 520 rs13417603 16816006 1 -0.00483885806097939 16816006 16820305 4299
2 2096 rs3771817 75338380 1 -0.00483545407050981 75323267 75338380 15113
2 2443 rs12472141 100882593 3 -0.00481580383076156 100882593 100889386 6793
2 2392 rs4425079 88816042 2 -0.00481577280182679 88816042 88825482 9440
2 5564 rs41342147 242407588 1 0.00477024383404231 242399445 242409933 10488
2 3180 rs935471 135024766 2 -0.00473259096808443 135022906 135028858 5952
2 212 rs12623864 6421045 2 0.00472232723581769 6415415 6424508 9093
2 2928 rs6541829 123222183 1 -0.00465215416144632 123222183 123222183 0
2 1229 rs13030217 42712932 2 -0.00464308459234712 42712932 42735172 22240
2 2391 rs11690079 88742338 2 0.00463759880288796 88742338 88744777 2439
2 4221 rs11677310 183376851 3 -0.00462903328168062 183375853 183430921 55068
2 1574 rs993161 53538638 2 -0.00459895789549925 53536813 53538638 1825
2 610 rs11096616 19950959 2 -0.00459685878250377 19948614 19950959 2345
2 1694 rs6761469 58581018 2 0.00457556825151727 58566648 58606270 39622
2 4048 rs1469521 175452808 3 -0.00452635286032394 175447213 175452808 5595
2 888 rs2303323 31189304 1 -0.0044910628803902 31189236 31189304 68
2 2527 rs1441105 104521151 3 -0.00442277095895764 104510063 104537499 27436
2 45 rs1514682 1441305 3 0.0043897303566927 1441178 1442417 1239
2 910 rs682895 31871583 1 0.00438713394064235 31834078 31873476 39398
2 799 rs7600983 28767050 2 -0.00437803794792002 28767050 28782985 15935
2 3935 rs12611789 171139494 2 0.00435782617546767 171139256 171142750 3494
2 4051 rs1463263 175584157 2 -0.00433246762860855 175584157 175584157 0
2 957 rs17338665 33947012 2 0.00432981179744926 33939941 33948748 8807
2 2259 rs7564961 80382666 2 -0.00431647421191947 80371312 80384006 12694
2 2740 rs1028246 114601242 1 0.0043084688700359 114601242 114601242 0
2 1469 rs1045881 50148972 2 0.00429047968076718 50142117 50148972 6855
2 1296 rs341605 45064187 1 0.00428764021015731 45064187 45065588 1401
2 2829 rs7562732 119085908 1 0.00427936947463147 119052905 119085908 33003
2 3218 rs1427588 137492326 1 0.00427261020034924 137474142 137495815 21673
2 2921 rs10200535 122982362 1 -0.00426719575712383 122982362 123047991 65629
2 3163 rs13391735 134693757 1 -0.00426682386967936 134657740 134702078 44338
2 1419 rs4952917 48773295 1 -0.00424693115288148 48769377 48779064 9687
2 2216 rs10496214 79417943 1 -0.00424610628207708 79404926 79418487 13561
2 5538 rs2228331 241405528 1 0.00422511142689222 241401673 241405528 3855
2 2299 rs17022041 82843078 1 0.00418891649193863 82751810 82859580 107770
2 2736 rs4849261 114450028 1 0.0041775060667223 114432293 114450028 17735
2 1266 rs2888878 43877074 3 -0.00413570060390716 43870490 43881161 10671
2 4053 rs6708544 175604194 1 -0.00412848396661001 175598518 175604194 5676
2 1421 rs2293276 48819197 2 0.00411842463363436 48819197 48831931 12734
2 4802 rs4672773 216439570 2 0.00410967033126175 216439570 216439570 0
2 1789 rs4640376 62576427 1 0.00410871665071121 62576006 62581284 5278
2 4344 rs6704784 192109558 1 -0.00408643235592806 192109558 192109558 0
2 234 rs4669111 7028438 2 -0.00408510340934266 7028438 7032618 4180
2 1957 rs4314026 69269809 1 0.00407494768514303 69266291 69287943 21652
2 2890 rs17005295 121600223 1 0.00406938759306599 121600223 121600223 0
2 3736 rs1861975 162929300 2 0.00405476370323559 162929300 162929709 409
2 3753 rs4144827 164114775 1 0.00403328097697809 164114775 164149690 34915
2 4922 rs12694510 220999979 1 -0.00402189603806162 220997227 221013438 16211
2 1880 rs17681403 66977032 1 0.00402182711691984 66977032 66977032 0
2 680 rs6544021 22753225 1 -0.00400215609341276 22735551 22753225 17674
2 4665 rs1921735 209557324 2 -0.00400090472857498 209557324 209578600 21276
2 1200 rs1560257 41898148 2 0.00399447798218725 41895340 41903118 7778
2 4090 rs2044642 177460699 1 0.003982521181516 177456444 177460699 4255
2 672 rs7601596 22348539 1 0.00397168700255127 22348539 22348539 0
2 4188 rs4315481 181761394 1 -0.00396894976013347 181698136 181761394 63258
2 4565 rs13000345 205971820 2 0.00396530896323938 205967315 205977739 10424
2 4573 rs1207429 206164004 2 0.0039644809953134 206150594 206164004 13410
2 4303 rs4667244 189602559 3 -0.00396430348246069 189584537 189683752 99215
2 887 rs2303325 31181139 1 0.00395377313829403 31166795 31181139 14344
2 1436 rs12713027 49199448 2 -0.00394354716202493 49194702 49207493 12791
2 3289 rs16843069 140680731 1 -0.00393437404489171 140666027 140685117 19090
2 4481 rs13026134 201444441 2 -0.00393090452812763 201391491 201475157 83666
2 4373 rs2083295 194142585 1 -0.00391983028364202 194142585 194142585 0
2 5309 rs2239536 234968051 2 -0.00389705769516053 234967986 234983001 15015
2 5298 rs653844 234794286 1 -0.00388738516761425 234773700 234794286 20586
2 3978 rs13390848 172957643 1 0.00386841947540458 172953438 172957643 4205
2 1007 rs13384335 35627198 4 -0.0038558056620974 35624746 35653722 28976
2 3138 rs12052290 133863624 1 0.0038504766674623 133863624 133863624 0
2 4644 rs11683477 208927892 2 0.0038502635869368 208926542 208938866 12324
2 4219 rs10497603 183336468 2 0.00384664238599233 183324227 183351225 26998
2 4618 rs1377390 207755367 2 0.00384625585357268 207740653 207768601 27948
2 4252 rs17508767 185535807 1 -0.00384057491285663 185535807 185559043 23236
2 777 rs1260326 27730940 4 -0.00383878097599028 27730940 27748624 17684
2 2963 rs1430263 125064801 1 -0.00383803585479775 125057421 125064801 7380
2 3954 rs1420378 171630631 2 0.00383122270384881 171581341 171631433 50092
2 3481 rs170673 150014096 1 0.00382209038385085 150000597 150014096 13499
2 4658 rs10932259 209184999 4 0.00380939240920315 209135339 209191082 55743
2 795 rs7579759 28693648 1 0.00380752577949424 28693648 28693648 0
2 4138 rs4894054 179713601 1 0.0038007390700652 179713601 179732845 19244
2 2008 rs17006471 71068623 1 -0.0037955612133009 71063942 71068623 4681
2 1498 rs2193225 51079482 4 0.00375908769364206 51047313 51095053 47740
2 4534 rs11685977 204969138 2 -0.00374553711483073 204969138 204969138 0
2 4026 rs606961 174487923 1 0.00373738166679064 174483240 174487923 4683
2 5208 rs6436944 231376320 2 0.00373693220185681 231376320 231407663 31343
2 2060 rs17348756 73413182 4 -0.0037297985308533 73407076 73471653 64577
2 643 rs4666313 20769783 2 0.00372596189783865 20768247 20769783 1536
2 3763 rs1531360 164581991 1 -0.0037155726473449 164543036 164581991 38955
2 447 rs11900823 14194649 1 0.00371553265880726 14194649 14233052 38403
2 3787 rs6724963 165701577 4 0.00371468016859424 165677808 165712301 34493
2 3739 rs1990760 163124051 6 0.00370679064107456 163110536 163152351 41815
2 3206 rs13006092 137084682 4 0.00369457013011308 137081149 137102171 21022
2 1611 rs3106204 54863352 2 -0.00369316391267896 54858253 54877365 19112
2 4925 rs11688377 221067691 1 0.00368419411479123 221047792 221067691 19899
2 5305 rs11563204 234917377 1 0.00366060756173439 234912215 234917732 5517
2 3105 rs4314035 131731464 2 0.00364353598066413 131717891 131731464 13573
2 80 rs1710506 2518376 3 0.0036178367847925 2504833 2521551 16718
2 1791 rs13412212 62662704 4 -0.00359573304737774 62662704 62666178 3474
2 5541 rs35146537 241569442 1 -0.00359089567030073 241566796 241570127 3331
2 4695 rs2111713 211576458 1 0.00358663252470092 211554574 211593520 38946
2 2625 rs2030675 107679474 2 -0.00358060005846051 107678488 107688725 10237
2 5024 rs10498156 224741642 3 0.00357330365697326 224738957 224773548 34591
2 4246 rs1443033 185277576 2 0.00356075286988649 185264965 185277576 12611
2 2895 rs114814747 121748048 1 0.00355564787719528 121735335 121748048 12713
2 2 rs409572 153302 4 -0.00354398959368351 130357 170616 40259
2 1080 rs13409745 37697432 2 0.00354033910653642 37690633 37704936 14303
2 4140 rs6707222 179743923 2 -0.00352366529464245 179740009 179753549 13540
2 2621 rs12712262 107516533 2 -0.00352004280147748 107504369 107535429 31060
2 4729 rs6732730 213009392 1 0.00351121029389791 213008886 213009392 506
2 954 rs6717058 33847659 2 -0.00350503134476257 33836922 33852489 15567
2 166 rs7604248 5336076 4 0.00343347755107638 5336076 5340675 4599
2 1846 rs7579084 65877962 1 -0.00342253713950318 65851312 65877962 26650
2 1430 rs10210521 49073574 1 -0.00342214566635574 49069969 49086399 16430
2 1811 rs1365475 64559621 1 -0.00341770471119014 64559621 64559621 0
2 3708 rs1546512 160841307 3 -0.00340282177807546 160840151 160870601 30450
2 1712 rs7599151 59308101 1 0.00340265637853714 59301572 59312140 10568
2 94 rs1451197 2741446 1 -0.00336492522780764 2741289 2765887 24598
2 874 rs1901909 30889161 2 0.00336164180869358 30885263 30900567 15304
2 298 rs2709580 9514573 2 0.00335643659719341 9499377 9517647 18270
2 1904 rs7584345 67718290 2 -0.00335605657784186 67718290 67729255 10965
2 1992 rs10489986 70808147 3 0.00335211454020072 70796257 70809219 12962
2 3486 rs1196696 150206753 3 0.00335141315938988 150196099 150206753 10654
2 5416 rs4663708 238192670 4 -0.0033466361019869 238192511 238192670 159
2 492 rs4668989 15929276 2 -0.00333155891973826 15926168 15930012 3844
2 1672 rs1424648 57370068 1 -0.00332907499846064 57351844 57370068 18224
2 956 rs7585514 33922554 2 0.00330735366831232 33922554 33928721 6167
2 4816 rs10180583 216905728 1 0.00330462388638169 216905728 216933792 28064
2 928 rs12618959 33163650 1 -0.00329462944539857 33163650 33173552 9902
2 1108 rs10490623 38408537 1 0.00329046156463856 38407966 38408960 994
2 4528 rs10497873 204762327 1 0.00328296754551509 204762327 204762327 0
2 2879 rs7581710 121195181 2 0.0031963717187451 121195181 121202941 7760
2 831 rs12714272 29585788 2 0.00319014824047828 29580466 29586686 6220
2 915 rs10084280 32297984 2 0.00317291074643925 32278782 32447718 168936
2 747 rs12613835 25829201 2 -0.00316733121560525 25829201 25894556 65355
2 3055 rs841470 129370246 1 0.00315978283462628 129360694 129395115 34421
2 4697 rs7586705 211657675 1 0.00315675640620842 211655965 211661897 5932
2 396 rs2033808 12266205 2 -0.00313115597874867 12262421 12279879 17458
2 2599 rs10182846 106637427 1 -0.00312797436421793 106637411 106637427 16
2 33 rs4971432 1079320 2 0.0031226437744727 1063504 1081594 18090
2 5009 rs1517641 224227452 4 0.0031153452787405 224211363 224227452 16089
2 1249 rs4953715 43270895 1 -0.00310825489521943 43270895 43281211 10316
2 2393 rs7571971 88895351 1 0.00308274597358334 88895123 88899883 4760
2 4844 rs10177578 217885659 2 -0.00305151273951346 217878209 217890643 12434
2 2927 rs1598024 123206041 1 -0.00304599014168 123186585 123216847 30262
2 3807 rs729867 166486320 1 -0.00304264820794376 166455078 166487713 32635
2 2889 rs895479 121589440 1 -0.00304219895588607 121589440 121589440 0
2 1941 rs4854482 68890588 2 -0.00303409535198691 68884537 68898972 14435
2 307 rs12619723 9899479 1 -0.00302916704721119 9899479 9899479 0
2 598 rs824498 19671234 1 -0.00300269912522171 19671234 19675939 4705
2 4103 rs10197258 178012446 2 0.00300099862951238 178012446 178048763 36317
2 3032 rs8179521 128150924 1 0.00300046210770688 128006078 128150924 144846
2 1906 rs6546315 67800520 1 -0.00299691087558849 67780749 67800520 19771
2 4562 rs10497880 205881252 2 -0.00299482604404151 205864832 205887035 22203
2 4753 rs17355277 213857830 2 0.00299254504544765 213847510 213858157 10647
2 4845 rs6735174 217900280 2 0.00298407492254158 217894024 217905832 11808
2 3364 rs961109 143154021 1 -0.0029763039962827 143154021 143160364 6343
2 3596 rs11889857 154605760 1 0.0029734418439637802 154605760 154623397 17637
2 1283 rs12465678 44370198 2 -0.00296064987515972 44370198 44372909 2711
2 2725 rs28928309 113834739 1 -0.00295933684629557 113834739 113839151 4412
2 4072 rs2121392 176729305 1 -0.00295851034184771 176729305 176732191 2886
2 1280 rs7355599 44322757 1 0.00293920895100441 44322757 44326923 4166
2 1372 rs6734725 46897570 3 -0.00293194408976883 46891964 46900975 9011
2 2991 rs12053356 126411247 5 -0.00292942806794827 126411247 126441311 30064
2 839 rs4666234 29752367 2 -0.00291785910910567 29745985 29752367 6382
2 3093 rs12997287 130665622 2 0.00291630489335856 130662416 130665622 3206
2 3187 rs2289468 135199564 1 0.00291272544882426 135199564 135203162 3598
2 3137 rs13395693 133806124 1 0.00290302130372134 133806124 133806124 0
2 259 rs6708659 7924833 3 -0.00288543591660097 7921970 7933809 11839
2 2741 rs17045956 114680469 2 0.00288383424491507 114614770 114725960 111190
2 3578 rs1369256 153993808 1 -0.00288344206092694 153992301 153997058 4757
2 834 rs4372837 29624775 1 0.00288323240500958 29624166 29624775 609
2 1936 rs6725743 68622990 1 -0.00286497890844812 68607947 68631888 23941
2 4581 rs12694029 206438036 1 0.00286313283127747 206438036 206438036 0
2 3098 rs6713511 131121149 1 0.00285571377344181 131121149 131123264 2115
2 3494 rs17801127 150564484 4 -0.00285292002604095 150548274 150572567 24293
2 1052 rs848642 36782886 1 -0.0028495429157904 36780952 36791226 10274
2 5467 rs4353673 239865136 2 -0.00284017592170228 239864826 239877738 12912
2 3964 rs12465868 172212652 1 -0.00282261700579543 172212652 172259687 47035
2 4419 rs1879125 197472277 5 -0.00282088179770854 197404714 197472277 67563
2 847 rs7567152 30074153 1 -0.00280411136603843 30068116 30074153 6037
2 5223 rs3106075 231825834 1 0.00280083367611723 231818806 231825834 7028
2 3173 rs7601756 134893447 2 -0.00279766589375847 134893447 134896723 3276
2 4080 rs4972806 177012578 1 -0.00278325287098013 177012578 177042633 30055
2 2678 rs9330313 110280390 1 0.00276736641276804 110278908 110353910 75002
2 1257 rs2052927 43436754 1 0.00276670215490134 43436754 43436754 0
2 739 rs2289093 25466888 1 0.00276349149371617 25466888 25482883 15995
2 4548 rs7569476 205385386 1 0.00274846730081455 205385386 205385386 0
2 2986 rs9308661 126193494 2 0.00274801026720233 126159556 126202287 42731
2 4335 rs10437 191828686 1 -0.00274597558342579 191815866 191838514 22648
2 1393 rs726117 47372425 1 0.00273288200989661 47368754 47374397 5643
2 2455 rs1567804 101343638 1 -0.00270658561209455 101343638 101349735 6097
2 1831 rs6546118 65212178 4 -0.00269520133337435 65212178 65213104 926
2 3172 rs6718163 134858756 1 -0.00269193948815789 134853516 134872037 18521
2 1209 rs17028820 42057211 1 -0.0026852474742193 42047856 42075529 27673
2 3499 rs10180786 150699558 3 0.0026785681547535 150683374 150706151 22777
2 594 rs1727198 19479000 1 0.00267496379032389 19464727 19483101 18374
2 1671 rs1424642 57296558 1 0.00267382036891455 57267524 57296558 29034
2 3794 rs13015737 165995621 1 0.00267276144551466 165956508 166000637 44129
2 5561 rs10185319 242253995 3 0.00267139971108487 242244342 242286747 42405
2 3207 rs16833821 137114910 4 0.00267039583909455 137111399 137121731 10332
2 766 rs4665905 26997490 2 0.00266695772011887 26990507 27024478 33971
2 1392 rs2347611 47325973 2 -0.00266480253781061 47325973 47325973 0
2 4056 rs1153702 175920757 1 0.0026637248877271 175920757 175920757 0
2 1803 rs12996866 64130965 1 -0.00264973152971057 64118877 64171419 52542
2 2364 rs11691934 86165443 2 0.00264219395251685 86165443 86178058 12615
2 489 rs13417353 15898212 1 -0.00263431222720081 15898212 15900750 2538
2 1867 rs2951288 66430063 1 -0.0026334835517631 66417209 66430063 12854
2 2416 rs13396689 98758847 2 0.00262858261398375 98758847 98763159 4312
2 5325 rs11685523 235464046 1 0.00260041951294341 235464033 235464046 13
2 319 rs7632 10194487 1 -0.00259785653414403 10194487 10194487 0
2 3201 rs2117511 136462661 1 0.00259297660607634 136447707 136462661 14954
2 3133 rs1437898 133746630 1 -0.00258752793218068 133742448 133746630 4182
2 4340 rs1551443 191996518 1 0.0025778418757658 191991459 191996518 5059
2 3867 rs1816977 168975787 2 0.00257544718090363 168969842 168984168 14326
2 660 rs12470778 21354702 1 0.00255060482312845 21311691 21383717 72026
2 2075 rs6546886 74245777 1 -0.0025493855365142 74245777 74316414 70637
2 942 rs41464348 33527299 1 -0.00254284436768608 33505139 33532820 27681
2 4612 rs4624363 207599165 1 -0.00253570814131852 207599165 207611257 12092
2 4011 rs2119123 174091964 1 -0.00253171968525771 174086492 174091964 5472
2 2803 rs1996295 118168045 2 -0.00251815187990588 118156840 118180695 23855
2 5377 rs10211191 236838338 1 0.00250351119569918 236838338 236838338 0
2 4496 rs2098354 202384125 1 0.00249661874478937 202383408 202400872 17464
2 881 rs6710242 31006133 1 0.00249418210785697 30993818 31006133 12315
2 4866 rs1583109 218634019 3 -0.00249065981295725 218630599 218638176 7577
2 4630 rs11674696 208161788 2 -0.00246602220250281 208161729 208173545 11816
2 445 rs10495620 14116991 1 0.00246523553478026 14111157 14116991 5834
2 5189 rs4277512 230992386 1 0.00245519048677211 230960946 230997403 36457
2 1272 rs6756629 44065090 1 -0.00245311871313703 44065090 44098855 33765
2 1183 rs11884438 41214191 3 -0.00244858822820035 41213201 41230298 17097
2 1734 rs7565849 60033484 2 0.00244684709061459 60012090 60034937 22847
2 1834 rs2302631 65331659 1 0.00243388877419817 65311031 65371112 60081
2 1049 rs3770827 36747912 1 0.00243093730875609 36738630 36747912 9282
2 968 rs882042 34204879 1 -0.00242875519035212 34199849 34211405 11556
2 4645 rs10932241 208976955 2 0.0024282429809865 208966158 208976955 10797
2 2731 rs2241975 113984503 2 0.0024235291084089 113967990 113993344 25354
2 4079 rs2113563 176999012 1 -0.00242099663544695 176999012 177007664 8652
2 5268 rs3817321 233839052 2 0.00241390581939458 233834975 233839174 4199
2 1627 rs12464877 55327550 2 -0.00240610989129998 55321474 55338420 16946
2 2358 rs1561283 85965769 1 0.00240052868430374 85962551 85965769 3218
2 3602 rs6739800 154817783 1 0.0023988112123242 154779177 154817783 38606
2 381 rs11695702 11922054 1 0.00239068430358063 11922054 11922054 0
2 4914 rs6751315 220735707 3 -0.00237457423961209 220733584 220752532 18948
2 3600 rs10221630 154731055 1 0.0023689087651167 154731055 154731055 0
2 1989 rs1523300 70769365 1 0.00236879424891867 70769365 70769365 0
2 764 rs752472 26873672 1 0.00236776864521995 26873672 26873672 0
2 2219 rs1434170 79520327 1 -0.00236485550422618 79517133 79520327 3194
2 142 rs6743559 4307217 1 0.00235221652080482 4307217 4307217 0
2 4684 rs2048277 211151774 1 -0.00234927882974111 211151774 211175043 23269
2 1028 rs2019606 36260710 1 -0.00231923215428378 36254823 36273831 19008
2 3703 rs2556094 160685529 1 -0.0023146440814243 160676350 160688557 12207
2 450 rs1016122 14372491 1 -0.00230446418245924 14371461 14396916 25455
2 4829 rs4674093 217428055 1 0.0022975520261296 217428055 217428055 0
2 4842 rs1882425 217835147 1 -0.00228625992749237 217835147 217835147 0
2 4129 rs3813243 179434516 3 -0.00228524305045976 179388657 179464527 75870
2 673 rs4557006 22443840 1 -0.00228303732276729 22439514 22443840 4326
2 2080 rs3771726 74501944 2 0.00228063978876199 74485896 74503012 17116
2 5407 rs12463648 237810566 2 -0.00228035873359421 237805870 237812750 6880
2 3320 rs13012143 141764693 2 0.0022782413023887 141764693 141782073 17380
2 1381 rs13404033 47173359 2 -0.00227171427826308 47134904 47173359 38455
2 4759 rs61752198 214160817 1 -0.00226975088103611 214160817 214231045 70228
2 5154 rs10804346 229538464 2 0.00226095771939245 229504065 229555490 51425
2 144 rs6542706 4409558 1 0.00225551270772365 4409558 4409558 0
2 2006 rs3213747 71058795 1 -0.00224170438358888 71058306 71059153 847
2 2778 rs12992776 116634049 1 -0.00222596192490815 116616776 116657836 41060
2 4372 rs6753418 194003301 3 -0.00221783711505773 193775570 194004036 228466
2 4054 rs2229957 175614716 2 -0.00221509322259073 175614716 175624597 9881
2 3406 rs7603516 145504693 1 0.00221232595090917 145504693 145534243 29550
2 1433 rs6545082 49153675 1 -0.00220356957030518 49153675 49153675 0
2 4037 rs6433461 174910616 1 0.0021881777205527 174910616 174910616 0
2 3829 rs35344714 167262169 2 0.00217961378500571 167253015 167265040 12025
2 1927 rs1503248 68227555 3 -0.00217628404571123 68222281 68227555 5274
2 5548 rs11886874 241820501 1 -0.00217325013319158 241817322 241824566 7244
2 4646 rs4277502 208978677 4 0.00217299662525632 208978677 208991487 12810
2 1287 rs4952709 44519142 2 -0.00216792004632748 44519142 44524575 5433
2 2040 rs7596753 72083780 1 -0.00216750217795325 72083272 72090576 7304
2 299 rs4436931 9560346 1 -0.00215481122807158 9560346 9560346 0
2 3527 rs2046422 151938118 1 -0.00212897299350748 151931005 151940137 9132
2 1697 rs7607950 58826638 3 -0.00212365876766584 58820417 58834185 13768
2 2941 rs17009204 123780262 2 0.00210706458752334 123780262 123795919 15657
2 4434 rs4410288 198819824 2 0.00210627255124684 198584209 198836777 252568
2 4118 rs10497482 178805428 1 0.00210176514908189 178697917 178805428 107511
2 1865 rs1320854 66363617 1 -0.00210090133056271 66357905 66363617 5712
2 3025 rs7605172 127797114 1 0.00209456426942542 127792473 127810697 18224
2 5369 rs10460277 236430910 3 0.00209094079588841 236421824 236430910 9086
2 5275 rs7608422 233950732 1 0.00209057450293389 233949255 233950732 1477
2 2673 rs6748333 110005208 2 0.00208920961032175 110004170 110005208 1038
2 5031 rs4674860 224921814 5 0.00208401237075815 224914800 224929659 14859
2 963 rs1718728 34074656 1 0.00208173378876147 34074065 34085129 11064
2 5516 rs4505564 240871018 1 -0.00207842511666202 240871018 240871893 875
2 2862 rs935393 120165808 1 0.00206752186968102 120159868 120165808 5940
2 3824 rs4303728 167056428 1 -0.00205726262877827 167046309 167059895 13586
2 4493 rs1045494 202151781 1 0.00205545917753511 202143928 202162811 18883
2 4192 rs1018326 182007800 1 0.00205341788060152 181996045 182007800 11755
2 5283 rs1046976 234255548 1 0.00205236337470382 234255547 234273242 17695
2 3419 rs2381710 146035130 1 0.00204948043658087 146035130 146035130 0
2 635 rs959058 20675601 2 -0.00204384119393718 20675366 20675601 235
2 2493 rs2310175 102670809 2 -0.00204035439960245 102665552 102678709 13157
2 3688 rs1522699 159764389 2 0.00203473197691536 159764389 159764389 0
2 2872 rs1437421 120975831 1 0.00202892250729549 120975831 120975831 0
2 1640 rs1946545 56036435 3 -0.00201736737485162 56014270 56070352 56082
2 2021 rs7590738 71525698 5 -0.00201249635607186 71516191 71658541 142350
2 3925 rs12624234 170649349 1 0.00200236937632967 170649349 170649349 0
2 306 rs10929604 9865547 3 -0.0019897151667517 9865547 9870631 5084
2 786 rs2279475 28545109 1 0.0019895131511939 28545109 28557080 11971
2 3539 rs4664493 152492324 1 0.00197879695689062 152476130 152492324 16194
2 1363 rs59901247 46609572 1 -0.00197479794960092 46603165 46609572 6407
2 1652 rs2111469 56376308 2 0.00195325932592042 56376308 56381698 5390
2 904 rs17011368 31590917 1 -0.00195295045537265 31588561 31598823 10262
2 2202 rs4853406 78968942 2 0.00194961123189915 78914837 79001963 87126
2 1275 rs6727861 44218792 2 0.00194907770708825 44204717 44219746 15029
2 283 rs3845748 8796160 2 -0.00194791733640942 8794240 8796160 1920
2 4267 rs16827790 187240797 1 0.00192709602014195 187081525 187364878 283353
2 4151 rs1022360 180272486 2 0.00192541155062607 180240770 180272486 31716
2 3175 rs9808181 134935979 2 0.00191456466872165 134935746 134935979 233
2 4880 rs934036 218869388 1 0.00190985458565999 218869388 218869388 0
2 1623 rs2588519 55205124 1 -0.00190424504726371 55204028 55223282 19254
2 3110 rs10928155 132583278 2 0.00189694025252239 132583278 132583278 0
2 2377 rs6547750 88373195 1 -0.00189582899859288 88373195 88373195 0
2 4036 rs17308965 174896455 2 -0.00189352043498939 174896455 174896455 0
2 5448 rs11694250 239138259 2 0.00189290586427046 239136143 239162038 25895
2 3765 rs4667702 164630062 1 0.0018918426901071 164630062 164638458 8396
2 3860 rs10930295 168749667 1 -0.00189175014500614 168749667 168761499 11832
2 4991 rs10176458 223625518 1 0.0018891323156028 223625518 223625518 0
2 3911 rs830964 170156880 1 0.00188457797004459 170156880 170159313 2433
2 5173 rs1226950 230174164 1 -0.00188429501130729 230174164 230179536 5372
2 1328 rs483404 45929628 1 0.00188215483233437 45929628 45932849 3221
2 3418 rs13398905 145983262 2 0.00187345032406785 145983262 145984088 826
2 5273 rs4973063 233926201 1 0.00187201925898619 233926201 233928776 2575
2 5553 rs6723732 241986030 2 0.00187096445689368 241980123 241986030 5907
2 5537 rs12620119 241357693 1 0.00186604018873848 241345108 241371065 25957
2 781 rs898031 28203294 1 0.00186530497103074 28046028 28258142 212114
2 3976 rs1982288 172821739 2 0.00186240743497011 172815510 172869185 53675
2 2752 rs6761461 115249736 2 -0.0018509693420656 115248223 115255344 7121
2 1202 rs17028402 41930145 1 0.00183469845217406 41930145 41943671 13526
2 5092 rs2707537 227523774 1 -0.00182841303879428 227486156 227523774 37618
2 3758 rs2704358 164402710 1 0.00182304006354095 164402710 164402710 0
2 4563 rs6754606 205924277 2 -0.00180181368957766 205889646 205926400 36754
2 3818 rs12998913 166922755 1 -0.00179868774945145 166919976 166927659 7683
2 2197 rs12477341 78755686 1 0.00178780969380699 78737668 78757904 20236
2 2801 rs1377407 118056771 2 0.0017809462658324 118006384 118056771 50387
2 4687 rs1027901 211287315 1 -0.00177812686163 211287315 211304138 16823
2 3046 rs4662786 129035892 1 -0.00176776411422065 129035892 129035892 0
2 2211 rs393149 79244207 2 0.00176685465143339 79240834 79268213 27379
2 3498 rs2058686 150656433 1 -0.00176647443351013 150625294 150675936 50642
2 5070 rs10200296 226397681 1 -0.00175915546380196 226366322 226399121 32799
2 327 rs887958 10394082 2 -0.00175436067234848 10393038 10394490 1452
2 37 rs4971396 1153552 1 0.00174524609396954 1143477 1154664 11187
2 1420 rs13011288 48810067 2 -0.00174416398081514 48807796 48810067 2271
2 1648 rs1432567 56331228 2 0.00173875177190958 56326296 56341068 14772
2 2526 rs17029224 104449203 2 -0.00173065234078903 104430410 104461428 31018
2 3896 rs560887 169763148 2 -0.00172777809942823 169763148 169763148 0
2 2920 rs6751865 122966157 4 -0.00172224227018014 122953533 122970146 16613
2 4629 rs918193 208150499 1 0.00170936870670555 208133793 208150499 16706
2 1270 rs2288710 43970287 1 -0.00170873175482387 43968167 43974358 6191
2 2171 rs2204916 77730014 2 0.00170560310768318 77721499 77742249 20750
2 4161 rs3112945 180501314 1 -0.00170014788741735 180500877 180510494 9617
2 990 rs4439939 34988474 1 -0.00168295998788032 34986833 34997666 10833
2 3166 rs16829944 134784345 3 0.00168238952732871 134784345 134792219 7874
2 1769 rs7608910 61204856 3 -0.00167618954748866 61184651 61224259 39608
2 5562 rs61739702 242312572 3 -0.0016749562147074801 242296449 242353704 57255
2 656 rs1801701 21228827 4 0.00167239480789009 21225281 21237544 12263
2 2189 rs6735096 78280763 1 -0.00167038472819839 78280763 78287339 6576
2 1891 rs1362478 67294023 2 0.00166556132750474 67289035 67306158 17123
2 3606 rs7592907 155053140 1 -0.00166062950240524 155053140 155100980 47840
2 1802 rs6546032 64075076 1 0.00166001278704582 63939417 64089748 150331
2 1715 rs13030369 59455177 2 0.00165733549762448 59422158 59455177 33019
2 2250 rs490805 80198597 1 -0.001650827055966 80198597 80198597 0
2 1839 rs934734 65595586 1 0.00164222035204374 65561392 65608909 47517
2 1810 rs919123 64553440 2 -0.00163565513191828 64543865 64553673 9808
2 1775 rs4671408 61888702 1 0.00163482743883911 61888702 61888702 0
2 1493 rs1518548 50932942 1 0.00163223350910779 50921470 50937036 15566
2 4613 rs3815686 207633002 4 -0.00162514172035619 207615724 207651782 36058
2 5178 rs17620481 230348440 1 -0.00162494792167408 230348440 230349801 1361
2 2408 rs12987946 98022476 2 0.00162044226563041 98013814 98023948 10134
2 1940 rs7563017 68728483 2 0.00161748524712443 68694255 68811427 117172
2 477 rs6732271 15303781 1 0.00161457020716301 15303754 15303803 49
2 1832 rs7563131 65248271 1 0.00159900304257139 65246123 65265995 19872
2 3456 rs13413754 148328907 2 0.0015980828976285 148321813 148331368 9555
2 1525 rs7608332 52024350 1 0.00159627024397961 52022010 52024350 2340
2 3537 rs3815851 152336428 1 0.00158758017639083 152311570 152375935 64365
2 3538 rs7424331 152417999 1 -0.00157169561226448 152398572 152423605 25033
2 5466 rs9636382 239857995 3 -0.00157106868777325 239857995 239858277 282
2 3725 rs1710649 161759570 1 -0.00157052430860301 161746542 161768312 21770
2 4428 rs6434916 198065054 1 -0.00156989241329006 198065054 198065054 0
2 417 rs890069 12867504 2 0.00156663268804614 12858444 12867504 9060
2 4819 rs207844 217105695 1 0.00156142660600549 217103149 217127309 24160
2 1369 rs1451152 46800150 3 0.00156046626845022 46783881 46800150 16269
2 1801 rs10164844 63652403 1 0.00155111443248593 63652403 63876872 224469
2 1787 rs10195033 62541900 2 -0.00155095910674968 62541900 62541900 0
2 738 rs2304429 25458546 1 0.00154993171197315 25458546 25458546 0
2 4894 rs13013510 219667227 4 0.0015415934031474 219664519 219671598 7079
2 5567 rs13004470 242511083 2 -0.00152968105935026 242511083 242511083 0
2 3437 rs2381911 147024137 1 0.00152951434153304 147013450 147024137 10687
2 1565 rs10197026 53223478 1 -0.00152755641672953 53210079 53223652 13573
2 119 rs13017757 3645429 4 -0.00150862564835216 3477014 3645429 168415
2 1368 rs1376405 46768543 1 0.00150736303218139 46758746 46768543 9797
2 1593 rs10205590 53991707 2 0.00150268171986874 53989244 53996077 6833
2 1110 rs4670827 38438811 2 0.00149741505394227 38432325 38438811 6486
2 2706 rs4849050 112939548 2 -0.0014960869863949 112939548 112950600 11052
2 2255 rs10865448 80272344 3 -0.00149372674712675 80266897 80280680 13783
2 2653 rs2718725 109190027 1 -0.00148402640273434 109099477 109200656 101179
2 1043 rs12465282 36619764 2 0.00147389690053768 36614307 36621057 6750
2 2205 rs6761240 79101215 2 0.00147361370463645 79095582 79116618 21036
2 663 rs4665632 21457859 1 0.00147003237613588 21455548 21457859 2311
2 1274 rs12712902 44189487 2 -0.00146833649665 44145374 44189630 44256
2 5137 rs16824126 228754349 1 0.00145958495794 228754349 228776938 22589
2 1594 rs2692516 54027845 4 0.00145700370262248 54013527 54046646 33119
2 2046 rs6546733 72173427 1 0.00145679521752172 72173427 72189250 15823
2 1454 rs13427322 49707932 3 0.00144759743502812 49700419 49727295 26876
2 4691 rs3821135 211486368 1 -0.0014463845592217 211486368 211486368 0
2 4241 rs826142 184769427 2 0.00144312764722398 184734466 184769427 34961
2 2733 rs4849195 114057929 1 0.0014384519213949 114050116 114062391 12275
2 2064 rs3820700 73716810 2 0.00143388603605717 73664715 73746923 82208
2 945 rs642472 33614187 1 0.00143052808016652 33614187 33614187 0
2 5527 rs1565985 241193615 2 0.00142690917140973 241188859 241194081 5222
2 1946 rs11677065 69013007 1 0.00141995834369749 69013007 69019430 6423
2 5327 rs4663447 235504056 1 0.00141462444877871 235504056 235504056 0
2 5284 rs6726046 234287221 1 0.00141203480194535 234282210 234337940 55730
2 3541 rs6733909 152546198 3 0.00141013917579909 152546198 152587344 41146
2 1860 rs1484483 66232736 2 0.00140972314188053 66221977 66272243 50266
2 4383 rs13401865 195525824 1 0.00140953258759947 195484228 195526300 42072
2 4906 rs6726806 220351379 1 0.0014086971266793 220337196 220354108 16912
2 242 rs4669138 7258204 1 -0.0014057095884576 7256134 7267069 10935
2 5201 rs6728027 231250943 2 -0.00140043187058644 231236963 231250943 13980
2 1524 rs10198564 51975932 1 -0.00139622257887104 51975932 52004166 28234
2 2957 rs7577916 124869709 2 -0.00139091852968756 124847337 124905952 58615
2 4738 rs17347606 213226977 1 0.0013822710524469 213226544 213236480 9936
2 1176 rs11124754 40876113 1 0.00138120948024496 40857899 40876113 18214
2 4298 rs6749586 189100225 1 -0.00137814154908731 189080087 189106576 26489
2 2753 rs1346763 115272713 2 0.00137798375279084 115272561 115280624 8063
2 1158 rs688673 40406518 2 0.00137717824095097 40400672 40407867 7195
2 4765 rs7561066 214849860 2 0.00137560244937329 214848645 214880852 32207
2 2341 rs6758778 85471980 1 -0.00137382955239844 85459880 85471980 12100
2 3955 rs2241165 171678379 1 0.00137199912831437 171678379 171682740 4361
2 3326 rs654180 142008500 1 -0.00135988690350005 141997870 142008500 10630
2 3319 rs11678316 141751461 1 -0.00135885115337799 141742103 141757246 15143
2 227 rs307973 6841330 1 -0.00135188305751307 6841330 6866483 25153
2 3405 rs4563167 145334304 2 0.00135107155012302 145316407 145339520 23113
2 1825 rs7600672 65080772 2 0.00134979646723531 65080772 65080772 0
2 340 rs12613865 10682449 1 -0.00134535357890624 10682449 10682449 0
2 3014 rs4662687 127469104 2 -0.00134472691437455 127463952 127473880 9928
2 5133 rs1506563 228622128 1 0.00134189594274933 228622128 228622128 0
2 3285 rs7590643 140580413 1 0.00133098624414012 140576146 140585063 8917
2 624 rs7578149 20312438 2 -0.00132797639069158 20292618 20312438 19820
2 3047 rs840887 129059215 1 -0.00132779747576956 129050909 129061452 10543
2 1473 rs1895130 50259939 2 0.00132220103438319 50245829 50262230 16401
2 4449 rs4266009 199533654 1 -0.00130480206993505 199530324 199533654 3330
2 1823 rs11683197 65027624 2 -0.00130270652269147 65027624 65027624 0
2 357 rs4669653 11083259 2 0.00130092520150252 11083259 11085744 2485
2 5315 rs7587925 235193276 2 0.00128509416545282 235192719 235195562 2843
2 305 rs11680429 9844178 1 0.00128405964953933 9844178 9844178 0
2 3395 rs13402786 144662334 4 0.00127591955349049 144638809 144662599 23790
2 3062 rs6740023 129654217 1 0.00126848534451535 129654217 129708408 54191
2 2696 rs7593992 112395534 3 0.00126663206522411 112395534 112411416 15882
2 4182 rs991055 181468010 1 0.00126167723295939 181449266 181489592 40326
2 4990 rs959327 223610799 1 0.00126161135720863 223610799 223610799 0
2 3959 rs1035828 171920785 3 0.00126002708489245 171822576 171930818 108242
2 4944 rs16862036 221880457 1 0.00125784102082513 221860558 221880981 20423
2 4071 rs935406 176720147 1 -0.00125321863180449 176712492 176725040 12548
2 2946 rs1356669 124088863 1 0.00125241009376116 124049457 124088863 39406
2 2547 rs10178865 105307941 1 0.00124482968632994 105307941 105309317 1376
2 690 rs4665183 23045279 2 0.00124461672955489 23040440 23067487 27047
2 1824 rs6706514 65053216 1 0.00124419906752314 65053216 65053216 0
2 4780 rs7585356 215592306 1 0.00123355786741864 215592306 215607896 15590
2 4263 rs6753011 186444443 1 0.0012333343043945 186444443 186531835 87392
2 3080 rs10153725 130318908 1 -0.00122399134029502 130313935 130319985 6050
2 2574 rs17031192 106157515 2 0.00121914711838953 106149270 106161139 11869
2 2857 rs6754799 119968031 2 -0.00121758127238028 119968031 119969831 1800
2 4212 rs6728985 183083378 2 0.00119862358168707 183030731 183083378 52647
2 4796 rs724617 216282481 1 -0.00119130148958145 216276991 216285375 8384
2 5156 rs1881025 229643936 1 -0.00119010063637764 229643936 229643936 0
2 665 rs6739502 21527036 1 0.00118554308339297 21518127 21527036 8909
2 5254 rs2139026 233264910 2 0.00118487265866192 233243586 233264910 21324
2 3582 rs13387164 154144551 2 -0.00117901596102939 154143853 154151887 8034
2 4926 rs17610130 221081421 2 0.00117635674362015 221074766 221103834 29068
2 2535 rs2376158 104954640 1 0.00116651543314892 104954640 104954640 0
2 983 rs13005810 34580853 2 0.00116574898871291 34578706 34594367 15661
2 5227 rs2303357 231949946 1 -0.00116261568780226 231949946 232047155 97209
2 1324 rs3821063 45784416 1 -0.00116150525997109 45765157 45784416 19259
2 607 rs17620259 19908539 1 -0.00115682149407528 19900689 19908539 7850
2 4070 rs11896469 176680246 1 0.00115554118920219 176680246 176693074 12828
2 924 rs1455974 33080673 2 0.0011533513825936 33080659 33083649 2990
2 4557 rs4429453 205759917 2 0.00115323739917459 205759917 205764917 5000
2 5225 rs4973369 231882097 1 -0.00115279567420591 231874587 231882097 7510
2 1681 rs1947668 57863670 1 0.0011498915146616 57859236 57863670 4434
2 2878 rs7608411 121164027 1 -0.00114558527703173 121154330 121164027 9697
2 4983 rs1347630 223427854 1 0.00114051977058894 223427854 223477160 49306
2 469 rs1568282 15066177 1 0.00113433130004265 15059183 15076201 17018
2 947 rs604394 33657837 1 0.00113405190713749 33657837 33657837 0
2 5495 rs2028192 240518771 1 -0.00113266581827333 240517194 240518771 1577
2 5334 rs6718805 235638698 2 -0.00113191208060585 235635006 235642969 7963
2 3315 rs1864277 141656433 1 0.00112998074530937 141655736 141659527 3791
2 5354 rs11694206 236080213 1 0.00112855448411207 236075756 236085432 9676
2 2196 rs7606396 78699428 4 -0.00112590340624056 78664372 78717961 53589
2 3591 rs1940268 154436735 1 0.00112551053052583 154436676 154479664 42988
2 5074 rs974412 226636274 1 0.00112513744661986 226629084 226661758 32674
2 3683 rs2528611 159560048 2 -0.00112250432607618 159545306 159567817 22511
2 1608 rs4129261 54706092 2 0.00112149658049006 54703979 54714119 10140
2 2903 rs2250092 121992921 1 0.0011211476479813 121981608 121992921 11313
2 1713 rs17049939 59348944 2 0.00111673368147388 59344469 59359631 15162
2 4374 rs2357645 194247107 1 0.00111423768718302 194247107 194247107 0
2 1486 rs4971675 50660985 1 0.00111245260431338 50659515 50668760 9245
2 2516 rs6735786 103770238 1 -0.00111188189677356 103770238 103770238 0
2 2923 rs10496579 123099093 2 0.00110894856215718 123092005 123122558 30553
2 804 rs7586033 28892960 1 0.00110700168576314 28866867 28892960 26093
2 4052 rs12611955 175591073 1 -0.00110552697955022 175591073 175591073 0
2 801 rs12993525 28818931 1 0.00110462533978735 28818931 28818931 0
2 4128 rs79399438 179325816 1 -0.00110413660659029 179287834 179325816 37982
2 5006 rs4674761 224071098 1 -0.00110266353495293 224062277 224081654 19377
2 1723 rs7606152 59586372 1 -0.00110069189599495 59586372 59586372 0
2 4226 rs1561369 183702964 1 -0.001098714040564 183702964 183703336 372
2 4543 rs6750362 205219203 1 -0.00109569744874302 205204850 205219203 14353
2 1503 rs6749209 51238652 2 -0.00109413535841673 51226834 51303910 77076
2 4039 rs979052 175004863 2 -0.00109077573046935 174959554 175004863 45309
2 1411 rs10490303 48039484 1 0.00108999155297156 48039484 48039484 0
2 3704 rs7574420 160695800 2 0.00108672818092629 160690656 160701224 10568
2 2587 rs6732799 106401954 2 -0.00108464706560751 106401954 106420403 18449
2 1384 rs6753628 47217094 1 0.00108338985347954 47217094 47228157 11063
2 4526 rs10932019 204628810 3 0.00108249168396046 204627793 204648661 20868
2 1757 rs10189857 60713235 3 -0.00108208953445337 60713235 60720757 7522
2 3348 rs7558916 142533719 1 0.00108123515096939 142530120 142533965 3845
2 2087 rs627152 75042972 3 0.00107676021074116 75041874 75047206 5332
2 974 rs1425021 34313003 1 0.0010761537233541 34309555 34313003 3448
2 1065 rs11124542 36994439 1 0.00107408203688178 36994439 36994439 0
2 2252 rs544483 80213680 1 -0.00107157309443789 80213680 80213680 0
2 1948 rs6546439 69039742 2 0.00106461403620242 69036013 69049941 13928
2 4568 rs10932099 206058350 1 -0.00106093844034697 206056852 206059325 2473
2 4104 rs13001694 178118990 1 0.00105716858270762 178113484 178118990 5506
2 3235 rs10490734 138012183 1 -0.0010550435579953 138012183 138050346 38163
2 5364 rs10196107 236301786 2 -0.00104757187660457 236300507 236301786 1279
2 3788 rs16849871 165730246 1 -0.00104101223025707 165730246 165730246 0
2 691 rs3738876 23102550 1 0.00103939274912414 23102550 23106030 3480
2 1500 rs17571325 51123048 1 -0.00103912963335588 51120881 51125058 4177
2 2378 rs2919851 88391890 3 0.00103664648564554 88389761 88397806 8045
2 2507 rs6708609 103232093 1 0.00103412410784441 103205175 103235312 30137
2 297 rs4627537 9459406 2 0.00103379522815761 9422526 9459986 37460
2 326 rs10929646 10385097 1 -0.00103078013092634 10385097 10385097 0
2 1806 rs12999721 64407710 2 -0.00103044822421167 64401060 64407710 6650
2 3310 rs16844617 141500692 1 0.00102947474267044 141471725 141504719 32994
2 3455 rs7576755 148310480 1 0.00102922056761501 148304568 148311124 6556
2 2849 rs2278590 119735251 1 0.00102675559200723 119710400 119742865 32465
2 2357 rs11126997 85949396 1 0.00102395699911037 85941074 85949396 8322
2 5390 rs4663650 237415521 1 0.00101838372469503 237415521 237433532 18011
2 1932 rs3732042 68519877 1 0.00101790485009054 68519877 68519877 0
2 2043 rs2901028 72111683 1 -0.00101750799552333 72111155 72111683 528
2 3259 rs7577825 139144543 2 -0.00101340555771692 139144543 139186297 41754
2 3916 rs6433120 170303507 1 -0.00100804328416166 170303507 170306991 3484
2 1394 rs815804 47382342 1 0.00100325340312882 47378611 47387187 8576
2 4872 rs61745748 218758200 1 -0.00100232406419544 218754326 218758200 3874
2 4975 rs12620338 223064768 1 -0.00100146303971595 223051502 223085955 34453
2 4205 rs10175898 182603382 2 0.00100037622129826 182581492 182603382 21890
2 3929 rs10497352 170955771 1 9.963077286467524e-4 170947923 170955771 7848
2 3679 rs2193707 159320951 2 -9.888526543492644e-4 159312733 159397428 84695
2 5109 rs7577732 228098933 1 9.72466586398247e-4 228098933 228103702 4769
2 1159 rs918050 40419670 1 -9.708349541760834e-4 40413542 40425962 12420
2 2899 rs4488664 121925398 1 9.70229816001487e-4 121925398 121925398 0
2 2056 rs653220 72707874 1 -9.567234394049116e-4 72560841 72749995 189154
2 3327 rs300400 142024997 1 -9.548197904373988e-4 142010268 142032648 22380
2 5388 rs10184445 237189869 3 -9.547459503386668e-4 237189869 237193052 3183
2 3125 rs61995744 133542574 1 -9.539104978082674e-4 133533325 133543872 10547
2 3871 rs7584694 169087090 1 9.529430959501408e-4 169074972 169087090 12118
2 4736 rs12473610 213192198 1 -9.458792326469036e-4 213183696 213192660 8964
2 2947 rs12619549 124179505 1 -9.392919555609516e-4 124179505 124269785 90280
2 2175 rs4337498 77857564 2 9.377341306089806e-4 77848881 77857764 8883
2 4411 rs2305566 197172538 1 9.350490766535188e-4 197169190 197175948 6758
2 988 rs1527616 34909001 1 -9.30256372680394e-4 34905328 34915314 9986
2 2909 rs12479320 122117738 1 9.289248140895862e-4 122117738 122216663 98925
2 2525 rs17029131 104421073 1 9.248116643952528e-4 104421073 104421572 499
2 1688 rs10496085 58230446 3 9.185747618459312e-4 58212839 58237076 24237
2 1508 rs10490152 51451120 1 9.173578358436932e-4 51451120 51492867 41747
2 3567 rs11692707 153649490 1 9.170944736335174e-4 153622532 153649490 26958
2 3075 rs10196948 130111979 1 9.159382492410884e-4 130111979 130130648 18669
2 5299 rs765900 234806833 1 -9.148200632817556e-4 234806833 234829900 23067
2 301 rs1048610 9634856 1 9.145891814991204e-4 9630231 9634856 4625
2 1914 rs12713604 67993265 2 -9.1282423211582e-4 67990407 68003733 13326
2 262 rs968763 8028725 1 -9.108539934255184e-4 8028725 8028725 0
2 1308 rs17032979 45300029 1 -9.105779472382608e-4 45297576 45300029 2453
2 3961 rs17283355 172077598 1 -9.077229641302553e-4 172077598 172082579 4981
2 2738 rs11694541 114509074 2 9.041666243697348e-4 114493315 114529665 36350
2 3835 rs10183769 167661550 4 -9.04030339809561e-4 167650494 167671649 21155
2 4910 rs1477511 220621838 2 8.992671200135737e-4 220621838 220632013 10175
2 3941 rs7561268 171256597 1 -8.966952849010652e-4 171256597 171258964 2367
2 2690 rs3789078 111797679 1 8.93242151161374e-4 111789092 111797679 8587
2 3200 rs7575493 136420009 1 8.91139575864075e-4 136393157 136420009 26852
2 2670 rs11123741 109941554 3 -8.909230208833494e-4 109931911 109942206 10295
2 3831 rs4667514 167393816 1 -8.904938629318712e-4 167377978 167401890 23912
2 2759 rs12472049 115557174 1 8.89948429429132e-4 115546549 115560289 13740
2 1636 rs11125589 55941440 2 8.839933440892851e-4 55902395 55941440 39045
2 1332 rs884399 45982925 1 -8.804822218014604e-4 45981111 45983518 2407
2 1230 rs13033481 42748348 1 -8.796065614993829e-4 42748348 42773875 25527
2 4173 rs7560050 181015276 1 -8.790362142683569e-4 181002168 181016133 13965
2 210 rs13384785 6375910 3 8.779001703049425e-4 6375516 6380352 4836
2 3540 rs6711382 152531077 2 -8.770034208675984e-4 152499143 152539550 40407
2 2800 rs333852 117973154 2 8.768190040619674e-4 117973154 117973154 0
2 4442 rs11893616 199167804 1 -8.76566611461397e-4 199166382 199169515 3133
2 2436 rs4850915 100462110 3 -8.760649437405564e-4 100377321 100462110 84789
2 4553 rs10490273 205626400 2 -8.733633377901897e-4 205623306 205639924 16618
2 494 rs4669003 15962856 1 -8.692706551292432e-4 15962856 15962856 0
2 2262 rs2862024 80456138 1 -8.692188254512071e-4 80453570 80470464 16894
2 3841 rs16853128 168036615 2 8.686825073704583e-4 167991933 168046215 54282
2 333 rs1420107 10521719 1 -8.682389526264887e-4 10516429 10524780 8351
2 2898 rs6709558 121886826 2 -8.659274986203829e-4 121883746 121886826 3080
2 709 rs1530046 23623283 1 -8.566095714249607e-4 23615027 23623283 8256
2 4597 rs6735654 206825955 1 -8.559663281930363e-4 206822533 206825955 3422
2 2773 rs7606086 116249606 1 -8.541956237392773e-4 116212878 116307108 94230
2 907 rs1366814 31628705 1 8.539980557192557e-4 31628705 31630867 2162
2 1718 rs12467050 59517182 1 -8.539459182643463e-4 59511950 59517986 6036
2 4537 rs2194766 205054059 1 8.536382317725695e-4 205054059 205054059 0
2 3398 rs3806479 144766736 1 -8.525928105644313e-4 144766736 144778518 11782
2 2652 rs5008103 109000112 1 8.525382109598224e-4 108995325 109012055 16730
2 2769 rs4849390 116029766 3 8.503299822392369e-4 116014077 116049977 35900
2 4846 rs16856888 217930669 2 8.475363424610427e-4 217930669 217938519 7850
2 664 rs10197693 21473751 1 -8.434519643281419e-4 21473385 21473856 471
2 885 rs4952192 31122598 1 8.419168937710697e-4 31118058 31122598 4540
2 1281 rs12622038 44339612 1 -8.411946127171102e-4 44339612 44342583 2971
2 1858 rs12233229 66170081 1 8.411439700695371e-4 66142233 66177065 34832
2 3490 rs1196678 150342476 1 8.39150351445506e-4 150342476 150373254 30778
2 4531 rs3116536 204834613 1 8.390561755142892e-4 204824324 204837629 13305
2 3211 rs16834638 137265745 4 -8.36729825363579e-4 137263270 137304516 41246
2 5196 rs11687292 231099204 1 -8.32226023992403e-4 231099170 231111422 12252
2 789 rs13411730 28605588 1 8.322124087237696e-4 28605588 28607344 1756
2 3876 rs2123194 169204903 1 8.291937956765643e-4 169199695 169205599 5904
2 1719 rs6713914 59523041 1 -8.287947782610782e-4 59521044 59524395 3351
2 1221 rs7591141 42353031 1 -8.264619814046744e-4 42350487 42353031 2544
2 973 rs17339077 34305524 1 -8.212706632098734e-4 34302743 34305791 3048
2 5441 rs4663795 238733016 1 8.193616876137821e-4 238731931 238746880 14949
2 1316 rs870575 45503260 2 -8.191899536475189e-4 45503260 45506771 3511
2 2904 rs2713207 122007858 1 8.185003253460115e-4 122003073 122007858 4785
2 2240 rs6751684 80023852 1 -8.150836320070489e-4 80023852 80035372 11520
2 4112 rs3770016 178540293 2 -8.146181319161203e-4 178540293 178545934 5641
2 802 rs4666111 28838795 2 8.119475265048199e-4 28820641 28840691 20050
2 2165 rs12151596 77581832 2 8.105334458556037e-4 77581832 77581832 0
2 360 rs10495577 11123515 1 8.103063754389579e-4 11120801 11126753 5952
2 1676 rs10211664 57581445 3 -8.101371701349636e-4 57574704 57581445 6741
2 4193 rs4233796 182088349 2 -8.042330523706498e-4 182088349 182088349 0
2 5101 rs2272205 227915924 1 -8.040018222444508e-4 227908665 227925991 17326
2 1402 rs4422207 47564034 1 8.034311124249842e-4 47564034 47564034 0
2 958 rs13387317 33959349 1 8.034187305472533e-4 33959349 33977878 18529
2 438 rs1588477 13892092 2 -8.023674032303326e-4 13810106 13892092 81986
2 2648 rs77468019 108926025 1 8.022303764315822e-4 108910751 108926033 15282
2 5483 rs11124194 240290494 1 -8.00371560995e-4 240279945 240290494 10549
2 3615 rs1835154 155496698 1 8.003499179508678e-4 155474355 155496698 22343
2 2945 rs6744585 123963717 1 8.002289003549466e-4 123954518 123986599 32081
2 2200 rs1402675 78843902 1 -7.995109444377143e-4 78843902 78843902 0
2 773 rs1275513 27370970 1 7.96423657461236e-4 27370970 27384579 13609
2 4265 rs12618471 186861063 2 7.912139584987123e-4 186807268 186865606 58338
2 3171 rs4954106 134840155 1 7.894781768750315e-4 134840155 134848764 8609
2 3119 rs12616464 133351703 1 -7.866341168887214e-4 133351703 133351703 0
2 4768 rs9288488 214956551 3 -7.856009615925878e-4 214956551 214993997 37446
2 952 rs12478596 33784371 2 7.84312927731499e-4 33775665 33784371 8706
2 4887 rs992157 219154781 4 -7.836156493060555e-4 219128506 219184872 56366
2 1094 rs2565640 38101439 1 7.788128327409013e-4 38101137 38115194 14057
2 3723 rs7574698 161631419 1 7.776581872340139e-4 161604269 161637237 32968
2 5090 rs1846861 227359131 2 -7.745241598277471e-4 227359131 227372171 13040
2 4571 rs10490297 206118484 2 -7.685267074501625e-4 206118484 206125313 6829
2 3413 rs12691702 145764746 1 7.675538945912904e-4 145759899 145770621 10722
2 1030 rs4670527 36304629 4 -7.672463940781547e-4 36296574 36304861 8287
2 1818 rs888527 64713532 1 -7.666371768491767e-4 64713532 64713532 0
2 3155 rs1992784 134491266 2 -7.646387464794396e-4 134473174 134507165 33991
2 100 rs1729917 2912305 1 7.634520220224497e-4 2908338 2926983 18645
2 315 rs3828260 10094442 1 -7.632381934041996e-4 10094442 10101669 7227
2 3545 rs12618445 152806958 2 -7.609273963904463e-4 152794904 152806958 12054
2 4292 rs12999094 188838592 1 7.583796290871178e-4 188814444 188838592 24148
2 3945 rs934861 171340688 1 -7.581797225412526e-4 171340688 171340688 0
2 2723 rs2197578 113790553 1 -7.571474892385786e-4 113790553 113800049 9496
2 4893 rs16859180 219553468 2 -7.542808967339648e-4 219541056 219623504 82448
2 1624 rs17046586 55231928 2 7.508158652099624e-4 55231841 55265785 33944
2 846 rs6747958 30057570 1 -7.498031106228911e-4 30048149 30057570 9421
2 5317 rs772783 235241961 1 -7.420116539962019e-4 235241961 235241961 0
2 1965 rs6546497 69527166 1 -7.415658294644271e-4 69527166 69527166 0
2 1739 rs4672333 60191297 4 7.41358685117656e-4 60178342 60215475 37133
2 2107 rs10174772 75560096 2 7.404154183403278e-4 75541243 75561691 20448
2 4519 rs10755019 203555828 4 7.39105316930487e-4 203520272 203602207 81935
2 3805 rs2175990 166386181 1 -7.384510840404373e-4 166369795 166396406 26611
2 2221 rs10192881 79562010 1 7.354768467533029e-4 79562010 79562010 0
2 5182 rs13393112 230488467 1 -7.331922999936259e-4 230488467 230490076 1609
2 542 rs7578070 17911847 4 7.326757538700407e-4 17834754 17967586 132832
2 754 rs79413730 26534872 2 7.325512063907331e-4 26532443 26536727 4284
2 4198 rs1449263 182319301 1 7.307903067813466e-4 182308352 182319301 10949
2 3301 rs34488772 141242918 2 7.295995831643466e-4 141237995 141242918 4923
2 2958 rs1881793 124917657 1 -7.248457960161296e-4 124909452 124917657 8205
2 1216 rs988958 42287306 1 7.23825509207962e-4 42276921 42287306 10385
2 419 rs890074 12910084 1 7.22898121436048e-4 12910084 12910084 0
2 562 rs13390392 18404520 1 7.209741604448988e-4 18402432 18427836 25404
2 407 rs10211429 12579179 3 7.183269348995638e-4 12576670 12581267 4597
2 4229 rs3748884 184024190 1 7.104991191533425e-4 183997443 184036486 39043
2 1902 rs1552357 67712269 1 -7.069159621035172e-4 67705080 67712269 7189
2 4775 rs12467438 215394416 1 -7.021411769689389e-4 215381996 215394416 12420
2 3801 rs13385399 166269095 1 6.960926667034899e-4 166260790 166278856 18066
2 2667 rs12611726 109820664 1 -6.953512406242762e-4 109807719 109820664 12945
2 4689 rs918233 211376416 1 6.951191107699474e-4 211354027 211404035 50008
2 791 rs1396733 28642747 1 -6.950706160793599e-4 28642747 28642747 0
2 2449 rs17024489 101143716 1 -6.936548344554207e-4 101100231 101143716 43485
2 4113 rs6433691 178551958 1 6.899405552880047e-4 178551958 178551958 0
2 1641 rs3791679 56096892 1 -6.896807338884958e-4 56082610 56096892 14282
2 5295 rs10185631 234740490 1 6.890346491890414e-4 234740490 234741808 1318
2 1342 rs10201568 46125865 1 6.88405151500554e-4 46115025 46125971 10946
2 4670 rs2886188 210000798 1 6.855978383164313e-4 209963585 210000798 37213
2 4947 rs9808155 221927852 3 6.852373367156942e-4 221927852 221948730 20878
2 550 rs13403883 18149931 2 6.819751389832051e-4 18147893 18159769 11876
2 2726 rs17042888 113862173 1 -6.788146459547637e-4 113840014 113869843 29829
2 809 rs4666157 29196785 1 -6.712392956382824e-4 29196785 29196785 0
2 231 rs1876105 6947587 1 -6.699729939796287e-4 6947587 6951030 3443
2 3956 rs3791853 171695070 1 -6.670719157819791e-4 171695070 171702480 7410
2 3249 rs964203 138655271 6 -6.660213999192832e-4 138624319 138655271 30952
2 2856 rs11680207 119928438 1 -6.641777917217486e-4 119920455 119928438 7983
2 779 rs13030973 27928797 3 -6.613082605278352e-4 27874563 27951658 77095
2 4254 rs11901504 185785610 3 6.610214433740763e-4 185735599 185785610 50011
2 133 rs4850000 3918124 1 -6.59293180578857e-4 3918124 3918124 0
2 1947 rs4854457 69029707 1 -6.59285517242947e-4 69029707 69029707 0
2 406 rs10929808 12568996 1 6.57971833918425e-4 12548283 12568996 20713
2 5330 rs1526117 235549882 1 -6.55517814954296e-4 235539546 235550321 10775
2 529 rs2341504 17156703 1 -6.551977926785694e-4 17156703 17167995 11292
2 3949 rs10191600 171476133 1 6.530712524460991e-4 171476133 171476133 0
2 354 rs1882646 11031788 1 6.518789720781614e-4 11031548 11033567 2019
2 380 rs10191977 11881039 1 -6.496832824034681e-4 11881039 11881039 0
2 2025 rs34999029 71740897 1 6.494218331814043e-4 71740897 71740897 0
2 2412 rs11899171 98436208 1 -6.465497695936876e-4 98424286 98561153 136867
2 543 rs1812706 17973097 2 -6.431817177187308e-4 17973097 17981684 8587
2 3011 rs6736203 127430211 1 6.425983264812189e-4 127430211 127431312 1101
2 114 rs13393791 3260066 1 6.393962902615966e-4 3249933 3260066 10133
2 44 rs9678469 1427107 1 6.387335842266413e-4 1427107 1432564 5457
2 4945 rs7587424 221906696 1 -6.383346411457078e-4 221897060 221908044 10984
2 2406 rs4907254 97549668 1 6.382714095382088e-4 97549668 97549668 0
2 1838 rs7604944 65546422 1 -6.380773584982515e-4 65546422 65548507 2085
2 250 rs3910069 7554772 1 -6.374148660273879e-4 7537486 7554772 17286
2 3694 rs7591849 160112881 1 -6.350887505828539e-4 160072555 160137738 65183
2 2454 rs1028045 101321075 1 -6.343270881036973e-4 101321075 101337982 16907
2 2935 rs17008648 123538727 1 6.333917756675986e-4 123524253 123538727 14474
2 1352 rs7604415 46373529 1 -6.303371339376163e-4 46372174 46373529 1355
2 3588 rs13430459 154369594 1 6.297760636936838e-4 154348863 154369594 20731
2 328 rs7556858 10402632 1 6.293810600705876e-4 10402632 10402632 0
2 2915 rs7567579 122578292 1 -6.273543140038204e-4 122578292 122578292 0
2 507 rs1567965 16378972 1 6.246596881985002e-4 16378972 16378972 0
2 5218 rs10182071 231709953 2 -6.232481164326346e-4 231709953 231711860 1907
2 4204 rs2950650 182565643 2 6.228975905250435e-4 182553659 182572502 18843
2 826 rs4666195 29520455 1 6.220753987791053e-4 29513501 29520455 6954
2 59 rs6751762 1787933 1 -6.187311117548508e-4 1786200 1787933 1733
2 3140 rs13427795 133901426 2 6.136246925277891e-4 133901426 133929269 27843
2 4972 rs10932941 222986114 1 -6.11392832966166e-4 222986114 222986114 0
2 4704 rs11900493 212075184 1 -6.108461902345565e-4 212075184 212107637 32453
2 4703 rs10168717 212042309 4 -6.088895065203218e-4 212036651 212047120 10469
2 5389 rs2046284 237238496 3 6.083414916941264e-4 237233920 237242097 8177
2 478 rs10179288 15310820 1 6.081206044800235e-4 15310820 15342428 31608
2 3102 rs6715179 131623166 1 6.071825407954305e-4 131623166 131623166 0
2 4661 rs6757684 209383839 1 6.040188986328283e-4 209334978 209383839 48861
2 3242 rs7563139 138324663 3 6.037545823064763e-4 138319054 138332365 13311
2 5498 rs920247 240618610 1 -5.983951547336112e-4 240618118 240618610 492
2 2742 rs7577695 114739110 2 -5.983186458435956e-4 114739110 114754877 15767
2 943 rs9678322 33563575 1 -5.980592811671052e-4 33541702 33563575 21873
2 4217 rs11894978 183227222 1 -5.979703132661712e-4 183227222 183246074 18852
2 5341 rs11681769 235730405 1 -5.979430426582498e-4 235730405 235730405 0
2 3619 rs985092 155629561 1 -5.973622122884972e-4 155629561 155629561 0
2 433 rs12618935 13684367 4 -5.972434170157465e-4 13681063 13685707 4644
2 4946 rs1025586 221920025 1 -5.953986281705228e-4 221911402 221924429 13027
2 3561 rs11892232 153358329 1 5.917489932577902e-4 153351829 153366129 14300
2 593 rs851317 19423988 1 -5.889578827532843e-4 19378518 19456196 77678
2 2201 rs13030590 78878109 1 5.883313682436601e-4 78859874 78900269 40395
2 1129 rs61757604 39095403 2 5.825182786444657e-4 39082344 39135927 53583
2 4821 rs6739597 217173897 1 -5.794740723744521e-4 217160363 217173897 13534
2 1709 rs7586333 59183439 2 -5.78926769348129e-4 59183439 59183439 0
2 5226 rs6748332 231914845 1 -5.74422750520201e-4 231913056 231914845 1789
2 177 rs792068 5600812 2 -5.699888037146372e-4 5600812 5612893 12081
2 1726 rs2540102 59747106 1 -5.69075124087833e-4 59745743 59750886 5143
2 5029 rs7602990 224877511 2 5.643727968726634e-4 224877511 224887340 9829
2 7 rs12475610 391781 1 -5.643147922863684e-4 391781 391781 0
2 1845 rs1673459 65810588 1 5.635862675642356e-4 65810588 65838854 28266
2 2853 rs10496555 119879588 1 5.616046353103193e-4 119879588 119883331 3743
2 535 rs13020891 17451733 3 -5.606392602529541e-4 17444450 17453968 9518
2 722 rs17763463 24256071 2 5.587309645834102e-4 24244603 24256071 11468
2 3971 rs2356791 172428729 1 -5.575224924641641e-4 172424963 172428729 3766
2 1349 rs3768760 46319124 1 5.57419892051053e-4 46319124 46319124 0
2 185 rs16864085 5875648 2 -5.543275747484235e-4 5875648 5878277 2629
2 3965 rs3795998 172338194 4 5.533784464441506e-4 172338194 172353787 15593
2 4431 rs10931779 198166825 1 5.520000837432937e-4 198148767 198166825 18058
2 5210 rs13405308 231433237 1 -5.48925936858684e-4 231427877 231434272 6395
2 5403 rs1000007 237752054 1 -5.46599496403459e-4 237740508 237752054 11546
2 4017 rs1007833 174243438 1 -5.448364763970909e-4 174243438 174247919 4481
2 2707 rs6542047 113021811 2 5.446142081555553e-4 113014605 113067622 53017
2 541 rs1519473 17770095 2 -5.443145889198549e-4 17770095 17778129 8034
2 3842 rs6432983 168062531 2 -5.40126893314855e-4 168062531 168066066 3535
2 2388 rs1258429 88648331 5 5.400757871196361e-4 88615224 88648331 33107
2 994 rs7600259 35093293 1 5.38582937933259e-4 35093293 35093293 0
2 5212 rs4972964 231477223 1 5.367718262467286e-4 231477223 231479012 1789
2 1559 rs1549749 53052480 1 5.313620717640976e-4 53039770 53058194 18424
2 701 rs1375868 23417678 1 -5.294426663635862e-4 23402458 23431273 28815
2 521 rs10514636 16827463 1 -5.292049021846074e-4 16827463 16827463 0
2 5401 rs1897464 237698676 1 5.287474637868035e-4 237698676 237708511 9835
2 3390 rs938815 144371604 1 -5.280409757370617e-4 144371604 144371604 0
2 2130 rs6547037 76109411 1 -5.253551345236805e-4 76109228 76144949 35721
2 733 rs1865687 25112885 5 -5.238642038335162e-4 25103108 25135620 32512
2 3808 rs1013666 166498064 1 -5.228045748130553e-4 166491207 166503040 11833
2 3695 rs174240 160164716 3 5.191790070825735e-4 160164187 160190209 26022
2 4322 rs785248 191029604 1 5.183189902622541e-4 191020013 191029604 9591
2 4282 rs16829088 188391908 1 -5.179717879418746e-4 188390112 188391908 1796
2 1236 rs2278581 43020914 2 5.12136435367992e-4 43010739 43021749 11010
2 3813 rs13400882 166688858 1 -5.119251163131862e-4 166658586 166714081 55495
2 2894 rs1187936 121669113 1 5.114686864180047e-4 121668836 121669113 277
2 1374 rs10167561 46968051 2 5.11251033017445e-4 46929873 46968051 38178
2 1131 rs2060989 39293530 1 -5.104657082237203e-4 39293530 39305489 11959
2 4144 rs12992925 179860406 1 -5.099711023299404e-4 179860406 179866426 6020
2 4685 rs1396829 211189875 1 5.095873008157668e-4 211186894 211189875 2981
2 3557 rs16831021 153238858 1 -5.084793633749052e-4 153235837 153242179 6342
2 3164 rs873971 134714647 4 -5.084519577069427e-4 134714647 134719933 5286
2 5242 rs3856544 232714559 2 5.074626425754377e-4 232635146 232718088 82942
2 2729 rs315957 113901313 1 -5.068385741085033e-4 113899025 113901313 2288
2 3057 rs11684311 129483795 1 5.048839078873343e-4 129478842 129488506 9664
2 717 rs6712940 23834096 1 -5.030731099608214e-4 23817398 23838148 20750
2 5057 rs396567 225936588 1 -5.015503813930157e-4 225916238 225938996 22758
2 318 rs4073397 10162037 2 -5.012538588762661e-4 10156725 10162037 5312
2 3389 rs10803495 144352350 2 -5.002279626235373e-4 144347994 144352350 4356
2 3639 rs6705303 156913082 1 -4.992485026935132e-4 156913082 156926222 13140
2 4673 rs935405 210222004 2 -4.939719694997328e-4 210170216 210223378 53162
2 575 rs10191044 18716201 1 4.925613298634625e-4 18713455 18717487 4032
2 2238 rs7592956 79992038 1 4.918433265351287e-4 79982689 79992038 9349
2 5089 rs12469727 227301483 1 -4.841301413240468e-4 227259267 227301483 42216
2 5557 rs2240547 242069342 2 -4.8387511715523336e-4 242068968 242069342 374
2 2213 rs10206626 79319089 3 4.827702576832277e-4 79300515 79319089 18574
2 225 rs7560214 6727808 2 -4.823056978438236e-4 6723895 6773920 50025
2 4309 rs6717231 189896170 1 4.7859550407392416e-4 189884587 189940142 55555
2 817 rs75276619 29295186 1 4.785322367483518e-4 29295186 29295866 680
2 4264 rs1016410 186651381 1 4.7829658542636495e-4 186602952 186674486 71534
2 62 rs4073401 1845843 2 4.7549739834016274e-4 1842774 1845843 3069
2 2370 rs13401223 86571415 1 -4.716088049930455e-4 86571415 86588234 16819
2 3898 rs486981 169782149 2 4.680279957863612e-4 169779156 169802594 23438
2 662 rs925864 21451176 1 4.6673431702158006e-4 21438863 21451176 12313
2 3278 rs10205939 140211435 1 4.635482705529356e-4 140197053 140235838 38785
2 4444 rs12477557 199236870 1 4.634351984796138e-4 199206396 199236870 30474
2 339 rs1405950 10661047 2 -4.626285529781336e-4 10654259 10661047 6788
2 3132 rs16843961 133700371 2 4.57755012034311e-4 133700371 133708257 7886
2 3626 rs16839226 156404781 1 4.577035117667969e-4 156404781 156404781 0
2 5204 rs1427283 231282791 1 4.559388732837277e-4 231282791 231289976 7185
2 3783 rs12328675 165540800 3 4.556707284647071e-4 165501849 165551404 49555
2 1922 rs2902042 68123993 1 -4.5438963173671337e-4 68121443 68138786 17343
2 2342 rs2043229 85483003 2 -4.5376132492116344e-4 85480422 85492391 11969
2 1738 rs17050495 60155276 2 4.527643656912481e-4 60135937 60160790 24853
2 1153 rs11898088 40297772 1 -4.502531165109326e-4 40297282 40322900 25618
2 2170 rs1922806 77695496 1 -4.5004909106341224e-4 77695496 77695496 0
2 3668 rs13402015 158807915 1 -4.498844039242324e-4 158806438 158814337 7899
2 3677 rs6746288 159170978 2 -4.492746846787744e-4 159160404 159228591 68187
2 3241 rs10496773 138289249 1 4.485316913090868e-4 138283751 138310150 26399
2 5337 rs13008181 235680447 1 4.4448287004155134e-4 235680447 235680447 0
2 2279 rs17019859 81125236 1 -4.435810957575638e-4 81102264 81129793 27529
2 4227 rs4427983 183785598 1 -4.429729510026808e-4 183780408 183900752 120344
2 3566 rs1962313 153564230 1 4.421739482673161e-4 153507483 153575305 67822
2 3283 rs4954663 140559497 1 -4.4094414119485553e-4 140494388 140559497 65109
2 1024 rs2968602 36139951 1 -4.4088902481342494e-4 36132138 36140364 8226
2 1117 rs10175260 38659657 1 -4.37278415189298e-4 38659657 38665338 5681
2 4818 rs207922 217031509 2 4.3493355978569727e-4 217031328 217070376 39048
2 146 rs1453593 4477774 1 -4.347597259749912e-4 4477774 4477774 0
2 5192 rs3948463 231036860 1 -4.3360032473585065e-4 231035575 231038910 3335
2 2376 rs6709175 87108211 1 -4.316295874642863e-4 87108211 87108211 0
2 5419 rs36117715 238262021 1 4.278911328839427e-4 238262021 238265531 3510
2 5438 rs3769080 238641521 2 4.2556151231336e-4 238640263 238641521 1258
2 3056 rs3843310 129441341 1 -4.2534976139651864e-4 129427325 129441341 14016
2 2457 rs10166048 101395850 1 4.245175714961873e-4 101395850 101409898 14048
2 5316 rs2176652 235209416 1 -4.236562952699317e-4 235204421 235209416 4995
2 143 rs17019005 4351869 1 4.2295677506538535e-4 4325172 4353141 27969
2 5175 rs6712266 230272648 1 4.217642842264053e-4 230272648 230278731 6083
2 3290 rs7607195 140714614 1 -4.2090017538587925e-4 140714614 140735843 21229
2 1370 rs1376406 46812338 1 -4.2081957544054543e-4 46812338 46850571 38233
2 2622 rs17033552 107554490 1 4.1919284558795104e-4 107554490 107554490 0
2 3996 rs2293645 173366960 1 4.171986918576578e-4 173352103 173378145 26042
2 2273 rs11126770 80770849 1 4.150576686839264e-4 80770849 80770849 0
2 5231 rs6719593 232198327 1 4.1492699387560294e-4 232198327 232198327 0
2 4210 rs1921151 182993609 1 -4.125261273682546e-4 182959449 182993609 34160
2 4501 rs11300 202565570 2 4.1221243802956614e-4 202561571 202594197 32626
2 4615 rs6435354 207701151 2 4.112935565950062e-4 207689161 207711974 22813
2 4832 rs1525608 217493755 1 -4.051014074106718e-4 217493755 217493755 0
2 776 rs780104 27677691 3 -4.016232019355265e-4 27587724 27715416 127692
2 1259 rs4372955 43566146 1 4.002434547850216e-4 43553949 43566146 12197
2 518 rs10206736 16751119 1 3.9952611421349097e-4 16751119 16752999 1880
2 2151 rs4853269 76972429 1 -3.9746329239359016e-4 76957370 76972429 15059
2 613 rs7604613 19989521 1 3.9740553343985233e-4 19988877 19990204 1327
2 2491 rs13020571 102658632 1 -3.966452286074698e-4 102658632 102662888 4256
2 4130 rs72646809 179472223 1 3.963547524211828e-4 179472223 179558366 86143
2 4998 rs1371648 223872815 1 -3.960277549624394e-4 223872737 223872815 78
2 5041 rs2042086 225222900 1 3.945855581339683e-4 225207978 225224042 16064
2 768 rs72850602 27094076 1 3.944799681149601e-4 27070362 27094076 23714
2 5335 rs7588886 235659902 1 -3.944003508962399e-4 235656278 235659902 3624
2 5374 rs4233623 236590828 1 -3.943406150244181e-4 236566346 236590828 24482
2 2350 rs908307 85673991 2 -3.916491156001275e-4 85672868 85683099 10231
2 4366 rs13008224 192989148 1 -3.913050934205635e-4 192989148 193001863 12715
2 1039 rs1881779 36494239 1 -3.911325601734697e-4 36493577 36500757 7180
2 4929 rs4674521 221181640 2 -3.9078164381260087e-4 221158425 221189253 30828
2 3652 rs12620493 157622147 2 3.8923233134731785e-4 157598678 157634151 35473
2 5474 rs3791480 240065733 1 -3.8894472966691327e-4 240065356 240066870 1514
2 4468 rs12464998 200893820 1 3.871437677623518e-4 200778866 200893820 114954
2 1429 rs4482537 49052255 1 3.8589043232148407e-4 49035123 49056717 21594
2 4325 rs7592352 191235610 1 3.847984577559831e-4 191224981 191235610 10629
2 4801 rs13034471 216436519 2 -3.8462083341603216e-4 216429439 216436519 7080
2 3800 rs4480996 166207761 1 3.8414853258286166e-4 166207761 166250129 42368
2 3730 rs13391342 161979394 1 -3.838383402504771e-4 161943290 162018643 75353
2 2508 rs4851629 103276384 1 -3.809382350015316e-4 103276384 103276384 0
2 997 rs11124406 35190105 1 3.8069121926270343e-4 35170234 35190105 19871
2 2456 rs6740105 101378095 1 -3.8041932694915504e-4 101376496 101386006 9510
2 5314 rs4663369 235181704 2 -3.8009834003423904e-4 235170697 235188659 17962
2 4400 rs7558133 196690146 1 3.7995964673742547e-4 196659551 196694902 35351
2 3706 rs2666986 160742771 1 3.79754985039558e-4 160738677 160743793 5116
2 1034 rs6717847 36398904 1 -3.788717129991984e-4 36395676 36408593 12917
2 2695 rs11123551 112277340 1 3.78436110271286e-4 112277340 112277492 152
2 4239 rs12993478 184619848 1 -3.7832304807183234e-4 184604111 184633519 29408
2 181 rs16863992 5747177 2 -3.777057848535546e-4 5729629 5754189 24560
2 531 rs7340478 17271133 1 3.768574378121917e-4 17256600 17273229 16629
2 972 rs9308945 34284852 2 -3.756128129081247e-4 34284852 34293505 8653
2 827 rs6708752 29536039 1 -3.7523056360228675e-4 29536039 29536039 0
2 3791 rs6721075 165841197 2 -3.745676118972229e-4 165840077 165841197 1120
2 1357 rs13027413 46479838 1 3.732472849685729e-4 46475797 46479838 4041
2 1076 rs6544066 37543371 1 -3.7267504976318326e-4 37536436 37561357 24921
2 583 rs7562720 19066057 1 -3.706075609103438e-4 19029816 19066057 36241
2 3513 rs13416697 151513311 2 3.701573346769897e-4 151511325 151516631 5306
2 4655 rs6722000 209075957 2 -3.68969572214011e-4 209074635 209075957 1322
2 4308 rs7579312 189882685 2 3.688774293678107e-4 189882685 189882685 0
2 4786 rs1980846 215841891 1 3.68230064552759e-4 215832746 215841891 9145
2 3337 rs6719851 142302196 1 -3.681377802764251e-4 142285767 142302196 16429
2 192 rs2709458 5983436 1 -3.672832089235896e-4 5983436 5989380 5944
2 3156 rs6414015 134513100 1 3.672406405417384e-4 134512727 134535495 22768
2 4749 rs4450544 213756968 1 3.667648915190072e-4 213728381 213759117 30736
2 103 rs12470135 3012947 1 -3.662219881754625e-4 3007972 3012947 4975
2 687 rs2339564 22984176 2 -3.661306256586395e-4 22980155 23003253 23098
2 2609 rs2011347 106907876 1 3.653794988062052e-4 106901623 106909658 8035
2 5324 rs940950 235442524 1 -3.6521899983801945e-4 235442524 235452615 10091
2 3446 rs6759721 147787283 2 3.6478231060939586e-4 147777020 147804074 27054
2 2432 rs12053519 99875018 1 3.64356085512879e-4 99875018 100058870 183852
2 5099 rs16822696 227675755 1 3.634404724464639e-4 227675755 227757333 81578
2 1484 rs1915174 50597915 2 3.612397686142037e-4 50594162 50624071 29909
2 2802 rs4599119 118088281 1 3.595196267361843e-4 118081209 118148460 67251
2 4609 rs13022102 207560721 1 -3.5890380297776977e-4 207557965 207560889 2924
2 349 rs1734383 10984698 2 3.580310071808932e-4 10984698 10985364 666
2 1935 rs3732046 68592315 2 -3.576696130673066e-4 68585819 68602859 17040
2 2728 rs9005 113891412 1 3.5661785711491023e-4 113890304 113892141 1837
2 2596 rs6729693 106589017 1 -3.559717747509645e-4 106584728 106589017 4289
2 884 rs12623781 31112433 1 -3.533309448982341e-4 31112433 31112433 0
2 5163 rs4972886 229964444 1 -3.5239019848492045e-4 229964444 229964444 0
2 4451 rs16830436 199632946 1 3.519830269468122e-4 199627907 199640420 12513
2 803 rs3752899 28856220 2 -3.5170435971560127e-4 28852926 28858359 5433
2 864 rs6740257 30577757 1 -3.492878299583218e-4 30577757 30577757 0
2 5162 rs16825679 229953526 1 3.487872890881627e-4 229944172 229957003 12831
2 3832 rs2218603 167472743 1 -3.47702039583308e-4 167422236 167472743 50507
2 976 rs11899518 34341960 1 3.43351424596689e-4 34341960 34355651 13691
2 5008 rs10445738 224186245 2 -3.4131197663261697e-4 224180509 224193250 12741
2 4532 rs4143803 204866577 1 -3.3911455865603057e-4 204865802 204866577 775
2 4715 rs4672615 212356992 1 3.390063533509303e-4 212355500 212356992 1492
2 569 rs2345835 18574952 2 3.3781436973027854e-4 18574952 18574952 0
2 2315 rs4832367 84228877 3 -3.3671370957996514e-4 84195984 84251001 55017
2 2244 rs2974150 80153996 1 -3.348050968285654e-4 80153996 80155493 1497
2 557 rs2345500 18336799 2 3.2902373804377097e-4 18314546 18336913 22367
2 1134 rs12151392 39512437 1 -3.2773775684232306e-4 39497318 39512437 15119
2 1603 rs17189869 54583542 1 -3.275848606867055e-4 54573489 54587596 14107
2 5141 rs4641927 228950588 1 3.269720918371967e-4 228950588 228950588 0
2 1601 rs10165485 54481636 4 3.2555311805861943e-4 54469283 54485682 16399
2 4181 rs7575156 181438352 2 -3.2465313622764586e-4 181381991 181444035 62044
2 3221 rs10496758 137580234 2 -3.2227755229041977e-4 137580234 137583444 3210
2 2284 rs7581118 81505707 1 -3.212969242393347e-4 81469658 81523033 53375
2 400 rs10202729 12337977 1 3.206155777042815e-4 12327974 12344697 16723
2 2916 rs4848730 122616990 1 3.191138534359943e-4 122608702 122620193 11491
2 4760 rs61752199 214354811 1 -3.179615675163844e-4 214354811 214398363 43552
2 3524 rs1485127 151892897 1 3.163735602311591e-4 151892897 151895088 2191
2 5367 rs2316426 236358786 1 -3.1622336411329135e-4 236358786 236369478 10692
2 2287 rs1435883 81642505 1 -3.1539330875017307e-4 81642505 81690216 47711
2 796 rs4416177 28724704 1 -3.1369453615365955e-4 28723942 28735342 11400
2 2472 rs10207371 101763227 1 3.1227977772135097e-4 101737379 101763227 25848
2 2530 rs2889276 104714131 1 3.1222443043519736e-4 104714131 104714131 0
2 3464 rs4972279 149091754 4 -3.101956362768098e-4 149037012 149159339 122327
2 637 rs342075 20706742 1 3.0977360160010204e-4 20706742 20706742 0
2 4955 rs6737417 222213043 1 -3.0917991318395795e-4 222213043 222223711 10668
2 3296 rs1486969 141043913 1 -3.071220308191076e-4 141032476 141060408 27932
2 4386 rs16830373 195753257 1 3.058438759070615e-4 195753257 195774229 20972
2 2355 rs1124836 85833046 1 -3.051403291093605e-4 85818886 85843348 24462
2 3584 rs6434567 154214176 1 3.044374115333662e-4 154205978 154214176 8198
2 2629 rs4676323 107798128 1 3.0412409695638424e-4 107795527 107798929 3402
2 1926 rs4671863 68190624 1 3.040684894811433e-4 68190624 68210872 20248
2 2122 rs875754 75844833 1 3.022747506266441e-4 75844627 75847704 3077
2 4122 rs438027 179034697 1 3.013161871389536e-4 179029309 179043660 14351
2 5058 rs10498181 225979968 2 -3.0128461195175107e-4 225960921 225979968 19047
2 641 rs11096674 20752612 1 3.0116492551993644e-4 20752612 20752612 0
2 581 rs3890826 18954914 1 3.0072526596753777e-4 18943278 18971405 28127
2 4174 rs16867225 181041286 2 -3.004155993072781e-4 181024926 181042370 17444
2 987 rs10865103 34790535 1 2.972870298625968e-4 34778477 34790535 12058
2 567 rs7580332 18540644 1 2.972393369052446e-4 18539036 18542183 3147
2 2160 rs1176782 77345491 1 2.95904478080432e-4 77345491 77345491 0
2 4208 rs12621807 182856074 2 2.905819095213169e-4 182852282 182856074 3792
2 563 rs1356317 18444258 2 2.905135032512148e-4 18439946 18452346 12400
2 5484 rs843462 240318755 1 2.874519756180628e-4 240318755 240318755 0
2 4642 rs2123294 208848865 1 2.868752302350523e-4 208829527 208874694 45167
2 4311 rs1851104 190294549 2 2.8676578935354696e-4 190171008 190313841 142833
2 3709 rs33985939 160879259 1 2.866372699184065e-4 160873270 160879259 5989
2 4466 rs17445200 200699952 1 2.8641114463659765e-4 200677625 200699952 22327
2 1438 rs1553476 49260314 1 -2.8589189982517003e-4 49249920 49260314 10394
2 2019 rs12478186 71408929 2 2.8496472029071115e-4 71405378 71432288 26910
2 1319 rs6755279 45536858 1 -2.8483070832761e-4 45536858 45543090 6232
2 1796 rs12617373 62831112 2 -2.8479697975570444e-4 62816083 62890171 74088
2 5103 rs10174459 227973193 2 2.8342619271782296e-4 227970914 227973193 2279
2 2546 rs1517862 105300588 2 -2.8329183498125967e-4 105296110 105300588 4478
2 3687 rs12535 159663616 1 2.820040385689114e-4 159663599 159663616 17
2 4564 rs4675490 205942560 1 -2.8167922998885924e-4 205942560 205952511 9951
2 1685 rs17049085 57948003 1 2.81348055653413e-4 57943044 58026655 83611
2 1756 rs1011407 60665768 2 -2.8035026353131717e-4 60641329 60676363 35034
2 2185 rs6719192 78124975 2 -2.7936985703546225e-4 78120305 78124975 4670
2 4115 rs16865645 178561295 1 -2.789262062956382e-4 178561295 178565913 4618
2 1605 rs7565034 54646852 1 2.7646817861982584e-4 54646852 54653111 6259
2 5051 rs1565073 225634693 1 -2.762016681499481e-4 225634693 225634693 0
2 4089 rs6433596 177409147 1 -2.756735771784213e-4 177407821 177414915 7094
2 4062 rs4283390 176451291 1 -2.755293706513281e-4 176445799 176461268 15469
2 2303 rs17022737 83129299 1 2.7476604026542215e-4 83129299 83205910 76611
2 890 rs4245766 31242194 1 2.741324421608811e-4 31241920 31254348 12428
2 1333 rs3924521 45995181 1 -2.7404807166865174e-4 45994586 45997411 2825
2 2942 rs17039820 123825356 3 2.7185436381970714e-4 123818296 123857742 39446
2 4769 rs11887857 215052524 2 2.701566746745067e-4 215041348 215054694 13346
2 1217 rs6737623 42291485 1 2.700970572531066e-4 42289666 42304417 14751
2 493 rs11687741 15952057 1 2.691478886218365e-4 15950899 15958962 8063
2 2269 rs4528777 80702160 1 2.682893662859118e-4 80685229 80702160 16931
2 4469 rs2347286 200946393 1 2.642593165199546e-4 200901481 200946393 44912
2 3705 rs2162499 160708609 1 2.628697760418861e-4 160708609 160734722 26113
2 2283 rs1982543 81421702 1 -2.626595459170011e-4 81385884 81444443 58559
2 3002 rs359694 127125241 1 2.6170706148946464e-4 127120893 127126224 5331
2 495 rs12613665 15975615 1 2.606367531073271e-4 15975615 15975615 0
2 34 rs4971439 1092195 2 -2.5996345230397963e-4 1092195 1092195 0
2 3144 rs11896860 134197843 1 -2.5920403108475453e-4 134187067 134207106 20039
2 1807 rs6734073 64426384 1 -2.577048391446594e-4 64426384 64426384 0
2 3135 rs12475645 133754360 1 -2.5706073789097123e-4 133754360 133759852 5492
2 3475 rs6723935 149915977 1 -2.5686822413578057e-4 149906958 149919888 12930
2 1736 rs11888922 60082872 2 -2.551149948161215e-4 60074136 60098316 24180
2 5531 rs4676363 241256535 2 2.5424007302759567e-4 241231989 241256535 24546
2 3458 rs6710158 148412107 1 -2.539848862627315e-4 148412107 148428613 16506
2 4368 rs16834303 193089321 1 2.538902751643081e-4 193089321 193089321 0
2 4426 rs13019481 197908675 2 2.5358321314067345e-4 197908675 197950058 41383
2 1406 rs4953503 47794426 2 -2.528990710141387e-4 47794426 47794426 0
2 3442 rs10928302 147372024 3 2.526247436647047e-4 147372024 147456988 84964
2 1693 rs7355437 58513505 3 -2.52113573463265e-4 58509628 58525659 16031
2 4591 rs2160328 206642337 1 -2.5179847041020554e-4 206642337 206654123 11786
2 5434 rs2029770 238561249 1 -2.4915371513456426e-4 238555352 238561249 5897
2 2551 rs6719286 105507589 1 -2.481218162678167e-4 105486125 105507589 21464
2 4823 rs12467575 217211217 1 -2.479826679017914e-4 217208571 217216651 8080
2 3013 rs1000858 127459321 1 2.4698262964148226e-4 127451514 127459321 7807
2 1765 rs12471897 60982796 1 2.4521430136878545e-4 60972786 61029363 56577
2 5490 rs11675968 240442314 3 -2.4452529005742935e-4 240442314 240448123 5809
2 3643 rs10932909 157034020 2 2.4381108534475988e-4 156996364 157049799 53435
2 1026 rs10211245 36186184 1 2.4331131874623065e-4 36186184 36190919 4735
2 723 rs10200481 24337861 1 -2.428793225442292e-4 24262060 24352398 90338
2 618 rs2293669 20133221 1 -2.4249891906273323e-4 20098208 20199089 100881
2 5080 rs4675044 226951412 1 2.41839129667351e-4 226902562 226951412 48850
2 3529 rs13001465 151996692 1 2.416681341461272e-4 151990465 151996692 6227
2 3276 rs1877937 140102691 1 -2.4115350771865943e-4 140100106 140142448 42342
2 1068 rs77353404 37105041 1 -2.4061361769371764e-4 37074951 37138046 63095
2 1260 rs11693801 43590329 1 2.4048397797402332e-4 43578419 43611459 33040
2 3152 rs1653794 134369949 2 -2.3979857385471827e-4 134369367 134393846 24479
2 2317 rs1597039 84324021 3 -2.3931966984588253e-4 84324021 84328335 4314
2 5425 rs2325814 238462725 1 2.3883766277797775e-4 238462725 238462725 0
2 967 rs13410163 34187256 1 -2.360381397798451e-4 34175977 34195228 19251
2 2272 rs1434075 80743194 1 2.3590783196211144e-4 80743194 80743370 176
2 2755 rs2010543 115383695 1 2.3432669546286333e-4 115380251 115383695 3444
2 1850 rs2009778 65977863 1 -2.341180006412319e-4 65972163 65993579 21416
2 4222 rs17265531 183469248 2 -2.340223235483578e-4 183465070 183498471 33401
2 4728 rs10189975 212969560 1 2.3249347921534992e-4 212958457 212969560 11103
2 3223 rs13007264 137604652 1 2.324838233953046e-4 137604652 137621738 17086
2 1051 rs3770813 36776555 2 2.3227760530301528e-4 36767257 36776555 9298
2 5478 rs3791549 240109024 1 2.3215217707519208e-4 240103967 240110346 6379
2 4063 rs4072816 176495395 1 2.3214675170312176e-4 176485746 176497023 11277
2 3608 rs1527865 155213618 1 -2.3203824953916733e-4 155213618 155234318 20700
2 2439 rs11123814 100767082 2 2.3200749120618885e-4 100746395 100767082 20687
2 1155 rs11674059 40364273 1 -2.317514061019555e-4 40357323 40374912 17589
2 2241 rs2861914 80081182 1 2.3126798174192073e-4 80081182 80084011 2829
2 1289 rs2616444 44605518 1 2.2814145897269536e-4 44576549 44626972 50423
2 1537 rs13015643 52369737 1 2.2761638351613948e-4 52369737 52390119 20382
2 3592 rs16834011 154512950 1 2.2717302992906487e-4 154510972 154512950 1978
2 3799 rs1816918 166179357 1 2.249860536488719e-4 166146227 166193965 47738
2 115 rs12618667 3295986 1 2.247295060557431e-4 3295986 3302962 6976
2 501 rs2114802 16137611 1 2.2075370734242424e-4 16136922 16142703 5781
2 5202 rs6436932 231258450 1 -2.207509077684698e-4 231254570 231258450 3880
2 5122 rs7588620 228399480 1 -2.2058544234481903e-4 228363432 228438238 74806
2 4606 rs2359677 207462642 1 -2.204255622294132e-4 207457265 207486889 29624
2 2974 rs13008208 125335411 2 2.1835565472845493e-4 125331126 125335411 4285
2 3199 rs16831827 136323787 3 -2.182264064702022e-4 136158473 136323787 165314
2 4290 rs16829324 188724638 1 -2.1766756664205557e-4 188724638 188761539 36901
2 4047 rs1010028 175418960 1 2.1570532492010876e-4 175393104 175436940 43836
2 4948 rs2392820 221953533 1 2.144570002557362e-4 221953533 221953533 0
2 4117 rs934803 178690786 1 2.1268068552990284e-4 178685534 178690786 5252
2 3073 rs4662908 130031647 2 2.1205756434802185e-4 130024033 130060598 36565
2 653 rs7569328 21100778 1 2.1189487909038777e-4 21100778 21100778 0
2 646 rs3732149 20818764 1 2.116354105411354e-4 20818286 20823219 4933
2 5318 rs7589325 235284258 1 -2.109835944186074e-4 235272133 235284258 12125
2 5267 rs11678490 233830950 1 -2.098199689814546e-4 233824116 233830994 6878
2 654 rs4643493 21137425 1 2.0916823312541296e-4 21131683 21137425 5742
2 1847 rs13397571 65895471 1 2.0911308354903713e-4 65892430 65904304 11874
2 3547 rs1879140 152856062 1 2.075830175935698e-4 152849322 152863856 14534
2 4432 rs7575389 198198489 1 -2.075602413265857e-4 198198489 198223121 24632
2 3176 rs3748896 134965464 1 2.0654640492487157e-4 134965464 134965464 0
2 2549 rs442203 105395302 1 -2.0601952152355055e-4 105378957 105401824 22867
2 989 rs3115263 34968286 1 2.0549929839977775e-4 34962533 34972791 10258
2 2602 rs2377445 106660701 1 2.0490815021454887e-4 106658192 106665898 7706
2 659 rs571468 21293914 1 2.0489327047948095e-4 21282435 21300770 18335
2 3344 rs2381155 142464126 1 -2.047903072275503e-4 142436459 142467266 30807
2 1115 rs11883614 38517488 3 2.030350707391493e-4 38517488 38571255 53767
2 5144 rs6753687 229107336 2 -2.027633589196236e-4 229056924 229119747 62823
2 1426 rs4953625 48977778 3 -2.0032972087534733e-4 48958687 48984391 25704
2 1294 rs6752168 44810215 1 1.9700730699675353e-4 44810215 44865678 55463
2 4901 rs3731895 220193917 1 1.961719546139605e-4 220191861 220200242 8381
2 533 rs11674840 17397895 1 -1.9559198732975615e-4 17371709 17397895 26186
2 4701 rs6435599 211946057 1 -1.9474792227283536e-4 211935990 211946057 10067
2 4395 rs6434774 196265056 1 -1.9432088846722887e-4 196261366 196279513 18147
2 4899 rs147143842 220107997 1 1.8893916672901975e-4 220087441 220117458 30017
2 3074 rs837857 130086211 2 1.870336054291869e-4 130082114 130088717 6603
2 5540 rs2975758 241530750 1 1.869389799138038e-4 241530750 241538074 7324
2 3253 rs4273272 138846608 1 -1.859747741497051e-4 138846608 138865871 19263
2 5039 rs1468988 225185584 1 -1.85253754558842e-4 225167072 225185584 18512
2 759 rs41288773 26695500 1 -1.8489784166388025e-4 26695500 26695500 0
2 4347 rs1517848 192350205 1 -1.8477237521914147e-4 192350205 192350205 0
2 216 rs16865126 6548066 1 -1.832733830209774e-4 6533291 6549520 16229
2 1637 rs1346793 55970281 1 1.832203043813396e-4 55958891 55970281 11390
2 3975 rs12692976 172684403 4 1.822234371887067e-4 172664020 172754554 90534
2 592 rs12464722 19341657 1 1.818512586211574e-4 19341657 19375011 33354
2 4984 rs4674677 223529658 3 1.799546168616121e-4 223518151 223542231 24080
2 4545 rs6708542 205256040 1 1.79722706304435e-4 205256040 205293339 37299
2 1731 rs6545747 59952846 1 1.7800712477372146e-4 59949465 59955616 6151
2 2882 rs4848607 121283724 1 1.7793562359964208e-4 121280603 121283724 3121
2 3238 rs7609502 138159329 1 1.77119363716354e-4 138135771 138167717 31946
2 4587 rs950219 206560613 1 -1.7711172586528108e-4 206560613 206560613 0
2 3682 rs7573340 159528642 1 -1.7548666633209587e-4 159508114 159528642 20528
2 729 rs12617941 24978497 1 -1.7194948858484052e-4 24886781 24993672 106891
2 2562 rs2241797 105885961 1 1.7109598166530911e-4 105885961 105901179 15218
2 1124 rs12996029 38819906 1 1.6565528460505958e-4 38799820 38858669 58849
2 337 rs818148 10637325 3 1.6556453936772755e-4 10627544 10637325 9781
2 1207 rs7599875 42011160 1 1.6305514706064573e-4 42011160 42012806 1646
2 2059 rs6710726 73401781 1 1.6243741648123112e-4 73374096 73401781 27685
2 316 rs2303920 10126330 3 -1.6226207056484069e-4 10110517 10130111 19594
2 1413 rs4583515 48177487 1 1.613606133146739e-4 48174199 48179497 5298
2 3826 rs3924001 167136589 1 -1.6006968291383604e-4 167136589 167142590 6001
2 1550 rs1384925 52812988 1 1.5988443688791357e-4 52808175 52826401 18226
2 3552 rs11883823 152994110 1 -1.5972199770930578e-4 152981335 153032790 51455
2 3891 rs3856426 169645524 1 -1.596447681414705e-4 169645524 169645524 0
2 246 rs4669155 7350493 1 -1.590071290619237e-4 7349867 7367462 17595
2 1702 rs7597339 59037042 1 -1.58141868818976e-4 59037042 59037042 0
2 4997 rs935028 223857554 1 -1.5753639493666145e-4 223840963 223857554 16591
2 2919 rs908677 122833317 1 1.5744876730354435e-4 122833317 122837193 3876
2 1317 rs6707333 45512908 1 -1.573044262522673e-4 45512908 45512908 0
2 1265 rs6716337 43856927 1 -1.561242241545164e-4 43853181 43856927 3746
2 4256 rs1366841 185846132 1 -1.5610830913606933e-4 185807024 185865400 58376
2 4405 rs12052865 197049786 1 1.559640873653518e-4 197045077 197059471 14394
2 2139 rs10865419 76486806 1 -1.5527190809701546e-4 76486242 76494928 8686
2 2329 rs2178103 84906723 1 -1.5444260528799607e-4 84906723 84971398 64675
2 2074 rs6546883 74217856 1 -1.540584504307624e-4 74217856 74217856 0
2 814 rs878292 29258193 1 -1.5345227744482915e-4 29256374 29260085 3711
2 4271 rs7572652 187683048 1 -1.527154768297633e-4 187683048 187685195 2147
2 1923 rs6704741 68149455 1 1.5167850223769976e-4 68149455 68149455 0
2 160 rs3943477 5224268 1 -1.4987185877545978e-4 5215885 5226989 11104
2 61 rs13006826 1806879 1 -1.4982580389679253e-4 1806879 1813322 6443
2 4741 rs17325821 213336689 1 -1.494542313274075e-4 213336689 213351973 15284
2 329 rs2014889 10467171 1 1.4846552212795602e-4 10454622 10467171 12549
2 2534 rs1519627 104948911 1 1.4751342311347164e-4 104948911 104950170 1259
2 3793 rs6432808 165926663 2 -1.4682772038301917e-4 165926663 165926663 0
2 5291 rs10199882 234685264 2 1.46126562156265e-4 234685264 234698790 13526
2 4046 rs17256082 175292364 2 1.4474848813987516e-4 175262678 175292364 29686
2 1741 rs4671369 60299441 1 -1.4356304912806493e-4 60296223 60302746 6523
2 2295 rs10167584 82331873 3 1.4316463915755844e-4 82292908 82331873 38965
2 3522 rs1385430 151802790 1 -1.428495948767389e-4 151802790 151847222 44432
2 5475 rs3791500 240075545 1 -1.4281513340886462e-4 240075035 240080540 5505
2 1171 rs11679585 40691468 1 1.4188374930791182e-4 40688262 40691468 3206
2 1415 rs1396823 48390049 1 1.3837319658241176e-4 48336232 48390049 53817
2 3244 rs881639 138398906 1 -1.3752029446861616e-4 138398906 138398906 0
2 1067 rs2072526 37035934 1 -1.370814120565486e-4 37023688 37035934 12246
2 3587 rs3863911 154278240 1 1.360753153383984e-4 154278240 154318295 40055
2 2051 rs10203870 72340493 2 -1.3576299968147122e-4 72325404 72340493 15089
2 1776 rs4233975 61899141 1 -1.3432285021316564e-4 61899141 61941368 42227
2 3417 rs1830317 145856863 1 1.342824610373244e-4 145856863 145892427 35564
2 1186 rs13411627 41327766 1 1.3411831055730174e-4 41327766 41330027 2261
2 3322 rs1882629 141852429 1 -1.3149838845269988e-4 141847207 141867448 20241
2 2346 rs7564372 85590286 1 1.3049519109029854e-4 85590286 85603064 12778
2 1128 rs3099968 39033590 1 -1.3044598135982733e-4 38980231 39033590 53359
2 1888 rs12471464 67204642 2 1.2871253250856902e-4 67198954 67217705 18751
2 605 rs4666534 19868519 1 -1.2819959356151294e-4 19868519 19878883 10364
2 2684 rs4849121 111599706 1 -1.2811857895076768e-4 111597291 111616304 19013
2 3060 rs6734640 129590826 1 1.277829822008923e-4 129567011 129590826 23815
2 3785 rs4667772 165616471 1 -1.2709484017574762e-4 165616471 165631433 14962
2 3158 rs7584077 134569297 1 -1.2490776929460835e-4 134568892 134579078 10186
2 679 rs1463982 22688188 1 1.2454226063874548e-4 22684402 22712316 27914
2 4475 rs295120 201241967 2 -1.2453864864480827e-4 201239865 201247479 7614
2 426 rs7568997 13257628 2 1.2382830965389246e-4 13257628 13321498 63870
2 640 rs6725427 20743917 1 -1.2380086079615907e-4 20738876 20743917 5041
2 1262 rs6544656 43635143 2 1.2265029412020305e-4 43634135 43648176 14041
2 4660 rs61744730 209307104 1 1.222819566191821e-4 209266897 209316760 49863
2 4580 rs7566612 206432563 3 -1.2119731505850293e-4 206425066 206432563 7497
2 5526 rs4854083 241176022 1 1.2002519226652364e-4 241175742 241176022 280
2 955 rs13386750 33876667 3 -1.1945969272424714e-4 33875088 33896461 21373
2 2137 rs1608590 76405959 1 -1.1898635442260407e-4 76405959 76431277 25318
2 5148 rs7573585 229324709 1 -1.1708319934687592e-4 229269825 229325525 55700
2 5002 rs2017069 223921771 2 -1.1688884106687174e-4 223921771 223950293 28522
2 2313 rs2218792 84001716 1 1.1582391829897132e-4 83948943 84040839 91896
2 3303 rs1463616 141310721 1 -1.147762254716804e-4 141288260 141310721 22461
2 180 rs4669474 5656809 1 1.1322614396018044e-4 5656809 5656809 0
2 5529 rs1495922 241216359 2 -1.1163303248356992e-4 241209928 241216673 6745
2 3124 rs11884795 133519504 1 1.1097460638048583e-4 133517783 133521231 3448
2 4460 rs10182928 200452591 1 -1.1027910355071688e-4 200442604 200473658 31054
2 1809 rs10200259 64509799 1 1.0980237092088204e-4 64509799 64520663 10864
2 4514 rs4675261 202990187 4 -1.0848623736427806e-4 202990187 203021290 31103
2 4363 rs12612937 192874825 1 -1.079848777721197e-4 192874825 192874825 0
2 2351 rs7577642 85699750 1 1.0787318402715991e-4 85699750 85703308 3558
2 4050 rs4356633 175550678 1 1.0604002884428198e-4 175513995 175550678 36683
2 3215 rs13388535 137374734 1 -1.060398424364865e-4 137374734 137374734 0
2 600 rs1593746 19701837 1 -1.0573924363927125e-4 19694200 19705959 11759
2 4608 rs13382742 207533256 1 1.0550775758619478e-4 207531327 207555673 24346
2 1805 rs7604693 64349202 1 1.0509741907784468e-4 64321823 64350414 28591
2 538 rs6723332 17561906 1 -1.0433133140037264e-4 17561906 17581491 19585
2 3054 rs841292 129326003 2 1.0415208415073212e-4 129316382 129326003 9621
2 2394 rs335115 89027647 1 1.037906717843596e-4 88959086 89130009 170923
2 4521 rs11682759 204192201 1 1.0332132466814528e-4 204008434 204235476 227042
2 2324 rs11904045 84618582 1 -1.0211441989891108e-4 84618582 84657404 38822
2 1567 rs1446435 53235554 1 -1.0209706266604906e-4 53235554 53235595 41
2 4126 rs6738749 179243248 1 1.0184490489460834e-4 179238507 179243248 4741
2 2037 rs2419777 72022087 2 1.0155209753995428e-4 72022087 72022087 0
2 3387 rs4563166 144272299 1 1.012871561488718e-4 144272299 144272299 0
2 2727 rs423904 113887262 1 -1.005493513166778e-4 113887207 113887262 55
2 4610 rs16838621 207567542 1 -9.984792651453729e-5 207565940 207572396 6456
2 2132 rs6708139 76226375 1 -9.8893220085043e-5 76187099 76226375 39276
2 1376 rs1053952 47049453 2 9.75304901818411e-5 47049453 47049453 0
2 2687 rs4577288 111713046 1 -9.619356631801925e-5 111706226 111713877 7651
2 2116 rs6717602 75714591 1 9.577760555793132e-5 75714591 75720372 5781
2 1885 rs1121247 67121517 1 9.38260339296962e-5 67121517 67150881 29364
2 1276 rs10084473 44232411 1 9.302885110903056e-5 44228398 44237874 9476
2 3017 rs10181296 127576875 1 -9.250894931189997e-5 127576055 127578744 2689
2 3079 rs3108990 130311135 1 -9.162790362122008e-5 130259988 130311135 51147
2 2570 rs12997792 106102328 1 -9.118321081329828e-5 106102328 106102328 0
2 1264 rs10495903 43806918 1 -8.73320739651924e-5 43799070 43834118 35048
2 2348 rs1877954 85654299 1 -8.681862389658577e-5 85654299 85654299 0
2 4391 rs2200867 196008240 1 -8.672424753350299e-5 196008240 196044448 36208
2 3770 rs13002573 164915208 1 -8.53459879443202e-5 164915208 164915279 71
2 1707 rs10490099 59138000 1 8.514973770047728e-5 59138000 59138000 0
2 4417 rs1358401 197321827 1 8.485760583583968e-5 197315114 197324870 9756
2 2907 rs2580359 122063844 1 -8.482316041902622e-5 122063844 122064537 693
2 1944 rs2280244 68979302 2 8.420817111342869e-5 68970181 68994498 24317
2 2712 rs4849113 113476596 1 -8.375610428506503e-5 113476596 113476596 0
2 546 rs10184119 18082049 1 8.351259658626885e-5 18048653 18083493 34840
2 1675 rs4271799 57483669 1 8.108456021174528e-5 57483669 57547114 63445
2 2385 rs4450598 88522757 1 -8.096509424275934e-5 88503315 88522757 19442
2 2347 rs11690650 85622317 1 -8.004568203746223e-5 85615012 85629266 14254
2 1689 rs12470851 58253250 1 7.978996289307394e-5 58253250 58316814 63564
2 1 rs300797 107140 1 -7.916890705124709e-5 104979 121222 16243
2 1116 rs11902844 38623289 1 7.82786589235336e-5 38611011 38623289 12278
2 851 rs10201541 30157544 1 7.779031698495121e-5 30156089 30173444 17355
2 2676 rs10171167 110256233 1 7.635190638627149e-5 110256233 110256377 144
2 2981 rs2247279 125676313 2 7.562487329838748e-5 125660609 125683957 23348
2 944 rs7566302 33595197 1 7.510506623587741e-5 33586776 33595197 8421
2 950 rs4670648 33742284 1 -7.462286890980228e-5 33740855 33744958 4103
2 3295 rs10469593 141023643 1 7.426577222238263e-5 141005223 141023643 18420
2 547 rs1461949 18102223 1 7.277698850819265e-5 18098857 18116319 17462
2 226 rs12620029 6795143 1 -7.236927228979035e-5 6795143 6795143 0
2 1768 rs842624 61098642 1 6.970996070209957e-5 61098642 61171045 72403
2 2210 rs283832 79237089 1 -6.962322354834628e-5 79230585 79237089 6504
2 31 rs8179874 1037731 1 -6.947138598868809e-5 1037731 1044617 6886
2 49 rs2276704 1499728 2 6.879600639699755e-5 1495800 1502757 6957
2 5037 rs1035316 225140153 1 -6.827668760791758e-5 225140153 225144076 3923
2 3628 rs10432447 156463461 1 6.740794499357332e-5 156444948 156467786 22838
2 649 rs10495709 20928042 1 6.712012288739601e-5 20903015 20928051 25036
2 1621 rs733916 55155551 1 6.635232467794595e-5 55155551 55167820 12269
2 748 rs10182758 25915721 1 -6.497815060504451e-5 25915721 25915721 0
2 3361 rs10496920 142996517 1 6.464878948516986e-5 142982885 142999394 16509
2 3380 rs354728 143944775 1 6.399862083190268e-5 143944775 144007986 63211
2 743 rs2384232 25623749 1 6.383037532493479e-5 25621530 25623749 2219
2 5494 rs7570018 240502117 1 6.206757349064271e-5 240502117 240502117 0
2 1431 rs733726 49096835 2 6.107173282023733e-5 49090394 49099508 9114
2 3452 rs7560426 148223743 2 5.9794267450405264e-5 148183865 148227502 43637
2 247 rs876997 7405579 1 -5.977567703709565e-5 7392102 7405579 13477
2 667 rs6546015 21609898 1 5.8961154648411834e-5 21609898 21609898 0
2 3795 rs4667786 166010069 1 -5.725753394951919e-5 166005646 166010069 4423
2 991 rs6756796 35008853 1 5.653626812146039e-5 35005992 35019687 13695
2 201 rs1405262 6134940 1 -5.635571069133792e-5 6134940 6134940 0
2 3928 rs77587723 170885930 1 -5.507803804785232e-5 170885930 170894684 8754
2 1962 rs7564412 69431269 1 -5.500307670232949e-5 69431269 69438988 7719
2 2001 rs1030044 70953745 1 5.375054485332072e-5 70949016 70953745 4729
2 5113 rs6713443 228201546 1 5.337123104984416e-5 228189493 228210364 20871
2 4881 rs7580997 218883186 1 5.327814981654986e-5 218880952 218883186 2234
2 5502 rs11124222 240654444 1 5.309183551138295e-5 240654444 240654444 0
2 85 rs7586549 2604016 1 5.252971430338216e-5 2604016 2604923 907
2 4974 rs6710838 223044442 1 -5.2211478213037005e-5 223042991 223044442 1451
2 1468 rs7586200 50031813 1 -5.200646550731123e-5 50031813 50031813 0
2 3526 rs4664900 151910669 1 -5.138952547289632e-5 151901842 151924098 22256
2 2065 rs13008860 73774019 2 -5.031668003098349e-5 73774019 73834084 60065
2 1187 rs11124785 41350387 1 -5.017959110272003e-5 41347735 41366151 18416
2 5558 rs758072 242083872 1 -4.958511689676364e-5 242077496 242088921 11425
2 2777 rs7601876 116564034 1 -4.932259562104206e-5 116564034 116590423 26389
2 3502 rs12479035 150860473 1 4.9265785871335614e-5 150858540 150886421 27881
2 3700 rs10489997 160405498 1 -4.91712055453828e-5 160405498 160413623 8125
2 211 rs11685714 6388637 2 -4.837633996103849e-5 6388311 6396424 8113
2 4710 rs3791703 212284353 1 -4.827424381684255e-5 212264598 212284621 20023
2 84 rs11683002 2594074 1 4.82441100738819e-5 2594074 2594074 0
2 2624 rs2140588 107673715 1 -4.777501410796996e-5 107673715 107673715 0
2 3932 rs10930407 171026184 1 -4.628801327181088e-5 171026184 171026184 0
2 731 rs4665730 25055774 2 4.614820487674381e-5 25044957 25064193 19236
2 2962 rs11123033 125050005 1 -4.385062419755686e-5 125024950 125050005 25055
2 4538 rs16840921 205111927 1 -4.345262262332895e-5 205111927 205116002 4075
2 4877 rs6753621 218810908 1 4.331354954013715e-5 218810908 218811135 227
2 4628 rs12621900 208118301 1 -4.306151170775122e-5 208118301 208118301 0
2 1708 rs1073975 59162425 1 -4.300258582912454e-5 59162425 59171779 9354
2 5362 rs10803639 236282912 1 4.249475186289595e-5 236282912 236282912 0
2 4482 rs2470900 201502898 2 4.239172386259366e-5 201501431 201505269 3838
2 2669 rs891425 109893210 2 4.2089182075901295e-5 109893210 109895831 2621
2 5439 rs3213869 238668783 1 -3.990488437762701e-5 238660169 238671940 11771
2 762 rs1148967 26821836 1 3.969900740068462e-5 26821836 26821836 0
2 5452 rs579861 239348995 1 3.9001578008092725e-5 239348995 239369790 20795
2 5027 rs10191694 224857266 1 3.882660575490396e-5 224857266 224857266 0
2 4157 rs11884072 180403128 1 -3.829088241130251e-5 180401233 180427409 26176
2 3599 rs11695673 154674451 1 3.715769748761791e-5 154674451 154698834 24383
2 2746 rs3115327 114954162 1 3.679972736412032e-5 114924533 114954162 29629
2 813 rs11685625 29249415 1 -3.6739352486484474e-5 29247894 29251134 3240
2 4723 rs7570613 212629579 1 3.6498099747170425e-5 212627259 212645885 18626
2 1075 rs10460527 37505105 1 -3.5203055465315095e-5 37494336 37521185 26849
2 3377 rs12466715 143751071 1 -3.484898474537137e-5 143745800 143762736 16936
2 4248 rs12620876 185383451 1 -3.3899368242001096e-5 185383451 185390094 6643
2 4258 rs17438763 185996258 1 3.388356604438004e-5 185952716 185996258 43542
2 5256 rs790044 233310149 1 -3.31184508528542e-5 233309548 233310149 601
2 5146 rs16824642 229183017 1 3.261588300819253e-5 229183017 229211957 28940
2 886 rs2288101 31135184 1 -3.117864248045218e-5 31135184 31146497 11313
2 5303 rs4663995 234892127 2 -3.082230861067918e-5 234890391 234892127 1736
2 4971 rs4674634 222977035 1 -2.927417104352845e-5 222952676 222977078 24402
2 2885 rs10496562 121469965 1 -2.8871380375106116e-5 121469965 121472844 2879
2 5336 rs12613932 235670433 2 2.8760728315655106e-5 235670433 235674274 3841
2 4742 rs7571561 213386267 2 2.8243521313152755e-5 213385817 213395507 9690
2 5206 rs3856529 231343090 1 2.8138628661151545e-5 231333763 231343090 9327
2 4168 rs2367347 180795287 2 -2.5286869798732183e-5 180783672 180830958 47286
2 3750 rs1489650 163931295 1 -2.468992407445052e-5 163931295 163965160 33865
2 86 rs2385306 2626800 1 2.420734066150295e-5 2624398 2626800 2402
2 5386 rs6756597 237149941 1 -2.35376001703263e-5 237129535 237150166 20631
2 1800 rs1517405 63515568 1 -2.33504622145036e-5 63515568 63564683 49115
2 4483 rs2241080 201527239 1 2.309146696157834e-5 201526330 201529900 3570
2 4930 rs6747324 221211949 1 2.2528425846697364e-5 221197071 221212147 15076
2 5412 rs9646714 237895243 1 2.100068790676032e-5 237895243 237895703 460
2 1022 rs2968636 36083564 2 -2.0901672595822823e-5 36082275 36104933 22658
2 2811 rs10211133 118496598 2 -2.0732770636285557e-5 118477333 118496598 19265
2 2321 rs11686691 84528756 1 2.059581676339906e-5 84486725 84528756 42031
2 4293 rs7579998 188859657 1 2.0138453096989713e-5 188857787 188859657 1870
2 2289 rs12615721 81856526 1 2.0036068983982337e-5 81825648 81921062 95414
2 1953 rs11126204 69154148 1 1.7881634087797243e-5 69154148 69158120 3972
2 5398 rs7556982 237644199 1 -1.732430759248839e-5 237644199 237644199 0
2 3993 rs12052385 173316217 1 1.705237236254499e-5 173305731 173317864 12133
2 782 rs17006489 28304630 1 -1.661804054474092e-5 28304630 28325201 20571
2 1519 rs6715597 51835260 1 -1.5722443513684992e-5 51820543 51837560 17017
2 1258 rs6730757 43541598 1 1.4832098886200275e-5 43502477 43547672 45195
2 2402 rs2118836 97162972 1 -1.4708669252538686e-5 97162972 97190497 27525
2 4402 rs62623378 196822004 1 -1.4321001255765905e-5 196810367 196866433 56066
2 3170 rs13410504 134837980 1 1.3098027433348762e-5 134837980 134837980 0
2 2186 rs1405580 78147175 1 -1.12686494220002e-5 78147175 78147175 0
2 4711 rs16825008 212304841 1 -1.1214866880361392e-5 212296470 212304841 8371
2 4287 rs1520477 188611039 1 1.0186610976014868e-5 188573244 188611039 37795
2 5214 rs7609123 231521950 1 9.97285672335248e-6 231520821 231521950 1129
2 1782 rs6743108 62298745 1 -9.85589428737588e-6 62287943 62319997 32054
2 4688 rs3732055 211334708 1 8.821555535719436e-6 211321473 211341349 19876
2 401 rs1453487 12366781 4 -8.655750555320956e-6 12361633 12366781 5148
2 4746 rs6435726 213635052 1 -8.47410025085012e-6 213607202 213665065 57863
2 1416 rs17397205 48489733 1 -7.765053613718633e-6 48489733 48587741 98008
2 1102 rs17022000 38331037 1 6.132013045505507e-6 38328178 38336730 8552
2 2468 rs10185855 101642260 1 -5.403478504950486e-6 101638888 101656726 17838
2 744 rs17745923 25643944 1 -4.952754166944118e-6 25643944 25649176 5232
2 3593 rs1519640 154540201 1 -4.374116635795539e-6 154540201 154545453 5252
2 1794 rs6726083 62756049 1 -3.4834568369724996e-6 62751619 62756049 4430
2 5357 rs10929104 236100957 1 -2.0847085845414043e-6 236100852 236100957 105
2 2515 rs6543194 103598575 1 4.877052712103733e-7 103593540 103602505 8965
