CHR Group SNP.lead BP.lead Size W BP.min BP.max BP.width
6 1130 rs660895 32577380 2 0.13713626637095155 32569691 32578052 8361
6 1133 rs7774434 32657578 2 0.1135578634466654 32650809 32658079 7270
6 1129 rs12529318 32434314 2 0.10807259923107931 32428285 32438648 10363
6 1092 rs915653 31657047 10 0.07016535992871924 31578772 31669295 90523
6 1174 rs2308931 33036950 6 0.06343226369729299 33025493 33042880 17387
6 1037 rs2233976 31079994 3 0.06297026283687605 31079643 31081409 1766
6 1069 rs2523544 31333562 1 0.06120710779687099 31331829 31341379 9550
6 1181 rs6901221 33098276 1 -0.04593855453966798 33098276 33098276 0
6 1185 rs2229784 33136310 1 0.04017239907498306 33136310 33142539 6229
6 4398 rs3093024 167532793 2 0.03975691834855156 167524743 167537594 12851
6 1038 rs3130553 31082285 1 0.03771690962533801 31081989 31087354 5365
6 911 rs806794 26200677 3 0.03685715162922014 26184617 26202337 17720
6 1300 rs9357239 37060809 1 0.03537682122224138 37060809 37060809 0
6 2744 rs9320151 106583964 4 0.03392803409009318 106582920 106597639 14719
6 2742 rs535490 106564434 1 0.03017881393460331 106564434 106564434 0
6 3219 rs7738609 128295502 2 0.02946227932511017 128284771 128295502 10731
6 1457 rs12208813 42025318 2 0.02941127131713718 42018883 42025318 6435
6 3758 rs6570947 149469655 2 -0.02727495257818594 149450724 149472075 21351
6 3474 rs6920220 138006504 3 0.02647708233746191 138001204 138022540 21336
6 583 rs236968 16583147 4 0.02554089117954975 16570089 16583147 13058
6 1067 rs2523608 31322559 3 0.02551015586646146 31322121 31327334 5213
6 1960 rs1321980 70003609 3 -0.02514577547256944 70002111 70018250 16139
6 1176 rs2281389 33059796 5 0.02483057183969143 33056694 33074908 18214
6 3445 rs6912539 137108757 1 0.02450033692668312 137108757 137108757 0
6 2758 rs3747787 106967778 2 -0.02419281648445995 106967185 106970540 3355
6 1050 rs3130685 31206206 1 0.02405299651322452 31202246 31206979 4733
6 103 rs2165125 2934641 1 0.02375505836166383 2934641 2937347 2706
6 1110 rs1475961 32194609 5 0.0236439438797926 32192331 32195017 2686
6 431 rs1569731 11825414 3 0.02316858718029967 11806433 11825414 18981
6 1483 rs3805931 43089429 2 0.02283942095789849 43063516 43096199 32683
6 3787 rs11963544 150549998 1 0.02279725139187797 150541658 150550973 9315
6 1569 rs3777594 45933157 1 0.02272578749120346 45933157 45933157 0
6 2376 rs2236204 90025112 3 -0.02191100216152206 90025112 90032942 7830
6 3940 rs1293928 154640746 3 0.0217037995897716 154630541 154640746 10205
6 1152 rs9357155 32809848 2 0.02153269920267433 32806121 32814975 8854
6 4093 rs9364510 159726375 1 -0.0211238308537621 159725583 159756737 31154
6 1492 rs1096699 43528441 4 0.02045057259760626 43479067 43582584 103517
6 1083 rs4413654 31441349 2 0.02030366844026132 31440082 31443323 3241
6 2772 rs311218 107408585 4 0.02021673667133586 107396658 107408585 11927
6 2116 rs9343469 77288517 4 0.02021233029633006 77284830 77291161 6331
6 1540 rs660953 44645943 2 0.02018039229280735 44645736 44659586 13850
6 687 rs2457345 20089466 1 0.01965114222114345 20084591 20089466 4875
6 1104 rs2071292 32155948 1 0.01959551257154649 32154285 32161430 7145
6 2241 rs9449501 83284573 2 0.0195628877738213 83284573 83316216 31643
6 4131 rs1810126 160872151 3 -0.019400213173145 160851766 160888021 36255
6 1036 rs2517485 31074101 8 0.01919784649886013 31058178 31079264 21086
6 243 rs9405920 6397716 1 0.01905045657397099 6397716 6397716 0
6 2277 rs2206985 85109688 2 -0.01876952536726442 85105960 85109688 3728
6 4322 rs2983500 166034053 3 -0.01864174748387954 166020095 166034053 13958
6 4075 rs6455604 159215408 2 -0.01859669151182915 159210126 159239004 28878
6 2315 rs6919366 87113172 5 -0.01843384357938861 87078175 87113172 34997
6 2868 rs1794815 111963703 1 0.01831541607148531 111955435 111965272 9837
6 1175 rs9277489 33053942 2 0.01824441708836021 33047031 33055538 8507
6 506 rs12529514 14096658 2 0.0182379639913646 14096658 14105768 9110
6 1045 rs3132538 31113842 2 -0.01810697729439555 31112484 31133943 21459
6 2211 rs13193950 81536714 1 -0.0180988484835076 81536714 81565351 28637
6 980 rs1633005 29764472 2 0.01745263932348166 29733701 29765087 31386
6 3417 rs11549504 135286230 3 0.01744015836635776 135281795 135358904 77109
6 4316 rs576853 165943163 3 0.01713051929554085 165943163 165946772 3609
6 1377 rs1328388 39379854 1 0.016909386156978 39379854 39391436 11582
6 172 rs408884 4671240 4 -0.01690479086257863 4668941 4676555 7614
6 2408 rs6911698 91188927 4 0.01678577739769292 91176901 91188927 12026
6 1135 rs11752643 32669373 2 0.01669207097985086 32668296 32672082 3786
6 3580 rs765875 143185683 3 0.01650446559684748 143172013 143201273 29260
6 2028 rs9446589 72888264 2 -0.01634745828187155 72875512 72919804 44292
6 670 rs6910563 19610835 4 -0.01583041418845227 19610117 19611159 1042
6 3056 rs1339015 121158314 2 -0.01575435763149854 121153942 121208345 54403
6 1205 rs594223 33667965 4 0.0157475126473798 33659793 33697125 37332
6 4270 rs206704 164528619 2 0.01568021552146791 164528407 164528619 212
6 1572 rs2179994 45991569 1 0.01548877520514844 45991518 45992333 815
6 2386 rs9362681 90476452 4 0.01537230344029269 90432621 90499502 66881
6 2658 rs17062729 102432315 3 0.01530562409590012 102432315 102482848 50533
6 3327 rs7754561 132212694 6 -0.01528373006983002 132208285 132213001 4716
6 3539 rs12193363 140233896 2 -0.01520723186971085 140206760 140233896 27136
6 1180 rs3117016 33095516 1 0.01506705760003702 33094869 33097614 2745
6 945 rs13215804 28415572 3 -0.01472373218419168 28390843 28417222 26379
6 1182 rs2294478 33098966 2 0.01469953090069363 33098569 33104175 5606
6 3204 rs719727 127414838 2 0.01463716569091213 127412728 127414838 2110
6 1169 rs423639 32987774 2 0.01458567650157904 32979609 32988049 8440
6 3473 rs2327832 137973068 4 0.01447485037125685 137967214 137997995 30781
6 2333 rs2307389 88318883 2 0.0143789982743493 88239266 88338752 99486
6 3692 rs587008 147799122 2 -0.01430381346700793 147799122 147813016 13894
6 2401 rs370409 90921740 1 0.0142176467168268 90912594 90929696 17102
6 2965 rs9488923 116731075 2 -0.01420251117108338 116729779 116760990 31211
6 1707 rs651733 52789828 2 -0.01413361810638642 52774463 52801687 27224
6 4411 rs7767627 167822221 1 0.01401886238489572 167817656 167822221 4565
6 2478 rs16870967 93880964 4 -0.01399916951804851 93854735 93880964 26229
6 3535 rs9376447 139996223 1 -0.01393596472546738 139989016 139998244 9228
6 2876 rs9384814 112207195 1 0.01385804795145135 112184621 112218167 33546
6 2257 rs9449593 83932731 2 0.01369771859112133 83928135 83972313 44178
6 1799 rs9396162 55766417 1 -0.01347557163019036 55754378 55766417 12039
6 2281 rs6935503 85234404 2 0.01317409044890762 85225179 85266965 41786
6 1762 rs17545325 54623801 1 -0.0131487373276253 54604517 54623801 19284
6 4077 rs9457490 159299216 2 0.01314114119114259 159277326 159299216 21890
6 3074 rs6937659 121802312 7 -0.01312671327361098 121790695 121809450 18755
6 782 rs10485010 22600492 2 0.0131196516849941 22571323 22608225 36902
6 1277 rs2234080 36336764 1 0.01311865990362289 36326298 36336764 10466
6 1536 rs561160 44579789 3 0.01310340581498762 44575446 44586363 10917
6 2035 rs2149528 73220254 1 -0.01299671917899311 73204913 73239297 34384
6 2545 rs9398152 97063724 1 0.0129315368328323 97063724 97077504 13780
6 1845 rs10943643 63971954 3 -0.01290867967045972 63967017 63988362 21345
6 2253 rs2149537 83698770 3 -0.01290565627770001 83666480 83698770 32290
6 3153 rs612146 124889636 1 -0.01289420852546336 124889636 124890305 669
6 1229 rs4713755 34135235 1 0.01286959872968809 34135235 34135235 0
6 2110 rs6900948 76876104 1 0.01282481793191442 76863568 76876104 12536
6 3429 rs9376124 135979220 1 0.01281605385864938 135979220 136001003 21783
6 3921 rs1937587 154060023 3 -0.01281096865574285 154055754 154105011 49257
6 3821 rs61742396 151161116 2 -0.01279883307314367 151145278 151161116 15838
6 3512 rs9376387 139285630 2 0.01273163829517979 139244774 139294798 50024
6 3014 rs902780 119108363 2 -0.0126394855687001 119108363 119108363 0
6 1283 rs6457940 36663357 2 0.0126210914216221 36663357 36667610 4253
6 1242 rs820082 35031441 2 -0.01259429951131813 35008247 35040420 32173
6 3167 rs2039493 125343597 1 -0.01256864927230902 125343597 125344138 541
6 3764 rs11968300 149580983 1 -0.01255574250656914 149577079 149593920 16841
6 367 rs2327221 10035875 1 -0.01253475505313695 10012023 10035875 23852
6 1029 rs540165831 30981715 2 0.01245325439570091 30940989 30984404 43415
6 1118 rs570963 32289594 3 0.01226116747119566 32289318 32337686 48368
6 3596 rs2128977 143846791 2 0.01222877173619038 143842099 143851294 9195
6 1287 rs7762245 36716229 1 0.01217553209834456 36713858 36720758 6900
6 272 rs7738221 6908368 1 0.0120686947476854 6908368 6908368 0
6 3904 rs4599660 153367910 7 -0.01205823296516816 153367910 153407553 39643
6 3029 rs742962 119713746 1 0.01192125585605194 119677311 119729710 52399
6 2324 rs16878151 87730855 4 -0.01190014399209179 87698758 87732983 34225
6 4042 rs675658 158101911 4 0.01189711410869875 158097475 158101911 4436
6 3890 rs2623958 152841248 1 0.01181500137841348 152831067 152841248 10181
6 3454 rs17066096 137452908 2 -0.01173208810769904 137452908 137452908 0
6 2693 rs10872782 104290530 1 0.01172372969262934 104276001 104290530 14529
6 1841 rs4289625 63702477 3 -0.01169371268483751 63665146 63710146 45000
6 2882 rs2072020 112460648 1 -0.01165717009542364 112445106 112460648 15542
6 2392 rs10806414 90665969 1 0.01162412956102574 90664582 90669325 4743
6 3232 rs1949003 129072154 1 -0.01156130324172107 129072154 129072536 382
6 2024 rs6919752 72763339 1 -0.01151505507980106 72706488 72763339 56851
6 2431 rs10944534 91994620 3 0.0114942258634088 91939989 91995736 55747
6 882 rs12055697 25303100 4 0.01141886744647479 25292214 25319626 27412
6 2985 rs9489193 117769728 2 -0.01140410299795698 117769728 117778588 8860
6 1173 rs441576 33008546 2 0.01137299167678247 33001735 33016728 14993
6 3192 rs584032 126165003 2 0.01128377148401675 126151000 126211659 60659
6 571 rs6926350 16209140 1 0.01128144195100746 16203561 16209140 5579
6 3608 rs1015340 144035357 3 0.01112447827017301 144035357 144038185 2828
6 1136 rs9275524 32675109 3 0.01106464340971766 32675109 32681631 6522
6 2485 rs1492964 94031097 1 0.0110627954350686 94029815 94031097 1282
6 1455 rs6921368 41980666 2 0.01099249170134364 41980666 41980666 0
6 2107 rs1540999 76695323 2 0.01097365876531465 76695323 76710341 15018
6 1419 rs10807248 40844002 3 -0.01093760338437147 40844002 40863535 19533
6 3954 rs1022404 154899702 1 -0.01090929962479005 154899702 154899702 0
6 3397 rs6569937 134620673 2 0.01087391983253927 134620673 134620673 0
6 2144 rs7761742 78420432 1 -0.01086377441906361 78393124 78470331 77207
6 4185 rs1893895 162440687 2 0.01084408860232272 162440687 162445941 5254
6 2060 rs2073465 74229792 3 0.01071022590929672 74194928 74238815 43887
6 4421 rs902393 168463624 1 0.0106389066372449 168463624 168469718 6094
6 3511 rs1188873 139221850 3 0.0105822710348435 139213276 139229872 16596
6 1134 rs3135006 32667119 5 0.01056175769219968 32659878 32667119 7241
6 3449 rs2153893 137295402 4 0.01055342000647393 137288483 137298126 9643
6 4365 rs6925364 166830696 2 -0.01054880582473787 166830696 166830696 0
6 306 rs2068361 7736743 1 0.01054247620455812 7736743 7736743 0
6 3586 rs7738387 143437284 2 0.01054217229918509 143400092 143437284 37192
6 1184 rs3130161 33125858 2 0.01051483365000568 33121678 33131734 10056
6 886 rs7760906 25374754 1 -0.01049778957757733 25370970 25383814 12844
6 1842 rs4710401 63769096 1 -0.0104584449904988 63769096 63771225 2129
6 1391 rs9369152 39962868 1 -0.0103968771048401 39962868 39962868 0
6 1353 rs9380818 38964131 3 -0.01036918210476542 38951998 38965333 13335
6 4344 rs10946116 166480503 1 0.010304861452255 166474887 166487606 12719
6 750 rs1322884 21753645 1 0.01029839701178751 21753645 21753645 0
6 3479 rs643177 138195693 4 0.01025899402706956 138190154 138222510 32356
6 3122 rs9385304 123893646 1 -0.01024549945910222 123893646 123893646 0
6 1422 rs742493 40998167 1 0.01024444594275045 40986623 41008747 22124
6 2966 rs11544160 116784797 3 -0.01019187226348421 116772664 116788453 15789
6 1111 rs495089 32197463 4 -0.01018936975324308 32195988 32205942 9954
6 2006 rs9346471 72137905 1 0.01018854339916533 72137905 72143093 5188
6 1101 rs17207923 32036788 2 -0.01018476033269392 32036788 32078373 41585
6 1892 rs9453597 66826432 1 0.01016245679843083 66796668 66829413 32745
6 4259 rs6914455 164311616 2 0.01013526813626136 164292513 164316375 23862
6 1964 rs1817255 70305899 1 0.0100912658170561 70305899 70312551 6652
6 3816 rs7769973 151032785 1 -0.01006200339472582 151030107 151036450 6343
6 2743 rs9480642 106574892 2 0.01006025818363319 106568034 106576986 8952
6 4242 rs9347738 163769090 1 0.009976348220886 163769090 163769090 0
6 2709 rs2211033 104992395 1 0.00985703403011468 104983785 105003652 19867
6 935 rs200486 27779506 5 0.00980778257123243 27771684 27840926 69242
6 1262 rs9368895 35913096 2 0.00980488837430796 35855286 35913096 57810
6 2674 rs9322695 103467436 1 -0.00978406033835079 103467436 103467436 0
6 1016 rs3094104 30609629 1 0.00970685548561939 30544401 30628252 83851
6 1428 rs9367097 41185458 1 -0.00968850662814366 41181489 41196727 15238
6 2462 rs9345259 93359457 1 0.0096742341471439 93293303 93359457 66154
6 2667 rs1933992 103010088 1 0.00961947966176684 103007392 103018974 11582
6 1947 rs6455286 69238598 3 0.00951454497662376 69237307 69285887 48580
6 2415 rs1145743 91412651 2 0.0094205716718381 91406809 91455178 48369
6 1017 rs2269702 30675135 8 0.00939953112134403 30631063 30681980 50917
6 1900 rs9360207 67154649 2 0.00936579377031514 67154649 67185712 31063
6 1371 rs9471080 39320088 1 0.00932987753577755 39309875 39320088 10213
6 1095 rs2763979 31794592 2 0.00929160818145658 31748820 31834197 85377
6 12 rs2064302 556106 2 -0.00922026220116526 549364 556106 6742
6 2747 rs633724 106734040 3 0.00921604725693237 106727215 106770668 43453
6 4106 rs7754295 160061229 2 0.00917668567970868 160061229 160067287 6058
6 969 rs1233399 29539482 3 -0.00911613517694863 29531818 29559295 27477
6 2795 rs17854547 108214694 1 0.00910698627833612 108214694 108262363 47669
6 2285 rs215939 85466286 1 0.00908650251398989 85396512 85466286 69774
6 308 rs9328444 7785459 2 -0.00906128993916013 7785459 7789943 4484
6 37 rs9501682 1067284 1 0.00901946022179274 1063883 1067284 3401
6 4278 rs6915442 164663686 4 -0.00899117078151995 164663686 164670331 6645
6 2726 rs9398033 106009443 2 0.00898862335152313 106006230 106009443 3213
6 3028 rs195077 119655145 1 -0.00894774105822321 119633534 119655145 21611
6 2441 rs1761783 92401171 3 -0.00893298226451265 92401171 92426566 25395
6 1235 rs41312309 34498328 2 0.00892200201019277 34498328 34505194 6866
6 678 rs1047014 19841493 1 0.00883610967241133 19841493 19841493 0
6 1418 rs870032 40839428 2 0.00882921255648228 40828945 40839428 10483
6 1093 rs805287 31678730 1 -0.00879559951549652 31673436 31692970 19534
6 2353 rs990060 89074336 2 0.00875036512682864 89069402 89075687 6285
6 1561 rs10498762 45743286 2 -0.00874740840003687 45743286 45756479 13193
6 2463 rs9345265 93378241 1 -0.00869478692975381 93369655 93378969 9314
6 3324 rs9493105 132138338 2 0.00866841105313929 132131601 132140491 8890
6 3484 rs666769 138415087 1 0.00864728195978413 138414419 138415246 827
6 3600 rs11155308 143917700 4 0.00863649383323736 143903156 143920811 17655
6 2717 rs7769944 105547105 1 0.00863075356642183 105547105 105552470 5365
6 3344 rs7758170 132825982 1 -0.00860509281064216 132818354 132825982 7628
6 1620 rs7740768 47788531 2 0.00855589192906094 47785831 47788531 2700
6 3019 rs12195334 119407563 4 -0.00854588929694459 119400716 119412952 12236
6 1126 rs3135363 32389648 2 0.00854476276671051 32383108 32392877 9769
6 4486 rs3088346 170149793 3 -0.00851283938942835 170143300 170190200 46900
6 2746 rs11759048 106648764 5 0.0085095262451633 106631780 106687379 55599
6 998 rs3869070 30023868 2 0.0084427280032406 30015167 30058988 43821
6 2946 rs4400248 115230047 2 0.00839775337900246 115194099 115235605 41506
6 1792 rs4715555 55448610 1 0.00837346163996875 55443352 55456654 13302
6 1740 rs927795 53863915 2 -0.00834650725223456 53863915 53868804 4889
6 635 rs9297068 18353562 3 0.00834135203141431 18336777 18353562 16785
6 1914 rs1349813 67801858 3 0.00833785879351143 67792729 67822272 29543
6 1744 rs10484648 54025155 1 -0.00832714127214351 53995504 54050219 54715
6 4500 rs3012372 170567708 2 -0.00829530306895056 170560679 170567708 7029
6 434 rs11961287 11986537 5 0.00829298547071342 11982461 12035329 52868
6 2501 rs515814 94845639 1 0.00822486253150264 94842774 94845639 2865
6 3134 rs4310075 124332238 2 0.00820952286775385 124328531 124333162 4631
6 315 rs365936 7920904 2 -0.00816354392509199 7920904 7924658 3754
6 968 rs362511 29530850 2 -0.00811500903702973 29517093 29530850 13757
6 1073 rs6903496 31352774 1 0.0080979489240324 31351764 31355318 3554
6 4173 rs7760443 162172718 1 0.00800885318492106 162172718 162172718 0
6 1433 rs12193066 41311367 3 -0.00797654229017961 41303207 41320465 17258
6 305 rs1107495 7726057 2 -0.00796464865296444 7718590 7726057 7467
6 175 rs3812178 4716037 1 -0.00789365287365529 4715882 4716037 155
6 3289 rs9492657 130927023 3 -0.00788571444563246 130923327 130928445 5118
6 1849 rs1723535 64136886 3 0.00783954356639112 64136886 64139997 3111
6 3709 rs646839 148258033 5 -0.0078250016219527 148252713 148268026 15313
6 2539 rs17056459 96658670 2 -0.00776392007234928 96612930 96689890 76960
6 227 rs640887 6037327 4 0.0077047321479676 6027082 6054401 27319
6 2936 rs1889556 114479520 3 -0.0076899584259849 114465074 114492599 27525
6 585 rs909788 16636461 2 0.0076631356757973 16627255 16639979 12724
6 2733 rs7766016 106282402 1 0.00764419254483114 106282402 106292430 10028
6 4414 rs35140809 168297647 1 0.0076087311551368 168297435 168329404 31969
6 2719 rs3995549 105670495 1 -0.0075562377556163 105660039 105670495 10456
6 961 rs3094549 29355148 2 0.00754994130562797 29355113 29355148 35
6 526 rs9476591 14579439 1 0.00752904262828362 14560180 14597572 37392
6 36 rs11966212 1056155 2 -0.00752685574011087 1056155 1056196 41
6 1089 rs1800750 31542963 5 0.00749990898405899 31515799 31545391 29592
6 634 rs9477700 18330781 2 0.00748123244626993 18323876 18330781 6905
6 1119 rs3129943 32338695 2 0.00746126828407244 32338695 32339076 381
6 4422 rs9364220 168490568 2 -0.00745432338109018 168490568 168491848 1280
6 844 rs11962116 24221523 2 -0.0074480069468306 24215665 24233288 17623
6 1149 rs1800454 32800412 1 -0.00734928416465203 32798711 32803316 4605
6 3241 rs17056876 129483375 1 0.00727311289906857 129483375 129507909 24534
6 3620 rs6929066 144402945 1 -0.007243796091216 144402945 144417730 14785
6 4396 rs4709142 167407584 1 0.00723876859297171 167373708 167438276 64568
6 2510 rs2076704 95089937 1 -0.00722604302643246 95080580 95089937 9357
6 4036 rs9384527 157442540 3 -0.00721069304199293 157439183 157442540 3357
6 1542 rs12205657 44680615 2 -0.0071736642899138 44680615 44699068 18453
6 2987 rs9320605 117817775 6 0.00717169959646144 117814437 117823508 9071
6 546 rs150448457 15496930 2 -0.00709700332265982 15476048 15500687 24639
6 220 rs7775306 5909164 2 -0.00705734296926354 5898375 5919551 21176
6 485 rs497505 13355485 1 -0.00691235182125596 13355485 13355485 0
6 4363 rs9356478 166751416 1 -0.00689754511187331 166747572 166751416 3844
6 2445 rs12526373 92669376 2 0.0068939888682951 92669376 92712609 43233
6 2646 rs1856137 102077056 1 -0.00684838020336956 102077056 102077056 0
6 4487 rs713367 170205573 4 -0.0068404946677615 170190659 170208204 17545
6 11 rs6918152 542159 2 0.00679828076190664 526744 543134 16390
6 2525 rs4607439 96214015 2 -0.00677782692017491 96193945 96218908 24963
6 3178 rs9482645 125672037 1 0.00675690406238226 125672037 125672037 0
6 4507 rs6909815 170814626 5 0.00675233588729166 170802175 170847181 45006
6 2770 rs908819 107307003 1 0.00674934441548745 107307003 107307003 0
6 2822 rs4946977 109775366 2 -0.00671855945497485 109726739 109787596 60857
6 769 rs6924146 22238088 1 0.00668320985226586 22238088 22238088 0
6 4412 rs4077196 167825895 4 -0.00664514314059228 167824688 167833557 8869
6 853 rs2244216 24466721 4 -0.00662185185770697 24464907 24481039 16132
6 4168 rs6455744 162060468 2 -0.00661750180086745 162060468 162068565 8097
6 481 rs413120 13280641 4 -0.00658870305773185 13278788 13294866 16078
6 3267 rs6939565 130194204 1 -0.00658449146850964 130194204 130194422 218
6 3911 rs1321602 153588258 1 -0.00654305243633366 153588258 153588258 0
6 164 rs4959299 4492079 1 0.00651725839441988 4491493 4492079 586
6 4 rs7757906 412741 1 0.00651377604973669 405873 412741 6868
6 433 rs11963539 11969231 2 0.00650949026722603 11959888 11976739 16851
6 4393 rs4710128 167282950 1 -0.00648167092019967 167276965 167282950 5985
6 1243 rs3756856 35110705 1 0.00643102027796805 35090097 35117399 27302
6 3213 rs9491849 127945200 2 0.00640312319580944 127923526 127945200 21674
6 1658 rs283547 50967007 4 -0.00639778536418514 50951649 50980245 28596
6 3873 rs17082236 152470752 2 -0.00634652449477847 152464839 152470752 5913
6 4409 rs2981984 167767987 1 0.00631375060148307 167765251 167770736 5485
6 4211 rs2846463 162966431 1 -0.00628985305546474 162962262 162970471 8209
6 2805 rs2764261 108927842 4 -0.0062791701799675 108867031 108927842 60811
6 13 rs2073009 572480 2 0.00626557632044673 570556 576902 6346
6 1592 rs6927483 46889577 4 0.00625119450941914 46868763 46889577 20814
6 256 rs3789766 6618373 2 0.00624945481137473 6614433 6619698 5265
6 4462 rs9346489 169326799 1 -0.00613283599115145 169326799 169327747 948
6 2810 rs1268160 109075953 1 0.00607913852976914 109075953 109075953 0
6 2897 rs1767965 112852469 2 -0.0060654219134936 112818452 112852469 34017
6 311 rs13213419 7868106 1 -0.00604858543799648 7868106 7877419 9313
6 215 rs2145980 5737122 1 0.00598726467113272 5737122 5737122 0
6 3394 rs4896028 134539179 1 0.00594939523458081 134539179 134539179 0
6 4035 rs17088067 157398175 1 -0.00593832759271773 157398175 157398175 0
6 4300 rs12174875 165471482 1 -0.00588123848830454 165471482 165478051 6569
6 3187 rs1342698 125940941 1 0.00586068668270324 125940188 125944755 4567
6 4423 rs1473500 168511016 3 0.00584490462222712 168506045 168515674 9629
6 1148 rs241443 32797115 6 0.00584319397946278 32795706 32797809 2103
6 3272 rs1112847 130335109 3 -0.00582260470657627 130328639 130337266 8627
6 1673 rs2397060 51611470 3 -0.00580550721176906 51579595 51613177 33582
6 2217 rs6935142 81856665 2 0.00579033460283483 81856665 81907559 50894
6 291 rs9505168 7327846 1 -0.00569940492887063 7327846 7327846 0
6 1279 rs1061632 36457484 4 0.0056841420612341 36393816 36457484 63668
6 2390 rs292255 90643281 1 0.00568187989151798 90643281 90646226 2945
6 667 rs9348385 19548810 1 0.00566342344431364 19548810 19548810 0
6 368 rs855398 10047914 1 -0.00564491978673799 10047914 10047914 0
6 1053 rs7747738 31230924 3 0.00562852932535326 31229644 31237779 8135
6 3965 rs7744915 155368063 1 -0.00559178836146282 155366098 155368063 1965
6 3985 rs6919626 155766362 2 0.00555615791701275 155766362 155766944 582
6 2328 rs932742 87804685 1 0.00554658131952849 87798512 87814241 15729
6 591 rs3812227 16741886 2 0.00554406547917628 16741886 16742033 147
6 1595 rs1873318 46966274 2 0.00554359031003836 46957625 46985955 28330
6 2261 rs6901074 84173944 1 -0.00553342503240067 84168968 84182057 13089
6 2043 rs7740606 73489110 1 -0.00551784678375367 73478625 73489110 10485
6 285 rs1334576 7211818 2 0.00543566276173751 7211751 7217517 5766
6 381 rs533746 10388968 1 -0.00542654718990195 10388968 10388968 0
6 1736 rs3003489 53690779 1 -0.0054197087508824 53668237 53732277 64040
6 426 rs4713856 11761177 2 -0.0053993464932649 11761177 11761459 282
6 1440 rs16894733 41460739 2 0.00538525083782652 41460739 41460739 0
6 1424 rs12194477 41116774 1 -0.00538290220091246 41116774 41116774 0
6 1024 rs3095345 30822413 1 0.00537910950700767 30800577 30877202 76625
6 504 rs9296918 14073320 1 0.00534896657393352 14073320 14075513 2193
6 126 rs1205032 3485134 2 -0.00533311707877905 3485134 3496602 11468
6 760 rs6909060 21986847 2 0.00533148192859147 21986847 21987230 383
6 4297 rs10946054 165394580 1 -0.00532221778740691 165394580 165398137 3557
6 588 rs1359067 16696724 1 0.00531479588392979 16696724 16700833 4109
6 2959 rs9320552 116310336 1 0.0052555435398148 116310336 116311701 1365
6 716 rs9465914 20836213 1 -0.0051636633376221 20829772 20844151 14379
6 4386 rs6456115 167147741 1 -0.00513497194253381 167147083 167152526 5443
6 2824 rs1096136 110016656 1 -0.00513318915654716 109896308 110028962 132654
6 1954 rs3823064 69681617 2 -0.00509855290651384 69681617 69702416 20799
6 1879 rs9360139 66284186 2 0.00509116019205659 66258778 66285958 27180
6 522 rs2223220 14441229 2 -0.00506926065385614 14441229 14457917 16688
6 2168 rs10943608 79674929 3 0.0050669236580309 79623630 79754360 130730
6 2935 rs1011910 114417219 3 0.005061656918634 114417219 114447603 30384
6 2385 rs4707557 90362783 1 0.00501459027573912 90340276 90416006 75730
6 2551 rs1359931 97377572 2 -0.00500849344903443 97365239 97414949 49710
6 607 rs1408299 17154680 2 0.00500310636842098 17154680 17213063 58383
6 922 rs9348747 27002406 2 0.00499737967502433 26942027 27006475 64448
6 3896 rs578512 153124301 2 0.00499373534491216 153119212 153124301 5089
6 214 rs6924018 5723227 1 0.00498063516464481 5723227 5723227 0
6 4442 rs2749250 168905499 4 0.00496266578229828 168901739 168905583 3844
6 2839 rs964080 110710018 3 -0.00495693742789277 110710018 110719180 9162
6 2012 rs9358960 72279021 2 0.0049510488908807 72250141 72289651 39510
6 2875 rs11961774 112155473 2 0.00494362163348678 112152415 112175517 23102
6 18 rs17136239 656343 2 0.00493393275714379 654482 665448 10966
6 69 rs9328072 1828165 1 0.00493136771017982 1828165 1828165 0
6 3480 rs9376307 138283265 1 0.00490209638908303 138275769 138283265 7496
6 3545 rs661704 141174222 2 -0.00488604893685347 141141957 141174222 32265
6 1975 rs3806014 70795455 4 0.00488058416909741 70784746 70807603 22857
6 3096 rs3813492 123038540 3 -0.00485787653817757 123034505 123047590 13085
6 1255 rs6926133 35579375 1 -0.00479558246229254 35579375 35646435 67060
6 1236 rs13194133 34532922 3 0.00476567588649297 34527019 34540022 13003
6 1030 rs4713412 30987211 3 -0.00474669132243623 30986527 30992346 5819
6 762 rs9350407 22021230 2 0.00474603264949099 22017738 22021230 3492
6 1328 rs2842510 37909084 6 0.00471943113050343 37909084 37990758 81674
6 1085 rs3132469 31456567 1 0.00469395730569426 31456567 31461966 5399
6 2225 rs194914 82432826 1 0.0046900492412493 82424596 82432826 8230
6 2222 rs12213217 82195125 3 0.00463984777970973 82193109 82286331 93222
6 4111 rs1983633 160352497 2 0.00461377550286144 160335017 160358781 23764
6 4358 rs9365980 166661420 1 0.00459885384468079 166654968 166661420 6452
6 1528 rs9381324 44407897 2 -0.0045791750807735 44399966 44413736 13770
6 1124 rs28362681 32370879 2 0.00452839907975809 32368087 32374640 6553
6 441 rs9380902 12201764 1 0.00452760431063766 12196910 12201764 4854
6 2282 rs4438935 85286776 1 0.00452665789424308 85286776 85329139 42363
6 2951 rs9400862 115944185 5 -0.00450368524350795 115905297 115946279 40982
6 1693 rs16882561 52329510 2 -0.00449377508989586 52285957 52347757 61800
6 3360 rs11154703 133243774 4 0.00448447154180854 133236406 133256495 20089
6 259 rs3804490 6653139 3 0.00445936871954995 6653139 6656487 3348
6 508 rs35118414 14131854 1 0.00443306490314177 14131854 14131854 0
6 3268 rs9375674 130216510 4 -0.00442872828479268 130216510 130242858 26348
6 3328 rs4897553 132234136 2 0.00439573984681382 132228577 132234136 5559
6 2209 rs976145 81407258 1 0.00439506423030756 81406662 81429073 22411
6 121 rs3813477 3398623 1 -0.00437050825164367 3398623 3398623 0
6 3121 rs7749215 123869906 3 0.00436349009765175 123868992 123869906 914
6 2621 rs241819 100910798 3 -0.00432796195065107 100894587 100910798 16211
6 430 rs4711432 11799148 1 0.00432438713840633 11799148 11799148 0
6 1276 rs1476017 36310896 1 -0.00430353092493343 36304505 36312907 8402
6 3529 rs668459 139835689 3 0.00426481584451356 139834012 139835689 1677
6 573 rs6933491 16268408 5 -0.00423522089210868 16268059 16289328 21269
6 4447 rs2342635 169002834 1 -0.00423198967563605 168991469 169002834 11365
6 2062 rs382041 74307685 1 -0.00423115675315583 74307685 74360841 53156
6 317 rs10458216 8001291 1 -0.00422635909776699 7981671 8001337 19666
6 550 rs1474605 15658212 2 -0.00422470894546096 15653649 15658212 4563
6 770 rs6903568 22274766 2 -0.00422023844594658 22272753 22274766 2013
6 2268 rs2497113 84767152 1 0.00419493448219503 84767124 84767152 28
6 1626 rs584557 48288536 4 0.00419253905346023 48282842 48288536 5694
6 2750 rs6568433 106829537 1 0.00417568369364902 106829537 106831766 2229
6 4112 rs9456484 160391189 1 0.00415916602907534 160391189 160398330 7141
6 628 rs4716213 18052449 1 0.00415336591171492 18038081 18056273 18192
6 2611 rs10499028 100352613 1 -0.00415175413443493 100352613 100354935 2322
6 2003 rs7753757 72034337 4 0.00412757510557885 72034337 72048250 13913
6 1864 rs4710283 65506077 1 -0.00411859359671516 65505408 65506077 669
6 287 rs116683035 7248990 1 -0.0040906458212479 7247344 7254641 7297
6 1995 rs1418677 71788265 2 0.00408747939916618 71763859 71793334 29475
6 4245 rs2744422 163794506 1 -0.00408092193997913 163794506 163794506 0
6 4325 rs7738923 166077866 1 0.00405906126894738 166077866 166077866 0
6 4403 rs7761658 167644277 1 0.00405750357608863 167634544 167644277 9733
6 3648 rs9399525 145313726 1 0.00405606727089022 145313726 145315238 1512
6 3430 rs12201044 136064441 4 -0.00404558965710809 136064441 136109831 45390
6 1774 rs9382460 55037484 5 0.00402811278732939 55033223 55041811 8588
6 52 rs731394 1405284 2 -0.00400080286160806 1405284 1405284 0
6 580 rs9396676 16460906 1 0.00399880689676258 16460906 16468304 7398
6 35 rs6925338 1049017 2 -0.00398858678387108 1038522 1049358 10836
6 4235 rs233 163704008 2 -0.0039650648764417 163697439 163704008 6569
6 641 rs2064175 18581172 2 -0.00396369456979723 18573670 18590893 17223
6 3099 rs9375186 123131515 1 0.00394991423709966 123131515 123131515 0
6 61 rs1962432 1680806 3 0.00393904036348212 1661570 1689518 27948
6 3771 rs3798763 150211100 1 0.00387854858880948 150210681 150226059 15378
6 2902 rs6568736 113017260 2 -0.00383499787976392 112986614 113062961 76347
6 146 rs12110567 4016348 1 0.00382894448011292 4011912 4016348 4436
6 845 rs6923278 24247896 2 0.00382818521297888 24234933 24261259 26326
6 925 rs13219354 27185664 2 0.00380455000028267 27154361 27210614 56253
6 1341 rs1049346 38670837 2 -0.00380112864403642 38650628 38672079 21451
6 309 rs927402 7810225 1 0.00378387499045661 7810021 7825257 15236
6 1250 rs2076167 35391787 2 0.00378133329064191 35391787 35402805 11018
6 914 rs9379844 26291527 1 -0.00377796667580315 26291527 26322985 31458
6 843 rs1856839 24193869 1 0.00376344457593715 24188947 24195759 6812
6 4444 rs2763249 168926062 3 0.00371280021609402 168918991 168930758 11767
6 1011 rs1012411 30332555 2 -0.00370059280098443 30325531 30364524 38993
6 3635 rs9403564 144858217 3 0.00369800049821505 144850993 144891032 40039
6 118 rs744375 3349908 1 -0.00369677897248013 3343544 3349908 6364
6 3781 rs9479734 150444811 1 -0.00369645986539067 150442936 150448358 5422
6 4218 rs11968371 163291953 1 0.00369170693611728 163287279 163291953 4674
6 1165 rs206786 32935179 3 0.00367126882135467 32911127 32937901 26774
6 2732 rs12660517 106255713 1 0.00365859203854558 106255713 106257938 2225
6 2321 rs16879870 87531746 1 0.00365413043121937 87531746 87541925 10179
6 3104 rs4243496 123326275 3 0.00362773870211892 123323407 123344094 20687
6 2681 rs9499395 103788272 2 -0.00361771195304395 103784799 103816260 31461
6 779 rs2000191 22504748 4 -0.0036009948705716 22504748 22513002 8254
6 3345 rs1591811 132842396 1 -0.00359413971286772 132842396 132847676 5280
6 3341 rs2876186 132728085 1 0.00358547757018397 132728085 132735020 6935
6 2007 rs852961 72186990 2 -0.00356531634291188 72157229 72186990 29761
6 225 rs582186 6001381 1 -0.00355566491834659 5995651 6001381 5730
6 4120 rs13209686 160595233 2 -0.00355346336262453 160582340 160595233 12893
6 312 rs3812162 7911702 1 0.00352223227496906 7890272 7911702 21430
6 4431 rs6924059 168666768 1 -0.00351389094431648 168654978 168666768 11790
6 4450 rs4708373 169058051 3 -0.00350355397442881 169049871 169075499 25628
6 680 rs2103598 19901452 1 -0.00349860163698795 19899654 19908495 8841
6 3767 rs9498335 149693784 2 -0.00348320886433511 149658978 149744632 85654
6 852 rs61748577 24454313 1 -0.00347391299219154 24444534 24460679 16145
6 3958 rs7744421 155094764 2 0.00347199194843562 155094764 155153307 58543
6 329 rs6597313 8379808 1 -0.00341703026342817 8377927 8388757 10830
6 723 rs77152992 21065449 1 0.00336019838605117 21043139 21065449 22310
6 301 rs9392164 7643033 4 -0.00334689699516709 7638095 7645171 7076
6 625 rs9297052 17919563 2 0.00333347672853994 17890002 17934143 44141
6 1046 rs3130503 31137165 2 -0.00333206293717859 31134888 31141523 6635
6 1878 rs7776123 66241604 2 0.00331975855331876 66232692 66254084 21392
6 1420 rs7746902 40926958 1 -0.00330745982388014 40926958 40928923 1965
6 1493 rs7775611 43652770 2 0.00329875430121213 43645833 43652770 6937
6 4348 rs1867596 166517429 3 -0.00329660045806734 166513487 166520236 6749
6 3398 rs374522 134648414 1 -0.00329023991180265 134648414 134648414 0
6 3666 rs12200797 146615383 1 0.00328691621221933 146543192 146652354 109162
6 2962 rs11153598 116486792 2 0.00328451620866183 116470561 116509636 39075
6 3420 rs6569992 135452152 1 0.00327340905616964 135435501 135452152 16651
6 3570 rs13217677 142921498 2 -0.00326047402589904 142879589 142921498 41909
6 3018 rs17080799 119380885 1 0.00326029233233061 119371603 119380885 9282
6 2270 rs7741955 84829622 1 0.00325467318980591 84829622 84856409 26787
6 3791 rs884678 150658401 1 -0.00324302330294984 150649726 150660611 10885
6 2598 rs4077236 99808347 1 -0.00323722998715689 99793615 99819379 25764
6 1580 rs1527691 46542804 2 -0.00321779090871275 46519210 46542804 23594
6 4219 rs7738903 163320074 1 0.00321321064877718 163318480 163321232 2752
6 1294 rs707998 36925774 1 -0.00320279231487697 36924102 36934762 10660
6 1919 rs9345994 67952979 2 0.0031816507673162 67931943 67965720 33777
6 2079 rs9350550 75160914 1 -0.00317574195762389 75140143 75175449 35306
6 912 rs10946808 26233387 3 -0.00317309573963596 26205293 26233387 28094
6 299 rs9406042 7623854 1 -0.00317087166225013 7618813 7623854 5041
6 4390 rs2178806 167218762 2 -0.00316469161797442 167218762 167226226 7464
6 3446 rs17065704 137214826 1 0.00316044899493849 137214826 137234163 19337
6 3559 rs1884055 142175291 3 -0.00315731623445788 142161916 142177674 15758
6 2352 rs9362478 88989087 2 0.00314870688579246 88978312 89033459 55147
6 1196 rs530878 33551514 1 -0.00314579314211059 33540209 33551514 11305
6 3059 rs6917641 121264105 4 0.00313925798973015 121256344 121265141 8797
6 3544 rs1336370 140958047 1 0.00312773915317821 140958047 140958047 0
6 3751 rs6933251 149285138 1 -0.00312376384187191 149285138 149287703 2565
6 4298 rs911727 165405678 2 -0.00311670152605619 165405678 165434315 28637
6 1833 rs2134476 62756425 1 -0.00311230047471826 62723867 62828295 104428
6 511 rs853377 14175404 1 0.00310757521522479 14162949 14190765 27816
6 970 rs29246 29588146 1 -0.00310413310383668 29566369 29598119 31750
6 409 rs7769173 11224748 1 -0.00309323579667453 11224748 11227987 3239
6 3380 rs3777878 133821417 1 0.0030865838224106 133817456 133833284 15828
6 2162 rs11756326 79306231 4 -0.00308126731027905 79259290 79308605 49315
6 4480 rs9478125 169806814 1 -0.00307688386739364 169805128 169820381 15253
6 3755 rs6917010 149398511 1 0.00307146973475756 149366064 149411689 45625
6 47 rs2252693 1277151 2 0.00305684314060763 1277151 1277151 0
6 1456 rs9369324 41993007 1 0.00304568440388713 41989989 41993007 3018
6 3516 rs2498638 139397459 2 -0.00304531742654832 139397459 139397459 0
6 1228 rs11961715 34095696 1 0.00301212078768022 34095696 34103954 8258
6 2774 rs10457161 107505241 1 0.00300664874186698 107493418 107505241 11823
6 1177 rs6457713 33077776 1 -0.00298966661513446 33075635 33080359 4724
6 1917 rs9360275 67895080 2 -0.00298003435605211 67866601 67895080 28479
6 2301 rs9362180 86011079 1 0.0029766263320597 86004204 86039744 35540
6 3431 rs947583 136133659 1 0.00297510740317674 136133659 136133659 0
6 142 rs9328207 3944564 2 0.0029548023607427 3944564 3944564 0
6 951 rs11754985 28711074 2 0.00295049709022628 28689672 28722799 33127
6 3140 rs7771967 124606520 2 0.00294201226007346 124603503 124606520 3017
6 2968 rs117169123 116949359 2 -0.00292683811871316 116923596 117011184 87588
6 294 rs9406039 7528113 3 0.0029154514120682 7528113 7539954 11841
6 292 rs2876098 7374207 3 -0.00290231305131403 7374207 7432983 58776
6 943 rs9468344 28309569 2 -0.00288301091929264 28299687 28321544 21857
6 3299 rs10457562 131189874 2 0.00286838690151705 131184770 131215821 31051
6 894 rs10456324 25600968 3 0.00286557525408606 25582771 25606181 23410
6 396 rs2076258 10876036 1 0.00285984483337184 10872061 10876036 3975
6 854 rs1126617 24489652 1 -0.00285854897720086 24487434 24507761 20327
6 983 rs1611133 29809382 1 0.00284330619079388 29801110 29813942 12832
6 3452 rs12214209 137378863 1 0.00284295853382564 137378863 137378863 0
6 1996 rs1857225 71829282 1 0.00281540600300495 71829282 71829282 0
6 4188 rs6917371 162506568 2 -0.00279569911961997 162506568 162514407 7839
6 1132 rs2187668 32605884 1 0.00279349659131813 32605884 32605884 0
6 1788 rs9464247 55313379 2 -0.00276718752642711 55301723 55317936 16213
6 1549 rs1321081 45355609 1 -0.00276323261764586 45290634 45355609 64975
6 773 rs1341239 22304204 3 -0.00276153747248749 22304204 22312287 8083
6 3799 rs7769234 150751874 2 0.00275939735716495 150744999 150751874 6875
6 1603 rs6931360 47166183 1 -0.00274961560785541 47163013 47187915 24902
6 4471 rs7743310 169591548 1 -0.002736882376719 169571419 169594553 23134
6 651 rs634162 18989461 1 -0.00273531490913548 18989461 18989461 0
6 3110 rs2195729 123590126 2 0.00272138863750487 123590126 123628287 38161
6 2033 rs1572208 73171594 2 0.00271089943170901 73171594 73171594 0
6 2986 rs7749229 117787897 2 -0.00271071321476843 117785696 117799572 13876
6 2683 rs9391023 103924200 1 -0.00270822861433073 103916711 103962411 45700
6 3355 rs2294758 133045812 1 0.00270695799830775 133045812 133072571 26759
6 1867 rs2350001 65628676 1 -0.00270497723664572 65620858 65628676 7818
6 1012 rs1362117 30367182 1 -0.00270475541057113 30365448 30372987 7539
6 3390 rs6902440 134287736 1 -0.00269628777382264 134260676 134287736 27060
6 638 rs7755288 18499926 1 -0.00266469279284267 18476660 18499926 23266
6 4313 rs7748041 165871066 2 0.00266301175882645 165852979 165871066 18087
6 4489 rs6899311 170266650 1 -0.00265645005792829 170255046 170267771 12725
6 151 rs13206717 4154018 1 0.00264459924930591 4154018 4154018 0
6 2237 rs9294254 82958246 1 0.00264383597591841 82888064 82962125 74061
6 3418 rs9399137 135419018 3 0.00263814744741646 135409116 135419305 10189
6 590 rs6459484 16731200 3 -0.00263718575705424 16727712 16740750 13038
6 1809 rs2038144 56204780 1 -0.00261082571111434 56204780 56204780 0
6 2204 rs10498923 81253907 5 0.0026019656784234 81228527 81274336 45809
6 650 rs834362 18976445 2 -0.00258472282241776 18970677 18984299 13622
6 3424 rs7766656 135617601 1 -0.0025840140253557 135606565 135619996 13431
6 1241 rs2177380 34980601 2 0.00258359259469806 34960744 34982599 21855
6 2835 rs9400359 110392627 3 -0.00257986559156254 110389926 110399223 9297
6 927 rs2281023 27277665 3 0.00256912941663036 27261324 27293107 31783
6 973 rs61730327 29640951 1 -0.00256681825009412 29615822 29649056 33234
6 307 rs17673852 7763858 1 0.00256341946578904 7743663 7765840 22177
6 3756 rs9498215 149421083 2 0.0025501160128408 149416054 149435111 19057
6 1018 rs9500864 30693232 3 0.00254898276629438 30688427 30716117 27690
6 2234 rs884656 82767410 5 -0.00253281314255328 82763865 82776291 12426
6 2165 rs9352611 79396968 2 -0.00252638388363653 79396968 79428024 31056
6 3273 rs6569648 130349119 2 0.00252199712424484 130349119 130374102 24983
6 3591 rs9376740 143617983 2 -0.00250083179287298 143598107 143621631 23524
6 3249 rs6936981 129667270 2 -0.00247708275046058 129667270 129704589 37319
6 2304 rs545969 86092879 1 0.00247679875312396 86091724 86115244 23520
6 761 rs11966463 22003895 1 0.00245114977145983 21996130 22012566 16436
6 3233 rs6569559 129141326 1 0.00244562800093687 129141297 129141326 29
6 636 rs10949509 18441624 3 0.00243137157048439 18424299 18446747 22448
6 1624 rs1325707 47963249 2 0.00241159372247486 47941339 47963249 21910
6 3649 rs2069128 145342763 3 -0.00240406405942134 145333573 145351743 18170
6 3212 rs1913077 127853444 1 -0.00236246364712052 127842630 127873421 30791
6 3706 rs540737 148206547 1 -0.00235874303485192 148205420 148207621 2201
6 4338 rs6456029 166307718 7 0.00235627944054583 166299347 166310842 11495
6 3543 rs17069974 140794431 1 0.00234956288884559 140794431 140794431 0
6 3519 rs17304375 139435878 1 -0.00234713644804256 139435577 139500135 64558
6 188 rs119408 5159064 1 -0.00234658217381586 5159064 5159064 0
6 1820 rs1562908 56857665 1 -0.00234262312116004 56857665 56857665 0
6 2642 rs9386283 101997543 1 0.00234216856964398 101990259 102007227 16968
6 905 rs34525648 25914853 3 -0.00233697268441406 25903308 25939723 36415
6 2862 rs3204953 111628626 1 -0.00232279654935904 111598246 111635808 37562
6 3790 rs7741814 150590784 2 0.00231596399153885 150589471 150591429 1958
6 2307 rs41271629 86257229 2 0.00231109736738249 86232543 86345039 112496
6 3216 rs10484716 128175722 3 -0.00229957980681032 128143774 128184738 40964
6 3782 rs4870302 150449865 1 0.00229944969115669 150449865 150450034 169
6 365 rs13217591 9956562 2 -0.00229161904898358 9956562 9956562 0
6 450 rs9381141 12429371 1 -0.0022835159423861 12429371 12437137 7766
6 499 rs4715723 13958654 1 0.0022721196149936 13958654 14006238 47584
6 3114 rs10872265 123708198 1 -0.00226593666482198 123695681 123724482 28801
6 1583 rs9381468 46625274 3 -0.00224972339058925 46623698 46632594 8896
6 875 rs6918101 25027288 1 0.00224916554144681 25027095 25028663 1568
6 2893 rs9387075 112718049 1 -0.00224663062475154 112706267 112730624 24357
6 1219 rs12523795 33876434 2 0.00224607917919749 33876082 33877627 1545
6 971 rs1805056 29600104 1 -0.00224263324542558 29600104 29600104 0
6 918 rs13195509 26463660 1 0.00223110208672436 26454454 26463660 9206
6 1871 rs1145943 65882186 3 -0.00221955635740807 65857285 65882186 24901
6 1896 rs9453647 66957869 1 -0.00221631883735889 66933538 66957869 24331
6 2201 rs1341278 81038921 1 0.00218948552338266 81034730 81057918 23188
6 1293 rs12202755 36884681 2 -0.00218445660584493 36825573 36884681 59108
6 3513 rs9376393 139325711 2 -0.00218201232233554 139325711 139325711 0
6 3337 rs1998075 132560968 1 0.00217546756860928 132560968 132567078 6110
6 1974 rs3806000 70767756 2 0.0021713638742373 70766504 70777350 10846
6 2785 rs1006074 108006922 3 0.00217077951035911 108006922 108012831 5909
6 4380 rs7752989 167082896 2 0.00217047591295827 167082896 167084126 1230
6 2486 rs4706437 94051172 1 -0.00212247979899357 94051172 94062054 10882
6 1922 rs12199119 68024278 2 -0.00210512409306177 68024278 68050150 25872
6 1096 rs115884658 31864538 1 0.00209842158527557 31837250 31870873 33623
6 4152 rs3757037 161697400 2 0.00209761802882625 161697400 161697400 0
6 1479 rs2274515 42933526 2 -0.00208979792563556 42926024 42940673 14649
6 2300 rs9359645 85992024 1 0.00207883424927551 85992024 85992024 0
6 2448 rs7759851 92838614 1 0.0020764940926092 92827954 92838614 10660
6 3088 rs9372690 122663662 3 -0.00207525512595341 122605510 122673727 68217
6 171 rs437875 4666878 3 0.00207461392415518 4662666 4666878 4212
6 2420 rs1542650 91532613 2 -0.00207412649753698 91529722 91534091 4369
6 209 rs11962015 5618987 1 0.00207367606307491 5618987 5618987 0
6 3469 rs526676 137891497 1 0.00207067016743132 137876921 137891497 14576
6 4084 rs926657 159463452 6 0.00206949312589491 159451328 159465977 14649
6 3141 rs1851780 124627115 1 0.00205630745704557 124627115 124632606 5491
6 2777 rs2500585 107637582 2 0.00204704033175809 107637486 107671156 33670
6 2874 rs2148709 112121228 1 -0.00204561095203721 112121228 112138882 17654
6 976 rs17875380 29691582 1 -0.00204530928269384 29684634 29696245 11611
6 1764 rs2063117 54632173 2 -0.00204515485154747 54626318 54632536 6218
6 1719 rs934147 53239608 1 -0.00204153304457934 53239608 53239608 0
6 1168 rs381218 32977420 4 0.00203711192317771 32973743 32979020 5277
6 2435 rs9351269 92194948 1 -0.00203521926747909 92194948 92194948 0
6 1741 rs1409098 53882340 2 0.00202344843451887 53877181 53889975 12794
6 4053 rs9356167 158373370 2 -0.00202048673188843 158371084 158373370 2286
6 345 rs2038702 9140658 2 -0.00201705687230058 9139583 9142017 2434
6 4286 rs2047282 165016833 4 0.00201648218032733 164994771 165016833 22062
6 1671 rs2174861 51537351 1 0.00201397885194033 51537351 51544360 7009
6 1687 rs2307325 52142092 1 -0.00201128148100809 52126705 52142092 15387
6 2061 rs12191488 74265875 2 -0.00200921862700913 74265875 74279910 14035
6 4113 rs6455678 160415341 3 0.00200910043547942 160402705 160425247 22542
6 3206 rs9491697 127456122 1 0.00199745058320871 127452935 127492840 39905
6 2679 rs513091 103629777 2 -0.00198909966065832 103624808 103635120 10312
6 1821 rs7753537 56954439 2 -0.00198675321039179 56917538 57042709 125171
6 2191 rs1590244 80540223 1 -0.00196608401153921 80533187 80550286 17099
6 1645 rs699977 49716228 2 -0.00194669076390443 49663567 49717550 53983
6 4478 rs7741251 169763254 1 0.001945887900286 169742250 169763254 21004
6 1209 rs12195485 33790877 1 -0.0019446256585787 33774394 33791230 16836
6 4288 rs903791 165115007 1 0.00191427156691247 165072761 165117395 44634
6 3661 rs12526956 145872147 2 0.00191194504717655 145781916 145872147 90231
6 3827 rs17080705 151340454 1 0.00189929452350559 151338793 151341298 2505
6 2334 rs2754262 88405585 2 0.00189559839913808 88367635 88411768 44133
6 2762 rs7773795 107073939 1 -0.00189414390419774 107063162 107073939 10777
6 498 rs1192057 13948389 3 -0.00188714066667115 13943781 13952482 8701
6 4128 rs394487 160778639 1 -0.0018864599713848 160773378 160778639 5261
6 2161 rs7744328 79241525 1 -0.00188092116549704 79241525 79242701 1176
6 3063 rs56300302 121401996 1 -0.00187636863058309 121382046 121412114 30068
6 4020 rs6931416 156787460 1 -0.0018691162375019301 156787460 156787460 0
6 3532 rs11751645 139902376 2 -0.00186642636019219 139902376 139911322 8946
6 1543 rs3799965 44798617 1 -0.00185034247073792 44777691 44816181 38490
6 2049 rs947612 73738661 1 -0.00184644742566808 73738661 73738661 0
6 70 rs6940806 1859793 1 -0.00184559166993511 1859793 1859793 0
6 3349 rs3813354 132910634 3 -0.00183998414038715 132910612 132913582 2970
6 2351 rs1408702 88973751 3 -0.00183061396121575 88955689 88973751 18062
6 219 rs1407793 5884859 1 0.00183039399620655 5884859 5884859 0
6 2682 rs2399936 103885347 1 0.00182206420368663 103862101 103900570 38469
6 2788 rs1728127 108034407 3 0.001821265338374 108033286 108039149 5863
6 1790 rs12208624 55365000 2 -0.00181384776178562 55364966 55393286 28320
6 1815 rs35497571 56485023 1 -0.00181158615744647 56444168 56485023 40855
6 1618 rs6912824 47742527 1 -0.00179783995512998 47739785 47742527 2742
6 4388 rs9457204 167192368 1 0.00179252601115397 167192368 167200813 8445
6 1571 rs2022419 45973511 1 -0.00179221252338483 45968860 45976396 7536
6 4485 rs41265385 170068086 1 -0.00178629074953258 170068086 170113244 45158
6 3878 rs9383976 152542548 1 -0.00177604756783241 152540278 152542548 2270
6 60 rs2569844 1649347 3 0.00177107102659604 1641007 1649347 8340
6 4201 rs9365399 162735881 2 0.00176753793826909 162735881 162748555 12674
6 3433 rs1891362 136239179 5 0.00175704584822812 136227558 136244220 16662
6 578 rs2237209 16420840 3 -0.00175350427837357 16420840 16425403 4563
6 3564 rs138994608 142400020 1 -0.00174572567887998 142396790 142445656 48866
6 1019 rs567302900 30719909 1 -0.00172276738130697 30719909 30732054 12145
6 1340 rs13210334 38628282 3 -0.0017176182928685 38627279 38646630 19351
6 208 rs941427 5607234 1 -0.00171691537287852 5604113 5607234 3121
6 2458 rs7740559 93178019 1 -0.00171605869355251 93150800 93179624 28824
6 4350 rs2028792 166572941 2 -0.00169947987440425 166558164 166575787 17623
6 3557 rs2024658 142041859 6 -0.00169472058593591 142038365 142076325 37960
6 1020 rs3130667 30743241 4 0.00168601022714455 30735105 30747216 12111
6 3792 rs9397900 150665752 1 0.00168396707562738 150665752 150673177 7425
6 4355 rs4591822 166623917 1 -0.0016829324854148 166623917 166623917 0
6 2013 rs720742 72321902 1 0.00166987461440735 72300534 72365557 65023
6 3711 rs6905027 148274932 3 -0.00166974903280365 148274611 148297601 22990
6 2662 rs3849217 102670891 1 0.00166289757661404 102639153 102670891 31738
6 533 rs9476648 14743783 2 -0.00166265080323478 14737509 14756493 18984
6 2412 rs1556091 91344491 2 0.00165567889682205 91343038 91352508 9470
6 3455 rs276467 137464218 1 0.00165523297634528 137454459 137464218 9759
6 3151 rs535492 124863962 2 0.00164886517029657 124863962 124863962 0
6 890 rs7774567 25425526 1 0.00164727015479803 25425526 25425526 0
6 3903 rs1292830 153353459 1 -0.00164517061583552 153353459 153353459 0
6 3336 rs1358771 132451644 1 0.00164178538784168 132450342 132460724 10382
6 1232 rs6925243 34381937 1 0.00163666560224534 34249546 34384852 135306
6 3768 rs12192159 149767105 2 0.00163133097926529 149755695 149767105 11410
6 749 rs16885189 21729682 4 -0.00160693904065052 21727148 21731736 4588
6 1791 rs9357866 55399744 2 -0.00160148834470587 55397800 55428780 30980
6 1933 rs9354652 68681646 1 -0.00160100324905511 68662889 68689637 26748
6 79 rs1883587 2374821 2 0.00158809247212021 2374821 2382395 7574
6 2700 rs2744161 104628972 2 -0.00158440975145014 104604684 104672635 67951
6 3536 rs6912263 140017022 1 0.00158258401685469 140016409 140018024 1615
6 3199 rs4273712 126964510 1 -0.00156547878465997 126638124 126970895 332771
6 3128 rs9490959 124153758 1 0.00154765938869926 124153758 124153758 0
6 1321 rs6936811 37656481 1 -0.00154243832859807 37652186 37656481 4295
6 2557 rs1206155 97549206 1 0.00153685568983814 97546036 97550063 4027
6 1694 rs3789771 52360331 1 -0.0015281886578521 52357071 52365873 8802
6 540 rs9370795 15143556 1 0.00152351330926456 15138938 15161580 22642
6 3150 rs643002 124841336 1 -0.00152006484516984 124817317 124841336 24019
6 3776 rs17054300 150370552 3 0.00151046512059184 150364009 150370552 6543
6 3346 rs9321348 132864548 3 0.00151024937561105 132854616 132880648 26032
6 517 rs7752155 14329647 1 -0.00150782216159716 14329647 14329647 0
6 1825 rs4276508 57712617 4 -0.00150780191693512 57646913 57712617 65704
6 2592 rs12526079 99565215 3 0.00150297901364138 99552868 99584658 31790
6 817 rs17412056 23493761 1 0.0014984305310483 23465010 23493761 28751
6 840 rs12211300 24161869 2 -0.00149349595451946 24157375 24167807 10432
6 457 rs7744797 12581921 2 0.00148417625032568 12581921 12585656 3735
6 1402 rs6903068 40354316 2 -0.00148365573142224 40350935 40370499 19564
6 645 rs9297091 18767825 1 0.0014812931372264 18733216 18767825 34609
6 3226 rs17053280 128795887 3 -0.00147121447832527 128790787 128813085 22298
6 629 rs4380756 18072657 1 -0.00146137835423976 18060307 18088988 28681
6 1222 rs2499762 33948624 1 -0.00146097789282777 33948624 33948624 0
6 3098 rs9372715 123086188 1 0.0014594391515634 123086188 123095188 9000
6 512 rs1537147 14210463 1 -0.00145756004575348 14210463 14210463 0
6 1874 rs1995443 66061173 1 -0.00145592130571525 66050797 66064126 13329
6 637 rs474465 18458637 2 -0.0014430547351267 18458637 18462492 3855
6 901 rs1892250 25769024 1 -0.00142958135267069 25765390 25783315 17925
6 2991 rs2501624 118053656 1 0.00142166207647315 118053656 118053656 0
6 3826 rs7752450 151301951 2 0.00141627661213677 151294238 151308395 14157
6 2243 rs10455408 83378048 1 0.00141156088024118 83366282 83385150 18868
6 1226 rs1472037 34055679 3 0.00141123245690709 34050917 34061253 10336
6 832 rs550969 23946867 2 -0.00140949891369169 23944129 23946867 2738
6 1516 rs9381279 43999697 3 -0.00140904994825251 43995668 44000031 4363
6 20 rs11243093 701536 1 -0.00140790475934735 697754 707656 9902
6 4016 rs7739135 156641429 1 0.00140704177007467 156641429 156690480 49051
6 479 rs73725623 13206282 1 -0.00140175442725561 13206282 13206282 0
6 3214 rs675531 128040839 1 0.00139160701452501 128021803 128040839 19036
6 3453 rs276567 137422058 2 0.00139130073764422 137422058 137444054 21996
6 2128 rs6453953 77663444 2 -0.00138854147513879 77663444 77741136 77692
6 410 rs6908326 11247387 1 -0.00138851383167184 11247387 11247387 0
6 781 rs9393312 22563637 2 -0.00138303437372836 22563637 22570189 6552
6 3745 rs1351698 149214810 1 -0.00138281446917355 149214810 149214810 0
6 3806 rs1492574 150868443 1 -0.00137580615025078 150851876 150873766 21890
6 2506 rs436889 95003654 2 0.0013727445009866 95002441 95012223 9782
6 4041 rs9355853 158077053 1 0.0013694757106408 158077053 158086912 9859
6 2275 rs7775532 85059005 2 -0.00136829613710502 85043476 85059296 15820
6 2960 rs1999930 116387134 1 -0.00136296101660846 116325108 116419107 93999
6 1972 rs17766479 70681382 1 0.00135918024253936 70655786 70681382 25596
6 1846 rs2459572 63993375 1 -0.0013577517299476 63993375 64033048 39673
6 2477 rs538751 93848400 3 -0.00135325919838666 93833436 93852252 18816
6 3530 rs6903764 139851661 3 0.00135120298826062 139851661 139862246 10585
6 727 rs1563728 21209999 1 0.00135073269270528 21208429 21217185 8756
6 1747 rs7754752 54164397 4 -0.00134638204845754 54164079 54173413 9334
6 1429 rs9296359 41205690 1 0.00134622854005295 41197857 41206704 8847
6 3393 rs12662210 134447959 1 0.00134313578778503 134434375 134447959 13584
6 1588 rs6458524 46817931 2 0.00134174188427269 46817931 46817982 51
6 2615 rs6908728 100619658 1 0.00134011072284039 100601918 100627435 25517
6 2556 rs9320409 97530846 3 0.0013306613476143 97518987 97537000 18013
6 3938 rs13202830 154578345 1 -0.00132907202120762 154578345 154581997 3652
6 823 rs536104 23640863 1 0.00132897220105884 23615399 23640863 25464
6 718 rs10946415 20881386 1 -0.00132724804550317 20881386 20901311 19925
6 2216 rs12660400 81837758 1 -0.0013016516898078 81778014 81842393 64379
6 753 rs16885318 21832546 2 0.00130079782265804 21832546 21844709 12163
6 4107 rs9347340 160188891 2 0.00129644973946449 160091560 160211339 119779
6 3031 rs9481931 119785003 1 0.00128890668875179 119766413 119826028 59615
6 977 rs9258206 29704237 1 0.00128641666653726 29698821 29710726 11905
6 2416 rs2141484 91474545 1 -0.00128627229536447 91474545 91474545 0
6 1254 rs992105 35555183 1 -0.00127858154437677 35542476 35569119 26643
6 286 rs9505086 7232186 1 0.00127626174224289 7225995 7232186 6191
6 2948 rs9387329 115733360 1 -0.00127614064373665 115733360 115787696 54336
6 3378 rs3777860 133756500 2 -0.00127593097401278 133755207 133768525 13318
6 3777 rs9478409 150385886 1 0.00126952105405262 150382573 150385886 3313
6 2620 rs3778036 100844105 1 0.00126842807505337 100844105 100862051 17946
6 4240 rs4709708 163761520 1 0.00126677436168056 163758941 163761520 2579
6 594 rs642859 16796614 1 -0.00126388912342288 16796614 16801866 5252
6 1548 rs9472451 45198796 5 -0.00126132644066549 45159336 45236274 76938
6 1146 rs2071473 32782605 10 0.00125885435525882 32762391 32786068 23677
6 3492 rs9495052 138696718 1 -0.00125210875889032 138674754 138710524 35770
6 3668 rs362856 146719883 1 0.00125040525640801 146719883 146719883 0
6 3003 rs205944 118496796 1 -0.0012426147486143 118496796 118496796 0
6 3465 rs7758293 137759904 2 -0.0012422387055455 137748849 137774574 25725
6 1614 rs9369704 47466833 2 0.00123947435627578 47466833 47494759 27926
6 107 rs17300141 3012778 2 -0.0012378509154955 3006355 3018982 12627
6 2913 rs9488123 113582427 2 0.00123604507117236 113582427 113605832 23405
6 102 rs11242807 2906147 1 0.00123352163323917 2906147 2906147 0
6 775 rs2655439 22403467 2 -0.00123320833674522 22400585 22446285 45700
6 3638 rs9376844 145025611 1 0.00123253444467708 145025611 145025611 0
6 4238 rs9306 163736204 1 -0.00123171893292222 163736204 163736204 0
6 4117 rs2297371 160525187 1 -0.00123149585520252 160525187 160530626 5439
6 1555 rs2280227 45543530 2 -0.00122901021154768 45541920 45543530 1610
6 1988 rs2691482 71331467 1 -0.0012239628460159 71331467 71331467 0
6 1514 rs2295333 43968814 1 -0.00122326373088706 43968412 43972845 4433
6 2197 rs16891457 80754346 1 0.00121572916974115 80715838 80754346 38508
6 3037 rs9320713 120121530 1 -0.00121470403959938 120121530 120142181 20651
6 421 rs544259 11623403 1 -0.00120133862053136 11620846 11627539 6693
6 2076 rs9341461 74997693 3 -0.00120097968773514 74997693 75040446 42753
6 3871 rs2207396 152382382 1 -0.00119643153038933 152343763 152385236 41473
6 2836 rs7756509 110597120 2 -0.0011935588446087 110555401 110617709 62308
6 224 rs2146448 5982090 1 0.00118910188469333 5980711 5982090 1379
6 1103 rs3134943 32147761 2 -0.00118828330850328 32119898 32151443 31545
6 725 rs6937439 21130870 1 0.00118537363035916 21108114 21130870 22756
6 850 rs6942189 24429249 1 -0.00117566684284222 24429068 24434711 5643
6 4023 rs9480344 156861144 1 -0.00117364604802658 156858484 156861144 2660
6 2588 rs2747739 99462075 1 0.00117296186378604 99446985 99478304 31319
6 1327 rs11757695 37836673 2 0.00116929036179697 37836673 37894575 57902
6 4076 rs6924755 159264974 2 -0.0011580790298085 159257004 159264974 7970
6 2117 rs12199162 77324522 1 -0.00115721582524197 77324522 77324522 0
6 1395 rs1077330 40225869 3 0.00115295920560717 40217930 40225964 8034
6 1942 rs2603688 68945419 2 0.00114296852119484 68941031 68950298 9267
6 1034 rs9295947 31019460 2 0.00113728313578914 31005726 31019562 13836
6 1389 rs1923474 39938471 2 0.00113407769549859 39911241 39938471 27230
6 4001 rs9384389 156209335 3 -0.0011263571014601 156200568 156209335 8767
6 630 rs4601132 18112572 1 0.00112391086650531 18105573 18140250 34677
6 2199 rs1324119 80920423 2 -0.00112087474863786 80854470 80968727 114257
6 3002 rs205959 118480795 1 -0.00112056711457851 118480795 118480795 0
6 4072 rs13206612 159128675 1 -0.00111524924650434 159128675 159128772 97
6 4469 rs2224645 169509800 1 0.00111498556679734 169495666 169509800 14134
6 3955 rs1996737 154946930 1 -0.00110653649606112 154932527 154946930 14403
6 1299 rs831489 36999682 1 -0.00109644261426616 36999682 36999682 0
6 3350 rs9389008 132915398 3 0.00109553966314562 132915398 132925613 10215
6 1474 rs3749898 42640726 4 0.00109180579115057 42559926 42659979 100053
6 3881 rs9371581 152629586 1 -0.00108797805304971 152629586 152629586 0
6 2151 rs9343725 78801824 1 0.00108647403771978 78801824 78810922 9098
6 458 rs542119 12596998 1 0.0010851396537485 12596998 12596998 0
6 3093 rs9388103 122935161 1 -0.00108495934911205 122935161 122935161 0
6 3696 rs4896928 147922185 1 -0.00107712898497347 147912444 147922185 9741
6 1585 rs9472830 46689762 2 0.00107439858748422 46689762 46689762 0
6 359 rs1883181 9776984 1 -0.00106982451867731 9776194 9780097 3903
6 1961 rs9454732 70049915 1 0.00105779056441991 70027419 70080512 53093
6 448 rs1334305 12396682 1 0.00105036849281743 12396682 12396682 0
6 2994 rs505625 118152560 1 -0.0010449745610335 118136554 118197118 60564
6 3705 rs501098 148185702 1 0.00104119798012564 148185587 148193929 8342
6 3884 rs111449472 152668211 2 0.00104072924197365 152665261 152679518 14257
6 1739 rs1570916 53851341 1 0.00103389021556177 53848551 53858449 9898
6 503 rs9396467 14053646 1 0.00102902407582326 14053646 14065168 11522
6 1240 rs847848 34906168 3 -0.00102714155963314 34838429 34950274 111845
6 2171 rs6913297 79990109 1 0.00102112140371044 79944994 79990109 45115
6 2055 rs12190643 73930950 1 0.00101530715601279 73930950 73930950 0
6 2442 rs6454881 92530474 1 -0.00100924834299655 92530474 92576162 45688
6 4094 rs9365056 159807939 4 0.00100740000597756 159805250 159808288 3038
6 4503 rs2179041 170737140 1 -0.00100725930876016 170725299 170737157 11858
6 3503 rs4895538 139034727 1 0.00100191304188039 139034727 139034727 0
6 1186 rs2076311 33145369 3 0.0010003585356098 33143756 33185918 42162
6 4378 rs873070 167029183 1 9.961900839534164e-4 167029039 167039406 10367
6 3262 rs4897336 130082061 1 -9.934202301406815e-4 130078071 130082061 3990
6 4289 rs6937046 165166241 1 9.93239423496098e-4 165130872 165166241 35369
6 2036 rs1147570 73308513 1 9.91438361528368e-4 73274405 73308513 34108
6 1716 rs2816364 53094839 2 9.8970104230065e-4 53087535 53096986 9451
6 1659 rs2505276 51087831 1 -9.896908420445785e-4 51038157 51087831 49674
6 201 rs7763423 5523888 1 -9.886893159692964e-4 5523888 5524393 505
6 1224 rs4711374 34015765 1 9.884956676292594e-4 34015765 34015765 0
6 2166 rs9448560 79479882 2 9.852347498992033e-4 79455282 79479882 24600
6 1476 rs9381214 42693959 1 -9.830128065940126e-4 42689411 42693959 4548
6 4271 rs9458996 164541324 1 -9.808621046788276e-4 164541324 164541324 0
6 3685 rs1408575 147222900 2 -9.798274026490694e-4 147216278 147222900 6622
6 4136 rs783157 161232771 2 -9.770569944035016e-4 161232771 161234047 1276
6 3086 rs1402537 122416108 1 -9.768694081037249e-4 122414296 122433255 18959
6 2409 rs433778 91204341 3 -9.74323891468484e-4 91204289 91208693 4404
6 3302 rs9375796 131340998 2 9.73948416881644e-4 131326679 131351103 24424
6 108 rs1885300 3029127 1 9.712754202713768e-4 3027131 3032804 5673
6 944 rs213228 28331252 1 -9.703119586679446e-4 28325308 28366262 40954
6 857 rs807531 24548972 3 9.69139484486062e-4 24544903 24557191 12288
6 1927 rs6911763 68317796 2 9.690638520741276e-4 68317796 68322659 4863
6 3647 rs9322015 145289421 1 0.00096889074376881035 145253946 145289421 35475
6 4237 rs10455922 163723545 2 9.6883985071231e-4 163722268 163725498 3230
6 908 rs9366637 26089098 1 -9.61739571639467e-4 26048931 26089098 40167
6 3769 rs376757 149782908 2 9.596735473596618e-4 149782908 149799798 16890
6 4261 rs7775629 164361544 1 9.59607314606444e-4 164361544 164361544 0
6 2729 rs845864 106132323 2 9.562199822490412e-4 106132323 106132323 0
6 4368 rs909634 166886680 1 9.56019349956376e-4 166886680 166886984 304
6 956 rs3130826 29181314 1 9.55305330555537e-4 29118530 29191548 73018
6 4315 rs569647 165932290 1 -9.549791874436184e-4 165932290 165932290 0
6 3060 rs9490099 121296521 2 -9.500410810065324e-4 121269693 121296521 26828
6 1898 rs11753317 67109478 1 -9.45384365601496e-4 67102644 67110160 7516
6 1600 rs1630504 47104856 1 -9.432690107277892e-4 47104856 47111842 6986
6 3084 rs2684265 122362037 1 -9.36049709793381e-4 122351593 122363734 12141
6 2150 rs9443501 78749386 1 9.297043071332992e-4 78735673 78797479 61806
6 4062 rs3812099 158732602 2 -9.291157034337998e-4 158651395 158732819 81424
6 2720 rs1149316 105756525 1 9.28820887695942e-4 105756525 105756525 0
6 3992 rs12662240 155998045 2 9.273897554860632e-4 155987538 156005810 18272
6 513 rs7765035 14215149 2 -9.250842618079094e-4 14215149 14223719 8570
6 3889 rs17082709 152777095 1 9.22918324346861e-4 152766766 152802209 35443
6 2684 rs2506754 103996305 1 -9.198493820650594e-4 103986702 103996305 9603
6 2483 rs1486757 93941861 1 -9.191932954186872e-4 93928345 93942185 13840
6 3264 rs9375664 130092678 1 9.18940225117202e-4 130092485 130094673 2188
6 380 rs9466019 10356036 1 9.150442767427016e-4 10356036 10365025 8989
6 1981 rs592121 70984436 1 -9.075790225537652e-4 70984436 70987976 3540
6 4184 rs9458430 162426517 2 9.041787238055048e-4 162396518 162428289 31771
6 289 rs9505109 7274354 2 -9.027877915923262e-4 7272006 7274354 2348
6 3426 rs1535435 135757022 6 -9.025502238846852e-4 135749202 135903717 154515
6 310 rs267184 7833429 1 8.982432218542259e-4 7833429 7860317 26888
6 3162 rs9375373 125122813 2 8.972006185870979e-4 125122731 125125128 2397
6 15 rs17135357 602983 1 -8.959093222150133e-4 602983 604158 1175
6 3313 rs2327147 131710397 1 -8.92904710133803e-4 131709068 131711658 2590
6 2118 rs6453926 77350529 1 -8.923186735168957e-4 77350529 77350529 0
6 1369 rs7766608 39292315 1 -8.86988805995799e-4 39292315 39293898 1583
6 708 rs7758129 20609241 1 -8.854908541437153e-4 20599888 20620003 20115
6 2906 rs9384850 113231819 2 8.824371940041545e-4 113217970 113231819 13849
6 4118 rs4646275 160553007 2 8.759313010068983e-4 160553007 160560845 7838
6 1756 rs10948828 54452797 1 8.746417072033063e-4 54452797 54461072 8275
6 2267 rs7774773 84675796 1 8.745844418901873e-4 84675796 84675796 0
6 831 rs12200455 23922624 2 -8.742104002670524e-4 23915870 23922624 6754
6 1667 rs9381983 51412786 1 8.723667967215573e-4 51405556 51412786 7230
6 2834 rs1564078 110337209 1 8.701155906319753e-4 110337209 110337209 0
6 2967 rs2250263 116834007 3 8.659182399733247e-4 116833053 116887861 54808
6 3621 rs11155343 144432657 1 -8.633310687967986e-4 144428387 144434871 6484
6 2950 rs10484732 115895089 1 -8.614445673525989e-4 115836618 115895089 58471
6 1647 rs1970456 49823814 1 8.609449725415216e-4 49785074 49837603 52529
6 2109 rs6922651 76830541 1 8.596266425377749e-4 76828777 76830541 1764
6 1610 rs11759777 47343809 1 8.592841220721808e-4 47343809 47348192 4383
6 3307 rs497082 131469461 1 -8.556151606369754e-4 131469461 131469461 0
6 883 rs2744303 25327149 2 8.553922660166561e-4 25327149 25328567 1418
6 1191 rs3116713 33382288 1 -8.511465328035742e-4 33358278 33431517 73239
6 3391 rs2811676 134327815 5 8.478426804845144e-4 134326285 134333273 6988
6 1486 rs11962520 43188600 1 8.465411630859815e-4 43167655 43188600 20945
6 5 rs7749710 442410 1 8.421943428030992e-4 442410 444600 2190
6 4443 rs2144745 168917870 2 -8.399261507196884e-4 168911377 168917870 6493
6 3030 rs9401144 119748259 3 -8.378751543166596e-4 119748232 119756937 8705
6 906 rs6906576 25956501 1 -8.358875228942584e-4 25944278 25967068 22790
6 3933 rs2281617 154487421 1 -8.275009443149437e-4 154478440 154491137 12697
6 207 rs4323358 5598984 1 -8.266590260637655e-4 5597160 5600438 3278
6 627 rs4507599 18030178 1 8.201531058922211e-4 18021075 18030178 9103
6 3891 rs2141153 152893609 2 -8.2004530698316e-4 152875862 152896974 21112
6 194 rs1895646 5389729 2 8.139728029003999e-4 5389499 5400658 11159
6 3163 rs9388383 125156890 1 -8.138568420030847e-4 125156449 125156890 441
6 2105 rs9352247 76645803 1 8.085358778254784e-4 76640781 76645803 5022
6 2518 rs9294624 95602800 1 8.067674843196786e-4 95572362 95643248 70886
6 3247 rs12208401 129620506 2 8.066943181543859e-4 129620506 129620833 327
6 1992 rs6933665 71681539 1 -8.047458340263373e-4 71675774 71707217 31443
6 1373 rs9394585 39331508 1 -8.031054765621307e-4 39331508 39331508 0
6 1 rs2235872 226015 1 7.979918323103406e-4 226015 226015 0
6 666 rs9460376 19532627 1 7.979461362635713e-4 19492819 19532627 39808
6 2749 rs17066910 106821393 1 7.968169636553951e-4 106815036 106821393 6357
6 2039 rs12201380 73377551 1 -7.941648607907815e-4 73365274 73388290 23016
6 1272 rs10947600 36269603 1 -7.906003725493551e-4 36269603 36270130 527
6 3869 rs9371236 152306346 2 -7.851843858613673e-4 152302578 152306346 3768
6 741 rs9295508 21392864 1 -7.819724138803514e-4 21392864 21392864 0
6 3928 rs4870261 154319802 1 -7.798553019020309e-4 154307735 154323909 16174
6 3538 rs4896491 140169699 1 -7.79375995827188e-4 140156942 140173634 16692
6 3113 rs9320931 123690604 1 -7.761053880742858e-4 123672656 123690604 17948
6 2374 rs12200969 89926966 1 -7.729598915506264e-4 89925740 89932204 6464
6 3763 rs7748981 149560966 3 7.718740091597361e-4 149557858 149566825 8967
6 2828 rs13209604 110176543 2 7.649715618237295e-4 110173831 110176543 2712
6 4126 rs511215 160704943 1 -7.54921660275607e-4 160699534 160706661 7127
6 839 rs10946675 24141920 4 -7.54301863897204e-4 24141835 24151395 9560
6 3004 rs12202829 118538069 1 7.506964641831648e-4 118532549 118557958 25409
6 3693 rs494395 147834827 1 -7.469261677387272e-4 147834827 147834827 0
6 2339 rs4537110 88579382 1 -7.459742019411168e-4 88572634 88605278 32644
6 2675 rs6900275 103481466 1 -7.392703863100178e-4 103481466 103481466 0
6 1794 rs9475382 55570809 2 -7.387283402668892e-4 55570809 55571611 802
6 2129 rs1072272 77780168 1 -7.373141267770841e-4 77780168 77825472 45304
6 1010 rs6905389 30319930 1 -7.34418235568832e-4 30319930 30323623 3693
6 2223 rs10943827 82355980 3 7.338169633705076e-4 82319174 82379575 60401
6 1352 rs12203833 38937406 2 7.330203613243912e-4 38921240 38948307 27067
6 3242 rs12195187 129519893 1 -7.311291481883644e-4 129519893 129525473 5580
6 389 rs9295586 10571260 1 -7.287581232338947e-4 10571260 10580910 9650
6 964 rs4713226 29434414 1 -7.286256145249511e-4 29407378 29444121 36743
6 1550 rs1321080 45358323 2 7.270595002530669e-4 45358323 45358323 0
6 4329 rs6922621 166166799 1 -7.259288600438227e-4 166146245 166173297 27052
6 2645 rs479851 102045546 1 7.241992112456578e-4 102045546 102045546 0
6 2725 rs9372090 105991917 1 7.240940879078841e-4 105981702 105991917 10215
6 2312 rs3949571 86898957 1 7.234321397096811e-4 86887829 86953342 65513
6 135 rs6596999 3781719 1 7.22989104026535e-4 3781719 3783763 2044
6 605 rs4236170 17083865 2 7.160217588394046e-4 17081711 17085201 3490
6 2728 rs13215959 106113144 3 -7.129845156429654e-4 106089212 106117591 28379
6 4002 rs9397861 156237804 5 -7.11070745667685e-4 156234522 156265573 31051
6 3372 rs211438 133613759 1 -7.100271652881483e-4 133613759 133621996 8237
6 2637 rs1465169 101880376 1 -7.095035787188134e-4 101880376 101897534 17158
6 2148 rs9361324 78684899 1 7.065497659230576e-4 78641146 78686454 45308
6 3847 rs17081341 151837570 1 -7.063901042294582e-4 151832668 151837570 4902
6 624 rs4716189 17834198 3 7.05680759280892e-4 17831419 17847860 16441
6 1197 rs396746 33557045 1 -7.050468061300129e-4 33555348 33557741 2393
6 768 rs16901634 22207220 1 7.002089311219203e-4 22207220 22207220 0
6 836 rs1402405 24090497 2 -6.999601275332262e-4 24060381 24090497 30116
6 54 rs9405475 1441282 1 6.974249024478154e-4 1441282 1441282 0
6 1590 rs220673 46841806 1 6.969458157261353e-4 46841806 46847501 5695
6 1998 rs12200732 71912141 1 -6.956160901135083e-4 71912141 71922715 10574
6 759 rs13212670 21969495 1 -6.922003226794805e-4 21969495 21969495 0
6 2578 rs2046174 99013740 1 -6.87551153850577e-4 99011501 99014744 3243
6 159 rs4959980 4456168 1 6.872383016152054e-4 4456168 4456168 0
6 4466 rs17182135 169405314 2 -6.871372695411647e-4 169405314 169422415 17101
6 3508 rs17067940 139148695 2 -6.860362401547966e-4 139141137 139158192 17055
6 455 rs6907466 12544251 1 6.852374756638677e-4 12536342 12544251 7909
6 996 rs2240619 29975453 1 6.844801363452649e-4 29973925 29992261 18336
6 1291 rs110033 36775242 2 6.8073966898896e-4 36772000 36787859 15859
6 2606 rs7742890 100197285 1 6.753182947376063e-4 100192215 100213515 21300
6 3697 rs9497819 147934662 1 -6.727107534943664e-4 147934662 147941453 6791
6 1326 rs6937655 37769082 1 6.707378775915147e-4 37761373 37769082 7709
6 2335 rs2754266 88421485 2 -6.69393179483986e-4 88421485 88421485 0
6 1356 rs10305492 39046794 1 6.686804018061938e-4 39034072 39046794 12722
6 2052 rs9442891 73844174 1 6.658683847640302e-4 73844174 73845366 1192
6 581 rs9477153 16522826 1 6.65670701447077e-4 16522720 16528671 5951
6 4502 rs2881062 170671587 1 -6.653299181669344e-4 170669893 170714331 44438
6 1657 rs2817334 50850592 2 -6.634445175046997e-4 50820940 50866952 46012
6 2451 rs9294529 92938341 1 6.615923363472683e-4 92918288 92941472 23184
6 3888 rs9479313 152744750 1 6.615143067971684e-4 152737092 152755628 18536
6 1722 rs7762921 53319569 1 -6.59451017961534e-4 53317012 53338597 21585
6 2730 rs7749157 106147299 1 -6.584276151302745e-4 106145993 106159033 13040
6 327 rs2185503 8349511 2 -6.512978004826688e-4 8349511 8353148 3637
6 733 rs2021816 21285798 2 -6.502621735369701e-4 21285798 21286718 920
6 2364 rs10223700 89673861 1 6.495195510092061e-4 89673861 89695108 21247
6 3633 rs4895643 144771845 1 -6.488820217783606e-4 144771845 144771845 0
6 1251 rs35080860 35443835 2 -6.483035172798397e-4 35422754 35452346 29592
6 3458 rs17256861 137587469 1 -6.474202402543033e-4 137580222 137587469 7247
6 1591 rs677439 46856263 2 -6.46801473178256e-4 46856100 46858993 2893
6 3986 rs9480142 155795605 1 -6.463344555376316e-4 155779534 155796830 17296
6 748 rs4712624 21693152 1 6.458625718056691e-4 21693152 21693152 0
6 930 rs4713106 27444714 1 6.434032403743058e-4 27412386 27483260 70874
6 2765 rs2077953 107158033 2 6.342903082165209e-4 107152741 107162648 9907
6 483 rs1512411 13331097 1 -6.335572605384321e-4 13331097 13332467 1370
6 3960 rs6934056 155279785 1 6.321225879417367e-4 155279785 155279785 0
6 1680 rs1892274 51944847 1 -6.316578560655618e-4 51890823 51948935 58112
6 941 rs9295768 28209102 1 -6.258008194785715e-4 28178512 28242794 64282
6 1822 rs6904307 57121684 1 6.257999415254739e-4 57112128 57126898 14770
6 958 rs6930033 29323905 3 6.250500407779458e-4 29275507 29327079 51572
6 1249 rs9462081 35376006 1 6.238674500881065e-4 35369491 35378798 9307
6 1484 rs1051709 43128852 1 -6.21676246664625e-4 43112267 43128852 16585
6 2905 rs10499071 113178302 1 -6.201042555387955e-4 113178302 113202257 23955
6 611 rs864280 17290619 2 6.192980615170969e-4 17290619 17302983 12364
6 2294 rs12529820 85788394 1 6.191396571861777e-4 85782095 85810298 28203
6 3616 rs1049846 144261480 4 -6.130149635524037e-4 144254995 144261480 6485
6 1679 rs9296668 51838263 1 6.113320735139517e-4 51838263 51876267 38004
6 3039 rs9374847 120257858 2 -6.090244709854862e-4 120222479 120277828 55349
6 1955 rs1336653 69733420 1 6.057025080965359e-4 69705913 69746447 40534
6 340 rs9502754 8976039 1 6.026246514161043e-4 8967879 8976039 8160
6 4215 rs6455848 163153238 1 5.964285099411234e-4 163113502 163166902 53400
6 3780 rs9478465 150434824 1 -5.9607743427204e-4 150426272 150434824 8552
6 3080 rs6569227 122043606 1 5.960607656032875e-4 121933718 122043606 109888
6 575 rs9383153 16343056 1 5.940658131338184e-4 16332730 16343056 10326
6 4357 rs10946137 166651396 1 -5.933184688637163e-4 166651396 166653608 2212
6 3005 rs1889468 118599828 1 -5.891877889574026e-4 118570514 118608979 38465
6 3702 rs4121999 148105936 1 5.880787758598358e-4 148105936 148107112 1176
6 1875 rs9453275 66072542 2 -5.870390295424693e-4 66066534 66077188 10654
6 1208 rs2296748 33745071 1 -5.867314326018615e-4 33734128 33768897 34769
6 3510 rs10872499 139193603 1 5.863051922378637e-4 139193565 139193603 38
6 1750 rs7758586 54239250 2 5.850163693039283e-4 54210141 54256680 46539
6 4366 rs6456083 166859572 1 5.831953452740841e-4 166859572 166859572 0
6 1712 rs4715383 53045749 1 5.816289716653966e-4 53044379 53045749 1370
6 3595 rs161057 143806551 1 5.750203797708449e-4 143778954 143823157 44203
6 1362 rs9394575 39134168 2 -5.746551294676345e-4 39132435 39136651 4216
6 586 rs2299063 16649641 2 5.664322154451661e-4 16649641 16662064 12423
6 314 rs6922018 7918311 1 5.649987201862257e-4 7918311 7918405 94
6 2537 rs4629693 96581274 1 -5.646314480597713e-4 96572748 96586116 13368
6 1332 rs12526152 38199488 1 -5.630958677018425e-4 38173365 38199488 26123
6 4308 rs4324759 165678438 2 5.630046386932285e-4 165671448 165691210 19762
6 322 rs6930720 8171106 1 5.605655445026981e-4 8151097 8171106 20009
6 3064 rs1273728 121451095 1 5.597754018372338e-4 121426900 121496479 69579
6 3609 rs7738300 144056863 1 5.59574050004105e-4 144056863 144056863 0
6 1771 rs7753268 54863080 2 5.590903707628104e-4 54856585 54887779 31194
6 446 rs1317584 12342789 1 5.551008631390628e-4 12342789 12344262 1473
6 1936 rs9351689 68739602 1 -5.541440466386648e-4 68722068 68739602 17534
6 4202 rs9365410 162795058 1 5.540841549518595e-4 162771688 162800335 28647
6 534 rs4715925 14807697 1 5.540757933269739e-4 14807697 14807697 0
6 2041 rs9293911 73470432 1 5.537507325197471e-4 73470432 73472914 2482
6 3565 rs225735 142557418 2 -5.533598460877973e-4 142514226 142560307 46081
6 3556 rs4896551 142032704 3 5.504377417139315e-4 142003389 142032704 29315
6 1552 rs6904353 45493083 1 5.492403518162532e-4 45493083 45506122 13039
6 1634 rs2516114 49162686 1 5.466329541996169e-4 49162686 49184770 22084
6 2154 rs6911371 78953246 1 5.444581835945215e-4 78926082 78955109 29027
6 1339 rs2814891 38536971 2 -5.438798154636706e-4 38536971 38614198 77227
6 3704 rs2294805 148162328 2 -5.41685550308701e-4 148141042 148162328 21286
6 3823 rs17349743 151213211 1 -5.406478267795916e-4 151213211 151213211 0
6 953 rs3763338 28894311 1 5.373626207055722e-4 28849790 28936556 86766
6 3925 rs12199858 154204327 1 -5.368660276668771e-4 154204327 154204327 0
6 3935 rs12205120 154543318 1 -5.365549441090988e-4 154542491 154543318 827
6 66 rs6919059 1784096 2 5.350213192584015e-4 1784096 1784096 0
6 516 rs10949239 14322665 1 -5.321228883601334e-4 14312081 14322665 10584
6 432 rs16872095 11945778 1 5.313696125823716e-4 11942371 11952845 10474
6 1004 rs1557608 30118582 1 5.298366678263338e-4 30101656 30121185 19529
6 2048 rs13206617 73663745 3 -5.281537120624975e-4 73663745 73717568 53823
6 4143 rs12528950 161521039 4 -5.26585269375438e-4 161495658 161541909 46251
6 816 rs926453 23442229 1 5.24435596637767e-4 23442229 23446234 4005
6 439 rs3777772 12135434 1 5.23057136375689e-4 12135434 12165363 29929
6 3017 rs1889561 119335865 1 5.220128080361605e-4 119327632 119335865 8233
6 1663 rs6916171 51217638 5 5.211430956865293e-4 51206168 51264082 57914
6 3637 rs11155366 144972270 2 -5.1997763097513e-4 144972270 144988922 16652
6 1782 rs147652095 55214895 1 -5.186689263574552e-4 55196587 55217813 21226
6 2258 rs1143796 84005867 1 5.182358513065469e-4 83976802 84020324 43522
6 2042 rs7758723 73475153 1 -5.181075259087797e-4 73475153 73475153 0
6 3180 rs6904555 125763141 1 5.139052684185951e-4 125763141 125763141 0
6 2365 rs12201676 89732101 1 -5.137681225668149e-4 89728922 89732101 3179
6 1147 rs2857103 32791299 7 5.123633693076063e-4 32787056 32795032 7976
6 2320 rs6454568 87500445 2 -5.110058079633966e-4 87491157 87500445 9288
6 1296 rs6918432 36940273 1 5.088213771563395e-4 36940273 36947386 7113
6 920 rs6919391 26608325 1 -5.053878039258809e-4 26592707 26667079 74372
6 173 rs9504202 4684896 1 -5.047333002320766e-4 4683536 4684896 1360
6 163 rs1265256 4484855 1 -5.036624137489563e-4 4476202 4484855 8653
6 1806 rs4715607 56156125 1 5.033481749884721e-4 56155081 56156125 1044
6 2872 rs11964650 112081938 2 -5.022289137115194e-4 112033370 112081938 48568
6 1711 rs6915699 53016306 1 -5.021587983588281e-4 53016306 53016306 0
6 4347 rs3127389 166510596 1 -5.013033773409797e-4 166504783 166510789 6006
6 1911 rs9345935 67664566 1 4.99642131008414e-4 67656128 67681572 25444
6 907 rs16891235 26017542 1 -4.985272054765769e-4 25983010 26031613 48603
6 211 rs2326632 5625287 1 4.980532355831947e-4 5625287 5632356 7069
6 4074 rs2129209 159155998 1 4.971297652545757e-4 159155998 159171342 15344
6 2752 rs7767036 106881308 1 4.963595537242959e-4 106881308 106881308 0
6 3470 rs526077 137920217 1 4.915984085442695e-4 137920217 137923390 3173
6 3927 rs11759340 154283838 1 4.907442894875492e-4 154272618 154288032 15414
6 2664 rs12663507 102795501 2 -4.892057416996294e-4 102795501 102840130 44629
6 3876 rs2635438 152506470 1 4.870850479903279e-4 152495811 152506470 10659
6 316 rs9505329 7960742 1 -4.8664044490361014e-4 7938773 7960742 21969
6 1838 rs4415141 63376194 1 4.853657246740503e-4 63375122 63380161 5039
6 3467 rs203691 137867448 1 -4.850104044207382e-4 137846731 137867448 20717
6 3597 rs4896665 143863044 1 -4.84828066026474e-4 143861900 143863044 1144
6 2470 rs4707766 93596433 1 -4.848150976212437e-4 93576022 93616295 40273
6 416 rs4076156 11424279 1 4.846963493171582e-4 11412916 11424279 11363
6 1700 rs2063643 52478364 2 4.845490420036186e-4 52478364 52497284 18920
6 819 rs199086 23542172 1 -4.8319172271005673e-4 23542172 23561618 19446
6 921 rs4711122 26758479 1 -4.80073846476512e-4 26758479 26759078 599
6 527 rs857475 14599167 2 4.762841195761912e-4 14598308 14601073 2765
6 697 rs865226 20191838 1 4.7537399500343063e-4 20191838 20191838 0
6 1880 rs6902867 66298313 1 4.7437679092304406e-4 66298313 66307143 8830
6 2497 rs9354065 94652407 2 4.7378024524321905e-4 94646136 94677177 31041
6 2220 rs11756740 82109125 1 4.7313727698239486e-4 82087297 82120647 33350
6 3939 rs11966566 154607017 1 4.726639300512445e-4 154606745 154607017 272
6 3793 rs688015 150675830 1 -4.711363856122064e-4 150675830 150675830 0
6 3158 rs1677933 124980834 1 -4.7022830136164576e-4 124980834 124990342 9508
6 3274 rs9483083 130416949 1 4.665810099423031e-4 130395240 130420052 24812
6 2057 rs555779 74014468 1 -4.648554449704194e-4 73975404 74016113 40709
6 3736 rs8641 148869910 1 4.639757562492691e-4 148869370 148883305 13935
6 453 rs1999622 12488729 1 4.63090988814458e-4 12484118 12494502 10384
6 1837 rs2881268 63330596 2 -4.609716083895989e-4 63270569 63330596 60027
6 2577 rs1481449 98971740 2 4.603440030123065e-4 98962591 98971740 9149
6 900 rs7775820 25734800 2 -4.558189779491967e-4 25725481 25758448 32967
6 3824 rs2096066 151255434 1 4.529210268534816e-4 151252917 151258770 5853
6 1642 rs16879498 49580247 2 4.4945354487838346e-4 49580247 49602760 22513
6 2734 rs6934413 106328676 2 4.456598648455764e-4 106328676 106328676 0
6 3991 rs9480176 155950001 2 -4.444588721587352e-4 155927459 155950001 22542
6 519 rs6940613 14361203 1 -4.4236629992781585e-4 14361203 14371336 10133
6 4373 rs9366025 166934170 2 -4.416728322909594e-4 166930424 166936266 5842
6 543 rs794781 15300590 3 -4.4120383607648646e-4 15300590 15346005 45415
6 963 rs9257809 29356331 1 4.3813100803900585e-4 29356046 29398859 42813
6 2887 rs2237248 112538465 1 4.370066052265191e-4 112536990 112538465 1475
6 2332 rs2268993 88184111 2 -4.3679078817118104e-4 88183647 88224164 40517
6 2737 rs4946713 106374015 2 -4.342593588994912e-4 106368296 106374868 6572
6 3566 rs7745188 142580952 3 4.3391698877850353e-4 142565531 142590090 24559
6 2063 rs10498893 74381776 1 -4.3037152619811967e-4 74381776 74381926 150
6 372 rs13195786 10163968 1 4.298571957146945e-4 10163721 10163968 247
6 548 rs16876571 15524679 1 -4.289357916185779e-4 15523448 15524679 1231
6 4003 rs3884541 156301726 2 -4.280360384859592e-4 156299960 156301726 1766
6 2260 rs12209499 84147303 2 -4.2686391914928585e-4 84119361 84162042 42681
6 3421 rs6569999 135482566 1 4.2595061826764777e-4 135463947 135482819 18872
6 712 rs6928012 20728513 1 4.2469892205033056e-4 20724558 20728731 4173
6 2177 rs9294143 80111104 1 4.2409222497440536e-4 80107104 80111104 4000
6 1805 rs1925164 56127267 2 -4.234656185297212e-4 56115894 56150940 35046
6 3049 rs4945660 120834919 1 4.2256802023027016e-4 120825811 120857815 32004
6 1584 rs41273658 46656557 2 4.204812360390282e-4 46642875 46685286 42411
6 4319 rs2987298 166007287 3 -4.203741588425472e-4 166007287 166011637 4350
6 1706 rs11752349 52739537 1 -4.200854296269207e-4 52739537 52739537 0
6 283 rs665723 7139064 3 4.197864311706064e-4 7131524 7139064 7540
6 3135 rs6905913 124346434 1 -4.1944061952000857e-4 124346434 124355206 8772
6 1211 rs12055409 33801510 1 4.1927255297874384e-4 33801510 33807091 5581
6 1753 rs243790 54397512 1 -4.168471061985776e-4 54337130 54404993 67863
6 2487 rs549965 94104527 1 -4.1534289837996354e-4 94104527 94104527 0
6 3624 rs4896703 144497577 1 -4.098099957295652e-4 144497577 144499144 1567
6 3236 rs9482955 129236954 1 4.064146229574331e-4 129236954 129280105 43151
6 3334 rs17061009 132399304 1 4.051367480980068e-4 132373986 132399304 25318
6 2580 rs6939572 99139350 1 -4.030191656980432e-4 99138875 99139350 475
6 2757 rs783387 106950003 2 4.0123901754271794e-4 106944820 106950003 5183
6 1116 rs34498363 32261630 1 -3.988603121523588e-4 32218843 32275194 56351
6 3308 rs1886073 131489100 1 -3.968851396994235e-4 131489100 131489100 0
6 341 rs17403999 9017266 1 3.9554322163776033e-4 9017266 9017266 0
6 4098 rs7754221 159927218 1 -3.929164097550591e-4 159927218 159927218 0
6 2583 rs4839977 99229574 1 -3.920057793163536e-4 99221669 99229574 7905
6 3546 rs1856384 141214296 1 3.919080322509202e-4 141188478 141214296 25818
6 3555 rs4513816 141992359 1 -3.910728195334485e-4 141894228 141995759 101531
6 812 rs9466754 23347873 1 3.89461209126585e-4 23347228 23358040 10812
6 1031 rs115194949 30993440 1 3.8934919985094215e-4 30993440 30993590 150
6 4021 rs958386 156801192 1 3.878861398719321e-4 156792873 156819939 27066
6 2120 rs1902852 77387073 1 3.863152773671238e-4 77382995 77387073 4078
6 2980 rs508278 117646772 2 -3.846988917673321e-4 117640002 117646772 6770
6 2284 rs9359606 85369594 1 3.8415776888718774e-4 85364776 85384335 19559
6 88 rs1545849 2622911 1 3.82957719845074e-4 2608995 2626824 17829
6 2798 rs9374007 108358328 1 3.829030748645485e-4 108339363 108381347 41984
6 2103 rs1280054 76540988 2 3.8202874247187865e-4 76473071 76558485 85414
6 3569 rs17071819 142818428 1 3.798046275440418e-4 142797289 142846707 49418
6 2176 rs6454120 80088795 1 -3.797415906442763e-4 80088795 80106227 17432
6 106 rs4149352 3002238 1 -3.7821696232338744e-4 3002238 3002238 0
6 1577 rs2584072 46188118 2 3.7757061888163976e-4 46174522 46190377 15855
6 720 rs9358383 20999387 2 -3.769002804830584e-4 20954826 20999387 44561
6 1329 rs9470779 38073822 1 -3.750042668941216e-4 38019720 38073822 54102
6 3716 rs9497926 148386997 1 -3.748920943831965e-4 148357042 148386997 29955
6 2735 rs9386491 106350725 1 3.727838050331107e-4 106337211 106350725 13514
6 1505 rs10948102 43855792 3 -3.719170689562424e-4 43855023 43855792 769
6 440 rs10947826 12183050 1 -3.709577923281938e-4 12183050 12183050 0
6 355 rs4386821 9553237 1 3.697892968115851e-4 9553237 9567341 14104
6 3188 rs1268092 126029043 1 -3.688905726751787e-4 125997436 126029235 31799
6 4127 rs368123 160719593 1 -3.616131592673568e-4 160716361 160754752 38391
6 3978 rs1571766 155577823 3 3.602468006422975e-4 155568881 155596700 27819
6 4496 rs3012361 170448999 1 3.597293065837213e-4 170448699 170472702 24003
6 3306 rs543363 131451112 2 -3.5648989929236137e-4 131451112 131451112 0
6 3146 rs9491154 124712739 1 -3.5258743489839417e-4 124712739 124712739 0
6 3618 rs7770000 144281385 3 -3.519208272355623e-4 144281385 144305568 24183
6 2713 rs9322816 105216695 1 -3.5156341598164913e-4 105153614 105216695 63081
6 1450 rs3804281 41745989 1 -3.51207062294689e-4 41744948 41745989 1041
6 675 rs6920825 19732492 5 -3.505650938883326e-4 19712293 19743486 31193
6 3270 rs6931642 130285951 2 -3.491308580262887e-4 130285951 130309435 23484
6 2471 rs9452159 93642185 1 -3.4797183703483655e-4 93642185 93646297 4112
6 2791 rs4391294 108090454 1 3.443016740474974e-4 108088477 108094352 5875
6 2459 rs6935299 93199724 1 -3.439189707562632e-4 93199724 93199724 0
6 2318 rs9791181 87340866 1 -3.437797770630655e-4 87305234 87340866 35632
6 3585 rs9321880 143308879 2 -3.4360692858990304e-4 143307904 143320871 12967
6 726 rs6926388 21204796 1 3.4325958151001543e-4 21191928 21205388 13460
6 183 rs431060 5004596 1 3.4193843589493936e-4 4995464 5004596 9132
6 1646 rs1429599 49744632 1 3.4130839813842194e-4 49722717 49766526 43809
6 4272 rs9347819 164549712 1 -3.4055169040612173e-4 164549712 164549712 0
6 2783 rs846964 107969113 1 -3.3789709306475066e-4 107969113 107976756 7643
6 3703 rs1858590 148131783 2 -3.3600551910725073e-4 148127474 148133431 5957
6 4004 rs9384411 156315056 1 3.335428549241199e-4 156314920 156327561 12641
6 3499 rs6923972 138909661 1 3.3247291197684647e-4 138899640 138909908 10268
6 950 rs13193532 28622914 1 -3.2887788862201163e-4 28616327 28667448 51121
6 4290 rs9456996 165182669 1 3.2770187591956394e-4 165182669 165238648 55979
6 780 rs10946563 22538612 1 -3.258756578646161e-4 22515598 22550777 35179
6 1325 rs6929224 37746848 1 -3.255773616232291e-4 37746848 37746848 0
6 3674 rs2876656 146967731 1 3.2414306729355955e-4 146967731 146972237 4506
6 1411 rs9349160 40600642 1 -3.2251399842862506e-4 40600042 40603020 2978
6 1915 rs12662125 67848752 1 3.2159129919861015e-4 67829945 67848752 18807
6 3732 rs9498038 148761603 1 -3.210558893948567e-4 148744408 148761603 17195
6 2104 rs2295935 76591114 1 -3.2084099953260385e-4 76591114 76601992 10878
6 3171 rs7764804 125450174 1 3.1858091995278756e-4 125450174 125450174 0
6 3340 rs10484483 132647962 1 -3.1760494325585963e-4 132647962 132647962 0
6 3471 rs6917072 137930302 1 3.175949262093065e-4 137930302 137930302 0
6 2452 rs11963376 92958861 1 3.1481404344541937e-4 92958861 92958861 0
6 703 rs12205236 20470908 1 3.127320007575931e-4 20468635 20470908 2273
6 1924 rs12192510 68111529 1 3.119350101472202e-4 68111529 68118383 6854
6 3534 rs9376443 139976184 1 -3.118225950583915e-4 139962517 139976184 13667
6 3115 rs1343962 123749752 2 -3.1175307218530933e-4 123728539 123750519 21980
6 492 rs6941522 13655339 1 -3.1160676600678537e-4 13638984 13700419 61435
6 3854 rs3734806 151941461 3 3.106373883331329e-4 151939181 151962202 23021
6 1487 rs2104142 43209739 2 3.0968177292831393e-4 43209739 43209739 0
6 2705 rs267333 104856640 3 -3.09398403184362e-4 104852424 104875654 23230
6 2193 rs16891209 80604428 1 -3.0729281487392975e-4 80597212 80609413 12201
6 1495 rs945128 43710756 2 3.065384285603647e-4 43710756 43714001 3245
6 48 rs1550198 1284697 1 3.039227009811661e-4 1284697 1284697 0
6 3515 rs7769010 139369543 1 -3.0210321232317094e-4 139369543 139376879 7336
6 3801 rs4134337 150776874 1 3.012489605829621e-4 150775678 150776874 1196
6 3744 rs1384670 149200719 1 2.999400425956479e-4 149200719 149205617 4898
6 3310 rs3777491 131590766 1 2.9868311421321115e-4 131590766 131600188 9422
6 3225 rs10428737 128740084 2 2.985950535153138e-4 128709493 128745590 36097
6 1650 rs7750808 50125321 3 2.9784255280782056e-4 50125321 50142856 17535
6 621 rs4142551 17603200 1 2.957569190543649e-4 17603200 17688693 85493
6 2467 rs1040155 93561150 1 2.957504920466338e-4 93543278 93562872 19594
6 2212 rs12527737 81607383 1 2.9329274114874384e-4 81578293 81639336 61043
6 867 rs6930916 24881498 3 -2.915660442190856e-4 24872939 24901350 28411
6 1153 rs41549617 32819968 1 -2.906971262213308e-4 32816443 32820991 4548
6 3573 rs13206398 142991072 1 2.898535148526795e-4 142985541 142998843 13302
6 2121 rs9352373 77394934 1 2.878300118206802e-4 77390412 77399578 9166
6 4212 rs9347666 162980498 2 -2.8598760925516517e-4 162972240 162983843 11603
6 3401 rs9402608 134786163 1 2.8555539304440296e-4 134769994 134786163 16169
6 849 rs35261004 24423824 1 -2.8549317858444096e-4 24401654 24425935 24281
6 1400 rs13203076 40312346 1 -2.850794822776395e-4 40312346 40312918 572
6 2550 rs11967227 97316278 1 -2.8446224429868754e-4 97275740 97339088 63348
6 1413 rs9357339 40656881 1 2.824262494722098e-4 40641396 40656881 15485
6 1897 rs9363588 67092438 1 -2.8135966531640723e-4 67054961 67092438 37477
6 3617 rs6930726 144268094 1 -2.8045163259980845e-4 144268094 144268954 860
6 4448 rs9295077 169014011 1 -2.7816784313806464e-4 169014011 169022053 8042
6 2456 rs663809 93127953 2 -2.7733759982565e-4 93101639 93127953 26314
6 1800 rs12213017 55805282 1 -2.7686025080173287e-4 55770995 55805282 34287
6 464 rs560810 12722987 1 -2.7546190845838167e-4 12722987 12725941 2954
6 2016 rs1328704 72453473 1 2.742736785228951e-4 72453473 72454176 703
6 2279 rs12526118 85203796 4 -2.737359393578336e-4 85147411 85203796 56385
6 2056 rs6453660 73952103 1 2.7286107808455526e-4 73951987 73952103 116
6 4451 rs16887281 169086528 1 -2.722156644070012e-4 169086528 169094291 7763
6 3759 rs12200379 149495480 1 -2.7052850263288754e-4 149495480 149495480 0
6 2657 rs6928180 102409781 1 -2.684361054820971e-4 102407708 102411802 4094
6 4132 rs41267807 160952816 2 2.6758638390962723e-4 160903178 160961137 57959
6 972 rs1233374 29608694 1 2.675259339769356e-4 29607747 29613218 5471
6 16 rs12530461 614353 1 2.6733346495764153e-4 611969 625268 13299
6 2616 rs6928245 100674018 1 2.655003309741648e-4 100668277 100698564 30287
6 1615 rs13205100 47687007 2 2.632035950750924e-4 47646842 47687007 40165
6 3022 rs9320680 119451257 1 2.6250930768631183e-4 119451257 119460786 9529
6 3016 rs12191819 119254373 1 -2.619815878665519e-4 119251971 119287609 35638
6 2114 rs10046327 77242311 1 -2.598753844793455e-4 77176775 77242538 65763
6 1906 rs9453873 67384568 1 2.597105335774185e-4 67384568 67403879 19311
6 2413 rs1923075 91376033 1 2.593403952814728e-4 91365419 91376033 10614
6 2032 rs2789588 73143697 1 -2.591533458379562e-4 73131012 73146011 14999
6 4011 rs7749940 156490528 1 2.586263154044267e-4 156488698 156508115 19417
6 876 rs458664 25055165 1 -2.5842573783997375e-4 25055165 25064919 9754
6 3402 rs11154774 134847175 1 2.580186439345335e-4 134840948 134847175 6227
6 3168 rs9375383 125354154 1 2.5755949922231196e-4 125354154 125365295 11141
6 2310 rs61875 86855532 1 2.561915227958042e-4 86855532 86857389 1857
6 1466 rs61758087 42232509 1 2.561281181522509e-4 42232509 42232509 0
6 2439 rs16884621 92365086 1 -2.536168262235583e-4 92365086 92387427 22341
6 2 rs1033180 383546 1 -2.530613802801646e-4 383546 383546 0
6 2971 rs1996051 117192899 1 -2.518719637736444e-4 117113315 117196211 82896
6 354 rs9381380 9501859 2 -2.5072921117067154e-4 9493302 9503805 10503
6 3145 rs9320988 124704731 1 2.497583700320207e-4 124704731 124705916 1185
6 1247 rs6919334 35341875 2 2.4921455016788845e-4 35322763 35362848 40085
6 3724 rs9390550 148585295 1 -2.4884211246364266e-4 148582765 148588469 5704
6 866 rs1884159 24870448 1 -2.480217230994593e-4 24868080 24870448 2368
6 3266 rs1480515 130176592 2 -2.472372535157809e-4 130165115 130176592 11477
6 3670 rs1358902 146828922 1 -2.4676918583353333e-4 146824515 146828922 4407
6 3083 rs1357053 122298807 1 2.4624182746037975e-4 122298807 122313558 14751
6 1808 rs9475665 56182465 1 -2.461123919798113e-4 56182465 56182465 0
6 1611 rs1953310 47385461 1 2.451385190109908e-4 47363213 47385461 22248
6 3860 rs6939683 152090324 1 2.446849699230354e-4 152090045 152092749 2704
6 3020 rs4945630 119430311 2 2.4368129594421552e-4 119421422 119430311 8889
6 2362 rs6901395 89432362 1 -2.427087599717206e-4 89421027 89460542 39515
6 2498 rs9345428 94748716 1 -2.4001940161428787e-4 94726087 94761761 35674
6 270 rs1887509 6882117 1 2.3962544212154747e-4 6882117 6882117 0
6 2502 rs16872039 94861991 1 -2.3923387831116736e-4 94861991 94885018 23027
6 4078 rs9457509 159317512 1 -2.3837311210089424e-4 159317512 159317512 0
6 2341 rs6910293 88629773 1 -2.3678777332981964e-4 88629773 88629773 0
6 2604 rs1339203 100092390 3 -2.3634259034749507e-4 100062766 100112101 49335
6 1265 rs7760405 36073831 1 -2.35653975119321e-4 35993906 36075219 81313
6 3006 rs1743257 118615390 1 -2.3463839183982988e-4 118612400 118634698 22298
6 1721 rs1377392 53298485 1 -2.318837564874618e-4 53298485 53311560 13075
6 0 rs11970426 215423 1 -2.3179742906286735e-4 212548 215423 2875
6 1035 rs2523882 31042217 1 2.3145211200716436e-4 31023148 31054511 31363
6 851 rs61733145 24437408 1 2.312838922995066e-4 24436799 24441758 4959
6 356 rs3918445 9582818 1 -2.2727229294756311e-4 9581927 9590282 8355
6 139 rs2490045 3860010 1 2.2722735537719264e-4 3859096 3860010 914
6 3866 rs12154178 152251080 1 -2.2689893933011535e-4 152203104 152260668 57564
6 4116 rs1803989 160517481 1 -2.2404948024718488e-4 160493834 160517481 23647
6 525 rs3817758 14540747 1 2.23531176647578e-4 14537067 14551593 14526
6 494 rs4715562 13777209 1 -2.2259902993217867e-4 13777209 13777209 0
6 3561 rs9376667 142330999 1 -2.206649534908697e-4 142328981 142332081 3100
6 186 rs12195956 5111680 1 -2.194227946424763e-4 5111680 5124416 12736
6 1683 rs16882141 52019663 1 2.1898816946049412e-4 52018919 52025693 6774
6 4392 rs7747434 167274198 1 2.1574423136755692e-4 167267919 167274198 6279
6 497 rs9475806 13934527 2 -2.1571284884308633e-4 13897337 13935066 37729
6 1945 rs7771529 69152472 1 -2.1526153867467188e-4 69151721 69154384 2663
6 1993 rs9351798 71723119 1 2.1511494710187772e-4 71722821 71733748 10927
6 41 rs9502839 1144109 1 -2.1445859546603808e-4 1144109 1144109 0
6 1952 rs1932618 69666684 1 2.131581124220792e-4 69666684 69667472 788
6 2379 rs1555402 90076384 1 -2.112354558064304e-4 90075359 90089677 14318
6 1302 rs262902 37116078 1 2.109202693168307e-4 37116078 37116078 0
6 2854 rs9400437 111292632 1 -2.1028978829089383e-4 111265977 111320794 54817
6 105 rs8583 2991195 1 2.1008692236038637e-4 2990894 2991195 301
6 1399 rs1359521 40298894 1 -2.0886959854832737e-4 40298297 40299126 829
6 2283 rs7770869 85343652 1 -2.086218160131019e-4 85342772 85354880 12108
6 9 rs7750350 477738 1 2.0778760287538595e-4 477065 480628 3563
6 2488 rs2278106 94120219 3 2.029070618788221e-4 94120219 94162298 42079
6 4379 rs9356500 167056898 2 -2.025836187119841e-4 167056898 167065891 8993
6 695 rs9348414 20168333 1 -2.003707063200228e-4 20168333 20171926 3593
6 3320 rs7759504 132066501 1 1.983809587041056e-4 132061420 132071193 9773
6 2319 rs671837 87410024 1 -1.9773739721150752e-4 87347533 87466492 118959
6 3259 rs9375656 130010372 1 -1.966775589939086e-4 130010372 130022390 12018
6 269 rs9405979 6869872 1 -1.9606624233826456e-4 6869872 6869872 0
6 3265 rs17473162 130140120 1 1.9559938084689216e-4 130140120 130154686 14566
6 3797 rs657972 150721401 1 1.9478104894007445e-4 150721401 150723812 2411
6 2453 rs1470357 92965688 1 1.940431197436929e-4 92964208 92980067 15859
6 1138 rs3873444 32682724 1 1.9326014584116372e-4 32682724 32682862 138
6 859 rs7763790 24615063 1 -1.9259685046004932e-4 24590547 24615063 24516
6 488 rs13213519 13452404 2 1.9205853999024075e-4 13452404 13452404 0
6 3295 rs7748328 131107930 1 -1.9205584644465165e-4 131107930 131107930 0
6 3238 rs11154461 129368803 1 1.9166312768351443e-4 129364595 129371106 6511
6 4436 rs9364244 168750052 1 1.9137246863616604e-4 168750052 168750052 0
6 688 rs9348410 20097963 1 -1.906328394846743e-4 20097963 20097963 0
6 1812 rs653872 56283552 1 1.898581372134108e-4 56265544 56285938 20394
6 4426 rs9364414 168571947 1 -1.882359779536264e-4 168570657 168571947 1290
6 3734 rs1147858 148838112 1 1.8696175129350823e-4 148838112 148840980 2868
6 4341 rs697462 166374108 1 1.864974625672412e-4 166374108 166374108 0
6 1408 rs432959 40519443 1 -1.860713093762508e-4 40517063 40523970 6907
6 2291 rs9444281 85710457 1 -1.8450766749596848e-4 85697194 85720325 23131
6 2796 rs11754713 108300912 1 1.8439475117498655e-4 108300912 108300912 0
6 2450 rs12212424 92889890 1 1.8380015081802828e-4 92889890 92889890 0
6 1829 rs74481685 62284240 2 1.8314317496844832e-4 62284240 62361103 76863
6 2244 rs287822 83397096 3 -1.8278494848008792e-4 83397096 83412391 15295
6 2131 rs13196496 77926495 1 -1.8266240718998816e-4 77914024 77934037 20013
6 4163 rs2223768 161942019 1 -1.809553425632684e-4 161933935 161944019 10084
6 4149 rs3798939 161655357 1 -1.7764144015089872e-4 161651368 161655357 3989
6 661 rs9368062 19380131 2 -1.7758938978386707e-4 19363073 19381355 18282
6 1451 rs2479723 41890835 3 1.7742168349188438e-4 41773322 41898096 124774
6 2323 rs7751022 87684800 1 -1.737452707952899e-4 87666493 87684800 18307
6 841 rs1419228 24178306 1 1.735260451768935e-4 24173382 24178306 4924
6 4213 rs7756486 163023850 1 1.7306758595638856e-4 162994422 163029843 35421
6 1882 rs1873294 66408758 1 -1.729608275462214e-4 66346089 66410718 64629
6 633 rs214575 18265698 1 -1.71406380230072e-4 18256625 18301503 44878
6 3719 rs9377112 148467702 1 1.7067528333504416e-4 148462046 148467702 5656
6 3279 rs7759336 130567718 1 -1.7036951859038471e-4 130567718 130601380 33662
6 3285 rs873146 130839788 1 1.670007650557076e-4 130839788 130839788 0
6 757 rs12210951 21936868 1 -1.651706036128111e-4 21921026 21938007 16981
6 3727 rs7763618 148621930 1 -1.6477160069218222e-4 148621018 148621930 912
6 1318 rs12191285 37603516 1 1.634808448891134e-4 37603516 37603516 0
6 1231 rs9394200 34218718 1 1.625525625934155e-4 34195011 34218718 23707
6 903 rs12664474 25876089 1 -1.6197613008580138e-4 25841408 25877970 36562
6 262 rs201053 6722492 1 1.6174815303966546e-4 6722492 6722492 0
6 1545 rs9381356 44967323 1 1.6064611493144914e-4 44944642 44980341 35699
6 1661 rs2397030 51130487 1 1.572145429392746e-4 51102772 51130487 27715
6 2140 rs10484725 78269161 1 1.5631672572076531e-4 78261702 78270696 8994
6 3435 rs10080318 136293826 2 1.5470366861014125e-4 136270587 136293826 23239
6 4439 rs2763264 168814455 1 -1.5436387177950815e-4 168810725 168814455 3730
6 3541 rs2328026 140475571 1 1.528875856841703e-4 140371611 140578494 206883
6 4203 rs2272786 162802744 1 1.5215336186800478e-4 162802744 162820082 17338
6 1720 rs1429143 53264485 1 1.5131102184456126e-4 53264485 53264485 0
6 2761 rs3747790 107016731 1 1.4756153940488138e-4 107012225 107056401 44176
6 1246 rs2395617 35285720 3 1.458120886575474e-4 35268533 35310432 41899
6 1088 rs3093998 31485174 1 1.4571443368573242e-4 31485174 31513402 28228
6 2807 rs564376 109032000 1 1.4415213591191395e-4 109032000 109032557 557
6 2857 rs6904275 111381468 1 -1.4394738067162333e-4 111374253 111381468 7215
6 2388 rs4706352 90609718 1 1.4272987824244523e-4 90603505 90615280 11775
6 3593 rs9496607 143703478 1 -1.4263646841773198e-4 143703478 143706420 2942
6 2536 rs17056117 96551023 1 -1.383582889033938e-4 96521701 96554218 32517
6 4064 rs12206717 158910698 1 -1.3799756367637912e-4 158909773 158916972 7199
6 115 rs6910086 3287118 1 -1.376064406264783e-4 3287118 3290583 3465
6 3684 rs9390434 147189967 1 -1.3530129700940497e-4 147185851 147203404 17553
6 3599 rs9403511 143892771 1 -1.3456195129984478e-4 143884742 143898894 14152
6 3752 rs9404010 149295702 1 -1.3360274480304072e-4 149295702 149307684 11982
6 1872 rs697305 65972053 2 1.3306723889027947e-4 65952526 65972053 19527
6 4073 rs6455600 159146871 1 -1.3260789289142348e-4 159145196 159147751 2555
6 752 rs6916032 21805714 1 1.307852279082737e-4 21805714 21805714 0
6 3568 rs9496346 142669338 1 1.2873000838569667e-4 142669338 142777029 107691
6 2623 rs1392969 101091434 1 1.2797530569749296e-4 100957344 101091434 134090
6 4070 rs6913508 159111946 1 1.264489170838017e-4 159091331 159111946 20615
6 2034 rs2815715 73186272 1 -1.256562450851722e-4 73185309 73188091 2782
6 3196 rs9321060 126449652 1 1.2395195325030193e-4 126445961 126454333 8372
6 1643 rs2104029 49628248 1 -1.2285520939051117e-4 49609134 49628248 19114
6 3319 rs9483334 132051395 1 -1.2272389195983898e-4 131995313 132051395 56082
6 2911 rs9400601 113541196 1 1.218449787674292e-4 113533530 113541196 7666
6 1991 rs1716010 71595151 1 1.1859762431735914e-4 71594785 71598545 3760
6 155 rs1999022 4297286 1 1.1795580723698624e-4 4297286 4297286 0
6 949 rs418914 28568528 1 -1.1716039487175396e-4 28568528 28600492 31964
6 3687 rs17076578 147357913 1 1.1649945339577264e-4 147354068 147357913 3845
6 4166 rs6927285 162010329 1 1.1565673237613388e-4 162006836 162010329 3493
6 2503 rs12216311 94904486 1 -1.1559907776858156e-4 94904486 94919013 14527
6 2979 rs544047 117608318 1 1.152277967187919e-4 117608318 117608318 0
6 1873 rs12198911 66002389 1 -1.1383463506777949e-4 66002389 66042231 39842
6 90 rs9503245 2666848 4 1.1304888941534696e-4 2666478 2668872 2394
6 3291 rs1396250 131044450 2 1.0900486177260184e-4 131015386 131044450 29064
6 689 rs45596536 20109956 1 1.089692207742762e-4 20109956 20109956 0
6 2306 rs9359656 86179835 2 1.0883058297553514e-4 86176625 86214507 37882
6 2638 rs2579934 101903589 1 1.07888405226557e-4 101903589 101916765 13176
6 1982 rs564031 71008339 2 1.0757240114859178e-4 71008339 71008339 0
6 3481 rs9389549 138343019 3 -1.0682602724996766e-4 138343019 138354180 11161
6 1621 rs1410829 47852268 1 -1.0642564346356932e-4 47819564 47881668 62104
6 710 rs4712523 20657564 2 1.0621508091370316e-4 20641336 20664312 22976
6 2311 rs6931546 86865514 1 -1.0453188079639728e-4 86865029 86886750 21721
6 3258 rs13203608 129993895 2 -1.0443163585118886e-4 129993162 129996025 2863
6 2495 rs7765999 94568431 1 1.0341238982107788e-4 94506703 94568431 61728
6 3984 rs117412760 155761166 1 1.0216792075212783e-4 155761166 155761166 0
6 442 rs9471238 12224328 3 1.0198931354676557e-4 12223922 12230804 6882
6 496 rs6899735 13847687 1 -1.0086161380403253e-4 13847687 13847687 0
6 3825 rs1555179 151271356 1 -9.956957333946496e-5 151271356 151271356 0
6 855 rs807513 24518321 1 -9.80297972344698e-5 24513636 24524704 11068
6 4045 rs4709544 158152456 1 -9.783778319217464e-5 158152456 158152456 0
6 2939 rs1415428 114691511 1 9.682275534390414e-5 114676827 114723724 46897
6 4040 rs9355850 158070192 1 -9.635833739606538e-5 158069399 158071161 1762
6 4133 rs41272114 161006077 2 9.595265808963374e-5 161006077 161082695 76618
6 4449 rs2342646 169033082 1 -9.579497483049292e-5 169029167 169033082 3915
6 994 rs2735067 29951106 1 -9.551863722221946e-5 29945270 29953099 7829
6 3948 rs4870294 154787639 1 9.546271287738856e-5 154783783 154787639 3856
6 4134 rs143079629 161128812 1 -9.49922212496983e-5 161128812 161153990 25178
6 2046 rs9283796 73596433 2 9.47830735314583e-5 73581051 73606783 25732
6 2167 rs1507152 79483474 1 9.33993959343212e-5 79483474 79506885 23411
6 931 rs6904596 27491299 1 9.314367102956312e-5 27491299 27547792 56493
6 404 rs55893495 11104251 1 -9.278658084354748e-5 11103537 11122310 18773
6 3155 rs1479035 124909085 1 9.183656479707634e-5 124909085 124911565 2480
6 610 rs3886378 17268236 2 9.136085519592392e-5 17268236 17277353 9117
6 1212 rs6905353 33813043 2 9.104081836208786e-5 33813043 33817929 4886
6 3924 rs9371753 154168881 1 -8.983765346861144e-5 154153369 154173845 20476
6 44 rs4959528 1216398 1 8.925322584619104e-5 1209774 1216558 6784
6 2088 rs9447314 75557870 1 -8.853284780414808e-5 75542717 75557870 15153
6 3502 rs4896387 139025468 1 8.805671918571083e-5 139023312 139025468 2156
6 4199 rs952388 162716541 2 -8.777684500996323e-5 162716541 162716541 0
6 1526 rs13214191 44340937 1 -8.713085953890006e-5 44340937 44340937 0
6 1950 rs513357 69558698 1 8.672793866943824e-5 69545903 69618480 72577
6 3864 rs9322331 152162317 1 8.614094661111921e-5 152157881 152162317 4436
6 1414 rs4541736 40689997 2 -8.540553204089746e-5 40689997 40704396 14399
6 2842 rs9481067 110750552 1 -8.487205832135664e-5 110746351 110750552 4201
6 1338 rs17614684 38522630 1 -8.435236686707228e-5 38487026 38522630 35604
6 916 rs9461249 26383386 1 -8.390974046259582e-5 26382765 26389926 7161
6 1286 rs236459 36700899 1 -8.341122027138396e-5 36700899 36711050 10151
6 3714 rs7767522 148326813 1 -8.33801384929243e-5 148326813 148333774 6961
6 3231 rs506953 129022203 1 -8.330024805578123e-5 129022203 129039345 17142
6 2718 rs11961225 105609468 1 -8.311536018178562e-5 105565429 105612220 46791
6 1887 rs9453479 66610017 1 -7.9923391731462e-5 66571977 66610017 38040
6 1994 rs6455400 71741216 1 -7.97978054408174e-5 71741216 71752504 11288
6 717 rs9368246 20866857 1 -7.961368293292306e-5 20849412 20876683 27271
6 101 rs12530071 2886067 1 7.823528397953752e-5 2886067 2887652 1585
6 4059 rs17490133 158518639 1 -7.683313949710088e-5 158504365 158518639 14274
6 2020 rs9293853 72560565 1 7.545785962120562e-5 72560565 72582893 22328
6 2787 rs56215636 108029180 1 7.431282321784905e-5 108029180 108029900 720
6 3786 rs877907 150532488 3 -7.376219600437301e-5 150532221 150533715 1494
6 1303 rs4714043 37169627 1 -7.36699436792827e-5 37169627 37169627 0
6 1269 rs2859129 36121375 1 7.317908926722036e-5 36119657 36151177 31520
6 4488 rs9371179 170227259 1 -7.295298716253738e-5 170226400 170239266 12866
6 606 rs4716110 17107168 1 -7.223459010525103e-5 17106718 17122836 16118
6 3980 rs9478638 155648495 2 6.783925704406912e-5 155647047 155648495 1448
6 3293 rs4897466 131089467 3 -6.698881868952527e-5 131056827 131095294 38467
6 744 rs9358435 21497929 2 -6.694642874604253e-5 21497929 21497929 0
6 3054 rs12194792 121084577 1 6.667867142101988e-5 121083812 121106523 22711
6 357 rs855250 9608887 1 -6.664506035717332e-5 9608887 9662073 53186
6 3286 rs10485241 130856614 2 -6.636188924478113e-5 130856614 130871599 14985
6 2308 rs9344550 86538718 1 6.546597470051278e-5 86500316 86578833 78517
6 3276 rs7768884 130521794 1 -6.145895573720758e-5 130521794 130521794 0
6 3610 rs6931865 144079854 1 -6.144082735743455e-5 144072010 144081609 9599
6 4154 rs6455717 161725801 2 -6.0589304422354375e-5 161725801 161725838 37
6 880 rs6940230 25247120 3 5.9347511465667954e-5 25225513 25247120 21607
6 1482 rs11558979 43029288 2 5.8956487707991054e-5 43013662 43057581 43919
6 3154 rs576646 124896527 1 -5.879323821391919e-5 124896527 124896527 0
6 4257 rs4709767 164243122 1 5.7927491106044906e-5 164214737 164249854 35117
6 874 rs4712872 24990786 2 -5.785781963041814e-5 24990786 24990786 0
6 1856 rs3003684 64771342 1 5.585923258760339e-5 64771342 64771342 0
6 709 rs10484633 20631011 1 5.571732633583633e-5 20622753 20639409 16656
6 3227 rs9492001 128879393 1 -5.507992965018411e-5 128879393 128879393 0
6 3333 rs511587 132329574 2 5.285433629096401e-5 132316288 132349215 32927
6 3325 rs858338 132153207 1 5.159804515922994e-5 132151105 132153207 2102
6 3653 rs4141953 145422462 2 5.081620391704202e-5 145421935 145472281 50346
6 1289 rs916297 36737499 2 5.056320653825367e-5 36730418 36737499 7081
6 3664 rs10484925 146337547 1 -4.8786628856530966e-5 146305810 146415368 109558
6 1384 rs167325 39757080 1 -4.831592414158467e-5 39753307 39758431 5124
6 149 rs678285 4111429 1 -4.7829690066071755e-5 4111429 4127253 15824
6 156 rs9392582 4338841 1 4.779801643066056e-5 4338841 4355314 16473
6 226 rs667875 6019942 1 -4.6237032150539024e-5 6012391 6021878 9487
6 2396 rs12663434 90734082 1 -4.538347594957897e-5 90724855 90734082 9227
6 649 rs4716319 18900098 1 -4.524329817337447e-5 18897387 18915553 18166
6 2070 rs11751175 74775904 2 -4.2972079665336754e-5 74754551 74775904 21353
6 739 rs17623091 21369139 1 -4.257421851404097e-5 21368617 21369139 522
6 955 rs7752270 29053998 1 4.248166608743845e-5 28994570 29104935 110365
6 2184 rs12523953 80322860 2 4.2301007314051505e-5 80307921 80325234 17313
6 100 rs11757446 2852040 1 -4.167533176106767e-5 2852040 2854367 2327
6 2472 rs554089 93678513 1 -4.098926371448209e-5 93674438 93681057 6619
6 4394 rs9459795 167311818 1 -4.071038880640332e-5 167298751 167311818 13067
6 297 rs28763967 7581032 1 -3.801878107607113e-5 7576527 7612268 35741
6 3582 rs9496482 143256102 1 -3.793459508202462e-5 143256102 143256102 0
6 4086 rs3120629 159514599 1 3.7453925275901e-5 159514599 159514599 0
6 2363 rs9451101 89620255 1 -3.6836989924532006e-5 89620255 89620255 0
6 2755 rs6905896 106914005 1 -3.508131282882759e-5 106914005 106915830 1825
6 3448 rs6570118 137263940 1 3.402550598343593e-5 137263940 137268106 4166
6 2660 rs3849205 102601177 1 3.3679706400593314e-5 102601177 102601177 0
6 1145 rs2621416 32741868 1 3.324958888461481e-5 32740895 32759448 18553
6 4183 rs1619358 162377557 1 -3.298963842179117e-5 162371705 162377557 5852
6 3857 rs3020331 152008780 1 -3.1576108173427786e-5 152008780 152024985 16205
6 1579 rs9349363 46459974 2 -3.1050706125489104e-5 46440557 46485635 45078
6 2276 rs2324577 85091415 1 -3.0785898552836396e-5 85066620 85091415 24795
6 3999 rs9383776 156142928 1 -2.911693756921407e-5 156142928 156155428 12500
6 129 rs1205017 3579754 1 2.7631409368985294e-05 3579754 3579754 0
6 2407 rs1668702 91138902 1 2.757309085121893e-5 91135896 91168953 33057
6 4305 rs957967 165564573 1 2.6468543975267444e-5 165530602 165569308 38706
6 1206 rs6942022 33710284 3 -2.617975409464462e-5 33710284 33724004 13720
6 3318 rs2608897 131893463 1 2.576062577526717e-5 131883790 131893463 9673
6 2612 rs12203515 100430062 1 2.5563466988491516e-5 100430062 100439009 8947
6 4387 rs1883361 167161571 1 2.555255737516987e-5 167161571 167161571 0
6 3217 rs802753 128262515 1 -2.427889943774825e-5 128262515 128262515 0
6 1357 rs4254984 39059679 1 2.3946956246338105e-5 39059679 39059679 0
6 3103 rs9372726 123305965 1 2.344171503208462e-5 123300548 123305965 5417
6 2524 rs6907357 96111372 1 -2.267643246246935e-5 96100775 96164110 63335
6 1270 rs4713942 36227308 1 2.149712639759695e-5 36209623 36227308 17685
6 2589 rs2747748 99479842 1 2.1479664780647365e-5 99479842 99483699 3857
6 913 rs6939589 26289203 1 1.9475470370666346e-5 26267800 26289435 21635
6 2838 rs756487 110675112 1 -1.9097157622903943e-5 110669277 110681879 12602
6 1581 rs9472785 46560416 1 -1.826365200882893e-5 46560416 46560416 0
6 1354 rs2235871 38985356 1 -1.6996926600724068e-5 38971834 38989385 17551
6 1751 rs9357804 54290333 1 -1.693732997180166e-5 54265396 54290333 24937
6 2242 rs7356857 83337469 1 -1.6388566067952793e-5 83337469 83337469 0
6 2567 rs10484868 98332622 1 -1.5433854015594824e-5 98318226 98342812 24586
6 2461 rs2730835 93279039 1 1.5076656297584328e-5 93264306 93279039 14733
6 3905 rs1933488 153441079 1 -1.373412359387763e-5 153426679 153463915 37236
6 4253 rs9365597 164106739 1 1.2702441514147575e-5 164097101 164109051 11950
6 3186 rs11964411 125914993 1 -1.074408564046652e-5 125914993 125914993 0
6 4262 rs9355450 164372312 1 -9.550335873199382e-6 164372312 164372312 0
6 3437 rs1013020 136394895 1 -8.738459862269995e-6 136370658 136394895 24237
6 2298 rs9294329 85901618 1 -8.270118316000931e-6 85901618 85904766 3148
6 3052 rs1933809 120992849 1 7.571709015224604e-6 120955813 120997943 42130
6 873 rs9461088 24971721 1 7.287944633290898e-6 24971403 24971721 318
6 1865 rs4710286 65520297 1 -5.803910418830779e-6 65518623 65520297 1674
6 2972 rs17078452 117216904 2 -5.711172418708935e-6 117210052 117240593 30541
6 401 rs2788872 10947182 1 -5.680230446008422e-6 10942964 10955408 12444
6 3091 rs9490444 122712377 1 -4.6593732755416026e-6 122709984 122759415 49431
6 2863 rs3218606 111689082 1 -4.658695199754972e-6 111655530 111794409 138879
6 3842 rs9397389 151629865 2 -4.043435393641403e-6 151629865 151629865 0
6 891 rs301396 25466889 1 3.853377299013703e-6 25455015 25466889 11874
6 3369 rs6569872 133554452 6 -2.6937738784370367e-6 133546689 133554452 7763
6 2029 rs1971561 72941467 2 -1.806246896476221e-6 72937324 72993334 56010
6 1881 rs16896967 66341946 1 -7.802700854305412e-7 66314880 66342056 27176
6 3936 rs12212773 154551118 1 -3.8037422014380324e-7 154551118 154554607 3489
6 2454 rs1025933 92998916 1 -3.374626759549418e-7 92998916 93012151 13235
6 3035 rs17081487 119965344 1 2.708659786312145e-7 119965344 119997057 31713
