CHR Group SNP.lead BP.lead Size W BP.min BP.max BP.width
5 3236 rs6897932 35874575 1 0.07152800132311957 35874575 35874575 0
5 3239 rs10063294 35877505 1 0.04736003355880712 35877505 35877505 0
5 11847 rs4912622 141490587 2 0.04546565691659721 141490587 141490587 0
5 13466 rs2546890 158759900 1 0.03985835696372182 158759900 158759900 0
5 4297 rs3776694 53360174 1 0.03673560765039942 53360174 53360174 0
5 8098 rs1428439 100238801 1 0.0334238715583238 100238801 100238801 0
5 7795 rs27529 96126308 1 -0.0300385069516178 96126308 96126308 0
5 9755 rs6595174 118440675 1 0.02641138912872864 118440675 118440675 0
5 15072 rs4075958 176784512 2 -0.02608463197843335 176784512 176784512 0
5 10054 rs2116427 121182996 1 0.02556714698373013 121182996 121182996 0
5 1563 rs9790982 14776585 1 0.02515504878728139 14776585 14776585 0
5 13237 rs3846684 156649132 1 0.02451935544967051 156649132 156649132 0
5 8882 rs3806932 110405675 1 -0.02440895836682179 110405675 110405675 0
5 1524 rs149123 14222340 1 0.02359584033517536 14222340 14222340 0
5 11970 rs6580285 142889168 1 0.02282617237767135 142889168 142889168 0
5 15353 rs307814 180074248 1 0.02259938710441769 180074248 180074248 0
5 900 rs10512951 8303911 2 -0.02214170737524148 8303911 8303911 0
5 10327 rs4835839 123939264 2 -0.02126714513810599 123939264 123939264 0
5 8532 rs4382152 106379106 1 0.0204239001123901 106379106 106379106 0
5 6883 rs6897010 83163554 1 0.01874259234976099 83163554 83163554 0
5 5725 rs4704553 71430895 1 -0.01874156549414953 71430895 71430895 0
5 711 rs1353502 6902045 1 0.01867371195262584 6902045 6902045 0
5 13465 rs3212220 158754195 1 -0.01854744620672277 158754195 158754195 0
5 8092 rs2544911 100164220 1 -0.01848808130511275 100164220 100164220 0
5 11583 rs11750814 137500665 1 0.01799969835549856 137500665 137500665 0
5 8925 rs7709420 110544623 1 0.01799871928457563 110544623 110544623 0
5 4166 rs1421941 52297951 1 0.01781472553913156 52297951 52297951 0
5 12517 rs887344 149549022 2 0.01773350102525584 149549022 149549022 0
5 2844 rs2291114 32074392 1 0.01770946428035559 32074392 32074392 0
5 11641 rs749125 139166808 1 -0.01752182386676125 139166808 139166808 0
5 11672 rs1030667 139658794 1 -0.01749019425250726 139658794 139658794 0
5 13462 rs3213119 158743788 1 0.0174221566165415 158743788 158743788 0
5 9054 rs379440 111693371 2 -0.01729498197253779 111693371 111693371 0
5 301 rs11747122 3086951 1 0.01686967194932166 3086951 3086951 0
5 13777 rs312305 162095410 1 0.0166348564732909 162095410 162095410 0
5 14980 rs12658801 174910619 1 -0.01663464283575835 174910619 174910619 0
5 7285 rs10035607 89115932 1 -0.01623077387746474 89115932 89115932 0
5 14726 rs255313 172611648 2 0.01601518385755811 172611648 172611648 0
5 6832 rs1805377 82648943 1 0.01577482077557402 82648943 82648943 0
5 5432 rs4235460 65689041 2 0.01553596581354539 65689041 65689041 0
5 3020 rs1374017 33835353 2 0.01539585312157144 33835353 33835353 0
5 10379 rs11241791 124491958 1 -0.01530512943791065 124491958 124491958 0
5 3650 rs4245975 40288878 1 -0.01529657668244653 40288878 40288878 0
5 3405 rs4574573 37915720 2 -0.01526210012557537 37915720 37915720 0
5 4394 rs4282276 54011945 1 0.01502940447254448 54011945 54011945 0
5 11590 rs4457069 137619591 1 0.01498920521019524 137619591 137619591 0
5 15284 rs11743487 178887382 1 -0.01493721098241529 178887382 178887382 0
5 7422 rs6452953 90723034 1 0.01479255603548685 90723034 90723034 0
5 3175 rs32746 35358663 1 -0.01465661808282024 35358663 35358663 0
5 12613 rs1422673 150438988 1 0.01454040846954938 150438988 150438988 0
5 13558 rs2431099 159886620 2 -0.01448770169575919 159886620 159886620 0
5 6779 rs924619 81953043 2 0.01447493976429499 81953043 81953043 0
5 71 rs36979 1503610 1 0.0138865447179835 1503610 1503610 0
5 8416 rs249557 104682427 1 -0.0138803042884213 104682427 104682427 0
5 1692 rs250340 16758569 1 -0.01375150546974674 16758569 16758569 0
5 7220 rs2194026 87801273 1 -0.01357175964500445 87801273 87801273 0
5 15102 rs4976741 177591495 1 -0.0135417294370238 177591495 177591495 0
5 2454 rs4585457 27699870 1 -0.01340904982070457 27699870 27699870 0
5 12619 rs10036748 150458146 2 0.01329067703258584 150458146 150458146 0
5 11997 rs12519988 143211589 2 0.01325082975028058 143211589 143211589 0
5 1167 rs5745294 10681296 1 0.01314420537190222 10681296 10681296 0
5 4162 rs35234 52291279 1 -0.01313306750663353 52291279 52291279 0
5 4026 rs4865518 50984183 1 0.01280751364193423 50984183 50984183 0
5 9542 rs6862681 115928623 1 -0.01277204778296922 115928623 115928623 0
5 6113 rs12522470 75509233 1 -0.01271231514002992 75509233 75509233 0
5 365 rs402272 3411611 1 0.01263015085522185 3411611 3411611 0
5 15134 rs7722612 177826469 1 -0.01257934378135758 177826469 177826469 0
5 1559 rs149391 14745268 2 0.01251571439794111 14745268 14745268 0
5 4608 rs12658182 56794319 2 -0.01247473267116104 56794319 56794319 0
5 14738 rs10073580 172725229 2 0.01247204183553062 172725229 172725229 0
5 7911 rs154201 97939616 1 0.01246010182240293 97939616 97939616 0
5 8805 rs6594405 109222729 1 0.01227702899032383 109222729 109222729 0
5 6139 rs246797 75647630 1 0.01218128000909595 75647630 75647630 0
5 5699 rs1911923 71155607 2 0.01213669233449247 71155607 71155607 0
5 1931 rs770301 19537726 1 0.01210585936070615 19537726 19537726 0
5 274 rs2974686 2939706 1 0.01205508127188286 2939706 2939706 0
5 1864 rs4597970 18971937 1 0.01203913721777979 18971937 18971937 0
5 7493 rs13165943 92139632 2 0.01184589695477453 92139632 92139632 0
5 8179 rs6870697 101352494 1 -0.01163870179780255 101352494 101352494 0
5 13281 rs11134766 156908317 1 -0.0115222389591653 156908317 156908317 0
5 348 rs4866550 3308312 1 0.0115160832340167 3308312 3308312 0
5 13137 rs10077764 155717149 1 0.01143132947915721 155717149 155717149 0
5 12000 rs6580305 143223748 1 -0.01134761811937227 143223748 143223748 0
5 11924 rs6898510 142372435 1 0.01132959432875046 142372435 142372435 0
5 8973 rs17842606 111057235 1 -0.01128849615463028 111057235 111057235 0
5 3152 rs2962101 35135741 1 0.01113911397580815 35135741 35135741 0
5 863 rs1377490 8036594 1 0.01113088468297084 8036594 8036594 0
5 256 rs7442964 2843763 1 -0.01110089663908643 2843763 2843763 0
5 14754 rs6891752 172939755 1 -0.01108677942130109 172939755 172939755 0
5 11805 rs32957 141021096 1 -0.01084447213214343 141021096 141021096 0
5 12744 rs159822 151467672 1 0.01073485370327505 151467672 151467672 0
5 1806 rs17661265 18215931 1 0.01065687123113114 18215931 18215931 0
5 75 rs2963285 1550734 1 0.0103146650350307 1550734 1550734 0
5 13632 rs2176297 160388599 1 0.01030443710437421 160388599 160388599 0
5 12842 rs6881504 152498173 1 -0.01028191807623716 152498173 152498173 0
5 12567 rs10059011 150226722 2 -0.01026631470904508 150226722 150226722 0
5 10303 rs7713532 123587452 1 0.01010559005465814 123587452 123587452 0
5 10310 rs257706 123740639 1 0.01010275302215328 123740639 123740639 0
5 1298 rs7713093 11593348 1 0.01009491988046527 11593348 11593348 0
5 2806 rs6450855 31711429 2 -0.01001774091326617 31711429 31711429 0
5 695 rs12188231 6761511 1 0.00991535882643194 6761511 6761511 0
5 3126 rs37440 34948532 2 -0.0095870111929424 34948532 34948532 0
5 8873 rs1423156 110194962 1 -0.00957005955497988 110194962 110194962 0
5 13838 rs299284 162896650 1 -0.00954534114029192 162896650 162896650 0
5 9358 rs6866580 114466145 1 -0.00950399255628578 114466145 114466145 0
5 3279 rs586382 36052919 1 -0.00948444717490788 36052919 36052919 0
5 9418 rs74844425 115177207 1 -0.00948247318650976 115177207 115177207 0
5 8431 rs1423388 104950655 2 -0.00947770752486598 104950655 104950655 0
5 13918 rs6556742 163681411 1 0.00946468271842121 163681411 163681411 0
5 5273 rs2968294 63512436 1 -0.00936140942553495 63512436 63512436 0
5 6692 rs11740719 80723458 1 0.00934382500617919 80723458 80723458 0
5 12599 rs3763012 150404657 1 0.00933312406947872 150404657 150404657 0
5 11828 rs17208551 141226970 1 0.00931228368151237 141226970 141226970 0
5 10315 rs949973 123853534 2 0.00929810864497533 123853534 123853534 0
5 9135 rs7732695 112495421 1 0.00922597848709684 112495421 112495421 0
5 3466 rs2561140 38361483 1 0.00913624774015565 38361483 38361483 0
5 13454 rs4921437 158690951 2 0.00906418051115424 158690951 158690951 0
5 9575 rs6594987 116228312 2 -0.00905957427518002 116228312 116228312 0
5 12016 rs6874663 143469796 1 -0.00902193912961043 143469796 143469796 0
5 14442 rs6555879 169391322 1 0.00898735171334727 169391322 169391322 0
5 13079 rs10515719 154803797 1 0.00891347744968416 154803797 154803797 0
5 12372 rs10070291 148232677 2 0.00876243579322565 148232677 148232677 0
5 6112 rs12655684 75492702 1 0.00876068692029194 75492702 75492702 0
5 5350 rs1389319 64626453 1 -0.00875943442458148 64626453 64626453 0
5 2562 rs1025282 29351886 2 0.00874436333352073 29351886 29351886 0
5 12906 rs1422884 153009489 1 0.00871525701461084 153009489 153009489 0
5 3425 rs10061777 38062156 1 -0.00865625989159883 38062156 38062156 0
5 9148 rs10519348 112601878 1 -0.00859238262856718 112601878 112601878 0
5 7130 rs12518171 86129665 1 -0.00859083640143268 86129665 86129665 0
5 13327 rs6882516 157182897 2 -0.0085435128192268 157182897 157182897 0
5 11537 rs10056463 136882334 1 -0.00853421914560274 136882334 136882334 0
5 418 rs10078693 4003908 1 -0.00845912818041661 4003908 4003908 0
5 2169 rs6889665 23532643 1 -0.00842918017796523 23532643 23532643 0
5 8806 rs2416223 109224099 1 0.00842496215991055 109224099 109224099 0
5 10586 rs6884533 126041754 1 0.0083889162803765 126041754 126041754 0
5 4949 rs4302546 59522505 1 0.00838423923613791 59522505 59522505 0
5 395 rs6892937 3684777 2 0.0083103897341566 3684777 3684777 0
5 14626 rs7706554 171552219 1 -0.00816161129135304 171552219 171552219 0
5 306 rs13187652 3095939 1 0.00815003791025145 3095939 3095939 0
5 1557 rs6895973 14621711 1 0.00811305522477497 14621711 14621711 0
5 4470 rs10076398 55135283 1 -0.00810905714264323 55135283 55135283 0
5 2803 rs418410 31687028 1 -0.00805345433751086 31687028 31687028 0
5 8423 rs7702850 104742710 1 -0.00802759683720091 104742710 104742710 0
5 5146 rs16890998 62033116 1 0.00799487874509511 62033116 62033116 0
5 12612 rs4958435 150438284 2 -0.00795470744373071 150438284 150438284 0
5 7891 rs6890789 97469921 2 -0.00791969865620314 97469921 97469921 0
5 6292 rs10514104 76808135 1 0.00787265534788983 76808135 76808135 0
5 12985 rs17637310 153774496 2 0.00777819674269765 153774496 153774496 0
5 8370 rs10069629 104212940 1 0.00776023129469953 104212940 104212940 0
5 430 rs10866562 4110205 1 0.00765136754390803 4110205 4110205 0
5 7584 rs13359541 94147866 1 0.00762825989822088 94147866 94147866 0
5 13389 rs10515765 157947537 1 0.00761249331676518 157947537 157947537 0
5 4409 rs1991498 54170032 1 0.00760230979732802 54170032 54170032 0
5 14604 rs257352 171081906 1 -0.00758247469436031 171081906 171081906 0
5 8200 rs3811976 101570236 1 -0.00757969719719377 101570236 101570236 0
5 12053 rs10491258 144132727 1 0.00757952806404522 144132727 144132727 0
5 4129 rs6896291 52105776 2 -0.00751615980252233 52105776 52105776 0
5 3721 rs324058 40961894 1 -0.00744362601963011 40961894 40961894 0
5 2363 rs12521388 25912113 1 -0.0074285038399727 25912113 25912113 0
5 7201 rs13357105 87457198 2 -0.00739343992088291 87457198 87457198 0
5 14857 rs1427958 173819523 1 -0.0073656641770705 173819523 173819523 0
5 14145 rs2161425 166309007 1 -0.00735440139333915 166309007 166309007 0
5 15269 rs456909 178659691 1 0.00733364107982318 178659691 178659691 0
5 7943 rs727637 98213991 1 0.00731140732198775 98213991 98213991 0
5 7190 rs10473911 87260659 1 -0.00729450878196645 87260659 87260659 0
5 7504 rs11953766 92267794 2 -0.00729157017516128 92267794 92267794 0
5 3381 rs1400854 37669632 1 0.00726730636884876 37669632 37669632 0
5 2728 rs4867312 31144547 1 -0.00726371288231294 31144547 31144547 0
5 4525 rs458036 55816081 1 0.00726240419485808 55816081 55816081 0
5 1076 rs1501958 9721328 2 -0.00722103926407509 9721328 9721328 0
5 13447 rs12054738 158507676 1 -0.00720091243713508 158507676 158507676 0
5 2664 rs6878545 30407686 1 0.00716727058433573 30407686 30407686 0
5 6725 rs11747149 81198579 1 0.00714904144452919 81198579 81198579 0
5 6943 rs10051998 84018132 1 0.00712309843802969 84018132 84018132 0
5 2511 rs4266409 28489325 1 0.00704998001553348 28489325 28489325 0
5 13474 rs7703043 158880032 1 -0.00700302689430195 158880032 158880032 0
5 11283 rs258514 133809801 2 0.00696656431244861 133809801 133809801 0
5 6321 rs354616 77122240 1 0.00692772896095384 77122240 77122240 0
5 11263 rs10059571 133410192 2 -0.00692496647239663 133410192 133410192 0
5 10354 rs6595551 124139895 1 0.00691884790394451 124139895 124139895 0
5 13537 rs13362036 159686503 1 -0.00691763789367282 159686503 159686503 0
5 13743 rs7730737 161349821 1 -0.00690690680826408 161349821 161349821 0
5 14412 rs371856 169146825 1 0.00686146353943475 169146825 169146825 0
5 2265 rs1389221 24884260 1 0.00685425439416453 24884260 24884260 0
5 4881 rs1445918 58681857 1 0.00682051560663756 58681857 58681857 0
5 5642 rs13175238 68058660 1 0.00673543126225528 68058660 68058660 0
5 11150 rs7717377 132491562 1 -0.00670110601330608 132491562 132491562 0
5 322 rs468828 3152858 1 0.00669744404251443 3152858 3152858 0
5 6932 rs305661 83681037 1 0.00669125793685094 83681037 83681037 0
5 3819 rs1027348 41786266 1 -0.0066780438949253 41786266 41786266 0
5 6775 rs905219 81882182 1 0.00666300385038191 81882182 81882182 0
5 2139 rs12518494 22938343 1 0.00664477597847424 22938343 22938343 0
5 4633 rs10487616 57105894 1 -0.00663933840965108 57105894 57105894 0
5 13331 rs11955293 157215027 1 -0.00663730761050043 157215027 157215027 0
5 14675 rs6556035 172079889 1 0.00661280426096581 172079889 172079889 0
5 6252 rs6863296 76616738 1 0.00658590724474288 76616738 76616738 0
5 8252 rs12187443 102660400 2 0.00653594045606593 102660400 102660400 0
5 12562 rs33409 150038265 1 -0.00652852246542454 150038265 150038265 0
5 3404 rs7713266 37913527 1 0.00646433576672008 37913527 37913527 0
5 6272 rs7732963 76671544 1 -0.00644444019223021 76671544 76671544 0
5 11832 rs10078983 141398031 1 0.00644128533595655 141398031 141398031 0
5 2866 rs6879213 32474264 1 0.00640351346123507 32474264 32474264 0
5 11745 rs2907312 140611099 2 -0.00637877536434371 140611099 140611099 0
5 7295 rs10059737 89517833 1 0.00637824835131574 89517833 89517833 0
5 6156 rs16873483 75871350 2 -0.00637637746710698 75871350 75871350 0
5 10131 rs570682 122449650 1 0.00637538052434813 122449650 122449650 0
5 11116 rs743562 131872383 2 0.00634546099606902 131872383 131872383 0
5 8930 rs6875225 110568929 2 0.00628939869571846 110568929 110568929 0
5 12306 rs1423007 147442868 1 -0.00628874427659398 147442868 147442868 0
5 4108 rs1450952 52034098 1 0.00627689304388302 52034098 52034098 0
5 5652 rs10044075 68231686 1 0.00624820778925333 68231686 68231686 0
5 291 rs7728601 3064862 2 -0.00622703908923857 3064862 3064862 0
5 14292 rs7709842 167941990 1 -0.00617956828054371 167941990 167941990 0
5 11345 rs7710100 134768329 1 -0.00616751902511439 134768329 134768329 0
5 7953 rs7737402 98333129 2 -0.00615375222436295 98333129 98333129 0
5 2811 rs7707027 31761519 2 0.00613490389879937 31761519 31761519 0
5 14959 rs2471015 174756703 1 0.00609950799793164 174756703 174756703 0
5 10222 rs2194046 123024195 1 -0.00604643328448011 123024195 123024195 0
5 5500 rs257699 66134711 2 -0.00603014939496739 66134711 66134711 0
5 14227 rs11134488 167542656 1 0.00602766603015493 167542656 167542656 0
5 8816 rs11959815 109399630 1 0.00601436014694014 109399630 109399630 0
5 4888 rs378869 58688705 1 -0.00599998467259426 58688705 58688705 0
5 12189 rs609412 146225244 1 -0.00592486436679998 146225244 146225244 0
5 8946 rs759947 110773100 1 -0.00592285219201659 110773100 110773100 0
5 1217 rs860434 10954186 1 0.00590250574994782 10954186 10954186 0
5 11493 rs6878269 136526751 2 -0.00589419333953163 136526751 136526751 0
5 7423 rs6862125 90724598 1 0.00585318673363767 90724598 90724598 0
5 10681 rs1520246 127266725 1 0.00578779970087653 127266725 127266725 0
5 13458 rs2082412 158717789 2 0.00574810834260802 158717789 158717789 0
5 5074 rs4699986 61150440 1 0.00573178561953963 61150440 61150440 0
5 13235 rs40563 156637347 1 0.00569770927810946 156637347 156637347 0
5 10459 rs13165374 125149358 1 0.00566224484087423 125149358 125149358 0
5 9461 rs7710003 115334893 1 -0.00562180840930935 115334893 115334893 0
5 14091 rs2133726 165763260 2 0.00561158127557616 165763260 165763260 0
5 9416 rs1058600 115166713 1 -0.00560172360100046 115166713 115166713 0
5 8260 rs34229 102855162 1 -0.00559441892405577 102855162 102855162 0
5 13215 rs2279804 156479204 1 -0.00552884138801098 156479204 156479204 0
5 9300 rs3891371 113834663 1 0.00552066592620293 113834663 113834663 0
5 11251 rs12515157 133202612 1 -0.00547335336878426 133202612 133202612 0
5 14689 rs7715908 172243695 1 0.00545370128224081 172243695 172243695 0
5 14175 rs4869044 166882756 1 0.00543920182339283 166882756 166882756 0
5 15260 rs11746863 178572268 1 0.00541774767711504 178572268 178572268 0
5 7167 rs13158939 86946130 1 0.00540193039077083 86946130 86946130 0
5 12272 rs12656141 147116733 1 0.00539508322868849 147116733 147116733 0
5 3235 rs7717955 35862841 1 0.00537862148994111 35862841 35862841 0
5 13401 rs1650506 158030482 1 0.00533865573080726 158030482 158030482 0
5 10553 rs7733611 125663367 1 -0.0053299326247449 125663367 125663367 0
5 2680 rs1553238 30805404 1 0.00529177062097359 30805404 30805404 0
5 11699 rs56002 140298815 1 -0.00528734190935211 140298815 140298815 0
5 6076 rs13180297 75297146 1 -0.00527485721197762 75297146 75297146 0
5 1772 rs1399486 17767272 2 -0.00525481228701087 17767272 17767272 0
5 3933 rs1011814 44335820 1 0.00524253098931318 44335820 44335820 0
5 8366 rs1632744 104199060 1 0.0052328722428848 104199060 104199060 0
5 5792 rs6863278 72691388 2 0.00521003800223931 72691388 72691388 0
5 11557 rs11242395 136996852 1 -0.00518939252954421 136996852 136996852 0
5 14131 rs6878847 166061635 1 -0.0051582972121238 166061635 166061635 0
5 14582 rs7707008 170801952 1 0.00509137400512726 170801952 170801952 0
5 5516 rs17221458 66460390 1 -0.00505375047202521 66460390 66460390 0
5 8871 rs6594475 110170834 1 -0.00505100112993608 110170834 110170834 0
5 2047 rs13162954 21743174 1 0.0050298627302964 21743174 21743174 0
5 14509 rs11739136 169810796 1 -0.00502019618246482 169810796 169810796 0
5 939 rs12653550 8554971 1 0.00496065051579523 8554971 8554971 0
5 10079 rs3811873 121793477 1 0.00495653262459729 121793477 121793477 0
5 9636 rs10085098 117017440 1 0.00493450834699832 117017440 117017440 0
5 12671 rs165359 150861036 1 0.00493164406725573 150861036 150861036 0
5 5355 rs7729401 64659076 1 -0.00493074161871004 64659076 64659076 0
5 10791 rs9327490 128136519 1 0.00493049919986043 128136519 128136519 0
5 14835 rs10064200 173710328 1 0.00492837149686032 173710328 173710328 0
5 13106 rs12517952 154942738 1 -0.00490869717169182 154942738 154942738 0
5 1739 rs298528 17235998 2 -0.0048558879081028 17235998 17235998 0
5 3380 rs6451331 37642232 1 0.00481579343811723 37642232 37642232 0
5 11147 rs61755724 132408967 1 0.0048052276284849 132408967 132408967 0
5 5835 rs2973558 73163965 1 -0.00479179730754053 73163965 73163965 0
5 12423 rs10073851 148623217 1 0.00478034007508474 148623217 148623217 0
5 5615 rs184886 67611486 1 -0.00475188146697457 67611486 67611486 0
5 13956 rs10064772 164368235 2 0.00472837479883741 164368235 164368235 0
5 14247 rs13180204 167622914 1 0.00471230909641094 167622914 167622914 0
5 174 rs462498 2339273 1 0.00471003637598454 2339273 2339273 0
5 2815 rs11738489 31798252 1 0.00470726564432724 31798252 31798252 0
5 6138 rs16873320 75627989 1 0.00470579667317912 75627989 75627989 0
5 829 rs162031 7880287 1 -0.00467277522771359 7880287 7880287 0
5 6984 rs10068805 84480308 1 -0.00467218581618804 84480308 84480308 0
5 9668 rs872869 117504469 1 -0.00466101142643481 117504469 117504469 0
5 468 rs1173201 4819918 1 -0.00465776735429964 4819918 4819918 0
5 11951 rs258813 142674690 2 0.00463802724477508 142674690 142674690 0
5 8248 rs26232 102596720 2 0.00460033639302412 102596720 102596720 0
5 15022 rs1545976 176006611 1 0.00459385271874521 176006611 176006611 0
5 463 rs7711434 4724332 1 0.00458401277564157 4724332 4724332 0
5 10991 rs247011 131359614 1 0.00454315420069005 131359614 131359614 0
5 13818 rs10515854 162737689 1 -0.00452214834247289 162737689 162737689 0
5 730 rs2047313 7116244 2 -0.00449542793274953 7116244 7116244 0
5 13328 rs4704896 157194402 1 -0.00449222935958518 157194402 157194402 0
5 8600 rs4957709 107033906 1 -0.00447120861492339 107033906 107033906 0
5 4087 rs1600175 51872258 1 0.00446128067024194 51872258 51872258 0
5 5071 rs6449559 61107460 1 0.00445020910195149 61107460 61107460 0
5 14954 rs3955072 174708042 2 -0.00443311655675174 174708042 174708042 0
5 139 rs1872775 1999840 2 0.0044153308343763 1999840 1999840 0
5 9150 rs971371 112624075 1 -0.00440244854717761 112624075 112624075 0
5 7582 rs6888297 94137963 1 0.00439076018457269 94137963 94137963 0
5 3383 rs4343860 37681646 1 0.00438793542755204 37681646 37681646 0
5 13014 rs4958756 154045825 2 -0.0043681331851203 154045825 154045825 0
5 5056 rs10514916 60976083 2 0.00436234493237536 60976083 60976083 0
5 522 rs10036107 5249101 1 -0.00435505178089995 5249101 5249101 0
5 3740 rs704040 40998196 1 -0.00431899721350601 40998196 40998196 0
5 5795 rs1449272 72750163 1 -0.00430918358979936 72750163 72750163 0
5 12265 rs6580495 147068464 1 0.00430373183666003 147068464 147068464 0
5 1558 rs187483 14741921 2 -0.00427025791357734 14741921 14741921 0
5 1182 rs267949 10743929 1 0.00423701763458034 10743929 10743929 0
5 3917 rs10062920 43800333 1 -0.00423655098343063 43800333 43800333 0
5 12012 rs588129 143412790 1 -0.00421858410406009 143412790 143412790 0
5 11496 rs11743006 136550583 1 -0.00420967397384787 136550583 136550583 0
5 1080 rs3094348 9770335 1 0.0042082831004527 9770335 9770335 0
5 7366 rs2438374 90107108 1 0.00417473114517644 90107108 90107108 0
5 7221 rs17421627 87847586 1 -0.00415855372854102 87847586 87847586 0
5 5354 rs11739829 64654109 1 -0.00410273877097734 64654109 64654109 0
5 7655 rs17084686 94756496 1 -0.00408859560371393 94756496 94756496 0
5 6432 rs7719464 78641327 1 0.00408164262225519 78641327 78641327 0
5 14780 rs703724 173120513 2 -0.00407139937347681 173120513 173120513 0
5 6344 rs10039112 77493085 1 0.00404699536454792 77493085 77493085 0
5 10220 rs12658763 123009579 1 -0.00403105820543987 123009579 123009579 0
5 13833 rs2069352 162868905 1 0.00400889346223095 162868905 162868905 0
5 1272 rs42687 11342293 1 -0.00400865998643256 11342293 11342293 0
5 4792 rs9292179 58128623 1 0.00400846317460466 58128623 58128623 0
5 10811 rs2577424 128312492 2 0.0040084215117614 128312492 128312492 0
5 10888 rs7705150 129081652 1 -0.00399811184929198 129081652 129081652 0
5 12160 rs6580418 145776488 1 -0.00398689852204813 145776488 145776488 0
5 789 rs6555477 7587939 1 -0.00397666467144098 7587939 7587939 0
5 8209 rs76381196 101631761 1 -0.00397420705620687 101631761 101631761 0
5 14481 rs7729440 169568872 1 0.00396283948493075 169568872 169568872 0
5 5528 rs1428478 66537711 1 0.00395907641548704 66537711 66537711 0
5 13174 rs253604 155960089 1 0.00395559107620733 155960089 155960089 0
5 1831 rs7701168 18581767 2 0.00394788231783549 18581767 18581767 0
5 7586 rs255367 94174183 1 0.00393822251453218 94174183 94174183 0
5 9013 rs4958011 111531058 1 -0.00389259302934424 111531058 111531058 0
5 15052 rs365132 176378574 2 0.00386742878893109 176378574 176378574 0
5 9207 rs17333442 112947050 2 -0.0038624672729314 112947050 112947050 0
5 7480 rs10075131 92047795 1 0.00382108490582237 92047795 92047795 0
5 3301 rs6451268 36255364 1 -0.00381248583704262 36255364 36255364 0
5 12346 rs10075211 147839537 1 0.0037981712881918 147839537 147839537 0
5 2518 rs10940731 28495829 1 0.00378030362592047 28495829 28495829 0
5 10435 rs330356 124939017 1 -0.00377540375822972 124939017 124939017 0
5 14927 rs17064145 174375709 1 -0.00377127177276789 174375709 174375709 0
5 7374 rs10514341 90298632 1 -0.0037707470443897 90298632 90298632 0
5 6309 rs2112549 76976842 1 -0.00376934175727645 76976842 76976842 0
5 9322 rs10214354 114015002 1 -0.0037615392863658 114015002 114015002 0
5 2558 rs10079187 29320222 1 -0.00376067962689466 29320222 29320222 0
5 9754 rs7706037 118357780 2 -0.003751750422563 118357780 118357780 0
5 7847 rs7703556 96529990 1 0.00372425238567023 96529990 96529990 0
5 14005 rs9790890 164786295 1 0.00371212493810313 164786295 164786295 0
5 5669 rs12651858 68577467 1 0.00370535535441957 68577467 68577467 0
5 1160 rs6883387 10616846 1 -0.00370091662798157 10616846 10616846 0
5 9797 rs2636968 118838068 1 -0.00368256029037655 118838068 118838068 0
5 6433 rs7702071 78660354 1 0.00366675566310009 78660354 78660354 0
5 1053 rs12657696 9495607 1 -0.00366246679934221 9495607 9495607 0
5 13109 rs7728980 155001507 1 0.00362040546832771 155001507 155001507 0
5 6546 rs10805934 79603708 1 0.00362018376963786 79603708 79603708 0
5 1259 rs56155 11282141 1 0.00361275785835294 11282141 11282141 0
5 4827 rs12109774 58388213 1 -0.0036062789393637 58388213 58388213 0
5 9819 rs330206 119011525 1 0.00359796246805624 119011525 119011525 0
5 7923 rs316507 98011096 1 -0.00359072521412269 98011096 98011096 0
5 12983 rs3734083 153765239 1 -0.00358511994900667 153765239 153765239 0
5 3349 rs16903304 36731225 1 0.00357126359897201 36731225 36731225 0
5 8846 rs17132048 109732649 2 0.00356759997034961 109732649 109732649 0
5 442 rs261133 4316307 1 0.00354711550149222 4316307 4316307 0
5 2120 rs17333711 22474601 1 -0.00352631531474006 22474601 22474601 0
5 6882 rs10063526 83145042 1 0.00352278334466741 83145042 83145042 0
5 4179 rs3756537 52327230 1 0.00348910294445861 52327230 52327230 0
5 924 rs369938 8526643 1 -0.00348775070435845 8526643 8526643 0
5 14525 rs11957313 169950394 2 -0.00345446925671911 169950394 169950394 0
5 6712 rs13360536 80972255 1 -0.00344931206391663 80972255 80972255 0
5 14915 rs6870098 174195202 1 0.00344919060881218 174195202 174195202 0
5 5803 rs17633441 72928247 1 0.00341054922696992 72928247 72928247 0
5 15009 rs1560034 175308060 1 -0.00339791454499266 175308060 175308060 0
5 7495 rs1429056 92149000 1 0.00337664877462163 92149000 92149000 0
5 10290 rs17151176 123384579 1 0.00334632000713731 123384579 123384579 0
5 10402 rs1444649 124639468 1 0.00334041997878117 124639468 124639468 0
5 4570 rs56069227 56155672 1 -0.00333932940970544 56155672 56155672 0
5 14454 rs6863396 169463466 1 0.00333880525630368 169463466 169463466 0
5 5799 rs2914544 72809831 2 0.00332673327844638 72809831 72809831 0
5 1155 rs9790911 10585287 1 0.00332460774697467 10585287 10585287 0
5 14492 rs6863241 169622208 1 -0.0033013257032411 169622208 169622208 0
5 5023 rs159543 60486515 1 -0.00328796496892433 60486515 60486515 0
5 8594 rs6887589 107011559 1 0.00328502536494233 107011559 107011559 0
5 11864 rs2906057 141590358 1 -0.00328256257476076 141590358 141590358 0
5 1395 rs6554760 13238542 2 0.00327304600918706 13238542 13238542 0
5 3995 rs7446150 50332780 1 0.00326926558824216 50332780 50332780 0
5 2346 rs9293175 25678072 1 0.00326916016303302 25678072 25678072 0
5 7989 rs2602958 99226983 2 0.0032633768677218 99226983 99226983 0
5 4130 rs889294 52110676 1 0.00325166871458008 52110676 52110676 0
5 9139 rs7717906 112563686 1 0.00324580961252176 112563686 112563686 0
5 15021 rs34767982 176004680 1 0.00322637965171845 176004680 176004680 0
5 11777 rs72790032 140773111 1 0.00321630558817976 140773111 140773111 0
5 10719 rs32215 127661976 1 -0.00320345139830558 127661976 127661976 0
5 122 rs13183501 1948303 1 0.00319432003711734 1948303 1948303 0
5 733 rs13161773 7118462 1 -0.00318205507129897 7118462 7118462 0
5 14846 rs2909728 173777372 1 -0.00317245075849725 173777372 173777372 0
5 10585 rs6595726 126016244 1 -0.00316771024784225 126016244 126016244 0
5 13021 rs4958762 154066205 1 -0.00316663572790853 154066205 154066205 0
5 3711 rs10065570 40835627 1 -0.00311048340235919 40835627 40835627 0
5 11852 rs1062158 141523000 1 0.00309643456712143 141523000 141523000 0
5 7244 rs214134 88253916 1 -0.00309349427872668 88253916 88253916 0
5 6461 rs10942901 79025157 1 -0.00308929893792828 79025157 79025157 0
5 4947 rs2409741 59507973 1 0.00307004238198924 59507973 59507973 0
5 3260 rs10472267 35940365 1 -0.00306600784987168 35940365 35940365 0
5 12594 rs3792798 150401765 1 0.00305711372698707 150401765 150401765 0
5 9990 rs17147676 120721018 1 0.00305705839148906 120721018 120721018 0
5 13673 rs1511607 160666416 1 0.00305174674730642 160666416 160666416 0
5 3912 rs35201656 43613046 1 0.00304105237609365 43613046 43613046 0
5 15360 rs6601138 180128788 1 -0.00303806873333209 180128788 180128788 0
5 14228 rs7722031 167543205 2 -0.00303485200759991 167543205 167543205 0
5 3758 rs325836 41037965 1 -0.0030330732194606 41037965 41037965 0
5 8844 rs6891701 109703751 1 -0.00301352192859923 109703751 109703751 0
5 6124 rs12654150 75550325 1 0.0030040596832768 75550325 75550325 0
5 3210 rs16902391 35675616 1 0.00298699216443061 35675616 35675616 0
5 2917 rs1508827 33017254 1 -0.00298240019306557 33017254 33017254 0
5 1725 rs4129967 17000364 1 -0.00296597763899943 17000364 17000364 0
5 1017 rs886508 9156101 1 -0.0029659054288752 9156101 9156101 0
5 6330 rs4484406 77245012 1 -0.00296481076964134 77245012 77245012 0
5 1598 rs4702100 15694620 1 0.00293894193602884 15694620 15694620 0
5 3241 rs11742240 35881376 1 0.00293265468507077 35881376 35881376 0
5 4575 rs702689 56177443 2 0.00293185733202249 56177443 56177443 0
5 3151 rs2962089 35132350 1 0.0029156047919633 35132350 35132350 0
5 8856 rs6861829 109883334 1 -0.00290940738931699 109883334 109883334 0
5 14678 rs4867685 172104628 1 -0.00290785103656425 172104628 172104628 0
5 4146 rs2279586 52214848 1 -0.00290064940909623 52214848 52214848 0
5 14911 rs7728861 174180561 2 0.00289869497663243 174180561 174180561 0
5 12836 rs1595586 152402347 1 -0.00288176582618695 152402347 152402347 0
5 3483 rs4869605 38754050 2 0.00287708652942195 38754050 38754050 0
5 9097 rs10478101 112317417 1 0.00286640976753981 112317417 112317417 0
5 573 rs28165 5792720 2 0.00286438555310372 5792720 5792720 0
5 12590 rs707143 150387141 1 -0.00284669541944869 150387141 150387141 0
5 11330 rs4976285 134609822 1 0.0028230045450888 134609822 134609822 0
5 3755 rs10067611 41033163 1 -0.00281083104440535 41033163 41033163 0
5 4298 rs10067187 53364068 1 0.00278623558795488 53364068 53364068 0
5 5804 rs6890730 72933055 1 0.00278453652367623 72933055 72933055 0
5 10098 rs10042243 122036899 1 -0.0027769094511617 122036899 122036899 0
5 11302 rs139800400 134343662 1 0.0027680492573471 134343662 134343662 0
5 708 rs10512890 6892417 1 -0.00276411190442206 6892417 6892417 0
5 9661 rs6891446 117489644 1 0.00275724769817746 117489644 117489644 0
5 592 rs2673846 5922663 1 -0.00274533517341945 5922663 5922663 0
5 3262 rs860413 35943042 1 0.00273419057866017 35943042 35943042 0
5 8220 rs10515329 101850019 2 -0.00272476291948748 101850019 101850019 0
5 8428 rs4340892 104845257 1 -0.00270802025702319 104845257 104845257 0
5 10578 rs34241005 125923632 1 0.00266075867486409 125923632 125923632 0
5 3298 rs13175536 36248632 1 -0.00266043459760602 36248632 36248632 0
5 7419 rs6452949 90645137 1 0.00265282112689973 90645137 90645137 0
5 1125 rs17360625 10236693 2 -0.00264786997042316 10236693 10236693 0
5 2230 rs12518573 24261955 1 0.00264667609121376 24261955 24261955 0
5 4042 rs16879348 51292487 1 0.00264630040523008 51292487 51292487 0
5 6507 rs265008 79181467 1 -0.00262944144471041 79181467 79181467 0
5 2090 rs6863831 22114849 1 -0.00262724447540951 22114849 22114849 0
5 7205 rs357519 87510854 1 0.00261197482741708 87510854 87510854 0
5 13874 rs558968 163110078 1 -0.00260885930069898 163110078 163110078 0
5 15374 rs3806869 180485353 1 0.00257618983403977 180485353 180485353 0
5 11747 rs2907308 140614830 2 -0.00256602935318631 140614830 140614830 0
5 7294 rs930544 89462944 1 -0.00256314653818483 89462944 89462944 0
5 3025 rs10521010 33895326 1 -0.0025489133874573 33895326 33895326 0
5 7277 rs6878336 88853071 1 -0.00253512450955186 88853071 88853071 0
5 544 rs16875556 5402163 1 -0.00252302733446983 5402163 5402163 0
5 14337 rs752498 168380180 1 0.00252003608552293 168380180 168380180 0
5 14731 rs10475590 172686386 1 -0.0025162345838516 172686386 172686386 0
5 2033 rs7725903 21575563 1 0.00250782455787732 21575563 21575563 0
5 5162 rs6865447 62325295 2 0.00249799885748174 62325295 62325295 0
5 5930 rs417421 73721544 1 -0.00249760841292226 73721544 73721544 0
5 5075 rs4700448 61161048 1 0.0024790958285825 61161048 61161048 0
5 101 rs12514619 1783655 1 0.00247890768758804 1783655 1783655 0
5 13675 rs2010725 160684920 1 0.002478661842909 160684920 160684920 0
5 13881 rs446288 163265421 2 0.00246849578790304 163265421 163265421 0
5 5069 rs6449558 61085552 1 -0.00246640149930258 61085552 61085552 0
5 7029 rs12523369 85132877 1 0.00241994845972207 85132877 85132877 0
5 10438 rs902596 125007623 1 0.00240531865269029 125007623 125007623 0
5 11968 rs4912922 142881689 1 0.0024037200774885 142881689 142881689 0
5 12498 rs2241698 149390148 1 -0.00240276434840833 149390148 149390148 0
5 2747 rs72749696 31294069 1 -0.00239624058672728 31294069 31294069 0
5 4927 rs1369285 59280611 1 0.00238701513079099 59280611 59280611 0
5 13230 rs31220 156590355 1 -0.00238236561087748 156590355 156590355 0
5 4495 rs158640 55611694 1 -0.00238150424472672 55611694 55611694 0
5 13201 rs3913482 156191515 1 -0.0023776171449977 156191515 156191515 0
5 1276 rs154753 11392036 1 -0.00236953898946284 11392036 11392036 0
5 7292 rs1133384 89456355 2 -0.00235859838658833 89456355 89456355 0
5 14979 rs1508763 174893557 1 0.00234948570550809 174893557 174893557 0
5 4244 rs4865544 52684170 2 -0.00234818151792177 52684170 52684170 0
5 8094 rs3776167 100194593 1 -0.00234474733164988 100194593 100194593 0
5 15071 rs9313758 176773091 1 0.00234362905976286 176773091 176773091 0
5 7811 rs152468 96167536 1 -0.00234076422776455 96167536 96167536 0
5 3107 rs462492 34800987 1 0.00233770083536742 34800987 34800987 0
5 14194 rs7723247 167115062 2 -0.00233690428683103 167115062 167115062 0
5 6721 rs7717239 81167030 1 0.00233116488679124 81167030 81167030 0
5 12823 rs4524565 152261044 1 0.00230660191765545 152261044 152261044 0
5 1717 rs29448 16907538 1 0.00230617972077574 16907538 16907538 0
5 8100 rs10515303 100275313 1 -0.0022933851116398 100275313 100275313 0
5 4573 rs832577 56163787 1 0.00228582382024996 56163787 56163787 0
5 3006 rs2032878 33799699 1 0.00227231215849004 33799699 33799699 0
5 10483 rs434265 125315960 1 -0.00226972455653747 125315960 125315960 0
5 3030 rs11951607 33923272 1 -0.00226001086251837 33923272 33923272 0
5 12321 rs10463397 147522547 1 0.00225960046629551 147522547 147522547 0
5 12487 rs888895 149239093 1 0.00225666292887617 149239093 149239093 0
5 1166 rs10271 10680749 1 0.00225460336272483 10680749 10680749 0
5 10150 rs10044090 122475727 2 -0.00225376098533976 122475727 122475727 0
5 6115 rs1532696 75524235 2 -0.00224543854883162 75524235 75524235 0
5 13557 rs1582418 159882797 1 0.00222659393999556 159882797 159882797 0
5 12701 rs11167551 151004915 2 -0.00221644339460581 151004915 151004915 0
5 1103 rs10866598 9984618 1 -0.00221103488992439 9984618 9984618 0
5 8199 rs1469104 101569545 1 -0.00220394027496484 101569545 101569545 0
5 13625 rs938541 160356606 2 0.00220359983074338 160356606 160356606 0
5 13101 rs12516532 154916462 1 -0.00220150442778702 154916462 154916462 0
5 10124 rs34341374 122364538 2 0.00219078929209499 122364538 122364538 0
5 15349 rs13168292 179831373 1 -0.00218669078000971 179831373 179831373 0
5 1 rs10057531 40975 1 -0.00217562547501095 40975 40975 0
5 8633 rs12518124 107243126 2 -0.00216135234905987 107243126 107243126 0
5 2864 rs818600 32466436 2 0.00214917565074959 32466436 32466436 0
5 5029 rs7446842 60533515 1 0.0021465840585527 60533515 60533515 0
5 9892 rs1037569 119926305 1 -0.00214481894858616 119926305 119926305 0
5 14149 rs6863941 166355313 2 0.0021441280748341 166355313 166355313 0
5 10274 rs4835814 123298624 1 0.00213664309343999 123298624 123298624 0
5 11385 rs6596271 135220829 1 -0.00212957889102064 135220829 135220829 0
5 3456 rs2367214 38286606 1 0.00212816779507095 38286606 38286606 0
5 7523 rs4869419 92567539 1 0.00212598014179293 92567539 92567539 0
5 1161 rs11749155 10620642 1 -0.00211940126968486 10620642 10620642 0
5 7020 rs6875669 85101862 1 0.00211799163719385 85101862 85101862 0
5 15283 rs4701154 178886964 1 -0.00211171112372732 178886964 178886964 0
5 10501 rs3849066 125390294 1 0.00209656023268665 125390294 125390294 0
5 5448 rs10055880 65864189 1 0.00209323417420029 65864189 65864189 0
5 12140 rs443033 145210041 1 0.0020920516727680402 145210041 145210041 0
5 6904 rs393110 83318042 2 0.00208832839569003 83318042 83318042 0
5 1145 rs12521546 10444131 1 -0.00207208248075549 10444131 10444131 0
5 14143 rs6882813 166281216 1 0.00207138582863748 166281216 166281216 0
5 3097 rs7702104 34691121 1 0.00206655862207997 34691121 34691121 0
5 5408 rs2113030 65185421 1 0.00206596862590051 65185421 65185421 0
5 7494 rs258953 92148132 1 0.00206570318501163 92148132 92148132 0
5 24 rs2672734 455696 2 -0.00206543336001368 455696 455696 0
5 9823 rs330200 119019195 1 -0.00205862471284941 119019195 119019195 0
5 4707 rs11742503 57530181 1 -0.00205381652548364 57530181 57530181 0
5 9742 rs17144556 118094406 1 0.00205373182130683 118094406 118094406 0
5 7511 rs7734991 92333217 1 -0.00205282299116663 92333217 92333217 0
5 14207 rs39950 167351652 1 0.00204756322266783 167351652 167351652 0
5 4563 rs7731700 56111927 1 0.00203905921565181 56111927 56111927 0
5 3913 rs7713458 43637233 1 -0.0020362149469305 43637233 43637233 0
5 14955 rs13185639 174727366 1 0.00203394311649865 174727366 174727366 0
5 14850 rs962880 173791376 1 -0.00203220709362676 173791376 173791376 0
5 6884 rs4552569 83173593 1 -0.00203089188545858 83173593 83173593 0
5 223 rs6859765 2652947 1 0.00202179673034377 2652947 2652947 0
5 11637 rs165179 138985694 1 -0.00201605247202981 138985694 138985694 0
5 8591 rs10074258 106982560 1 -0.00201550308830213 106982560 106982560 0
5 5468 rs7721030 65933932 2 0.00201148620857887 65933932 65933932 0
5 9653 rs10074918 117434840 1 0.00200227319399456 117434840 117434840 0
5 3449 rs2561045 38270279 1 -0.002002112908099 38270279 38270279 0
5 10671 rs73345017 127069487 1 0.00199662978627371 127069487 127069487 0
5 11639 rs165187 139145049 1 -0.00198944457070027 139145049 139145049 0
5 921 rs415234 8522021 1 0.00198486639405738 8522021 8522021 0
5 13333 rs3097836 157235372 1 0.00198482228118305 157235372 157235372 0
5 273 rs2404802 2934319 1 0.00198204644932752 2934319 2934319 0
5 3321 rs2455257 36487409 1 -0.0019754161644568 36487409 36487409 0
5 14369 rs4868388 168642564 1 0.00197515720130023 168642564 168642564 0
5 3763 rs61609768 41055888 1 -0.0019710470273784 41055888 41055888 0
5 9357 rs2974617 114462355 1 -0.00196944521287775 114462355 114462355 0
5 3355 rs245670 36759602 1 -0.00196282585822948 36759602 36759602 0
5 881 rs10512947 8231744 1 -0.00195129934181253 8231744 8231744 0
5 5704 rs1217750 71249440 1 -0.00195030231947179 71249440 71249440 0
5 3180 rs412904 35422561 1 -0.00194427363959727 35422561 35422561 0
5 11761 rs76571170 140710810 2 -0.00193479343049347 140710810 140710810 0
5 7660 rs6866194 94919966 2 -0.00192236066865655 94919966 94919966 0
5 3541 rs700241 39377132 1 -0.00191699304661607 39377132 39377132 0
5 6148 rs4703712 75839350 1 -0.00191476842534814 75839350 75839350 0
5 1045 rs28263 9373641 1 0.0019138726538751 9373641 9373641 0
5 486 rs30451 4992163 2 -0.00188914808506328 4992163 4992163 0
5 7131 rs16902429 86151620 1 0.00188863356496256 86151620 86151620 0
5 2646 rs7708456 30108377 1 -0.0018790799054486 30108377 30108377 0
5 10600 rs11949302 126282246 1 -0.00187678066962136 126282246 126282246 0
5 1146 rs1875017 10451154 1 -0.00187180092515145 10451154 10451154 0
5 14621 rs4867660 171402128 1 0.00187070372823543 171402128 171402128 0
5 1482 rs436457 14004657 1 0.00186117087520392 14004657 14004657 0
5 15382 rs416574 180626927 1 0.00185307374749919 180626927 180626927 0
5 307 rs16871117 3121728 2 -0.00184923597244835 3121728 3121728 0
5 12512 rs3756309 149505624 1 0.00184518460453789 149505624 149505624 0
5 3744 rs1001420 41000343 1 -0.00184085246005567 41000343 41000343 0
5 14695 rs751988 172268003 1 0.00184081796194352 172268003 172268003 0
5 12990 rs3776996 153797049 1 0.00183986127895719 153797049 153797049 0
5 8854 rs10035983 109833727 1 0.00183749117578716 109833727 109833727 0
5 5731 rs13153166 71494931 2 -0.00182766125254749 71494931 71494931 0
5 10294 rs7733161 123402920 1 -0.00182648168830524 123402920 123402920 0
5 6100 rs4299714 75449125 1 -0.00182257732872412 75449125 75449125 0
5 11398 rs6861956 135409014 1 -0.00182044987884665 135409014 135409014 0
5 8369 rs10074959 104208013 1 0.00181745936012136 104208013 104208013 0
5 1091 rs12657074 9933742 1 -0.00181261116467686 9933742 9933742 0
5 1483 rs418173 14005033 1 0.00181222315017401 14005033 14005033 0
5 4499 rs16885269 55651822 1 0.00180833344357024 55651822 55651822 0
5 6822 rs10514249 82504856 1 -0.00180686305286448 82504856 82504856 0
5 5140 rs10514950 62020357 1 0.00179710580559532 62020357 62020357 0
5 8815 rs7730450 109398784 1 0.0017926081869577 109398784 109398784 0
5 9556 rs6594980 116042843 1 -0.00178966514456388 116042843 116042843 0
5 10832 rs17839625 128417940 1 0.00178390912033791 128417940 128417940 0
5 12625 rs17659044 150504416 1 -0.00177784685413385 150504416 150504416 0
5 8630 rs12522548 107195824 2 0.00177336579485648 107195824 107195824 0
5 13108 rs17118094 154989490 1 0.00176844453785371 154989490 154989490 0
5 12833 rs1010100 152354943 1 -0.00176813174994274 152354943 152354943 0
5 2674 rs4485945 30732023 1 -0.00176124116454085 30732023 30732023 0
5 13301 rs7724199 156989957 1 -0.00175196063961461 156989957 156989957 0
5 13309 rs17054764 157036921 1 -0.0017513769882621 157036921 157036921 0
5 11197 rs405954 132942656 1 0.00174422668316698 132942656 132942656 0
5 1843 rs10064581 18726660 1 -0.00174060752559743 18726660 18726660 0
5 477 rs16874171 4875420 1 0.00173407505606545 4875420 4875420 0
5 1977 rs1703052 20538115 1 0.00173173343278025 20538115 20538115 0
5 4420 rs4865908 54316028 1 0.00172631732991121 54316028 54316028 0
5 3914 rs16873438 43648914 1 -0.00172037243081843 43648914 43648914 0
5 7212 rs6865693 87715239 1 -0.00171073009590127 87715239 87715239 0
5 15383 rs1279736 180671189 1 -0.00170811198986083 180671189 180671189 0
5 12441 rs11750184 148846518 2 0.00170287546265983 148846518 148846518 0
5 9210 rs13160538 112965930 1 -0.00170265793073079 112965930 112965930 0
5 300 rs6879233 3084205 1 0.00170195151143231 3084205 3084205 0
5 14539 rs905823 170052330 1 -0.00170003082524315 170052330 170052330 0
5 11812 rs3749759 141041435 1 0.0016985600408675 141041435 141041435 0
5 5248 rs378268 63060649 1 -0.00169397105675741 63060649 63060649 0
5 13533 rs4921110 159608980 1 0.00169228386366753 159608980 159608980 0
5 1031 rs40665 9228283 1 0.00169009778145663 9228283 9228283 0
5 3779 rs13436351 41198201 2 -0.00168821562236865 41198201 41198201 0
5 11782 rs3749768 140789819 1 0.00168181425498655 140789819 140789819 0
5 69 rs36987 1499175 1 0.00168024533874668 1499175 1499175 0
5 9681 rs10519544 117561189 1 0.00167618192717496 117561189 117561189 0
5 4727 rs10513141 57625508 2 -0.00167409555906213 57625508 57625508 0
5 6319 rs10942832 77120649 2 -0.00167176713336289 77120649 77120649 0
5 3148 rs37383 35092969 1 0.00166902422803268 35092969 35092969 0
5 14679 rs792691 172127304 1 -0.00166601635773371 172127304 172127304 0
5 15062 rs28932177 176637471 1 0.00165898472214426 176637471 176637471 0
5 10295 rs6871469 123416065 1 0.00165493883162897 123416065 123416065 0
5 6959 rs1500619 84160853 1 0.00165227147472882 84160853 84160853 0
5 2745 rs12657313 31284709 2 0.00163655477893449 31284709 31284709 0
5 5609 rs6876003 67571413 1 0.00163073941978514 67571413 67571413 0
5 5754 rs3112482 71750900 2 0.0016286605564978 71750900 71750900 0
5 14339 rs6555841 168385263 1 -0.00161737512620749 168385263 168385263 0
5 14923 rs4263513 174261760 2 0.00159663473390867 174261760 174261760 0
5 3718 rs16870537 40943218 1 0.00159239868006805 40943218 40943218 0
5 14146 rs3853240 166318190 1 0.00158918038826079 166318190 166318190 0
5 14989 rs870258 175029274 2 0.00158544923658214 175029274 175029274 0
5 10155 rs335206 122504566 1 0.00157664073747072 122504566 122504566 0
5 5770 rs638333 72419267 1 -0.00157329512043605 72419267 72419267 0
5 13996 rs7356565 164755174 2 -0.00155585824229863 164755174 164755174 0
5 13859 rs297953 162986384 1 0.00154455723905827 162986384 162986384 0
5 13393 rs7732691 157957642 1 0.0015403167633831 157957642 157957642 0
5 6540 rs12522787 79526346 1 0.00153609261048336 79526346 79526346 0
5 14456 rs1316638 169477011 1 0.00153484975342045 169477011 169477011 0
5 4505 rs286012 55702460 1 -0.00152035781972162 55702460 55702460 0
5 1046 rs666617 9420374 1 -0.00151693759789568 9420374 9420374 0
5 8499 rs12109609 106058868 1 -0.00151626016877235 106058868 106058868 0
5 4693 rs1981838 57474848 1 0.00151500659757383 57474848 57474848 0
5 2970 rs77581578 33549374 1 0.00150971649471572 33549374 33549374 0
5 7281 rs819351 89071734 1 0.0015085153487475 89071734 89071734 0
5 1821 rs12657680 18453812 1 0.00150069743129309 18453812 18453812 0
5 6310 rs7701420 76982066 1 0.00148829702791008 76982066 76982066 0
5 5616 rs625637 67615731 1 -0.00148339258147946 67615731 67615731 0
5 6713 rs10035917 81022494 1 0.00147678300792457 81022494 81022494 0
5 1734 rs587977 17148236 1 0.001476400065517 17148236 17148236 0
5 5626 rs16897820 67716636 1 -0.00147352208718995 67716636 67716636 0
5 13416 rs1541648 158186469 1 -0.00146562673971853 158186469 158186469 0
5 14174 rs1030669 166881177 2 0.00146202961269513 166881177 166881177 0
5 1413 rs2067586 13393043 1 0.00146156283408388 13393043 13393043 0
5 4400 rs4367252 54033356 1 0.00145872685887641 54033356 54033356 0
5 7233 rs700591 88105614 1 -0.00145247634486233 88105614 88105614 0
5 10521 rs3849077 125481408 1 -0.00144772739683279 125481408 125481408 0
5 12657 rs9324688 150695700 1 -0.00144721298818846 150695700 150695700 0
5 7780 rs28096 96109244 1 -0.00144480282614464 96109244 96109244 0
5 3128 rs251636 34957444 1 -0.00144396542269059 34957444 34957444 0
5 13998 rs10515893 164759496 1 -0.00144188564861845 164759496 164759496 0
5 3878 rs186322 42984638 1 0.00143638521332764 42984638 42984638 0
5 9302 rs985525 113858286 1 -0.00142784687355737 113858286 113858286 0
5 5869 rs2434214 73293204 1 -0.00142771294200469 73293204 73293204 0
5 10301 rs12188854 123545499 1 0.00142501699049154 123545499 123545499 0
5 11674 rs1051309 139905844 1 0.00142019599236343 139905844 139905844 0
5 4192 rs3212692 52369664 1 0.00141572736584953 52369664 52369664 0
5 441 rs7731506 4297423 1 -0.00141553153038204 4297423 4297423 0
5 4537 rs7712875 55892384 1 -0.00141433514267371 55892384 55892384 0
5 8472 rs7731914 105461753 1 -0.00140966121565288 105461753 105461753 0
5 12560 rs10463300 149971345 1 -0.00140941888843144 149971345 149971345 0
5 3027 rs1549283 33909843 1 -0.00140642260488328 33909843 33909843 0
5 6388 rs28326 78295854 1 0.00140558698726905 78295854 78295854 0
5 852 rs7722615 7989257 2 0.00140185633640995 7989257 7989257 0
5 14047 rs10515910 165279809 1 -0.0013989505698941 165279809 165279809 0
5 3346 rs1025288 36702864 1 0.00139447116524874 36702864 36702864 0
5 11890 rs33962 141929551 1 0.00139202063574382 141929551 141929551 0
5 8675 rs10074427 107926149 1 -0.00138558407297688 107926149 107926149 0
5 11798 rs11952292 140871249 1 0.00138088884976446 140871249 140871249 0
5 10361 rs723187 124290967 1 -0.00137793215515471 124290967 124290967 0
5 13154 rs7723660 155813177 1 -0.00137518023804524 155813177 155813177 0
5 15309 rs61739270 179302921 1 0.00137294709818286 179302921 179302921 0
5 9774 rs6888116 118659579 2 0.00136232917363874 118659579 118659579 0
5 8091 rs2544919 100146447 1 -0.00135321562436271 100146447 100146447 0
5 697 rs1004758 6792985 1 -0.00133830395461983 6792985 6792985 0
5 2691 rs12173144 30851050 1 -0.00133692120783393 30851050 30851050 0
5 13303 rs11749965 156997414 1 -0.0013243249680448 156997414 156997414 0
5 1823 rs10063237 18467699 1 0.00132094256303743 18467699 18467699 0
5 1394 rs11744248 13237036 1 -0.00131916807846174 13237036 13237036 0
5 14977 rs11746641 174866091 1 0.00131738178732527 174866091 174866091 0
5 224 rs950864 2667858 1 -0.00131644367131428 2667858 2667858 0
5 3609 rs6865476 40025084 2 -0.00131302456549727 40025084 40025084 0
5 4268 rs16881743 53080847 1 0.00131272385220068 53080847 53080847 0
5 9793 rs2678070 118812180 1 -0.00130999391519931 118812180 118812180 0
5 10815 rs1181983 128330093 1 -0.00130914264948986 128330093 128330093 0
5 10383 rs6892878 124525027 1 -0.0013055342624916 124525027 124525027 0
5 6476 rs16877151 79030346 1 0.00130390242443556 79030346 79030346 0
5 7415 rs10942629 90628243 1 -0.00130237948996302 90628243 90628243 0
5 3548 rs4596408 39447059 1 0.00129974379271045 39447059 39447059 0
5 2465 rs6862995 27824645 2 -0.00129513111339989 27824645 27824645 0
5 12614 rs2233287 150440097 1 0.00127347324204361 150440097 150440097 0
5 6462 rs1366271 79025634 1 0.00126903442341789 79025634 79025634 0
5 10436 rs1490996 124946532 2 0.00126727417190219 124946532 124946532 0
5 10312 rs7705687 123746171 1 -0.00126431671645235 123746171 123746171 0
5 3378 rs6874891 37608058 1 -0.00126120047290909 37608058 37608058 0
5 3328 rs7715271 36569753 1 0.00126063491277925 36569753 36569753 0
5 9764 rs3992620 118530872 1 0.00125846621286899 118530872 118530872 0
5 555 rs13154779 5578527 1 -0.00125581969129278 5578527 5578527 0
5 3653 rs6893565 40293299 2 -0.00125004920898336 40293299 40293299 0
5 1793 rs10941929 17981553 2 0.00124525884597342 17981553 17981553 0
5 8795 rs2161123 109141527 1 -0.00124318299169912 109141527 109141527 0
5 11171 rs153196 132727291 1 -0.00123809472496196 132727291 132727291 0
5 8430 rs11952396 104898706 1 0.00123528184217378 104898706 104898706 0
5 6345 rs7733511 77500665 1 0.00123405722767509 77500665 77500665 0
5 4446 rs2897834 54938579 1 0.00122984153911485 54938579 54938579 0
5 9722 rs1429739 117951540 1 -0.00122722894518475 117951540 117951540 0
5 7459 rs11738289 91395086 1 -0.00122467834381915 91395086 91395086 0
5 9795 rs2546210 118827601 1 0.00122083714051584 118827601 118827601 0
5 3213 rs6894157 35686341 1 0.00122009208242771 35686341 35686341 0
5 3689 rs6861121 40668727 2 -0.0012183381766649 40668727 40668727 0
5 5605 rs10515074 67566193 1 0.00121818890117896 67566193 67566193 0
5 3117 rs3846632 34863220 1 0.00121480069126659 34863220 34863220 0
5 14914 rs1507805 174193309 1 -0.00121001981525956 174193309 174193309 0
5 432 rs7706780 4227497 1 0.00121000060830512 4227497 4227497 0
5 9772 rs4895189 118655470 1 -0.00120376095783284 118655470 118655470 0
5 3014 rs895367 33816433 1 -0.0012031968438821 33816433 33816433 0
5 4508 rs286002 55706469 1 0.00119735815112218 55706469 55706469 0
5 10829 rs10040127 128409695 1 0.00119633574885607 128409695 128409695 0
5 13884 rs6881878 163273631 1 -0.00118822884668555 163273631 163273631 0
5 9756 rs4895185 118474109 1 -0.00118816510175247 118474109 118474109 0
5 1308 rs4379193 11867393 1 -0.00118510811505041 11867393 11867393 0
5 11810 rs468968 141027399 2 0.00118212985157953 141027399 141027399 0
5 6564 rs12515731 79666489 1 0.00118109492249143 79666489 79666489 0
5 4318 rs35952 53592163 1 0.00117643077259459 53592163 53592163 0
5 13951 rs2962872 164337870 2 0.00117029414745397 164337870 164337870 0
5 11086 rs274548 131730807 1 -0.00116932453539691 131730807 131730807 0
5 8048 rs10515301 99606693 1 -0.00116928090547184 99606693 99606693 0
5 4379 rs10940414 53961770 2 -0.00116855617181349 53961770 53961770 0
5 6161 rs1501787 75890239 1 0.00116834755936361 75890239 75890239 0
5 2046 rs6877795 21723745 1 0.00116783521271929 21723745 21723745 0
5 4457 rs7707639 55010963 1 0.0011644821065273 55010963 55010963 0
5 7503 rs7724557 92236275 1 0.00116425554966726 92236275 92236275 0
5 2447 rs4382127 27252466 1 -0.00116268945121471 27252466 27252466 0
5 11469 rs12188192 136352840 1 -0.00116165350582001 136352840 136352840 0
5 14077 rs7710884 165694220 1 0.00116107715216821 165694220 165694220 0
5 9996 rs17147802 120767312 1 -0.00115822478296239 120767312 120767312 0
5 745 rs17842508 7299845 1 -0.00115717257849164 7299845 7299845 0
5 1454 rs1354185 13761068 2 -0.00115613699887942 13761068 13761068 0
5 8224 rs7705924 101946798 1 -0.00115566241220997 101946798 101946798 0
5 1634 rs7701823 16054101 1 0.00115494935522449 16054101 16054101 0
5 11196 rs17642974 132941794 1 0.00114156951678774 132941794 132941794 0
5 15033 rs4867842 176082381 1 -0.00113624757247201 176082381 176082381 0
5 6640 rs527506 80309150 2 -0.0011332013353837 80309150 80309150 0
5 2703 rs10045797 30947612 1 -0.00113231129689514 30947612 30947612 0
5 10284 rs4836058 123347900 1 0.00113114640926228 123347900 123347900 0
5 4329 rs4865829 53739403 1 -0.00112797464055767 53739403 53739403 0
5 10326 rs6873640 123909500 1 0.00112273930228037 123909500 123909500 0
5 12007 rs12717907 143364448 1 -0.00112060058011114 143364448 143364448 0
5 12986 rs17637385 153774793 1 0.00112058025764379 153774793 153774793 0
5 11667 rs269783 139515394 1 0.00112031140536324 139515394 139515394 0
5 4236 rs16881299 52625951 1 -0.00111699043472224 52625951 52625951 0
5 2563 rs12513688 29361880 1 0.00111610526931047 29361880 29361880 0
5 2573 rs607077 29495564 1 0.00111053590103521 29495564 29495564 0
5 616 rs9313144 6132166 1 -0.00110960662284863 6132166 6132166 0
5 10636 rs6897163 126760822 1 -0.00110612758325629 126760822 126760822 0
5 231 rs10474751 2706414 1 -0.00110523516247265 2706414 2706414 0
5 6646 rs9293829 80315929 1 -0.00110364939395429 80315929 80315929 0
5 1385 rs12186744 12784265 2 0.00110284455333578 12784265 12784265 0
5 14495 rs315717 169685163 1 -0.00110111844469869 169685163 169685163 0
5 2571 rs17556910 29484196 1 -0.00109891550036006 29484196 29484196 0
5 92 rs1392466 1744484 1 -0.0010962723122488 1744484 1744484 0
5 93 rs1392468 1744753 1 0.0010910228624066 1744753 1744753 0
5 14166 rs918501 166691259 2 -0.00109080080745878 166691259 166691259 0
5 15350 rs7726530 179890300 1 -0.00108232723472067 179890300 179890300 0
5 3938 rs9292907 44428516 1 -0.00107437582162065 44428516 44428516 0
5 8166 rs4272111 101319870 1 0.00107327402829211 101319870 101319870 0
5 1257 rs441973 11277256 2 -0.00106981600037556 11277256 11277256 0
5 583 rs861990 5839620 1 -0.00106120467057422 5839620 5839620 0
5 5891 rs1444560 73490564 1 -0.0010580127262026 73490564 73490564 0
5 11151 rs13178251 132495185 1 -0.00105078951710078 132495185 132495185 0
5 10772 rs10463845 128042790 1 -0.0010501268537109 128042790 128042790 0
5 1603 rs4146556 15735956 1 0.00104973692356341 15735956 15735956 0
5 9478 rs2662468 115382097 1 0.00104878168906412 115382097 115382097 0
5 11942 rs174049 142533985 1 0.00104486964103757 142533985 142533985 0
5 10574 rs4626335 125897411 1 -0.00104358639943342 125897411 125897411 0
5 5531 rs4565171 66539129 1 0.0010425274935183 66539129 66539129 0
5 9822 rs330201 119017300 1 -0.00104036634899164 119017300 119017300 0
5 3337 rs2562577 36603350 1 -0.00103316604193301 36603350 36603350 0
5 14767 rs6870523 172970009 1 -0.00103297748245593 172970009 172970009 0
5 2464 rs4074741 27817189 1 0.00103265945897278 27817189 27817189 0
5 536 rs16875287 5294187 1 -0.00103265565889381 5294187 5294187 0
5 13742 rs998754 161325934 1 -0.00103171585394335 161325934 161325934 0
5 11374 rs17169129 135144329 1 0.00103003861244151 135144329 135144329 0
5 6830 rs7735781 82640477 1 0.00103003750668062 82640477 82640477 0
5 3726 rs3805221 40965318 2 0.00102597806252611 40965318 40965318 0
5 7118 rs254741 86012253 1 -0.00101792995681365 86012253 86012253 0
5 11054 rs273909 131667353 1 0.00101622371281896 131667353 131667353 0
5 14749 rs6878606 172864110 1 -0.00101302249454215 172864110 172864110 0
5 1810 rs2938469 18324937 1 -0.00101117524760872 18324937 18324937 0
5 6002 rs2161370 74517954 1 0.00100941946637777 74517954 74517954 0
5 1551 rs706282 14472040 1 9.994293493643283e-4 14472040 14472040 0
5 15331 rs11249682 179618961 1 -9.98969846675411e-4 179618961 179618961 0
5 4471 rs59086632 55168132 1 9.970290952259133e-4 55168132 55168132 0
5 9060 rs341309 111830825 1 9.94907307605058e-4 111830825 111830825 0
5 9141 rs12521391 112566758 1 -9.947726100924936e-4 112566758 112566758 0
5 12841 rs6579997 152493628 1 -9.94446682455016e-4 152493628 152493628 0
5 13556 rs2431697 159879978 1 9.941194280375873e-4 159879978 159879978 0
5 2359 rs7704909 25898921 1 9.935814385358451e-4 25898921 25898921 0
5 13653 rs437220 160545841 1 -9.892244096229388e-4 160545841 160545841 0
5 14491 rs11739905 169611199 1 -9.867485123798928e-4 169611199 169611199 0
5 4128 rs10512997 52104763 1 -9.861796016248656e-4 52104763 52104763 0
5 6680 rs2291940 80597767 1 9.845238665159828e-4 80597767 80597767 0
5 15312 rs864482 179427873 1 -9.81179734205432e-4 179427873 179427873 0
5 646 rs7712764 6423602 1 -9.798844707468149e-4 6423602 6423602 0
5 4672 rs11741803 57359818 1 -9.795714892547505e-4 57359818 57359818 0
5 8497 rs6596699 106049034 1 9.786669976484055e-4 106049034 106049034 0
5 2983 rs10051817 33679999 1 -9.779401024114377e-4 33679999 33679999 0
5 1441 rs1373947 13624894 1 -9.733358475849652e-4 13624894 13624894 0
5 467 rs1173192 4814945 1 -9.721053627974924e-4 4814945 4814945 0
5 12195 rs2963075 146286561 1 -9.714647572394052e-4 146286561 146286561 0
5 7099 rs3930380 85684428 1 -9.69892906576332e-4 85684428 85684428 0
5 1481 rs2102443 13995605 1 9.6789836491541e-4 13995605 13995605 0
5 14971 rs2471007 174816228 1 9.67470921736651e-4 174816228 174816228 0
5 7194 rs1429605 87318551 1 9.625256763180416e-4 87318551 87318551 0
5 13433 rs4921537 158366263 1 9.613628926043412e-4 158366263 158366263 0
5 13437 rs7445443 158408894 1 9.586135264752332e-4 158408894 158408894 0
5 8770 rs31607 108999666 1 -9.565271738649408e-4 108999666 108999666 0
5 8972 rs17842608 111056781 1 -9.563003906072204e-4 111056781 111056781 0
5 8683 rs2963051 108004312 1 9.562242995767618e-4 108004312 108004312 0
5 612 rs12187733 6058009 1 9.555653178387884e-4 6058009 6058009 0
5 4728 rs185425 57630221 1 9.555361058410856e-4 57630221 57630221 0
5 9588 rs6595015 116525334 2 9.51930448205596e-4 116525334 116525334 0
5 8159 rs4703196 101240273 1 9.46226582950574e-4 101240273 101240273 0
5 3784 rs10071904 41219940 1 9.457580110458744e-4 41219940 41219940 0
5 70 rs36982 1503205 1 9.40673349697606e-4 1503205 1503205 0
5 8266 rs6596536 102942794 1 -9.341431824916918e-4 102942794 102942794 0
5 5133 rs4700505 61978989 1 9.279006258840096e-4 61978989 61978989 0
5 5409 rs251288 65191876 1 9.268017105126972e-4 65191876 65191876 0
5 4985 rs11741754 59977058 1 9.26692398931006e-4 59977058 59977058 0
5 4780 rs1010757 58076467 2 9.26601691168495e-4 58076467 58076467 0
5 1758 rs17658764 17415197 1 -9.203116657671684e-4 17415197 17415197 0
5 14907 rs17796183 174120131 1 -9.200500977725324e-4 174120131 174120131 0
5 3992 rs250216 50281358 1 -9.198997952957288e-4 50281358 50281358 0
5 5651 rs11951039 68221587 1 9.129095294075752e-4 68221587 68221587 0
5 13705 rs4566829 160762673 1 9.093939939710552e-4 160762673 160762673 0
5 7821 rs6861666 96205801 2 9.082040289367844e-4 96205801 96205801 0
5 4810 rs10069162 58256786 1 -9.078460288045872e-4 58256786 58256786 0
5 4462 rs3843457 55054613 1 9.060018757111778e-4 55054613 55054613 0
5 10918 rs2108428 129646108 1 9.041185912535772e-4 129646108 129646108 0
5 3049 rs299608 34024385 1 9.014573899533848e-4 34024385 34024385 0
5 14828 rs7711162 173622863 1 -8.980203143718158e-4 173622863 173622863 0
5 6320 rs1396612 77121824 2 -8.954550794992807e-4 77121824 77121824 0
5 8432 rs13154551 104957493 1 8.933668169957927e-4 104957493 104957493 0
5 10184 rs675443 122644698 1 8.909916375559278e-4 122644698 122644698 0
5 2036 rs6896002 21588931 1 8.884577049149888e-4 21588931 21588931 0
5 11162 rs7736339 132580990 1 -8.871115591927711e-4 132580990 132580990 0
5 13829 rs6870488 162835160 1 -8.861925313103693e-4 162835160 162835160 0
5 12883 rs13190209 152806220 2 8.846065437459592e-4 152806220 152806220 0
5 10336 rs11953210 123966399 2 -8.842814252840105e-4 123966399 123966399 0
5 12047 rs258928 143999885 2 -8.840080477047555e-4 143999885 143999885 0
5 12585 rs13158099 150372984 2 8.835375460188829e-4 150372984 150372984 0
5 8239 rs6872846 102172751 1 -8.825540171927161e-4 102172751 102172751 0
5 7785 rs10515248 96112005 1 -8.786855156794153e-4 96112005 96112005 0
5 8476 rs12516146 105642031 1 -8.780886290404407e-4 105642031 105642031 0
5 11511 rs6596370 136603181 1 8.74933847335234e-4 136603181 136603181 0
5 480 rs30445 4946412 1 8.744581250152642e-4 4946412 4946412 0
5 5025 rs64409 60511495 1 8.723702210999181e-4 60511495 60511495 0
5 15322 rs7734329 179484838 1 -8.704487857762891e-4 179484838 179484838 0
5 5314 rs2968208 64312446 1 8.703617524974678e-4 64312446 64312446 0
5 13033 rs816736 154271948 1 -8.685694306391075e-4 154271948 154271948 0
5 14944 rs4868495 174611803 1 -8.680552783630908e-4 174611803 174611803 0
5 6907 rs1428925 83329010 1 8.668918259578257e-4 83329010 83329010 0
5 15026 rs2291442 176017455 2 -8.656677541195668e-4 176017455 176017455 0
5 4330 rs7722951 53739530 1 -8.644578567585102e-4 53739530 53739530 0
5 9989 rs11948148 120716442 1 -8.634818741751228e-4 120716442 120716442 0
5 4637 rs7724301 57114080 1 -8.609156152455881e-4 57114080 57114080 0
5 14266 rs10475878 167790204 2 -8.609149122983158e-4 167790204 167790204 0
5 10581 rs900640 125931041 1 -8.596528331067628e-4 125931041 125931041 0
5 4983 rs4515250 59942129 1 8.588560604257948e-4 59942129 59942129 0
5 12672 rs17112022 150861701 1 8.587212630736647e-4 150861701 150861701 0
5 12607 rs6862024 150428871 2 8.559682713086057e-4 150428871 150428871 0
5 4896 rs2547917 58713680 1 8.498150191129818e-4 58713680 58713680 0
5 2572 rs669916 29485841 2 -8.495719204382758e-4 29485841 29485841 0
5 2525 rs9292273 28573939 1 8.472691956985254e-4 28573939 28573939 0
5 14662 rs11958604 171909024 1 8.45567734760476e-4 171909024 171909024 0
5 5823 rs2931431 73125146 2 -8.443815255254376e-4 73125146 73125146 0
5 7638 rs6896478 94538011 1 -8.433860337700939e-4 94538011 94538011 0
5 6696 rs16898954 80761967 2 8.429925100622245e-4 80761967 80761967 0
5 13481 rs2421059 159022275 1 8.427072357640945e-4 159022275 159022275 0
5 15337 rs6601105 179698554 1 -8.411568266979499e-4 179698554 179698554 0
5 2901 rs1173726 32834199 2 -8.392099485287637e-4 32834199 32834199 0
5 5748 rs2338216 71701814 1 -8.387161424582587e-4 71701814 71701814 0
5 1964 rs3112489 20016599 1 8.369158875235122e-4 20016599 20016599 0
5 4235 rs16881275 52614762 1 8.28883922631617e-4 52614762 52614762 0
5 14183 rs4869051 166937076 1 -8.266741319999159e-4 166937076 166937076 0
5 14931 rs6894193 174489788 1 8.251391834728599e-4 174489788 174489788 0
5 13527 rs6861719 159490247 2 8.213150358388525e-4 159490247 159490247 0
5 4095 rs164610 51991651 1 8.205091876870152e-4 51991651 51991651 0
5 2679 rs1547530 30796594 1 8.188620922368548e-4 30796594 30796594 0
5 1143 rs2640707 10400113 1 -8.184561222793913e-4 10400113 10400113 0
5 12639 rs1048719 150632832 1 8.180825420378516e-4 150632832 150632832 0
5 776 rs1392481 7538237 1 -8.158857237925848e-4 7538237 7538237 0
5 5186 rs601429 62463774 1 8.157791472447249e-4 62463774 62463774 0
5 1417 rs7721512 13399475 1 8.143209876894031e-4 13399475 13399475 0
5 3477 rs10473116 38712721 1 -8.134608674930622e-4 38712721 38712721 0
5 13018 rs918365 154060180 1 -8.112279169298004e-4 154060180 154060180 0
5 14084 rs1500127 165739982 1 -8.092879142247948e-4 165739982 165739982 0
5 218 rs569244 2599639 1 -8.083230146002053e-4 2599639 2599639 0
5 4669 rs10940593 57343495 2 8.082541389788527e-4 57343495 57343495 0
5 10518 rs3849076 125474036 1 8.075867058609677e-4 125474036 125474036 0
5 14522 rs12517302 169933055 1 -8.066155562810826e-4 169933055 169933055 0
5 12741 rs693104 151463117 1 8.052809941951705e-4 151463117 151463117 0
5 13817 rs300209 162734871 1 8.002634457629925e-4 162734871 162734871 0
5 13399 rs17704210 158029363 2 -8.000036104723202e-4 158029363 158029363 0
5 14371 rs978902 168650196 1 7.962378057031457e-4 168650196 168650196 0
5 11813 rs77275946 141059360 1 -7.956626454333681e-4 141059360 141059360 0
5 11192 rs256249 132936076 1 7.945751765427084e-4 132936076 132936076 0
5 975 rs7730627 8798487 2 -7.920782431463143e-4 8798487 8798487 0
5 532 rs4418066 5289714 1 -7.911497217261932e-4 5289714 5289714 0
5 11377 rs17169180 135161055 1 7.909653985051174e-4 135161055 135161055 0
5 11363 rs10038760 134896833 1 -7.900732734709501e-4 134896833 134896833 0
5 8281 rs7714087 103069610 1 -7.882646935924821e-4 103069610 103069610 0
5 11706 rs3756325 140368859 2 7.879608925531083e-4 140368859 140368859 0
5 4370 rs2059217 53912105 2 7.866579546402306e-4 53912105 53912105 0
5 12579 rs6579821 150331600 1 7.811555632459817e-4 150331600 150331600 0
5 1776 rs11960755 17790562 1 7.801310377867833e-4 17790562 17790562 0
5 611 rs7735511 6050134 1 7.782954162584498e-4 6050134 6050134 0
5 13808 rs4074952 162524013 1 7.782439164678267e-4 162524013 162524013 0
5 11216 rs7703486 133029003 1 -7.76731559210972e-4 133029003 133029003 0
5 8847 rs6877527 109736454 1 -7.741636533058152e-4 109736454 109736454 0
5 269 rs2934555 2910083 1 7.73651773201482e-4 2910083 2910083 0
5 359 rs7711995 3337491 1 -7.72386809088781e-4 3337491 3337491 0
5 2588 rs10069250 29567773 1 -7.715391408938413e-4 29567773 29567773 0
5 6508 rs10514162 79186809 1 -7.709906018485313e-4 79186809 79186809 0
5 6435 rs4455546 78710606 1 -7.701745096993307e-4 78710606 78710606 0
5 12066 rs1549896 144262743 2 7.692927928358457e-4 144262743 144262743 0
5 5084 rs1820157 61312688 1 7.668358067199026e-4 61312688 61312688 0
5 14667 rs1433021 171960073 1 7.663190553937511e-4 171960073 171960073 0
5 8244 rs61736661 102310130 1 -7.620105103839056e-4 102310130 102310130 0
5 12463 rs10061434 149023879 1 -7.614269470257024e-4 149023879 149023879 0
5 10963 rs12517046 130131711 1 -7.608459085598817e-4 130131711 130131711 0
5 1084 rs2214020 9852860 1 -7.602552727325364e-4 9852860 9852860 0
5 6393 rs933684 78324075 1 -7.544133363664486e-4 78324075 78324075 0
5 2796 rs11746324 31560626 1 7.523460447595453e-4 31560626 31560626 0
5 7772 rs2290674 96084431 1 7.52239895329636e-4 96084431 96084431 0
5 5775 rs4302565 72470715 1 -7.487091582988251e-4 72470715 72470715 0
5 3444 rs4869578 38221660 1 -7.445016990596991e-4 38221660 38221660 0
5 13097 rs17117822 154888314 1 -7.425957417247803e-4 154888314 154888314 0
5 9928 rs4895169 120175344 1 7.42220210015267e-4 120175344 120175344 0
5 2009 rs2088664 21018827 1 -7.387296094960758e-4 21018827 21018827 0
5 3685 rs9292780 40573745 1 7.386196049297575e-4 40573745 40573745 0
5 4562 rs13356762 56110992 1 7.380861467945791e-4 56110992 56110992 0
5 6638 rs565476 80307193 1 7.380111156206684e-4 80307193 80307193 0
5 4492 rs158666 55593724 1 -7.361827880178363e-4 55593724 55593724 0
5 9899 rs10042938 119953529 1 7.360439041636022e-4 119953529 119953529 0
5 103 rs7703762 1797548 1 7.315927189581714e-4 1797548 1797548 0
5 12143 rs10477291 145218778 1 -7.312319167649586e-4 145218778 145218778 0
5 10314 rs10067065 123811602 1 -7.27436639165302e-4 123811602 123811602 0
5 11709 rs31746 140419991 1 -7.272770275809058e-4 140419991 140419991 0
5 7091 rs10051630 85611175 1 -7.269299911684151e-4 85611175 85611175 0
5 2527 rs4389700 28621394 1 -7.244779676751233e-4 28621394 28621394 0
5 6971 rs10474144 84178732 1 -7.238379121177034e-4 84178732 84178732 0
5 938 rs9313243 8549411 1 -7.231346943258938e-4 8549411 8549411 0
5 11848 rs11749731 141500436 1 7.216340074876416e-4 141500436 141500436 0
5 4032 rs7713485 51124949 1 7.18618877706169e-4 51124949 51124949 0
5 13617 rs7706812 160312017 1 -7.185074297114783e-4 160312017 160312017 0
5 416 rs680810 3993746 2 7.165122090867842e-4 3993746 3993746 0
5 8778 rs17162094 109039773 1 -7.16168556000466e-4 109039773 109039773 0
5 14725 rs3131912 172562142 1 7.153859648141114e-4 172562142 172562142 0
5 11181 rs17696621 132751172 1 7.121517182941638e-4 132751172 132751172 0
5 631 rs2914746 6296991 1 -7.107529884477539e-4 6296991 6296991 0
5 9649 rs2416500 117376303 1 7.104102832381082e-4 117376303 117376303 0
5 10732 rs331089 127716424 1 -7.085371486539756e-4 127716424 127716424 0
5 12221 rs11167971 146632594 1 7.077360390881618e-4 146632594 146632594 0
5 13530 rs10037844 159513867 1 7.07212024996201e-4 159513867 159513867 0
5 12659 rs17111939 150716364 1 7.070938502512171e-4 150716364 150716364 0
5 7478 rs905213 91970189 1 7.058486788549406e-4 91970189 91970189 0
5 14425 rs155073 169239816 1 7.030718226432557e-4 169239816 169239816 0
5 9479 rs2560673 115382486 1 7.026873430133213e-4 115382486 115382486 0
5 13330 rs10050757 157201700 1 7.017741469431381e-4 157201700 157201700 0
5 1694 rs12520877 16778415 1 7.014268574291334e-4 16778415 16778415 0
5 3342 rs3776566 36631733 1 6.983595291347648e-4 36631733 36631733 0
5 13788 rs6556633 162211967 1 6.970257059465059e-4 162211967 162211967 0
5 13295 rs11742401 156953340 1 -6.968597275970882e-4 156953340 156953340 0
5 11349 rs744247 134781400 1 6.932600258102533e-4 134781400 134781400 0
5 2860 rs7445799 32419805 1 6.925737259971205e-4 32419805 32419805 0
5 5820 rs17634428 73110220 1 -6.907986647967633e-4 73110220 73110220 0
5 6374 rs4704531 78179604 1 6.907784381037894e-4 78179604 78179604 0
5 12618 rs3792783 150455732 1 6.907371773123238e-4 150455732 150455732 0
5 10514 rs11960577 125455992 1 -6.907002788318818e-4 125455992 125455992 0
5 6019 rs5909 74656175 1 6.869067714434422e-4 74656175 74656175 0
5 11390 rs17701996 135267337 1 6.865055760324663e-4 135267337 135267337 0
5 12700 rs1368371 151004568 2 6.855871887244522e-4 151004568 151004568 0
5 3647 rs13353952 40233464 2 -6.782795967968166e-4 40233464 40233464 0
5 13232 rs163310 156618003 1 -6.782023206542573e-4 156618003 156618003 0
5 12043 rs165441 143927288 1 -6.71863816062136e-4 143927288 143927288 0
5 3859 rs4409101 42856126 1 6.716132699099757e-4 42856126 42856126 0
5 14690 rs1979285 172244302 2 6.674529734782892e-4 172244302 172244302 0
5 1978 rs1703049 20559438 1 6.673366680441762e-4 20559438 20559438 0
5 1967 rs6884961 20325180 1 -6.660817861209386e-4 20325180 20325180 0
5 15050 rs7718874 176358065 2 -6.642569252459391e-4 176358065 176358065 0
5 6925 rs10474123 83524163 1 -6.632765675380627e-4 83524163 83524163 0
5 7970 rs10039243 98583720 2 6.618850556164093e-4 98583720 98583720 0
5 12350 rs7725785 147902703 2 -6.55828123112679e-4 147902703 147902703 0
5 738 rs16878428 7149071 1 -6.540027680665592e-4 7149071 7149071 0
5 14952 rs17064682 174619797 1 -6.504489254391875e-4 174619797 174619797 0
5 12838 rs965561 152417867 1 -6.492149173742193e-4 152417867 152417867 0
5 4402 rs12520102 54035929 1 -6.490431971247436e-4 54035929 54035929 0
5 8949 rs251133 110859246 1 -6.483780342848053e-4 110859246 110859246 0
5 2702 rs1276177 30946644 1 -6.476685241918838e-4 30946644 30946644 0
5 14390 rs1422027 168896757 1 6.451625752398808e-4 168896757 168896757 0
5 6539 rs13355153 79522605 1 -6.450813534559284e-4 79522605 79522605 0
5 800 rs12716194 7728767 1 6.450773630943384e-4 7728767 7728767 0
5 1108 rs314734 10032216 1 6.410226223372363e-4 10032216 10032216 0
5 1484 rs408130 14006289 1 6.367914552722935e-4 14006289 14006289 0
5 2202 rs1501938 24059579 1 6.364314758865406e-4 24059579 24059579 0
5 3125 rs17304200 34945122 1 -6.354085540870304e-4 34945122 34945122 0
5 5875 rs208118 73420538 1 6.353171615275635e-4 73420538 73420538 0
5 1079 rs3094352 9763915 1 -6.328988639141045e-4 9763915 9763915 0
5 15332 rs7737438 179619222 1 6.31833680613518e-4 179619222 179619222 0
5 12287 rs1549204 147271465 1 6.308224030143548e-4 147271465 147271465 0
5 13475 rs12657996 158904313 1 6.296386592652477e-4 158904313 158904313 0
5 6460 rs16877109 79024779 1 6.28088738452455e-4 79024779 79024779 0
5 8791 rs2301010 109132461 2 6.27704778645162e-4 109132461 109132461 0
5 4279 rs271205 53192812 1 -6.26638071104503e-4 53192812 53192812 0
5 13336 rs2430586 157329451 2 -6.236297606982056e-4 157329451 157329451 0
5 9584 rs11241414 116436198 1 6.179522409013172e-4 116436198 116436198 0
5 15372 rs655601 180226673 1 -6.151032906628268e-4 180226673 180226673 0
5 10229 rs10478591 123058338 1 6.138995792646502e-4 123058338 123058338 0
5 5203 rs13165578 62689646 1 -6.133104196478137e-4 62689646 62689646 0
5 12223 rs6890448 146641783 1 -6.120937344973664e-4 146641783 146641783 0
5 1570 rs966987 14917813 1 -6.119844859344807e-4 14917813 14917813 0
5 9394 rs17395548 114930295 1 -6.113063239559084e-4 114930295 114930295 0
5 6443 rs12520582 78823934 1 -6.104372124067734e-4 78823934 78823934 0
5 4126 rs975886 52101227 1 6.101523611064836e-4 52101227 52101227 0
5 13751 rs211002 161645470 1 6.088244399503341e-4 161645470 161645470 0
5 10660 rs2408996 126972005 1 -6.074418127264122e-4 126972005 126972005 0
5 1448 rs17203442 13721378 1 -6.071043301907804e-4 13721378 13721378 0
5 4908 rs1395337 58862842 1 -6.051955289180486e-4 58862842 58862842 0
5 5777 rs4235665 72473814 2 6.014582730064092e-4 72473814 72473814 0
5 3243 rs10044883 35885710 1 6.012563493152794e-4 35885710 35885710 0
5 5397 rs7711329 65126029 1 5.977007447240694e-4 65126029 65126029 0
5 12191 rs10477313 146233639 1 -5.968840556828365e-4 146233639 146233639 0
5 8318 rs1838690 103634138 1 5.942558924142947e-4 103634138 103634138 0
5 14555 rs10063254 170234721 1 -5.940575386830842e-4 170234721 170234721 0
5 2652 rs4867261 30257748 2 -5.93631427515777e-4 30257748 30257748 0
5 577 rs40516 5825953 1 5.928620807687323e-4 5825953 5825953 0
5 14899 rs6878215 174060774 2 5.895658073424314e-4 174060774 174060774 0
5 9267 rs13184901 113596392 1 -5.873479452948001e-4 113596392 113596392 0
5 14789 rs921212 173174260 1 -5.872543480448476e-4 173174260 173174260 0
5 6254 rs6873924 76620582 1 5.871839253278246e-4 76620582 76620582 0
5 464 rs1393120 4738222 1 5.862386739449351e-4 4738222 4738222 0
5 13619 rs867358 160331497 1 -5.849266919242338e-4 160331497 160331497 0
5 12294 rs13187585 147311794 2 5.845063796171829e-4 147311794 147311794 0
5 14540 rs11960314 170059227 1 -5.822543155309903e-4 170059227 170059227 0
5 572 rs32566 5792507 1 5.82190518825872e-4 5792507 5792507 0
5 15289 rs936817 178944407 1 5.797741366394396e-4 178944407 178944407 0
5 14408 rs2306560 169129284 1 5.795302081062714e-4 169129284 169129284 0
5 15259 rs10039254 178570914 1 5.795048770524559e-4 178570914 178570914 0
5 411 rs12521994 3833240 1 5.777404605984551e-4 3833240 3833240 0
5 344 rs6893167 3258871 1 -5.771798640659358e-4 3258871 3258871 0
5 7565 rs72771666 93722036 1 5.762815837783749e-4 93722036 93722036 0
5 12684 rs1009091 150906198 1 -5.715655796895856e-4 150906198 150906198 0
5 1085 rs6898293 9869692 1 5.704987255358196e-4 9869692 9869692 0
5 1726 rs12519524 17078227 1 -5.700260700934226e-4 17078227 17078227 0
5 13626 rs1400331 160357140 1 5.677329915541785e-4 160357140 160357140 0
5 5401 rs10805402 65132797 1 5.65698187499264e-4 65132797 65132797 0
5 14063 rs2861667 165511601 1 -5.636733439992418e-4 165511601 165511601 0
5 14054 rs830238 165405702 2 5.620198848508579e-4 165405702 165405702 0
5 13203 rs10070224 156345735 1 5.619910011314309e-4 156345735 156345735 0
5 10591 rs17598783 126135382 1 5.61658418338428e-4 126135382 126135382 0
5 14928 rs6897655 174402211 1 5.611048455132526e-4 174402211 174402211 0
5 2181 rs6875157 23710644 2 -5.55335022755214e-4 23710644 23710644 0
5 10264 rs10477652 123179118 1 5.543516020987911e-4 123179118 123179118 0
5 14585 rs2043278 170882607 2 -5.507602220868289e-4 170882607 170882607 0
5 5109 rs3822485 61605063 1 -5.507524765822754e-4 61605063 61605063 0
5 531 rs16875244 5287739 1 5.505659481023581e-4 5287739 5287739 0
5 6207 rs7724915 76141679 1 5.487390494706107e-4 76141679 76141679 0
5 15059 rs6556301 176527577 1 -5.476041710069433e-4 176527577 176527577 0
5 6952 rs4133436 84062058 1 -5.471071807829165e-4 84062058 84062058 0
5 11548 rs2074344 136961400 2 5.464034438414521e-4 136961400 136961400 0
5 15025 rs35018750 176011984 1 5.448131298903477e-4 176011984 176011984 0
5 11595 rs1042124 137667345 1 5.44523753234373e-4 137667345 137667345 0
5 10743 rs331078 127777463 1 -5.442527253909952e-4 127777463 127777463 0
5 4098 rs29973 52001608 1 -5.442384269686415e-4 52001608 52001608 0
5 12046 rs165445 143966681 2 -5.417209957096238e-4 143966681 143966681 0
5 14925 rs2431160 174340216 1 -5.412446486185304e-4 174340216 174340216 0
5 13810 rs4242212 162561438 1 5.384010333457242e-4 162561438 162561438 0
5 12631 rs10476966 150548231 1 5.324055619577276e-4 150548231 150548231 0
5 4751 rs6890785 57763091 1 -5.318769036367155e-4 57763091 57763091 0
5 13069 rs12187859 154668311 1 -5.311052623545715e-4 154668311 154668311 0
5 10955 rs4836520 130022414 1 -5.310738761249124e-4 130022414 130022414 0
5 6995 rs452618 84629958 1 -5.270715687657831e-4 84629958 84629958 0
5 1838 rs959738 18688976 1 5.257123286307679e-4 18688976 18688976 0
5 13792 rs7731154 162246174 1 5.243614264617971e-4 162246174 162246174 0
5 14048 rs17065989 165280020 1 -5.239485812018822e-4 165280020 165280020 0
5 4750 rs17710502 57753116 1 5.22912953216433e-4 57753116 57753116 0
5 443 rs12716158 4391653 1 -5.216438113754859e-4 4391653 4391653 0
5 1059 rs16883128 9550770 1 5.210261382716651e-4 9550770 9550770 0
5 5057 rs1501845 60976610 1 5.209578888144558e-4 60976610 60976610 0
5 13027 rs17641488 154203121 1 -5.197442478766126e-4 154203121 154203121 0
5 14486 rs1035425 169584169 1 5.181501075663183e-4 169584169 169584169 0
5 6581 rs2443549 79833821 1 5.170441806963222e-4 79833821 79833821 0
5 7094 rs10514277 85631025 1 -5.167916580077499e-4 85631025 85631025 0
5 12544 rs2569107 149821847 1 -5.161327681444987e-4 149821847 149821847 0
5 1107 rs10057739 9990381 1 5.150600031218209e-4 9990381 9990381 0
5 10810 rs12517685 128303070 1 -5.12665922872681e-4 128303070 128303070 0
5 10763 rs4835955 128015559 1 5.123223905109472e-4 128015559 128015559 0
5 3083 rs2388731 34552389 1 5.121607973655601e-4 34552389 34552389 0
5 374 rs28235 3451196 1 5.102012932531583e-4 3451196 3451196 0
5 3900 rs4866808 43180535 2 5.074759891543794e-4 43180535 43180535 0
5 15268 rs461898 178645310 1 -5.070377548383588e-4 178645310 178645310 0
5 13747 rs211030 161530735 1 5.058937937057644e-4 161530735 161530735 0
5 6964 rs4235662 84167824 1 5.048919229555856e-4 84167824 84167824 0
5 5888 rs4704111 73483215 1 -5.041334184514553e-4 73483215 73483215 0
5 13586 rs10062843 160127677 1 -5.029642296061083e-4 160127677 160127677 0
5 8517 rs6596707 106182573 1 5.026998396125973e-4 106182573 106182573 0
5 9672 rs7715546 117511144 2 -4.995177704934912e-4 117511144 117511144 0
5 4266 rs445347 52975730 1 -4.969204948915133e-4 52975730 52975730 0
5 27 rs6868535 495377 1 4.964761272217707e-4 495377 495377 0
5 14519 rs4867965 169877807 1 -4.959684747934977e-4 169877807 169877807 0
5 14055 rs2591580 165406607 1 -4.955417614474598e-4 165406607 165406607 0
5 8963 rs173901 111032301 1 4.942535614941736e-4 111032301 111032301 0
5 13541 rs17057594 159702834 1 -4.931647458986677e-4 159702834 159702834 0
5 517 rs4702248 5222336 1 -4.919051196155967e-4 5222336 5222336 0
5 11160 rs1017307 132578203 2 -4.91203276936798e-4 132578203 132578203 0
5 13871 rs566509 163078699 1 -4.90239706763393e-4 163078699 163078699 0
5 9427 rs7730919 115285124 1 -4.89669955882973e-4 115285124 115285124 0
5 11978 rs17402406 142916485 1 -4.881120082960093e-4 142916485 142916485 0
5 6562 rs13175654 79637799 1 -4.872180595231245e-4 79637799 79637799 0
5 4887 rs387647 58686892 1 -4.867427734888512e-4 58686892 58686892 0
5 4134 rs2042337 52114465 1 -4.840110378428531e-4 52114465 52114465 0
5 5511 rs27204 66327180 2 -4.837562229763107e-4 66327180 66327180 0
5 1545 rs7715916 14389469 1 -4.823333132452654e-4 14389469 14389469 0
5 2705 rs7721407 30961137 1 -4.804841590071504e-4 30961137 30961137 0
5 562 rs11134122 5686448 1 4.783543207187067e-4 5686448 5686448 0
5 7938 rs77088557 98142161 1 4.767089514072353e-4 98142161 98142161 0
5 1148 rs2967951 10464107 1 -4.746269405442921e-4 10464107 10464107 0
5 767 rs7721273 7524548 1 -4.7386617946645735e-4 7524548 7524548 0
5 15105 rs9329133 177609540 1 -4.7360928772188104e-4 177609540 177609540 0
5 10056 rs4343870 121234474 1 -4.7208459578381367e-4 121234474 121234474 0
5 3593 rs6881454 39814425 1 4.7144699813652855e-4 39814425 39814425 0
5 14698 rs792975 172271007 1 4.6994993530999254e-4 172271007 172271007 0
5 10840 rs17618074 128504564 1 4.696828166274554e-4 128504564 128504564 0
5 5697 rs16876022 71052231 1 -4.6807911290200897e-4 71052231 71052231 0
5 12249 rs17106769 146846799 1 -4.677557223361349e-4 146846799 146846799 0
5 3862 rs2253157 42906572 1 4.6720890167897486e-4 42906572 42906572 0
5 6945 rs11738392 84021150 2 -4.652472549960551e-4 84021150 84021150 0
5 6969 rs11958924 84177643 2 4.6481862716478233e-4 84177643 84177643 0
5 10090 rs13156690 121987792 1 -4.63022594747149e-4 121987792 121987792 0
5 12235 rs10064995 146704598 1 -4.569374201508896e-4 146704598 146704598 0
5 9331 rs157980 114047808 1 -4.565231299396593e-4 114047808 114047808 0
5 5094 rs3846465 61461609 1 -4.5544158683293745e-4 61461609 61461609 0
5 11541 rs6892472 136930564 1 -4.550756693565415e-4 136930564 136930564 0
5 14508 rs703505 169809402 1 -4.540443413880961e-4 169809402 169809402 0
5 4385 rs4549482 53980001 1 4.525013215834235e-4 53980001 53980001 0
5 13442 rs10515785 158443352 2 4.523380683746879e-4 158443352 158443352 0
5 12136 rs10515552 145038831 1 -4.5223913768549e-4 145038831 145038831 0
5 14496 rs315751 169696181 1 4.5046851132779346e-4 169696181 169696181 0
5 5597 rs13354232 67302176 2 -4.497441398989311e-4 67302176 67302176 0
5 2711 rs1995266 31001691 1 4.491972408153406e-4 31001691 31001691 0
5 7024 rs6877523 85115583 1 -4.476497067363519e-4 85115583 85115583 0
5 13181 rs10052818 156000686 1 4.473206892553474e-4 156000686 156000686 0
5 5380 rs1301451 65067041 2 4.469441996846416e-4 65067041 65067041 0
5 1397 rs4522991 13246979 2 4.455103766617023e-4 13246979 13246979 0
5 3135 rs16870205 34993030 1 -4.452968544211153e-4 34993030 34993030 0
5 488 rs249458 4995298 2 -4.444854354873792e-4 4995298 4995298 0
5 10091 rs17149450 121991807 2 -4.4415256969452177e-4 121991807 121991807 0
5 4782 rs2675380 58093288 1 -4.428383693644735e-4 58093288 58093288 0
5 9936 rs7732798 120244182 1 4.425077813148778e-4 120244182 120244182 0
5 7856 rs10074597 96797322 1 -4.4139926192929e-4 96797322 96797322 0
5 14641 rs13358102 171650965 1 -4.4031882130409785e-4 171650965 171650965 0
5 14272 rs4976606 167851168 1 4.402946628356204e-4 167851168 167851168 0
5 77 rs1968011 1624351 1 -4.3829034516088775e-4 1624351 1624351 0
5 7282 rs819355 89084473 1 4.380408948822841e-4 89084473 89084473 0
5 2164 rs2973606 23449712 1 4.3688245061551136e-4 23449712 23449712 0
5 4924 rs714291 59259372 1 4.360136736964928e-4 59259372 59259372 0
5 9344 rs3912157 114121898 1 4.3573201160073777e-4 114121898 114121898 0
5 8628 rs868548 107170088 1 -4.3369603053817986e-4 107170088 107170088 0
5 1212 rs2399984 10924404 1 -4.334893022975194e-4 10924404 10924404 0
5 1628 rs7735201 15965000 1 4.334440562466184e-4 15965000 15965000 0
5 3646 rs353365 40228613 1 4.3203770365160646e-4 40228613 40228613 0
5 12471 rs4705079 149096383 1 4.29773576194804e-4 149096383 149096383 0
5 2992 rs9784618 33739306 1 4.2775629282177047e-4 33739306 33739306 0
5 7288 rs9293534 89368792 1 -4.274617228745105e-4 89368792 89368792 0
5 11753 rs10491308 140678474 1 -4.2709225594895215e-4 140678474 140678474 0
5 15069 rs7732626 176737309 1 4.2656913462139104e-4 176737309 176737309 0
5 1870 rs11747928 18986545 1 -4.256526277756566e-4 18986545 18986545 0
5 4184 rs1363192 52338083 1 4.252608589370308e-4 52338083 52338083 0
5 6924 rs13166899 83516148 1 4.223232373734163e-4 83516148 83516148 0
5 4233 rs419816 52571758 1 4.221518981007685e-4 52571758 52571758 0
5 4424 rs3105807 54392373 1 -4.2111262162209155e-4 54392373 54392373 0
5 12422 rs748066 148620535 1 4.205175847088379e-4 148620535 148620535 0
5 14315 rs2304035 168176517 1 4.179744948220813e-4 168176517 168176517 0
5 3327 rs2115520 36532804 1 -4.177841957367697e-4 36532804 36532804 0
5 5822 rs6868665 73112348 2 4.170254162789077e-4 73112348 73112348 0
5 14716 rs6868972 172461004 1 -4.170057030426991e-4 172461004 172461004 0
5 1415 rs11956313 13395707 1 4.165653353972403e-4 13395707 13395707 0
5 7153 rs6879293 86688123 1 4.158982582306757e-4 86688123 86688123 0
5 14723 rs166122 172548709 2 4.143508044570327e-4 172548709 172548709 0
5 1592 rs6871889 15636388 1 4.13095791604996e-4 15636388 15636388 0
5 9485 rs17138784 115402958 1 4.126902828598631e-4 115402958 115402958 0
5 2296 rs11952846 25319179 1 -4.1186601838173335e-4 25319179 25319179 0
5 14216 rs7714553 167466119 1 4.117980781338906e-4 167466119 167466119 0
5 3641 rs350040 40209303 1 4.117162591185e-4 40209303 40209303 0
5 10092 rs17440304 121996522 1 -4.1142307559692527e-4 121996522 121996522 0
5 12617 rs3792785 150451650 1 4.11143265974804e-4 150451650 150451650 0
5 4498 rs11950693 55647984 1 -4.063293150728635e-4 55647984 55647984 0
5 2881 rs10755252 32688090 1 4.024790497853736e-4 32688090 32688090 0
5 9865 rs35850 119591129 1 4.021852554193715e-4 119591129 119591129 0
5 11795 rs76923861 140865264 1 -3.996668874638069e-4 140865264 140865264 0
5 4287 rs2407163 53282851 1 -3.981960227950655e-4 53282851 53282851 0
5 14400 rs11958514 169026982 2 3.977671478018801e-4 169026982 169026982 0
5 9301 rs1364939 113857863 1 3.96290622831326e-4 113857863 113857863 0
5 11261 rs3899437 133387934 1 -3.9522149426515774e-4 133387934 133387934 0
5 8528 rs4449519 106287409 1 -3.9502789251891527e-4 106287409 106287409 0
5 8471 rs1435194 105453357 1 3.9309549304241824e-4 105453357 105453357 0
5 13381 rs4704936 157816045 1 3.9232315345560714e-4 157816045 157816045 0
5 229 rs4866662 2696580 1 -3.922615104717259e-4 2696580 2696580 0
5 13898 rs4868825 163381044 1 3.9152163344355134e-4 163381044 163381044 0
5 1189 rs2964798 10788833 2 -3.913612418588087e-4 10788833 10788833 0
5 5399 rs16894413 65127219 1 3.882697975536855e-4 65127219 65127219 0
5 11509 rs2961624 136597822 1 -3.854327411340349e-4 136597822 136597822 0
5 5889 rs716212 73487952 1 3.831492890854482e-4 73487952 73487952 0
5 12334 rs6894032 147715820 1 3.828898764932329e-4 147715820 147715820 0
5 1055 rs465991 9529244 1 3.8212783104745607e-4 9529244 9529244 0
5 1213 rs4701901 10934026 1 -3.808724140718363e-4 10934026 10934026 0
5 3475 rs13190535 38650637 2 3.805061631328415e-4 38650637 38650637 0
5 9566 rs10478312 116174466 2 -3.802670017536325e-4 116174466 116174466 0
5 10962 rs1862647 130102023 1 -3.790970522146157e-4 130102023 130102023 0
5 14485 rs11134616 169572933 2 3.790008433900567e-4 169572933 169572933 0
5 973 rs999428 8769738 1 3.781204194104815e-4 8769738 8769738 0
5 3461 rs2561111 38350643 1 -3.7671723980990906e-4 38350643 38350643 0
5 8170 rs7356754 101328984 1 3.764553872811958e-4 101328984 101328984 0
5 14768 rs6897691 172972817 2 3.7644244915133814e-4 172972817 172972817 0
5 13816 rs1154758 162716850 1 3.762736942310318e-4 162716850 162716850 0
5 2024 rs16888991 21168358 1 3.7392497073914747e-4 21168358 21168358 0
5 14015 rs4392645 164881372 1 -3.7257495881164616e-4 164881372 164881372 0
5 9180 rs367943 112809728 1 -3.702721997068294e-4 112809728 112809728 0
5 6464 rs6893869 79027605 1 3.697464209200081e-4 79027605 79027605 0
5 7820 rs2549778 96204254 1 3.689545006859171e-4 96204254 96204254 0
5 1852 rs4469198 18919848 1 -3.689074921637423e-4 18919848 18919848 0
5 9641 rs6879319 117186295 1 3.661265111063396e-4 117186295 117186295 0
5 8483 rs4642355 105846299 1 -3.63724628888324e-4 105846299 105846299 0
5 11198 rs17166869 132944069 1 -3.6222236573972306e-4 132944069 132944069 0
5 7230 rs244755 88095785 1 3.614232920573242e-4 88095785 88095785 0
5 1453 rs1354187 13760721 1 -3.607821986848268e-4 13760721 13760721 0
5 580 rs257073 5834614 2 3.603126814165905e-4 5834614 5834614 0
5 10921 rs1473134 129669944 1 3.6021239584821846e-4 129669944 129669944 0
5 614 rs441714 6103743 1 -3.5870268709998126e-4 6103743 6103743 0
5 4770 rs9292170 57948000 2 3.58308843068782e-4 57948000 57948000 0
5 1788 rs10520853 17912219 1 -3.568394686820404e-4 17912219 17912219 0
5 10149 rs4836465 122474938 1 3.559666254548774e-4 122474938 122474938 0
5 3269 rs700164 35954588 1 -3.5502537295651156e-4 35954588 35954588 0
5 14939 rs6893566 174577496 1 3.550067392727776e-4 174577496 174577496 0
5 13107 rs725883 154944885 1 -3.544293703432421e-4 154944885 154944885 0
5 3439 rs4376295 38158309 1 -3.539155068444452e-4 38158309 38158309 0
5 8433 rs10479335 104976565 2 3.534454703112237e-4 104976565 104976565 0
5 2712 rs16900540 31012808 2 -3.528729616308231e-4 31012808 31012808 0
5 833 rs2287780 7889304 1 -3.5191138483534783e-4 7889304 7889304 0
5 12620 rs3762999 150469426 2 3.5179171490293097e-4 150469426 150469426 0
5 10839 rs7732209 128477058 2 3.517072831195538e-4 128477058 128477058 0
5 11865 rs10072521 141628405 1 -3.5153520515176346e-4 141628405 141628405 0
5 5926 rs10515181 73715484 1 -3.51049618725632e-4 73715484 73715484 0
5 10672 rs57808867 127120041 1 -3.5055039722576957e-4 127120041 127120041 0
5 7291 rs7701711 89455539 1 3.468374254881462e-4 89455539 89455539 0
5 5154 rs3107556 62166774 1 3.463754857414828e-4 62166774 62166774 0
5 4776 rs4700305 58043722 1 -3.455064771028322e-4 58043722 58043722 0
5 13240 rs13355489 156664822 1 -3.453343917395884e-4 156664822 156664822 0
5 3775 rs10059016 41103175 1 -3.4472497473434963e-4 41103175 41103175 0
5 1078 rs17274475 9738382 1 3.4263468444470195e-4 9738382 9738382 0
5 7758 rs10515242 95982675 1 3.422333622843055e-4 95982675 95982675 0
5 7836 rs316187 96430832 1 -3.418269792918275e-4 96430832 96430832 0
5 7585 rs153897 94153862 1 3.4075353409298355e-4 94153862 94153862 0
5 2987 rs966855 33699777 1 3.395739610051265e-4 33699777 33699777 0
5 1432 rs1992711 13510918 2 3.386169446505063e-4 13510918 13510918 0
5 7924 rs6867815 98017301 1 -3.366490214597506e-4 98017301 98017301 0
5 8044 rs709360 99598182 1 -3.356892811305623e-4 99598182 99598182 0
5 10332 rs4302582 123954834 1 3.354377021929674e-4 123954834 123954834 0
5 8010 rs4702973 99293221 1 -3.3457922386883514e-4 99293221 99293221 0
5 923 rs413946 8522800 1 3.314090124730229e-4 8522800 8522800 0
5 9102 rs6892784 112349297 1 3.3066368229770925e-4 112349297 112349297 0
5 14688 rs1010482 172223045 1 3.30048313058378e-4 172223045 172223045 0
5 4726 rs37484 57625205 1 3.294551962824546e-4 57625205 57625205 0
5 6016 rs11742194 74646878 1 3.2754057214531043e-4 74646878 74646878 0
5 8673 rs6887376 107896807 1 3.272611255112594e-4 107896807 107896807 0
5 4781 rs372279 58077903 1 -3.2694997160674367e-4 58077903 58077903 0
5 8137 rs1871332 101019725 1 -3.251021126396801e-4 101019725 101019725 0
5 7687 rs6883552 95190176 1 3.250796884054937e-4 95190176 95190176 0
5 11173 rs250856 132728928 1 -3.250626029370946e-4 132728928 132728928 0
5 9106 rs3209874 112358890 1 3.228469680236007e-4 112358890 112358890 0
5 9583 rs5007066 116423800 1 -3.22803294585902e-4 116423800 116423800 0
5 11670 rs10038443 139565028 1 3.2247484164616677e-4 139565028 139565028 0
5 11816 rs9686896 141110907 1 3.2206194965671097e-4 141110907 141110907 0
5 1383 rs10462587 12778299 1 3.2098981913512457e-4 12778299 12778299 0
5 11833 rs153149 141439358 1 3.198764965574086e-4 141439358 141439358 0
5 3344 rs1549627 36676161 2 3.162539723217674e-4 36676161 36676161 0
5 5527 rs7721781 66532920 1 3.158815106273526e-4 66532920 66532920 0
5 12284 rs13154671 147234371 1 -3.1550537927830076e-4 147234371 147234371 0
5 9643 rs4546421 117239454 1 -3.1542277547892e-4 117239454 117239454 0
5 1151 rs4702698 10517908 1 3.153647293707197e-4 10517908 10517908 0
5 6852 rs309556 82840259 1 -3.140255711769829e-4 82840259 82840259 0
5 2927 rs1428216 33056345 1 3.1399446252664925e-4 33056345 33056345 0
5 462 rs4702913 4700587 1 -3.1211734384290624e-4 4700587 4700587 0
5 4275 rs4865789 53130488 1 3.102813971028144e-4 53130488 53130488 0
5 10739 rs331087 127755378 1 -3.098776792690924e-4 127755378 127755378 0
5 14411 rs12513498 169130272 1 -3.095752122753996e-4 169130272 169130272 0
5 11996 rs918378 143201705 1 -3.0955908528469754e-4 143201705 143201705 0
5 14030 rs594673 165107162 1 -3.085697802426079e-4 165107162 165107162 0
5 6627 rs888817 80257798 1 -3.0802673112860875e-4 80257798 80257798 0
5 732 rs7709128 7118376 1 3.0767808151252826e-4 7118376 7118376 0
5 9935 rs9327172 120230180 1 3.041290043500029e-4 120230180 120230180 0
5 15036 rs6556280 176096188 1 -3.028409806889468e-4 176096188 176096188 0
5 378 rs13161526 3497620 1 3.015239554666511e-4 3497620 3497620 0
5 3376 rs3941788 37498911 1 -3.01245434597891e-4 37498911 37498911 0
5 13056 rs6897414 154488947 1 -3.00028561480611e-4 154488947 154488947 0
5 5660 rs389686 68455166 1 2.997807623466115e-4 68455166 68455166 0
5 5202 rs4260622 62641998 1 2.994934551243297e-4 62641998 62641998 0
5 2512 rs10062215 28489902 1 -2.984474431170695e-4 28489902 28489902 0
5 4700 rs17438760 57491648 1 -2.983077990615259e-4 57491648 57491648 0
5 1749 rs16869690 17316288 1 -2.97646827212088e-4 17316288 17316288 0
5 12 rs908114 371958 1 2.974039959579843e-4 371958 371958 0
5 13974 rs13362411 164601399 1 2.956459281782453e-4 164601399 164601399 0
5 545 rs2399696 5419547 1 2.94795750561916e-4 5419547 5419547 0
5 765 rs13166360 7520881 1 2.933462918143642e-4 7520881 7520881 0
5 3302 rs884694 36301420 1 2.927945522566097e-4 36301420 36301420 0
5 287 rs16870972 3054500 1 -2.9165437628031964e-4 3054500 3054500 0
5 1371 rs4702886 12616793 1 2.9102464721357453e-4 12616793 12616793 0
5 7808 rs18036 96155608 1 2.9100515259437393e-4 96155608 96155608 0
5 9913 rs10075522 120043003 2 -2.876782977924179e-4 120043003 120043003 0
5 10270 rs6884110 123272896 1 -2.864932660604852e-4 123272896 123272896 0
5 7559 rs1371285 93496811 1 2.8258122804893364e-4 93496811 93496811 0
5 2902 rs1173718 32837489 1 2.817434556082949e-4 32837489 32837489 0
5 15320 rs13161895 179471201 1 -2.8088992754017204e-4 179471201 179471201 0
5 13602 rs12187731 160204401 1 -2.8030290129262914e-4 160204401 160204401 0
5 6033 rs16872693 74946455 1 2.801880223398027e-4 74946455 74946455 0
5 14056 rs2591578 165407709 1 2.7959684903932594e-4 165407709 165407709 0
5 13129 rs2310879 155400562 1 2.79561875729048e-4 155400562 155400562 0
5 13435 rs6420100 158387921 1 2.7751300716656683e-4 158387921 158387921 0
5 13022 rs6868098 154080958 1 -2.768036346838897e-4 154080958 154080958 0
5 10836 rs3734161 128442644 1 -2.7469204246023617e-4 128442644 128442644 0
5 3434 rs4869565 38129295 2 -2.737968598919611e-4 38129295 38129295 0
5 7204 rs358288 87495504 1 -2.7235245463076024e-4 87495504 87495504 0
5 2529 rs12659954 28653504 1 2.7107560944580585e-4 28653504 28653504 0
5 4905 rs294478 58849394 1 2.705868225311164e-4 58849394 58849394 0
5 1836 rs11743172 18665502 1 2.6962405591165285e-4 18665502 18665502 0
5 6686 rs10078088 80661696 1 2.6853704176930504e-4 80661696 80661696 0
5 12450 rs2400891 148989122 1 2.680155740428616e-4 148989122 148989122 0
5 3794 rs452949 41271357 1 -2.673217926893812e-4 41271357 41271357 0
5 3136 rs9687411 34994600 1 -2.6725602965501467e-4 34994600 34994600 0
5 10328 rs4240375 123948093 1 -2.6655478262712935e-4 123948093 123948093 0
5 4609 rs16887016 56797293 1 2.630884268527807e-4 56797293 56797293 0
5 4809 rs2968007 58223798 1 2.6221412222259216e-4 58223798 58223798 0
5 8109 rs2137298 100580114 1 2.6086700441154564e-4 100580114 100580114 0
5 13064 rs1422834 154578318 2 2.608430812477741e-4 154578318 154578318 0
5 9895 rs1584468 119937691 1 2.6024259778748395e-4 119937691 119937691 0
5 10769 rs4440414 128033561 1 2.5797442404777314e-4 128033561 128033561 0
5 13446 rs10515789 158506415 2 2.565557104561551e-4 158506415 158506415 0
5 11533 rs1104978 136832279 1 2.557026962177355e-4 136832279 136832279 0
5 4359 rs6869920 53850772 1 2.547244520769926e-4 53850772 53850772 0
5 4706 rs2910584 57525196 1 -2.5444872846920147e-4 57525196 57525196 0
5 11807 rs456998 141025162 1 2.543629273387692e-4 141025162 141025162 0
5 10783 rs10067711 128113882 1 -2.52365630558965e-4 128113882 128113882 0
5 3436 rs3812048 38135718 1 2.51409062779652e-4 38135718 38135718 0
5 11295 rs254709 134111769 1 2.4971501114477777e-4 134111769 134111769 0
5 10231 rs9327305 123083753 1 2.4942943250646436e-4 123083753 123083753 0
5 8969 rs9764455 111054270 1 2.4897120855774276e-4 111054270 111054270 0
5 49 rs7726442 1157313 1 2.4851373229282426e-4 1157313 1157313 0
5 2379 rs4701532 26231699 2 2.472876094652208e-4 26231699 26231699 0
5 10094 rs10079345 122025478 1 -2.471734267384715e-4 122025478 122025478 0
5 12978 rs11950904 153668985 1 -2.4666900793049494e-4 153668985 153668985 0
5 9923 rs13357432 120114673 1 -2.465813101147752e-4 120114673 120114673 0
5 8008 rs10069979 99292206 1 -2.460841325600528e-4 99292206 99292206 0
5 1506 rs163823 14127900 1 2.4572932428041695e-4 14127900 14127900 0
5 1307 rs7379525 11855867 1 2.456225263872978e-4 11855867 11855867 0
5 8636 rs7716454 107282788 1 2.45617024601884e-4 107282788 107282788 0
5 16 rs17562461 411361 1 -2.455971484996361e-4 411361 411361 0
5 7658 rs2731818 94796041 1 2.454336804900551e-4 94796041 94796041 0
5 10348 rs4616890 124022189 2 -2.4472120860332997e-4 124022189 124022189 0
5 3846 rs979233 42375243 1 -2.4379757648172176e-4 42375243 42375243 0
5 5451 rs4699877 65880241 1 2.436462766648196e-4 65880241 65880241 0
5 7004 rs10942397 84872554 1 2.432342120745442e-4 84872554 84872554 0
5 6394 rs1805074 78324352 1 -2.4259949671297305e-4 78324352 78324352 0
5 5696 rs4583865 71048614 1 -2.4238092347809203e-4 71048614 71048614 0
5 7706 rs7717348 95407894 1 2.4168065379185825e-4 95407894 95407894 0
5 4139 rs10940277 52184613 1 2.4060093755298123e-4 52184613 52184613 0
5 8981 rs1948671 111121409 1 2.404206211936169e-4 111121409 111121409 0
5 3457 rs987452 38309923 1 -2.3953439463753835e-4 38309923 38309923 0
5 8674 rs7720580 107923624 2 -2.3863143777715193e-4 107923624 107923624 0
5 7819 rs2042381 96188666 1 -2.37916122989318e-4 96188666 96188666 0
5 6436 rs7719054 78728923 1 2.3747765065130832e-4 78728923 78728923 0
5 850 rs2134589 7985173 1 -2.358619483843217e-4 7985173 7985173 0
5 4165 rs1645761 52297242 1 2.3455743342924972e-4 52297242 52297242 0
5 8203 rs75088245 101572156 1 -2.3334524390519512e-4 101572156 101572156 0
5 1871 rs4263496 18994108 1 2.3217383096620293e-4 18994108 18994108 0
5 15027 rs34425002 176020203 1 -2.3065739087920053e-4 176020203 176020203 0
5 11829 rs3855086 141298977 1 -2.3044798263509276e-4 141298977 141298977 0
5 14120 rs10071637 165995991 1 2.2881160783302625e-4 165995991 165995991 0
5 11143 rs10491278 132220436 1 2.28461467731838e-4 132220436 132220436 0
5 9075 rs6860333 111983052 1 -2.280082823884276e-4 111983052 111983052 0
5 12398 rs1549907 148392565 1 2.271553475160669e-4 148392565 148392565 0
5 11164 rs2864680 132637766 1 2.2689974571844725e-4 132637766 132637766 0
5 11284 rs1476095 133812710 1 2.2636329141792816e-4 133812710 133812710 0
5 13368 rs2419398 157588271 1 2.2558436582352783e-4 157588271 157588271 0
5 2539 rs1160444 28763652 2 -2.2523103491014248e-4 28763652 28763652 0
5 10983 rs6596004 130547165 1 -2.223577145051122e-4 130547165 130547165 0
5 12434 rs9325142 148820897 2 2.2193273892821716e-4 148820897 148820897 0
5 3674 rs7720838 40486896 1 2.2151665428071215e-4 40486896 40486896 0
5 14176 rs17499927 166891209 1 -2.2137368790883655e-4 166891209 166891209 0
5 1666 rs334483 16530343 1 -2.173696978549331e-4 16530343 16530343 0
5 2466 rs10062061 27837594 1 2.168650428332467e-4 27837594 27837594 0
5 9646 rs4921000 117319372 1 -2.1607228990330025e-4 117319372 117319372 0
5 2744 rs10520984 31284273 1 -2.1586357196896457e-4 31284273 31284273 0
5 8257 rs436073 102827276 1 -2.1412898512487895e-4 102827276 102827276 0
5 811 rs13165346 7783858 1 2.1381927380019329e-4 7783858 7783858 0
5 15005 rs1544923 175268492 1 2.126644234934304e-4 175268492 175268492 0
5 10482 rs426136 125315488 1 -2.120746704225968e-4 125315488 125315488 0
5 3371 rs7735138 37239240 1 -2.1162215933273832e-4 37239240 37239240 0
5 15130 rs2910119 177798295 1 -2.1124425084260255e-4 177798295 177798295 0
5 5613 rs895304 67592281 1 -2.109596748160665e-4 67592281 67592281 0
5 7270 rs4916752 88783422 1 2.1068456762644475e-4 88783422 88783422 0
5 886 rs4639181 8243414 1 -2.095559783217127e-4 8243414 8243414 0
5 14298 rs13185224 167984721 1 2.091630154028977e-4 167984721 167984721 0
5 7458 rs6873740 91390561 1 -2.089650055070183e-4 91390561 91390561 0
5 13490 rs1422858 159057330 1 2.0881843721601165e-4 159057330 159057330 0
5 9644 rs7720835 117241490 1 2.0845354315495687e-4 117241490 117241490 0
5 13407 rs972341 158044628 1 2.0844162359761107e-4 158044628 158044628 0
5 6749 rs7717296 81674497 1 -2.076284371583238e-4 81674497 81674497 0
5 4832 rs10062340 58432413 1 2.0740348683638316e-4 58432413 58432413 0
5 3496 rs357284 38839713 1 2.0731555818425475e-4 38839713 38839713 0
5 14727 rs255315 172613028 1 2.0725549789722464e-4 172613028 172613028 0
5 3058 rs7379110 34053621 1 2.0710930256851777e-4 34053621 34053621 0
5 64 rs113203740 1338078 1 2.044955275623428e-4 1338078 1338078 0
5 599 rs657865 5943861 1 2.0306512589626183e-4 5943861 5943861 0
5 12503 rs2304070 149420698 1 -2.0277147344711525e-4 149420698 149420698 0
5 1629 rs250488 15973231 1 -2.0254880112611725e-4 15973231 15973231 0
5 14349 rs297808 168550565 1 2.0254360193410815e-4 168550565 168550565 0
5 3112 rs10472254 34833339 1 2.0188048588452623e-4 34833339 34833339 0
5 3367 rs301895 37128315 1 -2.003903321349413e-4 37128315 37128315 0
5 11981 rs1037100 142938663 1 -1.9833846367246864e-4 142938663 142938663 0
5 2610 rs1991489 29890461 1 -1.9818347263363592e-4 29890461 29890461 0
5 4815 rs1553114 58286625 1 -1.963048375090293e-4 58286625 58286625 0
5 14324 rs884787 168234517 1 0.00019595740608309369 168234517 168234517 0
5 12231 rs12659800 146689412 1 1.9585464561854091e-4 146689412 146689412 0
5 6210 rs2460508 76156381 1 1.9500231024905792e-4 76156381 76156381 0
5 11950 rs6196 142661490 1 -1.92836072769384e-4 142661490 142661490 0
5 10605 rs11960799 126356042 1 1.9266002954564267e-4 126356042 126356042 0
5 14536 rs4867994 170034226 1 1.9236079079756288e-4 170034226 170034226 0
5 12298 rs7700964 147363251 1 -1.919217655769981e-4 147363251 147363251 0
5 7525 rs4541642 92588936 1 1.913156182579352e-4 92588936 92588936 0
5 14116 rs2122554 165957086 1 1.901609633946154e-4 165957086 165957086 0
5 86 rs17597967 1685655 2 1.8922388328431968e-4 1685655 1685655 0
5 14489 rs7712919 169606312 2 1.879398520554977e-4 169606312 169606312 0
5 2678 rs1547531 30796391 1 1.8671753148529884e-4 30796391 30796391 0
5 2713 rs6869417 31020501 1 1.8599576280430732e-4 31020501 31020501 0
5 3460 rs6885417 38334997 1 1.848302430185221e-4 38334997 38334997 0
5 1016 rs886509 9156012 1 -1.846152592382785e-4 9156012 9156012 0
5 1798 rs7733771 18010430 1 -1.843932114391201e-4 18010430 18010430 0
5 8183 rs11739895 101392473 1 -1.8433002493065473e-4 101392473 101392473 0
5 7791 rs469783 96121524 1 1.841322964378191e-4 96121524 96121524 0
5 14878 rs703739 173944166 1 -1.833203134793394e-4 173944166 173944166 0
5 9355 rs1377333 114337809 1 1.8316234497728996e-4 114337809 114337809 0
5 8449 rs1482900 105144834 1 1.8316064411616164e-4 105144834 105144834 0
5 1832 rs7730186 18605940 1 1.8277412785167133e-4 18605940 18605940 0
5 5661 rs7736312 68485991 2 1.8276506466825587e-4 68485991 68485991 0
5 2940 rs6450963 33223220 1 1.822554324350488e-4 33223220 33223220 0
5 10058 rs2914610 121314168 1 1.814723385227694e-4 121314168 121314168 0
5 1990 rs7446190 20674527 1 -1.8049777933429456e-4 20674527 20674527 0
5 4948 rs10059334 59517876 1 1.7996427356285877e-4 59517876 59517876 0
5 14824 rs17076870 173557246 1 1.7932539171067313e-4 173557246 173557246 0
5 98 rs6555008 1769749 1 -1.7909052289206674e-4 1769749 1769749 0
5 9770 rs6897511 118636227 2 1.7792285011179114e-4 118636227 118636227 0
5 3556 rs4957476 39502755 1 -1.7788251220463965e-4 39502755 39502755 0
5 5365 rs6897886 64829258 1 1.7750127424809932e-4 64829258 64829258 0
5 389 rs2195412 3569556 1 -1.7608319063513818e-4 3569556 3569556 0
5 14108 rs1405911 165904364 1 1.7517106969997196e-4 165904364 165904364 0
5 1848 rs17631488 18777746 1 1.7477111652785166e-4 18777746 18777746 0
5 1279 rs31899 11429782 1 1.7459894768208394e-4 11429782 11429782 0
5 15031 rs12516757 176080430 1 -1.7409419044692713e-4 176080430 176080430 0
5 3056 rs890949 34043893 1 -1.7371275828591062e-4 34043893 34043893 0
5 5620 rs256501 67661709 1 -1.733700475355237e-4 67661709 67661709 0
5 6014 rs3761739 74631501 2 1.724151553212293e-4 74631501 74631501 0
5 3343 rs930072 36666071 1 1.719979085899155e-4 36666071 36666071 0
5 8709 rs4616948 108168024 1 1.7178696894939424e-4 108168024 108168024 0
5 383 rs710987 3525440 1 -1.7058935963418738e-4 3525440 3525440 0
5 8802 rs12519496 109215047 1 -1.7032591530228512e-4 109215047 109215047 0
5 10771 rs1422450 128040308 1 1.702542579603548e-4 128040308 128040308 0
5 10187 rs2303720 122682334 1 -1.7001984550367623e-4 122682334 122682334 0
5 7420 rs16869698 90654579 2 1.6982413778375967e-4 90654579 90654579 0
5 1205 rs6860099 10883440 1 1.697546525659157e-4 10883440 10883440 0
5 9281 rs12520028 113659909 1 -1.6825026936208873e-4 113659909 113659909 0
5 7051 rs13160406 85314047 1 1.6821622456545868e-4 85314047 85314047 0
5 8518 rs159404 106185031 1 1.6811704086102023e-4 106185031 106185031 0
5 6159 rs17748322 75875629 2 1.6791671090523805e-4 75875629 75875629 0
5 1698 rs7737765 16794780 1 1.6788696347812843e-4 16794780 16794780 0
5 15016 rs11134974 175781959 1 -1.6778860181330347e-4 175781959 175781959 0
5 8891 rs11241095 110439509 1 -1.6712946610404335e-4 110439509 110439509 0
5 9766 rs17145066 118611118 1 1.6668166790799558e-4 118611118 118611118 0
5 3776 rs10473234 41119167 1 -1.6637200911009365e-4 41119167 41119167 0
5 9652 rs9327068 117431695 1 1.6578176504448115e-4 117431695 117431695 0
5 11112 rs11739623 131864152 2 -1.6569874722217344e-4 131864152 131864152 0
5 12598 rs8177435 150404383 1 1.6469464921333498e-4 150404383 150404383 0
5 906 rs2940556 8349784 1 1.6333442423878403e-4 8349784 8349784 0
5 11175 rs6888605 132747063 1 1.6267975926133186e-4 132747063 132747063 0
5 439 rs12110273 4288545 1 -1.6264148620613077e-4 4288545 4288545 0
5 594 rs1174900 5936810 1 -1.625538228064768e-4 5936810 5936810 0
5 5771 rs636926 72419617 1 -1.6243181090283592e-4 72419617 72419617 0
5 12979 rs10057248 153669038 1 -1.618345610754056e-4 153669038 153669038 0
5 2808 rs7725382 31713446 1 -1.6140423164680452e-4 31713446 31713446 0
5 10066 rs1427936 121506678 1 -1.6068247731473967e-4 121506678 121506678 0
5 8480 rs7732321 105780577 1 -1.6016946660160332e-4 105780577 105780577 0
5 5727 rs4569852 71441589 1 -1.5987430088927309e-4 71441589 71441589 0
5 1096 rs7708238 9951112 1 -1.5964622490883114e-4 9951112 9951112 0
5 1245 rs12516262 11147575 1 -1.5940420345552395e-4 11147575 11147575 0
5 417 rs11748824 3997830 1 1.591315012560037e-4 3997830 3997830 0
5 4372 rs13162112 53919942 1 1.5859620473753785e-4 53919942 53919942 0
5 1742 rs2937754 17255803 1 -1.584339579253312e-4 17255803 17255803 0
5 4175 rs43188 52320940 1 -1.5765712257274537e-4 52320940 52320940 0
5 9136 rs11952815 112502941 1 -1.5756445570174564e-4 112502941 112502941 0
5 1312 rs6554659 11918409 1 1.5605946139185366e-4 11918409 11918409 0
5 6514 rs7712567 79237487 1 -1.5587036143759024e-4 79237487 79237487 0
5 7489 rs2059076 92107082 1 1.5573475589068187e-4 92107082 92107082 0
5 10741 rs331083 127767103 1 -1.5388250942327384e-4 127767103 127767103 0
5 2417 rs6883474 26764803 1 -1.532678438790874e-4 26764803 26764803 0
5 5871 rs194274 73308343 2 -1.5304043361491558e-4 73308343 73308343 0
5 9604 rs2560600 116732988 1 1.526971496252121e-4 116732988 116732988 0
5 12333 rs6580545 147713645 1 -1.5186166194013957e-4 147713645 147713645 0
5 5662 rs2932770 68513290 1 -1.508030595462547e-4 68513290 68513290 0
5 4144 rs4145748 52201722 1 -1.5059120720902408e-4 52201722 52201722 0
5 10285 rs1862404 123350243 1 1.505483888629961e-4 123350243 123350243 0
5 3105 rs12658204 34771848 2 -1.4972217004395572e-4 34771848 34771848 0
5 7602 rs13180001 94308966 1 -1.4949826920424247e-4 94308966 94308966 0
5 8054 rs1013602 99639943 1 -1.48627200249703e-4 99639943 99639943 0
5 2556 rs13166467 29214777 1 1.4783708706812138e-4 29214777 29214777 0
5 2621 rs10491371 30040395 1 -1.4679365648014711e-4 30040395 30040395 0
5 1118 rs955376 10148758 1 -1.4672510134903512e-4 10148758 10148758 0
5 14797 rs2594841 173266547 1 -1.4543404754020767e-4 173266547 173266547 0
5 5313 rs2968210 64306758 1 1.4465753111292252e-4 64306758 64306758 0
5 10057 rs12657394 121308199 1 1.4421409930504507e-4 121308199 121308199 0
5 9444 rs6594925 115312671 1 -1.4402321256978267e-4 115312671 115312671 0
5 12875 rs159978 152737575 1 1.4355410183086584e-4 152737575 152737575 0
5 12017 rs9285658 143474131 1 -1.4231924329177788e-4 143474131 143474131 0
5 13903 rs2059098 163407815 1 1.4187652693550362e-4 163407815 163407815 0
5 13767 rs17560861 161930183 1 1.4157884204711355e-4 161930183 161930183 0
5 14020 rs17338894 164915687 1 -1.397166729798112e-4 164915687 164915687 0
5 7686 rs6420125 95177641 1 1.3901216275167866e-4 95177641 95177641 0
5 14070 rs10071148 165578886 1 1.386080788950594e-4 165578886 165578886 0
5 9086 rs34083474 112222787 2 1.381996681923751e-4 112222787 112222787 0
5 910 rs12653627 8393159 1 -1.3712753845875595e-4 8393159 8393159 0
5 5619 rs256500 67660897 1 -1.3581494204176046e-4 67660897 67660897 0
5 15015 rs3749804 175776155 1 -1.3568919996836238e-4 175776155 175776155 0
5 4572 rs832575 56161787 1 -1.353355925939415e-4 56161787 56161787 0
5 5309 rs12521901 64119275 1 -1.3523031296798455e-4 64119275 64119275 0
5 13506 rs1592968 159170813 1 -1.349834517424971e-4 159170813 159170813 0
5 12217 rs891898 146620082 1 -1.343161877781643e-4 146620082 146620082 0
5 7845 rs2544771 96512683 1 -1.3362648540912953e-4 96512683 96512683 0
5 10667 rs1213745 127048511 1 1.3333575472766442e-4 127048511 127048511 0
5 5437 rs1937740 65758455 1 -1.3324356450788885e-4 65758455 65758455 0
5 8111 rs1380391 100618922 1 1.3186440057790714e-4 100618922 100618922 0
5 7199 rs12522676 87445490 1 -1.317488967529373e-4 87445490 87445490 0
5 1594 rs6878966 15647084 1 1.3047305905142644e-4 15647084 15647084 0
5 7932 rs2302981 98107141 1 1.3004580811426498e-4 98107141 98107141 0
5 12099 rs10875612 144474779 1 1.2712303558135634e-4 144474779 144474779 0
5 4031 rs12659291 51116418 1 1.2538662791672107e-4 51116418 51116418 0
5 14426 rs246768 169241873 1 1.2410134425241726e-4 169241873 169241873 0
5 12194 rs319215 146255753 1 -1.2390300203670102e-4 146255753 146255753 0
5 12629 rs884083 150523987 1 1.234956145348025e-4 150523987 150523987 0
5 3759 rs325854 41042284 1 -1.232936345155853e-4 41042284 41042284 0
5 3494 rs393398 38833866 1 1.2164157166475902e-4 38833866 38833866 0
5 4532 rs6867983 55854153 1 1.2036844034705213e-4 55854153 55854153 0
5 4522 rs2408361 55788355 1 1.2022155426479056e-4 55788355 55788355 0
5 1367 rs4566790 12577738 1 1.1979604197086482e-4 12577738 12577738 0
5 13941 rs2909756 164211185 1 -1.1957010193124138e-4 164211185 164211185 0
5 5149 rs9784594 62055300 1 -1.174916348619432e-4 62055300 62055300 0
5 8171 rs1381976 101331313 1 -1.1725970568436164e-4 101331313 101331313 0
5 868 rs731099 8143945 1 1.1691331461788046e-4 8143945 8143945 0
5 2361 rs7705715 25899414 1 -1.1671226414856986e-4 25899414 25899414 0
5 11316 rs11954280 134405982 1 1.1606249203672111e-4 134405982 134405982 0
5 15124 rs7713983 177690978 1 1.1588572754217976e-4 177690978 177690978 0
5 6300 rs10063453 76862566 1 1.1543436135722132e-4 76862566 76862566 0
5 14661 rs10059733 171908794 1 1.1540249683894716e-4 171908794 171908794 0
5 8843 rs1004647 109692143 1 -1.1481952607717356e-4 109692143 109692143 0
5 14458 rs13360445 169479134 2 -1.1475028662961398e-4 169479134 169479134 0
5 4458 rs4440309 55016916 1 1.146737409724309e-4 55016916 55016916 0
5 9374 rs3852203 114759195 1 -1.1374964853985292e-4 114759195 114759195 0
5 543 rs6891687 5383342 1 -1.1354096823642885e-4 5383342 5383342 0
5 15090 rs2382160 177266026 1 -1.1343203930454664e-4 177266026 177266026 0
5 9333 rs287684 114054755 1 -1.1314901326423288e-4 114054755 114054755 0
5 6905 rs2301079 83319613 1 -1.1191205063914274e-4 83319613 83319613 0
5 4564 rs252906 56119190 1 1.1182978238222415e-4 56119190 56119190 0
5 5446 rs10940066 65855856 1 1.1121496750896298e-4 65855856 65855856 0
5 12588 rs12109402 150383403 1 1.1117039048367722e-4 150383403 150383403 0
5 34 rs4956954 607388 1 1.1062268579105728e-4 607388 607388 0
5 2012 rs1027544 21047987 1 -1.104369763980598e-4 21047987 21047987 0
5 6211 rs6453259 76166018 1 1.102786276150792e-4 76166018 76166018 0
5 25 rs2721010 456915 1 1.0993486486619108e-4 456915 456915 0
5 6398 rs6873326 78351512 1 -1.0970565310446564e-4 78351512 78351512 0
5 6777 rs4703905 81938017 1 1.0879853242980418e-4 81938017 81938017 0
5 13428 rs7715522 158282326 1 -1.085046034277898e-4 158282326 158282326 0
5 493 rs3733787 5078313 1 -1.0815229742732955e-4 5078313 5078313 0
5 1651 rs955205 16347660 2 -1.080935513789915e-4 16347660 16347660 0
5 14677 rs6556038 172099097 1 -1.0761147248294988e-4 172099097 172099097 0
5 5522 rs2230524 66478729 1 1.0597769952586454e-4 66478729 66478729 0
5 2358 rs13164425 25874921 2 -1.053582263789768e-4 25874921 25874921 0
5 15001 rs17065524 175245365 1 1.0358523056205985e-4 175245365 175245365 0
5 9733 rs6888215 118034064 1 1.0351611391919111e-4 118034064 118034064 0
5 12501 rs35341726 149404179 1 1.0302040371356347e-4 149404179 149404179 0
5 1591 rs10520820 15635874 1 1.0256730817986128e-4 15635874 15635874 0
5 5890 rs13169946 73489192 1 1.013464266436128e-4 73489192 73489192 0
5 1153 rs12522627 10568591 1 -1.0121403604777902e-4 10568591 10568591 0
5 9132 rs10068491 112486175 1 -1.0040982805233496e-4 112486175 112486175 0
5 3642 rs350058 40211802 1 1.000127411743163e-4 40211802 40211802 0
5 14257 rs1422422 167732800 1 9.983648543305633e-5 167732800 167732800 0
5 14560 rs4867634 170258216 1 9.910422658680686e-5 170258216 170258216 0
5 7213 rs10505855 87736779 1 -9.812467199617564e-5 87736779 87736779 0
5 14268 rs7737462 167816521 1 9.7939324029326e-5 167816521 167816521 0
5 11724 rs35620136 140530718 1 9.786566445284862e-5 140530718 140530718 0
5 537 rs12518997 5302501 1 -9.783174268159808e-5 5302501 5302501 0
5 12658 rs246491 150708723 1 9.674777295196266e-5 150708723 150708723 0
5 11408 rs6868895 135611442 1 9.636474628839744e-5 135611442 135611442 0
5 9775 rs2052473 118661882 1 9.6235725448665e-5 118661882 118661882 0
5 14074 rs17066554 165680168 1 9.550449221418851e-5 165680168 165680168 0
5 1115 rs10050438 10139143 1 -9.400864641160678e-5 10139143 10139143 0
5 7038 rs2974062 85227089 1 9.363984085235678e-5 85227089 85227089 0
5 1974 rs12697585 20474634 1 9.334019325253936e-5 20474634 20474634 0
5 3692 rs10737963 40716153 2 9.278174451438786e-5 40716153 40716153 0
5 1797 rs691027 18009498 1 -9.262542310639126e-5 18009498 18009498 0
5 1816 rs10942142 18379534 1 9.174210293050128e-5 18379534 18379534 0
5 10065 rs10900755 121505407 1 -9.070615624732368e-5 121505407 121505407 0
5 2834 rs16901697 31951961 1 9.015511950891452e-5 31951961 31951961 0
5 13930 rs6556756 163889280 1 8.992397626203981e-5 163889280 163889280 0
5 1877 rs4391167 19087783 1 -8.977348582398229e-5 19087783 19087783 0
5 10608 rs6870711 126419094 1 8.946417199288418e-5 126419094 126419094 0
5 3857 rs1035516 42823799 1 8.943445146165074e-5 42823799 42823799 0
5 9124 rs6861336 112435864 1 -8.607926495589316e-5 112435864 112435864 0
5 11487 rs12519378 136489038 1 8.497900008311902e-5 136489038 136489038 0
5 12068 rs1368335 144275245 1 8.484278581300584e-5 144275245 144275245 0
5 7666 rs2548125 95011426 1 -8.449514376889154e-5 95011426 95011426 0
5 14637 rs6874860 171623828 1 -8.446518334992286e-5 171623828 171623828 0
5 13766 rs2901679 161917408 1 -8.44558626905317e-5 161917408 161917408 0
5 1442 rs2676245 13628062 1 8.440561752397513e-5 13628062 13628062 0
5 7732 rs269853 95806979 1 8.433692841905262e-5 95806979 95806979 0
5 14231 rs2617972 167543830 1 -8.428287617601704e-5 167543830 167543830 0
5 14365 rs11738097 168633447 1 8.417208040332176e-5 168633447 168633447 0
5 14673 rs13360786 172061532 1 8.402338373806771e-5 172061532 172061532 0
5 7701 rs76963076 95308048 1 -8.400728749639899e-5 95308048 95308048 0
5 5068 rs10471519 61071912 2 8.240104437249468e-5 61071912 61071912 0
5 3037 rs2287939 33998883 2 -8.237740907053314e-5 33998883 33998883 0
5 5059 rs4700430 60997309 2 8.127815842627671e-5 60997309 60997309 0
5 4574 rs16886445 56166028 1 -8.109241637792606e-5 56166028 56166028 0
5 11650 rs10515509 139290054 1 -7.813340772933766e-5 139290054 139290054 0
5 1027 rs40687 9195233 1 -7.694009066665255e-5 9195233 9195233 0
5 13290 rs3734031 156940760 1 -7.637452633087394e-5 156940760 156940760 0
5 4696 rs2161512 57480015 1 -7.627903427391276e-5 57480015 57480015 0
5 6561 rs6863361 79637384 1 -7.576893152521715e-5 79637384 79637384 0
5 7694 rs3777195 95240327 1 -7.514754461350561e-5 95240327 95240327 0
5 13940 rs17065898 164056594 1 -7.497910439629849e-5 164056594 164056594 0
5 6552 rs139471643 79616278 1 -7.452841738482367e-5 79616278 79616278 0
5 12368 rs12654778 148205741 1 7.314119634867892e-5 148205741 148205741 0
5 2069 rs10045440 21872292 1 7.290548655537461e-5 21872292 21872292 0
5 11317 rs11242232 134406317 1 7.262816085191135e-5 134406317 134406317 0
5 15274 rs7736370 178770100 1 7.174898079403005e-5 178770100 178770100 0
5 15068 rs78247455 176722005 1 7.167463964091039e-5 176722005 176722005 0
5 3698 rs12188129 40781559 1 7.149345049559755e-5 40781559 40781559 0
5 5919 rs294986 73683039 1 -7.112901272163976e-5 73683039 73683039 0
5 10798 rs1422458 128193116 1 7.105228436376475e-5 128193116 128193116 0
5 10720 rs56168072 127666298 1 -7.003421336013407e-5 127666298 127666298 0
5 777 rs10035541 7539712 1 6.999772200382831e-5 7539712 7539712 0
5 7133 rs2452761 86187316 1 6.984180995232339e-5 86187316 86187316 0
5 10509 rs12188921 125445068 1 -6.940159689967115e-5 125445068 125445068 0
5 1716 rs10520847 16903718 1 6.818786138573007e-5 16903718 16903718 0
5 11746 rs2907309 140614038 2 6.736929319074147e-5 140614038 140614038 0
5 9340 rs289026 114108659 1 6.642750588366831e-5 114108659 114108659 0
5 4093 rs623193 51979514 1 -6.634983673046548e-5 51979514 51979514 0
5 2590 rs10520949 29574775 1 -6.512084707039026e-5 29574775 29574775 0
5 14049 rs2161188 165281150 1 -6.489054008178986e-5 165281150 165281150 0
5 11262 rs247472 133391516 1 -6.445401903083218e-5 133391516 133391516 0
5 4777 rs292960 58061888 1 6.428064637462463e-5 58061888 58061888 0
5 4371 rs17626937 53914475 1 6.410128736357314e-5 53914475 53914475 0
5 14891 rs7736798 173985281 1 -6.307905500862686e-5 173985281 173985281 0
5 8535 rs929765 106578259 1 6.251086679614283e-5 106578259 106578259 0
5 9363 rs10077453 114580652 1 6.20892772390376e-5 114580652 114580652 0
5 4388 rs4865582 53993648 1 6.206541269796994e-5 53993648 53993648 0
5 8684 rs906680 108007755 1 -6.177878977499832e-5 108007755 108007755 0
5 4125 rs975885 52100836 1 -6.059556067950059e-5 52100836 52100836 0
5 5755 rs3112483 71750904 2 -5.981218165788808e-5 71750904 71750904 0
5 9161 rs13354840 112717518 1 5.96027460855412e-5 112717518 112717518 0
5 11090 rs10071051 131752620 1 -5.906289384103781e-5 131752620 131752620 0
5 14608 rs10516088 171150423 1 -5.899273353257921e-5 171150423 171150423 0
5 5970 rs11739301 74172468 1 -5.864755006173726e-5 74172468 74172468 0
5 6066 rs1525763 75200884 1 -5.7896700284741575e-5 75200884 75200884 0
5 6444 rs11746854 78829154 1 5.7714048358995224e-5 78829154 78829154 0
5 6070 rs4487476 75229614 1 5.765529153479599e-5 75229614 75229614 0
5 11653 rs6891114 139372521 1 5.745808510531295e-5 139372521 139372521 0
5 4695 rs2964185 57478318 1 -5.7079000604506666e-5 57478318 57478318 0
5 15238 rs11749420 178483445 2 5.704126224492033e-5 178483445 178483445 0
5 9065 rs338857 111869430 1 5.655616238678302e-5 111869430 111869430 0
5 7109 rs10805837 85911654 1 5.645189369168304e-5 85911654 85911654 0
5 14410 rs1345723 169129866 1 -5.574694939531768e-5 169129866 169129866 0
5 234 rs924213 2737700 1 -5.539280195622193e-5 2737700 2737700 0
5 9280 rs36960 113658892 1 5.472794719643101e-5 113658892 113658892 0
5 12511 rs3733676 149498821 2 -5.420044695125808e-5 149498821 149498821 0
5 5032 rs6868457 60550041 1 -5.361378698188033e-5 60550041 60550041 0
5 14775 rs1077613 173003451 1 5.270717728153762e-5 173003451 173003451 0
5 14605 rs26413 171098125 1 5.260631803581094e-5 171098125 171098125 0
5 7132 rs2452759 86186490 1 5.239886799928157e-5 86186490 86186490 0
5 1009 rs7731508 9107887 1 -5.231017984221854e-5 9107887 9107887 0
5 865 rs876712 8047543 1 -5.225853702732628e-5 8047543 8047543 0
5 4497 rs1423115 55641683 2 5.1327380500236345e-5 55641683 55641683 0
5 10751 rs10040056 127895438 1 -4.970063195529258e-5 127895438 127895438 0
5 13534 rs7701539 159618158 1 -4.891788174421071e-5 159618158 159618158 0
5 10931 rs7726515 129708350 1 4.813060953653933e-5 129708350 129708350 0
5 12984 rs6889241 153765462 2 4.7964836706619656e-5 153765462 153765462 0
5 38 rs12522955 639231 1 4.75882141773629e-5 639231 639231 0
5 341 rs1691016 3246919 1 -4.71133195773967e-5 3246919 3246919 0
5 13858 rs12654614 162985655 1 4.682802769202129e-5 162985655 162985655 0
5 4748 rs32617 57743302 1 4.6340328839259344e-5 57743302 57743302 0
5 15276 rs2271214 178770718 1 4.551050412259328e-5 178770718 178770718 0
5 50 rs12513763 1221199 2 -4.5510122105522e-5 1221199 1221199 0
5 11399 rs2190622 135414280 1 4.520834691410645e-5 135414280 135414280 0
5 6649 rs10491487 80323368 1 -4.5112198176102825e-5 80323368 80323368 0
5 12731 rs11744717 151390009 1 -4.46014998604235e-5 151390009 151390009 0
5 13883 rs6895949 163273413 1 4.42617594920129e-5 163273413 163273413 0
5 15023 rs752139 176011264 2 -4.4165387703356705e-5 176011264 176011264 0
5 4401 rs10077228 54035625 2 4.39136314555337e-5 54035625 54035625 0
5 14420 rs7713379 169204763 1 4.314321933126654e-5 169204763 169204763 0
5 15008 rs1006101 175307886 1 -4.302526778486907e-5 175307886 175307886 0
5 7704 rs4538631 95405343 1 4.283499392394648e-5 95405343 95405343 0
5 3628 rs10076961 40122187 1 4.189392833562937e-5 40122187 40122187 0
5 10223 rs6889596 123030802 1 -4.0743475395130264e-5 123030802 123030802 0
5 7367 rs2438379 90121507 1 4.0457741978016566e-5 90121507 90121507 0
5 12634 rs891899 150553419 1 3.971402816988363e-5 150553419 150553419 0
5 6506 rs10491455 79174137 1 -3.949339031093792e-5 79174137 79174137 0
5 8222 rs10477819 101918448 1 -3.905492998012602e-5 101918448 101918448 0
5 12825 rs9285647 152279502 1 -3.8383362942383485e-5 152279502 152279502 0
5 12608 rs3792794 150434722 1 3.7959059225825416e-5 150434722 150434722 0
5 10855 rs4836453 128644746 1 -3.751643885158498e-5 128644746 128644746 0
5 4335 rs10066174 53775596 1 3.731586750257549e-5 53775596 53775596 0
5 6376 rs1071598 78181423 2 -3.6881730122786965e-5 78181423 78181423 0
5 14967 rs4868515 174785110 1 -3.612860585501272e-5 174785110 174785110 0
5 5607 rs2302976 67569602 1 3.580434194949995e-5 67569602 67569602 0
5 2029 rs13173717 21396544 1 3.5558021001683784e-5 21396544 21396544 0
5 14766 rs11949667 172969495 1 -3.498795462599046e-5 172969495 172969495 0
5 2514 rs7712190 28494521 1 3.496997669570784e-5 28494521 28494521 0
5 5998 rs10515200 74487714 1 3.401097362634699e-5 74487714 74487714 0
5 14421 rs261581 169209137 1 3.345914413882491e-5 169209137 169209137 0
5 2742 rs10461695 31273134 1 -3.286463229862608e-5 31273134 31273134 0
5 14427 rs152111 169277123 1 3.26122863952158e-5 169277123 169277123 0
5 3211 rs1013156 35682295 1 3.231750433310248e-5 35682295 35682295 0
5 11999 rs10059157 143216173 1 3.219297423096957e-5 143216173 143216173 0
5 10456 rs329173 125132831 1 3.1882870594369935e-5 125132831 125132831 0
5 3644 rs353372 40226919 1 3.172102570855572e-5 40226919 40226919 0
5 14279 rs12515835 167892338 1 3.115257076374629e-5 167892338 167892338 0
5 516 rs16875033 5198567 1 -3.0902743477446644e-5 5198567 5198567 0
5 6906 rs2193958 83328762 1 3.0515300178726218e-5 83328762 83328762 0
5 10423 rs230736 124832592 1 3.0344636814023253e-5 124832592 124832592 0
5 12740 rs177439 151456352 1 -3.0313648610513364e-5 151456352 151456352 0
5 14537 rs12523655 170034897 1 -2.9580677988551577e-5 170034897 170034897 0
5 1574 rs706297 14960920 1 -2.9239908522244618e-5 14960920 14960920 0
5 3550 rs7737346 39464160 2 -2.7027470787863227e-5 39464160 39464160 0
5 12330 rs1422969 147703416 1 2.626442113954461e-5 147703416 147703416 0
5 10766 rs2191081 128025808 1 -2.6074395231586155e-5 128025808 128025808 0
5 12001 rs13165784 143224078 1 -2.507820453720574e-5 143224078 143224078 0
5 7378 rs11951675 90306443 1 -2.4583741338654315e-5 90306443 90306443 0
5 6535 rs6863905 79511472 1 -2.3895171964710647e-5 79511472 79511472 0
5 11668 rs185123 139517197 1 -2.295971534143708e-5 139517197 139517197 0
5 5726 rs4704554 71431716 1 -2.257001401903498e-5 71431716 71431716 0
5 10604 rs9327428 126347544 1 2.1892778743590005e-5 126347544 126347544 0
5 12093 rs11167892 144460435 1 2.0558154907350966e-5 144460435 144460435 0
5 10401 rs1371370 124626392 2 2.051974207193709e-5 124626392 124626392 0
5 7028 rs12520429 85132635 1 1.9507909444871538e-5 85132635 85132635 0
5 11547 rs7444370 136956683 1 -1.9468410584050432e-5 136956683 136956683 0
5 14460 rs13358993 169481754 1 1.9467786476543167e-5 169481754 169481754 0
5 12484 rs741580 149201670 1 1.927912903251038e-5 149201670 149201670 0
5 4527 rs157521 55821031 2 -1.890023203203986e-5 55821031 55821031 0
5 2566 rs905858 29470422 1 -1.8732710112137145e-5 29470422 29470422 0
5 4103 rs35755888 52013727 1 -1.8439916698397137e-5 52013727 52013727 0
5 10665 rs11241937 127006007 1 1.8206059499308348e-5 127006007 127006007 0
5 14124 rs4868994 166017077 1 -1.8160801058588547e-5 166017077 166017077 0
5 8582 rs662627 106881333 1 1.793021004380519e-5 106881333 106881333 0
5 15109 rs10479619 177613123 1 -1.77899254434766e-5 177613123 177613123 0
5 4124 rs1499280 52096889 1 1.707017481762207e-5 52096889 52096889 0
5 6493 rs115059007 79095299 1 1.6982894821916482e-5 79095299 79095299 0
5 1244 rs10073056 11146253 1 -1.619839302599828e-5 11146253 11146253 0
5 3474 rs13167213 38649445 1 1.515537598606583e-5 38649445 38649445 0
5 1777 rs11958964 17791030 1 1.3988119488913183e-5 17791030 17791030 0
5 1185 rs267939 10752315 1 -1.3064049167704376e-5 10752315 10752315 0
5 13815 rs1862166 162710860 1 1.1727860159956325e-5 162710860 162710860 0
5 14697 rs792978 172269595 1 1.1562841153552016e-5 172269595 172269595 0
5 2378 rs6884536 26224170 1 1.0815123765579186e-5 26224170 26224170 0
5 13341 rs899541 157342764 2 1.0710584215596402e-5 157342764 157342764 0
5 255 rs1353631 2834856 1 -1.0626631553454954e-5 2834856 2834856 0
5 1537 rs773765 14291614 1 -1.0544803400293255e-5 14291614 14291614 0
5 4667 rs11749915 57309072 1 1.0376544167781428e-5 57309072 57309072 0
5 11648 rs3777102 139257603 1 -9.803461728296152e-6 139257603 139257603 0
5 76 rs4975554 1557636 1 -9.419353330371882e-6 1557636 1557636 0
5 11744 rs2907320 140606802 1 8.29540181170458e-6 140606802 140606802 0
5 5062 rs12514378 61011200 1 7.437915549146695e-6 61011200 61011200 0
5 13008 rs283458 153955820 1 -6.629416666032723e-6 153955820 153955820 0
5 13010 rs1824936 153986044 1 6.5806621795271294e-6 153986044 153986044 0
5 1724 rs6877901 16991693 1 -6.402480094489394e-6 16991693 16991693 0
5 9070 rs3934641 111891417 1 5.64190134002285e-6 111891417 111891417 0
5 5778 rs6893265 72473899 1 5.352459307326106e-6 72473899 72473899 0
5 10932 rs7356549 129723516 1 4.868939448212101e-6 129723516 129723516 0
5 11210 rs17694351 133005912 1 -4.548019433428181e-6 133005912 133005912 0
5 5953 rs16872154 73955280 2 -4.138280180790129e-6 73955280 73955280 0
5 13787 rs6862855 162201035 1 3.875262953007224e-6 162201035 162201035 0
5 6163 rs11948805 75895138 1 -3.6670313409596464e-6 75895138 75895138 0
5 12662 rs11167546 150795336 1 -3.2935525456848315e-6 150795336 150795336 0
5 3687 rs12651829 40647216 1 2.4361166578802934e-6 40647216 40647216 0
5 8889 rs1379298 110435726 1 -1.9421385224671486e-6 110435726 110435726 0
5 11892 rs249917 142008525 1 9.63960393480281e-7 142008525 142008525 0
5 15316 rs3797764 179439345 1 -1.3791073014205494e-7 179439345 179439345 0
5 6944 rs10067358 84018338 1 1.1785123388466576e-15 84018338 84018338 0
5 6322 rs354613 77122856 1 5.589096219276529e-16 77122856 77122856 0
5 3329 rs1366634 36570469 1 4.631328867735323e-16 36570469 36570469 0
5 1384 rs9312811 12778499 1 3.1755460506377414e-16 12778499 12778499 0
5 9066 rs189296 111869675 1 3.825435577783227e-17 111869675 111869675 0
