CHR Group SNP.lead BP.lead Size W BP.min BP.max BP.width
10 868 rs61839660 6094697 1 0.03558133063223519 6094697 6094697 0
10 7471 rs7893748 73483976 1 0.03355536686142145 73483976 73483976 0
10 3998 rs593992 34536049 1 0.03286151303265033 34536049 34536049 0
10 7620 rs9664184 75409967 2 0.02728285690802631 75409967 75409967 0
10 10502 rs118161359 103906612 1 0.025992987423673 103906612 103906612 0
10 4787 rs7922169 50045456 1 -0.02548097303998419 50045456 50045456 0
10 6308 rs10761654 64405646 1 0.02363476304356931 64405646 64405646 0
10 3648 rs4301703 30813618 1 0.02361472516053407 30813618 30813618 0
10 10371 rs11597390 101861435 1 -0.02337179336946899 101861435 101861435 0
10 6249 rs10821948 63809624 2 0.02309701737878035 63809624 63809624 0
10 2784 rs12775448 21701220 1 -0.02246450023333299 21701220 21701220 0
10 7075 rs2229498 70856852 1 -0.02225037841163756 70856852 70856852 0
10 7081 rs10998624 70939801 1 -0.02223912890320907 70939801 70939801 0
10 12482 rs2935695 123481200 1 0.0217651456849517 123481200 123481200 0
10 9513 rs2488083 94535940 1 -0.02114243157089734 94535940 94535940 0
10 9266 rs10881687 91605122 1 -0.01959718561778389 91605122 91605122 0
10 412 rs2306301 3154339 1 -0.01935883097657523 3154339 3154339 0
10 10684 rs7913069 105714399 1 -0.01885910011964667 105714399 105714399 0
10 13791 rs9419406 133811201 1 0.01878297621821213 133811201 133811201 0
10 6320 rs224071 64508475 1 0.01848286622953364 64508475 64508475 0
10 5555 rs11004759 56916347 1 -0.01740503917636837 56916347 56916347 0
10 13302 rs3781303 129897791 2 -0.01735612740816789 129897791 129897791 0
10 3790 rs2769202 32524898 2 -0.01722308192278935 32524898 32524898 0
10 534 rs12245875 3856293 1 0.01697343826602838 3856293 3856293 0
10 13659 rs1655127 132693122 1 -0.01675786542993205 132693122 132693122 0
10 1252 rs10795685 9017944 2 0.01597766838186421 9017944 9017944 0
10 2325 rs10904949 17439939 1 -0.01574715839504097 17439939 17439939 0
10 4380 rs2252783 43907495 1 0.01541773342893049 43907495 43907495 0
10 918 rs602756 6466280 1 -0.01537713804713106 6466280 6466280 0
10 4781 rs10857650 50030023 1 0.01472990699880256 50030023 50030023 0
10 12991 rs6597754 127948238 1 0.01420057420373031 127948238 127948238 0
10 11275 rs10884919 111757791 1 0.01413752477357665 111757791 111757791 0
10 8094 rs11002826 80874092 1 -0.01350539556703378 80874092 80874092 0
10 4684 rs786772 48601573 1 0.01344172097338038 48601573 48601573 0
10 1711 rs2782278 13063321 1 -0.01316521712651546 13063321 13063321 0
10 10007 rs3827867 98416324 1 0.0129389075479046 98416324 98416324 0
10 13639 rs4750827 132547184 2 0.01292677888784732 132547184 132547184 0
10 13858 rs6537607 135284115 1 0.01284517957129065 135284115 135284115 0
10 5766 rs3907689 58995327 1 -0.01271576659247982 58995327 58995327 0
10 883 rs1541020 6165030 1 0.01255726485146793 6165030 6165030 0
10 5856 rs10826179 60151026 1 0.01251397555637078 60151026 60151026 0
10 10042 rs2817708 98889713 2 0.01220847939940973 98889713 98889713 0
10 1925 rs7077526 14374370 1 -0.01210350436345679 14374370 14374370 0
10 4030 rs11009901 35020982 1 -0.01190002894375862 35020982 35020982 0
10 4102 rs708424 36191613 2 -0.0117655362654396 36191613 36191613 0
10 2166 rs4748282 16400072 2 -0.01173421591456146 16400072 16400072 0
10 1674 rs2482069 12889696 1 0.01152009220649208 12889696 12889696 0
10 13371 rs9804350 130248440 2 -0.01145315692533986 130248440 130248440 0
10 13159 rs11017615 129165450 1 0.01143602133022495 129165450 129165450 0
10 8174 rs2784774 81921553 1 0.01142490228598745 81921553 81921553 0
10 1394 rs1324317 10594364 1 0.01125978904456824 10594364 10594364 0
10 9850 rs7069574 97315349 1 -0.01108832375217003 97315349 97315349 0
10 9384 rs11544145 92631778 1 0.01100609939115166 92631778 92631778 0
10 4567 rs17156718 45126020 1 -0.01079181347831128 45126020 45126020 0
10 7089 rs5030938 70975916 1 0.01068812542072478 70975916 70975916 0
10 13599 rs1334913 132311372 1 -0.01065407572339222 132311372 132311372 0
10 1025 rs4748675 7141150 1 0.010575463476065 7141150 7141150 0
10 5387 rs16937893 55842152 1 -0.01033793031739831 55842152 55842152 0
10 8920 rs17105979 87688537 2 -0.01016741705102774 87688537 87688537 0
10 3222 rs651134 27549961 1 0.01015376884053859 27549961 27549961 0
10 10491 rs5026696 103485809 1 -0.01011330658639861 103485809 103485809 0
10 4960 rs10082515 52201167 2 -0.01009464491106561 52201167 52201167 0
10 8687 rs12781048 85956268 1 0.00994665296502707 85956268 85956268 0
10 42 rs7920922 1028179 1 -0.00989672074360976 1028179 1028179 0
10 11164 rs4917528 110262425 1 0.00969941384878303 110262425 110262425 0
10 12584 rs12571363 124230612 1 0.0094008968455946 124230612 124230612 0
10 4800 rs3849150 50109223 1 -0.00937067093528734 50109223 50109223 0
10 7066 rs2429018 70799421 1 0.00933855207911218 70799421 70799421 0
10 2312 rs17136474 17391660 1 0.0093146476557035 17391660 17391660 0
10 11856 rs1078080 117823739 1 -0.00918667588677672 117823739 117823739 0
10 10771 rs7900775 106600343 1 -0.00908530028393965 106600343 106600343 0
10 1301 rs1150010 9357949 1 -0.00904769085977353 9357949 9357949 0
10 11359 rs9703807 112741551 1 0.0089110508971833 112741551 112741551 0
10 11308 rs17127304 112134500 1 0.00869420574028423 112134500 112134500 0
10 7297 rs10823600 72468097 1 0.00852481333643375 72468097 72468097 0
10 920 rs2236380 6469817 1 -0.00848709856132287 6469817 6469817 0
10 832 rs7072174 5898802 1 -0.00841587150074221 5898802 5898802 0
10 10710 rs2282092 106068471 1 0.00828137925625832 106068471 106068471 0
10 8252 rs7908701 82424293 1 0.008254268059252 82424293 82424293 0
10 3649 rs3105630 30830592 1 -0.00801985912146678 30830592 30830592 0
10 1072 rs719748 7731885 1 0.00799133129917537 7731885 7731885 0
10 11401 rs10749064 113040471 2 -0.00799048176025653 113040471 113040471 0
10 13406 rs561020 130566749 1 0.00785009058624492 130566749 130566749 0
10 7881 rs10824534 79137838 2 -0.00780383889049598 79137838 79137838 0
10 13657 rs12217313 132684470 2 -0.00779428474343713 132684470 132684470 0
10 4714 rs7896115 49730982 1 0.00776278832120399 49730982 49730982 0
10 6162 rs10994819 63346285 1 -0.00765975586082625 63346285 63346285 0
10 10525 rs2296581 104242886 2 0.00765579060997997 104242886 104242886 0
10 9132 rs10509540 90023033 1 0.00759430380097233 90023033 90023033 0
10 976 rs2439903 6831860 2 0.00759204287845193 6831860 6831860 0
10 2180 rs7097885 16506501 1 -0.00757005736669723 16506501 16506501 0
10 881 rs12251307 6123495 2 0.00756013970499641 6123495 6123495 0
10 11482 rs2255141 113933886 2 -0.0075426414056824 113933886 113933886 0
10 8501 rs7099749 84576414 1 0.0075101527222439296 84576414 84576414 0
10 12440 rs755698 123165700 2 -0.007466866283851 123165700 123165700 0
10 2239 rs4747288 16988844 1 0.00745775267593676 16988844 16988844 0
10 2769 rs591652 21406933 1 0.00740654114845751 21406933 21406933 0
10 1547 rs10752230 11803185 1 0.00737849818030439 11803185 11803185 0
10 9929 rs41291608 97920278 1 0.00737397425881285 97920278 97920278 0
10 1133 rs7081521 8398914 1 0.00736023207004361 8398914 8398914 0
10 3794 rs2104619 32561648 1 -0.00735856434134355 32561648 32561648 0
10 1538 rs11257159 11578174 1 0.00724536106554673 11578174 11578174 0
10 3678 rs7924137 31040092 1 -0.00721936360507391 31040092 31040092 0
10 3297 rs7076276 28296076 1 0.00717477883494426 28296076 28296076 0
10 12979 rs6597745 127895098 1 0.00716985242385608 127895098 127895098 0
10 11010 rs607523 108880521 1 0.00713751653294429 108880521 108880521 0
10 10233 rs2801405 100583915 1 0.00704979806356856 100583915 100583915 0
10 4743 rs1822861 49834326 1 0.00691286490526849 49834326 49834326 0
10 8660 rs4615965 85798580 1 0.00671339001094754 85798580 85798580 0
10 6251 rs3740352 63835692 1 -0.00667316232405449 63835692 63835692 0
10 8960 rs2217223 88111630 1 0.00665974907134194 88111630 88111630 0
10 3220 rs882475 27477821 2 0.00662837830263817 27477821 27477821 0
10 10843 rs12248627 107027076 1 -0.00656581753843198 107027076 107027076 0
10 9911 rs12775584 97732604 1 -0.00649097061285853 97732604 97732604 0
10 1348 rs11499250 10021054 1 -0.00647195739735357 10021054 10021054 0
10 1071 rs7897216 7722848 1 -0.00646986281062448 7722848 7722848 0
10 1353 rs715814 10117897 1 -0.00633736244805769 10117897 10117897 0
10 12919 rs3740179 127483573 2 0.00629899562089953 127483573 127483573 0
10 8373 rs11191331 83557187 2 0.0062925711732412 83557187 83557187 0
10 3853 rs10827185 33372725 1 -0.00628920174715202 33372725 33372725 0
10 2791 rs5011832 21782842 1 0.00628677488191116 21782842 21782842 0
10 13781 rs9419646 133555393 1 -0.006245449182322 133555393 133555393 0
10 6302 rs17316874 64360090 2 -0.00621007657319488 64360090 64360090 0
10 3086 rs2442843 26056683 1 0.0061978803709548 26056683 26056683 0
10 12258 rs34239637 121556259 1 0.00615213868673574 121556259 121556259 0
10 10415 rs10883547 102627228 1 0.00608974298506982 102627228 102627228 0
10 762 rs11253141 5422196 1 0.0059988902796645 5422196 5422196 0
10 6373 rs2842276 64823212 1 -0.00596736225592453 64823212 64823212 0
10 10378 rs2230804 101977883 2 0.00593663176435986 101977883 101977883 0
10 13675 rs4488114 132802525 1 -0.00591402318834503 132802525 132802525 0
10 912 rs947474 6390450 1 -0.00579738266164123 6390450 6390450 0
10 7476 rs56181447 73498355 1 -0.00573454526819647 73498355 73498355 0
10 4294 rs590937 43149991 1 0.00569478369791134 43149991 43149991 0
10 4066 rs1926554 35344969 1 -0.00569183531799271 35344969 35344969 0
10 8236 rs11186149 82340707 1 -0.00568703945542933 82340707 82340707 0
10 9462 rs701846 93871066 2 0.00568236007512777 93871066 93871066 0
10 3375 rs1249334 28630300 2 0.00566550251277422 28630300 28630300 0
10 13368 rs9804335 130247173 2 -0.00561739178716825 130247173 130247173 0
10 9199 rs2211595 90843886 1 0.00560757399985702 90843886 90843886 0
10 4440 rs4948582 44435246 1 -0.00555102782572393 44435246 44435246 0
10 12049 rs853576 119820073 2 0.00553740242100804 119820073 119820073 0
10 4085 rs2506109 35873645 1 0.00547299604622271 35873645 35873645 0
10 532 rs10508265 3839024 1 0.00545654369991337 3839024 3839024 0
10 6691 rs4746541 67792573 1 0.00540557095958288 67792573 67792573 0
10 8169 rs3851050 81882370 1 0.0053773559501392 81882370 81882370 0
10 7704 rs1259498 76986741 1 0.00536178183707899 76986741 76986741 0
10 10 rs10904173 462885 1 0.00535705290883397 462885 462885 0
10 5978 rs10994094 61728196 1 0.00524455102891205 61728196 61728196 0
10 12523 rs11200411 123880212 1 -0.0052429704806152 123880212 123880212 0
10 917 rs4750434 6465273 1 -0.00518656553450089 6465273 6465273 0
10 3836 rs3780873 33213680 1 -0.00516214606358969 33213680 33213680 0
10 7044 rs72799515 70405541 2 0.00511802360180076 70405541 70405541 0
10 7378 rs11593534 73043016 1 -0.00507434848725682 73043016 73043016 0
10 3473 rs2783434 29347220 1 0.00504661172956407 29347220 29347220 0
10 7328 rs827340 72674069 1 0.00500739868881994 72674069 72674069 0
10 10671 rs11191839 105634895 1 -0.00497311536992332 105634895 105634895 0
10 4937 rs2574983 52019288 1 -0.00496451050822593 52019288 52019288 0
10 10135 rs531676 99637578 2 0.00495447856438089 99637578 99637578 0
10 3679 rs7097542 31042981 1 0.00494102414868285 31042981 31042981 0
10 7368 rs11497787 72859876 1 -0.00492433546911515 72859876 72859876 0
10 283 rs11251149 2341947 2 0.00492124797156622 2341947 2341947 0
10 12150 rs7911636 120862541 1 -0.00488710145259967 120862541 120862541 0
10 3973 rs224747 34230325 1 -0.00485278430793921 34230325 34230325 0
10 10995 rs822094 108718383 1 0.0047748971166241 108718383 108718383 0
10 13804 rs11146274 134073886 1 -0.00472029899622237 134073886 134073886 0
10 1045 rs2255576 7514583 1 0.00468319334873442 7514583 7514583 0
10 13205 rs4750892 129352866 2 0.00467730220410641 129352866 129352866 0
10 7781 rs10824409 78115104 1 0.00465062873361259 78115104 78115104 0
10 10506 rs1049455 103920475 2 0.00463315646797787 103920475 103920475 0
10 1895 rs11258899 14186840 2 -0.00460549092288737 14186840 14186840 0
10 7616 rs16930700 75324903 1 0.00459864571492723 75324903 75324903 0
10 9063 rs12570024 89442697 1 -0.00454084962463043 89442697 89442697 0
10 3647 rs11008080 30802799 1 0.00452216239865922 30802799 30802799 0
10 8054 rs753384 80591064 2 -0.00450698666481283 80591064 80591064 0
10 12298 rs11199206 121950989 2 0.00448264121188347 121950989 121950989 0
10 8904 rs3812645 87489317 1 -0.00447923828981085 87489317 87489317 0
10 7669 rs7075439 76591158 1 0.00446732275886226 76591158 76591158 0
10 7563 rs7069703 73970451 1 0.00446543287767811 73970451 73970451 0
10 62 rs10508203 1119203 1 0.0044371117740646 1119203 1119203 0
10 875 rs12722489 6102012 2 -0.00443664980876617 6102012 6102012 0
10 2033 rs7087438 15009109 1 0.00440287539472442 15009109 15009109 0
10 2329 rs4561106 17456574 1 -0.00437659758200965 17456574 17456574 0
10 10112 rs7093643 99350128 2 -0.00434330273934654 99350128 99350128 0
10 10519 rs10786663 104064548 1 -0.00432464794952202 104064548 104064548 0
10 7627 rs10824031 75509273 1 0.00428351079695605 75509273 75509273 0
10 10934 rs17120734 108170803 1 0.00423765467727703 108170803 108170803 0
10 6233 rs7073837 63699895 1 0.00423655306685498 63699895 63699895 0
10 8119 rs12355688 81055626 1 -0.0041781976069543 81055626 81055626 0
10 2468 rs11014049 18686452 1 -0.00414848026562864 18686452 18686452 0
10 3857 rs2755997 33375191 1 -0.00414730326805363 33375191 33375191 0
10 10376 rs3818411 101960966 2 0.00413178966390227 101960966 101960966 0
10 11946 rs1900501 118536492 1 -0.00407830512503452 118536492 118536492 0
10 12818 rs3781458 126343931 1 0.00403948050857554 126343931 126343931 0
10 3093 rs12413953 26173695 1 0.00401484070678709 26173695 26173695 0
10 2885 rs12260319 23863296 2 -0.00398943365101682 23863296 23863296 0
10 7112 rs3829185 71149319 1 0.00398832875853916 71149319 71149319 0
10 7335 rs1538373 72718265 1 0.00396273131020313 72718265 72718265 0
10 12793 rs10901761 126254468 1 0.00395491136600077 126254468 126254468 0
10 11321 rs1107442 112303595 1 0.00395097980746133 112303595 112303595 0
10 1820 rs2077150 13734850 1 0.0039322342070033 13734850 13734850 0
10 2991 rs10741067 25120376 1 0.00388543028372437 25120376 25120376 0
10 5260 rs1917186 54799931 2 -0.00386997895272048 54799931 54799931 0
10 10530 rs17114803 104386934 1 -0.00385675046463274 104386934 104386934 0
10 3629 rs11008005 30639220 1 -0.00385013195422125 30639220 30639220 0
10 13630 rs10734097 132514149 1 -0.00380170393237283 132514149 132514149 0
10 441 rs4242746 3202065 2 0.0037921653940064 3202065 3202065 0
10 9816 rs17110707 97156908 1 0.0037907942867336 97156908 97156908 0
10 8932 rs7342091 87900534 1 -0.00377993311862256 87900534 87900534 0
10 6646 rs10996742 67624255 1 -0.00375519994723962 67624255 67624255 0
10 12669 rs705133 125210522 1 0.00375266225494922 125210522 125210522 0
10 3079 rs16926251 25970198 1 0.00373939652604572 25970198 25970198 0
10 1248 rs827618 9003997 1 0.00373722582042691 9003997 9003997 0
10 9008 rs11202285 88743691 1 0.00371355366936488 88743691 88743691 0
10 13211 rs1547321 129366558 1 0.00370887206134154 129366558 129366558 0
10 6177 rs10821899 63383502 1 -0.00370599370784456 63383502 63383502 0
10 6719 rs7904019 67953938 1 -0.0036855135513423 67953938 67953938 0
10 949 rs1410135 6662135 1 0.00367683417628897 6662135 6662135 0
10 7773 rs1040936 78084407 2 0.00367375269639338 78084407 78084407 0
10 1744 rs17152941 13258459 1 0.00367060469662731 13258459 13258459 0
10 8992 rs12251540 88443302 1 0.00366449667262464 88443302 88443302 0
10 13543 rs766532 131991689 2 0.00366193558525942 131991689 131991689 0
10 1343 rs871158 9988716 1 0.00366188815052764 9988716 9988716 0
10 4818 rs17782649 50285084 1 -0.00366015047431401 50285084 50285084 0
10 13611 rs11017359 132387898 1 -0.00365074770438299 132387898 132387898 0
10 10898 rs7080489 107505671 1 -0.00362180360848742 107505671 107505671 0
10 2040 rs17156239 15079699 1 0.00361044046444913 15079699 15079699 0
10 4903 rs1917814 50853526 2 -0.00359740283849748 50853526 50853526 0
10 56 rs11250238 1089616 1 0.00356206133473006 1089616 1089616 0
10 9033 rs7894717 89363781 1 -0.00355962026010468 89363781 89363781 0
10 12047 rs12412410 119694680 1 -0.00355272839820807 119694680 119694680 0
10 11975 rs2532801 118994530 1 0.00351922555163673 118994530 118994530 0
10 4061 rs7920095 35303334 1 -0.00351298557964555 35303334 35303334 0
10 9836 rs7912249 97272774 1 -0.00350538913369836 97272774 97272774 0
10 4367 rs2505556 43666623 2 0.00348054015886313 43666623 43666623 0
10 9618 rs10882259 95274972 1 -0.00345547898547302 95274972 95274972 0
10 7268 rs61737673 72291172 1 -0.00345296438113054 72291172 72291172 0
10 6136 rs10509148 63169896 1 0.0034375677745209 63169896 63169896 0
10 6297 rs7903566 64315820 1 0.00341135790947268 64315820 64315820 0
10 12382 rs11815121 122719834 1 0.00338190891281543 122719834 122719834 0
10 3548 rs1539536 30014723 1 0.00337252604751518 30014723 30014723 0
10 8161 rs4478933 81811672 1 0.00335594877821838 81811672 81811672 0
10 2395 rs2437271 18276761 1 0.00335577598395019 18276761 18276761 0
10 11291 rs17127170 111992222 1 0.00334974714942039 111992222 111992222 0
10 9030 rs12771728 89355313 1 -0.00333017646314032 89355313 89355313 0
10 939 rs574521 6556854 2 -0.00332996701486503 6556854 6556854 0
10 2844 rs11013153 23137898 1 0.00332874263265329 23137898 23137898 0
10 7744 rs2057435 77674635 1 0.00330779675240896 77674635 77674635 0
10 3641 rs753173 30778738 1 -0.00329695975266345 30778738 30778738 0
10 10225 rs11189765 100470788 1 0.00328271762301596 100470788 100470788 0
10 13334 rs1329189 129998372 2 -0.00326530309275409 129998372 129998372 0
10 12853 rs12243317 126734419 1 -0.00325795981766269 126734419 126734419 0
10 3449 rs1908573 29230913 2 0.00324937044239071 29230913 29230913 0
10 12983 rs6597749 127930820 1 -0.00324705207235994 127930820 127930820 0
10 3404 rs11007191 28957854 2 0.00320584342937347 28957854 28957854 0
10 2270 rs11254325 17039809 1 -0.00320341971469549 17039809 17039809 0
10 891 rs3763700 6181709 1 0.00319538144573433 6181709 6181709 0
10 2371 rs17141430 17680077 1 -0.00318692968024234 17680077 17680077 0
10 3388 rs2153299 28752106 1 0.00318487693403356 28752106 28752106 0
10 9445 rs7085519 93643195 2 0.00318322534412803 93643195 93643195 0
10 3690 rs12572052 31119770 1 -0.0031694534586155 31119770 31119770 0
10 6747 rs7097811 68014395 1 0.00316637207201438 68014395 68014395 0
10 9169 rs10887866 90671750 1 -0.00314900347674002 90671750 90671750 0
10 406 rs3829910 3095281 2 0.00313048019959647 3095281 3095281 0
10 2369 rs7358275 17661778 1 -0.00309340031582364 17661778 17661778 0
10 11976 rs363294 119043554 2 0.00309239246292033 119043554 119043554 0
10 13460 rs476628 131041657 1 0.00308689995090376 131041657 131041657 0
10 11297 rs11195062 112036975 2 0.00304079067998471 112036975 112036975 0
10 4793 rs12266359 50074767 1 0.0030360829649276 50074767 50074767 0
10 10526 rs2296590 104262628 2 -0.00301431868885599 104262628 104262628 0
10 5071 rs12414562 53385460 1 -0.00301191929421679 53385460 53385460 0
10 7562 rs12257464 73940491 1 -0.00300920856020229 73940491 73940491 0
10 11511 rs1536081 114365647 1 -0.00299998837367277 114365647 114365647 0
10 1551 rs4750112 11828686 2 -0.00297791304399671 11828686 11828686 0
10 4187 rs10827697 37035679 2 0.00297688444750316 37035679 37035679 0
10 1514 rs7899913 11224830 1 -0.00293988935589001 11224830 11224830 0
10 4307 rs11239794 43343989 1 -0.00293676917183137 43343989 43343989 0
10 12514 rs2461224 123839549 2 0.00292937486921223 123839549 123839549 0
10 7278 rs12765134 72351827 1 -0.0029259159188586 72351827 72351827 0
10 2408 rs12269078 18344860 1 -0.00292275889560017 18344860 18344860 0
10 1675 rs11258032 12903967 1 -0.00291764118339442 12903967 12903967 0
10 3082 rs10828853 25997959 1 -0.00291212951606295 25997959 25997959 0
10 2944 rs11814429 24430388 2 0.00290732961583963 24430388 24430388 0
10 1661 rs928336 12834926 2 0.00290418083271423 12834926 12834926 0
10 3487 rs478463 29467377 1 -0.00289662489047629 29467377 29467377 0
10 13231 rs2154178 129452789 1 0.00288974797995828 129452789 129452789 0
10 6013 rs6479700 61963759 1 0.00288939913816811 61963759 61963759 0
10 2062 rs4750603 15240466 1 -0.00288426794220406 15240466 15240466 0
10 11399 rs4258313 113032398 1 -0.00288026833181667 113032398 113032398 0
10 13774 rs9419618 133517373 1 -0.00287331998972572 133517373 133517373 0
10 13374 rs4750961 130273179 2 0.00287266888826431 130273179 130273179 0
10 835 rs907688 5900822 2 -0.00285581299943249 5900822 5900822 0
10 9345 rs10509605 92436384 1 0.00283854585572114 92436384 92436384 0
10 3798 rs2479362 32593393 1 -0.0028281893580568 32593393 32593393 0
10 1706 rs604772 13056587 1 -0.00282632009423777 13056587 13056587 0
10 10126 rs17108378 99502897 1 0.00282082840015052 99502897 99502897 0
10 3167 rs3006819 26718561 2 -0.00281831249620704 26718561 26718561 0
10 1056 rs12771124 7631098 1 0.00281272485758082 7631098 7631098 0
10 4237 rs12253170 37601063 1 -0.0027887253113774 37601063 37601063 0
10 9593 rs2298156 95134850 1 0.00278643923600769 95134850 95134850 0
10 9830 rs1571131 97252314 1 0.00278200193840367 97252314 97252314 0
10 10008 rs17112030 98430592 1 -0.00277761614202403 98430592 98430592 0
10 4364 rs3004212 43642810 1 0.00276885745028387 43642810 43642810 0
10 1604 rs2399849 12499860 1 0.00276598085480602 12499860 12499860 0
10 2673 rs11818220 20720920 1 -0.00275952804091984 20720920 20720920 0
10 3659 rs16931765 30887952 1 0.00274498350199905 30887952 30887952 0
10 936 rs3815975 6533877 1 -0.00273069777522612 6533877 6533877 0
10 11974 rs10886051 118994479 1 0.00272279296036065 118994479 118994479 0
10 9181 rs1800682 90749963 1 0.00269515483121375 90749963 90749963 0
10 13588 rs11017252 132231596 1 -0.00269482491999653 132231596 132231596 0
10 13400 rs2767290 130470565 2 0.00268287062194573 130470565 130470565 0
10 4723 rs1838579 49767546 1 -0.00267885548256488 49767546 49767546 0
10 9410 rs7908053 92934593 1 0.00267036372729714 92934593 92934593 0
10 12378 rs12356763 122698414 1 0.00266958508413836 122698414 122698414 0
10 4746 rs7897333 49910210 1 -0.00266865844830293 49910210 49910210 0
10 432 rs17849904 3181126 1 -0.00266296518280346 3181126 3181126 0
10 7353 rs10762420 72813306 1 -0.00265013871166456 72813306 72813306 0
10 9165 rs11202881 90651701 1 -0.00264161290314786 90651701 90651701 0
10 3421 rs1762024 29050284 1 0.00263341909119014 29050284 29050284 0
10 10804 rs17790008 106845381 1 0.00263236720370904 106845381 106845381 0
10 10443 rs792724 102955557 1 -0.00262305694902012 102955557 102955557 0
10 4511 rs501120 44753867 1 0.00262147728939463 44753867 44753867 0
10 9254 rs201927435 91404388 1 -0.00261817080411624 91404388 91404388 0
10 4478 rs268289 44598146 2 0.00260780794571358 44598146 44598146 0
10 11742 rs11196791 116333974 1 0.00259695242708596 116333974 116333974 0
10 11902 rs17094717 118185623 2 -0.00257648169359637 118185623 118185623 0
10 13160 rs10765017 129168894 2 -0.00256462793042951 129168894 129168894 0
10 4257 rs6482048 37913618 1 -0.00255360180386863 37913618 37913618 0
10 10166 rs4919210 100088262 1 0.00254345243698854 100088262 100088262 0
10 7895 rs612732 79238692 1 0.00253069332017186 79238692 79238692 0
10 8146 rs7078012 81705433 1 -0.00248788436368777 81705433 81705433 0
10 8246 rs6586106 82372300 1 -0.00247969386523153 82372300 82372300 0
10 11222 rs11815325 110982703 1 -0.0024791310765195 110982703 110982703 0
10 3534 rs12573620 29936332 1 0.0024765171625113 29936332 29936332 0
10 750 rs1931669 5321569 1 0.00245851495589106 5321569 5321569 0
10 9680 rs10786152 95893514 2 0.00243964007922294 95893514 95893514 0
10 13820 rs10870302 134191738 1 -0.00242984702208875 134191738 134191738 0
10 6300 rs4508090 64329247 1 0.00242287790192939 64329247 64329247 0
10 4792 rs2663052 50069395 1 -0.00241041394621665 50069395 50069395 0
10 6084 rs6479720 62370693 1 -0.00240672151028687 62370693 62370693 0
10 7557 rs2306324 73848075 1 0.00240416165123413 73848075 73848075 0
10 7521 rs7919939 73680382 1 0.0024001243352971 73680382 73680382 0
10 13270 rs11816315 129634584 2 -0.00239606649285401 129634584 129634584 0
10 8503 rs17100953 84621316 1 0.00239294928731263 84621316 84621316 0
10 817 rs2797487 5783167 1 -0.00236924708450668 5783167 5783167 0
10 12825 rs10901815 126435598 1 -0.00235950729376051 126435598 126435598 0
10 3486 rs495219 29466058 1 -0.00235818861299947 29466058 29466058 0
10 8548 rs11197219 84847268 1 -0.00234201260542151 84847268 84847268 0
10 13424 rs10491031 130784353 2 -0.00233464386221414 130784353 130784353 0
10 12555 rs150944464 124096014 1 0.00233454671024605 124096014 124096014 0
10 4406 rs11238689 44249237 1 -0.00233025384712293 44249237 44249237 0
10 13863 rs7894111 135320016 1 0.00232888570800665 135320016 135320016 0
10 2261 rs3012499 17019013 1 0.00231280049317514 17019013 17019013 0
10 1652 rs7077423 12771680 1 -0.00231048882309848 12771680 12771680 0
10 11350 rs11195360 112633918 1 0.00230924825290991 112633918 112633918 0
10 3424 rs17759689 29054941 2 -0.00230570719821371 29054941 29054941 0
10 1954 rs10906682 14500774 2 0.00230538926089245 14500774 14500774 0
10 8239 rs7897697 82344060 1 -0.00229981368536535 82344060 82344060 0
10 4026 rs2490817 34941134 2 0.002294512041981 34941134 34941134 0
10 3490 rs9971350 29483846 1 0.00229055778254275 29483846 29483846 0
10 7191 rs2763335 71577422 1 0.00226145339946788 71577422 71577422 0
10 13825 rs2819718 134404571 1 -0.00225607852093306 134404571 134404571 0
10 11281 rs6584974 111928784 1 0.00224755942568376 111928784 111928784 0
10 1545 rs4750100 11795601 1 0.00224329244891297 11795601 11795601 0
10 7711 rs2456251 77052632 2 -0.00224268671786915 77052632 77052632 0
10 2628 rs11011740 20305855 2 0.00224204932401385 20305855 20305855 0
10 10272 rs12261087 101252165 1 0.00223667960033305 101252165 101252165 0
10 13821 rs10870303 134191811 1 -0.00223488749629744 134191811 134191811 0
10 5534 rs1349893 56701951 2 0.00223249389816418 56701951 56701951 0
10 12633 rs10902896 124957196 1 -0.00221310222482844 124957196 124957196 0
10 6740 rs4745895 67998370 1 -0.00220725140243456 67998370 67998370 0
10 4304 rs7908372 43296685 1 -0.00220140573724407 43296685 43296685 0
10 12026 rs11198112 119564143 1 0.00219953607450423 119564143 119564143 0
10 11004 rs12220840 108793878 1 -0.00219603136451438 108793878 108793878 0
10 3100 rs4749090 26304072 2 0.00216960876026307 26304072 26304072 0
10 1118 rs494602 8270890 1 -0.0021442879665225 8270890 8270890 0
10 603 rs17269169 4348396 1 -0.00213978584101478 4348396 4348396 0
10 13589 rs372813 132241197 1 -0.00212872198115371 132241197 132241197 0
10 8117 rs1250539 81037229 2 -0.00212259113963801 81037229 81037229 0
10 7249 rs4746992 72057163 1 -0.00211991368478865 72057163 72057163 0
10 12990 rs6597753 127948079 1 0.00211879568582736 127948079 127948079 0
10 7671 rs7091085 76611849 2 -0.00211462306029417 76611849 76611849 0
10 11006 rs10509826 108804840 1 0.00211101525743128 108804840 108804840 0
10 6688 rs10509258 67783437 1 -0.00210955892304835 67783437 67783437 0
10 8240 rs6586088 82344455 1 -0.00210250478553236 82344455 82344455 0
10 10067 rs12358777 99047159 2 0.00210247899487123 99047159 99047159 0
10 3013 rs3808907 25242922 2 0.00210009800722371 25242922 25242922 0
10 7088 rs5030937 70975897 2 -0.0020883928821411 70975897 70975897 0
10 186 rs11250880 1926697 1 0.00208618763356087 1926697 1926697 0
10 70 rs11250268 1159566 1 0.00208192629778846 1159566 1159566 0
10 644 rs410256 4638144 1 -0.00208032899432738 4638144 4638144 0
10 102 rs2820651 1471765 1 0.00207757484254085 1471765 1471765 0
10 6087 rs7476720 62410368 1 -0.00207087741958247 62410368 62410368 0
10 216 rs4362074 2000068 1 -0.00206884538091683 2000068 2000068 0
10 10917 rs1339637 107824423 1 -0.00205043426932369 107824423 107824423 0
10 2849 rs3898027 23165066 1 0.00204670109621971 23165066 23165066 0
10 3639 rs303435 30731491 2 0.00204399202553805 30731491 30731491 0
10 847 rs17320853 6000259 2 0.00204259688959398 6000259 6000259 0
10 8307 rs12414453 83006207 1 -0.00203855760846981 83006207 83006207 0
10 8386 rs7899474 83775626 1 -0.00203560919300118 83775626 83775626 0
10 6112 rs10509142 62773645 2 0.00203536220902889 62773645 62773645 0
10 2811 rs7067636 22538174 1 -0.00203274295124493 22538174 22538174 0
10 104 rs10508209 1479049 1 -0.0020317984175926 1479049 1479049 0
10 8120 rs7905321 81057833 1 -0.00203088329693674 81057833 81057833 0
10 7486 rs3747862 73533177 2 -0.00201973891281174 73533177 73533177 0
10 13005 rs10901597 128025384 1 0.0020152363866275 128025384 128025384 0
10 10011 rs624029 98436548 1 -0.0020094264768322 98436548 98436548 0
10 8374 rs6584329 83569687 1 -0.00199737230439615 83569687 83569687 0
10 13610 rs11017358 132387245 1 -0.00199555600268958 132387245 132387245 0
10 4074 rs1531550 35464778 1 -0.00199424677832952 35464778 35464778 0
10 862 rs4749926 6085312 1 0.00198984812689416 6085312 6085312 0
10 6167 rs2814020 63362545 1 -0.00198308113188548 63362545 63362545 0
10 1663 rs2493767 12835383 1 -0.00195288433702052 12835383 12835383 0
10 7905 rs816866 79313729 1 0.00194810809891124 79313729 79313729 0
10 9043 rs4934353 89389578 1 -0.00191892122682951 89389578 89389578 0
10 5845 rs7899961 60026425 1 -0.00191192098962156 60026425 60026425 0
10 4258 rs289637 37923183 1 -0.00190888177235783 37923183 37923183 0
10 12073 rs11198411 120188362 1 -0.00189852213517819 120188362 120188362 0
10 9620 rs75139274 95278683 2 -0.00189676695280011 95278683 95278683 0
10 560 rs7895964 4002033 1 -0.0018931724801375 4002033 4002033 0
10 12778 rs11245086 126163164 1 -0.0018931200365426 126163164 126163164 0
10 5326 rs421811 55301663 1 0.00189033384065309 55301663 55301663 0
10 7327 rs12253257 72657973 1 0.00188787465698482 72657973 72657973 0
10 12857 rs1152690 126796382 1 0.00188249049546144 126796382 126796382 0
10 10364 rs7091871 101810304 1 -0.00188102284275671 101810304 101810304 0
10 8607 rs17102157 85318842 2 0.00188032855003967 85318842 85318842 0
10 10685 rs11191878 105716540 1 0.00187944834282134 105716540 105716540 0
10 10432 rs140202357 102891390 1 0.0018750570619606 102891390 102891390 0
10 777 rs11253227 5594362 1 0.00186416420980371 5594362 5594362 0
10 8109 rs703970 80953136 1 -0.00186339995936044 80953136 80953136 0
10 12913 rs297238 127316262 1 -0.00185234649088905 127316262 127316262 0
10 8287 rs9988765 82715797 2 0.0018426460304861 82715797 82715797 0
10 9457 rs1935864 93832601 1 -0.00183406042591081 93832601 93832601 0
10 7533 rs11000122 73722023 2 -0.00181103115101611 73722023 73722023 0
10 1921 rs4636552 14307895 1 -0.00180739606225098 14307895 14307895 0
10 2754 rs3900782 21287735 1 -0.00180205769687095 21287735 21287735 0
10 7332 rs880314 72706707 1 0.00179163737617032 72706707 72706707 0
10 5928 rs16913885 61388368 1 0.00179045749688618 61388368 61388368 0
10 11968 rs2803827 118968222 1 -0.00178742734930352 118968222 118968222 0
10 8676 rs4244944 85844814 1 -0.00178659566421833 85844814 85844814 0
10 4639 rs10900221 45988597 1 0.00177942817883226 45988597 45988597 0
10 13786 rs11156470 133590090 2 0.00177774914923853 133590090 133590090 0
10 9601 rs10882230 95173966 1 -0.00177502823908611 95173966 95173966 0
10 4610 rs7902918 45515053 1 -0.00177210671212202 45515053 45515053 0
10 1458 rs7085538 10874535 2 -0.00176989642392761 10874535 10874535 0
10 12948 rs2078114 127776336 2 0.00176469731330909 127776336 127776336 0
10 12022 rs1570787 119509897 1 -0.00175884216119535 119509897 119509897 0
10 5867 rs11006227 60459795 1 0.00174556765082429 60459795 60459795 0
10 2328 rs10904952 17453949 1 -0.00172197815340183 17453949 17453949 0
10 4255 rs911176 37909366 2 -0.00172154236559554 37909366 37909366 0
10 13869 rs6413419 135345675 1 0.0017174593307715 135345675 135345675 0
10 615 rs10795164 4458818 1 -0.00169310180474272 4458818 4458818 0
10 13455 rs7916199 130939105 1 0.00169143903870978 130939105 130939105 0
10 11540 rs4132670 114767771 1 -0.00168931926706955 114767771 114767771 0
10 782 rs11253250 5631737 1 0.00168824096950381 5631737 5631737 0
10 11161 rs10509872 110242036 1 0.00168672295482816 110242036 110242036 0
10 11368 rs7085088 112799928 1 0.00168315456791399 112799928 112799928 0
10 8584 rs12263630 85108939 1 -0.00167275704762509 85108939 85108939 0
10 11691 rs151591 115713566 1 0.00166621613330619 115713566 115713566 0
10 6236 rs10821936 63723577 2 0.0016631357904378 63723577 63723577 0
10 7712 rs1966054 77055853 1 -0.00164695619233132 77055853 77055853 0
10 10714 rs1981101 106147824 1 0.0016438202090658 106147824 106147824 0
10 1001 rs2501683 6965134 1 0.00164024621651053 6965134 6965134 0
10 2976 rs7090837 24806631 1 0.00163842669513993 24806631 24806631 0
10 6313 rs10822047 64424284 1 0.0016363924575095 64424284 64424284 0
10 1816 rs943101 13729426 1 -0.0016117230663865 13729426 13729426 0
10 10170 rs4919218 100111392 1 0.00161019732854823 100111392 100111392 0
10 13318 rs2152143 129906980 1 0.00161003464675405 129906980 129906980 0
10 7376 rs7893421 72991385 1 -0.00159719897173331 72991385 72991385 0
10 3221 rs7918793 27497191 2 -0.00159296838566719 27497191 27497191 0
10 11317 rs5015510 112235106 1 -0.00158893330541777 112235106 112235106 0
10 3143 rs10828962 26480204 1 0.00158590910895327 26480204 26480204 0
10 8415 rs12249088 83922529 1 0.00157232412795294 83922529 83922529 0
10 9492 rs4933731 94363993 2 0.00156431291860889 94363993 94363993 0
10 1232 rs12248916 8866290 1 -0.0015608559425438 8866290 8866290 0
10 1 rs2448378 273344 1 -0.00153743287297147 273344 273344 0
10 8672 rs7923116 85827858 1 0.0015368637040097 85827858 85827858 0
10 2609 rs7080901 20144397 1 -0.00153331627597909 20144397 20144397 0
10 3969 rs7905447 34173438 1 -0.00153259633238957 34173438 34173438 0
10 8673 rs7084533 85829322 1 0.00151505971555549 85829322 85829322 0
10 2672 rs7085871 20720261 1 -0.00150864566198967 20720261 20720261 0
10 9161 rs4934425 90609718 1 -0.00150739661686955 90609718 90609718 0
10 7893 rs697171 79216001 1 0.00150404155619612 79216001 79216001 0
10 7100 rs7897621 71056150 1 0.00150399590692364 71056150 71056150 0
10 5679 rs10763400 58486549 1 -0.00150335546160784 58486549 58486549 0
10 11349 rs7919389 112606495 1 -0.00149778664219303 112606495 112606495 0
10 973 rs4747305 6813002 1 -0.00148343864541292 6813002 6813002 0
10 11278 rs7071509 111775849 1 0.00148225688933348 111775849 111775849 0
10 11296 rs4918489 112034446 1 -0.00147855303613814 112034446 112034446 0
10 341 rs11251392 2635863 2 0.00147751415002586 2635863 2635863 0
10 9841 rs10736089 97279234 1 -0.00147425818371701 97279234 97279234 0
10 7983 rs10490996 80131442 1 -0.0014737684346139 80131442 80131442 0
10 10994 rs822097 108711579 1 -0.00147046944711099 108711579 108711579 0
10 5869 rs1992657 60581614 1 -0.00146754055891044 60581614 60581614 0
10 13203 rs11018198 129351543 1 -0.00146684869276522 129351543 129351543 0
10 12299 rs4376826 121952250 2 0.00146271007690269 121952250 121952250 0
10 9394 rs7905276 92811107 1 -0.0014517191610363 92811107 92811107 0
10 1229 rs2483935 8851255 1 -0.00143869672387138 8851255 8851255 0
10 12774 rs11244602 126064956 1 0.00143687591368 126064956 126064956 0
10 6473 rs2394084 66373497 1 0.00143513153926738 66373497 66373497 0
10 5870 rs4948550 60588553 1 -0.00142729619827837 60588553 60588553 0
10 13421 rs7900076 130782526 1 0.00142412244520053 130782526 130782526 0
10 3627 rs4749552 30610365 1 -0.0014172731116667 30610365 30610365 0
10 931 rs3793727 6508377 1 -0.00141410554132252 6508377 6508377 0
10 388 rs7923826 2983047 1 0.00141193472743564 2983047 2983047 0
10 12841 rs7086797 126711691 1 -0.00141022952498671 126711691 126711691 0
10 3213 rs7914382 27265641 1 0.00139480547548089 27265641 27265641 0
10 13347 rs12254724 130121950 1 -0.00138049102615227 130121950 130121950 0
10 9753 rs10509680 96734339 1 0.00137730682491211 96734339 96734339 0
10 11534 rs11196152 114686805 1 0.00137591563259657 114686805 114686805 0
10 8251 rs7908544 82424161 2 -0.00137475907467855 82424161 82424161 0
10 4274 rs4949008 42884169 1 -0.00137387148652095 42884169 42884169 0
10 9977 rs2861580 98208287 2 0.00137363924140758 98208287 98208287 0
10 12119 rs17098018 120497952 2 0.00136913136278389 120497952 120497952 0
10 7722 rs7896671 77213302 1 -0.00136765549720133 77213302 77213302 0
10 6234 rs10994981 63708007 1 0.00136676646112975 63708007 63708007 0
10 7993 rs10824609 80206903 2 0.00136673805177739 80206903 80206903 0
10 11374 rs7084501 112859699 1 -0.00135489587890883 112859699 112859699 0
10 1368 rs17455682 10324589 1 -0.00135476325850228 10324589 10324589 0
10 10509 rs74501892 103938339 1 0.00134787746472289 103938339 103938339 0
10 3173 rs787068 26808561 1 0.00134698242516923 26808561 26808561 0
10 4337 rs947692 43451934 1 0.00132311233189614 43451934 43451934 0
10 10817 rs13377154 106924979 1 0.00131478398828517 106924979 106924979 0
10 11177 rs1332257 110390569 1 -0.00130780351609789 110390569 110390569 0
10 9307 rs1329173 91949422 1 -0.0013063055656183 91949422 91949422 0
10 1327 rs9651533 9655895 1 0.00130116007256908 9655895 9655895 0
10 8 rs4242758 426966 1 -0.00129615787834887 426966 426966 0
10 10555 rs284861 104572276 1 0.00129359440911048 104572276 104572276 0
10 6388 rs10465990 64960536 1 0.00128036584200405 64960536 64960536 0
10 11002 rs4918280 108790758 1 0.00127829539274703 108790758 108790758 0
10 9844 rs10882611 97294813 1 0.00127622120301641 97294813 97294813 0
10 11343 rs10885031 112498330 1 0.00127220730101408 112498330 112498330 0
10 11936 rs2420330 118457481 1 0.00127004176662637 118457481 118457481 0
10 8884 rs10788451 87253481 1 -0.00126695038541865 87253481 87253481 0
10 8576 rs4617529 85074636 1 -0.00125918802140073 85074636 85074636 0
10 824 rs2797501 5804531 1 -0.00125266149507617 5804531 5804531 0
10 11003 rs7078098 108793788 1 -0.00125042751163909 108793788 108793788 0
10 6395 rs12355784 65121565 1 -0.00125004437314162 65121565 65121565 0
10 2444 rs1613804 18515834 1 0.00124756305725794 18515834 18515834 0
10 1146 rs7921806 8480488 1 -0.00124440685535224 8480488 8480488 0
10 5177 rs1194722 54193818 1 0.00124359947318181 54193818 54193818 0
10 461 rs7090790 3416737 1 0.00124311856610763 3416737 3416737 0
10 2169 rs7071889 16427107 1 0.00123434949736596 16427107 16427107 0
10 8409 rs1024193 83852321 2 0.00123311468003162 83852321 83852321 0
10 4012 rs17558405 34677699 1 -0.00122926701011942 34677699 34677699 0
10 12986 rs6597750 127943038 1 -0.00122472589800196 127943038 127943038 0
10 13652 rs4750838 132676283 1 0.00122266289812125 132676283 132676283 0
10 961 rs17140077 6718305 1 0.00121645580332708 6718305 6718305 0
10 12455 rs2912791 123318961 1 -0.00121474930675319 123318961 123318961 0
10 5272 rs11003389 54865961 1 -0.00120957409530539 54865961 54865961 0
10 2724 rs6482146 20994847 1 -0.001206775675355 20994847 20994847 0
10 12075 rs10886244 120192326 1 -0.00120467434043862 120192326 120192326 0
10 9306 rs1329180 91930931 2 0.00119359093898732 91930931 91930931 0
10 13882 rs1536826 135357239 1 0.00119272868624767 135357239 135357239 0
10 8316 rs11189282 83059717 1 0.00119041252286099 83059717 83059717 0
10 7465 rs3849958 73431596 1 0.00118459960855649 73431596 73431596 0
10 1484 rs1291843 11104819 1 0.00118402208534652 11104819 11104819 0
10 12223 rs12246119 121328009 1 0.00117895172980408 121328009 121328009 0
10 10501 rs4919611 103894939 1 0.00117605952610926 103894939 103894939 0
10 4514 rs809601 44789602 1 -0.0011759760909011 44789602 44789602 0
10 2955 rs7921661 24584036 1 -0.0011728723018604 24584036 24584036 0
10 11905 rs1431486 118193132 1 0.00117097422068945 118193132 118193132 0
10 2745 rs4575164 21206479 1 -0.0011689489412286 21206479 21206479 0
10 8599 rs11198735 85203737 1 -0.00116829406056691 85203737 85203737 0
10 7428 rs7901112 73241440 1 -0.00116632265837257 73241440 73241440 0
10 938 rs571715 6556554 1 0.00116299720649317 6556554 6556554 0
10 9876 rs2282305 97421345 1 -0.00115988775153011 97421345 97421345 0
10 2452 rs1295881 18566529 1 0.00115970937809096 18566529 18566529 0
10 13643 rs2663014 132578847 1 -0.00115829468168023 132578847 132578847 0
10 10729 rs962141 106276237 1 -0.0011419288175934 106276237 106276237 0
10 2012 rs7921961 14778352 2 0.00114133171973927 14778352 14778352 0
10 12634 rs2495769 124957828 1 -0.00113844548432217 124957828 124957828 0
10 5889 rs9299588 60925428 1 0.00113457798448615 60925428 60925428 0
10 8921 rs7899924 87701479 1 0.00112859025442265 87701479 87701479 0
10 6529 rs4258276 66878910 1 -0.00112657007171601 66878910 66878910 0
10 3782 rs3006679 32460069 1 -0.00111655840823042 32460069 32460069 0
10 2674 rs10828055 20747422 1 -0.00111643148260844 20747422 20747422 0
10 1156 rs10752138 8538492 1 -0.00110606882442122 8538492 8538492 0
10 9447 rs12255176 93657148 2 0.0011038938101103 93657148 93657148 0
10 10037 rs2817698 98871605 1 -0.00110375261646578 98871605 98871605 0
10 257 rs11592542 2258513 1 0.00109960713235446 2258513 2258513 0
10 3695 rs16932010 31146615 1 -0.00109884579859143 31146615 31146615 0
10 5665 rs10825819 58296254 1 -0.00109716351000284 58296254 58296254 0
10 8700 rs3814209 85992511 1 -0.00109592022605065 85992511 85992511 0
10 7080 rs12257763 70939542 1 -0.00109528015011007 70939542 70939542 0
10 3261 rs1908274 27906212 2 -0.0010870465215195599 27906212 27906212 0
10 9638 rs10509663 95440286 1 0.00108516368598448 95440286 95440286 0
10 419 rs9423462 3160726 1 -0.00108463741041749 3160726 3160726 0
10 8696 rs11200927 85984444 1 0.00108058763282802 85984444 85984444 0
10 4228 rs2051563 37358339 1 -0.00107836743913906 37358339 37358339 0
10 12733 rs7085505 125523462 1 0.00107127003625915 125523462 125523462 0
10 2191 rs1052708 16553355 1 -0.00107058761712359 16553355 16553355 0
10 6290 rs10509169 64276759 1 0.00107037054195056 64276759 64276759 0
10 1257 rs1243438 9028677 1 0.00106640382380715 9028677 9028677 0
10 4617 rs17439689 45601841 1 -0.00106165051738867 45601841 45601841 0
10 3972 rs743107 34209459 2 -0.00105836906379717 34209459 34209459 0
10 11226 rs4396209 111000911 1 0.00105436352530104 111000911 111000911 0
10 775 rs6601975 5571354 1 -0.00104883464443852 5571354 5571354 0
10 4803 rs1913517 50119054 2 -0.00104669739466944 50119054 50119054 0
10 8459 rs7089201 84176942 1 0.00104202564704028 84176942 84176942 0
10 8517 rs7079963 84666953 1 0.00103834357844812 84666953 84666953 0
10 12260 rs3188055 121586882 1 -0.00103676937159193 121586882 121586882 0
10 6880 rs2140380 68678211 1 -0.0010356529251708 68678211 68678211 0
10 1778 rs2251555 13534851 2 0.00103504084471052 13534851 13534851 0
10 1138 rs10905357 8449327 1 -0.00102825225417839 8449327 8449327 0
10 1665 rs3818675 12858045 1 0.00102224496278449 12858045 12858045 0
10 1874 rs744443 14122981 2 0.00102015191978783 14122981 14122981 0
10 3852 rs7088801 33368644 1 -0.00101764633462955 33368644 33368644 0
10 6248 rs10740059 63809527 1 -0.00101443184337567 63809527 63809527 0
10 2424 rs10828272 18441848 1 0.00101288246446754 18441848 18441848 0
10 9117 rs6586120 89863761 1 0.00100660530883999 89863761 89863761 0
10 10703 rs10883979 105957714 1 -0.00100385343941471 105957714 105957714 0
10 8110 rs16937032 80963517 1 0.00100102397203764 80963517 80963517 0
10 6212 rs12266520 63583730 1 9.945586890197195e-4 63583730 63583730 0
10 2808 rs2243897 22498209 1 9.932552431208e-4 22498209 22498209 0
10 6605 rs2800210 67193355 1 9.919791462445018e-4 67193355 67193355 0
10 7282 rs751644 72406967 2 9.908335092111817e-4 72406967 72406967 0
10 7086 rs2174670 70969158 1 -9.87106898308346e-4 70969158 70969158 0
10 4896 rs1917820 50772362 1 -9.868645533750834e-4 50772362 50772362 0
10 10632 rs2986035 105233110 1 9.85820572800747e-4 105233110 105233110 0
10 12471 rs2935713 123432188 1 9.778505686239402e-4 123432188 123432188 0
10 1509 rs592033 11198255 2 -9.715828681259496e-4 11198255 11198255 0
10 13603 rs915206 132342752 1 -9.683087205777928e-4 132342752 132342752 0
10 218 rs12218258 2008013 1 -9.668526127995976e-4 2008013 2008013 0
10 1290 rs12569684 9264137 1 -9.641003582051258e-4 9264137 9264137 0
10 10372 rs11190396 101880913 1 -9.63214867371002e-4 101880913 101880913 0
10 2997 rs1932422 25164979 1 9.585341067299672e-4 25164979 25164979 0
10 1582 rs10906097 12243821 2 9.57878196848395e-4 12243821 12243821 0
10 4465 rs268319 44558945 1 -9.557424119756438e-4 44558945 44558945 0
10 4467 rs7898629 44562687 1 -9.51413615410687e-4 44562687 44562687 0
10 12685 rs6599700 125266207 1 -9.487792011906953e-4 125266207 125266207 0
10 3896 rs11009323 33538621 1 -9.456305616346768e-4 33538621 33538621 0
10 11748 rs17092237 116417012 1 9.414816232806296e-4 116417012 116417012 0
10 13052 rs7902474 128405292 2 9.410510192576272e-4 128405292 128405292 0
10 7614 rs11000645 75162263 1 9.408760137473104e-4 75162263 75162263 0
10 7048 rs10998399 70475978 1 -9.40608670531696e-4 70475978 70475978 0
10 1563 rs3740025 11979002 1 -9.277438064226502e-4 11979002 11979002 0
10 11488 rs11195874 114047787 1 9.273551775480436e-4 114047787 114047787 0
10 2686 rs7081156 20842031 1 -9.268309101256334e-4 20842031 20842031 0
10 5340 rs12783120 55539954 1 9.233493886607155e-4 55539954 55539954 0
10 1243 rs10508372 8972018 1 -9.225478715301672e-4 8972018 8972018 0
10 4782 rs6537579 50034833 1 9.201000232781796e-4 50034833 50034833 0
10 8979 rs7914270 88276899 1 -9.189959842292784e-4 88276899 88276899 0
10 4099 rs2384458 36096267 1 -9.185621108059708e-4 36096267 36096267 0
10 6728 rs7067590 67969419 1 9.161948924146444e-4 67969419 67969419 0
10 4520 rs2209065 44806054 1 -9.147904749821996e-4 44806054 44806054 0
10 5101 rs2339899 53708732 1 -9.126482103972954e-4 53708732 53708732 0
10 8017 rs1655627 80410110 1 9.078467663253948e-4 80410110 80410110 0
10 13291 rs7093446 129860813 2 9.073898307682624e-4 129860813 129860813 0
10 10877 rs7089194 107328195 1 9.059653976323786e-4 107328195 107328195 0
10 4722 rs1345104 49765237 2 -9.051004192403506e-4 49765237 49765237 0
10 9391 rs6583745 92774918 1 -8.986712578625133e-4 92774918 92774918 0
10 11961 rs7088180 118917671 1 8.982484059080695e-4 118917671 118917671 0
10 12593 rs2947594 124457452 1 8.968675902266065e-4 124457452 124457452 0
10 7809 rs2395423 78457990 1 8.919599978264605e-4 78457990 78457990 0
10 4059 rs17582416 35287650 1 -8.900366099455747e-4 35287650 35287650 0
10 9134 rs17110523 90031903 1 -8.823851453071772e-4 90031903 90031903 0
10 12149 rs4751691 120850164 1 -8.808252975142908e-4 120850164 120850164 0
10 1662 rs2482038 12835085 1 8.781358820895306e-4 12835085 12835085 0
10 12122 rs4752200 120523463 1 -8.765781867366391e-4 120523463 120523463 0
10 1300 rs1149998 9356003 1 -8.755189853629691e-4 9356003 9356003 0
10 12748 rs3802704 125934670 1 -8.708333317111704e-4 125934670 125934670 0
10 6326 rs10995307 64552242 1 8.704107353511396e-4 64552242 64552242 0
10 13422 rs7904490 130783543 2 -8.657013431949887e-4 130783543 130783543 0
10 12282 rs12259734 121808396 1 8.625903403755512e-4 121808396 121808396 0
10 8513 rs1609605 84655185 1 -8.566499722452066e-4 84655185 84655185 0
10 4925 rs3123078 51524971 2 8.536298211648921e-4 51524971 51524971 0
10 12231 rs196313 121383036 1 8.469713471868222e-4 121383036 121383036 0
10 12441 rs10788178 123184875 1 -8.458104144120803e-4 123184875 123184875 0
10 4382 rs2492405 43931825 1 -8.45179086552139e-4 43931825 43931825 0
10 6734 rs12776004 67993507 1 -8.443411264659383e-4 67993507 67993507 0
10 828 rs7900361 5856984 1 -8.424472498199346e-4 5856984 5856984 0
10 1692 rs12254466 12979679 1 8.388818838116114e-4 12979679 12979679 0
10 3190 rs11015236 26993080 1 8.387684251224709e-4 26993080 26993080 0
10 12994 rs4412676 127962700 1 -8.326665212584627e-4 127962700 127962700 0
10 6079 rs7072678 62344769 1 8.284718492326681e-4 62344769 62344769 0
10 4681 rs11204279 48586280 2 8.276392882073467e-4 48586280 48586280 0
10 9108 rs6586116 89826130 1 8.177070556706596e-4 89826130 89826130 0
10 10387 rs147426900 102054823 1 -8.144693039489455e-4 102054823 102054823 0
10 12776 rs1710563 126128552 1 -8.12928900903145e-4 126128552 126128552 0
10 8019 rs592242 80442471 1 8.098229023451784e-4 80442471 80442471 0
10 5029 rs9414845 52930235 1 -8.087576214757953e-4 52930235 52930235 0
10 13063 rs4492724 128507234 1 -8.05406405041224e-4 128507234 128507234 0
10 5677 rs10509055 58472467 1 8.041796461860816e-4 58472467 58472467 0
10 8856 rs12772593 87005584 1 -8.024739323428048e-4 87005584 87005584 0
10 12162 rs2275111 120917445 1 8.013115848395284e-4 120917445 120917445 0
10 6245 rs12357548 63803472 1 -8.002918838222045e-4 63803472 63803472 0
10 10770 rs4918129 106588976 1 7.966532536198758e-4 106588976 106588976 0
10 3550 rs7078975 30016520 1 7.904196743555091e-4 30016520 30016520 0
10 3403 rs10826486 28950841 1 7.900578188363104e-4 28950841 28950841 0
10 5814 rs12762414 59635840 2 -7.892585098139141e-4 59635840 59635840 0
10 7303 rs1861519 72496131 1 7.873685374206199e-4 72496131 72496131 0
10 11574 rs6585220 115192329 1 7.863577023848919e-4 115192329 115192329 0
10 13439 rs1377273 130860965 1 7.856222571293299e-4 130860965 130860965 0
10 292 rs7099701 2363832 1 7.84216240239476e-4 2363832 2363832 0
10 11765 rs7077074 116539304 1 7.836982871456432e-4 116539304 116539304 0
10 10750 rs4350297 106473048 1 -7.828225514209199e-4 106473048 106473048 0
10 1873 rs11818968 14117439 1 -7.794720982184641e-4 14117439 14117439 0
10 5885 rs1897620 60896265 1 -7.696942184312731e-4 60896265 60896265 0
10 12816 rs7088656 126324077 1 7.693806926813168e-4 126324077 126324077 0
10 1141 rs2646422 8463376 1 7.677998366938535e-4 8463376 8463376 0
10 1154 rs4747795 8534603 1 -7.675739254886778e-4 8534603 8534603 0
10 11665 rs11196449 115480582 1 -7.629416738838416e-4 115480582 115480582 0
10 8935 rs7921149 87909947 1 -7.59397151321551e-4 87909947 87909947 0
10 5107 rs2454564 53736306 1 7.593643831986559e-4 53736306 53736306 0
10 1096 rs3781093 8101927 1 -7.591750699842404e-4 8101927 8101927 0
10 9398 rs11595896 92818094 1 -7.5896482408646e-4 92818094 92818094 0
10 1367 rs10905707 10321874 1 -7.585859618652891e-4 10321874 10321874 0
10 4772 rs4838650 49994270 1 7.581388015064979e-4 49994270 49994270 0
10 415 rs3816699 3155353 2 -7.501802449170896e-4 3155353 3155353 0
10 10353 rs10883429 101699304 1 7.489069539063583e-4 101699304 101699304 0
10 8581 rs4329627 85106420 1 -7.470091519828783e-4 85106420 85106420 0
10 256 rs11597710 2256399 1 7.427979420997808e-4 2256399 2256399 0
10 13470 rs2542612 131146611 1 -7.425710851253577e-4 131146611 131146611 0
10 1924 rs11259005 14354960 1 -7.223278141546735e-4 14354960 14354960 0
10 8892 rs2664405 87359826 1 -7.210815390565911e-4 87359826 87359826 0
10 11369 rs11195417 112831994 1 -7.18268740432187e-4 112831994 112831994 0
10 1595 rs7100726 12450495 1 7.175510193891645e-4 12450495 12450495 0
10 13677 rs7073330 132815843 1 -7.153193945917666e-4 132815843 132815843 0
10 9138 rs12572813 90069353 2 -7.09921908643782e-4 90069353 90069353 0
10 288 rs10794901 2351551 1 -7.06596081617111e-4 2351551 2351551 0
10 10550 rs486955 104546284 1 6.982349965195142e-4 104546284 104546284 0
10 8232 rs7914650 82325999 1 6.950214976037592e-4 82325999 82325999 0
10 6323 rs224039 64523481 1 -6.935725615541667e-4 64523481 64523481 0
10 10295 rs2111325 101362751 1 6.90902177981293e-4 101362751 101362751 0
10 1021 rs2804133 7039552 1 6.902944684850007e-4 7039552 7039552 0
10 12496 rs10510102 123625190 1 6.889204336512848e-4 123625190 123625190 0
10 5144 rs2126759 53890066 1 -6.846617121912368e-4 53890066 53890066 0
10 6244 rs7902146 63801030 1 -6.822958205327876e-4 63801030 63801030 0
10 2014 rs2601751 14781173 1 -6.821503832312318e-4 14781173 14781173 0
10 12941 rs11813508 127742994 1 6.776680479080027e-4 127742994 127742994 0
10 2670 rs1332551 20676808 1 6.749994775680725e-4 20676808 20676808 0
10 12085 rs12571492 120231835 1 6.724858301931561e-4 120231835 120231835 0
10 7638 rs2675671 75632760 1 6.71251483666106e-4 75632760 75632760 0
10 11179 rs12411824 110391906 1 6.696875900928686e-4 110391906 110391906 0
10 5379 rs12244555 55816897 1 -6.678999849289934e-4 55816897 55816897 0
10 12422 rs11598592 123043389 1 6.63808926540808e-4 123043389 123043389 0
10 1859 rs1599942 14070693 1 -6.628232472852051e-4 14070693 14070693 0
10 4941 rs2842084 52068298 1 -6.606474486877036e-4 52068298 52068298 0
10 846 rs2669130 5982577 1 -6.596138166208382e-4 5982577 5982577 0
10 7336 rs10999616 72719407 1 6.588782590699757e-4 72719407 72719407 0
10 9074 rs12414218 89481779 1 6.587614222186456e-4 89481779 89481779 0
10 2838 rs11013139 23097537 1 6.580080375283829e-4 23097537 23097537 0
10 13348 rs12772143 130122697 1 -6.570204847104621e-4 130122697 130122697 0
10 6756 rs7907021 68048196 1 6.566585210571998e-4 68048196 68048196 0
10 12264 rs2475298 121679013 1 -6.551611666521821e-4 121679013 121679013 0
10 13524 rs4751143 131701925 2 -6.546546010609007e-4 131701925 131701925 0
10 6625 rs17808647 67478601 1 -6.544217150303019e-4 67478601 67478601 0
10 1414 rs7089260 10683778 2 -6.530008579347716e-4 10683778 10683778 0
10 6020 rs1340654 61998060 1 6.527952110614188e-4 61998060 61998060 0
10 13850 rs41317288 135010635 1 6.437050252029204e-4 135010635 135010635 0
10 8046 rs11002673 80552153 1 6.43193240130869e-4 80552153 80552153 0
10 2005 rs1410073 14734972 1 6.426959923058424e-4 14734972 14734972 0
10 2560 rs9417900 19444182 1 -6.385581661926223e-4 19444182 19444182 0
10 884 rs10905856 6167124 1 6.368662751780548e-4 6167124 6167124 0
10 12681 rs7090367 125234492 1 -6.364994402497938e-4 125234492 125234492 0
10 4914 rs1055421 50902684 1 6.348614069732098e-4 50902684 50902684 0
10 7258 rs2394724 72121606 2 6.313180644964547e-4 72121606 72121606 0
10 434 rs3758630 3188071 1 6.310468977905218e-4 3188071 3188071 0
10 12832 rs750689 126693480 1 -6.305883764413536e-4 126693480 126693480 0
10 13042 rs10751572 128372802 1 6.303990266338865e-4 128372802 128372802 0
10 1476 rs10795839 10982646 1 -6.303652245285061e-4 10982646 10982646 0
10 8948 rs1902684 88062243 2 6.282464566234936e-4 88062243 88062243 0
10 8759 rs11201124 86370809 1 -6.259134057073623e-4 86370809 86370809 0
10 8206 rs4934027 82035560 1 6.222287985534669e-4 82035560 82035560 0
10 2996 rs2478094 25161334 1 -6.186468978775244e-4 25161334 25161334 0
10 12921 rs10510149 127495807 1 6.184672024889102e-4 127495807 127495807 0
10 7330 rs10509325 72704144 1 6.176605958818654e-4 72704144 72704144 0
10 1580 rs2245590 12198884 1 6.163498103869387e-4 12198884 12198884 0
10 3077 rs989622 25941959 1 6.15911883769878e-4 25941959 25941959 0
10 249 rs10903680 2173156 1 -6.128598578816017e-4 2173156 2173156 0
10 8091 rs11002816 80858592 1 -6.110235704233663e-4 80858592 80858592 0
10 8455 rs7078253 84136681 1 6.087311473324727e-4 84136681 84136681 0
10 13591 rs359063 132250590 1 -6.085754498440944e-4 132250590 132250590 0
10 12216 rs11198992 121280443 1 6.067541920072377e-4 121280443 121280443 0
10 10825 rs7092104 106945236 1 -6.025826504729206e-4 106945236 106945236 0
10 13140 rs12767483 129096856 1 -6.01975045931022e-4 129096856 129096856 0
10 11356 rs10787292 112697241 1 -6.012690171328267e-4 112697241 112697241 0
10 9009 rs2296063 88852942 2 -5.999636976582659e-4 88852942 88852942 0
10 7699 rs11001309 76919273 2 -5.981531760726592e-4 76919273 76919273 0
10 98 rs3793733 1421326 1 5.9354973654289e-4 1421326 1421326 0
10 12627 rs7094941 124844651 1 -5.924710561073693e-4 124844651 124844651 0
10 13766 rs10830053 133377136 1 -5.912113390751429e-4 133377136 133377136 0
10 1657 rs3802559 12827660 1 5.906491034041614e-4 12827660 12827660 0
10 3602 rs2505083 30335122 1 5.902709473458226e-4 30335122 30335122 0
10 12594 rs10902929 124460069 2 5.891716717143365e-4 124460069 124460069 0
10 5133 rs12778630 53814383 1 5.870372985162925e-4 53814383 53814383 0
10 916 rs667899 6464156 1 -5.869758777698725e-4 6464156 6464156 0
10 322 rs11251320 2573796 1 -5.863501001867579e-4 2573796 2573796 0
10 3300 rs12257232 28317101 1 -5.855597316619749e-4 28317101 28317101 0
10 4838 rs17009617 50453933 1 5.835174899774496e-4 50453933 50453933 0
10 13213 rs971175 129373991 1 -5.831750970194087e-4 129373991 129373991 0
10 1437 rs11596743 10776143 1 5.789403423191195e-4 10776143 10776143 0
10 3083 rs10828854 25998218 1 -5.773673882890199e-4 25998218 25998218 0
10 7510 rs4746097 73616575 1 -5.75788557704404e-4 73616575 73616575 0
10 7923 rs7098023 79449665 1 -5.727656862662923e-4 79449665 79449665 0
10 1603 rs6602588 12487996 1 -5.722761943572018e-4 12487996 12487996 0
10 11366 rs1410054 112774155 1 -5.68835694892237e-4 112774155 112774155 0
10 5104 rs2454568 53732919 1 5.681250023476796e-4 53732919 53732919 0
10 9163 rs1214546 90624386 1 -5.678850059936103e-4 90624386 90624386 0
10 11548 rs1923446 115002111 2 5.635065063824972e-4 115002111 115002111 0
10 8372 rs10786676 83555806 1 5.629008138066855e-4 83555806 83555806 0
10 187 rs12354635 1934824 2 -5.612099083145958e-4 1934824 1934824 0
10 4342 rs2066394 43481956 2 5.610204217587916e-4 43481956 43481956 0
10 9617 rs10882256 95272834 2 -5.602569312614459e-4 95272834 95272834 0
10 10989 rs10786978 108597250 1 -5.535258086130068e-4 108597250 108597250 0
10 7853 rs1131824 78944590 1 5.518799402031467e-4 78944590 78944590 0
10 8690 rs10749482 85972043 1 5.517484089445278e-4 85972043 85972043 0
10 8004 rs7074960 80259796 1 -5.506352985567561e-4 80259796 80259796 0
10 13853 rs1049951 135184126 1 -5.491470948606073e-4 135184126 135184126 0
10 9955 rs7085949 98099910 1 -5.491344242967086e-4 98099910 98099910 0
10 2850 rs10764354 23168728 1 5.475400980487201e-4 23168728 23168728 0
10 7849 rs573712 78919640 1 5.436767088208131e-4 78919640 78919640 0
10 6072 rs1442551 62324491 1 -5.417336862452084e-4 62324491 62324491 0
10 13476 rs1762440 131262486 1 -5.397052219624045e-4 131262486 131262486 0
10 12169 rs4752269 121037952 1 5.394475922828592e-4 121037952 121037952 0
10 3700 rs3006603 31210609 1 5.39246636651724e-4 31210609 31210609 0
10 11853 rs180647 117767037 1 -5.37303591703902e-4 117767037 117767037 0
10 6394 rs7098614 65115427 2 -5.360883907632016e-4 65115427 65115427 0
10 9928 rs7081962 97919742 2 5.332542886454884e-4 97919742 97919742 0
10 148 rs7072699 1692796 1 5.332408215365026e-4 1692796 1692796 0
10 11299 rs1803997 112046200 1 -5.331687318567462e-4 112046200 112046200 0
10 1007 rs870871 6997213 1 5.327422558924435e-4 6997213 6997213 0
10 12844 rs3781409 126715629 1 5.325183272328492e-4 126715629 126715629 0
10 3127 rs3817420 26357748 1 5.315600764308899e-4 26357748 26357748 0
10 12719 rs1863735 125488140 1 5.31131958817628e-4 125488140 125488140 0
10 13600 rs7922997 132324968 1 -5.292818741822143e-4 132324968 132324968 0
10 2188 rs10508512 16532574 1 5.289024803607944e-4 16532574 16532574 0
10 2875 rs10828431 23623523 1 -5.272779732816477e-4 23623523 23623523 0
10 2641 rs11011862 20491011 1 5.272268810435799e-4 20491011 20491011 0
10 3595 rs4749521 30296648 1 -5.26279737521158e-4 30296648 30296648 0
10 4029 rs11009900 35020638 1 -5.24064255061331e-4 35020638 35020638 0
10 7064 rs3898314 70725128 1 5.225943220435495e-4 70725128 70725128 0
10 3225 rs11015657 27586972 1 5.223552567541017e-4 27586972 27586972 0
10 8261 rs10509415 82473065 2 -5.218117917121022e-4 82473065 82473065 0
10 12922 rs7070013 127626702 1 -5.199721301207112e-4 127626702 127626702 0
10 2039 rs12774668 15077662 1 -5.197736023745045e-4 15077662 15077662 0
10 3144 rs4749097 26483504 1 5.18837431348869e-4 26483504 26483504 0
10 428 rs2306310 3176363 1 -5.129263903043825e-4 3176363 3176363 0
10 2006 rs2245326 14735073 1 -5.109041122940277e-4 14735073 14735073 0
10 7565 rs7083908 74003722 1 5.10498551523016e-4 74003722 74003722 0
10 5486 rs4935119 56467874 1 -5.102059168689253e-4 56467874 56467874 0
10 287 rs10751867 2349064 1 -5.073702474601625e-4 2349064 2349064 0
10 5903 rs1380558 61102036 1 5.072869760934427e-4 61102036 61102036 0
10 13653 rs4750840 132676766 2 5.069379922972861e-4 132676766 132676766 0
10 3787 rs12256995 32487433 1 -5.053141985635953e-4 32487433 32487433 0
10 3677 rs7077990 31038752 1 5.044920934571439e-4 31038752 31038752 0
10 9139 rs10509543 90072352 1 -5.027450565241011e-4 90072352 90072352 0
10 5757 rs924792 58885646 1 -4.993521170347807e-4 58885646 58885646 0
10 13286 rs7089539 129816246 1 4.97491430448203e-4 129816246 129816246 0
10 1586 rs7068966 12277992 1 4.94505024595015e-4 12277992 12277992 0
10 6105 rs7081336 62640488 2 -4.944940790323727e-4 62640488 62640488 0
10 966 rs353201 6786045 1 -4.923468367012562e-4 6786045 6786045 0
10 2419 rs7915409 18419595 1 4.909457292184066e-4 18419595 18419595 0
10 11400 rs10787315 113032726 2 -4.906713637416009e-4 113032726 113032726 0
10 1322 rs2038813 9577963 1 4.898685902397033e-4 9577963 9577963 0
10 1919 rs1218335 14306078 1 4.890187436509794e-4 14306078 14306078 0
10 11793 rs11197045 116828592 2 4.846203638086814e-4 116828592 116828592 0
10 10739 rs1855581 106371784 1 4.8440936961948974e-4 106371784 106371784 0
10 5645 rs7350426 57932910 1 4.816533981967327e-4 57932910 57932910 0
10 1862 rs7901829 14073201 1 -4.784042155853453e-4 14073201 14073201 0
10 4096 rs7079134 36042424 1 -4.781231406261835e-4 36042424 36042424 0
10 7082 rs3781569 70941113 1 4.7697753116675144e-4 70941113 70941113 0
10 9790 rs1471730 97047200 1 -4.7592813127036646e-4 97047200 97047200 0
10 8764 rs1891655 86387167 1 4.744627121502569e-4 86387167 86387167 0
10 1556 rs7079747 11893971 1 4.744435332665015e-4 11893971 11893971 0
10 834 rs907686 5900693 1 4.713963223807648e-4 5900693 5900693 0
10 4345 rs947699 43493897 2 -4.713106435496832e-4 43493897 43493897 0
10 5220 rs7477069 54542138 1 -4.707608588514631e-4 54542138 54542138 0
10 7713 rs1149718 77064320 1 4.697687101932294e-4 77064320 77064320 0
10 11480 rs2804585 113783588 1 -4.6923961768837174e-4 113783588 113783588 0
10 12344 rs10886730 122394214 1 4.681826547145918e-4 122394214 122394214 0
10 7772 rs2758964 78079619 1 -4.675985284716102e-4 78079619 78079619 0
10 1128 rs946028 8348329 2 -4.667103074911553e-4 8348329 8348329 0
10 10114 rs4519024 99366769 1 4.663033426942329e-4 99366769 99366769 0
10 951 rs10795331 6677767 1 -4.6360780712429784e-4 6677767 6677767 0
10 7189 rs7088833 71573154 1 4.626206980846981e-4 71573154 71573154 0
10 9483 rs7078413 94290484 1 4.6246596593442854e-4 94290484 94290484 0
10 8701 rs4933987 85994719 1 4.6126787994718355e-4 85994719 85994719 0
10 1841 rs2797890 13974185 1 4.590833625103356e-4 13974185 13974185 0
10 3416 rs1248995 29028136 2 4.58199213911267e-4 29028136 29028136 0
10 12583 rs2249049 124226215 1 -4.5490843150433727e-4 124226215 124226215 0
10 8408 rs926929 83847988 2 4.5339139097584896e-4 83847988 83847988 0
10 11249 rs10884798 111303358 2 -4.4597021125460985e-4 111303358 111303358 0
10 2160 rs1413706 16347602 1 4.4409064046154985e-4 16347602 16347602 0
10 3141 rs1999240 26463130 1 4.430541007408292e-4 26463130 26463130 0
10 8585 rs10736265 85124375 1 4.411925425232118e-4 85124375 85124375 0
10 7052 rs1007042 70616973 1 4.404457949953184e-4 70616973 70616973 0
10 9547 rs11596790 94968665 1 4.379945004247991e-4 94968665 94968665 0
10 12 rs12251997 554186 2 -4.353967493655531e-4 554186 554186 0
10 10013 rs687562 98485105 2 4.3415658578292265e-4 98485105 98485105 0
10 10214 rs688501 100378911 1 4.304348460004248e-4 100378911 100378911 0
10 8691 rs4244946 85973265 1 4.279347335896501e-4 85973265 85973265 0
10 5972 rs7914022 61661564 2 -4.278601028982797e-4 61661564 61661564 0
10 8925 rs12779841 87754821 1 -4.275944496934924e-4 87754821 87754821 0
10 9395 rs12777523 92811346 1 4.275170070724917e-4 92811346 92811346 0
10 10953 rs12262411 108244976 1 4.2746958948583415e-4 108244976 108244976 0
10 13051 rs7074840 128401270 1 -4.266074816688461e-4 128401270 128401270 0
10 4081 rs2504352 35671151 1 -4.2588875351736425e-4 35671151 35671151 0
10 897 rs11257472 6277661 1 4.2581724033890063e-4 6277661 6277661 0
10 13827 rs2767438 134616641 1 4.250776328817168e-4 134616641 134616641 0
10 6497 rs1227215 66572215 1 4.198115858715379e-4 66572215 66572215 0
10 10520 rs1057050 104142294 1 -4.190335225079902e-4 104142294 104142294 0
10 7743 rs877531 77649224 1 4.187495810345579e-4 77649224 77649224 0
10 13070 rs6597823 128546740 2 4.184070476466244e-4 128546740 128546740 0
10 3657 rs7092615 30862180 1 -4.182296320885302e-4 30862180 30862180 0
10 4642 rs1073525 46024620 1 4.1752826112162727e-4 46024620 46024620 0
10 194 rs11250907 1949101 1 -4.1705582735630467e-4 1949101 1949101 0
10 989 rs10905035 6883788 1 4.144224305086686e-4 6883788 6883788 0
10 3432 rs2797463 29086106 1 -4.137058691522092e-4 29086106 29086106 0
10 9519 rs835262 94785223 1 4.13577108266357e-4 94785223 94785223 0
10 9659 rs11187653 95530204 1 4.134533782533512e-4 95530204 95530204 0
10 10421 rs11190812 102824292 1 4.1338692431594823e-4 102824292 102824292 0
10 6213 rs4948288 63584533 1 -4.1168385000968697e-4 63584533 63584533 0
10 4613 rs10047345 45537344 1 -4.115018870319179e-4 45537344 45537344 0
10 230 rs10430765 2074022 1 -4.10493284001513e-4 2074022 2074022 0
10 8083 rs1961130 80818282 1 4.1036999618981407e-4 80818282 80818282 0
10 1378 rs1819232 10509715 1 4.1021697312826024e-4 10509715 10509715 0
10 13312 rs1063535 129902281 1 4.081334572661975e-4 129902281 129902281 0
10 13158 rs11017614 129165419 2 4.0768966498803136e-4 129165419 129165419 0
10 10360 rs4919416 101790389 1 4.068313447278077e-4 101790389 101790389 0
10 12107 rs1247122 120426849 2 -4.005760677666848e-4 120426849 120426849 0
10 627 rs11252571 4554674 1 3.998474844477656e-4 4554674 4554674 0
10 12683 rs7907856 125245356 1 3.9941719805403704e-4 125245356 125245356 0
10 580 rs1325998 4092494 1 3.98943728103333e-4 4092494 4092494 0
10 13538 rs4750790 131941265 1 3.986434622663524e-4 131941265 131941265 0
10 3915 rs1125432 33722748 1 -3.9851547376183825e-4 33722748 33722748 0
10 12839 rs10901850 126707881 1 -3.983751767415343e-4 126707881 126707881 0
10 6748 rs10822779 68018042 1 3.9588504778106546e-4 68018042 68018042 0
10 1813 rs7906964 13708882 1 3.944589911283951e-4 13708882 13708882 0
10 11155 rs1576347 110129770 1 -3.940189277607077e-4 110129770 110129770 0
10 11561 rs564782 115113013 1 3.929311182951065e-4 115113013 115113013 0
10 2994 rs7903234 25152621 1 3.9274608649562097e-4 25152621 25152621 0
10 8598 rs7074730 85195261 1 -3.913777838003243e-4 85195261 85195261 0
10 3591 rs11007825 30223537 1 -3.913733686374782e-4 30223537 30223537 0
10 3682 rs11008232 31050678 1 3.904995157459805e-4 31050678 31050678 0
10 3219 rs10764687 27475579 1 3.892911879931127e-4 27475579 27475579 0
10 4538 rs1761316 44895371 1 -3.886105361282052e-4 44895371 44895371 0
10 10913 rs17119903 107725810 1 -3.882195588893403e-4 107725810 107725810 0
10 11103 rs11193752 109624420 1 -3.872774082891866e-4 109624420 109624420 0
10 5801 rs10509077 59484180 1 3.872718427722099e-4 59484180 59484180 0
10 4712 rs11101357 49723300 1 3.865823089587546e-4 49723300 49723300 0
10 2568 rs10437417 19534443 1 -3.847137995191403e-4 19534443 19534443 0
10 7976 rs10490995 80110906 1 -3.841101131886152e-4 80110906 80110906 0
10 3594 rs2795622 30250420 1 3.830536375479579e-4 30250420 30250420 0
10 337 rs11251374 2621756 1 3.8157191408484854e-4 2621756 2621756 0
10 4302 rs3982199 43276292 1 3.8015060322513455e-4 43276292 43276292 0
10 11355 rs7079511 112686323 1 3.796821595262029e-4 112686323 112686323 0
10 8919 rs10788469 87687231 1 -3.7933089057857745e-4 87687231 87687231 0
10 1583 rs4747968 12249797 2 3.781921176519479e-4 12249797 12249797 0
10 6721 rs10509246 67958177 1 -3.7701630951403136e-4 67958177 67958177 0
10 7683 rs755228 76829374 1 -3.7672175248998954e-4 76829374 76829374 0
10 7432 rs2394806 73290319 2 3.765223475650397e-4 73290319 73290319 0
10 7237 rs7908356 71952040 1 -3.763832727000005e-4 71952040 71952040 0
10 815 rs2254067 5781628 1 -3.76062381251244e-4 5781628 5781628 0
10 1557 rs717800 11919872 2 -3.7575358382971064e-4 11919872 11919872 0
10 7025 rs7905556 70197519 1 3.757186649561586e-4 70197519 70197519 0
10 3772 rs7906054 32161310 1 -3.7502501892409544e-4 32161310 32161310 0
10 1573 rs10752254 12122355 1 -3.737156743398976e-4 12122355 12122355 0
10 13800 rs10870261 133933380 1 -3.714297209371924e-4 133933380 133933380 0
10 8002 rs4554825 80244623 1 3.710687494598472e-4 80244623 80244623 0
10 6794 rs12220315 68225548 1 -3.707139876189338e-4 68225548 68225548 0
10 430 rs6901 3180227 1 3.6895770496201254e-4 3180227 3180227 0
10 3290 rs35242712 28224075 1 3.686650469782061e-4 28224075 28224075 0
10 5168 rs1919460 54037188 1 3.6618665722185946e-4 54037188 54037188 0
10 11707 rs2782977 115875026 1 3.655482284455773e-4 115875026 115875026 0
10 8606 rs10128261 85312966 1 -3.653980992601184e-4 85312966 85312966 0
10 3306 rs4749301 28373644 1 3.6485268053900854e-4 28373644 28373644 0
10 11969 rs363315 118969346 1 3.640223986687836e-4 118969346 118969346 0
10 8003 rs1369752 80248755 1 3.6280663762545425e-4 80248755 80248755 0
10 10330 rs17222617 101578952 1 3.618008921576789e-4 101578952 101578952 0
10 11724 rs10885565 116178891 1 -3.6158428468316867e-4 116178891 116178891 0
10 9936 rs2125062 97980721 1 3.614014096276436e-4 97980721 97980721 0
10 7710 rs1149713 77046740 1 3.613355827805563e-4 77046740 77046740 0
10 3058 rs1414040 25853401 1 3.577778205981079e-4 25853401 25853401 0
10 8662 rs7906877 85803792 2 3.531278629729299e-4 85803792 85803792 0
10 3653 rs7067585 30842791 1 3.519905626716784e-4 30842791 30842791 0
10 4301 rs13376880 43275208 1 -3.505969378478792e-4 43275208 43275208 0
10 2192 rs2298126 16558985 1 -3.501022449325873e-4 16558985 16558985 0
10 8749 rs7071304 86341766 1 -3.497912460868895e-4 86341766 86341766 0
10 7569 rs877767 74032366 1 3.4805052121600507e-4 74032366 74032366 0
10 2936 rs10764444 24300721 1 3.449975559252988e-4 24300721 24300721 0
10 1824 rs4424567 13801269 1 3.4466275945223236e-4 13801269 13801269 0
10 6118 rs4948446 63004505 1 3.442159866294115e-4 63004505 63004505 0
10 929 rs636819 6499606 1 3.4394176193288094e-4 6499606 6499606 0
10 6591 rs1948853 67096744 1 3.43914264352853e-4 67096744 67096744 0
10 8802 rs7910550 86633900 1 -3.43850187450273e-4 86633900 86633900 0
10 2154 rs10159475 16303374 1 3.432173542194098e-4 16303374 16303374 0
10 3640 rs303436 30731893 1 -3.425268587997536e-4 30731893 30731893 0
10 1529 rs2454797 11431693 1 3.4189106758486277e-4 11431693 11431693 0
10 11760 rs808310 116509998 1 3.4046342140523346e-4 116509998 116509998 0
10 11263 rs11194889 111602008 1 -3.4004012987080286e-4 111602008 111602008 0
10 12556 rs1048347 124096061 1 -3.398984658528898e-4 124096061 124096061 0
10 7959 rs1249150 79980507 1 3.3970351283966603e-4 79980507 79980507 0
10 6309 rs4537656 64406802 1 -3.395018948145488e-4 64406802 64406802 0
10 8170 rs7078815 81891206 1 -3.386682833700559e-4 81891206 81891206 0
10 10429 rs11190831 102873339 2 -3.385452242763574e-4 102873339 102873339 0
10 11576 rs1416134 115193523 1 3.3815094306667435e-4 115193523 115193523 0
10 904 rs12220579 6313880 1 3.378945214463905e-4 6313880 6313880 0
10 1703 rs12763563 13031971 1 3.3748650661864587e-4 13031971 13031971 0
10 697 rs12268038 4990993 1 -3.3739356003640306e-4 4990993 4990993 0
10 5857 rs1427219 60195716 1 -3.360303240925791e-4 60195716 60195716 0
10 13767 rs10872807 133443512 1 3.360018499873392e-4 133443512 133443512 0
10 7652 rs3180427 75881347 1 -3.359176508288465e-4 75881347 75881347 0
10 12054 rs6585474 119943660 1 3.351674269760561e-4 119943660 119943660 0
10 65 rs7080072 1129527 1 3.3416269094824593e-4 1129527 1129527 0
10 1513 rs596406 11224665 1 -3.339330566268076e-4 11224665 11224665 0
10 5630 rs12782822 57683893 1 3.306519810168114e-4 57683893 57683893 0
10 12939 rs10901528 127742255 1 3.306378285833765e-4 127742255 127742255 0
10 13129 rs11016829 129022223 1 3.296729674531792e-4 129022223 129022223 0
10 10231 rs7088816 100574251 1 3.2915815580824285e-4 100574251 100574251 0
10 9197 rs2841016 90837919 1 3.267303793791043e-4 90837919 90837919 0
10 13849 rs12776037 134972196 1 -3.2671562597673853e-4 134972196 134972196 0
10 1707 rs11258127 13057323 1 -3.2539777063217803e-4 13057323 13057323 0
10 4636 rs963029 45963387 1 -3.215589140882153e-4 45963387 45963387 0
10 7904 rs11002200 79298998 2 3.215022759917313e-4 79298998 79298998 0
10 4641 rs7081687 46015318 1 -3.206244868640777e-4 46015318 46015318 0
10 4721 rs1345111 49765063 1 3.1973084562210983e-4 49765063 49765063 0
10 203 rs11592109 1963068 1 3.1901642500372274e-4 1963068 1963068 0
10 10363 rs11593916 101809659 1 -3.132167494974246e-4 101809659 101809659 0
10 2013 rs7921286 14778533 1 3.1244362622705034e-4 14778533 14778533 0
10 1783 rs4750377 13573636 2 -3.123369987738787e-4 13573636 13573636 0
10 4731 rs10491040 49782417 2 -3.114905238396483e-4 49782417 49782417 0
10 10049 rs2784920 98913628 1 3.08627718143658e-4 98913628 98913628 0
10 156 rs12572345 1753115 2 -3.079145267610863e-4 1753115 1753115 0
10 774 rs7474671 5554958 1 -3.077918020436183e-4 5554958 5554958 0
10 7130 rs10823416 71417394 2 -3.0721872364816195e-4 71417394 71417394 0
10 13828 rs4880433 134646988 1 -3.06761724743491e-4 134646988 134646988 0
10 6793 rs2441727 68224886 1 3.06196493062694e-4 68224886 68224886 0
10 3275 rs7908497 27943467 1 -3.035646950963846e-4 27943467 27943467 0
10 6670 rs1670148 67677241 2 -3.021430879311729e-4 67677241 67677241 0
10 1544 rs2055040 11780837 1 3.0204049412624323e-4 11780837 11780837 0
10 1637 rs2648710 12603912 1 -3.006959406758617e-4 12603912 12603912 0
10 12364 rs3011373 122557286 1 2.984777557722949e-4 122557286 122557286 0
10 8753 rs10887329 86356555 1 -2.971747859454041e-4 86356555 86356555 0
10 1090 rs2802457 7886084 1 2.969128917371274e-4 7886084 7886084 0
10 1779 rs12770479 13537204 1 2.9649132419786605e-4 13537204 13537204 0
10 13178 rs869801 129245684 1 2.962209428311491e-4 129245684 129245684 0
10 12285 rs4415675 121825959 1 2.961950189075995e-4 121825959 121825959 0
10 8179 rs2229554 81927059 1 2.951961537443138e-4 81927059 81927059 0
10 3654 rs2292194 30843179 1 2.92433645321556e-4 30843179 30843179 0
10 833 rs907685 5900332 2 -2.917644025194617e-4 5900332 5900332 0
10 244 rs1333203 2131912 2 2.910771329939025e-4 2131912 2131912 0
10 1568 rs7899260 12051574 1 2.905800370574623e-4 12051574 12051574 0
10 9434 rs4933676 93367341 1 2.897761923629793e-4 93367341 93367341 0
10 2467 rs10828625 18682539 1 -2.8915770218913963e-4 18682539 18682539 0
10 9789 rs10786195 97039458 1 -2.891095789796001e-4 97039458 97039458 0
10 1087 rs7904875 7852628 2 -2.8777298795240396e-4 7852628 7852628 0
10 6795 rs12249344 68231810 1 -2.8689784441650936e-4 68231810 68231810 0
10 8114 rs11002892 81011589 1 -2.8651961135986323e-4 81011589 81011589 0
10 546 rs10795093 3939728 1 2.8651529026389326e-4 3939728 3939728 0
10 6891 rs2764813 68835496 1 2.863075725830596e-4 68835496 68835496 0
10 7520 rs1009986 73667572 1 2.857103527618703e-4 73667572 73667572 0
10 13855 rs10857712 135225666 1 -2.85686940036822e-4 135225666 135225666 0
10 10243 rs10786489 100704597 1 -2.8559543568601784e-4 100704597 100704597 0
10 9509 rs12784232 94516468 1 -2.841280746920517e-4 94516468 94516468 0
10 8941 rs2492742 88005754 1 -2.830397584422636e-4 88005754 88005754 0
10 4457 rs17154929 44524675 1 2.8170883768891333e-4 44524675 44524675 0
10 8403 rs2881607 83809837 1 -2.8133030190061013e-4 83809837 83809837 0
10 6237 rs10821937 63723909 1 2.8128821417319793e-4 63723909 63723909 0
10 193 rs1360817 1948864 1 -2.807470997448471e-4 1948864 1948864 0
10 6419 rs2619601 65461640 1 -2.790263665650533e-4 65461640 65461640 0
10 3484 rs1889711 29425676 1 2.7876679855436153e-4 29425676 29425676 0
10 7889 rs7922645 79203228 1 -2.786315661917932e-4 79203228 79203228 0
10 12987 rs10794073 127945261 1 2.7773933442684087e-4 127945261 127945261 0
10 894 rs11257103 6222819 1 -2.772749522492855e-4 6222819 6222819 0
10 4108 rs1066084 36257632 1 2.753464680512289e-4 36257632 36257632 0
10 7229 rs2271696 71874683 1 2.75258009163572e-4 71874683 71874683 0
10 6417 rs16918762 65430816 1 -2.748738337190023e-4 65430816 65430816 0
10 10690 rs805674 105780836 1 -2.727647987889719e-4 105780836 105780836 0
10 11370 rs17128356 112832225 1 2.724359253557244e-4 112832225 112832225 0
10 151 rs7070710 1704555 1 -2.716788692781097e-4 1704555 1704555 0
10 7210 rs10509314 71731851 1 2.713108683626623e-4 71731851 71731851 0
10 587 rs4881282 4135785 2 -2.700098015567766e-4 4135785 4135785 0
10 1518 rs11817658 11296839 1 -2.6813929483149887e-4 11296839 11296839 0
10 1253 rs10905495 9018109 1 2.677749779005934e-4 9018109 9018109 0
10 6325 rs224108 64549611 1 2.676187793446945e-4 64549611 64549611 0
10 1105 rs565371 8218069 1 2.669094021696233e-4 8218069 8218069 0
10 5872 rs7910260 60610919 1 2.6687760353636043e-4 60610919 60610919 0
10 1274 rs10490944 9143511 1 2.6590328588917036e-4 9143511 9143511 0
10 9510 rs11187167 94517064 1 2.6497422160978734e-4 94517064 94517064 0
10 2434 rs1888692 18453209 1 2.6440628299066716e-4 18453209 18453209 0
10 577 rs2765650 4074096 1 -2.622881063575933e-4 4074096 4074096 0
10 4973 rs7068430 52274535 1 2.620801149664914e-4 52274535 52274535 0
10 4510 rs535176 44747059 1 -2.6027849718676844e-4 44747059 44747059 0
10 2640 rs10827993 20481262 1 -2.589783739966691e-4 20481262 20481262 0
10 245 rs7096214 2134606 1 2.583988838730831e-4 2134606 2134606 0
10 7105 rs10823350 71112394 1 2.5589873501998293e-4 71112394 71112394 0
10 1085 rs12770829 7842900 1 2.5569837534904346e-4 7842900 7842900 0
10 1528 rs4750051 11431354 1 2.541688276372037e-4 11431354 11431354 0
10 13214 rs4363508 129380861 1 2.5398440840839127e-4 129380861 129380861 0
10 7221 rs16927265 71849772 1 2.5393798185265244e-4 71849772 71849772 0
10 9919 rs12778345 97846067 1 -2.5317681062093537e-4 97846067 97846067 0
10 7783 rs12766217 78122729 1 2.5274904354507046e-4 78122729 78122729 0
10 8912 rs12245530 87562775 1 -2.5177519786680983e-4 87562775 87562775 0
10 12092 rs4751664 120255915 1 2.513090439946485e-4 120255915 120255915 0
10 10744 rs1467819 106409545 1 -2.4888309301409706e-4 106409545 106409545 0
10 10701 rs10883978 105950516 1 -2.483634797128182e-4 105950516 105950516 0
10 7051 rs10998461 70616517 1 2.4645570779851546e-4 70616517 70616517 0
10 5460 rs11004362 56302374 1 2.443646812361639e-4 56302374 56302374 0
10 13663 rs11017563 132712986 1 -2.4029181898815624e-4 132712986 132712986 0
10 9833 rs1998911 97266538 1 -2.3719460633601005e-4 97266538 97266538 0
10 10553 rs284844 104554529 1 2.3662584495768777e-4 104554529 104554529 0
10 609 rs1926810 4398913 1 -2.3562421984652475e-4 4398913 4398913 0
10 4913 rs1133837 50901938 1 -2.356199852356547e-4 50901938 50901938 0
10 11619 rs3740530 115334124 1 2.3285573819855984e-4 115334124 115334124 0
10 7714 rs7086353 77070475 1 -2.322506047712964e-4 77070475 77070475 0
10 9003 rs7074064 88683122 1 2.3109673291525512e-4 88683122 88683122 0
10 4619 rs7914816 45690757 1 2.30498575670878e-4 45690757 45690757 0
10 313 rs9423540 2524045 1 -2.300835605969182e-4 2524045 2524045 0
10 4658 rs4922518 48368273 1 -2.287404882428807e-4 48368273 48368273 0
10 3089 rs2437399 26119044 1 2.2801214351027656e-4 26119044 26119044 0
10 13131 rs2489425 129034251 1 -2.268709413398657e-4 129034251 129034251 0
10 11262 rs11194886 111592608 1 -2.255475605941317e-4 111592608 111592608 0
10 8085 rs2297922 80828245 1 2.2371559966132015e-4 80828245 80828245 0
10 4069 rs4934533 35359619 1 2.234606122280046e-4 35359619 35359619 0
10 7091 rs145939161 70987024 1 2.198696805110106e-4 70987024 70987024 0
10 7855 rs7895375 78967887 1 2.192663770652773e-4 78967887 78967887 0
10 11937 rs10787714 118459384 1 -2.1852411285777827e-4 118459384 118459384 0
10 4720 rs749377 49761403 1 -2.1819336709553248e-4 49761403 49761403 0
10 6866 rs4237311 68607338 1 2.179740908859536e-4 68607338 68607338 0
10 12087 rs945491 120252855 1 2.1738863437376324e-4 120252855 120252855 0
10 9843 rs11188346 97289992 1 -2.1725606926873553e-4 97289992 97289992 0
10 11235 rs11194531 111041310 1 2.170117277965901e-4 111041310 111041310 0
10 559 rs2031573 4001897 1 -2.1694901901506743e-4 4001897 4001897 0
10 11857 rs2072276 117849353 1 -2.1677319304990011e-4 117849353 117849353 0
10 8058 rs730324 80616150 1 2.157133718349217e-4 80616150 80616150 0
10 9963 rs10736104 98122334 1 -2.1538327755727792e-4 98122334 98122334 0
10 3970 rs12254866 34192113 1 -2.153775116824925e-4 34192113 34192113 0
10 3081 rs10764581 25996101 1 2.1434477250155865e-4 25996101 25996101 0
10 4325 rs17158304 43428088 1 -2.141985433941233e-4 43428088 43428088 0
10 4386 rs2393938 44063812 1 2.1416387763708577e-4 44063812 44063812 0
10 1120 rs11255598 8286993 1 -2.1410838773637457e-4 8286993 8286993 0
10 6012 rs10994250 61961795 1 2.132192946850535e-4 61961795 61961795 0
10 11908 rs4751967 118211224 1 2.124340383959396e-4 118211224 118211224 0
10 2626 rs7913119 20294352 2 2.1211541869262443e-4 20294352 20294352 0
10 13699 rs2397753 132987665 1 -2.114137280025964e-4 132987665 132987665 0
10 5551 rs7909419 56899950 1 -2.082928349538661e-4 56899950 56899950 0
10 11829 rs2532709 117497003 2 -2.0808891812909688e-4 117497003 117497003 0
10 5031 rs1904683 52949162 1 -2.0668897233226671e-4 52949162 52949162 0
10 946 rs1327249 6651563 1 -2.0630117225826705e-4 6651563 6651563 0
10 6080 rs16915157 62346638 1 -2.058374450163106e-4 62346638 62346638 0
10 8055 rs1992293 80591365 1 2.0547448528200667e-4 80591365 80591365 0
10 3021 rs11014435 25470573 1 2.035847834383573e-4 25470573 25470573 0
10 10774 rs6584629 106608435 1 -2.0336154309896697e-4 106608435 106608435 0
10 12445 rs2162543 123198332 1 -2.03357621941482e-4 123198332 123198332 0
10 9311 rs10219117 92022480 1 -2.031642456142412e-4 92022480 92022480 0
10 8122 rs12245462 81090350 1 2.028596033585188e-4 81090350 81090350 0
10 1387 rs12572320 10566260 1 2.0282755092222664e-4 10566260 10566260 0
10 12160 rs7912267 120900271 1 2.0162905016841512e-4 120900271 120900271 0
10 13692 rs4751329 132943161 1 -2.0062100827423736e-4 132943161 132943161 0
10 4282 rs11239627 42999636 1 -2.001314733558124e-4 42999636 42999636 0
10 8471 rs2247247 84383277 1 1.9956783283407576e-4 84383277 84383277 0
10 13048 rs11245105 128390546 1 1.992398397819301e-4 128390546 128390546 0
10 39 rs11253543 1017325 1 -1.9897606052351677e-4 1017325 1017325 0
10 8568 rs4628623 85034994 1 -1.9859359130738392e-4 85034994 85034994 0
10 5854 rs1905455 60115223 1 1.9767765094806932e-4 60115223 60115223 0
10 6176 rs1456290 63383399 1 -1.9765562079977796e-4 63383399 63383399 0
10 5948 rs10994023 61562977 1 -1.9636927820553663e-4 61562977 61562977 0
10 394 rs1909675 2990680 1 1.9560310393581303e-4 2990680 2990680 0
10 11478 rs7092820 113767459 1 -1.936439539426529e-4 113767459 113767459 0
10 11061 rs10884481 109368144 1 -1.924327673209489e-4 109368144 109368144 0
10 610 rs7894528 4415882 2 -1.9209976034440505e-4 4415882 4415882 0
10 10616 rs11598673 105177645 1 -1.9201553876241632e-4 105177645 105177645 0
10 6754 rs4548513 68040325 1 1.8961353198468348e-4 68040325 68040325 0
10 6168 rs1456285 63369632 1 1.889972719959701e-4 63369632 63369632 0
10 7119 rs4745990 71273696 1 -1.8897481617168783e-4 71273696 71273696 0
10 5615 rs11005008 57524666 1 -1.884555242077692e-4 57524666 57524666 0
10 11517 rs7073681 114466256 1 1.859147854945855e-4 114466256 114466256 0
10 4485 rs1994107 44652274 1 1.8493709441247657e-4 44652274 44652274 0
10 6614 rs12357200 67395375 1 -1.8359866734242393e-4 67395375 67395375 0
10 10369 rs7899288 101848444 1 1.8306025050407915e-4 101848444 101848444 0
10 10854 rs3011648 107091198 1 1.828996601722167e-4 107091198 107091198 0
10 2874 rs11013364 23570792 1 -1.8208406830361157e-4 23570792 23570792 0
10 4979 rs17581567 52359689 1 1.8002321326641591e-4 52359689 52359689 0
10 11456 rs7917775 113632807 1 1.7988952818881788e-4 113632807 113632807 0
10 2743 rs4025981 21139389 1 1.7891539155637015e-4 21139389 21139389 0
10 117 rs10903477 1591800 1 1.7790281038628988e-4 1591800 1591800 0
10 9937 rs4917727 97983028 1 -1.769697888953507e-4 97983028 97983028 0
10 12512 rs10788233 123815371 1 1.7544129120839106e-4 123815371 123815371 0
10 2054 rs7918775 15151907 1 -1.7513221706185017e-4 15151907 15151907 0
10 13707 rs4259751 133142938 1 1.743455307875318e-4 133142938 133142938 0
10 4220 rs1852491 37254098 1 1.7304453375689368e-4 37254098 37254098 0
10 2152 rs1340132 16297598 1 1.7273811500964222e-4 16297598 16297598 0
10 9918 rs10748659 97842565 1 -1.7125125379211566e-4 97842565 97842565 0
10 3880 rs11009281 33488814 1 1.693051975234824e-4 33488814 33488814 0
10 6825 rs4746611 68393666 1 1.6924521808395993e-4 68393666 68393666 0
10 10396 rs1539089 102221424 1 1.690099582868104e-4 102221424 102221424 0
10 5768 rs7915278 59084209 1 -1.6739850824872086e-4 59084209 59084209 0
10 1329 rs2027296 9736439 1 -1.6734344061365767e-4 9736439 9736439 0
10 7265 rs10762385 72252825 1 -1.6725747770647908e-4 72252825 72252825 0
10 440 rs3814595 3201679 1 1.6692120941881963e-4 3201679 3201679 0
10 2643 rs11011870 20496270 1 1.655312868828357e-4 20496270 20496270 0
10 3084 rs4749074 26014312 1 1.6496976115244638e-4 26014312 26014312 0
10 8266 rs11186820 82510574 1 -1.6486410257251003e-4 82510574 82510574 0
10 13447 rs2039372 130900389 1 1.6367247633462004e-4 130900389 130900389 0
10 4680 rs3850929 48584981 1 1.6185708185571145e-4 48584981 48584981 0
10 10146 rs928578 99846671 1 -1.6141531788858474e-4 99846671 99846671 0
10 579 rs2765648 4076159 1 -1.609427250482001e-4 4076159 4076159 0
10 9981 rs7083245 98221417 1 -1.602756888066384e-4 98221417 98221417 0
10 2510 rs7092524 18987158 1 -1.6019591238983498e-4 18987158 18987158 0
10 9039 rs7895494 89379732 1 -1.5959002197714028e-4 89379732 89379732 0
10 7132 rs2812500 71420172 1 -1.5493622485672606e-4 71420172 71420172 0
10 12833 rs1561589 126695673 1 -1.5454674334205662e-4 126695673 126695673 0
10 4062 rs7923172 35309367 1 1.5439392603704607e-4 35309367 35309367 0
10 5477 rs11004420 56386858 1 -1.542676083720394e-4 56386858 56386858 0
10 8060 rs1981221 80640638 2 -1.540176837324164e-4 80640638 80640638 0
10 6399 rs10761768 65194129 1 -1.5365563429190935e-4 65194129 65194129 0
10 7908 rs2673462 79320615 1 1.535241315833064e-4 79320615 79320615 0
10 2948 rs11013962 24495586 1 1.5170146852733598e-4 24495586 24495586 0
10 2713 rs1925548 20973833 1 -1.504683644150166e-4 20973833 20973833 0
10 1633 rs10906170 12598308 1 -1.4929485696863924e-4 12598308 12598308 0
10 3577 rs1929254 30186233 1 -1.4917162913825882e-4 30186233 30186233 0
10 7183 rs12411657 71556310 1 -1.4758625551235092e-4 71556310 71556310 0
10 13237 rs11018255 129468831 1 1.458089244830363e-4 129468831 129468831 0
10 6227 rs3851252 63617300 1 1.454375232284979e-4 63617300 63617300 0
10 9089 rs10887766 89755075 1 1.4480465251441937e-4 89755075 89755075 0
10 12045 rs7069291 119692335 1 1.4356614748732856e-4 119692335 119692335 0
10 6235 rs7090445 63721176 2 -1.4320293040115167e-4 63721176 63721176 0
10 11473 rs12354545 113751347 1 -1.426631360392696e-4 113751347 113751347 0
10 13179 rs10765102 129248077 1 -1.4160044059900124e-4 129248077 129248077 0
10 11096 rs10509848 109562967 1 1.413542861823922e-4 109562967 109562967 0
10 7814 rs846646 78515883 2 1.4065393717286334e-4 78515883 78515883 0
10 1003 rs3886013 6968905 1 -1.400477784013489e-4 6968905 6968905 0
10 2281 rs1907360 17105668 1 -1.3960470464596776e-4 17105668 17105668 0
10 13058 rs6597797 128449111 1 1.3940420811858317e-4 128449111 128449111 0
10 2638 rs4748641 20467429 1 1.3808469833763733e-4 20467429 20467429 0
10 12923 rs12573823 127640167 1 1.3807488545483556e-4 127640167 127640167 0
10 9335 rs17097279 92313287 1 -1.344858045907338e-4 92313287 92313287 0
10 5631 rs1572688 57690158 1 1.3380519728738944e-4 57690158 57690158 0
10 4363 rs2435355 43624833 1 -1.3149828624958065e-4 43624833 43624833 0
10 5457 rs10825336 56239430 2 -1.314770334225815e-4 56239430 56239430 0
10 3638 rs7071698 30731411 1 -1.313676792079457e-4 30731411 30731411 0
10 2111 rs9333118 15702362 1 -1.3026780624149302e-4 15702362 15702362 0
10 2962 rs11014053 24647899 1 -1.2927536665405956e-4 24647899 24647899 0
10 7127 rs4746874 71378767 1 -1.28738563290722e-4 71378767 71378767 0
10 8685 rs11595894 85947294 1 1.2861317101884782e-4 85947294 85947294 0
10 791 rs4750500 5645758 1 -1.281494458995734e-4 5645758 5645758 0
10 899 rs7092772 6306289 1 1.2752640463768616e-4 6306289 6306289 0
10 5341 rs12220253 55540806 1 1.2730612560179713e-4 55540806 55540806 0
10 12304 rs1929666 121983126 1 1.264503723690138e-4 121983126 121983126 0
10 7512 rs7908969 73623277 1 -1.2564886204194454e-4 73623277 73623277 0
10 9584 rs812012 95102371 1 -1.2483997468842805e-4 95102371 95102371 0
10 10627 rs41287500 105215091 1 -1.2442345392626837e-4 105215091 105215091 0
10 3405 rs10826489 28961432 1 1.2395429812259994e-4 28961432 28961432 0
10 4343 rs3123728 43483971 2 -1.214566642291305e-4 43483971 43483971 0
10 1344 rs2895011 9989419 1 -1.2052019560907484e-4 9989419 9989419 0
10 3965 rs7068747 34128582 1 -1.2049750145101008e-4 34128582 34128582 0
10 2902 rs6482316 23991074 1 1.1866304261852276e-4 23991074 23991074 0
10 900 rs11596955 6307423 1 -1.18420412250407e-4 6307423 6307423 0
10 7749 rs11001589 77782036 1 -1.158448998336984e-4 77782036 77782036 0
10 12756 rs6597881 126007164 2 -1.1547165183238652e-4 126007164 126007164 0
10 11918 rs10510022 118285633 1 1.1468435168219934e-4 118285633 118285633 0
10 163 rs17156958 1836223 1 -1.1446910366792334e-4 1836223 1836223 0
10 3575 rs10740811 30167754 1 -1.1387849368372543e-4 30167754 30167754 0
10 11815 rs12219110 117427484 1 -1.1363383472493376e-4 117427484 117427484 0
10 9444 rs1538833 93604353 1 -1.1345470676922026e-4 93604353 93604353 0
10 13020 rs4962566 128203545 1 -1.1269364561499187e-4 128203545 128203545 0
10 7733 rs12261071 77605724 1 -1.125014534770192e-4 77605724 77605724 0
10 4028 rs4339985 35016625 1 -1.114321031057566e-4 35016625 35016625 0
10 7302 rs10999499 72495587 1 1.1136179082126124e-4 72495587 72495587 0
10 13780 rs9419580 133553373 1 -1.112096633702401e-4 133553373 133553373 0
10 9635 rs616522 95395247 1 -1.102931063717894e-4 95395247 95395247 0
10 6010 rs10821697 61939786 1 -1.101535397079308e-4 61939786 61939786 0
10 7196 rs17497526 71580120 1 -1.1009905756422496e-4 71580120 71580120 0
10 4006 rs10508804 34628788 1 1.094524490412466e-4 34628788 34628788 0
10 3760 rs11008620 32029264 1 1.083211991066489e-4 32029264 32029264 0
10 4604 rs41301609 45496126 1 -1.0828235570259945e-4 45496126 45496126 0
10 1927 rs11259022 14385164 1 1.082163770671428e-4 14385164 14385164 0
10 5559 rs7086823 56937626 1 1.0579727401729436e-4 56937626 56937626 0
10 7439 rs7100757 73325757 1 -1.04725668561203e-4 73325757 73325757 0
10 4385 rs7893169 44050715 1 1.0406394799820158e-4 44050715 44050715 0
10 5930 rs12356193 61413353 1 1.0387823505545664e-4 61413353 61413353 0
10 7598 rs7901016 74637326 1 1.038690164479372e-4 74637326 74637326 0
10 8016 rs10762795 80405937 1 1.0370017964532188e-4 80405937 80405937 0
10 429 rs9423490 3177320 1 1.036408189185759e-4 3177320 3177320 0
10 13323 rs41306644 129914787 1 1.0250108896872868e-4 129914787 129914787 0
10 11549 rs7914029 115010255 1 -1.0232006649308068e-4 115010255 115010255 0
10 2399 rs6482124 18298132 1 1.0225601688937624e-4 18298132 18298132 0
10 3238 rs650550 27744338 1 1.017704891538e-4 27744338 27744338 0
10 6853 rs4746638 68578970 1 1.0155701531956508e-4 68578970 68578970 0
10 9930 rs10509705 97924794 1 -1.0135374678300176e-4 97924794 97924794 0
10 422 rs11251728 3163452 1 -9.932353814231655e-5 3163452 3163452 0
10 10512 rs10748816 103987986 1 9.910044560469112e-5 103987986 103987986 0
10 5028 rs1904699 52909710 1 9.885425322518096e-5 52909710 52909710 0
10 5560 rs7899074 56937693 1 9.810583698680912e-5 56937693 56937693 0
10 6070 rs2393646 62319434 1 -9.791082401820013e-5 62319434 62319434 0
10 6782 rs2456737 68155334 1 9.687377305107805e-5 68155334 68155334 0
10 1057 rs4611104 7631570 1 9.587217215551946e-5 7631570 7631570 0
10 9072 rs2302404 89474072 1 9.400218904900636e-5 89474072 89474072 0
10 9746 rs9332098 96697459 1 9.237720674330713e-5 96697459 96697459 0
10 7388 rs10999773 73083467 1 -9.213526919043866e-5 73083467 73083467 0
10 8106 rs697238 80947668 1 9.111883032991544e-5 80947668 80947668 0
10 9405 rs734627 92862341 1 -9.052388457445808e-5 92862341 92862341 0
10 9925 rs7896077 97913537 1 -8.967541917573049e-5 97913537 97913537 0
10 12477 rs6585751 123443636 2 8.935484999249236e-5 123443636 123443636 0
10 3418 rs1249003 29030691 1 8.915604766552804e-5 29030691 29030691 0
10 498 rs7909115 3643713 1 -8.9052420957625e-5 3643713 3643713 0
10 9433 rs4329592 93366275 1 8.745050334849015e-5 93366275 93366275 0
10 6922 rs1904608 69021287 1 -8.518356107468853e-5 69021287 69021287 0
10 7801 rs2637256 78314705 1 -8.506191683040842e-5 78314705 78314705 0
10 431 rs2279216 3180951 1 -8.249354650316263e-5 3180951 3180951 0
10 3559 rs11007742 30076326 1 8.236746630697989e-5 30076326 30076326 0
10 2483 rs7893279 18745105 1 8.230331097307731e-5 18745105 18745105 0
10 11404 rs10885122 113042093 1 8.185214554260962e-5 113042093 113042093 0
10 11734 rs986212 116311531 1 -8.158239956309795e-5 116311531 116311531 0
10 8224 rs7902355 82249108 1 -8.112273051586868e-5 82249108 82249108 0
10 4598 rs872208 45427052 1 7.972086620616517e-5 45427052 45427052 0
10 1801 rs7088503 13670971 1 7.882405972636809e-5 13670971 13670971 0
10 10900 rs17119461 107516352 1 7.852681447203955e-5 107516352 107516352 0
10 10883 rs11192538 107409121 1 -7.807163457845192e-5 107409121 107409121 0
10 4276 rs2505861 42907260 1 -7.806604673352086e-5 42907260 42907260 0
10 7098 rs5030949 71038340 1 7.765763939996743e-5 71038340 71038340 0
10 10048 rs2784921 98912996 1 -7.756058082570056e-5 98912996 98912996 0
10 2067 rs2138929 15294548 1 7.683375299339504e-5 15294548 15294548 0
10 13593 rs448669 132268933 2 7.649045104532665e-5 132268933 132268933 0
10 1782 rs11258437 13569805 1 7.601026532479668e-5 13569805 13569805 0
10 3765 rs10508768 32092377 2 7.574098922513014e-5 32092377 32092377 0
10 8657 rs6585783 85789310 1 -7.57024456224484e-5 85789310 85789310 0
10 759 rs12783734 5405265 1 7.523279895607824e-5 5405265 5405265 0
10 11828 rs10787598 117493307 1 7.460821540882435e-5 117493307 117493307 0
10 956 rs11253853 6699236 1 7.331358389380692e-5 6699236 6699236 0
10 4930 rs7076242 52002204 1 7.174197210275358e-5 52002204 52002204 0
10 4166 rs2891552 36725466 1 7.139285581681056e-5 36725466 36725466 0
10 13852 rs10776675 135183094 1 -7.056857846487655e-5 135183094 135183094 0
10 6494 rs16920379 66549181 1 -7.011075816325758e-5 66549181 66549181 0
10 6972 rs6480302 69816948 1 6.778316916545467e-5 69816948 69816948 0
10 12940 rs2138278 127742664 1 6.674052176123373e-5 127742664 127742664 0
10 7304 rs10823607 72500763 1 6.634734866569964e-5 72500763 72500763 0
10 4711 rs11101355 49723037 1 6.619907680221402e-5 49723037 49723037 0
10 4942 rs2842085 52068751 1 -6.584352225234014e-5 52068751 52068751 0
10 13700 rs2918142 132992902 2 -6.558331469991253e-5 132992902 132992902 0
10 7525 rs4485025 73690571 1 6.521152485622343e-5 73690571 73690571 0
10 11626 rs7080536 115348046 1 6.519992697803403e-5 115348046 115348046 0
10 3478 rs1338541 29378718 1 -6.34506275199289e-5 29378718 29378718 0
10 3417 rs1248999 29029736 1 6.310048284812119e-5 29029736 29029736 0
10 13790 rs11156481 133647554 1 6.309892881799032e-5 133647554 133647554 0
10 964 rs353209 6782769 2 -6.302679264532718e-5 6782769 6782769 0
10 626 rs9663977 4517381 1 6.248043307767856e-5 4517381 4517381 0
10 636 rs313500 4612690 1 -6.188922756515406e-5 4612690 4612690 0
10 10960 rs6584758 108369512 1 6.158376880639119e-5 108369512 108369512 0
10 10273 rs4313504 101257478 1 6.157933268896888e-5 101257478 101257478 0
10 9239 rs303181 91257302 1 6.142610379817918e-5 91257302 91257302 0
10 316 rs2452199 2537042 1 -6.068581190572502e-5 2537042 2537042 0
10 11323 rs7090886 112316956 1 -6.0631179460054994e-5 112316956 112316956 0
10 13169 rs4751364 129213988 1 5.956380535431103e-5 129213988 129213988 0
10 11274 rs9630101 111738451 1 5.7798688010883215e-5 111738451 111738451 0
10 8940 rs17320915 87968625 1 5.700277422822046e-5 87968625 87968625 0
10 12463 rs1649187 123380393 1 -5.628944788800846e-5 123380393 123380393 0
10 7661 rs10762635 76403131 1 -5.579101519634375e-5 76403131 76403131 0
10 348 rs17158714 2672202 1 -5.489630894826151e-5 2672202 2672202 0
10 7110 rs2305196 71144324 1 -5.345270396189285e-5 71144324 71144324 0
10 12235 rs196272 121394687 1 -5.317578053260099e-5 121394687 121394687 0
10 8247 rs4934372 82372981 1 -5.24210475608963e-5 82372981 82372981 0
10 8292 rs10882439 82738570 1 -5.203445855751968e-5 82738570 82738570 0
10 2429 rs11012833 18445599 1 5.144655841758234e-5 18445599 18445599 0
10 11852 rs180680 117747653 1 5.139577616874145e-5 117747653 117747653 0
10 947 rs10904616 6651941 1 -5.1258859658109674e-5 6651941 6651941 0
10 12826 rs4962696 126445630 1 5.04470311847154e-5 126445630 126445630 0
10 4351 rs3026713 43562479 1 -5.022874706756454e-5 43562479 43562479 0
10 8563 rs17215403 84951635 1 -5.016745787958652e-5 84951635 84951635 0
10 7424 rs10999845 73240361 1 -5.0054446759884864e-5 73240361 73240361 0
10 13865 rs6537609 135323084 1 -4.962696819799426e-5 135323084 135323084 0
10 9958 rs17111736 98111569 1 -4.943692590708976e-5 98111569 98111569 0
10 7250 rs2394678 72058189 1 -4.925293326997395e-5 72058189 72058189 0
10 8880 rs1912282 87214408 1 4.91878937357739e-5 87214408 87214408 0
10 3655 rs2369932 30860535 1 4.8670544400048194e-5 30860535 30860535 0
10 2050 rs7896053 15138615 1 4.748506476970463e-5 15138615 15138615 0
10 1188 rs9787692 8645163 2 4.7256776212160746e-5 8645163 8645163 0
10 4082 rs3003981 35718212 1 4.7207750229419425e-5 35718212 35718212 0
10 4357 rs17158508 43590280 2 4.6841582696527904e-5 43590280 43590280 0
10 3603 rs2255515 30355193 1 4.612072355460421e-5 30355193 30355193 0
10 5190 rs12220324 54386443 1 -4.598518143007199e-5 54386443 54386443 0
10 3353 rs1418759 28533718 1 4.5447083587126045e-5 28533718 28533718 0
10 11367 rs10787298 112788041 1 4.4932445821758047e-5 112788041 112788041 0
10 29 rs9124 858022 1 4.431948489853376e-5 858022 858022 0
10 8916 rs7895100 87683328 1 4.230520696911046e-5 87683328 87683328 0
10 9537 rs10882168 94929434 1 -4.027864851961999e-5 94929434 94929434 0
10 5855 rs2306604 60148692 2 -4.0072786724361376e-5 60148692 60148692 0
10 6397 rs7923609 65133822 1 -3.998719723613247e-5 65133822 65133822 0
10 13638 rs12219907 132531025 1 3.944216334601994e-5 132531025 132531025 0
10 3149 rs8190646 26520507 1 3.836369356006473e-5 26520507 26520507 0
10 1144 rs7090925 8479868 1 3.6886283356086776e-5 8479868 8479868 0
10 5976 rs7078432 61722273 1 -3.678805460810881e-5 61722273 61722273 0
10 392 rs12220191 2989572 1 3.6195916714075094e-5 2989572 2989572 0
10 5095 rs1937701 53608977 1 -3.617221152771706e-5 53608977 53608977 0
10 13845 rs12413155 134810401 1 3.6013028146192824e-5 134810401 134810401 0
10 12261 rs1048120 121588537 1 -3.4792933940924646e-5 121588537 121588537 0
10 2806 rs1926690 22471741 1 -3.449879403930231e-5 22471741 22471741 0
10 9500 rs2275729 94452430 1 -3.3305054595275566e-5 94452430 94452430 0
10 3861 rs722988 33426147 1 3.279270815209251e-5 33426147 33426147 0
10 5164 rs1194501 54002021 1 -3.2766243211338545e-5 54002021 54002021 0
10 795 rs11259742 5647078 1 -3.252320836387116e-5 5647078 5647078 0
10 339 rs2388288 2627161 1 -3.237739850064487e-5 2627161 2627161 0
10 2602 rs11010886 19931174 1 3.124494665115772e-5 19931174 19931174 0
10 1945 rs17155248 14449211 1 -2.952983112376975e-5 14449211 14449211 0
10 6639 rs10509235 67560490 1 2.9493220327754797e-5 67560490 67560490 0
10 477 rs483881 3520151 1 -2.917449905557563e-5 3520151 3520151 0
10 1142 rs2454062 8464847 2 2.8582608802887747e-5 8464847 8464847 0
10 8610 rs7900509 85358478 1 2.8323140331790177e-5 85358478 85358478 0
10 12975 rs1674927 127852395 1 2.6476255521689452e-5 127852395 127852395 0
10 3372 rs12098807 28613779 2 -2.568997038461334e-5 28613779 28613779 0
10 4075 rs4934540 35474699 1 -2.4949337790379413e-5 35474699 35474699 0
10 662 rs7068675 4746670 1 -2.378859082996874e-5 4746670 4746670 0
10 2763 rs7097035 21370420 1 -2.3259336646419063e-5 21370420 21370420 0
10 7123 rs192710 71313136 2 -2.314159727694285e-5 71313136 71313136 0
10 12762 rs12570255 126015192 1 -2.2854344773630677e-5 126015192 126015192 0
10 1302 rs1150013 9358590 1 -2.2484786079693417e-5 9358590 9358590 0
10 10933 rs1405043 108149479 1 2.081128292849457e-5 108149479 108149479 0
10 4988 rs4497350 52499880 1 2.061664367919199e-5 52499880 52499880 0
10 2367 rs10508533 17649889 1 -1.9909842270110345e-5 17649889 17649889 0
10 3189 rs10829053 26992105 2 -1.9665148428834066e-5 26992105 26992105 0
10 1477 rs10905872 10982779 1 -1.8832754089589483e-5 10982779 10982779 0
10 2525 rs11006879 19062527 1 -1.8793981053147036e-5 19062527 19062527 0
10 2026 rs7099185 14864846 1 1.77738305114569e-5 14864846 14864846 0
10 13006 rs3847470 128030244 1 1.773770768166808e-5 128030244 128030244 0
10 6279 rs12779966 64169941 1 1.703247916082644e-5 64169941 64169941 0
10 1784 rs4750379 13588521 2 1.602530849137445e-5 13588521 13588521 0
10 588 rs10904182 4138683 1 -1.569066988596161e-5 4138683 4138683 0
10 9245 rs12412483 91349049 1 1.5552816661822175e-5 91349049 91349049 0
10 7787 rs1873465 78189959 1 -1.5098539361211349e-5 78189959 78189959 0
10 12182 rs11198906 121153291 1 1.4560888289925594e-5 121153291 121153291 0
10 11347 rs4918600 112584451 1 1.442617358005016e-5 112584451 112584451 0
10 2007 rs11259283 14740813 1 -1.4319948728352782e-5 14740813 14740813 0
10 13665 rs10829844 132721599 1 1.3403966547048424e-5 132721599 132721599 0
10 1843 rs4503424 13985820 1 -1.278636749538704e-5 13985820 13985820 0
10 12710 rs1878166 125447705 1 1.24691532363308e-5 125447705 125447705 0
10 5682 rs10825863 58499813 1 -1.2070434610856043e-5 58499813 58499813 0
10 13539 rs12248841 131945252 1 1.143212492489207e-5 131945252 131945252 0
10 8138 rs2256573 81685062 1 1.0593202551187908e-5 81685062 81685062 0
10 1384 rs12571685 10564423 1 9.56189132701826e-6 10564423 10564423 0
10 12943 rs1710293 127744829 1 9.527785616522866e-6 127744829 127744829 0
10 11492 rs11195887 114072672 1 -9.132690225643088e-6 114072672 114072672 0
10 10070 rs11189119 99067289 1 8.866827327887684e-6 99067289 99067289 0
10 4079 rs3936503 35549257 1 8.862714289218526e-6 35549257 35549257 0
10 4949 rs2842110 52135215 1 -8.46939338513177e-6 52135215 52135215 0
10 3236 rs12572763 27734720 1 -8.302775238796475e-6 27734720 27734720 0
10 13835 rs7914850 134682058 1 8.149599024681415e-6 134682058 134682058 0
10 9521 rs12359135 94843535 1 -7.535163471445565e-6 94843535 94843535 0
10 13273 rs4750921 129653425 1 7.366978232103091e-6 129653425 129653425 0
10 11679 rs10509985 115561171 1 6.642868855079203e-6 115561171 115561171 0
10 2752 rs1832677 21270480 1 -5.948210500255993e-6 21270480 21270480 0
10 9121 rs7069053 89886204 1 5.694734337169672e-6 89886204 89886204 0
10 112 rs2813433 1546782 1 5.508638942902914e-6 1546782 1546782 0
10 12840 rs7073257 126711633 1 -3.7595473353741087e-6 126711633 126711633 0
10 2667 rs7078144 20668307 1 -3.6698110379205098e-6 20668307 20668307 0
10 2363 rs1892338 17630620 1 2.573382158082939e-6 17630620 17630620 0
10 3536 rs11007684 29940723 2 2.3766765026525137e-6 29940723 29940723 0
10 3681 rs16931887 31046403 1 2.195383884589964e-6 31046403 31046403 0
10 10689 rs805657 105762591 1 1.962355290524426e-6 105762591 105762591 0
10 7299 rs1816002 72483010 1 -1.2713071597231949e-6 72483010 72483010 0
10 11276 rs12569425 111758177 1 1.4160568641884778e-15 111758177 111758177 0
10 4086 rs2474755 35874895 1 4.2490180686888197e-16 35874895 35874895 0
10 1189 rs10905417 8645723 1 3.8610155747898333e-16 8645723 8645723 0
10 3060 rs7911256 25856676 1 2.1781972030067895e-16 25856676 25856676 0
10 9494 rs10882088 94368588 1 1.3589745430387723e-16 94368588 94368588 0
10 3085 rs2504203 26014964 1 8.03203370441599e-17 26014964 26014964 0
10 7527 rs7074205 73691568 1 7.7733396883292e-17 73691568 73691568 0
10 11277 rs7069128 111760075 1 7.282428274155336e-17 111760075 111760075 0
