CHR Group SNP.lead BP.lead Size W BP.min BP.max BP.width
3 14597 rs10513547 159672597 2 0.13231669940125038 159672597 159672597 0
3 10841 rs2293370 119219934 1 0.12702003450871635 119219934 119219934 0
3 14611 rs668998 159715551 1 0.09333179669328805 159715551 159715551 0
3 2947 rs4681018 25384461 1 -0.06084213278601499 25384461 25384461 0
3 13016 rs10935453 141747640 1 0.04063310400721772 141747640 141747640 0
3 14588 rs1675497 159582382 1 0.03592110593420461 159582382 159582382 0
3 13617 rs11919764 149187235 1 -0.03181148715212002 149187235 149187235 0
3 11448 rs867805 124909866 2 -0.03075704628991234 124909866 124909866 0
3 13631 rs6779678 149225903 1 0.02507075638158226 149225903 149225903 0
3 1941 rs6799397 16951768 2 -0.02488866855924812 16951768 16951768 0
3 14595 rs17810546 159665050 1 0.02263385411690431 159665050 159665050 0
3 11099 rs2715267 121770858 1 0.02210654871401645 121770858 121770858 0
3 12624 rs10935263 137415813 1 0.02187701181858368 137415813 137415813 0
3 1842 rs538525 16376279 1 0.02177607509864248 16376279 16376279 0
3 4384 rs9842265 39337941 1 0.02171656812005238 39337941 39337941 0
3 14619 rs9880646 159861147 1 0.02125709942638547 159861147 159861147 0
3 11106 rs9282641 121796768 1 0.02103199018778299 121796768 121796768 0
3 5242 rs1042779 52821011 1 0.01989431897042313 52821011 52821011 0
3 14606 rs2366408 159696099 1 0.01982907830820467 159696099 159696099 0
3 8581 rs10511138 88670387 1 -0.01966397457041167 88670387 88670387 0
3 16078 rs6789946 177374031 1 0.01966355817045694 177374031 177374031 0
3 1622 rs1865884 14411655 2 0.01946864129580549 14411655 14411655 0
3 15963 rs2046350 176014233 1 -0.01917552832050558 176014233 176014233 0
3 2846 rs4077423 24751005 1 -0.0183633437308303 24751005 24751005 0
3 17129 rs7610017 189343424 1 0.01815993952761894 189343424 189343424 0
3 7309 rs9828629 71530346 1 0.01740958900153074 71530346 71530346 0
3 7134 rs7635662 69421495 1 0.01717106683851115 69421495 69421495 0
3 1156 rs2075352 10311939 2 -0.01716420640139019 10311939 10311939 0
3 1944 rs1441039 16959319 1 -0.01651291283109042 16959319 16959319 0
3 573 rs3804993 4750674 2 0.01649500321457367 4750674 4750674 0
3 13740 rs7634663 150778251 1 -0.01640671880613637 150778251 150778251 0
3 13929 rs10513429 152368110 2 -0.01600467528005051 152368110 152368110 0
3 14607 rs4680534 159698945 1 0.01557688382796889 159698945 159698945 0
3 3419 rs3773108 29800913 1 0.01548650075005008 29800913 29800913 0
3 14344 rs2128535 156789192 1 0.01491389739007792 156789192 156789192 0
3 3524 rs1155708 30686740 1 -0.01420596340564963 30686740 30686740 0
3 6447 rs6766569 63489319 2 -0.01417805313411589 63489319 63489319 0
3 3692 rs4282098 31928640 1 -0.01416677037931526 31928640 31928640 0
3 7291 rs9647400 71322227 1 0.01371224503695395 71322227 71322227 0
3 3901 rs1191624 34415876 1 0.01364628547749187 34415876 34415876 0
3 12828 rs1426033 139710090 1 0.01364406596836516 139710090 139710090 0
3 10035 rs4349472 111507848 1 -0.01350734854770739 111507848 111507848 0
3 7112 rs7611476 69269236 2 0.01292290877843428 69269236 69269236 0
3 17050 rs1546736 188495948 1 0.01286367645504689 188495948 188495948 0
3 6105 rs17031618 60543675 1 0.01268873694582041 60543675 60543675 0
3 2826 rs9878606 24633038 1 0.01243532553144658 24633038 24633038 0
3 5836 rs4511910 58590284 1 -0.01236843038972996 58590284 58590284 0
3 16091 rs7426990 177461731 1 -0.01236007033350181 177461731 177461731 0
3 3508 rs7616969 30590213 1 -0.0120406586266766 30590213 30590213 0
3 13605 rs7632041 149066126 1 0.01163226111795903 149066126 149066126 0
3 1319 rs17034817 11657278 2 0.01139538320824553 11657278 11657278 0
3 13572 rs893979 148690841 1 -0.01135847847892305 148690841 148690841 0
3 8966 rs6440719 99328500 1 0.01104071440073823 99328500 99328500 0
3 11285 rs3863980 123587569 1 -0.01094811598221056 123587569 123587569 0
3 15817 rs565334 174413915 1 0.01077738642937354 174413915 174413915 0
3 13607 rs977333 149070226 1 0.01077115876465669 149070226 149070226 0
3 14612 rs485789 159730148 2 -0.01065949660558804 159730148 159730148 0
3 2756 rs4131864 23985809 2 0.01050242182429807 23985809 23985809 0
3 8845 rs1497534 97935125 2 0.01042978804999181 97935125 97935125 0
3 13215 rs990320 143796305 1 0.01039665486177179 143796305 143796305 0
3 11667 rs1868240 127209361 1 0.01038761792120907 127209361 127209361 0
3 1629 rs6763180 14506279 2 0.01027890646055845 14506279 14506279 0
3 14143 rs1519568 154240489 1 -0.01002853313959071 154240489 154240489 0
3 6383 rs9831668 62942458 1 0.01000577766471779 62942458 62942458 0
3 2736 rs17013457 23590068 1 -0.00995802291874311 23590068 23590068 0
3 4225 rs9877943 37914922 2 -0.0099044827608199 37914922 37914922 0
3 2560 rs6772631 22383444 1 0.0098713359153219 22383444 22383444 0
3 7290 rs2280518 71318993 1 0.00984491032241851 71318993 71318993 0
3 17338 rs293861 191128441 1 0.0098252824824358 191128441 191128441 0
3 3491 rs4955316 30415612 1 0.00978070445367395 30415612 30415612 0
3 16050 rs12629106 177095072 1 0.00977585195220644 177095072 177095072 0
3 15542 rs11927009 170984600 1 0.00972246661300887 170984600 170984600 0
3 3767 rs3888882 32497574 2 -0.00970607016281862 32497574 32497574 0
3 11993 rs3749393 131082393 1 -0.00970032509784931 131082393 131082393 0
3 16242 rs7645550 178968634 2 0.00949033052764302 178968634 178968634 0
3 14614 rs1075498 159756451 1 0.0094770363474195 159756451 159756451 0
3 6616 rs7638389 64729892 1 0.00945519126415439 64729892 64729892 0
3 5816 rs4681818 58184851 1 0.00942825029670775 58184851 58184851 0
3 9215 rs16845761 102602750 1 0.00932334358359778 102602750 102602750 0
3 15647 rs9859259 172223141 1 0.00932022703792428 172223141 172223141 0
3 14020 rs955013 153099036 1 0.00926947745160644 153099036 153099036 0
3 3619 rs294282 31135969 1 0.00926557847117844 31135969 31135969 0
3 17459 rs4455277 192614308 1 0.00918827491882884 192614308 192614308 0
3 1867 rs11128793 16551795 2 0.00907996964179807 16551795 16551795 0
3 13669 rs2130319 149493646 2 0.00906268265954274 149493646 149493646 0
3 4504 rs6789549 41021263 1 -0.00894980852854232 41021263 41021263 0
3 14603 rs17811014 159688029 1 -0.00890165472114513 159688029 159688029 0
3 10743 rs1402578 118594133 1 -0.00884296388112268 118594133 118594133 0
3 2068 rs12106877 18709522 2 -0.00868712531513802 18709522 18709522 0
3 571 rs6762644 4742276 1 -0.00855671681449489 4742276 4742276 0
3 11082 rs3817599 121659197 1 -0.00844218341325366 121659197 121659197 0
3 14376 rs16827620 157138405 1 0.00843199605320723 157138405 157138405 0
3 1942 rs1372072 16955259 1 0.00840326047286569 16955259 16955259 0
3 15608 rs7640569 171915214 1 -0.00833024102144341 171915214 171915214 0
3 16249 rs6776229 179015775 2 -0.00824939789855831 179015775 179015775 0
3 57 rs11707796 316417 1 0.00823289814744034 316417 316417 0
3 17152 rs2037128 189548862 1 -0.00820638055697797 189548862 189548862 0
3 11731 rs9831089 128242205 1 0.0081687698912756 128242205 128242205 0
3 8006 rs13082939 81612216 1 0.00812461270159413 81612216 81612216 0
3 7314 rs6782714 71684845 1 -0.00804463550093736 71684845 71684845 0
3 4959 rs142971127 46717175 2 0.00789860379140064 46717175 46717175 0
3 12709 rs12632794 138266635 1 -0.00777554792871203 138266635 138266635 0
3 9502 rs2289746 105455955 1 -0.00774204293160952 105455955 105455955 0
3 10861 rs2247660 119334986 1 0.00773971137693975 119334986 119334986 0
3 11146 rs3749213 122133830 1 0.00773696582389693 122133830 122133830 0
3 17048 rs4686492 188436575 1 0.00752963588514214 188436575 188436575 0
3 275 rs1868218 2309379 1 0.00749647297711641 2309379 2309379 0
3 1455 rs7626624 12806123 1 -0.00747219950928284 12806123 12806123 0
3 3169 rs12632457 28020552 1 -0.00745659024304339 28020552 28020552 0
3 9331 rs1612989 103798561 1 0.00744983184875045 103798561 103798561 0
3 7302 rs11712688 71379546 2 -0.00744525984821769 71379546 71379546 0
3 4511 rs384934 41114867 1 -0.00741849731528557 41114867 41114867 0
3 10758 rs39688 118742848 1 -0.00731083818709874 118742848 118742848 0
3 13990 rs9812749 152788347 1 -0.00726989229419441 152788347 152788347 0
3 10805 rs7650193 119034756 1 -0.00725754721414362 119034756 119034756 0
3 9731 rs6779094 108081277 1 0.00717499170777925 108081277 108081277 0
3 1873 rs13081210 16595118 1 0.00717060181547298 16595118 16595118 0
3 2747 rs6767354 23784303 1 0.00714949095446483 23784303 23784303 0
3 8405 rs12631943 86353938 1 -0.00711296020670744 86353938 86353938 0
3 13648 rs2117754 149363508 2 0.00709957689288792 149363508 149363508 0
3 13707 rs10513375 150147118 1 -0.00704101153372743 150147118 150147118 0
3 13864 rs17283297 151724954 1 0.00703684120061989 151724954 151724954 0
3 2918 rs17516267 25141279 1 -0.00701566830158723 25141279 25141279 0
3 9270 rs16846592 103388364 1 0.00699671063681887 103388364 103388364 0
3 12797 rs17394311 139517171 2 0.00698087915572894 139517171 139517171 0
3 8848 rs4857374 98049409 1 0.00690782232217344 98049409 98049409 0
3 3446 rs1347287 30129784 1 0.00690163676542625 30129784 30129784 0
3 10427 rs6763869 115582838 2 -0.00686898731894303 115582838 115582838 0
3 4554 rs13068880 41471642 1 0.00685253664164572 41471642 41471642 0
3 16598 rs7432211 183819155 1 -0.00683374588548685 183819155 183819155 0
3 8539 rs2061372 88336413 1 -0.00680438999789884 88336413 88336413 0
3 12634 rs17548687 137521204 1 -0.00680151533074662 137521204 137521204 0
3 14411 rs11925333 157386185 1 0.00679074856767652 157386185 157386185 0
3 16321 rs1522122 179829075 1 0.00678448683481022 179829075 179829075 0
3 10364 rs664244 114585716 1 0.00674549968283927 114585716 114585716 0
3 2187 rs4132121 20240219 1 -0.00674173683022758 20240219 20240219 0
3 9112 rs4683877 100921280 2 0.00669918800019007 100921280 100921280 0
3 10748 rs6782002 118624631 1 0.00664358195857904 118624631 118624631 0
3 4930 rs4683211 46345413 1 0.00660434316244046 46345413 46345413 0
3 5040 rs9834639 48659009 1 0.00648960992375442 48659009 48659009 0
3 8472 rs7639047 87173731 1 0.00646771678518848 87173731 87173731 0
3 14767 rs9838303 161654395 2 0.00639206918150094 161654395 161654395 0
3 6048 rs10510836 60288428 1 -0.00634709089163747 60288428 60288428 0
3 5195 rs11927897 51929183 1 0.00634409576961587 51929183 51929183 0
3 10079 rs4682068 111680469 1 -0.00631732661088255 111680469 111680469 0
3 7076 rs12714748 68955591 1 0.00628082869262839 68955591 68955591 0
3 3511 rs973404 30594586 1 -0.00620576841314189 30594586 30594586 0
3 5241 rs3774354 52817675 1 0.00618310349592375 52817675 52817675 0
3 615 rs9311513 5432114 1 0.00617010266620012 5432114 5432114 0
3 3350 rs9835541 29459473 1 0.00607731610840496 29459473 29459473 0
3 11465 rs9838753 125161022 2 0.00606005027184937 125161022 125161022 0
3 15515 rs7645615 170648237 1 -0.00605917191322495 170648237 170648237 0
3 16651 rs7620519 184306559 1 0.0060488718992252 184306559 184306559 0
3 7312 rs9828619 71626123 1 0.00596651542405318 71626123 71626123 0
3 2268 rs4292253 20605302 2 0.005963974241057 20605302 20605302 0
3 11862 rs4688834 129668219 1 -0.0059503644012061 129668219 129668219 0
3 13391 rs6806643 146177923 1 -0.00592122599266344 146177923 146177923 0
3 5908 rs2366696 59449029 2 -0.00589350468508026 59449029 59449029 0
3 13152 rs727115 143294787 2 -0.0058910504137789 143294787 143294787 0
3 5733 rs4681977 57388346 1 -0.00587054054799601 57388346 57388346 0
3 1004 rs7647092 8528431 1 0.00586843361070362 8528431 8528431 0
3 9499 rs9876767 105449793 1 -0.00584030128932384 105449793 105449793 0
3 3583 rs9842693 30910552 1 -0.0058385819406449 30910552 30910552 0
3 9332 rs1731649 103801180 1 0.00583819481053756 103801180 103801180 0
3 13633 rs4681521 149230137 1 0.00583076499158537 149230137 149230137 0
3 7353 rs9840945 72121884 1 0.00582737968522151 72121884 72121884 0
3 9704 rs13093976 107864963 1 -0.00581292901720032 107864963 107864963 0
3 14184 rs16824794 155001447 1 0.00580893639076099 155001447 155001447 0
3 3521 rs11924422 30677484 2 0.00579992374351709 30677484 30677484 0
3 11050 rs148776238 121340955 1 -0.00577555556809391 121340955 121340955 0
3 15874 rs6443300 174985106 1 -0.00576793212568955 174985106 174985106 0
3 13146 rs10513210 143278231 1 0.00576584639891594 143278231 143278231 0
3 608 rs1874972 5319430 1 0.00575377902817333 5319430 5319430 0
3 8761 rs4857185 95912089 2 -0.00571681387689777 95912089 95912089 0
3 16775 rs3732940 185867637 2 -0.00571584962042942 185867637 185867637 0
3 13102 rs990739 142926765 2 -0.00571246694612662 142926765 142926765 0
3 14608 rs583911 159710390 1 0.00566648420645089 159710390 159710390 0
3 6608 rs9860730 64701146 1 -0.00566504457680587 64701146 64701146 0
3 3176 rs669607 28071444 2 -0.00562916800491278 28071444 28071444 0
3 8887 rs4857405 98310966 1 0.00562356299802275 98310966 98310966 0
3 13769 rs3971191 151041513 2 0.00558606127209759 151041513 151041513 0
3 2703 rs6799137 23214269 1 -0.00555260992372215 23214269 23214269 0
3 7266 rs9837992 70959438 2 -0.00554386672281839 70959438 70959438 0
3 12193 rs2369832 132437390 2 -0.00552136567230621 132437390 132437390 0
3 6346 rs6445293 62703006 2 -0.00551235554330597 62703006 62703006 0
3 15921 rs16826391 175630353 1 -0.00551155961070567 175630353 175630353 0
3 2435 rs7619318 21673600 1 0.00546435284286084 21673600 21673600 0
3 17259 rs6444462 190554485 1 0.00545666243126583 190554485 190554485 0
3 9810 rs4522770 108611057 2 0.00544013340356089 108611057 108611057 0
3 422 rs2060642 3581077 1 -0.005410234556971 3581077 3581077 0
3 10075 rs3749298 111672825 1 -0.00539531455361077 111672825 111672825 0
3 7267 rs13065564 70965044 1 -0.00538687857803287 70965044 70965044 0
3 14366 rs16827528 157078151 1 0.00538043288404038 157078151 157078151 0
3 11420 rs2981546 124746049 1 -0.00536165524469986 124746049 124746049 0
3 4903 rs13318088 45862804 1 -0.00524981036277271 45862804 45862804 0
3 10767 rs2117768 118800404 2 -0.00522439913101768 118800404 118800404 0
3 13785 rs1907637 151104838 1 -0.00522028379704377 151104838 151104838 0
3 16602 rs2231224 183901281 1 0.00518892453901752 183901281 183901281 0
3 7993 rs9853372 81481169 1 0.00516568316069201 81481169 81481169 0
3 13788 rs10935844 151128895 1 -0.00511423978682057 151128895 151128895 0
3 674 rs6791121 5926673 1 0.00508763154632976 5926673 5926673 0
3 10182 rs1387015 112528969 1 -0.00506880647380782 112528969 112528969 0
3 11842 rs4688772 129432347 1 0.00505225123373798 129432347 129432347 0
3 14624 rs7638698 159880446 1 -0.00504386131304118 159880446 159880446 0
3 16632 rs4912490 184161735 1 0.00501996224814008 184161735 184161735 0
3 7543 rs6795429 73967610 1 0.00501866489790328 73967610 73967610 0
3 6402 rs4688376 63094473 2 -0.00500006999135769 63094473 63094473 0
3 11657 rs4637240 127150025 1 0.00497566119504616 127150025 127150025 0
3 10204 rs3732814 112724336 1 0.00495391436082569 112724336 112724336 0
3 6567 rs6445401 64396762 1 0.00492414693888863 64396762 64396762 0
3 5042 rs2276852 48666923 1 0.00489721466986653 48666923 48666923 0
3 17692 rs2014220 196312124 1 0.00486263953751536 196312124 196312124 0
3 2949 rs12497123 25388313 1 0.00485643056048615 25388313 25388313 0
3 15908 rs4243412 175282048 1 -0.00483525176268198 175282048 175282048 0
3 17017 rs9867814 187877584 1 0.00481957024406797 187877584 187877584 0
3 15986 rs2862481 176294153 2 0.0047654314207344 176294153 176294153 0
3 6639 rs2280587 64907334 1 0.00475313508713494 64907334 64907334 0
3 6743 rs704463 65753176 1 0.00472628155505625 65753176 65753176 0
3 8889 rs7639655 98370840 1 0.00470975796552349 98370840 98370840 0
3 11637 rs12495245 126992473 1 0.0046859157509821 126992473 126992473 0
3 2397 rs11914832 21508433 1 0.00464458497041681 21508433 21508433 0
3 415 rs7633914 3527685 2 0.00463667169956138 3527685 3527685 0
3 6845 rs1001689 66843365 1 0.00462533450559208 66843365 66843365 0
3 14367 rs9883822 157080331 1 0.00459620317561204 157080331 157080331 0
3 8473 rs9852738 87175298 1 0.0045843645091291 87175298 87175298 0
3 3447 rs1434004 30134608 1 -0.00456299607761034 30134608 30134608 0
3 17153 rs7619556 189552371 1 0.00456118795222243 189552371 189552371 0
3 2025 rs6577604 17987400 1 -0.00453406455843947 17987400 17987400 0
3 17586 rs4677746 194514108 1 -0.00453323235330936 194514108 194514108 0
3 16981 rs2590453 187667808 1 -0.00452985068220523 187667808 187667808 0
3 11739 rs4857911 128314776 1 0.00451966889272697 128314776 128314776 0
3 16871 rs257101 186778828 1 0.00449962753032604 186778828 186778828 0
3 1868 rs2881514 16553680 1 0.00448157671640392 16553680 16553680 0
3 6563 rs17070497 64341819 1 -0.00447859168521885 64341819 64341819 0
3 69 rs1531913 565961 1 -0.00447780015848045 565961 565961 0
3 11990 rs12632399 131068509 1 -0.00445683095860921 131068509 131068509 0
3 1090 rs2600164 9312398 2 0.00444327899256718 9312398 9312398 0
3 3728 rs9835916 32343840 1 0.00440558920778768 32343840 32343840 0
3 2515 rs17641808 21943191 1 0.00438505833006941 21943191 21943191 0
3 15405 rs721808 169274648 1 -0.00436581633559576 169274648 169274648 0
3 13128 rs9849797 143129061 1 -0.00435713367456518 143129061 143129061 0
3 3492 rs7653262 30443869 1 0.00435659196824958 30443869 30443869 0
3 9992 rs2634553 111050246 1 0.00434842959899578 111050246 111050246 0
3 15506 rs3732927 170586057 1 -0.00433418241110391 170586057 170586057 0
3 10821 rs6763561 119145512 2 0.00431400466054335 119145512 119145512 0
3 16851 rs11716002 186613364 1 -0.00430306466636603 186613364 186613364 0
3 13039 rs28910271 142269075 1 0.00425840144562211 142269075 142269075 0
3 15718 rs3844523 173322248 1 0.00423777988983286 173322248 173322248 0
3 11851 rs1085071 129561896 1 -0.00419668208828538 129561896 129561896 0
3 5365 rs12629593 54104178 2 -0.00417211674199349 54104178 54104178 0
3 1369 rs2618385 12050397 1 0.00415414910894941 12050397 12050397 0
3 10414 rs7638530 115441608 1 0.00413446570863578 115441608 115441608 0
3 14149 rs7630004 154287700 1 -0.00412631199684941 154287700 154287700 0
3 13726 rs12638863 150533002 2 -0.00410571889425756 150533002 150533002 0
3 16617 rs1687230 184003194 1 0.00406875850968575 184003194 184003194 0
3 3807 rs6780220 33087200 1 0.00405980827857046 33087200 33087200 0
3 5701 rs11130549 56880444 1 0.00404646310073999 56880444 56880444 0
3 14350 rs2086667 156836517 1 -0.00403095739014999 156836517 156836517 0
3 4390 rs6781117 39463436 2 -0.00402044204051399 39463436 39463436 0
3 5495 rs358017 55128571 1 -0.00401786056889398 55128571 55128571 0
3 12576 rs2880858 136949826 1 -0.00399500008049451 136949826 136949826 0
3 8525 rs6809560 87983041 1 0.00398413310898633 87983041 87983041 0
3 15386 rs6783972 169209897 1 0.0039567938030501 169209897 169209897 0
3 15753 rs9821957 173858380 1 0.0039522351338305 173858380 173858380 0
3 11088 rs6438689 121665702 1 -0.0039483947929632 121665702 121665702 0
3 11743 rs1126828 128344786 1 -0.00394711000589308 128344786 128344786 0
3 5910 rs6803293 59452332 1 0.00393516276016981 59452332 59452332 0
3 2498 rs2620535 21905595 1 0.00393129141110869 21905595 21905595 0
3 16979 rs7651910 187655626 1 -0.00391411862934326 187655626 187655626 0
3 12664 rs6780412 137748979 1 0.00390807055112889 137748979 137748979 0
3 4319 rs11129806 38782737 1 0.00386244383247878 38782737 38782737 0
3 5246 rs3617 52833805 1 0.0038351664044293 52833805 52833805 0
3 1062 rs2252592 9069133 1 -0.00381383278142888 9069133 9069133 0
3 7706 rs4855997 77014498 2 0.00381332976405052 77014498 77014498 0
3 7466 rs3213822 73540081 1 -0.00380924193000273 73540081 73540081 0
3 11676 rs9828443 127421486 2 0.00380621518130854 127421486 127421486 0
3 14613 rs574808 159732983 1 0.00379889819414185 159732983 159732983 0
3 432 rs4685669 3667994 1 -0.00379266245329403 3667994 3667994 0
3 9698 rs7622560 107744023 1 -0.00378797077533108 107744023 107744023 0
3 5920 rs7615380 59570968 1 -0.00377996185846076 59570968 59570968 0
3 11589 rs4679241 126135774 1 0.00375668401251948 126135774 126135774 0
3 6610 rs4422297 64704860 1 0.00372460050950333 64704860 64704860 0
3 17014 rs9852144 187842721 2 -0.00371117620214047 187842721 187842721 0
3 10242 rs11706932 112923015 2 0.00370053525855595 112923015 112923015 0
3 9175 rs11720464 101968917 1 0.00369415301561735 101968917 101968917 0
3 7265 rs6790743 70957896 2 -0.00367283417767301 70957896 70957896 0
3 7391 rs8179915 72663045 1 -0.0036606289843441 72663045 72663045 0
3 11835 rs9847824 129317585 1 -0.00365569566710214 129317585 129317585 0
3 6638 rs2280585 64907284 1 0.00362339168005427 64907284 64907284 0
3 5524 rs358783 55335095 1 0.00362212469175304 55335095 55335095 0
3 8949 rs2670338 99162536 2 0.00361164716275397 99162536 99162536 0
3 9103 rs7630546 100892487 1 -0.00359735802272373 100892487 100892487 0
3 2704 rs3922891 23217338 1 -0.00357388109103225 23217338 23217338 0
3 7234 rs1388436 70564274 1 -0.00357282296686495 70564274 70564274 0
3 12199 rs6779839 132494523 2 0.00356479113351032 132494523 132494523 0
3 15707 rs9290468 172986183 1 -0.00355438789115499 172986183 172986183 0
3 10507 rs9863866 116320333 1 -0.00352323203230413 116320333 116320333 0
3 278 rs1720201 2338231 1 -0.00351340481900268 2338231 2338231 0
3 2825 rs6795607 24631165 1 0.00349517896888861 24631165 24631165 0
3 14609 rs2243131 159712058 1 0.00347485914676893 159712058 159712058 0
3 4056 rs9311120 35926289 2 -0.00346657261862231 35926289 35926289 0
3 383 rs3914769 3304982 1 0.00339300167509361 3304982 3304982 0
3 11319 rs555540 124166965 1 0.0033899354522382 124166965 124166965 0
3 15870 rs6768672 174940266 2 0.00338228009281645 174940266 174940266 0
3 2438 rs1352646 21689964 1 0.00333907152455356 21689964 21689964 0
3 7048 rs1398072 68643676 1 -0.00333351578665641 68643676 68643676 0
3 10216 rs1574478 112829996 1 -0.00332592954794141 112829996 112829996 0
3 9815 rs2399250 108619666 1 -0.00332163155390689 108619666 108619666 0
3 16807 rs6788635 186328121 1 -0.00331358896624464 186328121 186328121 0
3 13105 rs9857832 142980880 1 -0.00328811097209416 142980880 142980880 0
3 430 rs4684400 3657425 1 -0.00327949233642393 3657425 3657425 0
3 10094 rs13096825 111724401 2 0.00326090986256635 111724401 111724401 0
3 798 rs12491369 6789265 1 0.00323127819886359 6789265 6789265 0
3 16079 rs16828425 177374604 1 -0.00321917334182309 177374604 177374604 0
3 2092 rs6805368 18960276 1 -0.00320933920379552 18960276 18960276 0
3 17540 rs1472075 193706323 1 -0.00319874721102301 193706323 193706323 0
3 14122 rs357468 153898560 1 -0.00319868796595829 153898560 153898560 0
3 2099 rs9846656 19420687 1 0.00319701821948569 19420687 19420687 0
3 11350 rs621260 124352070 1 0.0031925395468822 124352070 124352070 0
3 13181 rs7645701 143442774 1 -0.00317234724241671 143442774 143442774 0
3 9603 rs10511259 106528163 1 -0.00316279183479033 106528163 106528163 0
3 9264 rs10937540 103359218 1 -0.00314537040125432 103359218 103359218 0
3 14412 rs963354 157393770 2 0.00314427265049018 157393770 157393770 0
3 7369 rs4677138 72347479 1 0.003136579530578 72347479 72347479 0
3 7803 rs17832529 78056120 1 -0.00313460895841049 78056120 78056120 0
3 3154 rs9817112 27827733 1 -0.00312683046026367 27827733 27827733 0
3 14632 rs6797357 160327589 1 0.00312638072876314 160327589 160327589 0
3 9129 rs2554962 101445118 1 0.00312520038440071 101445118 101445118 0
3 78 rs13066393 729510 1 -0.00312421781932424 729510 729510 0
3 11144 rs9834317 122089359 1 0.00311767962494375 122089359 122089359 0
3 6137 rs1447927 60787599 1 0.00311249913345097 60787599 60787599 0
3 7343 rs4365591 72021775 1 0.00309965080295247 72021775 72021775 0
3 16035 rs6784900 176647385 2 0.00307831954769381 176647385 176647385 0
3 12179 rs55825559 132221139 1 0.00305878670112547 132221139 132221139 0
3 2789 rs7619754 24271599 1 0.00305448008953451 24271599 24271599 0
3 17074 rs6765588 188916053 1 0.00304949089656346 188916053 188916053 0
3 16902 rs35224605 187088923 1 0.0030182412952896 187088923 187088923 0
3 2150 rs12636856 20136959 2 0.0030131722628529 20136959 20136959 0
3 2997 rs2114456 25984884 1 -0.00300933107794969 25984884 25984884 0
3 2706 rs6550742 23226298 1 -0.00299110741650283 23226298 23226298 0
3 9104 rs1484232 100895508 1 -0.00298679718276073 100895508 100895508 0
3 8556 rs2344953 88532215 1 -0.00297890264616481 88532215 88532215 0
3 912 rs4684558 7897821 2 0.00297688997733763 7897821 7897821 0
3 17460 rs3952738 192614483 2 -0.00297546032245476 192614483 192614483 0
3 14636 rs4679904 160340896 1 0.00297231171345764 160340896 160340896 0
3 13118 rs6440165 143097448 1 -0.00296576327178019 143097448 143097448 0
3 15416 rs7644900 169372156 1 0.00296443703564602 169372156 169372156 0
3 13908 rs7650390 152222960 1 -0.00295978601161095 152222960 152222960 0
3 13652 rs12494839 149386105 2 0.00295930010478985 149386105 149386105 0
3 17680 rs11919443 196048895 1 0.00295001871069449 196048895 196048895 0
3 4991 rs2227294 46902129 1 0.00294943610419454 46902129 46902129 0
3 3864 rs12493220 33901914 1 -0.00294298779738683 33901914 33901914 0
3 17280 rs2063421 190801723 1 0.00293845805117926 190801723 190801723 0
3 3814 rs4074415 33161745 1 0.00292743596726853 33161745 33161745 0
3 17456 rs2133865 192592587 1 -0.00292056370560667 192592587 192592587 0
3 15611 rs6445047 171937014 1 0.0029088478980876 171937014 171937014 0
3 1166 rs697231 10346421 2 -0.00290000281467093 10346421 10346421 0
3 12772 rs16849220 139348518 1 0.00289014915618529 139348518 139348518 0
3 8486 rs11713655 87374853 2 0.00288100684447243 87374853 87374853 0
3 15493 rs475647 170465382 2 0.00287600485854093 170465382 170465382 0
3 14971 rs13070763 164088664 1 0.00287149003066282 164088664 164088664 0
3 3389 rs3773050 29554121 1 -0.0028561939291266 29554121 29554121 0
3 13583 rs17787392 148867126 1 0.00284924673440389 148867126 148867126 0
3 5552 rs815466 55671759 1 -0.00283973950839324 55671759 55671759 0
3 1437 rs7643321 12663233 1 0.00283473545095021 12663233 12663233 0
3 16489 rs7623174 183234142 1 0.00283420373993892 183234142 183234142 0
3 10574 rs9289067 116803821 1 0.00282622529444358 116803821 116803821 0
3 2901 rs9872920 25054852 1 0.00282602893452558 25054852 25054852 0
3 4675 rs146063264 42599171 1 0.00281239869205398 42599171 42599171 0
3 13219 rs13078077 143853149 1 0.00279502204144611 143853149 143853149 0
3 14874 rs9682116 162486664 1 -0.00277118266481648 162486664 162486664 0
3 16323 rs1404743 179873285 2 -0.0027389551835102 179873285 179873285 0
3 52 rs435917 286552 1 0.00273437052473148 286552 286552 0
3 3830 rs12632512 33225343 1 -0.00273422250681759 33225343 33225343 0
3 9765 rs11922147 108311784 1 0.00272039785462234 108311784 108311784 0
3 10897 rs4687887 119515585 1 0.00271695385352409 119515585 119515585 0
3 13739 rs1703802 150748151 1 -0.00271034979461418 150748151 150748151 0
3 17736 rs7616998 197241877 1 -0.00270590654513787 197241877 197241877 0
3 7174 rs6796248 69728231 2 -0.00269324798553158 69728231 69728231 0
3 8891 rs3796139 98378701 1 0.0026775680483396 98378701 98378701 0
3 11094 rs9824120 121717577 1 0.00267580205487663 121717577 121717577 0
3 8606 rs9864351 88985151 1 -0.0026672479227336 88985151 88985151 0
3 14014 rs16822470 152987718 2 -0.00265604916445465 152987718 152987718 0
3 1956 rs1806555 17016794 2 0.00264674929157582 17016794 17016794 0
3 8968 rs12486836 99331072 1 0.00260988617857691 99331072 99331072 0
3 2077 rs9284846 18790702 1 -0.00260001559697221 18790702 18790702 0
3 2876 rs10510553 24966768 2 -0.00259929394308876 24966768 24966768 0
3 3873 rs13080359 33956494 1 0.00259751910937552 33956494 33956494 0
3 15514 rs9874863 170633001 1 -0.00257242026039069 170633001 170633001 0
3 10519 rs11923399 116413273 1 -0.00256042051450779 116413273 116413273 0
3 17059 rs13080902 188573860 2 -0.00255852772932139 188573860 188573860 0
3 8741 rs7615218 95773241 1 0.00254465728489267 95773241 95773241 0
3 7264 rs9839462 70930264 1 0.00253415898080072 70930264 70930264 0
3 11086 rs9829181 121663962 2 -0.00253059680720259 121663962 121663962 0
3 4810 rs3804583 44884647 1 -0.00252984723463392 44884647 44884647 0
3 3354 rs9863789 29476873 2 -0.00251380640781286 29476873 29476873 0
3 12451 rs11928139 135045517 1 0.0024927507602558 135045517 135045517 0
3 7232 rs4638930 70528833 1 0.00248298024972693 70528833 70528833 0
3 16756 rs2251407 185654924 2 -0.00248259971126093 185654924 185654924 0
3 3564 rs1393749 30848365 1 0.0024695709148994 30848365 30848365 0
3 11029 rs6438626 121133548 1 -0.00246090315182173 121133548 121133548 0
3 793 rs345236 6768950 1 -0.00245627402594675 6768950 6768950 0
3 1968 rs7652293 17077731 1 0.0024557226913336 17077731 17077731 0
3 12650 rs988140 137637478 1 -0.0024429882961768 137637478 137637478 0
3 4396 rs816491 39555497 1 0.00243798488943814 39555497 39555497 0
3 7511 rs9829115 73766044 2 0.00243403643776607 73766044 73766044 0
3 87 rs1403919 857458 1 -0.00242883427647795 857458 857458 0
3 5351 rs3733082 53914093 1 -0.00239783132286123 53914093 53914093 0
3 2244 rs6550532 20507621 1 0.00238063390216141 20507621 20507621 0
3 642 rs2437215 5787078 1 -0.00235394696280008 5787078 5787078 0
3 10588 rs6800555 117045006 1 0.00234909715863528 117045006 117045006 0
3 11602 rs139894266 126222856 1 -0.00234178786012906 126222856 126222856 0
3 16869 rs2268536 186756908 1 0.00234009998245098 186756908 186756908 0
3 1375 rs308971 12116620 1 0.00233915081259863 12116620 12116620 0
3 7381 rs9870697 72505316 1 0.00233167466256789 72505316 72505316 0
3 8878 rs1461161 98284283 1 -0.00231974829852248 98284283 98284283 0
3 14985 rs75600625 164311129 1 -0.00231917909790644 164311129 164311129 0
3 6232 rs585388 61728831 1 -0.00230208464358961 61728831 61728831 0
3 268 rs1153535 2254736 1 0.00230049479860447 2254736 2254736 0
3 14254 rs819867 155723064 1 0.00230018781809668 155723064 155723064 0
3 12545 rs4678285 136781083 1 0.0022688327195153 136781083 136781083 0
3 473 rs17037518 3885609 1 0.00226254479710784 3885609 3885609 0
3 10749 rs2160052 118641879 1 -0.00226153492243755 118641879 118641879 0
3 2721 rs7610906 23494496 2 0.00226101499778333 23494496 23494496 0
3 2739 rs7609845 23615762 2 0.00225302224505081 23615762 23615762 0
3 16292 rs3821798 179639199 1 -0.00225231360747405 179639199 179639199 0
3 13592 rs9827666 148962041 1 -0.00225008480818201 148962041 148962041 0
3 1850 rs4685330 16417485 2 -0.00224732703493706 16417485 16417485 0
3 6162 rs12108196 61042317 1 0.00224635060219519 61042317 61042317 0
3 17302 rs7637404 190981868 1 0.00224218072434704 190981868 190981868 0
3 4400 rs816504 39613992 1 -0.00224144922421879 39613992 39613992 0
3 1544 rs729639 13826854 1 0.00223588961414223 13826854 13826854 0
3 8055 rs10514737 82148325 1 -0.00222761807850052 82148325 82148325 0
3 15391 rs7613029 169233179 1 -0.0022163817446636 169233179 169233179 0
3 5445 rs17054227 54651208 1 0.00220664459001051 54651208 54651208 0
3 5691 rs1392702 56833979 2 -0.00219303491776915 56833979 56833979 0
3 14532 rs7610202 158731993 1 -0.00219089733556157 158731993 158731993 0
3 4378 rs11710546 39306219 1 -0.00218586227563796 39306219 39306219 0
3 4428 rs17067271 40003159 1 0.00218226336899285 40003159 40003159 0
3 13555 rs3772589 148574505 1 0.00218176664338537 148574505 148574505 0
3 17522 rs533857 193527389 1 0.0021806455538152 193527389 193527389 0
3 1883 rs17272614 16670272 2 -0.0021767385650339 16670272 16670272 0
3 10049 rs13323152 111591934 1 -0.00217021889543527 111591934 111591934 0
3 16459 rs3732595 183029331 1 0.00216325646438731 183029331 183029331 0
3 14557 rs9871574 159098996 1 0.00215030797226308 159098996 159098996 0
3 125 rs4684830 1260260 1 0.00214833715123338 1260260 1260260 0
3 13167 rs1530650 143389999 1 -0.00214598615862728 143389999 143389999 0
3 7373 rs9682388 72354566 1 0.00214528614560425 72354566 72354566 0
3 3141 rs3806624 27764623 1 0.00214383777666188 27764623 27764623 0
3 4922 rs7652290 46299765 1 0.00213873309758042 46299765 46299765 0
3 11015 rs390950 120583633 1 -0.00213870214348006 120583633 120583633 0
3 13151 rs6763515 143293348 1 0.00212827944245616 143293348 143293348 0
3 5828 rs6445975 58370177 1 0.00212477285620414 58370177 58370177 0
3 10681 rs16828422 118146818 1 -0.00211182913819 118146818 118146818 0
3 5467 rs4245919 54948936 1 0.00210962730174021 54948936 54948936 0
3 8594 rs1483479 88862307 1 -0.00208102660322279 88862307 88862307 0
3 17555 rs7642341 194096787 2 -0.00208063079169453 194096787 194096787 0
3 12041 rs9850812 131460681 1 -0.00207388379788215 131460681 131460681 0
3 9478 rs16851279 105266274 1 0.00207257755728642 105266274 105266274 0
3 14495 rs6792827 158545195 1 0.00205958987323815 158545195 158545195 0
3 7506 rs1511519 73748123 1 -0.00205361727593902 73748123 73748123 0
3 1382 rs310766 12233482 1 0.00205289744132545 12233482 12233482 0
3 11277 rs1471701 123378837 1 -0.00205278353618451 123378837 123378837 0
3 950 rs17048416 7989144 1 -0.00205202813704551 7989144 7989144 0
3 7767 rs10779982 77678306 1 0.00204654437924618 77678306 77678306 0
3 4458 rs939075 40165048 2 0.0020441767761597 40165048 40165048 0
3 610 rs9311480 5332265 1 -0.00203574522999995 5332265 5332265 0
3 14521 rs340260 158634689 2 0.00202827786766314 158634689 158634689 0
3 2451 rs11710743 21732114 1 -0.00200551373981876 21732114 21732114 0
3 3733 rs9875310 32348195 1 0.00199801857763384 32348195 32348195 0
3 590 rs9311419 4880671 1 0.00199042654619106 4880671 4880671 0
3 16446 rs580116 182872446 1 0.00198878987689136 182872446 182872446 0
3 16235 rs7641889 178886609 1 0.00197275742385253 178886609 178886609 0
3 8119 rs13325164 82922156 1 0.00197078524078936 82922156 82922156 0
3 3806 rs4679074 33082656 2 0.00196413269248437 33082656 33082656 0
3 17502 rs902192 193111865 2 -0.00196200620979721 193111865 193111865 0
3 9257 rs10804937 103308760 1 0.00195937325178997 103308760 103308760 0
3 7999 rs6783132 81534944 1 0.00195200395110064 81534944 81534944 0
3 14369 rs4680359 157085697 1 0.00194468402546938 157085697 157085697 0
3 6612 rs4132228 64708114 1 0.00194388610296104 64708114 64708114 0
3 4462 rs12486603 40195302 1 0.00193113272964727 40195302 40195302 0
3 13561 rs4681161 148609045 1 0.00193087246061541 148609045 148609045 0
3 252 rs9878112 2074515 1 0.00193032273265805 2074515 2074515 0
3 11738 rs6772849 128306418 2 0.00192979745679414 128306418 128306418 0
3 1381 rs11924163 12210153 1 0.00192347733582744 12210153 12210153 0
3 1160 rs11718213 10325950 1 -0.00192250466531133 10325950 10325950 0
3 6887 rs6765905 67163881 1 -0.00191539497923576 67163881 67163881 0
3 8940 rs1481544 99113228 1 0.00191368427992014 99113228 99113228 0
3 13367 rs9289713 145824025 1 0.00190817152674663 145824025 145824025 0
3 14145 rs1160335 154258918 2 -0.00189549602880769 154258918 154258918 0
3 11729 rs7629415 128241100 1 0.00189199124987936 128241100 128241100 0
3 361 rs168165 3017397 1 0.00188765284754404 3017397 3017397 0
3 701 rs6792001 6106251 1 0.0018840062645842 6106251 6106251 0
3 12292 rs13059279 133241106 1 -0.00187421152229951 133241106 133241106 0
3 6747 rs984038 65762252 1 0.00187354015526505 65762252 65762252 0
3 11452 rs6766250 124919384 2 -0.00186637044973727 124919384 124919384 0
3 13064 rs9681405 142547417 1 -0.00186119279816616 142547417 142547417 0
3 4412 rs1918022 39814559 1 0.0018545365754651 39814559 39814559 0
3 16101 rs13322501 177593124 1 0.00185213010735184 177593124 177593124 0
3 7994 rs17018940 81502116 1 0.00185138506978015 81502116 81502116 0
3 11267 rs16834404 123253000 1 -0.00184985462270604 123253000 123253000 0
3 8894 rs828588 98433611 1 -0.00184896203092331 98433611 98433611 0
3 13741 rs6440717 150792444 1 0.00183364171628432 150792444 150792444 0
3 8640 rs6551407 89270605 1 0.00183220609909007 89270605 89270605 0
3 17617 rs12495970 194928138 1 0.00182835927074989 194928138 194928138 0
3 8243 rs1146751 84889597 1 -0.00182547389838576 84889597 84889597 0
3 3611 rs7614625 31105718 1 -0.00181900883301531 31105718 31105718 0
3 7776 rs11922844 77742421 1 0.00181612086557317 77742421 77742421 0
3 13489 rs6764882 147787204 1 0.00180711211418957 147787204 147787204 0
3 14510 rs340247 158601646 2 0.00180374902440982 158601646 158601646 0
3 11284 rs9289225 123536043 2 0.00180305538521943 123536043 123536043 0
3 11681 rs3773142 127432605 2 0.00180052700808386 127432605 127432605 0
3 1074 rs382530 9156817 2 0.00179764502215776 9156817 9156817 0
3 305 rs9878978 2485969 1 -0.00179114754787208 2485969 2485969 0
3 2460 rs957590 21752155 1 0.00178981387118221 21752155 21752155 0
3 13728 rs4679984 150542825 1 -0.00178508286173793 150542825 150542825 0
3 9445 rs9863924 104773065 1 0.00178131019379415 104773065 104773065 0
3 15991 rs9815008 176382972 1 -0.00177703616844277 176382972 176382972 0
3 8406 rs11926519 86356130 1 -0.00177680795164337 86356130 86356130 0
3 16638 rs9878757 184189633 1 0.00176705026232611 184189633 184189633 0
3 7238 rs6762974 70595849 1 0.00176398216376011 70595849 70595849 0
3 969 rs1850267 8152315 1 -0.00175959673277492 8152315 8152315 0
3 2043 rs7641175 18311412 1 0.00175926873230659 18311412 18311412 0
3 15723 rs901884 173487044 1 0.00174787793347194 173487044 173487044 0
3 9734 rs10511271 108114572 1 -0.00173970579725475 108114572 108114572 0
3 5694 rs1344142 56857433 1 -0.00173694561737167 56857433 56857433 0
3 3613 rs7642758 31107702 1 -0.00173592540031019 31107702 31107702 0
3 14016 rs9824588 153022780 1 -0.00173250101486601 153022780 153022780 0
3 10421 rs2944401 115561556 1 -0.00173164785989268 115561556 115561556 0
3 14493 rs6793618 158539961 1 -0.00172636154151881 158539961 158539961 0
3 17092 rs7627569 189196851 1 -0.00171388691928638 189196851 189196851 0
3 2836 rs17015018 24708172 1 0.0017044323390763 24708172 24708172 0
3 9849 rs6807870 108950809 1 0.00170395184435575 108950809 108950809 0
3 13155 rs4839603 143311260 1 -0.00169942130115935 143311260 143311260 0
3 14977 rs892765 164170151 2 -0.00169367146805153 164170151 164170151 0
3 14633 rs7641978 160328337 1 0.00168773402074137 160328337 160328337 0
3 12231 rs7653397 132685171 1 -0.00167831201216255 132685171 132685171 0
3 3532 rs1864615 30699782 1 0.00167282051713233 30699782 30699782 0
3 12788 rs10804671 139439183 2 -0.00167128641024559 139439183 139439183 0
3 2753 rs2001209 23962646 1 0.0016710940130746 23962646 23962646 0
3 6664 rs9790242 65103850 1 -0.00167071342245048 65103850 65103850 0
3 2189 rs1567200 20256157 1 -0.00166726274332816 20256157 20256157 0
3 5546 rs511843 55552815 2 -0.00166569271346901 55552815 55552815 0
3 14177 rs16824641 154876320 2 0.00166504260837368 154876320 154876320 0
3 9488 rs1157 105295461 1 -0.00165705132368474 105295461 105295461 0
3 7354 rs10746538 72126831 1 0.00165380827693282 72126831 72126831 0
3 791 rs978658 6766178 1 -0.00164943081798996 6766178 6766178 0
3 1809 rs6804033 16215261 1 -0.00164777708861976 16215261 16215261 0
3 8014 rs13320194 81720076 1 -0.00164115059242814 81720076 81720076 0
3 3022 rs12629714 26522419 1 -0.00163910420001899 26522419 26522419 0
3 6457 rs7618831 63556309 1 0.00163849719004509 63556309 63556309 0
3 3736 rs9682322 32395940 1 -0.00163821041141766 32395940 32395940 0
3 1590 rs6802240 14285238 1 -0.00163767228457405 14285238 14285238 0
3 6648 rs11924641 64948958 2 0.00163445134744335 64948958 64948958 0
3 4187 rs2507941 37536056 1 0.00163379666760432 37536056 37536056 0
3 13650 rs7616812 149365500 1 0.00162026487131513 149365500 149365500 0
3 2942 rs9861454 25381636 1 0.0016178959175664 25381636 25381636 0
3 15752 rs7619523 173850819 1 0.00161026403611423 173850819 173850819 0
3 9113 rs6762738 100923230 2 -0.0016065837660075 100923230 100923230 0
3 5150 rs2236988 50504896 1 -0.00159441302806817 50504896 50504896 0
3 1204 rs17032876 10470911 1 -0.00159363588894922 10470911 10470911 0
3 13094 rs3755740 142836966 1 0.00159246499190434 142836966 142836966 0
3 13711 rs9784335 150159767 1 0.00159018013314321 150159767 150159767 0
3 13186 rs6808041 143506434 1 0.00158723289646833 143506434 143506434 0
3 12931 rs2114514 140766806 1 -0.00158544366549758 140766806 140766806 0
3 7568 rs589344 74392917 1 0.00158329520200818 74392917 74392917 0
3 7605 rs9846280 74805509 1 -0.00158078286604577 74805509 74805509 0
3 17021 rs6809410 187975289 1 -0.00157603784735054 187975289 187975289 0
3 459 rs6797426 3780882 1 -0.00157472036721705 3780882 3780882 0
3 3819 rs12631761 33201336 1 -0.00156980801954268 33201336 33201336 0
3 13211 rs16854874 143774531 1 -0.00156551705377528 143774531 143774531 0
3 12798 rs6789124 139530894 1 -0.00156412952649799 139530894 139530894 0
3 7715 rs6769992 77168168 1 0.00156220496175541 77168168 77168168 0
3 7236 rs11918342 70577591 1 -0.00155505776645001 70577591 70577591 0
3 17232 rs9813227 190340177 2 -0.00155097219552881 190340177 190340177 0
3 15417 rs16854335 169461571 1 0.00153801466348446 169461571 169461571 0
3 7357 rs4677092 72163948 2 -0.00153754369310939 72163948 72163948 0
3 6312 rs35261777 62317005 1 -0.00153264284003054 62317005 62317005 0
3 13349 rs1553977 145660362 1 0.00153237105761224 145660362 145660362 0
3 3623 rs9865612 31173942 1 0.00152688548220488 31173942 31173942 0
3 15669 rs6799845 172591359 1 0.0015268138554016 172591359 172591359 0
3 16095 rs6414476 177470638 2 -0.00151579774636663 177470638 177470638 0
3 15320 rs3851376 168757650 1 -0.00151500918941981 168757650 168757650 0
3 15310 rs13089423 168726724 2 0.00151196679094575 168726724 168726724 0
3 11737 rs6798431 128303373 1 0.00150863911349803 128303373 128303373 0
3 596 rs908072 5041215 2 -0.0015043163276214 5041215 5041215 0
3 16728 rs9832000 185175570 1 -0.00149636148874372 185175570 185175570 0
3 12308 rs1799899 133475812 1 -0.00149514093993484 133475812 133475812 0
3 12281 rs517255 133118054 1 0.00149423630200393 133118054 133118054 0
3 15592 rs13064045 171652849 1 -0.00149019258141183 171652849 171652849 0
3 1798 rs897204 16096066 1 0.00148872598034931 16096066 16096066 0
3 14814 rs9883161 162004273 1 -0.00147935626894689 162004273 162004273 0
3 13603 rs7622141 149062515 1 0.00147427734552626 149062515 149062515 0
3 16248 rs4854991 178997778 1 -0.00147096687684782 178997778 178997778 0
3 5223 rs7638808 52572056 1 -0.00147023168822265 52572056 52572056 0
3 1967 rs17272796 17077268 1 0.00146453264634079 17077268 17077268 0
3 7588 rs6767471 74577921 1 0.00146423315501613 74577921 74577921 0
3 6200 rs11716449 61454724 1 0.00145925594897825 61454724 61454724 0
3 216 rs9814447 1857842 1 -0.00145620438018791 1857842 1857842 0
3 1265 rs7642251 11004257 1 0.00144902790383788 11004257 11004257 0
3 999 rs11718095 8495335 1 0.00144279779641061 8495335 8495335 0
3 17100 rs9863664 189220896 1 0.00144270846512167 189220896 189220896 0
3 4387 rs6806372 39445780 1 0.00143910922606121 39445780 39445780 0
3 16967 rs10049107 187592796 1 0.00143902657392007 187592796 187592796 0
3 1852 rs1864259 16433519 1 0.00143359103234756 16433519 16433519 0
3 14798 rs10513578 161853873 1 0.00143351004207837 161853873 161853873 0
3 16271 rs61760203 179408054 1 -0.00143265768518543 179408054 179408054 0
3 13310 rs9834043 145370402 1 -0.00142886233948183 145370402 145370402 0
3 8474 rs1497418 87176414 1 0.00142795205531503 87176414 87176414 0
3 2730 rs7640458 23530097 1 -0.00142757576157086 23530097 23530097 0
3 6231 rs648546 61727718 2 -0.00142138568237419 61727718 61727718 0
3 2307 rs6793362 21049245 1 -0.00141839733152341 21049245 21049245 0
3 14625 rs9840016 159899731 1 -0.00141728397633916 159899731 159899731 0
3 13354 rs5029231 145701146 1 -0.00141469958414613 145701146 145701146 0
3 14031 rs10433456 153130204 2 0.00141216195560053 153130204 153130204 0
3 3813 rs4074418 33161165 1 0.00140612150863573 33161165 33161165 0
3 1092 rs2600192 9317758 1 -0.00140464804575346 9317758 9317758 0
3 7220 rs9870891 70374190 1 -0.0014027484764451 70374190 70374190 0
3 9080 rs9880062 100598675 1 0.00139492857704314 100598675 100598675 0
3 13797 rs2172248 151174010 1 0.00139312372709253 151174010 151174010 0
3 16965 rs512178 187549526 1 0.00139180273215717 187549526 187549526 0
3 12262 rs6794137 132888446 1 -0.00139005840043808 132888446 132888446 0
3 14351 rs12487629 156852205 2 -0.00138870954319471 156852205 156852205 0
3 7542 rs1405392 73960394 1 -0.00138478460044269 73960394 73960394 0
3 2760 rs4589882 24000496 2 0.00138218108888516 24000496 24000496 0
3 3294 rs1449692 29051853 1 -0.00137974866987154 29051853 29051853 0
3 17311 rs150503 191020976 1 0.00137956728605348 191020976 191020976 0
3 5759 rs6806444 57475351 1 0.00137067550886554 57475351 57475351 0
3 5337 rs6445606 53856050 1 0.00136261103225887 53856050 53856050 0
3 13778 rs7615865 151073033 1 -0.00135604516881649 151073033 151073033 0
3 9602 rs4895039 106523235 2 0.00134762464083924 106523235 106523235 0
3 3353 rs7640471 29462116 1 0.00134603972834996 29462116 29462116 0
3 7526 rs167096 73874699 1 -0.00134367612147604 73874699 73874699 0
3 13637 rs10513354 149250284 1 -0.00134170616944293 149250284 149250284 0
3 982 rs13318406 8212656 1 0.00133963134279992 8212656 8212656 0
3 13722 rs144597450 150398311 1 0.0013337868664823 150398311 150398311 0
3 12320 rs2692682 133594691 1 -0.00132741005588227 133594691 133594691 0
3 6656 rs1983357 64994295 2 0.00132226695104247 64994295 64994295 0
3 5708 rs6445846 57076196 2 0.00132218389749953 57076196 57076196 0
3 4817 rs11547235 45017782 1 -0.00131102201702272 45017782 45017782 0
3 13823 rs12630593 151374176 1 0.00131050855684115 151374176 151374176 0
3 16699 rs6795830 184980371 1 -0.00130634824152226 184980371 184980371 0
3 16857 rs9290841 186666546 1 0.0012999029055571 186666546 186666546 0
3 17727 rs35171992 197116267 1 -0.00129738913137272 197116267 197116267 0
3 7393 rs17010036 72678769 1 0.00129632338554283 72678769 72678769 0
3 6765 rs9823801 65952671 1 0.0012948204291891 65952671 65952671 0
3 978 rs6796806 8195676 2 0.00129211429359863 8195676 8195676 0
3 15848 rs9836841 174814920 1 -0.00128485899407349 174814920 174814920 0
3 17026 rs16863233 188074777 2 -0.00128252458336043 188074777 188074777 0
3 9649 rs1282549 107175486 1 -0.0012790725062995 107175486 107175486 0
3 10162 rs13084615 112338027 1 -0.00127720811980713 112338027 112338027 0
3 3392 rs1530057 29575463 1 -0.00127538199623385 29575463 29575463 0
3 5785 rs1540580 57826107 1 -0.00126513089963709 57826107 57826107 0
3 17718 rs6764023 197034985 1 -0.00126420719847517 197034985 197034985 0
3 17329 rs1609926 191108107 1 0.00126262831283226 191108107 191108107 0
3 11143 rs4491840 122080747 1 0.00126178722050593 122080747 122080747 0
3 14509 rs340251 158599864 2 -0.00126162192219975 158599864 158599864 0
3 3326 rs11129360 29371836 1 0.00126036281759699 29371836 29371836 0
3 3489 rs9866764 30404343 1 0.00125633619844059 30404343 30404343 0
3 7347 rs9829101 72037324 2 0.00125567093990131 72037324 72037324 0
3 17544 rs7628703 193801183 1 0.00125461175796496 193801183 193801183 0
3 4418 rs6797988 39835211 1 0.00125277669642864 39835211 39835211 0
3 15513 rs6444952 170628770 1 0.00124929693884022 170628770 170628770 0
3 15846 rs11928561 174791319 1 0.00124838423052472 174791319 174791319 0
3 13820 rs1402740 151370083 1 -0.00124482622594583 151370083 151370083 0
3 16517 rs10937152 183552998 2 0.00124046086931906 183552998 183552998 0
3 16788 rs1981783 186054149 1 0.00123436819409227 186054149 186054149 0
3 4375 rs4676487 39303147 1 -0.0012282733764456 39303147 39303147 0
3 16846 rs864265 186554292 1 0.00122825144351746 186554292 186554292 0
3 609 rs924358 5327270 1 0.00122654092238486 5327270 5327270 0
3 10517 rs11923597 116382045 1 -0.00122354220460795 116382045 116382045 0
3 9879 rs10511276 109316638 2 -0.00122072856090658 109316638 109316638 0
3 6809 rs3845895 66490125 1 0.00121997179124856 66490125 66490125 0
3 8806 rs9865499 97560465 1 0.00121838683645455 97560465 97560465 0
3 14983 rs16848391 164277837 1 -0.00121575162362329 164277837 164277837 0
3 2054 rs6550461 18468523 2 0.00121537368077561 18468523 18468523 0
3 149 rs17038909 1467145 1 -0.00120904596825859 1467145 1467145 0
3 8433 rs7623440 86602789 1 0.00120607845753414 86602789 86602789 0
3 3298 rs9830779 29067676 1 0.00120542916721276 29067676 29067676 0
3 2791 rs7636335 24280948 1 -0.00119911260372874 24280948 24280948 0
3 3768 rs164214 32498154 1 -0.00118843875856801 32498154 32498154 0
3 17597 rs711993 194680000 1 0.00117677158752828 194680000 194680000 0
3 1677 rs4685218 14894140 1 0.00117669836640435 14894140 14894140 0
3 11599 rs34025926 126219627 1 0.00117453527035099 126219627 126219627 0
3 10741 rs12486625 118588401 2 -0.00117453268246466 118588401 118588401 0
3 14449 rs9867453 157716366 2 0.00117434162237607 157716366 157716366 0
3 7215 rs4974283 70313558 2 -0.0011724760394978 70313558 70313558 0
3 613 rs10510302 5408302 1 -0.00117071235226712 5408302 5408302 0
3 16726 rs894276 185158409 1 -0.00116797356644126 185158409 185158409 0
3 16094 rs6443496 177470593 1 0.00116705060690004 177470593 177470593 0
3 7210 rs7650154 70273983 1 -0.00116112773207429 70273983 70273983 0
3 2380 rs341859 21433365 1 -0.00115503903947335 21433365 21433365 0
3 3177 rs427221 28075985 2 -0.00115393970219688 28075985 28075985 0
3 5500 rs4955830 55179991 1 -0.00114488552767817 55179991 55179991 0
3 14152 rs7626254 154291973 1 0.00114410929892112 154291973 154291973 0
3 11399 rs1007856 124604858 1 0.0011409488022158 124604858 124604858 0
3 12937 rs1533128 140906678 1 -0.0011347664041517 140906678 140906678 0
3 3671 rs9681121 31664171 1 -0.00113024154449315 31664171 31664171 0
3 276 rs2044602 2315400 1 0.00112258133008621 2315400 2315400 0
3 9811 rs12497925 108612271 1 0.00112046542113136 108612271 108612271 0
3 7443 rs791443 73331002 1 0.00110929738874643 73331002 73331002 0
3 12186 rs41272321 132338346 1 -0.00110664803974396 132338346 132338346 0
3 8936 rs1383847 99093509 1 -0.00110631012664993 99093509 99093509 0
3 1479 rs11719364 13192364 1 0.00110600279086148 13192364 13192364 0
3 9854 rs2699975 108970719 1 0.00110570536012709 108970719 108970719 0
3 13169 rs7650371 143398613 1 -0.00110033324341482 143398613 143398613 0
3 469 rs1561801 3850233 1 0.00109681156135024 3850233 3850233 0
3 3213 rs970624 28682296 1 -0.00109532922014974 28682296 28682296 0
3 6921 rs9836798 67469699 1 -0.0010928194426465 67469699 67469699 0
3 15878 rs6769077 175061871 2 0.00109094735235056 175061871 175061871 0
3 17304 rs9856076 190987344 2 0.00108873508275327 190987344 190987344 0
3 16488 rs2971458 183215287 1 0.00107654780969402 183215287 183215287 0
3 5738 rs9870672 57404880 1 -0.00107603069259984 57404880 57404880 0
3 277 rs11915941 2335062 1 -0.00107290353433177 2335062 2335062 0
3 16504 rs17621407 183393037 1 0.00107003153230341 183393037 183393037 0
3 6641 rs1851676 64910843 1 0.00106559928512215 64910843 64910843 0
3 16751 rs2002675 185629568 2 -0.00106156815232236 185629568 185629568 0
3 16260 rs7428403 179180937 2 0.00105981218397461 179180937 179180937 0
3 6748 rs1495453 65762547 2 0.00105822711738448 65762547 65762547 0
3 16124 rs2863110 177864536 1 0.00105287185840987 177864536 177864536 0
3 2402 rs10510513 21561725 1 0.00104598861468924 21561725 21561725 0
3 2813 rs9310740 24422751 2 0.00104585617751386 24422751 24422751 0
3 10183 rs16860075 112530890 1 -0.00104453694502367 112530890 112530890 0
3 11093 rs9868257 121715319 2 0.00104417463007083 121715319 121715319 0
3 2790 rs1466119 24272388 1 0.00104241252089242 24272388 24272388 0
3 864 rs1868616 7505487 1 0.00104097673850051 7505487 7505487 0
3 6452 rs949553 63543254 1 0.00103068079434656 63543254 63543254 0
3 10253 rs4682484 113022870 1 0.00102801847895613 113022870 113022870 0
3 10337 rs7615798 114274333 1 0.00102677751539566 114274333 114274333 0
3 59 rs2272522 361508 1 -0.00102558379045543 361508 361508 0
3 3449 rs9878212 30139266 1 -0.00102481413240855 30139266 30139266 0
3 14572 rs2118322 159417527 1 -0.00102468908965197 159417527 159417527 0
3 6055 rs1882898 60310376 1 0.00102231553664636 60310376 60310376 0
3 16530 rs6792309 183607661 1 -0.00102135775181036 183607661 183607661 0
3 11464 rs4679393 125154388 1 -0.00101695975429843 125154388 125154388 0
3 6814 rs1870033 66689366 1 0.0010160901385872 66689366 66689366 0
3 9413 rs7432288 104652489 1 0.00101558042940192 104652489 104652489 0
3 8078 rs7429328 82542364 1 0.00101405877773239 82542364 82542364 0
3 9628 rs7651766 106938456 1 0.0010129999901323 106938456 106938456 0
3 622 rs17746899 5492484 1 0.00100947404330973 5492484 5492484 0
3 10737 rs9829595 118578547 1 -0.00100892971652443 118578547 118578547 0
3 4389 rs4016652 39461037 2 -0.00100200465332521 39461037 39461037 0
3 120 rs1391917 1215717 1 9.92832290618822e-4 1215717 1215717 0
3 7165 rs6774198 69616385 1 -9.911996646310072e-4 69616385 69616385 0
3 37 rs6442427 211745 1 -9.90450162567985e-4 211745 211745 0
3 9472 rs7613684 105234486 1 -9.87678977789248e-4 105234486 105234486 0
3 6007 rs7642268 60084924 1 -9.830785519240944e-4 60084924 60084924 0
3 13315 rs2459140 145443355 2 -9.814995748801843e-4 145443355 145443355 0
3 9604 rs939452 106529642 1 -9.782361977879609e-4 106529642 106529642 0
3 3881 rs3924979 34039268 1 -9.758283409178384e-4 34039268 34039268 0
3 10627 rs7433883 117563473 1 9.696569034801138e-4 117563473 117563473 0
3 9855 rs2943701 108971725 1 9.658012021423288e-4 108971725 108971725 0
3 17107 rs10513838 189232641 1 9.65562311928542e-4 189232641 189232641 0
3 13646 rs7638140 149347571 1 -9.605954454456504e-4 149347571 149347571 0
3 3693 rs4334676 31945442 1 -9.526852279120048e-4 31945442 31945442 0
3 11223 rs13094003 122680141 1 9.520550521517188e-4 122680141 122680141 0
3 4263 rs171248 38363393 1 9.511368316954134e-4 38363393 38363393 0
3 7089 rs11128107 69047612 1 -9.482142557959064e-4 69047612 69047612 0
3 6954 rs11717561 67678536 1 9.459159256935388e-4 67678536 67678536 0
3 9681 rs6808795 107540714 1 -9.441583403242696e-4 107540714 107540714 0
3 11003 rs373188 120511490 1 9.439292273613068e-4 120511490 120511490 0
3 7226 rs9833791 70453579 1 9.432678120383768e-4 70453579 70453579 0
3 1315 rs2276749 11643465 1 9.419433075429194e-4 11643465 11643465 0
3 1931 rs9846711 16862873 1 -9.384323071024052e-4 16862873 16862873 0
3 11685 rs3773161 127500291 1 9.370016490038991e-4 127500291 127500291 0
3 3744 rs3867381 32415114 2 -9.358472512776996e-4 32415114 32415114 0
3 4906 rs6441929 45924791 1 9.286956308622394e-4 45924791 45924791 0
3 8858 rs6798905 98204198 1 -9.278489308195036e-4 98204198 98204198 0
3 17030 rs9851525 188152306 1 9.273276729100424e-4 188152306 188152306 0
3 6892 rs11128459 67226757 1 9.25096107842184e-4 67226757 67226757 0
3 12194 rs747328 132443661 1 9.20455458338464e-4 132443661 132443661 0
3 4329 rs4420804 38812708 1 9.20233864934147e-4 38812708 38812708 0
3 1570 rs2227999 14199908 1 9.166445524388724e-4 14199908 14199908 0
3 6908 rs7629435 67405492 2 -9.163501071959203e-4 67405492 67405492 0
3 13737 rs9840169 150721400 1 9.15946113998864e-4 150721400 150721400 0
3 14329 rs7650127 156642634 1 9.155666910867504e-4 156642634 156642634 0
3 3481 rs1002661 30388919 1 9.130226190029274e-4 30388919 30388919 0
3 11682 rs3773146 127435191 1 9.127068431750852e-4 127435191 127435191 0
3 12063 rs9856151 131574485 1 -9.12433031470696e-4 131574485 131574485 0
3 13098 rs2352734 142872107 1 -9.107033182150456e-4 142872107 142872107 0
3 9319 rs6437472 103615361 1 9.092898562202644e-4 103615361 103615361 0
3 11633 rs7627541 126980437 1 9.070834578720464e-4 126980437 126980437 0
3 6884 rs6766938 67150565 1 -9.009829824694608e-4 67150565 67150565 0
3 12660 rs3773770 137738930 1 9.004398495482579e-4 137738930 137738930 0
3 5681 rs146406667 56702553 1 8.966769351619263e-4 56702553 56702553 0
3 4243 rs34503588 38136401 1 -8.856807063129636e-4 38136401 38136401 0
3 17068 rs7616752 188879064 1 8.828278801268338e-4 188879064 188879064 0
3 12190 rs2305629 132394556 1 -8.813939594306663e-4 132394556 132394556 0
3 7328 rs937661 71897255 1 8.809981184504132e-4 71897255 71897255 0
3 6082 rs4566489 60439567 1 -8.809633911201362e-4 60439567 60439567 0
3 3907 rs1919624 34538512 1 8.80373246100731e-4 34538512 34538512 0
3 602 rs3864055 5135571 1 8.795783257158326e-4 5135571 5135571 0
3 8623 rs9869874 89076055 1 8.793406873082142e-4 89076055 89076055 0
3 10222 rs11712319 112838631 1 -8.78445594424821e-4 112838631 112838631 0
3 2035 rs4688903 18160060 1 8.760050546164864e-4 18160060 18160060 0
3 3309 rs604110 29158022 1 -8.725510515157169e-4 29158022 29158022 0
3 5490 rs358493 55072187 2 8.697623168728729e-4 55072187 55072187 0
3 5339 rs6801605 53876218 1 8.694538703545686e-4 53876218 53876218 0
3 9984 rs13083225 111003863 1 8.628168271695007e-4 111003863 111003863 0
3 5674 rs10510787 56657257 2 8.626747009302185e-4 56657257 56657257 0
3 16982 rs2248422 187668469 1 -8.62391761710286e-4 187668469 187668469 0
3 9951 rs13096690 110407281 1 -8.5891327838804e-4 110407281 110407281 0
3 16695 rs16859825 184931013 1 -8.566520261869415e-4 184931013 184931013 0
3 8434 rs725579 86603154 2 -8.564822964714174e-4 86603154 86603154 0
3 54 rs432685 298171 1 8.551665711930431e-4 298171 298171 0
3 14602 rs7610160 159686345 1 -8.534349218150092e-4 159686345 159686345 0
3 15877 rs4894713 175042776 2 8.5251163739471e-4 175042776 175042776 0
3 15137 rs9863635 166108075 1 -8.505320572030248e-4 166108075 166108075 0
3 6456 rs11711276 63554424 1 8.48391743023896e-4 63554424 63554424 0
3 7596 rs1880966 74733670 1 -8.443919586559124e-4 74733670 74733670 0
3 6769 rs3733137 65971019 1 -8.425140080030055e-4 65971019 65971019 0
3 462 rs6805805 3781719 1 -8.404420299959345e-4 3781719 3781719 0
3 3908 rs719403 34544929 1 8.386969321967561e-4 34544929 34544929 0
3 5555 rs1495360 55760165 1 8.384605500826494e-4 55760165 55760165 0
3 15709 rs12489095 173008491 1 -8.377394258420207e-4 173008491 173008491 0
3 7713 rs12185957 77165296 1 8.367036425435787e-4 77165296 77165296 0
3 10478 rs1712999 116131936 1 8.335629504868212e-4 116131936 116131936 0
3 17226 rs7652346 190312433 1 8.303231982030726e-4 190312433 190312433 0
3 789 rs9841750 6751582 1 8.301748201134269e-4 6751582 6751582 0
3 3448 rs9863443 30137032 1 8.295494446684442e-4 30137032 30137032 0
3 7451 rs7619189 73363151 1 -8.277291439403315e-4 73363151 73363151 0
3 976 rs13061566 8193426 2 -8.260735287446758e-4 8193426 8193426 0
3 13782 rs3732765 151090424 1 8.256422934949676e-4 151090424 151090424 0
3 1344 rs7629273 11836386 1 8.232608884830474e-4 11836386 11836386 0
3 17438 rs9843820 192238709 1 -8.19906894693615e-4 192238709 192238709 0
3 7738 rs2875436 77336156 1 8.18227102550818e-4 77336156 77336156 0
3 16866 rs4686836 186729365 1 -8.16873110009558e-4 186729365 186729365 0
3 15856 rs7651836 174861684 1 8.136935917933394e-4 174861684 174861684 0
3 9861 rs9857002 109002114 1 -8.121269414654006e-4 109002114 109002114 0
3 3123 rs2642925 27615796 1 -8.076276704202613e-4 27615796 27615796 0
3 182 rs2314772 1745013 1 -8.028938490076126e-4 1745013 1745013 0
3 10168 rs820553 112470586 1 7.98656670229387e-4 112470586 112470586 0
3 17088 rs13073685 189150107 1 -7.935307350619841e-4 189150107 189150107 0
3 16371 rs9840545 181484270 1 7.929917361656788e-4 181484270 181484270 0
3 697 rs3941735 6089091 1 7.920486397971325e-4 6089091 6089091 0
3 16233 rs1976765 178833722 1 7.886799786196899e-4 178833722 178833722 0
3 9940 rs16856946 110210285 1 -7.885796482625031e-4 110210285 110210285 0
3 4748 rs4462942 43564157 1 7.860038682496087e-4 43564157 43564157 0
3 15147 rs1403779 166304564 1 -7.84595096510695e-4 166304564 166304564 0
3 3396 rs35883 29597791 1 -7.844498575218892e-4 29597791 29597791 0
3 15406 rs11716015 169320058 1 -7.83500989325886e-4 169320058 169320058 0
3 11553 rs13069815 125908975 1 -7.81522456960383e-4 125908975 125908975 0
3 2779 rs6769403 24148622 1 7.808687172364416e-4 24148622 24148622 0
3 10888 rs75322640 119484667 1 7.779761211661307e-4 119484667 119484667 0
3 15447 rs1684881 169962260 1 -7.774053768858043e-4 169962260 169962260 0
3 15665 rs9881902 172389700 1 7.70981569768613e-4 172389700 172389700 0
3 6819 rs17045018 66755179 1 7.670500932954467e-4 66755179 66755179 0
3 3738 rs13075542 32398024 1 7.632572819548262e-4 32398024 32398024 0
3 7086 rs7628996 69019978 1 -7.626504929640797e-4 69019978 69019978 0
3 9204 rs12330616 102424474 1 7.626417186789575e-4 102424474 102424474 0
3 17589 rs4488776 194532442 1 -7.623483451093553e-4 194532442 194532442 0
3 2063 rs9855153 18693223 1 -7.589475624041188e-4 18693223 18693223 0
3 15741 rs963350 173681906 1 -7.542571162589834e-4 173681906 173681906 0
3 1626 rs4685160 14476497 1 -7.5362540068083e-4 14476497 14476497 0
3 9915 rs9812947 109944669 1 7.533021587846852e-4 109944669 109944669 0
3 12921 rs2871615 140642733 1 7.529262537786869e-4 140642733 140642733 0
3 6609 rs4411878 64703665 1 7.520391367072304e-4 64703665 64703665 0
3 3552 rs7648352 30777944 1 7.495100982019942e-4 30777944 30777944 0
3 11611 rs9637365 126370166 1 7.467575668707154e-4 126370166 126370166 0
3 16006 rs7619263 176500683 1 -7.467547154514115e-4 176500683 176500683 0
3 4426 rs11717034 39966748 1 -7.465789418914569e-4 39966748 39966748 0
3 14288 rs6777084 156158932 1 7.423649582917575e-4 156158932 156158932 0
3 8898 rs13091236 98500511 1 7.388639567901222e-4 98500511 98500511 0
3 11232 rs11709496 122809400 1 7.367644709000314e-4 122809400 122809400 0
3 3457 rs1032918 30171659 1 -7.338942609048157e-4 30171659 30171659 0
3 5187 rs6795223 51863926 1 -7.322867833460713e-4 51863926 51863926 0
3 17647 rs1104760 195517321 1 -7.320464086021609e-4 195517321 195517321 0
3 8801 rs9853330 97527233 1 7.306944525379219e-4 97527233 97527233 0
3 2817 rs4353759 24512956 1 -7.304635511412455e-4 24512956 24512956 0
3 10831 rs6799691 119196781 1 -7.297017870721449e-4 119196781 119196781 0
3 16181 rs6443552 178356269 1 7.296421624650086e-4 178356269 178356269 0
3 1210 rs6807064 10535771 1 -7.295012727194235e-4 10535771 10535771 0
3 8362 rs3911063 85906928 1 -7.269915959787706e-4 85906928 85906928 0
3 6228 rs1320232 61661311 2 7.238625458085244e-4 61661311 61661311 0
3 5273 rs2581806 53063360 1 7.196472122719388e-4 53063360 53063360 0
3 3725 rs13317353 32316115 1 7.188239927796343e-4 32316115 32316115 0
3 6557 rs9812324 64317541 1 -7.18241556592997e-4 64317541 64317541 0
3 17289 rs16866197 190877111 2 -7.178686707558727e-4 190877111 190877111 0
3 4239 rs9866441 38096361 1 7.149417646039539e-4 38096361 38096361 0
3 5596 rs1023880 56051779 1 7.138242976215564e-4 56051779 56051779 0
3 9974 rs2932054 110978898 1 -7.105540685276487e-4 110978898 110978898 0
3 3582 rs7641301 30906417 1 7.080169825397276e-4 30906417 30906417 0
3 10820 rs10511391 119141643 1 7.079104756022737e-4 119141643 119141643 0
3 11991 rs7623918 131078605 1 -7.071173453913367e-4 131078605 131078605 0
3 7545 rs6763279 74112758 1 7.06734066289438e-4 74112758 74112758 0
3 10846 rs7628626 119244421 1 -7.052307092744744e-4 119244421 119244421 0
3 16455 rs884910 183017385 1 7.046921052319004e-4 183017385 183017385 0
3 11767 rs9810890 128652553 1 7.039142956859239e-4 128652553 128652553 0
3 7431 rs6549509 73183751 1 -7.033550275613009e-4 73183751 73183751 0
3 13951 rs6773552 152515862 2 7.012238494028087e-4 152515862 152515862 0
3 16972 rs16862690 187605802 1 7.010980589236667e-4 187605802 187605802 0
3 760 rs1551523 6542046 1 6.922284874589176e-4 6542046 6542046 0
3 11895 rs1391056 130125350 1 -6.91843206240066e-4 130125350 130125350 0
3 17301 rs9816545 190978515 1 6.911614125417493e-4 190978515 190978515 0
3 1223 rs1541957 10652299 1 -6.896924995940914e-4 10652299 10652299 0
3 6720 rs10866073 65516835 1 -6.889199939601723e-4 65516835 65516835 0
3 1646 rs4449299 14598965 1 6.867612406300407e-4 14598965 14598965 0
3 17417 rs4686604 192021075 1 6.857567545239451e-4 192021075 192021075 0
3 8289 rs12489229 85178382 1 -6.853131793917334e-4 85178382 85178382 0
3 1662 rs4685211 14745383 1 -6.824238955507919e-4 14745383 14745383 0
3 7763 rs1523759 77604242 1 -6.737143148368189e-4 77604242 77604242 0
3 10863 rs17203235 119355411 1 6.716729481743436e-4 119355411 119355411 0
3 7699 rs1146013 76869831 1 -6.694629659751733e-4 76869831 76869831 0
3 4417 rs7621402 39832158 1 -6.689786423666974e-4 39832158 39832158 0
3 7304 rs7644066 71382085 1 6.665507967648866e-4 71382085 71382085 0
3 16776 rs4407400 185870197 1 6.629836927780381e-4 185870197 185870197 0
3 7544 rs6809073 74112675 1 -6.613070409553434e-4 74112675 74112675 0
3 11450 rs702043 124911288 1 6.605690144817567e-4 124911288 124911288 0
3 3127 rs2643823 27646114 1 6.605438800607532e-4 27646114 27646114 0
3 16241 rs1607237 178950297 1 6.590676378761771e-4 178950297 178950297 0
3 7764 rs10514734 77604690 1 6.582144270804305e-4 77604690 77604690 0
3 11591 rs6791445 126142871 2 -6.580654021844927e-4 126142871 126142871 0
3 9079 rs6778625 100596371 1 -6.566494171409977e-4 100596371 100596371 0
3 9462 rs1438552 105062595 2 6.566436487802526e-4 105062595 105062595 0
3 11896 rs77968090 130128232 1 -6.559027859366464e-4 130128232 130128232 0
3 7100 rs12714750 69139300 1 -6.545236382505162e-4 69139300 69139300 0
3 10717 rs13083186 118356071 1 -6.54387420047255e-4 118356071 118356071 0
3 13609 rs13314474 149084352 1 -6.520903914362654e-4 149084352 149084352 0
3 13375 rs3762685 145938619 1 6.517290792422842e-4 145938619 145938619 0
3 7452 rs1482171 73363208 1 -6.505737984669099e-4 73363208 73363208 0
3 8346 rs11713930 85851198 1 6.490561254375442e-4 85851198 85851198 0
3 17728 rs13099091 197121593 1 6.485237044780931e-4 197121593 197121593 0
3 8530 rs9813894 88188420 1 6.466927739045222e-4 88188420 88188420 0
3 16816 rs16860974 186387299 1 6.450947151084361e-4 186387299 186387299 0
3 2316 rs13067076 21083096 1 6.442118821712626e-4 21083096 21083096 0
3 6562 rs9874741 64341070 1 -6.409925507808549e-4 64341070 64341070 0
3 7325 rs6549411 71880648 2 6.401348300905636e-4 71880648 71880648 0
3 10742 rs7625775 118590563 1 6.398237242190155e-4 118590563 118590563 0
3 4448 rs13326962 40087181 2 -6.381294638615738e-4 40087181 40087181 0
3 9694 rs709488 107700952 2 -6.371014978632824e-4 107700952 107700952 0
3 6092 rs9856634 60472209 1 -6.356686447749682e-4 60472209 60472209 0
3 8817 rs1492030 97697528 1 6.302119079847673e-4 97697528 97697528 0
3 6488 rs2292662 63897215 2 -6.298934831911133e-4 63897215 63897215 0
3 6538 rs697294 64217284 1 -6.295821435429343e-4 64217284 64217284 0
3 11225 rs1444812 122756601 1 6.268935412146562e-4 122756601 122756601 0
3 16985 rs16862782 187687890 1 6.267499831015379e-4 187687890 187687890 0
3 4671 rs1876506 42547127 1 6.253888951205557e-4 42547127 42547127 0
3 7217 rs939864 70330835 1 -6.248639552197594e-4 70330835 70330835 0
3 1491 rs895752 13270827 1 6.241917547147247e-4 13270827 13270827 0
3 9886 rs1184781 109429313 1 6.213995129440576e-4 109429313 109429313 0
3 2690 rs9825994 23181557 1 6.200800765284195e-4 23181557 23181557 0
3 636 rs17043292 5715340 1 -6.15422612703754e-4 5715340 5715340 0
3 2822 rs2196438 24585522 1 6.150965998024266e-4 24585522 24585522 0
3 3774 rs164208 32544941 1 -6.14875024727896e-4 32544941 32544941 0
3 12177 rs61748102 132218075 1 -6.134062824582987e-4 132218075 132218075 0
3 7095 rs9809889 69087412 2 6.103927293244292e-4 69087412 69087412 0
3 2292 rs9839419 20777360 1 -6.093485179778401e-4 20777360 20777360 0
3 4125 rs1879545 36596036 2 -6.049678041614426e-4 36596036 36596036 0
3 3800 rs4468931 33024472 2 -6.043588205659955e-4 33024472 33024472 0
3 15029 rs3828419 164906806 1 6.033201967055267e-4 164906806 164906806 0
3 2914 rs6772970 25113247 1 5.999372550967627e-4 25113247 25113247 0
3 13982 rs13070843 152724407 1 -5.994593092443488e-4 152724407 152724407 0
3 14352 rs13064954 156854742 1 -5.984195305234602e-4 156854742 156854742 0
3 14233 rs358733 155485302 2 5.970509931679793e-4 155485302 155485302 0
3 2117 rs147813419 19938327 1 -5.955157645346906e-4 19938327 19938327 0
3 15948 rs2067613 175907342 1 5.9396923344818e-4 175907342 175907342 0
3 4939 rs883740 46538515 1 5.939202932835508e-4 46538515 46538515 0
3 15271 rs11718699 168231158 1 -5.930496944257648e-4 168231158 168231158 0
3 15971 rs12489250 176048311 1 5.913891439618834e-4 176048311 176048311 0
3 3299 rs11927581 29068750 2 5.891227741765196e-4 29068750 29068750 0
3 754 rs267501 6491868 1 5.885707259793283e-4 6491868 6491868 0
3 1863 rs3815962 16535229 1 5.878966980313353e-4 16535229 16535229 0
3 11417 rs6438874 124739892 1 5.868700854394151e-4 124739892 124739892 0
3 9537 rs12493634 105762869 1 -5.84959581059744e-4 105762869 105762869 0
3 7308 rs9819066 71523110 1 5.794194627511221e-4 71523110 71523110 0
3 371 rs711619 3207754 1 -5.773798322726788e-4 3207754 3207754 0
3 15229 rs12492208 167692392 1 5.765516530206818e-4 167692392 167692392 0
3 6813 rs6769418 66677341 1 5.739399736381055e-4 66677341 66677341 0
3 3445 rs966357 30114021 1 5.737629409541195e-4 30114021 30114021 0
3 142 rs265766 1376235 1 5.736494284095857e-4 1376235 1376235 0
3 2898 rs9830542 25050218 1 -5.721314040759732e-4 25050218 25050218 0
3 7626 rs4856011 76225482 1 5.712531062785875e-4 76225482 76225482 0
3 10797 rs6438515 118996122 1 5.702044651733748e-4 118996122 118996122 0
3 13983 rs1464593 152737318 1 5.673913539080228e-4 152737318 152737318 0
3 6084 rs12638665 60446058 1 -5.630103706743967e-4 60446058 60446058 0
3 1370 rs9822753 12075218 1 5.629681174829804e-4 12075218 12075218 0
3 1427 rs299629 12576846 1 -5.624415196595759e-4 12576846 12576846 0
3 13298 rs2695775 145287372 1 -5.620405183069286e-4 145287372 145287372 0
3 17089 rs6771859 189159352 2 -5.609356860459262e-4 189159352 189159352 0
3 6635 rs12631379 64902166 1 -5.60097450241915e-4 64902166 64902166 0
3 12477 rs10512956 135275666 1 -5.593207494133303e-4 135275666 135275666 0
3 4397 rs864643 39555580 1 5.575450404415071e-4 39555580 39555580 0
3 6318 rs13325751 62478194 1 5.574049075451461e-4 62478194 62478194 0
3 11451 rs6801517 124918879 1 -5.569368961083103e-4 124918879 124918879 0
3 3905 rs9311051 34531898 1 5.546383424081319e-4 34531898 34531898 0
3 3968 rs1382552 35100361 1 -5.543241722067899e-4 35100361 35100361 0
3 984 rs984474 8272203 1 5.541984519120459e-4 8272203 8272203 0
3 12554 rs7628560 136828838 1 5.539302295568656e-4 136828838 136828838 0
3 3471 rs1433994 30272520 1 -5.534129201752011e-4 30272520 30272520 0
3 16991 rs9860469 187710426 1 5.52086064943792e-4 187710426 187710426 0
3 14826 rs12488584 162159287 1 5.51913502097539e-4 162159287 162159287 0
3 17526 rs9878109 193576832 1 -5.489856153564866e-4 193576832 193576832 0
3 11656 rs4974424 127148720 1 -5.454960248716881e-4 127148720 127148720 0
3 522 rs17040044 4183674 1 -5.453541692461865e-4 4183674 4183674 0
3 12453 rs12695621 135047462 1 5.444827906209109e-4 135047462 135047462 0
3 16612 rs1709621 183976906 1 -5.422840493012756e-4 183976906 183976906 0
3 2748 rs17754631 23806758 1 -5.421829625151646e-4 23806758 23806758 0
3 2608 rs13096681 22686512 1 -5.38807167676116e-4 22686512 22686512 0
3 14151 rs7614327 154291478 1 5.385281746434509e-4 154291478 154291478 0
3 18 rs17050452 149179 1 -5.378824898958893e-4 149179 149179 0
3 17053 rs3856921 188550579 1 5.366527917376573e-4 188550579 188550579 0
3 9690 rs6799066 107650668 1 -5.322681938322923e-4 107650668 107650668 0
3 8877 rs6778616 98282957 1 5.304948274986225e-4 98282957 98282957 0
3 16999 rs10937330 187738766 2 -5.297304690019911e-4 187738766 187738766 0
3 15590 rs9873456 171629269 1 5.294160032284433e-4 171629269 171629269 0
3 7401 rs4676894 72892988 1 5.273236967323163e-4 72892988 72892988 0
3 1266 rs6442216 11004944 1 -5.228190407503156e-4 11004944 11004944 0
3 15806 rs9812312 174152030 1 5.202365971989846e-4 174152030 174152030 0
3 16338 rs9823719 180502615 1 5.198159222594889e-4 180502615 180502615 0
3 10591 rs1910044 117250719 1 -5.177695319099358e-4 117250719 117250719 0
3 1565 rs2228001 14187449 1 -5.174003326162721e-4 14187449 14187449 0
3 531 rs314416 4317445 1 5.15614956546914e-4 4317445 4317445 0
3 16883 rs3864095 186937037 1 5.153284408594697e-4 186937037 186937037 0
3 4696 rs4396867 42870395 1 5.140767874744755e-4 42870395 42870395 0
3 13473 rs9653947 147431755 1 -5.13435220203759e-4 147431755 147431755 0
3 3391 rs35911 29573549 1 -5.117471176278798e-4 29573549 29573549 0
3 3317 rs2048896 29244234 2 -5.106618452036675e-4 29244234 29244234 0
3 1305 rs6442262 11628813 1 5.078767326462286e-4 11628813 11628813 0
3 1429 rs1466835 12579944 1 -5.07077060238381e-4 12579944 12579944 0
3 5045 rs12107252 48691316 1 5.068931662338567e-4 48691316 48691316 0
3 17018 rs1711001 187879004 1 5.058586801294155e-4 187879004 187879004 0
3 9614 rs1528313 106796923 1 5.051325262389248e-4 106796923 106796923 0
3 4314 rs57326399 38768300 1 -5.039774057750926e-4 38768300 38768300 0
3 10026 rs6784441 111478337 1 5.03767732783893e-4 111478337 111478337 0
3 14791 rs7609974 161823150 1 5.028909284021883e-4 161823150 161823150 0
3 15862 rs12635630 174896274 1 5.027506808607658e-4 174896274 174896274 0
3 13387 rs7621072 146062910 1 5.015334372239549e-4 146062910 146062910 0
3 2329 rs9834000 21174761 1 4.9857961596147e-4 21174761 21174761 0
3 1908 rs2122258 16758156 1 4.965283611383084e-4 16758156 16758156 0
3 164 rs13072051 1603110 1 4.948586386097981e-4 1603110 1603110 0
3 1777 rs1947147 15903002 1 4.948572173823143e-4 15903002 15903002 0
3 9609 rs7374615 106647916 1 4.92478097640041e-4 106647916 106647916 0
3 16044 rs4857827 176933598 1 -4.913294793808107e-4 176933598 176933598 0
3 1596 rs13072044 14305341 1 4.906684558620381e-4 14305341 14305341 0
3 3416 rs9310908 29745863 1 4.885776402169632e-4 29745863 29745863 0
3 1787 rs1454776 16009044 1 4.859215069828953e-4 16009044 16009044 0
3 3517 rs6550005 30650064 1 4.8535729790912766e-4 30650064 30650064 0
3 12986 rs2681699 141501812 1 4.849081247321765e-4 141501812 141501812 0
3 13761 rs9863983 151007310 1 4.8049894261489417e-4 151007310 151007310 0
3 16320 rs6806193 179778368 1 -4.7903764569697e-4 179778368 179778368 0
3 1010 rs10510392 8576401 1 -4.784601979114433e-4 8576401 8576401 0
3 14166 rs16824330 154548410 1 4.770181199462477e-4 154548410 154548410 0
3 2693 rs4547724 23187727 1 4.76383533490176e-4 23187727 23187727 0
3 15451 rs1039929 170010234 1 -4.754511729458816e-4 170010234 170010234 0
3 1697 rs9830744 15115478 1 4.752244004345953e-4 15115478 15115478 0
3 9599 rs10933863 106352340 1 -4.6926333928524544e-4 106352340 106352340 0
3 14559 rs7640445 159105475 1 4.691086386332692e-4 159105475 159105475 0
3 3244 rs922287 28758394 1 -4.661607847208635e-4 28758394 28758394 0
3 10840 rs11539377 119219573 1 -4.659249794913852e-4 119219573 119219573 0
3 400 rs1355071 3448534 1 -4.625430006243281e-4 3448534 3448534 0
3 1103 rs3898760 9495119 1 4.620496898242333e-4 9495119 9495119 0
3 6116 rs721207 60607896 1 4.613707618945568e-4 60607896 60607896 0
3 6047 rs13317933 60283702 2 -4.6031603373912705e-4 60283702 60283702 0
3 16969 rs6778044 187594092 2 -4.577614473590369e-4 187594092 187594092 0
3 1786 rs1869627 16004488 1 4.5733333878964335e-4 16004488 16004488 0
3 5374 rs6790009 54145779 1 -4.555587217020386e-4 54145779 54145779 0
3 16215 rs4078054 178506277 1 4.5510592904269166e-4 178506277 178506277 0
3 4647 rs7610820 42286420 1 4.541416563784867e-4 42286420 42286420 0
3 1938 rs9852010 16914975 1 -4.538579411987686e-4 16914975 16914975 0
3 11096 rs12106790 121767054 1 4.5203629985208935e-4 121767054 121767054 0
3 14545 rs1448996 158993239 1 -4.4471703517681504e-4 158993239 158993239 0
3 248 rs2634135 2035573 1 -4.441456630241014e-4 2035573 2035573 0
3 4406 rs4352320 39687342 1 -4.441136276402987e-4 39687342 39687342 0
3 13874 rs325786 151880172 1 -4.439714415786989e-4 151880172 151880172 0
3 10072 rs712507 111655389 2 4.4312094750213423e-4 111655389 111655389 0
3 10524 rs9839736 116485013 1 -4.3875415841965247e-4 116485013 116485013 0
3 2238 rs1520052 20497334 1 4.382360655496865e-4 20497334 20497334 0
3 17369 rs12629883 191400380 1 4.3822880433923886e-4 191400380 191400380 0
3 1377 rs160208 12159294 1 4.3788202797878894e-4 12159294 12159294 0
3 15463 rs16855088 170180811 1 -4.355182618116705e-4 170180811 170180811 0
3 10082 rs9876491 111683848 1 -4.3291638966044577e-4 111683848 111683848 0
3 643 rs1836579 5789520 2 4.313159159881367e-4 5789520 5789520 0
3 2428 rs6780177 21647818 1 4.312663655274049e-4 21647818 21647818 0
3 5386 rs9880752 54223872 2 -4.309283291947115e-4 54223872 54223872 0
3 13350 rs6791029 145684438 1 -4.290132950551623e-4 145684438 145684438 0
3 10284 rs2254267 113264994 1 -4.254257592011991e-4 113264994 113264994 0
3 17154 rs9817981 189563530 1 -4.23986770336739e-4 189563530 189563530 0
3 15421 rs1317082 169497585 1 4.226513656947848e-4 169497585 169497585 0
3 16723 rs2377497 185147163 1 -4.215814224240214e-4 185147163 185147163 0
3 3152 rs7627710 27823887 1 -4.19953021974959e-4 27823887 27823887 0
3 7619 rs6765044 75388161 1 -4.152675753449502e-4 75388161 75388161 0
3 15249 rs6767716 167907755 1 4.138320888328732e-4 167907755 167907755 0
3 11097 rs2681424 121769522 1 4.129675966747604e-4 121769522 121769522 0
3 16761 rs9840713 185682129 1 -4.124505363888967e-4 185682129 185682129 0
3 6256 rs657653 61861514 1 -4.122987084491345e-4 61861514 61861514 0
3 796 rs164030 6771475 1 -4.098365469768749e-4 6771475 6771475 0
3 5565 rs6782906 55881520 1 4.087849215002809e-4 55881520 55881520 0
3 7131 rs17005675 69413674 1 -4.0873416853343374e-4 69413674 69413674 0
3 5743 rs9850744 57416701 1 -4.0774940173666266e-4 57416701 57416701 0
3 7825 rs11921317 78510592 1 4.0713599497172625e-4 78510592 78510592 0
3 2389 rs450092 21458362 1 -4.07035657463404e-4 21458362 21458362 0
3 7482 rs12630646 73700990 1 4.0528263579425234e-4 73700990 73700990 0
3 15385 rs7652987 169198024 1 4.024816235078243e-4 169198024 169198024 0
3 10825 rs12492315 119159473 1 4.011062555850743e-4 119159473 119159473 0
3 8053 rs9309886 82143651 1 -4.0072501549015874e-4 82143651 82143651 0
3 8583 rs1495838 88675576 1 -3.9895351025776666e-4 88675576 88675576 0
3 13082 rs2581618 142628616 1 -3.987556853042792e-4 142628616 142628616 0
3 11677 rs2078637 127426999 1 -3.979484153657778e-4 127426999 127426999 0
3 11718 rs3021461 128095652 1 -3.9736873120632687e-4 128095652 128095652 0
3 17463 rs1447840 192706711 1 -3.9708881383413206e-4 192706711 192706711 0
3 6992 rs1491722 68286023 1 -3.941351144358074e-4 68286023 68286023 0
3 13793 rs34114908 151163838 1 -3.9138051451148033e-4 151163838 151163838 0
3 12183 rs2270801 132277866 1 -3.9072919503236654e-4 132277866 132277866 0
3 6647 rs2244503 64945871 2 -3.906667596347546e-4 64945871 64945871 0
3 1788 rs10510444 16010476 1 -3.9014621133031806e-4 16010476 16010476 0
3 5023 rs11711953 48040283 1 -3.901211293988685e-4 48040283 48040283 0
3 1616 rs4685137 14388278 1 -3.900991679019532e-4 14388278 14388278 0
3 4182 rs199279 37500658 1 -3.894574361515693e-4 37500658 37500658 0
3 5554 rs970930 55736867 2 -3.891587282547965e-4 55736867 55736867 0
3 17733 rs13092636 197162976 2 -3.8626791455259954e-4 197162976 197162976 0
3 3743 rs11129517 32401993 1 -3.849476419982978e-4 32401993 32401993 0
3 117 rs1391920 1207591 1 -3.842001563800861e-4 1207591 1207591 0
3 1452 rs6783990 12797747 1 -3.832251240614282e-4 12797747 12797747 0
3 9167 rs771767 101748638 1 3.830774376467744e-4 101748638 101748638 0
3 4520 rs13314643 41139829 1 -3.8092118149446263e-4 41139829 41139829 0
3 9425 rs17452316 104722931 1 3.805890700434238e-4 104722931 104722931 0
3 12910 rs7644202 140485038 1 3.797293888067485e-4 140485038 140485038 0
3 8336 rs6793697 85778718 1 -3.793970883878298e-4 85778718 85778718 0
3 9101 rs9869642 100844145 1 3.7592974503896954e-4 100844145 100844145 0
3 12871 rs9877176 140160906 1 -3.7494374533338857e-4 140160906 140160906 0
3 11732 rs7641386 128244662 1 3.7246460922706146e-4 128244662 128244662 0
3 4638 rs9311311 42252274 1 -3.7183775021852047e-4 42252274 42252274 0
3 15815 rs7629875 174385622 1 3.6907934337811264e-4 174385622 174385622 0
3 2248 rs615861 20517023 1 3.6805212026881054e-4 20517023 20517023 0
3 1155 rs242376 10310377 1 -3.6698402599105793e-4 10310377 10310377 0
3 328 rs1479544 2687527 2 3.6588795887554154e-4 2687527 2687527 0
3 14025 rs1507160 153117704 1 -3.655239873162671e-4 153117704 153117704 0
3 14037 rs17735715 153186265 2 3.6358992902964346e-4 153186265 153186265 0
3 8566 rs7372143 88576606 1 -3.632572689160912e-4 88576606 88576606 0
3 6050 rs10510837 60289842 1 3.623728271512845e-4 60289842 60289842 0
3 7963 rs17018517 81148588 1 3.620862771446232e-4 81148588 81148588 0
3 14956 rs9872873 163665217 2 3.617713742781448e-4 163665217 163665217 0
3 16143 rs3816843 178195183 1 3.60844751226272e-4 178195183 178195183 0
3 3811 rs7637099 33138549 1 3.5847692199975415e-4 33138549 33138549 0
3 6106 rs6805296 60544132 2 3.5642306635941316e-4 60544132 60544132 0
3 3702 rs11916062 31989920 1 -3.560873419441204e-4 31989920 31989920 0
3 5871 rs6808731 59318138 1 -3.536064470234171e-4 59318138 59318138 0
3 8974 rs7624987 99352912 1 -3.530576287514086e-4 99352912 99352912 0
3 8676 rs6796852 94053873 1 -3.5089577135777707e-4 94053873 94053873 0
3 11296 rs2084017 123927948 1 -3.500057780939967e-4 123927948 123927948 0
3 2233 rs2203943 20476001 1 -3.4949162572098133e-4 20476001 20476001 0
3 1691 rs2164356 14939479 1 3.475412901441088e-4 14939479 14939479 0
3 140 rs155230 1357380 1 -3.4635739856861555e-4 1357380 1357380 0
3 13703 rs9917701 150051590 1 -3.463527759170728e-4 150051590 150051590 0
3 5039 rs2228561 48628014 1 3.454845809270539e-4 48628014 48628014 0
3 11421 rs4404487 124746347 1 3.448259229324234e-4 124746347 124746347 0
3 10425 rs2972479 115566027 1 -3.4442004645221806e-4 115566027 115566027 0
3 17378 rs1499840 191671970 1 -3.443906796722804e-4 191671970 191671970 0
3 15889 rs10460885 175180353 1 3.4390892774351415e-4 175180353 175180353 0
3 4079 rs1449991 36154313 2 -3.4345618798768554e-4 36154313 36154313 0
3 7741 rs9868442 77383950 1 3.4254908499742256e-4 77383950 77383950 0
3 5142 rs12629572 50324672 1 3.421916358333517e-4 50324672 50324672 0
3 7183 rs6777363 69843971 1 3.420810045010517e-4 69843971 69843971 0
3 13602 rs11916903 149061297 1 -3.415996159145267e-4 149061297 149061297 0
3 9671 rs2049339 107471699 1 3.4125152650392877e-4 107471699 107471699 0
3 11876 rs2175849 129708970 1 -3.396344734661552e-4 129708970 129708970 0
3 4657 rs26351 42404928 1 -3.393521354417697e-4 42404928 42404928 0
3 2902 rs1021701 25058757 1 3.3910498520453087e-4 25058757 25058757 0
3 7018 rs6782797 68480290 1 -3.387809037709051e-4 68480290 68480290 0
3 790 rs7624349 6764063 2 3.3871233847476646e-4 6764063 6764063 0
3 15749 rs9854235 173769511 1 3.370171302124247e-4 173769511 173769511 0
3 11325 rs9859074 124222935 1 3.36933315679701e-4 124222935 124222935 0
3 1442 rs13060691 12678013 1 -3.3679167421259674e-4 12678013 12678013 0
3 6646 rs4688219 64944033 1 3.3679136199011325e-4 64944033 64944033 0
3 1101 rs7613389 9473202 1 3.345647585632153e-4 9473202 9473202 0
3 9310 rs9826326 103559931 1 3.2861670025868155e-4 103559931 103559931 0
3 4101 rs10510682 36298225 1 3.263782939768788e-4 36298225 36298225 0
3 3122 rs2642926 27615419 1 -3.262693187212883e-4 27615419 27615419 0
3 5977 rs12497400 59986922 1 -3.23591142329478e-4 59986922 59986922 0
3 221 rs9860556 1877134 1 -3.2299210858515885e-4 1877134 1877134 0
3 300 rs10510190 2418162 1 -3.2263724653450534e-4 2418162 2418162 0
3 14182 rs1385481 154982968 1 3.217162638351941e-4 154982968 154982968 0
3 14185 rs10513474 155012313 1 3.16707770249713e-4 155012313 155012313 0
3 17011 rs12633719 187770606 1 -3.1503123727363223e-4 187770606 187770606 0
3 11318 rs624450 124165217 1 -3.146353406244237e-4 124165217 124165217 0
3 110 rs2729125 1122456 1 -3.142354401891556e-4 1122456 1122456 0
3 3245 rs922290 28758697 1 3.137205242163789e-4 28758697 28758697 0
3 1781 rs1466072 15939311 2 -3.1309217434538037e-4 15939311 15939311 0
3 17659 rs11926771 195656731 1 3.1168565159193765e-4 195656731 195656731 0
3 1577 rs4458353 14249532 1 -3.109789896995594e-4 14249532 14249532 0
3 7108 rs6777671 69249010 1 3.1064876474012513e-4 69249010 69249010 0
3 14199 rs592982 155259656 1 -3.099040596327145e-4 155259656 155259656 0
3 13258 rs10454765 144663231 1 -3.091398765342861e-4 144663231 144663231 0
3 4762 rs3733156 43761441 1 -3.070939173291009e-4 43761441 43761441 0
3 5947 rs17358517 59685732 1 3.0598036110063965e-4 59685732 59685732 0
3 6739 rs1021696 65646508 1 3.056531439862509e-4 65646508 65646508 0
3 381 rs7622674 3298121 2 3.046794955984775e-4 3298121 3298121 0
3 13123 rs905141 143101486 1 -3.0444640431287614e-4 143101486 143101486 0
3 13548 rs10935726 148515005 1 3.03163162805827e-4 148515005 148515005 0
3 6445 rs11130935 63477970 1 -3.027093736778216e-4 63477970 63477970 0
3 7346 rs7619697 72035934 1 3.000708109395638e-4 72035934 72035934 0
3 6969 rs6789499 67861686 1 -3.0002037730448086e-4 67861686 67861686 0
3 13077 rs2707973 142609536 1 -2.998223723810614e-4 142609536 142609536 0
3 10640 rs2925312 117720473 2 -2.9787032589111183e-4 117720473 117720473 0
3 17751 rs36078463 197579466 1 2.9676230792577543e-4 197579466 197579466 0
3 3610 rs1485924 31104770 1 2.9506397180443524e-4 31104770 31104770 0
3 16980 rs2889879 187657216 1 2.939834448785065e-4 187657216 187657216 0
3 9029 rs1214375 100065632 1 2.926317307247059e-4 100065632 100065632 0
3 6848 rs989343 66854987 1 -2.9213662841319715e-4 66854987 66854987 0
3 747 rs156488 6475006 1 -2.9009137993397667e-4 6475006 6475006 0
3 2743 rs11928764 23698252 1 2.877237965595586e-4 23698252 23698252 0
3 7233 rs1491610 70554524 1 -2.8762190019123335e-4 70554524 70554524 0
3 12672 rs446644 137787192 1 -2.861452745405316e-4 137787192 137787192 0
3 3166 rs6781471 28011628 1 -2.855472140294842e-4 28011628 28011628 0
3 15494 rs9836242 170491996 1 -2.851251094890745e-4 170491996 170491996 0
3 15192 rs9878131 167082989 1 -2.834174546496159e-4 167082989 167082989 0
3 2793 rs9840296 24284924 1 2.833481597882736e-4 24284924 24284924 0
3 5327 rs3774573 53799960 1 2.8273737611101324e-4 53799960 53799960 0
3 5839 rs4681875 58595823 1 2.824323019151421e-4 58595823 58595823 0
3 5912 rs12491852 59455504 1 2.8124607927325346e-4 59455504 59455504 0
3 3398 rs3773084 29606334 1 2.7970867474500904e-4 29606334 29606334 0
3 7585 rs6549607 74550084 1 -2.7817429316338556e-4 74550084 74550084 0
3 12166 rs2670104 132012079 1 2.7796545062336466e-4 132012079 132012079 0
3 11469 rs3772213 125214402 2 2.777538397105272e-4 125214402 125214402 0
3 5444 rs551799 54648652 1 2.7528592460921596e-4 54648652 54648652 0
3 8101 rs7632237 82720444 1 2.751484921410952e-4 82720444 82720444 0
3 16441 rs605105 182867869 1 -2.7393997106516595e-4 182867869 182867869 0
3 6351 rs9836677 62709377 1 2.7385921159820835e-4 62709377 62709377 0
3 11201 rs17212608 122493677 2 2.7374581625349415e-4 122493677 122493677 0
3 5643 rs6763275 56307703 1 2.7342609375372083e-4 56307703 56307703 0
3 2160 rs11128940 20159199 1 2.704473314356268e-4 20159199 20159199 0
3 3651 rs1495182 31448215 1 2.6926126864438915e-4 31448215 31448215 0
3 3576 rs903424 30889582 1 -2.687010012193615e-4 30889582 30889582 0
3 16778 rs4686742 185896787 1 2.6851603888954415e-4 185896787 185896787 0
3 12826 rs4683772 139700806 1 -2.6802152577937036e-4 139700806 139700806 0
3 6130 rs741891 60723910 1 -2.6760766959608626e-4 60723910 60723910 0
3 16767 rs9831938 185785996 1 -2.6604709328855315e-4 185785996 185785996 0
3 15630 rs493789 172131456 1 2.6562069098959946e-4 172131456 172131456 0
3 89 rs1464701 915389 1 -2.648771081533236e-4 915389 915389 0
3 4631 rs9862024 42096241 1 -2.6474092446542084e-4 42096241 42096241 0
3 17465 rs1157623 192752645 1 -2.638627207335005e-4 192752645 192752645 0
3 12266 rs7642901 132905128 1 -2.633737329141545e-4 132905128 132905128 0
3 6251 rs623808 61850134 1 -2.6155917797600207e-4 61850134 61850134 0
3 2887 rs12490596 25004487 1 2.589149719941489e-4 25004487 25004487 0
3 16762 rs6768604 185704345 1 2.5883989017377363e-4 185704345 185704345 0
3 1946 rs9876137 16961265 1 2.582489548152001e-4 16961265 16961265 0
3 10926 rs9861883 119839546 1 2.5774973432710936e-4 119839546 119839546 0
3 1761 rs11917845 15716462 1 2.5728479604571555e-4 15716462 15716462 0
3 4134 rs906475 36704321 1 -2.5503681139186406e-4 36704321 36704321 0
3 17101 rs9809592 189221832 1 -2.5242444174329717e-4 189221832 189221832 0
3 17337 rs293855 191124232 1 -2.4921114633618866e-4 191124232 191124232 0
3 570 rs6803471 4732040 1 -2.481991357382197e-4 4732040 4732040 0
3 10365 rs1354056 114593970 1 2.457461191131282e-4 114593970 114593970 0
3 15280 rs16852525 168363205 1 -2.455665282568247e-4 168363205 168363205 0
3 8904 rs2119187 98594499 1 2.4535648146900395e-4 98594499 98594499 0
3 4097 rs1165962 36278545 1 2.442075084038001e-4 36278545 36278545 0
3 16157 rs13321110 178239558 1 -2.4366911413459697e-4 178239558 178239558 0
3 188 rs4293689 1763770 1 -2.4307236734983097e-4 1763770 1763770 0
3 15790 rs7614469 174058551 1 -2.4282186463868313e-4 174058551 174058551 0
3 6799 rs116809906 66433735 1 2.423938211729278e-4 66433735 66433735 0
3 15354 rs11928517 169027882 1 -2.4205085178502695e-4 169027882 169027882 0
3 14492 rs3765083 158537443 1 2.4085236837077624e-4 158537443 158537443 0
3 16608 rs61744881 183954203 1 -2.4002202518732025e-4 183954203 183954203 0
3 10828 rs13078312 119174538 1 2.3969671748728783e-4 119174538 119174538 0
3 7712 rs9873501 77146793 2 -2.3808667449971645e-4 77146793 77146793 0
3 12877 rs6439925 140171892 1 -2.3799816861600504e-4 140171892 140171892 0
3 8717 rs9847422 95159211 1 -2.3796963554654645e-4 95159211 95159211 0
3 3694 rs11712058 31946673 1 -2.372930067871459e-4 31946673 31946673 0
3 6454 rs6445360 63548380 1 2.3658861561433016e-4 63548380 63548380 0
3 6615 rs17727064 64714182 2 -2.365794879311388e-4 64714182 64714182 0
3 10061 rs1282948 111631564 1 2.322987328420972e-4 111631564 111631564 0
3 11422 rs7629128 124788634 1 2.320823613070316e-4 124788634 124788634 0
3 6280 rs7434122 62012687 1 -2.311293571751284e-4 62012687 62012687 0
3 10523 rs9868790 116478358 1 -2.3045450514128777e-4 116478358 116478358 0
3 6981 rs6548962 68121791 1 2.295850505849456e-4 68121791 68121791 0
3 8872 rs1461159 98263130 1 -2.2942882974376545e-4 98263130 98263130 0
3 11913 rs9875499 130148510 1 -2.2924449658884e-4 130148510 130148510 0
3 5419 rs9855109 54370763 2 2.291212540806091e-4 54370763 54370763 0
3 7080 rs6787753 68995937 1 2.273059526813128e-4 68995937 68995937 0
3 3003 rs9849293 26085604 1 -2.264456890921596e-4 26085604 26085604 0
3 10833 rs56195264 119203154 1 -2.2552544948684685e-4 119203154 119203154 0
3 465 rs711540 3802465 1 -2.2447505771559223e-4 3802465 3802465 0
3 2321 rs1874654 21092440 1 2.241453802150143e-4 21092440 21092440 0
3 9503 rs1550711 105465189 1 -2.241127779572566e-4 105465189 105465189 0
3 399 rs11129561 3434542 1 -2.2303664287900255e-4 3434542 3434542 0
3 6705 rs11712543 65399949 1 -2.2194287000442629e-4 65399949 65399949 0
3 4948 rs939421 46576081 1 2.2165933250013143e-4 46576081 46576081 0
3 8399 rs4688882 86298087 1 -2.2155391848603136e-4 86298087 86298087 0
3 2317 rs1532461 21083986 1 2.211447634996456e-4 21083986 21083986 0
3 12655 rs1429762 137661849 1 -2.2112903374846187e-4 137661849 137661849 0
3 2573 rs1966824 22471639 1 2.2030934204216395e-4 22471639 22471639 0
3 11594 rs6795359 126168529 1 2.1959226341019975e-4 126168529 126168529 0
3 9034 rs6797397 100170825 1 2.1901284062482163e-4 100170825 100170825 0
3 3453 rs1434009 30156873 1 2.1855098531533323e-4 30156873 30156873 0
3 13150 rs6763202 143293012 2 2.1802812208633528e-4 143293012 143293012 0
3 12017 rs10512820 131330902 1 2.1739038312665383e-4 131330902 131330902 0
3 14585 rs11925758 159557538 1 -2.171294853288139e-4 159557538 159557538 0
3 1806 rs10510446 16189021 1 -2.1697943343930185e-4 16189021 16189021 0
3 10059 rs1587456 111619171 1 -2.165525763491585e-4 111619171 111619171 0
3 2390 rs9700 21460201 1 2.160091579284943e-4 21460201 21460201 0
3 9800 rs4507261 108538384 1 -2.1249119115824864e-4 108538384 108538384 0
3 16984 rs9820070 187687074 2 2.1223577500793347e-4 187687074 187687074 0
3 4224 rs6794868 37887360 1 -2.113531526803478e-4 37887360 37887360 0
3 9032 rs1036769 100122081 1 2.088676760985672e-4 100122081 100122081 0
3 2473 rs9825051 21799575 1 -2.086222129979868e-4 21799575 21799575 0
3 11040 rs3218647 121192350 1 -2.079192307744004e-4 121192350 121192350 0
3 7127 rs2008239 69406469 1 -2.0769137029356423e-4 69406469 69406469 0
3 9988 rs2958083 111033241 1 -2.0744472153848715e-4 111033241 111033241 0
3 7758 rs7610881 77536346 1 -2.061346285710534e-4 77536346 77536346 0
3 15073 rs4113819 165476026 1 -2.0607727719886367e-4 165476026 165476026 0
3 6174 rs7617424 61177577 1 -2.058884932740924e-4 61177577 61177577 0
3 13178 rs2800 143424822 1 -2.050204651756271e-4 143424822 143424822 0
3 1694 rs293908 14941447 1 -2.0469462945689313e-4 14941447 14941447 0
3 17387 rs11915453 191708375 1 -2.036352412465508e-4 191708375 191708375 0
3 1435 rs9809501 12655689 2 -2.033044719442726e-4 12655689 12655689 0
3 4516 rs10490823 41123735 1 2.0296404354850237e-4 41123735 41123735 0
3 13632 rs6440618 149226255 1 2.002395355045152e-4 149226255 149226255 0
3 16977 rs9823495 187645566 1 -2.000560631229056e-4 187645566 187645566 0
3 9245 rs12637597 103158005 1 1.9993916091531408e-4 103158005 103158005 0
3 13168 rs10935499 143391316 1 -1.9988416266848271e-4 143391316 143391316 0
3 6898 rs1490271 67345223 1 1.9964227592561253e-4 67345223 67345223 0
3 8579 rs7646260 88668147 1 -1.9942820628302587e-4 88668147 88668147 0
3 11149 rs3762637 122145324 1 1.9902096572966017e-4 122145324 122145324 0
3 3509 rs7648418 30591844 2 -1.9771572490034125e-4 30591844 30591844 0
3 11475 rs2922195 125326749 1 -1.96812550059198e-4 125326749 125326749 0
3 17070 rs7625652 188881548 1 1.964023167024225e-4 188881548 188881548 0
3 109 rs2729124 1122130 1 -1.9591248863267148e-4 1122130 1122130 0
3 5690 rs6803697 56831548 2 1.9582956055174577e-4 56831548 56831548 0
3 414 rs7641428 3527638 1 1.956458520519649e-4 3527638 3527638 0
3 4284 rs3922844 38624253 1 1.9420834935460625e-4 38624253 38624253 0
3 9210 rs6441682 102583687 1 -1.923480939406573e-4 102583687 102583687 0
3 14541 rs10936176 158943008 1 1.9056672953028165e-4 158943008 158943008 0
3 15418 rs12630450 169480204 1 -1.901769623100973e-4 169480204 169480204 0
3 3785 rs6550155 32766905 1 -1.889996393498554e-4 32766905 32766905 0
3 11916 rs61744488 130150310 1 -1.8876527359732535e-4 130150310 130150310 0
3 15591 rs4894786 171645174 1 1.880700669669925e-4 171645174 171645174 0
3 11064 rs33988592 121415610 1 1.875385629465314e-4 121415610 121415610 0
3 17121 rs11720501 189284257 1 -1.874347920967833e-4 189284257 189284257 0
3 7587 rs7428981 74551469 1 -1.8719063516743696e-4 74551469 74551469 0
3 10712 rs4687817 118306518 1 -1.8680319471915495e-4 118306518 118306518 0
3 16588 rs6762938 183773771 2 1.8646369524372253e-4 183773771 183773771 0
3 2050 rs10460976 18419859 1 1.858971335896585e-4 18419859 18419859 0
3 7132 rs17005687 69413992 1 -1.8366563498745025e-4 69413992 69413992 0
3 12254 rs1965461 132808392 2 1.833889353258068e-4 132808392 132808392 0
3 16525 rs953419 183585883 1 1.8188379734062496e-4 183585883 183585883 0
3 17290 rs6793890 190881904 1 -1.811990779736965e-4 190881904 190881904 0
3 1473 rs521573 13134777 1 -1.774371398361335e-4 13134777 13134777 0
3 7563 rs1545384 74352261 1 1.7742669938190136e-4 74352261 74352261 0
3 8850 rs1948608 98063570 1 -1.7728461148134157e-4 98063570 98063570 0
3 7298 rs1288821 71330583 1 -1.7698819590440592e-4 71330583 71330583 0
3 4871 rs1473443 45517098 1 1.762633569305594e-4 45517098 45517098 0
3 13638 rs17787940 149250589 1 -1.7580241834719027e-4 149250589 149250589 0
3 1869 rs9310499 16563873 1 -1.7577660656973516e-4 16563873 16563873 0
3 9696 rs6790456 107739094 1 1.7556925922017138e-4 107739094 107739094 0
3 3330 rs13090360 29387083 2 -1.75293303947679e-4 29387083 29387083 0
3 1668 rs61736141 14798976 1 -1.7524005901807912e-4 14798976 14798976 0
3 15388 rs1881305 169221557 1 -1.7453911156263904e-4 169221557 169221557 0
3 4242 rs6775473 38109174 2 1.7432809683782212e-4 38109174 38109174 0
3 8150 rs6779777 83651289 1 1.7183858861210326e-4 83651289 83651289 0
3 214 rs6442696 1856689 1 -1.70998917715947e-4 1856689 1856689 0
3 10157 rs2638037 112252390 1 1.7054709585555115e-4 112252390 112252390 0
3 10032 rs6782962 111491868 1 1.7029437668123574e-4 111491868 111491868 0
3 7756 rs2166801 77526031 1 -1.7025757072499682e-4 77526031 77526031 0
3 12987 rs2681693 141510052 1 1.7012931183111446e-4 141510052 141510052 0
3 3904 rs9854604 34526799 1 1.6992923020273242e-4 34526799 34526799 0
3 7516 rs3856583 73788701 1 1.6746702337322228e-4 73788701 73788701 0
3 9207 rs7634477 102529319 1 -1.6728236964216582e-4 102529319 102529319 0
3 13226 rs183838 144037960 1 -1.6643076968056304e-4 144037960 144037960 0
3 11777 rs4927953 128971113 1 -1.6487615950718643e-4 128971113 128971113 0
3 16122 rs1489626 177861884 1 -1.6344548317807228e-4 177861884 177861884 0
3 3831 rs4621286 33226976 1 -1.620988581125628e-4 33226976 33226976 0
3 13224 rs6763060 143992630 2 -1.6128646911009535e-4 143992630 143992630 0
3 319 rs11718965 2609657 1 -1.60355654601926e-4 2609657 2609657 0
3 10639 rs861001 117720355 1 1.601186551489048e-4 117720355 117720355 0
3 10192 rs4682123 112597706 1 1.596330654092448e-4 112597706 112597706 0
3 220 rs7647217 1871275 1 1.5832868563276666e-4 1871275 1871275 0
3 2052 rs13321420 18428450 1 1.5729053782542423e-4 18428450 18428450 0
3 9619 rs1819051 106809176 1 1.5727265885004204e-4 106809176 106809176 0
3 16436 rs633725 182850258 1 1.5608519997955443e-4 182850258 182850258 0
3 1692 rs2307090 14939679 2 -1.5492602172025756e-4 14939679 14939679 0
3 7327 rs2322165 71895073 1 -1.53382923969145e-4 71895073 71895073 0
3 17009 rs2221070 187764218 1 -1.5249427508661409e-4 187764218 187764218 0
3 6653 rs938823 64992289 1 1.5248901399983673e-4 64992289 64992289 0
3 3991 rs17693703 35334398 1 1.5225128822488583e-4 35334398 35334398 0
3 14917 rs1388721 162945834 1 -1.520540696818002e-4 162945834 162945834 0
3 183 rs7630359 1754872 1 -1.4842511633351418e-4 1754872 1754872 0
3 10247 rs1875111 112978764 1 -1.482693793621718e-4 112978764 112978764 0
3 10779 rs9823555 118877867 1 1.480671642795015e-4 118877867 118877867 0
3 5188 rs7623760 51880554 1 -1.4678153617417094e-4 51880554 51880554 0
3 1874 rs2347309 16596267 1 -1.4653036039209152e-4 16596267 16596267 0
3 5825 rs9817356 58335573 1 1.463086804703307e-4 58335573 58335573 0
3 9358 rs2399009 104060810 1 -1.4512227259237386e-4 104060810 104060810 0
3 15677 rs575511 172735766 1 1.4475507609185297e-4 172735766 172735766 0
3 5960 rs9810994 59893532 1 1.445237782313512e-4 59893532 59893532 0
3 16435 rs3772715 182849564 1 -1.443797451584011e-4 182849564 182849564 0
3 3660 rs13319027 31522212 1 1.4375521504149776e-4 31522212 31522212 0
3 8750 rs6438313 95851156 1 -1.436535558174792e-4 95851156 95851156 0
3 121 rs9823491 1218279 1 1.4355249459887815e-4 1218279 1218279 0
3 3349 rs1561374 29458092 1 1.431389081600652e-4 29458092 29458092 0
3 17588 rs4677642 194529917 1 -1.427412161269065e-4 194529917 194529917 0
3 10453 rs2199349 115908480 1 1.421437811657943e-4 115908480 115908480 0
3 12232 rs9876198 132685783 1 -1.4031002954678994e-4 132685783 132685783 0
3 5829 rs13315871 58381287 1 1.3884534640812548e-4 58381287 58381287 0
3 17732 rs6788537 197161849 1 1.3826630744373291e-4 197161849 197161849 0
3 5006 rs11130138 47598663 1 -1.3793010799214312e-4 47598663 47598663 0
3 6915 rs2885872 67421488 1 1.3757688766759816e-4 67421488 67421488 0
3 1700 rs7639103 15158151 1 1.3639318096094887e-4 15158151 15158151 0
3 8002 rs7622741 81550315 1 1.3599033568350807e-4 81550315 81550315 0
3 3654 rs1353327 31502960 1 1.3433522721867142e-4 31502960 31502960 0
3 16440 rs10513791 182862976 1 -1.3367458127332436e-4 182862976 182862976 0
3 2758 rs4858095 23996371 2 1.3362444334023252e-4 23996371 23996371 0
3 16180 rs7623291 178356237 1 1.321857467801104e-4 178356237 178356237 0
3 1480 rs357161 13207536 1 1.310920282161263e-4 13207536 13207536 0
3 6382 rs9311853 62941248 1 -1.30932720167803e-4 62941248 62941248 0
3 2443 rs1320292 21701712 2 -1.3012720742051355e-4 21701712 21701712 0
3 2355 rs13080495 21351637 1 -1.299574930305979e-4 21351637 21351637 0
3 15346 rs16853318 168932906 1 1.2977294510953212e-4 168932906 168932906 0
3 9367 rs9871458 104135554 1 1.2940631964234535e-4 104135554 104135554 0
3 3482 rs9838682 30390867 1 1.2776615423959548e-4 30390867 30390867 0
3 11717 rs1735538 128092102 1 -1.277622971655743e-4 128092102 128092102 0
3 12092 rs2035095 131639140 2 -1.2528698176450005e-4 131639140 131639140 0
3 15763 rs2861668 173927196 1 -1.2353740240142217e-4 173927196 173927196 0
3 2818 rs892940 24538838 1 -1.2330000221536693e-4 24538838 24538838 0
3 10764 rs1369572 118782813 1 -1.23171302067304e-4 118782813 118782813 0
3 7884 rs12635896 79530748 1 -1.227898866741515e-4 79530748 79530748 0
3 11474 rs2922165 125319540 1 -1.2047916401409446e-4 125319540 125319540 0
3 9825 rs2029001 108728670 1 1.1838692171222692e-4 108728670 108728670 0
3 5824 rs13075746 58293867 1 -1.181544125352456e-4 58293867 58293867 0
3 16004 rs6794386 176491059 1 -1.1801064712264488e-4 176491059 176491059 0
3 16589 rs6807670 183778298 1 1.1669980056437772e-4 183778298 183778298 0
3 14584 rs13088856 159554958 1 1.16668761054838e-4 159554958 159554958 0
3 4395 rs816488 39553788 1 1.1639413915959532e-4 39553788 39553788 0
3 15132 rs1574560 166047504 1 -1.1598936667981076e-4 166047504 166047504 0
3 13567 rs67572210 148673739 1 1.158537056820589e-4 148673739 148673739 0
3 3168 rs11129307 28017377 2 1.1575071343829495e-4 28017377 28017377 0
3 334 rs2728047 2756407 1 -1.1549220045345596e-4 2756407 2756407 0
3 16847 rs822394 186566728 1 1.149510688329442e-4 186566728 186566728 0
3 7081 rs6803374 68996638 1 1.1453630257585008e-4 68996638 68996638 0
3 12221 rs6777507 132634780 1 1.1422777053246967e-4 132634780 132634780 0
3 1096 rs13068999 9396030 1 1.1372901758894974e-4 9396030 9396030 0
3 6024 rs760316 60098968 2 1.1353163116535736e-4 60098968 60098968 0
3 2686 rs7615823 23173734 1 1.1293117050542072e-4 23173734 23173734 0
3 5896 rs10510808 59408242 1 -1.1129598485825078e-4 59408242 59408242 0
3 14442 rs1399757 157606256 1 1.1041510529539982e-4 157606256 157606256 0
3 12883 rs17348572 140178381 1 -1.1016290971335184e-4 140178381 140178381 0
3 2582 rs7616263 22531649 1 -1.0942057456179116e-4 22531649 22531649 0
3 11363 rs3772790 124401225 1 1.0897590997691114e-4 124401225 124401225 0
3 15547 rs902952 171088709 1 1.0779636314731568e-4 171088709 171088709 0
3 1906 rs11711008 16744285 1 -1.07747617289677e-4 16744285 16744285 0
3 16183 rs1477782 178364114 1 1.0717317789742552e-4 178364114 178364114 0
3 11136 rs9985440 122010681 1 1.0674169196913744e-4 122010681 122010681 0
3 6792 rs13874 66419956 1 1.054424304696449e-4 66419956 66419956 0
3 16409 rs10937101 182513714 1 -1.0213538119439724e-4 182513714 182513714 0
3 13764 rs2242353 151012497 1 1.014384723778627e-4 151012497 151012497 0
3 9244 rs4359820 103151043 1 1.0095364724883356e-4 103151043 103151043 0
3 6841 rs7633975 66836630 1 -1.0069641337174086e-4 66836630 66836630 0
3 3407 rs9868264 29683162 1 -1.0037153642134428e-4 29683162 29683162 0
3 8737 rs10934322 95741376 1 -9.970677536155047e-5 95741376 95741376 0
3 9476 rs1044240 105258861 1 -9.967052631224928e-5 105258861 105258861 0
3 6939 rs1028950 67615531 1 -9.87997455141522e-5 67615531 67615531 0
3 12724 rs12107422 138652077 2 9.786847712117634e-5 138652077 138652077 0
3 7257 rs10511012 70839752 1 -9.754538128019076e-5 70839752 70839752 0
3 9262 rs1511650 103348210 1 -9.746017145020632e-5 103348210 103348210 0
3 12429 rs10512944 134898344 1 9.738231049281752e-5 134898344 134898344 0
3 3749 rs6790078 32442272 1 -9.732199663309666e-5 32442272 32442272 0
3 17642 rs74547899 195516730 1 -9.706893079809962e-5 195516730 195516730 0
3 9693 rs4855614 107661951 1 9.681733104635876e-5 107661951 107661951 0
3 9386 rs6437523 104289464 1 9.678258837205706e-5 104289464 104289464 0
3 8075 rs9831660 82492458 1 9.673949421781635e-5 82492458 82492458 0
3 15613 rs12637941 171972663 1 -9.673459907851756e-5 171972663 171972663 0
3 11449 rs1464065 124910439 1 9.464262568989105e-5 124910439 124910439 0
3 13574 rs2229361 148757864 1 9.461652992923644e-5 148757864 148757864 0
3 7207 rs7430272 70258762 2 -9.436150859285496e-5 70258762 70258762 0
3 13659 rs13064993 149403563 1 9.403502812138358e-5 149403563 149403563 0
3 2434 rs17029417 21658582 1 9.360907422616748e-5 21658582 21658582 0
3 6313 rs6777784 62376645 1 -9.35554765191468e-5 62376645 62376645 0
3 4813 rs1995641 44943389 1 -9.305905128699096e-5 44943389 44943389 0
3 1316 rs892935 11647173 1 9.278431178477448e-5 11647173 11647173 0
3 4108 rs6550414 36316371 1 9.269206779487984e-5 36316371 36316371 0
3 2612 rs3915080 22711509 1 -9.256850562386744e-5 22711509 22711509 0
3 8715 rs9860786 95144399 1 -9.216604291304948e-5 95144399 95144399 0
3 2089 rs9830798 18866539 1 9.187774090660842e-5 18866539 18866539 0
3 2243 rs4858208 20506446 1 9.14612976396904e-5 20506446 20506446 0
3 16913 rs4686885 187161616 2 -9.101664916892528e-5 187161616 187161616 0
3 12167 rs1100396 132021906 1 9.005031328704033e-5 132021906 132021906 0
3 11592 rs11711483 126143297 2 8.949470930760978e-5 126143297 126143297 0
3 7481 rs12486279 73699523 1 8.939530366409502e-5 73699523 73699523 0
3 4806 rs137928809 44488656 1 8.934819208832921e-5 44488656 44488656 0
3 1470 rs413245 13112931 2 8.859481249196528e-5 13112931 13112931 0
3 4364 rs9311208 39208697 1 8.817176157473874e-5 39208697 39208697 0
3 671 rs11130652 5902056 1 -8.777501764630199e-5 5902056 5902056 0
3 6636 rs2165605 64903430 1 8.75742671511032e-5 64903430 64903430 0
3 926 rs1074506 7922313 1 -8.709735800450872e-5 7922313 7922313 0
3 9031 rs12696105 100112816 1 8.656782369021834e-5 100112816 100112816 0
3 14967 rs686697 163938800 1 8.59755352200163e-5 163938800 163938800 0
3 12687 rs774813 137899898 1 8.57532914144506e-5 137899898 137899898 0
3 15586 rs3843979 171533283 1 8.513326897291649e-5 171533283 171533283 0
3 12796 rs6777158 139516804 1 -8.476960212866247e-5 139516804 139516804 0
3 1920 rs4685385 16795149 1 8.430369831448518e-5 16795149 16795149 0
3 6490 rs6798742 63903759 2 -8.390273358257073e-5 63903759 63903759 0
3 12706 rs35340237 138218994 1 -8.230250597372171e-5 138218994 138218994 0
3 1782 rs1466073 15940832 1 -8.207771224338907e-5 15940832 15940832 0
3 10250 rs3814405 113003273 1 -8.186531909109921e-5 113003273 113003273 0
3 2079 rs9824781 18800046 1 7.930272609570431e-5 18800046 18800046 0
3 86 rs1523902 847139 1 -7.877777526930079e-5 847139 847139 0
3 2100 rs1442198 19428314 1 7.868340229225018e-5 19428314 19428314 0
3 3179 rs1156909 28126595 1 7.863751626141804e-5 28126595 28126595 0
3 4401 rs1464049 39639941 1 -7.81216947804498e-5 39639941 39639941 0
3 4111 rs1479151 36344479 1 -7.706623231574627e-5 36344479 36344479 0
3 4244 rs144424576 38163900 1 7.694543869315785e-5 38163900 38163900 0
3 11148 rs9879508 122136480 1 -7.68399888874556e-5 122136480 122136480 0
3 6179 rs12497257 61211945 1 7.588419033101174e-5 61211945 61211945 0
3 16076 rs2133600 177347155 1 -7.575520259040761e-5 177347155 177347155 0
3 3817 rs61743461 33195309 2 7.568719956204447e-5 33195309 33195309 0
3 9889 rs1152220 109477246 1 7.542147595778106e-5 109477246 109477246 0
3 7582 rs7635421 74523135 1 -7.53154406018352e-5 74523135 74523135 0
3 7567 rs479652 74380566 1 -7.388159617018717e-5 74380566 74380566 0
3 433 rs11713638 3671084 1 -7.368613252436347e-5 3671084 3671084 0
3 14142 rs11917011 154229004 1 -7.36109062060864e-5 154229004 154229004 0
3 10058 rs1282936 111617914 1 -7.349199775087455e-5 111617914 111617914 0
3 5239 rs34986855 52780205 1 7.284533520974978e-5 52780205 52780205 0
3 13787 rs765281 151115991 1 7.227470162496961e-5 151115991 151115991 0
3 4060 rs9845811 35970883 1 7.223693283444991e-5 35970883 35970883 0
3 2440 rs17009199 21692393 1 7.158867203596323e-5 21692393 21692393 0
3 8935 rs10935768 99088011 2 7.120692745496741e-5 99088011 99088011 0
3 17336 rs167152 191121437 1 -7.10315925716352e-5 191121437 191121437 0
3 15672 rs1353868 172661239 1 -7.096349704871918e-5 172661239 172661239 0
3 2291 rs4858257 20752492 1 -7.068476029201237e-5 20752492 20752492 0
3 1013 rs164966 8615277 1 7.060051898104098e-5 8615277 8615277 0
3 8651 rs7637670 89493167 1 -6.974743766121689e-5 89493167 89493167 0
3 7469 rs12496312 73627014 1 -6.850977276560269e-5 73627014 73627014 0
3 16652 rs9836536 184307939 1 -6.695588069093167e-5 184307939 184307939 0
3 5287 rs6778964 53208782 1 6.658731762802258e-5 53208782 53208782 0
3 15994 rs1490051 176407064 1 6.641467258375214e-5 176407064 176407064 0
3 14969 rs9818705 163961014 1 6.615822144705949e-5 163961014 163961014 0
3 3158 rs9810699 27880417 1 6.55612438198085e-5 27880417 27880417 0
3 3113 rs6774965 27548813 1 -6.51023908745e-5 27548813 27548813 0
3 4290 rs1805124 38645420 1 6.475437906078379e-5 38645420 38645420 0
3 6115 rs17670198 60597001 1 6.466041529648536e-5 60597001 60597001 0
3 17712 rs6803606 196861043 1 6.351273920183719e-5 196861043 196861043 0
3 14590 rs9877650 159635428 1 -6.328376367723213e-5 159635428 159635428 0
3 16817 rs10770 186389559 1 -6.27444331682611e-5 186389559 186389559 0
3 6690 rs1109195 65220481 1 -6.251013997230547e-5 65220481 65220481 0
3 17671 rs4916483 195907653 1 6.243507284740153e-5 195907653 195907653 0
3 6983 rs9850969 68150331 1 6.211905152488957e-5 68150331 68150331 0
3 3584 rs10510641 30911718 1 -6.126140434524226e-5 30911718 30911718 0
3 2541 rs1463579 22106715 1 6.124559236922044e-5 22106715 22106715 0
3 5742 rs4462937 57414434 1 -6.0603136808639886e-5 57414434 57414434 0
3 5734 rs9311646 57393243 1 6.0525037607870256e-5 57393243 57393243 0
3 6140 rs1900669 60797810 1 -5.94264672438486e-5 60797810 60797810 0
3 5918 rs1995416 59529264 1 5.905987591532493e-5 59529264 59529264 0
3 9568 rs9828827 106125175 1 5.888098484059156e-5 106125175 106125175 0
3 4299 rs13073578 38679364 1 -5.8696351318428046e-05 38679364 38679364 0
3 14639 rs2367209 160398885 1 5.8557449873138296e-5 160398885 160398885 0
3 13714 rs2293151 150285520 1 5.816518736921971e-5 150285520 150285520 0
3 5099 rs4855882 49715354 1 -5.8013212126015655e-5 49715354 49715354 0
3 12770 rs12635533 139331061 1 -5.743168484662007e-5 139331061 139331061 0
3 2088 rs6779916 18865304 1 5.662881514413961e-5 18865304 18865304 0
3 14005 rs12633842 152864665 1 -5.621336695084315e-5 152864665 152864665 0
3 2645 rs637382 22929986 1 5.598835642268477e-5 22929986 22929986 0
3 13414 rs9822212 146325770 1 5.5554607959809513e-05 146325770 146325770 0
3 13314 rs17236193 145443276 1 -5.509910051332694e-5 145443276 145443276 0
3 7128 rs881031 69406856 1 -5.506629584051789e-5 69406856 69406856 0
3 1274 rs17034004 11163408 1 -5.36577933722393e-5 11163408 11163408 0
3 3837 rs6800399 33281293 1 5.354218706884724e-5 33281293 33281293 0
3 6761 rs264695 65905920 1 5.3506749330866026e-5 65905920 65905920 0
3 4932 rs10510751 46346025 1 -5.33440469027373e-5 46346025 46346025 0
3 3810 rs61749982 33135592 1 5.269583905338212e-5 33135592 33135592 0
3 9573 rs12637225 106132701 2 5.135607905717358e-5 106132701 106132701 0
3 2394 rs13325718 21493098 1 4.951236138770841e-5 21493098 21493098 0
3 14433 rs10513518 157531347 1 -4.894417246943143e-5 157531347 157531347 0
3 13321 rs3863994 145484110 2 4.8232331610814215e-5 145484110 145484110 0
3 1663 rs17040196 14745857 1 -4.773391017209874e-5 14745857 14745857 0
3 2090 rs6550702 18867579 1 4.698487701345232e-5 18867579 18867579 0
3 3898 rs9838476 34317979 1 -4.682637671730693e-5 34317979 34317979 0
3 852 rs7633040 7288365 1 -4.589683539718062e-5 7288365 7288365 0
3 11283 rs17373884 123534283 1 4.580244342017479e-5 123534283 123534283 0
3 17096 rs7636647 189205443 1 -4.512695457459467e-5 189205443 189205443 0
3 10720 rs16828784 118418924 1 4.503164066863551e-5 118418924 118418924 0
3 10726 rs697378 118463829 1 -4.401215081629326e-5 118463829 118463829 0
3 5227 rs10510759 52607288 1 -4.257146506496331e-5 52607288 52607288 0
3 2479 rs12633231 21807679 2 4.2568858544616195e-5 21807679 21807679 0
3 1061 rs1703127 9068858 2 -4.1738792066388266e-5 9068858 9068858 0
3 16379 rs6788528 181932928 2 -4.139981499640713e-5 181932928 181932928 0
3 13635 rs10513353 149246213 1 -4.134839755326622e-5 149246213 149246213 0
3 5672 rs61743979 56649256 1 4.125274668028565e-5 56649256 56649256 0
3 16460 rs10513792 183035175 1 -4.064884157093601e-5 183035175 183035175 0
3 7454 rs3901920 73394611 1 3.948746342183189e-5 73394611 73394611 0
3 6006 rs12493170 60076397 1 -3.849661556071592e-5 60076397 60076397 0
3 12437 rs13085606 134977164 1 3.8200891729801023e-05 134977164 134977164 0
3 15798 rs11713639 174109138 2 3.80995525737143e-5 174109138 174109138 0
3 4230 rs9835886 37969001 1 -3.746728374960848e-5 37969001 37969001 0
3 16796 rs4490348 186204424 1 3.728078459745693e-5 186204424 186204424 0
3 16912 rs2653315 187160825 1 3.7263726464705577e-5 187160825 187160825 0
3 5876 rs4679621 59324733 2 3.5933113840996454e-5 59324733 59324733 0
3 6494 rs61736574 63968083 1 -3.5920682328469125e-5 63968083 63968083 0
3 3909 rs997334 34545151 1 3.4431984243794745e-5 34545151 34545151 0
3 11227 rs6791346 122762440 1 3.4252081256643595e-5 122762440 122762440 0
3 13798 rs9289840 151194880 1 -3.403184300049062e-5 151194880 151194880 0
3 1271 rs11128537 11092828 1 3.3711981659626745e-5 11092828 11092828 0
3 11798 rs9816963 129065685 1 -3.341633330169952e-5 129065685 129065685 0
3 4310 rs7430477 38765490 1 -3.317641105263104e-5 38765490 38765490 0
3 15390 rs12630817 169232522 2 3.289755566505785e-5 169232522 169232522 0
3 9536 rs12485870 105749376 1 -3.261000834066521e-5 105749376 105749376 0
3 1158 rs2075355 10320865 1 -3.224807896491677e-5 10320865 10320865 0
3 3614 rs1385831 31116647 1 -3.2200060366956676e-5 31116647 31116647 0
3 2824 rs9310745 24601911 2 -3.207521031369171e-5 24601911 24601911 0
3 3480 rs17025329 30387538 1 -3.1222285819645024e-5 30387538 30387538 0
3 5998 rs7615432 60065257 1 3.074716686211384e-5 60065257 60065257 0
3 15791 rs1546685 174059237 1 -3.025152757657917e-5 174059237 174059237 0
3 1060 rs421041 9066853 1 2.9780099820179e-5 9066853 9066853 0
3 14232 rs7621415 155476547 1 -2.925001697397111e-5 155476547 155476547 0
3 12005 rs10512807 131212414 2 2.8940750434406257e-5 131212414 131212414 0
3 16007 rs1490047 176501869 1 2.88804676335813e-5 176501869 176501869 0
3 8532 rs7432826 88190768 1 2.870509845672435e-5 88190768 88190768 0
3 641 rs9311642 5773145 1 -2.8651513012553676e-5 5773145 5773145 0
3 2502 rs779033 21921197 1 -2.854120806687537e-5 21921197 21921197 0
3 228 rs2727965 1894541 1 -2.8210784776375214e-5 1894541 1894541 0
3 4115 rs17035012 36440897 1 -2.72376512642558e-5 36440897 36440897 0
3 10746 rs36052974 118621664 1 -2.71721944482683e-5 118621664 118621664 0
3 12913 rs10935398 140513550 1 -2.5939780229207617e-5 140513550 140513550 0
3 2610 rs4858046 22709578 1 2.5685676515493377e-5 22709578 22709578 0
3 4503 rs627325 40825795 1 -2.564777933805219e-5 40825795 40825795 0
3 981 rs6764798 8200271 2 2.5421975307380403e-5 8200271 8200271 0
3 6071 rs7618479 60388322 1 2.5382128538675128e-5 60388322 60388322 0
3 482 rs2633820 3915943 1 2.4574397424784334e-5 3915943 3915943 0
3 7295 rs1288694 71324580 1 -2.4427158089936905e-5 71324580 71324580 0
3 4377 rs11129819 39304602 1 2.3456835718563248e-5 39304602 39304602 0
3 16516 rs1378909 183545750 1 2.1985150572709636e-5 183545750 183545750 0
3 7620 rs3892905 76043296 2 -2.0623753533928508e-5 76043296 76043296 0
3 1421 rs1151988 12511512 1 2.000992443873872e-5 12511512 12511512 0
3 13595 rs7649371 149001335 1 1.796259552324731e-5 149001335 149001335 0
3 17408 rs9848565 191901623 2 -1.785859010028674e-5 191901623 191901623 0
3 10377 rs11921118 114864571 1 1.763269631252689e-5 114864571 114864571 0
3 9865 rs1163447 109056751 1 1.7474508696715643e-5 109056751 109056751 0
3 16490 rs12496193 183236106 1 1.6964746341883012e-5 183236106 183236106 0
3 7212 rs8180009 70283132 1 -1.6273744289092142e-5 70283132 70283132 0
3 16154 rs1441881 178231482 1 -1.6087860671759946e-5 178231482 178231482 0
3 3673 rs11129457 31677395 1 1.5914968763218917e-5 31677395 31677395 0
3 17095 rs9850625 189203007 1 -1.4899777186448772e-5 189203007 189203007 0
3 5915 rs9855650 59519764 1 1.4647449386048653e-5 59519764 59519764 0
3 7642 rs6796472 76470473 1 1.4365664303266949e-5 76470473 76470473 0
3 581 rs9831960 4802573 2 1.4194236937554044e-5 4802573 4802573 0
3 9906 rs2701578 109714119 1 1.2508178202829456e-5 109714119 109714119 0
3 16433 rs578111 182833857 1 1.200027644244164e-5 182833857 182833857 0
3 9576 rs4342128 106142880 1 1.1725007987457748e-5 106142880 106142880 0
3 15953 rs1921476 175929674 1 1.142297972743456e-5 175929674 175929674 0
3 9420 rs13066011 104716712 1 1.0892061579322243e-5 104716712 104716712 0
3 8910 rs1383906 98675118 1 1.0748072763050216e-5 98675118 98675118 0
3 15996 rs6787082 176417139 1 1.0600493123593368e-5 176417139 176417139 0
3 823 rs17046762 7115713 1 1.0125651015951842e-5 7115713 7115713 0
3 8412 rs979472 86385842 1 -1.0018360590153854e-5 86385842 86385842 0
3 1711 rs3773464 15371819 1 -9.977680810546542e-6 15371819 15371819 0
3 12988 rs11921607 141512513 1 9.699513364898815e-6 141512513 141512513 0
3 12789 rs10935348 139447500 1 -9.324447907219709e-6 139447500 139447500 0
3 9792 rs16844883 108498699 1 -9.27829028585782e-6 108498699 108498699 0
3 4388 rs3772146 39448204 2 9.088013601898713e-6 39448204 39448204 0
3 2767 rs6550829 24038687 1 9.081996137413451e-6 24038687 24038687 0
3 7739 rs9848676 77337755 1 7.546168605113155e-6 77337755 77337755 0
3 5823 rs13094898 58290143 1 7.5023298121514e-6 58290143 58290143 0
3 14033 rs7651209 153174119 1 -7.241299019692735e-6 153174119 153174119 0
3 6684 rs1482601 65176977 1 -6.85072039318775e-6 65176977 65176977 0
3 10328 rs9881461 114104227 1 6.587157864383587e-6 114104227 114104227 0
3 15733 rs16831765 173620010 1 -5.547992392986948e-6 173620010 173620010 0
3 5252 rs2071042 52864584 1 4.836969143167515e-6 52864584 52864584 0
3 7077 rs3925004 68963500 1 4.54426121092364e-6 68963500 68963500 0
3 15315 rs974942 168746694 1 -4.371912986968025e-6 168746694 168746694 0
3 4682 rs35770315 42680000 1 4.332752158403398e-6 42680000 42680000 0
3 2745 rs2061185 23762371 1 4.172622106213042e-6 23762371 23762371 0
3 17592 rs4677766 194576842 1 -4.118920448071632e-6 194576842 194576842 0
3 13260 rs7632966 144806160 1 2.772079291060985e-6 144806160 144806160 0
3 12059 rs1513385 131561519 2 2.501763743473109e-6 131561519 131561519 0
3 10739 rs950336 118586272 1 2.2023700817038476e-6 118586272 118586272 0
3 17471 rs6804743 192864085 1 2.0566774711300787e-6 192864085 192864085 0
3 7508 rs13060404 73756870 1 1.999520246724991e-6 73756870 73756870 0
3 3420 rs7637304 29808408 1 1.8678424389379369e-6 29808408 29808408 0
3 9269 rs6775909 103380852 1 1.8423551303144595e-6 103380852 103380852 0
3 5517 rs6772225 55276518 1 9.72279171900654e-7 55276518 55276518 0
3 1630 rs7610741 14506503 1 3.079820241044897e-7 14506503 14506503 0
3 11147 rs10934592 122135242 1 2.1202584513066757e-15 122135242 122135242 0
3 3815 rs4076086 33161898 1 2.939148486753427e-16 33161898 33161898 0
3 10827 rs16829853 119165650 1 2.0667077203124904e-16 119165650 119165650 0
3 9850 rs6805141 108950879 1 1.3968242356516924e-16 108950879 108950879 0
3 16339 rs7626344 180508164 1 1.3358252089958826e-16 180508164 180508164 0
3 13040 rs28897764 142281298 1 1.3206018392976576e-16 142281298 142281298 0
3 1014 rs165172 8616128 1 1.301379168604822e-16 8616128 8616128 0
3 10575 rs1554333 116804591 1 8.60741879572602e-17 116804591 116804591 0
3 8531 rs7653652 88189341 1 4.7329921925018205e-17 88189341 88189341 0
