CHR Group SNP.lead BP.lead Size W BP.min BP.max BP.width
12 610 rs1800693 6440009 1 0.1066299257559165 6440009 6440009 0
12 11092 rs10774625 111910219 1 0.08198851455699485 111910219 111910219 0
12 5902 rs10877013 58165085 1 0.03422796931747787 58165085 58165085 0
12 2676 rs2340378 25573239 1 -0.032962396145074 25573239 25573239 0
12 48 rs2075032 717138 1 0.02926744367245221 717138 717138 0
12 5588 rs1976935 54094036 1 -0.02723236447511965 54094036 54094036 0
12 1167 rs1797659 12186453 2 0.0267435105386604 12186453 12186453 0
12 7943 rs11532380 79872637 1 -0.02661827543860582 79872637 79872637 0
12 12405 rs3782287 125289265 1 0.02593572573156397 125289265 125289265 0
12 12403 rs838878 125260645 2 0.02571043436163696 125260645 125260645 0
12 4455 rs3213989 42863801 1 -0.02569925067867343 42863801 42863801 0
12 2602 rs1487648 24887648 1 0.02345067441722934 24887648 24887648 0
12 1845 rs1471941 18961341 1 0.02288208278642669 18961341 18961341 0
12 5849 rs4367982 57531632 2 -0.02258231721783384 57531632 57531632 0
12 332 rs873613 4232802 1 0.02242946246385652 4232802 4232802 0
12 5222 rs2640518 51561056 1 0.02206827368440585 51561056 51561056 0
12 4592 rs275605 43946204 1 0.02176658199554846 43946204 43946204 0
12 2595 rs7972841 24838713 1 -0.02173447183673649 24838713 24838713 0
12 2347 rs12817074 22386648 1 -0.02159846941263626 22386648 22386648 0
12 1260 rs741433 13087061 1 -0.02121256409508435 13087061 13087061 0
12 5278 rs10783486 52362786 1 -0.02120313895665608 52362786 52362786 0
12 1453 rs11055989 14622002 1 0.02046564392521113 14622002 14622002 0
12 9510 rs2075362 96606889 1 0.02006792002828488 96606889 96606889 0
12 2327 rs10841941 22245880 1 -0.01993373075941388 22245880 22245880 0
12 647 rs870849 6887020 1 0.0198849703777534 6887020 6887020 0
12 11287 rs7960468 114241098 1 -0.0198392387144218 114241098 114241098 0
12 10263 rs1043469 104166760 1 0.01973275505775634 104166760 104166760 0
12 358 rs7309402 4459032 1 -0.01851070018050623 4459032 4459032 0
12 7373 rs7970417 72734174 1 0.01807895478413742 72734174 72734174 0
12 1326 rs10744020 13479485 1 0.01788787042669163 13479485 13479485 0
12 12075 rs482522 121194862 1 0.01775888453347274 121194862 121194862 0
12 9782 rs3815997 99071023 2 -0.01774619251585942 99071023 99071023 0
12 22 rs4980814 443795 2 0.01771080426942304 443795 443795 0
12 12826 rs12818539 129439155 2 0.01748381714347516 129439155 129439155 0
12 1693 rs1163929 17602872 2 0.01732414488580294 17602872 17602872 0
12 10007 rs618278 101394344 2 -0.01689726557847384 101394344 101394344 0
12 4903 rs2285831 48125702 1 0.01686565733122966 48125702 48125702 0
12 1356 rs17820480 13638977 2 -0.01638645411003803 13638977 13638977 0
12 54 rs4980959 772673 1 0.01612978878342791 772673 772673 0
12 588 rs7139057 6169323 1 0.0161008042995981 6169323 6169323 0
12 354 rs11063085 4439603 1 -0.01596370230907493 4439603 4439603 0
12 12263 rs10773921 123541606 1 -0.01592132769556706 123541606 123541606 0
12 12772 rs1683689 128858494 1 0.0155137101645311 128858494 128858494 0
12 5545 rs11170448 53547987 1 -0.01550201499542874 53547987 53547987 0
12 5235 rs4762040 51713430 1 0.01523234236477236 51713430 51713430 0
12 13297 rs2306546 133358870 1 0.01515404444902255 133358870 133358870 0
12 5762 rs1701704 56412487 2 -0.01507275325987611 56412487 56412487 0
12 11095 rs607316 111969448 1 0.01501194522142109 111969448 111969448 0
12 5227 rs7399073 51614050 1 0.01486190204405144 51614050 51614050 0
12 1547 rs1024843 15731744 1 0.0148396224130396 15731744 15731744 0
12 10199 rs12310655 103628391 1 0.01448557451544332 103628391 103628391 0
12 6865 rs7304878 68485984 1 -0.01428130489817205 68485984 68485984 0
12 12457 rs736438 126021888 1 -0.01422682470512048 126021888 126021888 0
12 7145 rs2870883 70561697 2 -0.01415489536322123 70561697 70561697 0
12 1391 rs2268118 13872044 1 0.01413963977773328 13872044 13872044 0
12 9651 rs12579455 97875332 1 -0.01413835274774375 97875332 97875332 0
12 2248 rs10437776 21583242 1 0.01411394670947257 21583242 21583242 0
12 6876 rs10878764 68564677 1 0.01406065757584869 68564677 68564677 0
12 6921 rs10083027 68845536 1 -0.01402374805679392 68845536 68845536 0
12 9396 rs7959749 96051177 2 -0.01392730522882778 96051177 96051177 0
12 11691 rs11068043 116925539 2 -0.01391878280657863 116925539 116925539 0
12 12266 rs4148863 123569375 1 -0.01390060620762806 123569375 123569375 0
12 1999 rs2579247 20232244 1 -0.01382062595889173 20232244 20232244 0
12 11699 rs11068090 117013350 1 0.01370764085520338 117013350 117013350 0
12 1614 rs726206 16650668 2 -0.013471575149661 16650668 16650668 0
12 5767 rs773120 56502926 1 0.0133889599666526 56502926 56502926 0
12 1470 rs11609202 14959470 1 -0.01337393065011047 14959470 14959470 0
12 2398 rs79129189 23104620 1 0.01305016260559892 23104620 23104620 0
12 568 rs6489661 5936315 2 0.01298710675114208 5936315 5936315 0
12 786 ss1388083997 8904132 1 0.01274098897314235 8904132 8904132 0
12 25 rs10735031 573870 1 -0.01273605255208155 573870 573870 0
12 5610 rs10876528 54421476 1 0.01218379927011573 54421476 54421476 0
12 973 rs7979266 10233077 2 0.0119370358617282 10233077 10233077 0
12 6716 rs7300749 67015716 2 -0.01186267071802326 67015716 67015716 0
12 4498 rs7962745 43153849 2 -0.01152219651696572 43153849 43153849 0
12 12081 rs662739 121229893 1 -0.01138907298295831 121229893 121229893 0
12 313 rs10774176 3969126 1 0.01133383535461959 3969126 3969126 0
12 8717 rs704061 89771903 1 0.01132757784055383 89771903 89771903 0
12 1603 rs1024839 16519385 2 -0.0112428513360122 16519385 16519385 0
12 2610 rs10743520 24959594 1 -0.01115814810596161 24959594 24959594 0
12 7264 rs7972771 71465673 1 0.01109318720337599 71465673 71465673 0
12 681 ss1388032708 7281317 1 -0.01109265357797435 7281317 7281317 0
12 8076 rs10506840 81474736 1 -0.01095748300235081 81474736 81474736 0
12 4454 rs11832772 42859588 2 -0.01074404026840753 42859588 42859588 0
12 3739 rs1909510 32778913 2 0.01074205907484289 32778913 32778913 0
12 1586 rs6488840 16492515 1 0.01070204713209713 16492515 16492515 0
12 6152 rs1383187 61321575 2 -0.01063059272009897 61321575 61321575 0
12 13301 rs2291258 133378440 1 0.01050228053046331 133378440 133378440 0
12 12270 rs1727302 123632930 1 -0.01044695566780984 123632930 123632930 0
12 10128 rs5742671 102815758 1 -0.01044641256129522 102815758 102815758 0
12 9228 rs17022716 94948299 1 0.01018198349066333 94948299 94948299 0
12 8495 rs1581563 85397604 2 -0.01012180656127416 85397604 85397604 0
12 6529 rs11837890 64863983 1 -0.00999518177864525 64863983 64863983 0
12 1454 rs2900333 14653867 1 0.00985376562679421 14653867 14653867 0
12 1312 rs7299090 13411651 1 -0.00980860396411049 13411651 13411651 0
12 3736 rs6488068 32742369 2 -0.00972256621834403 32742369 32742369 0
12 6917 rs6581824 68807832 1 0.00962323280997829 68807832 68807832 0
12 7188 rs710652 70793516 1 -0.00958596703971029 70793516 70793516 0
12 9578 rs11837388 97475626 1 0.00957553511506296 97475626 97475626 0
12 882 ss1388110238 9809178 1 0.00952925388600639 9809178 9809178 0
12 5144 rs3741562 50529736 1 -0.00949100913461262 50529736 50529736 0
12 10316 rs3751209 104373600 1 0.00940557418888683 104373600 104373600 0
12 7026 rs17106884 70048829 1 -0.0093747683816457 70048829 70048829 0
12 1215 rs11054917 12606527 1 0.00931544106908572 12606527 12606527 0
12 6601 rs1494505 65810174 2 0.00917027756483497 65810174 65810174 0
12 5908 rs7137226 58303535 1 -0.00916017513801628 58303535 58303535 0
12 8152 rs6539579 82172593 1 -0.00913763875432265 82172593 82172593 0
12 9816 rs2201161 99631219 1 0.00889239861000855 99631219 99631219 0
12 523 rs2052355 5576943 1 -0.00881993274596552 5576943 5576943 0
12 5296 rs7299647 52544099 1 0.00876102316090349 52544099 52544099 0
12 10444 rs835480 105074764 1 -0.00865881493413867 105074764 105074764 0
12 12028 rs2239200 120538651 1 -0.00857493012382471 120538651 120538651 0
12 2575 rs3110018 24697192 1 0.00847743390859369 24697192 24697192 0
12 12052 rs606443 120910630 1 0.00847407524829366 120910630 120910630 0
12 4589 rs275380 43929996 1 0.0084082668492374 43929996 43929996 0
12 3811 rs10844474 33269608 1 -0.00836574396508955 33269608 33269608 0
12 13007 rs1614534 130523027 1 -0.0082821821045743 130523027 130523027 0
12 3606 rs16919122 32134815 1 0.0082735872402962991 32134815 32134815 0
12 5514 rs10876360 53240025 1 0.00826879669428163 53240025 53240025 0
12 7647 rs11180765 76344606 1 0.00826228773075492 76344606 76344606 0
12 8627 rs1461282 88186449 1 0.00825336948814996 88186449 88186449 0
12 884 ss1388110319 9811832 1 0.00816335044025996 9811832 9811832 0
12 12284 rs4930714 124067197 1 0.0081457770333136 124067197 124067197 0
12 12372 rs7133829 125089462 1 0.00813948539682536 125089462 125089462 0
12 9711 rs10507095 98224654 2 -0.00802031358909298 98224654 98224654 0
12 1597 rs1042669 16517032 1 0.00798374665573088 16517032 16517032 0
12 8979 rs408809 92696131 1 -0.00779634323537442 92696131 92696131 0
12 12870 rs10847790 129674124 2 -0.00776376872715282 129674124 129674124 0
12 12179 rs12832268 122222761 1 0.00775304606816049 122222761 122222761 0
12 2757 rs10842638 26093161 2 0.00772834890280357 26093161 26093161 0
12 9754 rs7954125 98762487 2 -0.00770350229970654 98762487 98762487 0
12 13010 rs6486515 130527398 1 0.00769372601085474 130527398 130527398 0
12 7278 rs1705221 71575611 2 -0.00757321356832419 71575611 71575611 0
12 11262 rs6489916 114127055 1 -0.00754895704067612 114127055 114127055 0
12 11123 rs17696736 112486818 1 -0.00746314548816404 112486818 112486818 0
12 1129 rs2111049 11827629 1 0.00743539905146435 11827629 11827629 0
12 12453 rs11058214 125994065 2 -0.00743237938660885 125994065 125994065 0
12 5967 rs10877143 58980408 1 -0.00738275218554793 58980408 58980408 0
12 1641 rs994883 17243041 1 0.00728217030477602 17243041 17243041 0
12 9569 rs10860122 97416064 1 0.00721290802454928 97416064 97416064 0
12 11395 rs1896003 114738961 1 0.00720727463355966 114738961 114738961 0
12 1171 rs2909001 12208578 1 0.00712369152372557 12208578 12208578 0
12 4459 rs2708040 42899879 1 0.00712105855822087 42899879 42899879 0
12 3280 rs302385 29872623 2 -0.007110945171759 29872623 29872623 0
12 6726 rs12581526 67064405 1 -0.00709723626196032 67064405 67064405 0
12 7738 rs17770815 77629205 1 -0.00708624753113894 77629205 77629205 0
12 639 rs7300366 6652227 1 0.0070847136518791 6652227 6652227 0
12 1505 rs11056272 15139743 1 -0.007058755648094 15139743 15139743 0
12 11840 rs10850957 118526648 2 -0.00702962178151946 118526648 118526648 0
12 78 rs7311276 1153596 1 -0.0070200073340352 1153596 1153596 0
12 126 rs16928848 1968090 1 -0.00693691584791759 1968090 1968090 0
12 1217 rs11834080 12617367 2 0.00689288585472958 12617367 12617367 0
12 12875 rs7304563 129705832 1 0.00686198958374235 129705832 129705832 0
12 12432 rs1080910 125608492 2 0.00685979623637338 125608492 125608492 0
12 8991 rs9988938 92821171 1 -0.00671567123663988 92821171 92821171 0
12 876 ss1388107924 9736279 1 0.0066969864579694 9736279 9736279 0
12 10000 rs17030838 101375823 1 0.00664501606643831 101375823 101375823 0
12 2660 rs4281557 25449557 1 0.00661862777025301 25449557 25449557 0
12 1239 rs11055015 12836679 2 0.00660189596845781 12836679 12836679 0
12 9382 rs10777704 95950130 1 0.00656457840416879 95950130 95950130 0
12 11094 rs630512 111952167 1 0.00655463984961844 111952167 111952167 0
12 8430 rs12821359 84721592 1 -0.00654436073289372 84721592 84721592 0
12 6662 rs10748036 66472284 1 0.00653368461751185 66472284 66472284 0
12 4482 rs4288814 43067451 2 0.0065299442773802 43067451 43067451 0
12 855 ss1388098938 9408619 2 -0.00652260863362695 9408619 9408619 0
12 3500 rs7309016 31085550 2 -0.00651093272591963 31085550 31085550 0
12 1838 rs7485517 18888456 2 0.00647269321643376 18888456 18888456 0
12 1283 rs117039796 13211471 1 -0.00647163390226045 13211471 13211471 0
12 4750 rs11534909 46456826 1 0.00643325164323544 46456826 46456826 0
12 10887 rs732742 108981642 1 -0.00642984601522393 108981642 108981642 0
12 1884 rs4598716 19225583 2 -0.00636385412170819 19225583 19225583 0
12 9666 rs1450999 98017735 1 -0.00632545260024969 98017735 98017735 0
12 543 rs453385 5759609 1 0.00631881994869937 5759609 5759609 0
12 12154 rs2942076 121794748 2 0.00626599311126521 121794748 121794748 0
12 6160 rs2620870 61386860 1 -0.00616647688267046 61386860 61386860 0
12 654 ss1388023568 6919569 1 0.00605500514773034 6919569 6919569 0
12 11188 rs7304898 113365667 1 -0.00602951543007128 113365667 113365667 0
12 9450 rs11610816 96275860 2 -0.00596012855419784 96275860 96275860 0
12 11145 rs233716 113039943 2 0.00588158982745081 113039943 113039943 0
12 7433 rs1520555 73828862 1 0.00587995203729392 73828862 73828862 0
12 5684 rs997173 55355033 1 -0.00587482672869457 55355033 55355033 0
12 88 rs7306130 1374396 1 0.00576679447235684 1374396 1374396 0
12 9784 rs936208 99205713 2 0.00575865327771777 99205713 99205713 0
12 9306 rs17023557 95388184 1 -0.00573036702106692 95388184 95388184 0
12 893 ss1388111288 9844581 1 0.00572584332549024 9844581 9844581 0
12 3046 rs258436 28039023 2 -0.00570716008575731 28039023 28039023 0
12 7172 rs7312892 70735733 1 -0.00563842336304034 70735733 70735733 0
12 234 rs3825364 3109873 1 0.00560184382812339 3109873 3109873 0
12 2665 rs10842535 25479948 1 0.00558246126522041 25479948 25479948 0
12 12760 rs1193373 128745755 1 -0.00555208717956557 128745755 128745755 0
12 772 ss1388061460 8230161 2 -0.00551287366191185 8230161 8230161 0
12 3258 rs7301855 29661473 1 0.00549763999946995 29661473 29661473 0
12 8473 rs1782934 85185396 2 -0.00542450751547047 85185396 85185396 0
12 2063 rs10770687 20810511 1 -0.0053898188770613396 20810511 20810511 0
12 9233 rs10859731 94953413 2 0.005382060490349 94953413 94953413 0
12 11125 rs4767364 112521448 2 0.00536005859391307 112521448 112521448 0
12 10722 rs1991310 107722780 1 -0.00535809170158205 107722780 107722780 0
12 897 ss1388112291 9876505 1 0.00533493962814439 9876505 9876505 0
12 12200 rs34768683 122380838 1 0.0053318219121927 122380838 122380838 0
12 729 ss1388045184 7735241 1 -0.00533093475590689 7735241 7735241 0
12 1367 rs1806203 13718971 1 -0.00531408967452035 13718971 13718971 0
12 2382 rs12581238 22976813 1 0.0053108955627716 22976813 22976813 0
12 12159 rs10849889 121897098 1 -0.0053091297958121 121897098 121897098 0
12 3090 rs11049439 28349302 1 0.00525414681917054 28349302 28349302 0
12 11298 rs4767155 114324609 1 0.00515855342434144 114324609 114324609 0
12 2521 rs11047241 24210719 1 -0.00514732526279541 24210719 24210719 0
12 6966 rs6581852 69504295 1 0.00513970702607594 69504295 69504295 0
12 2455 rs12227654 23688755 2 0.00508792829937652 23688755 23688755 0
12 10121 rs7138106 102617138 1 -0.00507386268405241 102617138 102617138 0
12 10320 rs2888805 104380734 1 -0.00506576889922115 104380734 104380734 0
12 11354 rs1920589 114562443 1 -0.00503864224937812 114562443 114562443 0
12 4204 rs11178431 41190135 1 0.00502554688969098 41190135 41190135 0
12 6678 rs1821777 66606228 1 -0.00492481504409896 66606228 66606228 0
12 9736 rs1504560 98559807 1 0.00487013614410573 98559807 98559807 0
12 1158 rs11054568 12127785 1 0.0048373223978583 12127785 12127785 0
12 11189 rs916972 113366049 1 0.004814430743723 113366049 113366049 0
12 8578 rs2635060 87248804 2 0.00479178901236013 87248804 87248804 0
12 47 rs2607916 716509 1 0.0047851646829145 716509 716509 0
12 10036 rs824312 101671485 1 -0.00477267435377833 101671485 101671485 0
12 11367 rs7971457 114615807 1 -0.00476012981749695 114615807 114615807 0
12 1101 rs11835196 11411923 1 -0.00475023364572477 11411923 11411923 0
12 2317 rs7299120 22234471 1 0.00471642945107721 22234471 22234471 0
12 10616 rs1862028 106281355 2 0.00471106945239103 106281355 106281355 0
12 11940 rs12309091 119444197 1 -0.00468409073633809 119444197 119444197 0
12 4090 rs7966550 40688695 1 0.00468203096031493 40688695 40688695 0
12 7375 rs7301453 72791120 2 -0.00467767508378904 72791120 72791120 0
12 11718 rs11068157 117147566 2 0.00464741404640192 117147566 117147566 0
12 12510 rs224773 126508567 1 0.0046327931330726 126508567 126508567 0
12 12021 rs10849704 120326063 2 0.00459247975082103 120326063 120326063 0
12 11545 rs7978533 115653952 1 0.00457833794658853 115653952 115653952 0
12 12264 rs585522 123550813 1 0.0045607037648286 123550813 123550813 0
12 13107 rs7967973 131461618 1 0.00454337814328045 131461618 131461618 0
12 10300 rs784080 104351057 1 0.0045419711036196 104351057 104351057 0
12 8054 rs1795502 81267673 1 0.00453944153137086 81267673 81267673 0
12 10889 rs2287557 108985199 1 -0.00452336591990784 108985199 108985199 0
12 3077 rs10843104 28276626 1 -0.00452070318281039 28276626 28276626 0
12 5673 rs11831847 55314346 1 0.00451808360815668 55314346 55314346 0
12 3990 rs4388963 40118249 1 -0.00450759938716298 40118249 40118249 0
12 774 ss1388062797 8279784 1 0.00447950130347107 8279784 8279784 0
12 12427 rs6488977 125519849 1 -0.00447104840414461 125519849 125519849 0
12 11408 rs10507246 114796284 1 -0.00444352577068834 114796284 114796284 0
12 12873 rs10847798 129693687 1 0.00440901849799396 129693687 129693687 0
12 567 rs2058466 5924694 1 -0.00438364714247843 5924694 5924694 0
12 7291 rs4760919 71649818 2 0.00437469119890998 71649818 71649818 0
12 2247 rs12817513 21578559 2 0.00437226886227776 21578559 21578559 0
12 5194 rs12831858 51259197 2 0.00436693845962517 51259197 51259197 0
12 11502 rs7139439 115422825 1 -0.00436021218672216 115422825 115422825 0
12 330 rs741245 4227248 1 -0.00434915489782911 4227248 4227248 0
12 3986 rs17127129 39825613 1 0.00434873380353566 39825613 39825613 0
12 6867 rs10492199 68487099 1 -0.00433425386859453 68487099 68487099 0
12 9670 rs2122661 98024655 1 -0.00428457640518504 98024655 98024655 0
12 267 rs11062666 3582651 1 -0.00427295810562621 3582651 3582651 0
12 5944 rs11172551 58750305 1 -0.00425142656421485 58750305 58750305 0
12 6463 rs1251764 63788284 1 0.00424575155723999 63788284 63788284 0
12 3909 rs7961495 38843441 2 0.00423995948133626 38843441 38843441 0
12 3156 rs993168 28999673 1 -0.00422654936743912 28999673 28999673 0
12 348 rs4766227 4363350 2 -0.00422024974495833 4363350 4363350 0
12 2034 rs12369443 20582651 1 -0.00421766012542675 20582651 20582651 0
12 7311 rs11178845 71943537 1 0.00421493739897314 71943537 71943537 0
12 4856 rs10881069 47582724 1 -0.00420943123678011 47582724 47582724 0
12 8789 rs1344963 90671979 2 -0.00418513452671261 90671979 90671979 0
12 4620 rs4251580 44174766 1 -0.00416186444771251 44174766 44174766 0
12 3253 rs880133 29627527 1 -0.00416096619834231 29627527 29627527 0
12 5912 rs17120203 58345606 1 0.00411979071792583 58345606 58345606 0
12 5846 rs167769 57503775 1 -0.0041090795051126 57503775 57503775 0
12 11451 rs6489974 115156530 1 -0.00407746375402132 115156530 115156530 0
12 11197 rs2072135 113399179 1 0.00405174182648553 113399179 113399179 0
12 413 rs12821116 4890114 1 -0.00396958280601208 4890114 4890114 0
12 2121 rs2117032 21074122 2 0.00393996614605559 21074122 21074122 0
12 8125 rs12582634 81861791 1 0.00393681532481404 81861791 81861791 0
12 5672 rs9943768 55287990 1 0.0039100764943813 55287990 55287990 0
12 299 rs2191537 3851710 1 0.00390390996311672 3851710 3851710 0
12 9087 rs7976742 93721801 1 0.00389444634842724 93721801 93721801 0
12 974 rs2277416 10241829 1 0.00387245618852042 10241829 10241829 0
12 11537 rs7959298 115643608 2 0.00386926381998381 115643608 115643608 0
12 7709 rs11117030 77482656 1 -0.00386280796656333 77482656 77482656 0
12 8425 rs7301862 84674358 1 -0.00383743252917495 84674358 84674358 0
12 10053 rs2373455 101892921 2 0.00383041285443587 101892921 101892921 0
12 7839 rs17224015 78488242 2 0.0038024788458265 78488242 78488242 0
12 2482 rs16926727 23952345 1 0.00379771858689754 23952345 23952345 0
12 9672 rs2060733 98026477 1 0.00372390699640047 98026477 98026477 0
12 309 rs3809252 3941356 1 -0.0037170122019395 3941356 3941356 0
12 4057 rs12581285 40509341 1 0.00370312459433871 40509341 40509341 0
12 9147 rs10777556 94312091 1 0.0036962652574876 94312091 94312091 0
12 3781 rs12227043 33100678 1 0.00368517534569203 33100678 33100678 0
12 1173 rs2287153 12223868 2 0.00367754919706132 12223868 12223868 0
12 3416 rs10082827 30473418 1 -0.00366679891502751 30473418 30473418 0
12 7486 rs12426157 74576059 1 -0.00366001532796664 74576059 74576059 0
12 11807 rs487894 118112859 2 0.00363404702772249 118112859 118112859 0
12 3239 rs10734773 29558505 1 0.00363230785489947 29558505 29558505 0
12 11286 rs11066758 114240419 2 -0.00361838589805884 114240419 114240419 0
12 9078 rs963542 93563956 1 0.0036176693491633 93563956 93563956 0
12 125 rs11062006 1964267 1 -0.0035586682882428 1964267 1964267 0
12 11302 rs1124665 114346667 1 -0.00354872235220377 114346667 114346667 0
12 5274 rs3847859 52293500 2 0.00354831029892701 52293500 52293500 0
12 10426 rs4964826 105015544 1 -0.00354042690275685 105015544 105015544 0
12 2088 rs10841644 20946762 1 -0.0035141130550419 20946762 20946762 0
12 6841 rs11176925 68281795 2 -0.0035085178578972 68281795 68281795 0
12 4575 rs11182091 43863773 1 0.00350554305819001 43863773 43863773 0
12 12232 rs4758648 122900460 1 -0.00350504758632206 122900460 122900460 0
12 1699 rs653063 17651022 1 -0.00350312273360842 17651022 17651022 0
12 11793 rs6490128 117975866 1 0.0034673422448221 117975866 117975866 0
12 12978 rs1376797 130284595 1 -0.00345496155771054 130284595 130284595 0
12 13135 rs1569019 131576191 1 -0.00344541120020736 131576191 131576191 0
12 10848 rs2673744 108803662 1 -0.00342404505832131 108803662 108803662 0
12 11093 rs6490162 111941120 1 0.00338840092403879 111941120 111941120 0
12 7450 rs11179745 74089396 1 -0.00336944291172363 74089396 74089396 0
12 870 ss1388101546 9493282 1 0.00334185841835532 9493282 9493282 0
12 5 rs7955954 264136 1 -0.00332690528522255 264136 264136 0
12 1998 rs11045018 20226881 1 -0.00332368113644531 20226881 20226881 0
12 2386 rs7137690 22993265 1 -0.00330234279308788 22993265 22993265 0
12 4468 rs10785347 42950977 1 -0.00330145823308379 42950977 42950977 0
12 3242 rs1436320 29565814 2 -0.00329884065773864 29565814 29565814 0
12 1661 rs1355696 17424512 1 0.00329707645411587 17424512 17424512 0
12 10726 rs11113292 107767730 1 -0.00328387083522802 107767730 107767730 0
12 1598 rs4149207 16517491 1 0.00326528842303256 16517491 16517491 0
12 6360 rs10877894 63020745 1 -0.00323153603325519 63020745 63020745 0
12 8348 rs2403106 84008275 1 0.00323120614133136 84008275 84008275 0
12 3133 rs10161071 28818038 1 -0.00323092566014706 28818038 28818038 0
12 3674 rs11051890 32423991 1 0.00322488459319589 32423991 32423991 0
12 4914 rs7135791 48159721 1 0.00318777983744825 48159721 48159721 0
12 12156 rs889970 121856217 1 0.00318607082504666 121856217 121856217 0
12 5669 rs1153183 55091438 1 -0.00315794179886726 55091438 55091438 0
12 5899 rs4646536 58157988 1 0.00314908516487002 58157988 58157988 0
12 662 ss1388028973 7092665 1 0.00314579662832656 7092665 7092665 0
12 517 rs4765814 5524127 1 0.00313887056973922 5524127 5524127 0
12 2640 rs10743535 25225335 1 0.00312655982897834 25225335 25225335 0
12 12287 rs4930713 124080619 1 0.0031231356049326 124080619 124080619 0
12 349 rs3217830 4392530 2 0.00311682297347459 4392530 4392530 0
12 10617 rs7296251 106286523 1 -0.00311330830312405 106286523 106286523 0
12 8857 rs4272843 91275998 1 -0.00309590273548457 91275998 91275998 0
12 7181 rs710658 70784711 1 -0.00308701043660444 70784711 70784711 0
12 6993 rs17225223 69810208 1 -0.00308042949097634 69810208 69810208 0
12 2535 rs9804879 24322873 1 -0.00307995429396902 24322873 24322873 0
12 4478 rs11181598 43027611 1 0.00306636043834665 43027611 43027611 0
12 6880 rs10878771 68575766 1 -0.00305795713270742 68575766 68575766 0
12 6813 rs2620791 68045584 1 0.00302771981779463 68045584 68045584 0
12 513 rs12366810 5513447 1 0.00301870264246367 5513447 5513447 0
12 2013 rs10770633 20372499 1 -0.0030027314706979 20372499 20372499 0
12 336 rs7137733 4256781 1 -0.00291044377516799 4256781 4256781 0
12 898 ss1388112429 9881099 1 -0.00289898981279006 9881099 9881099 0
12 9889 rs10860548 100380198 1 0.00287799580942883 100380198 100380198 0
12 5165 rs7136702 50880216 1 0.00285031545602365 50880216 50880216 0
12 12423 rs10846783 125443020 1 -0.00284927992856223 125443020 125443020 0
12 9300 rs7133992 95381702 1 0.00284096070584521 95381702 95381702 0
12 4960 rs7299704 48444488 1 0.00283899231423205 48444488 48444488 0
12 3694 rs10844187 32486059 1 0.00282729861660483 32486059 32486059 0
12 9710 rs1450072 98224190 1 -0.00280026161612287 98224190 98224190 0
12 374 rs7302664 4664821 1 0.00279402848511433 4664821 4664821 0
12 12437 rs11610234 125732246 2 -0.00278209592301232 125732246 125732246 0
12 806 ss1388091865 9153932 1 -0.00278135672292832 9153932 9153932 0
12 8099 rs1921073 81622228 2 0.0027774565445175 81622228 81622228 0
12 12740 rs10847554 128659722 1 -0.00275926973765141 128659722 128659722 0
12 7942 rs11525598 79870126 1 -0.00275650457869323 79870126 79870126 0
12 3157 rs12366294 29005250 1 -0.00275118078718334 29005250 29005250 0
12 2236 rs12818993 21541947 1 0.00275024202021819 21541947 21541947 0
12 11582 rs6490024 115980907 1 -0.00274460128741518 115980907 115980907 0
12 5087 rs4898519 49714103 1 -0.00273266715879755 49714103 49714103 0
12 5834 rs117805856 57397876 1 0.00272660056241347 57397876 57397876 0
12 516 rs10849261 5522556 2 0.00270822485680597 5522556 5522556 0
12 8046 rs7294577 81204764 2 0.00267034339652289 81204764 81204764 0
12 12774 rs4882754 128874101 1 -0.0026701604972401 128874101 128874101 0
12 9142 rs11107208 94229823 1 -0.00265362245864579 94229823 94229823 0
12 3647 rs2630601 32287913 1 0.00265155277183367 32287913 32287913 0
12 5475 rs11170242 53117023 1 0.00264544151490672 53117023 53117023 0
12 6945 rs7971479 69247483 2 0.0026249679887097 69247483 69247483 0
12 13285 rs5744944 133219831 1 -0.00261802331723749 133219831 133219831 0
12 13067 rs12578145 131044757 1 0.00261223598280154 131044757 131044757 0
12 5814 rs12321987 57288449 1 -0.00257393011432446 57288449 57288449 0
12 6956 rs10878883 69375536 1 0.00256931458663831 69375536 69375536 0
12 12128 rs1718124 121594460 1 -0.00255887522343439 121594460 121594460 0
12 1224 rs17312912 12647608 1 0.00255690301092628 12647608 12647608 0
12 12788 rs4272850 129153986 1 -0.00254938666310049 129153986 129153986 0
12 12678 rs4761001 128152224 1 -0.00252709610138721 128152224 128152224 0
12 889 ss1388110956 9833398 1 0.0025240207881359 9833398 9833398 0
12 13130 rs1569020 131574485 1 0.00249978691139754 131574485 131574485 0
12 2935 rs61741737 27234914 2 -0.00248754504999602 27234914 27234914 0
12 12155 rs7296507 121847135 2 -0.002467162700529 121847135 121847135 0
12 3987 rs11172162 39842812 1 0.00246300377663024 39842812 39842812 0
12 12747 rs7977882 128696981 2 0.00245965091776185 128696981 128696981 0
12 13318 rs12320759 133754245 1 -0.00245683038208424 133754245 133754245 0
12 10888 rs1051924 108983977 1 -0.0024547626744711 108983977 108983977 0
12 11738 rs16947275 117491703 1 -0.00245107054004773 117491703 117491703 0
12 6626 rs7972091 66128647 2 0.00244365871042496 66128647 66128647 0
12 12147 rs7975910 121685394 1 0.00243639569631709 121685394 121685394 0
12 2813 rs11048495 26554608 1 0.00243032870993995 26554608 26554608 0
12 875 ss1388105966 9617083 1 -0.00243000750436925 9617083 9617083 0
12 10352 rs7294778 104689459 1 -0.00242392685119432 104689459 104689459 0
12 10805 rs10778594 108433089 1 0.00242155728394386 108433089 108433089 0
12 12079 rs9431 121202664 2 0.00241631278637973 121202664 121202664 0
12 12400 rs10846733 125246706 1 -0.00240358802957412 125246706 125246706 0
12 8238 rs12425854 82992478 1 -0.00238717799717346 82992478 82992478 0
12 1341 rs11055424 13582981 1 0.00238519906680138 13582981 13582981 0
12 11117 rs3752630 112375990 1 0.00238443527330497 112375990 112375990 0
12 356 rs11063088 4444742 2 0.00238397093508338 4444742 4444742 0
12 13197 rs11061544 131941961 2 -0.00238293996680065 131941961 131941961 0
12 13273 rs12809358 133021634 2 0.00238024746314923 133021634 133021634 0
12 8871 rs10459147 91409672 1 -0.00236675093148779 91409672 91409672 0
12 7133 rs2870889 70425310 1 -0.00236533676728364 70425310 70425310 0
12 8269 rs7970086 83339933 1 -0.00236503446287427 83339933 83339933 0
12 7049 rs775466 70101023 2 -0.00236063486696918 70101023 70101023 0
12 3043 rs7304170 28005841 1 -0.00234326619438827 28005841 28005841 0
12 1539 rs71459181 15661564 1 -0.00234213719192327 15661564 15661564 0
12 561 rs3782641 5846020 1 0.0023407841844345 5846020 5846020 0
12 6384 rs575657 63266130 1 -0.00232981042651482 63266130 63266130 0
12 5009 rs2054902 48724778 1 -0.00231405818911982 48724778 48724778 0
12 6447 rs17099264 63696531 1 -0.0023129575857783 63696531 63696531 0
12 11830 rs5745879 118467645 2 -0.00230315280677164 118467645 118467645 0
12 12777 rs1683723 128900005 2 -0.00228675982119947 128900005 128900005 0
12 9325 rs7135574 95494769 1 -0.00228369664130475 95494769 95494769 0
12 36 rs748125 632922 1 -0.00227037853206348 632922 632922 0
12 7991 rs7296335 80839927 1 -0.00226344259497841 80839927 80839927 0
12 971 rs1488818 10207771 1 -0.00224790713477633 10207771 10207771 0
12 7163 rs12230225 70672317 1 0.00223806751789462 70672317 70672317 0
12 12763 rs6486496 128774049 1 0.00223509805051637 128774049 128774049 0
12 7123 rs17813959 70384648 1 0.00222680990842296 70384648 70384648 0
12 11626 rs1386037 116139373 1 0.00221953820760984 116139373 116139373 0
12 13169 rs11061491 131860450 1 0.00221079387004586 131860450 131860450 0
12 9629 rs1013422 97737126 2 -0.00220090362381222 97737126 97737126 0
12 10791 rs2374728 108227299 1 -0.00220055533651024 108227299 108227299 0
12 11241 rs1346192 114060096 1 -0.00219265386354656 114060096 114060096 0
12 2379 rs1506788 22873846 2 -0.00218902654841894 22873846 22873846 0
12 4675 rs2710459 45251110 1 -0.00217925722846256 45251110 45251110 0
12 5125 rs706795 50297670 1 0.00217049211328491 50297670 50297670 0
12 9638 rs17026926 97814055 1 -0.00216410873385988 97814055 97814055 0
12 1427 rs219922 14101954 2 -0.00215701099956829 14101954 14101954 0
12 7379 rs11179290 73019405 2 -0.00215305131172051 73019405 73019405 0
12 1032 rs2617170 10560957 2 0.00214629927463433 10560957 10560957 0
12 8987 rs3890018 92780270 1 0.00213599493072177 92780270 92780270 0
12 5047 rs17238800 49061511 1 0.00213054761799769 49061511 49061511 0
12 4076 rs11175593 40601940 1 0.00212436996445383 40601940 40601940 0
12 8106 rs10862276 81655913 1 -0.00212163632942641 81655913 81655913 0
12 2708 rs10505966 25677762 1 -0.0021197401809255 25677762 25677762 0
12 6802 rs10878614 67827394 1 -0.0021140269519899 67827394 67827394 0
12 2479 rs7295342 23879554 1 -0.00210599350653045 23879554 23879554 0
12 9321 rs4762311 95493336 1 -0.0021025324765449 95493336 95493336 0
12 2542 rs884441 24392893 1 -0.002097099432298 24392893 24392893 0
12 7865 rs952367 78643490 1 -0.00207753435345384 78643490 78643490 0
12 6714 rs7975014 67002062 1 0.00207245692445072 67002062 67002062 0
12 4473 rs4768424 43001116 2 0.00207054081802409 43001116 43001116 0
12 11521 rs2384569 115560137 1 0.0020658941310913 115560137 115560137 0
12 11696 rs8181674 116999861 1 0.00206558028110409 116999861 116999861 0
12 6831 rs11176893 68236562 1 0.00206440050946858 68236562 68236562 0
12 11313 rs4767169 114370069 1 -0.00206068863602516 114370069 114370069 0
12 8241 rs4242869 83056154 2 -0.00205869103386881 83056154 83056154 0
12 247 rs7969363 3303085 1 -0.00204274262458755 3303085 3303085 0
12 1318 rs12580887 13437268 2 0.00203561560629657 13437268 13437268 0
12 6842 rs7959346 68287907 1 -0.00203184936587472 68287907 68287907 0
12 1351 rs12369358 13616257 1 -0.00202501149471925 13616257 13616257 0
12 11790 rs10850839 117973118 2 -0.00202075524306447 117973118 117973118 0
12 6720 rs6581708 67018977 1 0.00201830290785774 67018977 67018977 0
12 4644 rs1644014 44694993 1 -0.00200861330197414 44694993 44694993 0
12 6191 rs17124819 61744621 1 0.00199612813129294 61744621 61744621 0
12 10825 rs12824955 108655308 1 0.00199429082741403 108655308 108655308 0
12 1660 rs1355697 17424298 1 0.00198331290010208 17424298 17424298 0
12 10338 rs4255604 104573715 2 -0.00197309585766528 104573715 104573715 0
12 5507 rs11833855 53209944 2 0.00197126227517337 53209944 53209944 0
12 8841 rs17018277 91156974 1 0.00196600367170081 91156974 91156974 0
12 6475 rs4420319 63873009 2 -0.00196071270103207 63873009 63873009 0
12 7652 rs10880019 76385805 1 0.00196019083471117 76385805 76385805 0
12 6935 rs3741600 69154005 1 -0.00196016020395561 69154005 69154005 0
12 4347 rs286996 42022186 1 0.00194996060749746 42022186 42022186 0
12 7754 rs4485151 77726480 1 -0.00193602960138351 77726480 77726480 0
12 592 rs2283332 6174729 1 -0.00192792514574829 6174729 6174729 0
12 9563 rs6538754 97361004 1 -0.00192508400930479 97361004 97361004 0
12 9432 rs1865737 96215828 1 0.00192349988589163 96215828 96215828 0
12 11285 rs10850207 114238211 1 0.00191935849147212 114238211 114238211 0
12 2940 rs841614 27304878 2 0.00191805139977175 27304878 27304878 0
12 8230 rs4471506 82738459 1 0.00191539380878344 82738459 82738459 0
12 6711 rs7136159 66995764 1 0.00191084277167824 66995764 66995764 0
12 9381 rs10859895 95948094 1 0.00190648980447252 95948094 95948094 0
12 4282 rs10880029 41715800 1 -0.00190522189710959 41715800 41715800 0
12 8201 rs10506861 82448055 1 0.00190020689016843 82448055 82448055 0
12 6637 rs2612075 66209646 1 -0.00189823782546496 66209646 66209646 0
12 2523 rs17485141 24213634 1 0.00187996373346314 24213634 24213634 0
12 12888 rs4759592 129757801 1 0.00186120514511481 129757801 129757801 0
12 8704 rs995727 89589948 1 -0.00185756505675395 89589948 89589948 0
12 2480 rs10842220 23896612 1 -0.00185633452721918 23896612 23896612 0
12 8885 rs10859106 91476568 1 0.00185398605930785 91476568 91476568 0
12 3044 rs258402 28008791 2 0.0018534014814974 28008791 28008791 0
12 5855 rs1800141 57588433 1 0.00184933073449759 57588433 57588433 0
12 2257 rs7307064 21634394 2 -0.00184853483143598 21634394 21634394 0
12 12451 rs10846906 125986482 1 0.00184332309861144 125986482 125986482 0
12 866 ss1388101239 9484047 1 -0.00182710960943027 9484047 9484047 0
12 7272 rs2270587 71526593 1 0.0018196327348883 71526593 71526593 0
12 3601 rs1965193 32128219 1 0.00181791769405057 32128219 32128219 0
12 7586 rs7979548 75750513 1 0.001814940363252 75750513 75750513 0
12 10087 rs7965541 102120289 1 -0.0017919218367482 102120289 102120289 0
12 7680 rs2175605 76885875 2 0.00177913684427386 76885875 76885875 0
12 1165 rs2127114 12182501 1 0.00177904639906617 12182501 12182501 0
12 1040 rs6488299 10681748 1 -0.0017776028070863 10681748 10681748 0
12 4900 rs2239187 48117707 1 0.00176223788657603 48117707 48117707 0
12 217 rs10848704 2882544 1 0.00175583162798337 2882544 2882544 0
12 1846 rs7961337 18964566 1 0.00175138722297673 18964566 18964566 0
12 12082 rs550349 121236160 1 -0.00175126556846183 121236160 121236160 0
12 8781 rs17250405 90643279 1 -0.00174570252569519 90643279 90643279 0
12 5269 rs697635 52282748 1 -0.00174249290810685 52282748 52282748 0
12 8012 rs7963490 81007139 2 -0.00173968045371776 81007139 81007139 0
12 903 ss1388113297 9910164 1 0.00173839320765664 9910164 9910164 0
12 8261 rs11115492 83322071 1 -0.00173174632426177 83322071 83322071 0
12 7990 rs60216135 80838175 1 0.00172427500482075 80838175 80838175 0
12 7646 rs7975974 76339221 1 0.00172412469604216 76339221 76339221 0
12 5690 rs2087248 55393528 1 -0.00172081443714358 55393528 55393528 0
12 12789 rs3892329 129164603 1 -0.00170908451422026 129164603 129164603 0
12 8254 rs7979743 83171936 2 -0.00170818600891771 83171936 83171936 0
12 13077 rs7967173 131143201 1 -0.00170803749576321 131143201 131143201 0
12 4664 rs11182653 45156773 1 -0.00169527007538225 45156773 45156773 0
12 1027 rs7972757 10546140 1 0.00168994363391723 10546140 10546140 0
12 6576 rs4044903 65348920 1 0.00168442125261378 65348920 65348920 0
12 12301 rs11837144 124209352 1 0.00168115130195931 124209352 124209352 0
12 12178 rs9282 122219910 2 -0.00167949771684988 122219910 122219910 0
12 7276 rs7972188 71566754 1 0.00166723566673222 71566754 71566754 0
12 3454 rs7974251 30772129 1 -0.00166367496231318 30772129 30772129 0
12 12629 rs11058920 127502469 1 -0.00166014312166733 127502469 127502469 0
12 4496 rs2897590 43151728 1 -0.00165768791502759 43151728 43151728 0
12 8580 rs1489347 87254962 1 -0.00165710416994983 87254962 87254962 0
12 10866 rs10861927 108851561 1 -0.00165684946662709 108851561 108851561 0
12 3088 rs7306838 28337382 2 -0.0016539264556299 28337382 28337382 0
12 1148 rs2710278 12045185 1 0.00165389354127688 12045185 12045185 0
12 8851 rs1973519 91229736 2 -0.00162468628433073 91229736 91229736 0
12 2021 rs1593848 20428489 2 -0.00162172178776461 20428489 20428489 0
12 9524 rs12582303 96867639 1 0.00161932480575012 96867639 96867639 0
12 53 rs2061317 743927 1 0.00160123945418395 743927 743927 0
12 9688 rs248820 98084420 1 0.00158192083636967 98084420 98084420 0
12 12239 rs10847446 123160304 2 0.00157863417861363 123160304 123160304 0
12 11759 rs532967 117732339 1 0.00157497072745935 117732339 117732339 0
12 11969 rs2251190 119708088 1 0.00156754760737875 119708088 119708088 0
12 10100 rs6539019 102303086 1 0.00154549642905855 102303086 102303086 0
12 281 rs17836207 3761063 1 -0.00154188535661813 3761063 3761063 0
12 453 rs10774293 5086778 1 -0.00153913198562054 5086778 5086778 0
12 12795 rs4760557 129228730 1 0.00153654906137037 129228730 129228730 0
12 7627 rs874593 76230350 1 -0.00153100793552546 76230350 76230350 0
12 1244 rs7956578 12932281 1 0.0015295863688709 12932281 12932281 0
12 11695 rs2102294 116991459 1 0.00152878378377721 116991459 116991459 0
12 11184 rs10774676 113362407 1 -0.00152343040182769 113362407 113362407 0
12 9991 rs6538974 101347996 1 0.00151559104340926 101347996 101347996 0
12 4733 rs7960483 45925755 1 -0.0015147994008835 45925755 45925755 0
12 4481 rs4480597 43066023 1 -0.00151420932190081 43066023 43066023 0
12 12743 rs11059574 128682816 1 -0.00150901400950341 128682816 128682816 0
12 9633 rs11109007 97773085 1 0.00150717555879094 97773085 97773085 0
12 1802 rs1992838 18692675 1 -0.00150426688522816 18692675 18692675 0
12 7669 rs2037248 76652037 1 0.00150247614657497 76652037 76652037 0
12 352 rs3885283 4433389 1 -0.00149796097261027 4433389 4433389 0
12 333 rs2358837 4239417 1 -0.00149580941310827 4239417 4239417 0
12 3375 rs2101306 30335401 1 -0.00149183682103779 30335401 30335401 0
12 9509 rs10735341 96604447 2 0.00149009489555027 96604447 96604447 0
12 11874 rs2049128 119047482 1 -0.00148962930923602 119047482 119047482 0
12 12500 rs12578839 126366825 1 0.00148501799923825 126366825 126366825 0
12 6738 rs11176449 67241653 1 -0.00147930043608986 67241653 67241653 0
12 6859 rs10878726 68416645 1 -0.00147477883532445 68416645 68416645 0
12 8842 rs9888417 91197897 1 0.00147368038613332 91197897 91197897 0
12 9739 rs10467001 98574428 1 -0.001470816659108 98574428 98574428 0
12 8248 rs7295371 83162082 1 -0.00146536115086317 83162082 83162082 0
12 4811 rs12316767 47170621 2 0.00145341078713412 47170621 47170621 0
12 10169 rs1464789 103211059 1 -0.00145245662727942 103211059 103211059 0
12 7766 rs10777158 77835446 1 0.00144758292908428 77835446 77835446 0
12 6315 rs11174364 62580013 1 0.0014442797213943 62580013 62580013 0
12 1500 rs10505784 15127141 2 -0.00144427449799385 15127141 15127141 0
12 8024 rs1153047 81074030 1 -0.00143455639679793 81074030 81074030 0
12 11398 rs1946298 114777249 1 -0.00143421854805299 114777249 114777249 0
12 3600 rs1259771 32076823 1 0.0014320549650497 32076823 32076823 0
12 1608 rs10772934 16568746 1 -0.0014293013320171 16568746 16568746 0
12 232 rs10082968 3099291 1 0.00142869000466102 3099291 3099291 0
12 11343 rs11066933 114525376 1 -0.00142780503701041 114525376 114525376 0
12 12370 rs1243888 124930214 1 0.00142706745171989 124930214 124930214 0
12 10259 rs116894406 104138980 1 0.0014251423172702 104138980 104138980 0
12 1622 rs16912067 16773372 2 -0.00142339468186998 16773372 16773372 0
12 6487 rs1983148 64168113 1 0.00142005325572712 64168113 64168113 0
12 5391 rs4761907 52880097 2 0.00140439607489656 52880097 52880097 0
12 6723 rs4540902 67034328 1 0.00140438262601003 67034328 67034328 0
12 10790 rs7488052 108223116 1 -0.00140074578676592 108223116 108223116 0
12 1363 rs1805502 13714181 1 -0.00139787007221095 13714181 13714181 0
12 11613 rs12227873 116079148 1 -0.00139611891010512 116079148 116079148 0
12 5914 rs17120182 58403744 1 -0.00139052230445623 58403744 58403744 0
12 5215 rs17125401 51514352 1 -0.00138769312070234 51514352 51514352 0
12 752 ss1388049888 7884351 2 0.00138725774811194 7884351 7884351 0
12 4668 rs9971768 45163205 1 -0.00138409958273717 45163205 45163205 0
12 8369 rs11116022 84162792 1 -0.00137652662035852 84162792 84162792 0
12 12952 rs155699 130053146 1 -0.00136897576039159 130053146 130053146 0
12 1612 rs1541587 16628687 1 -0.00136491611407453 16628687 16628687 0
12 7546 rs4882660 75231982 1 -0.00136367798418393 75231982 75231982 0
12 7630 rs11180710 76238406 2 -0.00136254901970895 76238406 76238406 0
12 12085 rs11065286 121271734 1 0.00134496118362267 121271734 121271734 0
12 8607 rs4442620 87807926 1 -0.00133740400773926 87807926 87807926 0
12 6818 rs7954859 68080822 1 0.0013364110023723 68080822 68080822 0
12 6295 rs1146077 62483409 1 0.00133520314660576 62483409 62483409 0
12 2963 rs1037920 27553741 1 0.00133125706777599 27553741 27553741 0
12 233 rs3825365 3109731 1 0.00132289752004671 3109731 3109731 0
12 14 rs527118 371410 1 -0.0013211701024115 371410 371410 0
12 2062 rs4583026 20794191 1 0.00131281422719813 20794191 20794191 0
12 865 ss1388101225 9483768 1 -0.00131145904963316 9483768 9483768 0
12 4302 rs12423463 41903274 1 -0.00130842280508732 41903274 41903274 0
12 5543 rs10876405 53500021 2 -0.00130716842357966 53500021 53500021 0
12 1029 rs728010 10553267 1 0.00130243055079304 10553267 10553267 0
12 5787 rs2657887 56943533 1 0.00130106739163797 56943533 56943533 0
12 3558 rs3759295 31944985 1 -0.00129705304190708 31944985 31944985 0
12 108 rs2010851 1756642 1 0.0012858376606379 1756642 1756642 0
12 13128 rs11061314 131563328 2 -0.00128580788434655 131563328 131563328 0
12 8912 rs12816237 91750321 1 -0.00128351604983592 91750321 91750321 0
12 10088 rs10860779 102127262 1 -0.00128184994194821 102127262 102127262 0
12 17 rs526282 377904 1 -0.00128114055859101 377904 377904 0
12 783 ss1388081073 8808006 1 0.0012799485804393 8808006 8808006 0
12 2623 rs11047709 25084600 1 0.00127168036840092 25084600 25084600 0
12 8078 rs7138951 81475633 2 -0.00127104450968398 81475633 81475633 0
12 3912 rs4131569 38876522 1 0.0012703672014018 38876522 38876522 0
12 8240 rs9989031 83041884 1 0.00126823435921486 83041884 83041884 0
12 5668 rs1153182 55090572 1 -0.00125708024375635 55090572 55090572 0
12 6134 rs7967402 60962321 1 -0.00125656949675947 60962321 60962321 0
12 9165 rs4761547 94427695 1 0.00125556427637027 94427695 94427695 0
12 1482 rs1800801 15038788 1 0.00125360457926646 15038788 15038788 0
12 8700 rs1009619 89554226 1 -0.00123890067474344 89554226 89554226 0
12 2041 rs11045265 20614084 1 -0.00122955021335294 20614084 20614084 0
12 6852 rs10878708 68352906 1 0.00122516437638561 68352906 68352906 0
12 9817 rs1032390 99693251 1 0.00122348552398853 99693251 99693251 0
12 11614 rs1946384 116080723 1 0.00121454180103452 116080723 116080723 0
12 11187 rs4766676 113365581 1 -0.00120913901818571 113365581 113365581 0
12 8068 rs7299508 81390024 1 0.0012067818262591 81390024 81390024 0
12 9400 rs2302895 96103930 1 0.0012055781267649 96103930 96103930 0
12 2009 rs9669759 20346064 1 0.00120365397673272 20346064 20346064 0
12 30 rs10774240 598125 1 -0.00120258025972583 598125 598125 0
12 9224 rs17022621 94942310 1 0.00119802652049041 94942310 94942310 0
12 7812 rs7131741 78251906 2 0.00119762082832864 78251906 78251906 0
12 4860 rs214711 47618366 1 -0.00119471712623153 47618366 47618366 0
12 1903 rs7979433 19400586 1 0.00119222610464193 19400586 19400586 0
12 6264 rs10877760 62282739 2 0.00118697515345217 62282739 62282739 0
12 1359 rs10161040 13644236 2 0.00118481361536578 13644236 13644236 0
12 572 rs2270151 6060960 1 -0.00117867546694967 6060960 6060960 0
12 873 ss1388103116 9540796 1 -0.0011780729316307 9540796 9540796 0
12 9467 rs10859989 96326272 1 -0.00116737521790464 96326272 96326272 0
12 10311 rs4135064 104365690 1 -0.00116439016867981 104365690 104365690 0
12 734 ss1388046391 7777197 2 -0.00116421158398055 7777197 7777197 0
12 8919 rs11106180 91897664 1 -0.00115890555319536 91897664 91897664 0
12 13303 rs10781651 133380498 1 0.00115300814791891 133380498 133380498 0
12 3126 rs7296206 28776755 1 -0.00114939714068084 28776755 28776755 0
12 1499 rs918125 15112899 1 0.0011488126955097 15112899 15112899 0
12 6646 rs7973574 66272732 1 -0.00114339516013386 66272732 66272732 0
12 12379 rs4765600 125164506 1 0.00114169465643039 125164506 125164506 0
12 6404 rs1273109 63411765 1 -0.00114107238018942 63411765 63411765 0
12 4829 rs7960695 47275725 1 0.00113841295579866 47275725 47275725 0
12 5204 rs2630362 51378408 1 -0.00113650072384562 51378408 51378408 0
12 6468 rs2137391 63791449 1 -0.00112951419682496 63791449 63791449 0
12 13164 rs3890823 131735792 1 -0.00112919991382755 131735792 131735792 0
12 2531 rs11047284 24308717 1 0.00112636726192643 24308717 24308717 0
12 1624 rs12320148 16819159 1 -0.00111809382828642 16819159 16819159 0
12 9624 rs10860189 97731930 1 -0.0011171530204237 97731930 97731930 0
12 3061 rs39635 28126245 2 0.00111632688261984 28126245 28126245 0
12 9207 rs870034 94640095 2 0.00111616749142861 94640095 94640095 0
12 7980 rs61735664 80735737 1 0.00111322461199799 80735737 80735737 0
12 4788 rs61748367 46758462 2 0.0011039422877401 46758462 46758462 0
12 198 rs216013 2729632 1 0.00109560253548201 2729632 2729632 0
12 1235 rs4763862 12814818 1 -0.0010916138411428 12814818 12814818 0
12 7357 rs11179085 72538429 1 -0.00109017231821394 72538429 72538429 0
12 740 ss1388047476 7810299 1 -0.00108974074363762 7810299 7810299 0
12 11280 rs734148 114206142 1 -0.00108508558776299 114206142 114206142 0
12 6958 rs11177446 69404065 2 0.00108216839024244 69404065 69404065 0
12 12737 rs4268573 128645217 1 0.00108025120790882 128645217 128645217 0
12 5850 rs1466535 57534470 2 -0.00107975878023057 57534470 57534470 0
12 7552 rs17114354 75291946 1 -0.00107924017780696 75291946 75291946 0
12 1172 rs10845463 12209844 1 0.0010733095290004 12209844 12209844 0
12 1259 rs1056927 13070752 1 0.00106544087736415 13070752 13070752 0
12 11265 rs12817597 114132363 1 0.00106451234897887 114132363 114132363 0
12 1447 rs10845987 14520241 1 0.00106403494606357 14520241 14520241 0
12 8316 rs10862617 83674801 1 0.00106307784729864 83674801 83674801 0
12 12413 rs7134003 125380714 1 0.00105954368366455 125380714 125380714 0
12 3472 rs12303852 30905850 1 0.00105942239586392 30905850 30905850 0
12 4332 rs10506198 41974358 1 -0.00105845093105677 41974358 41974358 0
12 4409 rs17090789 42250561 1 0.00105546040254984 42250561 42250561 0
12 12776 rs1518371 128896474 1 0.00105525136191707 128896474 128896474 0
12 7637 rs1275604 76264502 1 0.00105158939680494 76264502 76264502 0
12 6501 rs11175240 64442435 1 0.00104996122074091 64442435 64442435 0
12 5987 rs10877179 59263559 1 -0.00104675428494786 59263559 59263559 0
12 4953 rs17122565 48412410 1 -0.001040418727289 48412410 48412410 0
12 273 rs11062734 3708546 1 0.00103965794719171 3708546 3708546 0
12 8617 rs1390605 87864103 1 -0.00103288418335947 87864103 87864103 0
12 1529 rs993123 15577635 1 -0.00103185738658315 15577635 15577635 0
12 12332 rs427244 124605287 1 -0.00102727056673657 124605287 124605287 0
12 892 ss1388111199 9841732 1 0.00102646983698738 9841732 9841732 0
12 12983 rs12306127 130332478 1 0.00102480070855553 130332478 130332478 0
12 9407 rs17288108 96131895 1 0.00102408463514518 96131895 96131895 0
12 7629 rs12426679 76237987 1 0.0010237219795988 76237987 76237987 0
12 12898 rs3850005 129810707 1 0.00102126399135279 129810707 129810707 0
12 2384 rs11046643 22991645 1 -0.00101825291780418 22991645 22991645 0
12 4646 rs12308701 44801922 1 -0.0010174432161336 44801922 44801922 0
12 8874 rs11105943 91437199 1 0.00101262086557581 91437199 91437199 0
12 4843 rs2408710 47440496 1 0.00100772547631164 47440496 47440496 0
12 11949 rs7302554 119530424 1 -0.00100119715676142 119530424 119530424 0
12 12646 rs906737 127763342 1 0.00100117161270046 127763342 127763342 0
12 12112 rs11537857 121454148 1 -9.997069057219492e-4 121454148 121454148 0
12 11579 rs2384616 115951160 1 9.996466894272083e-4 115951160 115951160 0
12 9982 rs618859 101318407 1 9.993718426388476e-4 101318407 101318407 0
12 6474 rs11174984 63849115 1 9.982048715150508e-4 63849115 63849115 0
12 8397 rs7955708 84382650 1 9.973172909308087e-4 84382650 84382650 0
12 12151 rs28360477 121712301 1 9.957986147020614e-4 121712301 121712301 0
12 6211 rs12370484 61844049 1 -9.902712190644526e-4 61844049 61844049 0
12 3788 rs10506099 33126965 1 9.902517881497587e-4 33126965 33126965 0
12 5306 rs7300317 52632573 1 -9.857397418824086e-4 52632573 52632573 0
12 10993 rs1965659 110132304 1 -9.80461372916035e-4 110132304 110132304 0
12 203 rs10161181 2770730 1 -9.77733602024429e-4 2770730 2770730 0
12 3089 rs2169754 28340645 1 9.751833945386628e-4 28340645 28340645 0
12 7623 rs11180699 76218591 1 -9.741023378853593e-4 76218591 76218591 0
12 731 ss1388045795 7756706 2 9.725135446928044e-4 7756706 7756706 0
12 8332 rs4084722 83854627 1 9.611665985785512e-4 83854627 83854627 0
12 5903 rs2291617 58166403 1 9.591363998302428e-4 58166403 58166403 0
12 11687 rs17499905 116920503 1 -9.582761696538868e-4 116920503 116920503 0
12 5756 rs772262 56163734 2 -9.566592538277984e-4 56163734 56163734 0
12 12087 rs868795 121371233 1 -9.543210820508296e-4 121371233 121371233 0
12 8395 rs4631964 84369765 1 9.532252512856544e-4 84369765 84369765 0
12 8239 rs11115322 83019188 1 9.50206399082142e-4 83019188 83019188 0
12 5193 rs829128 51245055 1 9.499049264461906e-4 51245055 51245055 0
12 9168 rs7953863 94437395 1 9.494640218217556e-4 94437395 94437395 0
12 13127 rs11061312 131560173 1 9.463964718803994e-4 131560173 131560173 0
12 12790 rs11059824 129165051 1 -9.454057473829088e-4 129165051 129165051 0
12 8727 rs17017109 90004107 1 9.398293881691316e-4 90004107 90004107 0
12 6719 rs4486703 67017230 2 -9.38324478826706e-4 67017230 67017230 0
12 2689 rs11048057 25623972 2 9.298831772985878e-4 25623972 25623972 0
12 10919 rs34263 109552849 1 -9.29210839843655e-4 109552849 109552849 0
12 12576 rs7306289 127082208 1 -9.262092354403748e-4 127082208 127082208 0
12 11472 rs7137643 115291611 1 -9.260659029773526e-4 115291611 115291611 0
12 2287 rs1283817 21984970 1 9.173911168696472e-4 21984970 21984970 0
12 1258 rs1548836 13054234 1 -9.147690486505184e-4 13054234 13054234 0
12 8051 rs3782165 81255620 1 9.12544599045987e-4 81255620 81255620 0
12 12525 rs976310 126575659 1 9.068388537693004e-4 126575659 126575659 0
12 2318 rs4762726 22237590 1 9.015146488421848e-4 22237590 22237590 0
12 13026 rs10848032 130681300 1 9.011157052039884e-4 130681300 130681300 0
12 171 rs3819536 2436998 1 -9.004785714736658e-4 2436998 2436998 0
12 11436 rs713559 115006437 1 -8.990981077883388e-4 115006437 115006437 0
12 1456 rs7956151 14678507 1 8.977561082675115e-4 14678507 14678507 0
12 13278 rs75585377 133196037 2 8.965002381507992e-4 133196037 133196037 0
12 1865 rs16915276 19069859 1 -8.877740132004344e-4 19069859 19069859 0
12 931 rs594537 10073814 1 8.86728892139372e-4 10073814 10073814 0
12 676 ss1388032051 7256077 1 8.830245725098883e-4 7256077 7256077 0
12 5670 rs1795811 55126449 2 8.826160808127201e-4 55126449 55126449 0
12 12394 rs838853 125204372 1 8.765923739780886e-4 125204372 125204372 0
12 7625 rs2141707 76225830 1 -8.727991222131695e-4 76225830 76225830 0
12 6944 rs769412 69233215 1 -8.722858130242683e-4 69233215 69233215 0
12 3958 rs12297607 39441096 1 8.722048572237129e-4 39441096 39441096 0
12 5068 rs35034312 49360147 1 -8.65909392730357e-4 49360147 49360147 0
12 6863 rs7316826 68464082 1 8.645746257544565e-4 68464082 68464082 0
12 2395 rs7972655 23079828 1 8.634467190879681e-4 23079828 23079828 0
12 11707 rs4767424 117056469 2 8.603458955275794e-4 117056469 117056469 0
12 5692 rs7978952 55397643 1 8.566535083115558e-4 55397643 55397643 0
12 1310 rs1107321 13409299 1 -8.545876252528225e-4 13409299 13409299 0
12 9472 rs10859990 96336039 2 8.480237020248487e-4 96336039 96336039 0
12 2374 rs17341505 22777844 1 8.475233229630754e-4 22777844 22777844 0
12 8085 rs1343791 81498975 1 -8.407550123094327e-4 81498975 81498975 0
12 13244 rs1982528 132237848 1 -8.36730168882607e-4 132237848 132237848 0
12 9074 rs10777471 93513899 1 8.366770511635275e-4 93513899 93513899 0
12 8929 rs11831423 92050203 1 8.366186600857444e-4 92050203 92050203 0
12 11799 rs4767571 118018700 1 -8.320067576784562e-4 118018700 118018700 0
12 11232 rs1346198 114000115 1 8.20864532904279e-4 114000115 114000115 0
12 4919 rs886441 48262964 1 8.16058412436391e-4 48262964 48262964 0
12 2087 rs4762785 20945273 1 8.159241579006009e-4 20945273 20945273 0
12 2322 rs7968922 22242056 1 -8.156864388742399e-4 22242056 22242056 0
12 346 rs11611647 4333919 2 -8.153567817150124e-4 4333919 4333919 0
12 2321 rs16924651 22239804 1 -8.145692265889967e-4 22239804 22239804 0
12 13109 rs2926 131471070 1 8.122602224586899e-4 131471070 131471070 0
12 11126 rs7304572 112525073 1 8.117880628227714e-4 112525073 112525073 0
12 10028 rs10860700 101637203 1 -8.102151696310735e-4 101637203 101637203 0
12 2627 rs10771144 25092474 1 8.09760154338086e-4 25092474 25092474 0
12 10602 rs3741636 106135942 1 -8.082661664297946e-4 106135942 106135942 0
12 12668 rs345659 128040502 1 -8.051022618408369e-4 128040502 128040502 0
12 1246 rs16908439 12973420 1 7.968893877487654e-4 12973420 12973420 0
12 6604 rs2270547 65831114 2 -7.945147995470694e-4 65831114 65831114 0
12 1746 rs4340104 18315949 1 7.936015495206668e-4 18315949 18315949 0
12 10523 rs10778394 105762981 1 -7.929408646811331e-4 105762981 105762981 0
12 11274 rs16943162 114174774 1 7.925199664436331e-4 114174774 114174774 0
12 5216 rs2436636 51525946 1 7.911134044393357e-4 51525946 51525946 0
12 10954 rs882355 109708389 1 -7.898689036056856e-4 109708389 109708389 0
12 11770 rs10850820 117830479 1 7.866155675426834e-4 117830479 117830479 0
12 5288 rs7975498 52488413 1 -7.814075221108452e-4 52488413 52488413 0
12 6111 rs17123206 60405103 1 7.810518087969739e-4 60405103 60405103 0
12 11839 rs7488514 118520426 2 -7.806962932724079e-4 118520426 118520426 0
12 1056 rs2305849 10854537 1 7.805111350814211e-4 10854537 10854537 0
12 3377 rs4459396 30337790 1 -7.799359717813399e-4 30337790 30337790 0
12 646 rs2178692 6836051 1 7.743723724827581e-4 6836051 6836051 0
12 11808 rs492479 118113339 1 -7.739735112390746e-4 118113339 118113339 0
12 4783 rs1471223 46727770 1 -7.717097060491311e-4 46727770 46727770 0
12 12687 rs7309553 128248503 1 7.697585378643064e-4 128248503 128248503 0
12 5075 rs55865069 49448463 1 -7.697214316731895e-4 49448463 49448463 0
12 5671 rs2198604 55273926 1 7.692327045015759e-4 55273926 55273926 0
12 7389 rs6582124 73275400 1 -7.686437093804399e-4 73275400 73275400 0
12 10298 rs2293624 104345384 1 -7.68482362614917e-4 104345384 104345384 0
12 3805 rs17624773 33245313 1 7.650346431767308e-4 33245313 33245313 0
12 7319 rs17109926 71978728 1 -7.647273900122055e-4 71978728 71978728 0
12 5686 rs3759165 55367715 1 -7.635598941552268e-4 55367715 55367715 0
12 1132 rs2856321 11855773 1 7.610516980136146e-4 11855773 11855773 0
12 12661 rs1485862 127905639 2 -7.603920997654812e-4 127905639 127905639 0
12 642 rs7965883 6695787 1 -7.559957120176151e-4 6695787 6695787 0
12 4970 rs1476607 48524804 1 7.555415777333842e-4 48524804 48524804 0
12 9809 rs10431448 99521355 1 -7.530163888467449e-4 99521355 99521355 0
12 12433 rs3751181 125626535 2 -7.49992266841499e-4 125626535 125626535 0
12 6288 rs348631 62447532 1 -7.44659916700416e-4 62447532 62447532 0
12 8703 rs1949538 89573732 1 7.437837916258665e-4 89573732 89573732 0
12 2543 rs883569 24393365 1 -7.41984916293312e-4 24393365 24393365 0
12 8616 rs2047306 87862933 1 -7.415538837892413e-4 87862933 87862933 0
12 7390 rs7978325 73352221 1 -7.378602676729648e-4 73352221 73352221 0
12 8233 rs4296098 82792787 1 7.377105594355156e-4 82792787 82792787 0
12 13044 rs11060822 130792781 1 7.370917854899944e-4 130792781 130792781 0
12 6710 rs7968118 66995054 1 -7.354993892781157e-4 66995054 66995054 0
12 6709 rs7131878 66994814 2 -7.346938641706244e-4 66994814 66994814 0
12 8035 rs1305281 81140284 2 -7.321684653760433e-4 81140284 81140284 0
12 2403 rs3847901 23195088 1 7.311894528364078e-4 23195088 23195088 0
12 730 ss1388045716 7753295 1 7.29842281789131e-4 7753295 7753295 0
12 12412 rs4379922 125351116 1 -7.296360805521241e-4 125351116 125351116 0
12 8090 rs2574740 81522025 1 7.295433116428683e-4 81522025 81522025 0
12 10037 rs78440807 101679658 1 7.221098449459881e-4 101679658 101679658 0
12 11973 rs4238061 119763890 1 -7.194202746410779e-4 119763890 119763890 0
12 796 ss1388089173 9056410 1 -7.141586321263684e-4 9056410 9056410 0
12 3281 rs7959334 29872794 1 7.11834225184082e-4 29872794 29872794 0
12 947 rs553104 10127344 1 7.106407118442484e-4 10127344 10127344 0
12 2658 rs4514517 25445436 1 -7.097690405478354e-4 25445436 25445436 0
12 10243 rs1677979 104027585 1 7.04670777841872e-4 104027585 104027585 0
12 3514 rs11051329 31372943 1 -7.037527526437638e-4 31372943 31372943 0
12 846 ss1388097777 9371332 2 -7.027198609226779e-4 9371332 9371332 0
12 5272 rs10783480 52286723 1 -7.025314376361424e-4 52286723 52286723 0
12 5145 rs11169282 50529971 1 -7.025258475773929e-4 50529971 50529971 0
12 9888 rs2373116 100373107 1 7.021829480167256e-4 100373107 100373107 0
12 4828 rs4768760 47237464 1 -7.011358356338329e-4 47237464 47237464 0
12 2380 rs2728643 22878685 1 7.010726912138087e-4 22878685 22878685 0
12 571 rs3809241 6056450 1 -6.993782227880259e-4 6056450 6056450 0
12 11526 rs35360 115605004 1 -6.97034358088398e-4 115605004 115605004 0
12 9209 rs12579612 94665793 1 -6.939399680299964e-4 94665793 94665793 0
12 7279 rs11178683 71593051 1 -6.883029481346868e-4 71593051 71593051 0
12 6603 rs4762096 65827996 1 6.868039884997243e-4 65827996 65827996 0
12 12324 rs863750 124505444 1 -6.852868913089919e-4 124505444 124505444 0
12 668 ss1388031557 7188562 1 6.833544479125642e-4 7188562 7188562 0
12 5129 rs376401 50305281 1 -6.792707248041474e-4 50305281 50305281 0
12 11558 rs1616047 115732157 1 -6.782558731602273e-4 115732157 115732157 0
12 3648 rs956361 32289363 1 6.779471240800016e-4 32289363 32289363 0
12 6493 rs4346062 64284283 1 -6.754011938661023e-4 64284283 64284283 0
12 46 rs2607919 714224 1 -6.74911137494351e-4 714224 714224 0
12 3759 rs7967264 32974218 1 -6.74824662405271e-4 32974218 32974218 0
12 8881 rs10859104 91461666 2 6.745215438025756e-4 91461666 91461666 0
12 12808 rs9738836 129281838 1 6.710455456202524e-4 129281838 129281838 0
12 5312 rs1894033 52695630 1 -6.699931155041566e-4 52695630 52695630 0
12 6490 rs10878092 64274680 1 6.687674107514906e-4 64274680 64274680 0
12 13234 rs7977795 132096632 1 6.679516893336827e-4 132096632 132096632 0
12 11624 rs12367347 116124516 1 6.67491754690323e-4 116124516 116124516 0
12 8250 rs10862504 83166956 1 -6.673835932540443e-4 83166956 83166956 0
12 12863 rs7961192 129612338 1 6.627171081506896e-4 129612338 129612338 0
12 2950 rs7138982 27502010 1 -6.596129265756088e-4 27502010 27502010 0
12 10923 rs12580798 109567410 1 -6.585734983517625e-4 109567410 109567410 0
12 11583 rs12426822 116011729 1 -6.553880045389959e-4 116011729 116011729 0
12 11700 rs12227287 117013401 2 -6.551630072786914e-4 117013401 117013401 0
12 11739 rs12315321 117526989 1 6.539188395384713e-4 117526989 117526989 0
12 7974 rs6539493 80565946 1 6.530099632275355e-4 80565946 80565946 0
12 1157 rs10845433 12126594 2 -6.504922159523648e-4 12126594 12126594 0
12 10663 rs3891487 106918130 1 -6.499166926002477e-4 106918130 106918130 0
12 993 rs6488270 10350587 1 6.409220153275817e-4 10350587 10350587 0
12 7553 rs7302339 75298553 1 -6.395820147594224e-4 75298553 75298553 0
12 13020 rs11060727 130623435 1 -6.386449379420596e-4 130623435 130623435 0
12 1050 rs2120602 10845947 1 -6.352889549087785e-4 10845947 10845947 0
12 12104 rs2464196 121435427 1 -6.34810566745565e-4 121435427 121435427 0
12 1625 rs7298403 16844634 1 6.330799392987121e-4 16844634 16844634 0
12 12578 rs3741961 127121358 1 -6.3122035154672e-4 127121358 127121358 0
12 6641 rs7979673 66227257 1 -6.309984457415791e-4 66227257 66227257 0
12 727 ss1388044932 7727544 1 -6.295624366886223e-4 7727544 7727544 0
12 8079 rs7131752 81475838 1 6.294929815079441e-4 81475838 81475838 0
12 9129 rs11830104 94030479 1 6.267243220726905e-4 94030479 94030479 0
12 1035 rs2734442 10600368 1 6.260629270839352e-4 10600368 10600368 0
12 7223 rs7297717 71167528 1 -6.221742616339222e-4 71167528 71167528 0
12 11941 rs1568922 119447242 1 -6.196619146036839e-4 119447242 119447242 0
12 11239 rs10850182 114058640 1 -6.180929801314545e-4 114058640 114058640 0
12 451 rs4766312 5031590 1 6.124297440897123e-4 5031590 5031590 0
12 1462 rs2099014 14843835 1 6.115441774407773e-4 14843835 14843835 0
12 4009 rs11174343 40324306 1 6.111224558270109e-4 40324306 40324306 0
12 5351 rs2271084 52775431 1 -6.106990923735924e-4 52775431 52775431 0
12 9824 rs7957172 99753908 1 6.082303053373107e-4 99753908 99753908 0
12 178 rs1009281 2528984 1 -6.028901894854225e-4 2528984 2528984 0
12 9229 rs7955502 94949997 1 6.021102211798887e-4 94949997 94949997 0
12 4902 rs7306680 48119955 1 6.00658779048684e-4 48119955 48119955 0
12 1837 rs7972408 18884896 1 5.971839730871127e-4 18884896 18884896 0
12 1710 rs1706673 17744821 1 -5.960284295849e-4 17744821 17744821 0
12 8962 rs1013848 92516807 2 5.910094939745323e-4 92516807 92516807 0
12 12630 rs10847264 127518105 1 -5.901800127752505e-4 127518105 127518105 0
12 9274 rs10745708 95284726 1 -5.870374849655559e-4 95284726 95284726 0
12 1962 rs10841372 19974796 1 5.859516354663606e-4 19974796 19974796 0
12 3822 rs11832405 33404713 1 -5.847944019516107e-4 33404713 33404713 0
12 12025 rs11829123 120393756 2 -5.843306655794738e-4 120393756 120393756 0
12 1189 rs16907786 12314602 1 -5.810765206128972e-4 12314602 12314602 0
12 7005 rs485288 69980028 1 5.793034469309328e-4 69980028 69980028 0
12 4909 rs734706 48142151 1 5.789272058818275e-4 48142151 48142151 0
12 1137 rs16907305 11964940 2 5.785569442569971e-4 11964940 11964940 0
12 2983 rs412978 27641473 1 5.730470159466501e-4 27641473 27641473 0
12 8258 rs7133807 83192895 1 5.728481169645681e-4 83192895 83192895 0
12 7859 rs169949 78601978 1 5.710000926803711e-4 78601978 78601978 0
12 7505 rs1834669 74710763 1 -5.706558223404913e-4 74710763 74710763 0
12 2753 rs1495653 26065872 1 5.691625449900084e-4 26065872 26065872 0
12 1534 rs7953019 15621416 1 5.684193248296626e-4 15621416 15621416 0
12 9214 rs8553 94701318 2 -5.675957271829208e-4 94701318 94701318 0
12 416 rs2239503 4921228 1 5.671059727864914e-4 4921228 4921228 0
12 7676 rs7954730 76822034 1 5.648058120078716e-4 76822034 76822034 0
12 12248 rs55716280 123297902 1 -5.630805610690586e-4 123297902 123297902 0
12 2025 rs7955516 20498036 1 -5.625144026097037e-4 20498036 20498036 0
12 12749 rs11059595 128716795 1 -5.619852595986058e-4 128716795 128716795 0
12 8594 rs10858583 87728443 1 -5.60801196909133e-4 87728443 87728443 0
12 13049 rs1466773 130817853 1 -5.596147265815837e-4 130817853 130817853 0
12 12084 rs4767938 121261162 1 -5.560008036934822e-4 121261162 121261162 0
12 10645 rs2173595 106593949 1 5.539671809179673e-4 106593949 106593949 0
12 11729 rs9669553 117315349 1 -5.504506732709061e-4 117315349 117315349 0
12 9127 rs7316045 94022971 1 5.499572525422136e-4 94022971 94022971 0
12 10424 rs875679 105013796 1 5.469653625082293e-4 105013796 105013796 0
12 10858 rs12308276 108809336 1 5.430315560731078e-4 108809336 108809336 0
12 10289 rs10735390 104311731 1 -5.42816570463666e-4 104311731 104311731 0
12 13122 rs3847687 131525053 1 -5.420372149455266e-4 131525053 131525053 0
12 9021 rs7979357 93009553 1 5.400816612403247e-4 93009553 93009553 0
12 1319 rs4763961 13438028 1 5.38318916634717e-4 13438028 13438028 0
12 9580 rs11108793 97479630 2 -5.380611256057952e-4 97479630 97479630 0
12 9156 rs2362411 94388945 1 5.31324101257498e-4 94388945 94388945 0
12 1432 rs11055792 14291300 1 5.308178474825039e-4 14291300 14291300 0
12 3393 rs7295563 30399829 1 -5.285386938345953e-4 30399829 30399829 0
12 7071 rs12424128 70270222 1 -5.253514833954497e-4 70270222 70270222 0
12 2786 rs748889 26366830 1 5.249476922247938e-4 26366830 26366830 0
12 9928 rs2025801 100874070 1 -5.2349412358212e-4 100874070 100874070 0
12 737 ss1388047264 7803646 1 -5.213953617965046e-4 7803646 7803646 0
12 3773 rs12425072 33072947 1 -5.209544965900238e-4 33072947 33072947 0
12 9874 rs10745876 100214277 1 5.193371792524083e-4 100214277 100214277 0
12 6528 rs10784411 64855927 1 -5.136971243548619e-4 64855927 64855927 0
12 12153 rs10774591 121763870 1 5.090539418414081e-4 121763870 121763870 0
12 3993 rs12229418 40155090 1 -5.090308325579249e-4 40155090 40155090 0
12 1185 rs7980903 12291638 1 -5.085125151184684e-4 12291638 12291638 0
12 12654 rs1684227 127846842 1 -5.082798115722471e-4 127846842 127846842 0
12 28 rs215227 592524 1 -5.074360787304524e-4 592524 592524 0
12 10844 rs10778632 108770062 2 -5.045396666550292e-4 108770062 108770062 0
12 12404 rs838880 125261593 2 -5.025216138708857e-4 125261593 125261593 0
12 7565 rs1609026 75413126 1 -5.004190883330518e-4 75413126 75413126 0
12 13224 rs7977258 132039877 1 -4.979082748338692e-4 132039877 132039877 0
12 13029 rs6486530 130690280 1 -4.962088275705093e-4 130690280 130690280 0
12 9050 rs7970286 93202801 1 -4.952863311293538e-4 93202801 93202801 0
12 9687 rs20508 98082587 1 -4.925514235134204e-4 98082587 98082587 0
12 13213 rs10773903 131979463 1 4.920828194040995e-4 131979463 131979463 0
12 2550 rs572670 24475395 1 -4.910982242156243e-4 24475395 24475395 0
12 4244 rs278899 41407403 1 4.898854540372758e-4 41407403 41407403 0
12 12051 rs7137953 120894685 1 4.893395136360098e-4 120894685 120894685 0
12 8009 rs6539525 80939384 1 4.888242514409808e-4 80939384 80939384 0
12 11492 rs10774785 115389645 1 -4.88798918780437e-4 115389645 115389645 0
12 11671 rs6490057 116777570 1 4.886103079548233e-4 116777570 116777570 0
12 5816 rs11172043 57293182 1 -4.85650448113912e-4 57293182 57293182 0
12 7541 rs7973732 75150339 1 -4.849066441358848e-4 75150339 75150339 0
12 5218 rs17125418 51530962 1 4.8485313237344374e-4 51530962 51530962 0
12 938 rs620463 10091508 1 4.833343886720318e-4 10091508 10091508 0
12 8805 rs1222513 90773613 1 -4.8238928455181815e-4 90773613 90773613 0
12 7451 rs10879658 74089878 1 -4.819571044582024e-4 74089878 74089878 0
12 7737 rs11104350 77627677 1 4.809113271195523e-4 77627677 77627677 0
12 11939 rs1405050 119443713 1 4.807393374133383e-4 119443713 119443713 0
12 6775 rs774381 67440088 1 -4.804188441433491e-4 67440088 67440088 0
12 345 rs10849023 4332478 1 4.795730484394481e-4 4332478 4332478 0
12 1902 rs16915248 19384213 1 -4.7748909762306815e-4 19384213 19384213 0
12 180 rs2239074 2538549 1 4.754219106153349e-4 2538549 2538549 0
12 7636 rs1275599 76262797 1 4.752645296833241e-4 76262797 76262797 0
12 1697 rs10219728 17639821 1 -4.723799294536148e-4 17639821 17639821 0
12 1436 rs6488646 14357059 1 4.722285791203168e-4 14357059 14357059 0
12 13031 rs903951 130719915 1 -4.720022795991111e-4 130719915 130719915 0
12 918 rs7313141 10022148 1 4.715047511550458e-4 10022148 10022148 0
12 4951 rs6580649 48410517 1 -4.70355211004896e-4 48410517 48410517 0
12 9588 rs1468893 97505432 1 4.699271475128478e-4 97505432 97505432 0
12 277 rs10744620 3739094 2 4.6928455508153715e-4 3739094 3739094 0
12 4640 rs17094119 44512431 1 4.680158452614965e-4 44512431 44512431 0
12 998 rs11053685 10364170 1 4.678399716725065e-4 10364170 10364170 0
12 12392 rs11057771 125197450 1 -4.6769922146001647e-4 125197450 125197450 0
12 11461 rs16944632 115224251 1 4.6766024986499654e-4 115224251 115224251 0
12 1286 rs16908634 13219832 1 -4.674147819884112e-4 13219832 13219832 0
12 406 rs10774265 4816890 1 -4.641299599838896e-4 4816890 4816890 0
12 3067 rs581345 28226827 1 -4.639753089590567e-4 28226827 28226827 0
12 4899 rs1233062 48110551 1 -4.604153400626367e-4 48110551 48110551 0
12 7745 rs1716530 77669202 1 4.5972842719760754e-4 77669202 77669202 0
12 23 rs4980895 520947 1 4.5947770316111e-4 520947 520947 0
12 8992 rs17530 92843638 1 -4.594309194096029e-4 92843638 92843638 0
12 10385 rs10778338 104894402 1 -4.586497746594352e-4 104894402 104894402 0
12 10336 rs4246260 104570969 1 -4.584083910550187e-4 104570969 104570969 0
12 6897 rs4913287 68658270 2 4.571295366057827e-4 68658270 68658270 0
12 2728 rs7977844 25811125 1 -4.5638422767813665e-4 25811125 25811125 0
12 2667 rs12579869 25483263 1 -4.5594815772926234e-4 25483263 25483263 0
12 4532 rs1865616 43507011 1 4.555564768052491e-4 43507011 43507011 0
12 8707 rs11105217 89639948 1 -4.5369200769103147e-4 89639948 89639948 0
12 2712 rs146650787 25702478 1 -4.5357812335836145e-4 25702478 25702478 0
12 9775 rs3213900 98925865 1 -4.534856405161653e-4 98925865 98925865 0
12 9953 rs2373383 101172474 1 4.533429297003813e-4 101172474 101172474 0
12 11753 rs2650163 117693037 1 -4.507256339131786e-4 117693037 117693037 0
12 12798 rs10744387 129248717 1 4.4846199564236986e-4 129248717 129248717 0
12 9334 rs17855933 95660182 1 -4.4750722995177993e-4 95660182 95660182 0
12 2628 rs16928217 25093004 1 4.468120464311708e-4 25093004 25093004 0
12 2740 rs7309708 25905875 1 -4.4679264907322697e-4 25905875 25905875 0
12 5852 rs34577247 57578673 1 4.4545944957103176e-4 57578673 57578673 0
12 5586 rs4759286 54080020 1 -4.434537807802956e-4 54080020 54080020 0
12 9801 rs4762219 99472519 1 -4.427440299946598e-4 99472519 99472519 0
12 12665 rs11059209 127976657 1 4.400576568924613e-4 127976657 127976657 0
12 3386 rs10400585 30388979 2 4.3869720866932297e-4 30388979 30388979 0
12 6803 rs12426091 67829605 1 4.3843393233428e-4 67829605 67829605 0
12 10896 rs7300972 109017264 1 4.3829527116446534e-4 109017264 109017264 0
12 1587 rs1913263 16505296 1 -4.3780544350254343e-4 16505296 16505296 0
12 3827 rs7298455 33484385 1 4.373267667338262e-4 33484385 33484385 0
12 6896 rs756213 68658034 1 4.3704523984876753e-4 68658034 68658034 0
12 5081 rs12580931 49688057 1 -4.369818809608357e-4 49688057 49688057 0
12 11148 rs232921 113089641 1 4.349341915306869e-4 113089641 113089641 0
12 8485 rs11116623 85233731 1 -4.337977879432044e-4 85233731 85233731 0
12 12354 rs12370364 124743112 1 4.336278424619271e-4 124743112 124743112 0
12 5582 rs12309572 54074686 2 -4.329874870991656e-4 54074686 54074686 0
12 1631 rs16912235 16963281 1 -4.324807772339609e-4 16963281 16963281 0
12 7956 rs4477495 80375064 1 4.303734282073405e-4 80375064 80375064 0
12 11769 rs1552230 117822385 1 4.2524345142689305e-4 117822385 117822385 0
12 2911 rs2881007 27025573 1 4.251528328062331e-4 27025573 27025573 0
12 504 rs11063622 5452453 2 -4.2314097720411463e-4 5452453 5452453 0
12 2764 rs2137547 26261873 1 -4.2288594040854646e-4 26261873 26261873 0
12 3649 rs1271151 32289765 2 4.1921907178268095e-4 32289765 32289765 0
12 8984 rs408260 92772307 1 -4.191328706602896e-4 92772307 92772307 0
12 3597 rs7342346 32074398 1 -4.182110776561258e-4 32074398 32074398 0
12 1644 rs1372314 17246848 1 4.15832682622452e-4 17246848 17246848 0
12 2553 rs542388 24502516 1 -4.1525314886485065e-4 24502516 24502516 0
12 10769 rs17757562 107987125 1 -4.1180719647760663e-4 107987125 107987125 0
12 11025 rs11068997 110383141 1 -4.114881283090766e-4 110383141 110383141 0
12 4453 rs3747562 42854205 1 4.097189307594123e-4 42854205 42854205 0
12 5577 rs12425788 54047356 1 4.083139287351069e-4 54047356 54047356 0
12 7622 rs11180698 76216242 1 -4.0557987696581744e-4 76216242 76216242 0
12 1955 rs11044839 19909772 1 -4.048334904960965e-4 19909772 19909772 0
12 8167 rs7955253 82236828 1 -4.041882659146524e-4 82236828 82236828 0
12 8075 rs7301969 81473720 1 -4.0387717381248537e-4 81473720 81473720 0
12 3207 rs10843339 29332909 1 -4.020671456336837e-4 29332909 29332909 0
12 9755 rs734307 98791382 1 4.017609650067218e-4 98791382 98791382 0
12 4479 rs7962244 43031988 1 -4.0150043388704674e-4 43031988 43031988 0
12 2942 rs12581569 27464524 1 -3.99855115725699e-4 27464524 27464524 0
12 9875 rs1488724 100215417 2 3.990289005466911e-4 100215417 100215417 0
12 4674 rs2710455 45249107 1 3.9775426389129104e-4 45249107 45249107 0
12 12367 rs2271139 124839540 1 3.9757405223843383e-4 124839540 124839540 0
12 10363 rs11112011 104757301 1 3.970401958568282e-4 104757301 104757301 0
12 3906 rs7485262 38801746 2 3.964264356018331e-4 38801746 38801746 0
12 12864 rs11060151 129615327 1 3.961623485241249e-4 129615327 129615327 0
12 10319 rs4135126 104379131 1 -3.954881405289552e-4 104379131 104379131 0
12 2922 rs10771314 27143508 1 -3.947474732723387e-4 27143508 27143508 0
12 6995 rs7295234 69811369 2 -3.936172687824872e-4 69811369 69811369 0
12 6347 rs12300696 62945245 1 3.9239436169383695e-4 62945245 62945245 0
12 9943 rs6538968 101089055 1 3.919763979345479e-4 101089055 101089055 0
12 5114 rs10875969 50206723 1 3.918884025400306e-4 50206723 50206723 0
12 11448 rs7975475 115152852 1 -3.9168716587806177e-4 115152852 115152852 0
12 11276 rs11066719 114177890 2 3.903915562915842e-4 114177890 114177890 0
12 9873 rs7965793 100175468 1 -3.9007978552548373e-4 100175468 100175468 0
12 5957 rs6581194 58875963 1 -3.8937966293232e-4 58875963 58875963 0
12 8101 rs1921038 81627238 1 -3.891227288917709e-4 81627238 81627238 0
12 4806 rs11183592 47139899 1 -3.879423511009169e-4 47139899 47139899 0
12 9789 rs1549102 99282746 1 3.862426988198478e-4 99282746 99282746 0
12 11745 rs11068393 117623136 1 3.856028856278629e-4 117623136 117623136 0
12 12670 rs1683614 128070724 1 3.85398956306058e-4 128070724 128070724 0
12 2101 rs7306033 21014178 1 3.8460415614932343e-4 21014178 21014178 0
12 11406 rs883079 114793240 1 -3.8273371309127793e-4 114793240 114793240 0
12 4879 rs7971524 47935320 1 3.826023111241144e-4 47935320 47935320 0
12 12969 rs896511 130205202 1 -3.820406000079364e-4 130205202 130205202 0
12 1465 rs247325 14921634 1 3.8177806104875583e-4 14921634 14921634 0
12 9950 rs1606761 101165369 1 3.8126394056983026e-4 101165369 101165369 0
12 9398 rs1362971 96075523 1 3.801570031525174e-4 96075523 96075523 0
12 3353 rs1979523 30267102 1 -3.788584081103975e-4 30267102 30267102 0
12 530 rs1558779 5644265 1 -3.772819958006982e-4 5644265 5644265 0
12 12595 rs4765116 127294926 1 3.730653681067507e-4 127294926 127294926 0
12 10733 rs4964573 107785779 1 -3.7197058443497736e-4 107785779 107785779 0
12 5860 rs11172147 57696677 1 -3.7192394358599105e-4 57696677 57696677 0
12 10533 rs7970980 105820253 2 -3.711710070893904e-4 105820253 105820253 0
12 11223 rs16942628 113661883 1 -3.694287646153186e-4 113661883 113661883 0
12 6399 rs771974 63392010 1 3.6872947898047815e-4 63392010 63392010 0
12 5412 rs143856828 52962167 1 3.67313617226875e-4 52962167 52962167 0
12 13282 rs4883627 133207412 1 -3.671548768092086e-4 133207412 133207412 0
12 12056 rs10849754 120940418 1 -3.66057572994168e-4 120940418 120940418 0
12 9759 rs17028229 98794925 1 3.656571499102958e-4 98794925 98794925 0
12 7034 rs710725 70066192 1 -3.6288366221268057e-4 70066192 70066192 0
12 8073 rs7133094 81469861 1 -3.623663929746725e-4 81469861 81469861 0
12 7571 rs11180347 75451227 1 -3.6183811867670937e-4 75451227 75451227 0
12 12148 rs3794208 121685784 1 -3.613840956585805e-4 121685784 121685784 0
12 12141 rs10774588 121652541 1 3.584250615736784e-4 121652541 121652541 0
12 11458 rs11067295 115219003 2 -3.5442497888393603e-4 115219003 115219003 0
12 12971 rs935835 130207017 1 -3.533388533998628e-4 130207017 130207017 0
12 12562 rs6489076 126908667 1 3.5243444740359317e-4 126908667 126908667 0
12 2364 rs10841995 22514521 1 -3.519152407191664e-4 22514521 22514521 0
12 3702 rs325429 32514115 1 3.517066677503765e-4 32514115 32514115 0
12 8235 rs12425131 82984879 1 3.463464352560514e-4 82984879 82984879 0
12 3961 rs17126927 39473137 1 3.443985950303262e-4 39473137 39473137 0
12 8922 rs1032302 91935671 1 -3.4399450916406825e-4 91935671 91935671 0
12 7650 rs2886950 76353333 1 3.436029305664864e-4 76353333 76353333 0
12 9547 rs2371228 97096489 1 -3.4335612287104934e-4 97096489 97096489 0
12 8996 rs7312057 92885667 1 -3.419613187031046e-4 92885667 92885667 0
12 12302 rs1399961 124210782 2 -3.3967930366271597e-4 124210782 124210782 0
12 11360 rs741636 114583198 1 -3.3904230428126507e-4 114583198 114583198 0
12 4303 rs2608713 41903298 1 3.3839795547976583e-4 41903298 41903298 0
12 3943 rs908511 39300741 1 3.379696096360022e-4 39300741 39300741 0
12 6022 rs10877206 59529479 1 -3.350200996226323e-4 59529479 59529479 0
12 5868 rs1106766 57809456 1 -3.3498785078583254e-4 57809456 57809456 0
12 12420 rs7959530 125439806 1 -3.345693632696966e-4 125439806 125439806 0
12 1992 rs11045000 20184146 1 -3.340289412808355e-4 20184146 20184146 0
12 1901 rs10770452 19381384 1 3.3026651159685354e-4 19381384 19381384 0
12 2377 rs7980208 22868305 1 -3.301237141180702e-4 22868305 22868305 0
12 90 rs11061679 1384066 2 -3.280387238317716e-4 1384066 1384066 0
12 12289 rs884892 124097528 2 3.262603389640152e-4 124097528 124097528 0
12 3114 rs11049685 28665708 1 -3.2603622303764167e-4 28665708 28665708 0
12 6265 rs12582688 62297301 1 3.2448238285226857e-4 62297301 62297301 0
12 852 ss1388098465 9393753 1 -3.2368441879995584e-4 9393753 9393753 0
12 12254 rs2271051 123344021 1 3.2174352203905916e-4 123344021 123344021 0
12 8066 rs12810383 81373176 1 3.1983090113049526e-4 81373176 81373176 0
12 558 rs17785739 5829767 1 -3.1955592539970723e-4 5829767 5829767 0
12 7454 rs2364223 74103167 1 3.193425096779002e-4 74103167 74103167 0
12 3723 rs17609576 32674645 1 3.189703504042646e-4 32674645 32674645 0
12 6630 rs7973144 66160340 1 3.174228329696116e-4 66160340 66160340 0
12 10051 rs11609579 101843240 1 3.160987097470202e-4 101843240 101843240 0
12 13171 rs7485772 131865266 1 3.1549694410842584e-4 131865266 131865266 0
12 8609 rs7300293 87816705 1 -3.153724705936467e-4 87816705 87816705 0
12 1134 rs11054443 11908529 1 -3.1494457651456585e-4 11908529 11908529 0
12 564 rs3782652 5906139 1 -3.1331092119776837e-4 5906139 5906139 0
12 11070 rs4766549 111618332 1 -3.121699864454291e-4 111618332 111618332 0
12 11844 rs3847652 118565383 2 3.1179196695731626e-4 118565383 118565383 0
12 2758 rs7298162 26133925 1 -3.113567974468635e-4 26133925 26133925 0
12 4216 rs11178843 41264379 1 3.109606433997783e-4 41264379 41264379 0
12 3771 rs7295486 33064825 1 -3.087113781599652e-4 33064825 33064825 0
12 9695 rs737585 98165739 1 3.0632842050092534e-4 98165739 98165739 0
12 10756 rs1558781 107937768 1 3.061377749956102e-4 107937768 107937768 0
12 8251 rs10047619 83168616 1 -3.0591468729101887e-4 83168616 83168616 0
12 13108 rs2141188 131464024 1 -3.0455006605062634e-4 131464024 131464024 0
12 5192 rs11169590 51240265 1 3.0275281919119566e-4 51240265 51240265 0
12 132 rs2013064 1998044 1 -2.991672537889942e-4 1998044 1998044 0
12 10819 rs1365309 108585827 1 -2.985960169581804e-4 108585827 108585827 0
12 4676 rs1506681 45289602 1 2.9825049681597444e-4 45289602 45289602 0
12 537 rs4930766 5712164 1 2.9812506434612353e-4 5712164 5712164 0
12 13038 rs10848066 130773863 1 2.968873903433115e-4 130773863 130773863 0
12 9059 rs17020854 93355884 1 -2.9560049042841677e-4 93355884 93355884 0
12 11584 rs7304729 116013608 2 2.9548569491094135e-4 116013608 116013608 0
12 5951 rs782108 58833278 1 -2.923406799740714e-4 58833278 58833278 0
12 6001 rs6581224 59384637 1 -2.9177251847379784e-4 59384637 59384637 0
12 11714 rs1011493 117082846 1 2.914646785566081e-4 117082846 117082846 0
12 4049 rs7134524 40453281 1 -2.898214076444995e-4 40453281 40453281 0
12 8648 rs11104738 88500847 1 2.8890838632916955e-4 88500847 88500847 0
12 11297 rs736640 114316080 1 -2.8713101027594436e-4 114316080 114316080 0
12 10965 rs7954301 109857093 1 2.8638338259187113e-4 109857093 109857093 0
12 9790 rs10492269 99283865 1 2.8564291820283897e-4 99283865 99283865 0
12 7885 rs12315707 78880444 1 -2.8561222097727286e-4 78880444 78880444 0
12 5976 rs80052626 59167324 1 2.825808880195602e-4 59167324 59167324 0
12 9132 rs2364871 94102129 1 2.8091426874617776e-4 94102129 94102129 0
12 11329 rs7307803 114457844 1 -2.8016826231664846e-4 114457844 114457844 0
12 10661 rs17221107 106874776 1 -2.7910987717002015e-4 106874776 106874776 0
12 2700 rs718744 25657520 2 -2.777790918306504e-4 25657520 25657520 0
12 128 rs11838338 1989355 2 -2.7619748839108045e-4 1989355 1989355 0
12 12273 rs4460848 123677810 1 -2.754388024122156e-4 123677810 123677810 0
12 4996 rs10747531 48632280 1 -2.752191817709322e-4 48632280 48632280 0
12 5623 rs10876550 54712308 1 2.747612775101108e-4 54712308 54712308 0
12 3241 rs1436321 29565537 1 2.723946646542404e-4 29565537 29565537 0
12 5558 rs2886129 53731984 1 -2.718521445999942e-4 53731984 53731984 0
12 1551 rs17415853 15930805 1 2.701518530796471e-4 15930805 15930805 0
12 65 rs11064524 889902 1 2.699862348447671e-4 889902 889902 0
12 755 ss1388053327 7977351 1 2.6985750861443255e-4 7977351 7977351 0
12 10159 rs863854 103074012 1 -2.6949887343545397e-4 103074012 103074012 0
12 2969 rs3886771 27578746 1 2.682739575411808e-4 27578746 27578746 0
12 8095 rs6539563 81594930 1 2.6717374936688153e-4 81594930 81594930 0
12 7169 rs11615947 70724053 1 2.643898238583689e-4 70724053 70724053 0
12 6354 rs12357 62986620 1 2.639916712671633e-4 62986620 62986620 0
12 5005 rs1489110 48711867 1 -2.637786570914241e-4 48711867 48711867 0
12 9808 rs2372731 99519444 1 -2.633896641292869e-4 99519444 99519444 0
12 11075 rs3809288 111652522 1 -2.6286390451555426e-4 111652522 111652522 0
12 3907 rs10881019 38809658 1 -2.6284191140694334e-4 38809658 38809658 0
12 1025 rs11053781 10537269 1 2.6273185354806257e-4 10537269 10537269 0
12 2647 rs17387019 25264259 1 2.59068683068223e-4 25264259 25264259 0
12 4492 rs17091783 43137564 1 -2.590113677283875e-4 43137564 43137564 0
12 11678 rs6490067 116837505 1 2.5853031147302227e-4 116837505 116837505 0
12 9313 rs2569989 95429379 1 -2.580953802881796e-4 95429379 95429379 0
12 11712 rs17582008 117066501 1 2.5708582539509634e-4 117066501 117066501 0
12 4954 rs7299271 48414058 1 -2.5687899667454475e-4 48414058 48414058 0
12 5593 rs6580960 54159380 1 2.559059444516744e-4 54159380 54159380 0
12 7 rs216244 310334 1 -2.5589931199811335e-4 310334 310334 0
12 12968 rs2398469 130204943 1 2.557539893083766e-4 130204943 130204943 0
12 8468 rs11116595 85165879 1 2.5558468848587936e-4 85165879 85165879 0
12 6898 rs4913432 68664458 1 -2.5554122858390514e-4 68664458 68664458 0
12 392 rs11063282 4760978 1 2.549454959097679e-4 4760978 4760978 0
12 10274 rs12424737 104196221 1 -2.533328778806004e-4 104196221 104196221 0
12 9309 rs17321986 95397275 1 -2.52130564444929e-4 95397275 95397275 0
12 7191 rs710648 70798804 1 -2.5096241449662927e-4 70798804 70798804 0
12 11662 rs10507268 116540227 1 -2.4926694558089326e-4 116540227 116540227 0
12 1953 rs10841335 19893246 1 -2.4924848300575885e-4 19893246 19893246 0
12 9253 rs7306517 95136893 2 -2.472856384161254e-4 95136893 95136893 0
12 12807 rs9738216 129281788 2 -2.4713173304750474e-4 129281788 129281788 0
12 928 rs11053506 10055929 1 -2.469355615680241e-4 10055929 10055929 0
12 4205 rs1596518 41198144 1 2.4607793774870495e-4 41198144 41198144 0
12 2603 rs10505945 24912033 1 -2.442598379922375e-4 24912033 24912033 0
12 2273 rs7313335 21709604 2 2.434387648512996e-4 21709604 21709604 0
12 4562 rs1514661 43679673 1 -2.4338802397986416e-4 43679673 43679673 0
12 4306 rs2608717 41908987 1 2.4338560208418976e-4 41908987 41908987 0
12 9223 rs7139313 94942223 1 2.426604664540255e-4 94942223 94942223 0
12 3503 rs4931398 31133420 1 2.4243501451804995e-4 31133420 31133420 0
12 8705 rs12811742 89600419 2 2.416572084649696e-4 89600419 89600419 0
12 7993 rs12809610 80850440 1 2.4082415460193623e-4 80850440 80850440 0
12 8933 rs17019680 92290715 1 2.4026517926865705e-4 92290715 92290715 0
12 13018 rs745077 130568656 1 -2.396993323355952e-4 130568656 130568656 0
12 5116 rs17260403 50232496 1 2.395310355751608e-4 50232496 50232496 0
12 9729 rs10735356 98486735 1 2.3899269554589664e-4 98486735 98486735 0
12 6524 rs11175348 64740578 1 2.3891153077317136e-4 64740578 64740578 0
12 5848 rs11172113 57527283 1 2.3802440200462833e-4 57527283 57527283 0
12 13012 rs11611501 130533750 1 -2.378939939779454e-4 130533750 130533750 0
12 477 rs1479482 5241385 1 2.3652910151823e-4 5241385 5241385 0
12 7941 rs2400395 79778358 1 -2.3606133989630351e-4 79778358 79778358 0
12 4734 rs7303050 45933519 1 2.3602511635924475e-4 45933519 45933519 0
12 7190 rs17108108 70797917 1 2.356107491734465e-4 70797917 70797917 0
12 6798 rs1920435 67794873 2 -2.3408142709644444e-4 67794873 67794873 0
12 3544 rs900610 31816623 1 -2.3229374343607668e-4 31816623 31816623 0
12 11628 rs10744864 116157873 1 -2.318636150757545e-4 116157873 116157873 0
12 10515 rs10746014 105689315 1 -2.316543713274673e-4 105689315 105689315 0
12 9709 rs1450073 98224025 1 -2.3155480030228232e-4 98224025 98224025 0
12 274 rs11609678 3708696 2 -2.3066306012645084e-4 3708696 3708696 0
12 1943 rs6486990 19806842 1 -2.3013394970588085e-4 19806842 19806842 0
12 6870 rs10878743 68496077 1 -2.2844348784758592e-4 68496077 68496077 0
12 887 ss1388110388 9813414 1 -2.2733094068291875e-4 9813414 9813414 0
12 5637 rs7134688 54942886 1 -2.267768307212222e-4 54942886 54942886 0
12 4460 rs921530 42901195 1 2.2646566019150693e-4 42901195 42901195 0
12 5751 rs10506345 56015768 1 -2.2501416349692853e-4 56015768 56015768 0
12 3644 rs1684123 32278032 1 -2.249079840003828e-4 32278032 32278032 0
12 12434 rs4559740 125632996 1 -2.2067229985895444e-4 125632996 125632996 0
12 7274 rs1705235 71545273 1 -2.2066280994523745e-4 71545273 71545273 0
12 5966 rs2048579 58979278 1 2.1978790687535876e-4 58979278 58979278 0
12 8197 rs2255992 82432368 1 2.1831223567084912e-4 82432368 82432368 0
12 10020 rs164365 101560328 1 2.161272132939278e-4 101560328 101560328 0
12 1755 rs10770343 18414253 1 2.1313090124443231e-4 18414253 18414253 0
12 4497 rs870972 43152847 1 2.1270545590406053e-4 43152847 43152847 0
12 12802 rs12423526 129251350 1 -2.1181940033128743e-4 129251350 129251350 0
12 3342 rs11050648 30245738 1 2.1167842987185464e-4 30245738 30245738 0
12 12546 rs10773257 126726530 1 -2.1133512207585815e-4 126726530 126726530 0
12 5993 rs7136193 59316881 1 -2.1053654777715108e-4 59316881 59316881 0
12 12693 rs7960879 128315329 1 2.101945925776202e-4 128315329 128315329 0
12 189 rs12231350 2635190 1 -2.097910254921425e-4 2635190 2635190 0
12 13153 rs10773860 131675350 1 -2.053400723032563e-4 131675350 131675350 0
12 11115 rs12315146 112323016 1 -2.0490920879492257e-4 112323016 112323016 0
12 1617 rs10846373 16667376 1 2.048122775105327e-4 16667376 16667376 0
12 4948 rs7305954 48403530 1 -2.0339150231897025e-4 48403530 48403530 0
12 7940 rs1245765 79777291 1 -2.0256982431026376e-4 79777291 79777291 0
12 303 rs7306879 3880935 1 2.019474424179882e-4 3880935 3880935 0
12 490 rs500677 5295504 1 1.9981467764694665e-4 5295504 5295504 0
12 5263 rs4761992 52057660 1 1.978013620694405e-4 52057660 52057660 0
12 3974 rs7300022 39567891 1 1.9697045728813404e-4 39567891 39567891 0
12 4835 rs6582686 47313346 1 1.9575117642622072e-4 47313346 47313346 0
12 8914 rs7303800 91804510 1 1.9503366711482812e-4 91804510 91804510 0
12 9278 rs7965624 95301653 1 -1.9400979307559048e-4 95301653 95301653 0
12 13110 rs61732860 131471699 1 1.93836663751739e-4 131471699 131471699 0
12 5959 rs7961265 58878327 1 -1.9242341701655337e-4 58878327 58878327 0
12 10290 rs11111846 104318346 1 -1.9091606942216787e-4 104318346 104318346 0
12 11612 rs2279405 116077522 1 -1.904564610230281e-4 116077522 116077522 0
12 1450 rs3213764 14587301 2 -1.9037424164008329e-4 14587301 14587301 0
12 6835 rs10748089 68264901 1 -1.899945089460657e-4 68264901 68264901 0
12 4918 rs7967152 48244184 1 -1.8907233585981848e-4 48244184 48244184 0
12 3240 rs12811372 29565391 1 1.886295530159031e-4 29565391 29565391 0
12 2966 rs1256955 27569025 1 1.859435507811517e-4 27569025 27569025 0
12 10603 rs3741635 106136330 1 -1.848981576456433e-4 106136330 106136330 0
12 2299 rs1914361 22045853 1 -1.8423878795501727e-4 22045853 22045853 0
12 8171 rs10778838 82312037 1 -1.837948223905964e-4 82312037 82312037 0
12 3390 rs1652174 30395412 1 -1.8033382020111755e-4 30395412 30395412 0
12 754 ss1388052765 7960852 1 1.7951040003541237e-4 7960852 7960852 0
12 7182 rs12423152 70785046 1 -1.7897348899068743e-4 70785046 70785046 0
12 2784 rs11048431 26365730 2 -1.7812493167025594e-4 26365730 26365730 0
12 2670 rs11047987 25535059 1 1.771712241342359e-4 25535059 25535059 0
12 6816 rs2700077 68074440 1 1.7608607959452178e-4 68074440 68074440 0
12 13205 rs10773902 131964154 1 1.7549034038126963e-4 131964154 131964154 0
12 7551 rs7132640 75275217 1 -1.7495296092907736e-4 75275217 75275217 0
12 10278 rs11111796 104205928 1 -1.7461455983471723e-4 104205928 104205928 0
12 6016 rs12367511 59484069 1 1.7439545983042172e-4 59484069 59484069 0
12 9766 rs249828 98836436 1 -1.7295062328775716e-4 98836436 98836436 0
12 1392 rs1075010 13918341 2 1.7104764510798205e-4 13918341 13918341 0
12 4678 rs1039669 45313082 1 1.7084127071334313e-4 45313082 45313082 0
12 7960 rs10862036 80429390 1 1.7070807829073234e-4 80429390 80429390 0
12 1507 rs3962593 15147657 1 -1.7031782426358988e-4 15147657 15147657 0
12 13145 rs10848295 131632326 1 -1.6947252415961775e-4 131632326 131632326 0
12 6031 rs17122292 59635787 1 1.693871990528371e-4 59635787 59635787 0
12 1438 rs10845925 14368740 2 1.6762483631428438e-4 14368740 14368740 0
12 10219 rs10860999 103818049 1 1.6753671709372953e-4 103818049 103818049 0
12 3517 rs7135588 31382471 1 -1.667085607297642e-4 31382471 31382471 0
12 5598 rs10876496 54176868 1 1.6662913185005725e-4 54176868 54176868 0
12 3334 rs1909154 30153844 1 1.6622672782235846e-4 30153844 30153844 0
12 8696 rs7960664 89471235 1 -1.643200850338361e-4 89471235 89471235 0
12 7372 rs12831974 72724034 1 -1.6405676220283128e-4 72724034 72724034 0
12 2904 rs11048689 26957401 1 1.631099918916452e-4 26957401 26957401 0
12 9876 rs732718 100230985 1 -1.62626552672702e-4 100230985 100230985 0
12 1281 rs1948063 13180854 1 1.6260035116313215e-4 13180854 13180854 0
12 2679 rs1115093 25586533 1 1.613150194226127e-4 25586533 25586533 0
12 12022 rs10774521 120339204 1 -1.6097370338221607e-4 120339204 120339204 0
12 9291 rs249191 95347454 1 -1.599906726328521e-4 95347454 95347454 0
12 3554 rs6488007 31919188 1 -1.5996718628203237e-4 31919188 31919188 0
12 1177 rs1615942 12244222 1 1.5981612138773132e-4 12244222 12244222 0
12 6144 rs7488955 61271567 1 1.5972798065281836e-4 61271567 61271567 0
12 11806 rs4492895 118080746 1 1.596877345413193e-4 118080746 118080746 0
12 2671 rs9300166 25536494 1 -1.5852439165148997e-4 25536494 25536494 0
12 187 rs10848668 2621192 1 -1.5814868892922147e-4 2621192 2621192 0
12 10808 rs12299120 108450244 1 -1.5811208965260096e-4 108450244 108450244 0
12 13071 rs7307029 131057666 1 -1.577612597021517e-4 131057666 131057666 0
12 13111 rs12826848 131472324 1 1.5530318932349972e-4 131472324 131472324 0
12 1130 rs2724657 11850632 2 -1.549465500660979e-4 11850632 11850632 0
12 249 rs3741947 3325665 1 1.5406651208775394e-4 3325665 3325665 0
12 12511 rs4765319 126533578 1 -1.5366588788988449e-4 126533578 126533578 0
12 1188 rs34143723 12303899 1 -1.5334020454325486e-4 12303899 12303899 0
12 122 rs7967890 1952990 2 -1.5322825426086957e-4 1952990 1952990 0
12 5559 rs7300593 53790450 2 -1.5298939519678434e-4 53790450 53790450 0
12 3559 rs4931564 31959514 1 1.5116363762867602e-4 31959514 31959514 0
12 10536 rs10746034 105827413 1 1.4949381848807587e-4 105827413 105827413 0
12 1616 rs16911991 16662628 1 -1.4875650134761953e-4 16662628 16662628 0
12 12769 rs1872541 128788170 1 -1.4809211358438488e-4 128788170 128788170 0
12 3214 rs4931163 29347848 2 1.478113007070774e-4 29347848 29347848 0
12 2260 rs6487233 21638570 1 -1.477427312655575e-4 21638570 21638570 0
12 879 ss1388108098 9741500 2 -1.4753970217656236e-4 9741500 9741500 0
12 8453 rs10779113 85012313 1 1.4722032194286943e-4 85012313 85012313 0
12 8564 rs10858469 87126108 1 1.4648999567674762e-4 87126108 87126108 0
12 1381 rs10492132 13833553 1 1.4646698178319903e-4 13833553 13833553 0
12 11716 rs748380 117138820 1 1.4525495414990816e-4 117138820 117138820 0
12 7491 rs1581403 74596252 1 -1.4466392418348642e-4 74596252 74596252 0
12 1455 rs10846014 14673715 2 -1.4453070785265076e-4 14673715 14673715 0
12 6135 rs7970396 60968236 1 -1.4428345384019528e-4 60968236 60968236 0
12 9544 rs718908 97068181 1 -1.4428044864481823e-4 97068181 97068181 0
12 8898 rs1522430 91630155 1 -1.441174115442861e-4 91630155 91630155 0
12 10074 rs10507134 102034120 1 -1.40987424685652e-4 102034120 102034120 0
12 9183 rs2365736 94563918 1 -1.407562942959771e-4 94563918 94563918 0
12 3279 rs16934812 29872318 2 -1.3859744706633208e-4 29872318 29872318 0
12 2338 rs10841976 22358858 1 -1.3839536012125517e-4 22358858 22358858 0
12 7937 rs17005500 79738884 1 -1.3790808427319848e-4 79738884 79738884 0
12 6814 rs1797710 68049075 1 1.3629623638477647e-4 68049075 68049075 0
12 10340 rs12317467 104577494 1 -1.3509636238864058e-4 104577494 104577494 0
12 5797 rs1078604 57107154 1 -1.350420144203202e-4 57107154 57107154 0
12 2020 rs274962 20426588 2 -1.346210565174948e-4 20426588 20426588 0
12 9981 rs496373 101313026 1 1.3455190735125084e-4 101313026 101313026 0
12 7578 rs4473005 75521362 1 -1.3438380907026745e-4 75521362 75521362 0
12 5807 rs10876933 57221865 1 1.3280854544889674e-4 57221865 57221865 0
12 3243 rs6487823 29569338 1 1.3215498856032637e-4 29569338 29569338 0
12 13103 rs1316894 131415897 1 -1.3068093849937724e-4 131415897 131415897 0
12 4665 rs4768570 45157077 2 1.2837596117253855e-4 45157077 45157077 0
12 2696 rs1479509 25652442 1 1.2752176730191215e-4 25652442 25652442 0
12 3524 rs10843928 31502991 1 -0.00012739330051436101 31502991 31502991 0
12 12848 rs9645722 129554430 1 1.260320252849137e-4 129554430 129554430 0
12 7975 rs1245017 80572437 1 -1.259508859060479e-4 80572437 80572437 0
12 10898 rs2228315 109017898 2 -1.2562241424801123e-4 109017898 109017898 0
12 6195 rs10747930 61756110 1 -1.247821853411151e-4 61756110 61756110 0
12 6145 rs922596 61272726 1 1.2472235962513882e-4 61272726 61272726 0
12 7547 rs988896 75233259 1 1.2437969460527728e-4 75233259 75233259 0
12 983 rs7959451 10271055 1 -1.2304024889978627e-4 10271055 10271055 0
12 9466 rs10161146 96323420 2 1.2008754735965928e-4 96323420 96323420 0
12 6659 rs10878366 66422374 1 -1.1830998019044724e-4 66422374 66422374 0
12 7644 rs17115921 76313017 1 1.1738755130883376e-4 76313017 76313017 0
12 3087 rs6487665 28330659 2 -1.1701076085808526e-4 28330659 28330659 0
12 8260 rs9651971 83239281 1 1.1681002931587511e-4 83239281 83239281 0
12 7826 rs1269394 78402567 1 -1.1629380295009647e-4 78402567 78402567 0
12 4001 rs11612814 40302599 1 1.153211615903125e-4 40302599 40302599 0
12 8470 rs10779131 85169485 1 -1.1384363372024247e-4 85169485 85169485 0
12 12642 rs10847300 127709389 1 -1.124916437756954e-4 127709389 127709389 0
12 4673 rs2408085 45231387 1 1.1200355699053782e-4 45231387 45231387 0
12 4081 rs11175769 40656179 1 -1.1092494480301664e-4 40656179 40656179 0
12 12662 rs10444466 127917085 1 1.0980764714620764e-4 127917085 127917085 0
12 6942 rs1470383 69207162 1 1.088214888023468e-4 69207162 69207162 0
12 8511 rs4897839 86084899 1 -1.074746655990508e-4 86084899 86084899 0
12 9288 rs249184 95340146 2 -1.062651106935107e-4 95340146 95340146 0
12 12614 rs2605469 127429145 1 -1.042545667917704e-4 127429145 127429145 0
12 6602 rs11175757 65812878 1 -1.0402907356492412e-4 65812878 65812878 0
12 7374 rs11179163 72738061 1 1.0393241504217598e-4 72738061 72738061 0
12 3029 rs1127787 27867727 1 -1.0352536284436983e-4 27867727 27867727 0
12 3836 rs11052666 33534705 1 1.0342351406046248e-4 33534705 33534705 0
12 9525 rs7314097 96874278 1 1.0339751168349463e-4 96874278 96874278 0
12 907 ss1388113560 9918102 1 -1.0310612869638176e-4 9918102 9918102 0
12 10991 rs714880 110093847 1 1.02920772167325e-4 110093847 110093847 0
12 6916 rs7307444 68796448 1 1.0135204306022393e-4 68796448 68796448 0
12 5564 rs17100094 53912961 1 1.0075468194094152e-4 53912961 53912961 0
12 7906 rs2400267 79199306 1 9.95704338571023e-5 79199306 79199306 0
12 11118 rs4767264 112425746 1 9.785535849050457e-5 112425746 112425746 0
12 6369 rs4763026 63088455 2 9.69085607146359e-5 63088455 63088455 0
12 4580 rs11182114 43892713 1 -9.635002560295556e-5 43892713 43892713 0
12 3681 rs9988933 32453966 1 9.516302598541816e-5 32453966 32453966 0
12 5592 rs7969151 54159277 1 9.515655852353636e-5 54159277 54159277 0
12 8419 rs7970932 84570410 1 9.400970230983144e-5 84570410 84570410 0
12 5895 rs7309600 58090722 1 -9.35784953585756e-5 58090722 58090722 0
12 4085 rs11175847 40676200 1 -9.320220581913396e-5 40676200 40676200 0
12 2339 rs10841979 22363286 1 -9.18826672404577e-5 22363286 22363286 0
12 2279 rs7954395 21728260 2 -9.171889369642024e-5 21728260 21728260 0
12 8186 rs11115146 82387729 1 -9.084759580896516e-5 82387729 82387729 0
12 5596 rs11170681 54165013 1 8.945578041635719e-5 54165013 54165013 0
12 2348 rs2268861 22389474 1 -8.938984309606435e-5 22389474 22389474 0
12 11026 rs16940760 110429632 1 -8.726199145369711e-5 110429632 110429632 0
12 2947 rs1037924 27498107 1 -8.71090198689043e-5 27498107 27498107 0
12 11214 rs12426056 113532885 1 -8.585340184532675e-5 113532885 113532885 0
12 1434 rs7955915 14325852 1 -8.581146416387709e-5 14325852 14325852 0
12 297 rs2058349 3844596 1 -8.51695087044269e-5 3844596 3844596 0
12 975 rs6488253 10244371 1 8.426594535153182e-5 10244371 10244371 0
12 2286 rs1283816 21984711 1 8.414840950764365e-5 21984711 21984711 0
12 9768 rs829897 98857952 1 -8.360043717377523e-5 98857952 98857952 0
12 6476 rs1829559 63897387 1 8.3495043961393593e-05 63897387 63897387 0
12 12303 rs7135542 124229429 1 -8.253681525148796e-5 124229429 124229429 0
12 11440 rs11067204 115050048 1 -8.208913473099931e-5 115050048 115050048 0
12 12441 rs326387 125805148 1 8.190326280390513e-5 125805148 125805148 0
12 608 rs797773 6307566 1 8.135612797914438e-5 6307566 6307566 0
12 1583 rs7308128 16445499 1 -8.091762944148758e-5 16445499 16445499 0
12 12221 rs9668430 122623595 1 -8.0647783367943e-5 122623595 122623595 0
12 10817 rs2374969 108575563 1 -8.016611721686323e-5 108575563 108575563 0
12 1154 rs3020811 12109775 1 7.857525417067469e-5 12109775 12109775 0
12 10315 rs10861152 104372656 1 7.838996129174501e-5 104372656 104372656 0
12 9967 rs1399445 101247547 1 7.83503258044465e-5 101247547 101247547 0
12 5117 rs7134749 50237637 1 -7.816343640393388e-5 50237637 50237637 0
12 791 ss1388087861 9013755 1 7.714690361847456e-5 9013755 9013755 0
12 13156 rs11061382 131694265 1 7.657223049330243e-5 131694265 131694265 0
12 3652 rs9651846 32297526 1 7.54556583291636e-5 32297526 32297526 0
12 4874 rs2521979 47814159 2 -7.482323750835195e-5 47814159 47814159 0
12 6159 rs2620868 61370770 1 7.463989560484169e-5 61370770 61370770 0
12 7286 rs1397560 71618791 1 7.372281368336169e-5 71618791 71618791 0
12 5901 rs703842 58162739 1 7.331050547366058e-5 58162739 58162739 0
12 91 rs6489283 1493559 1 7.248671006179929e-5 1493559 1493559 0
12 4222 rs12581462 41282505 1 7.230600377198123e-5 41282505 41282505 0
12 7259 rs7316843 71449811 1 -7.190514382866425e-5 71449811 71449811 0
12 66 rs2286007 971291 1 -7.12294913404731e-5 971291 971291 0
12 2545 rs876643 24394579 1 -7.030626994912738e-5 24394579 24394579 0
12 10518 rs1864892 105709809 2 6.988582897872377e-5 105709809 105709809 0
12 7920 rs17046148 79361757 1 -6.943489495384061e-5 79361757 79361757 0
12 6950 rs7315435 69284330 1 6.838601164326297e-5 69284330 69284330 0
12 31 rs11063252 601584 1 6.777796712233995e-5 601584 601584 0
12 1676 rs1498614 17514609 1 -6.717815181167696e-5 17514609 17514609 0
12 6832 rs1544681 68249369 1 6.717295683192405e-5 68249369 68249369 0
12 8117 rs1921044 81716226 1 6.621009826104496e-5 81716226 81716226 0
12 1799 rs7969452 18686733 1 -6.59707998822315e-5 18686733 18686733 0
12 12272 rs1790123 123659542 1 6.575796921876227e-5 123659542 123659542 0
12 1196 rs1074992 12434195 1 -6.534706085713321e-5 12434195 12434195 0
12 5622 rs10506328 54687232 1 6.475586748364675e-5 54687232 54687232 0
12 4933 rs12721427 48368541 1 -6.471760523166041e-5 48368541 48368541 0
12 10361 rs7977553 104747986 1 -6.413291476995099e-5 104747986 104747986 0
12 1348 rs10492125 13603234 1 6.370461483812037e-5 13603234 13603234 0
12 6989 rs17106529 69804612 1 6.289406892191453e-5 69804612 69804612 0
12 10010 rs588567 101468352 2 6.182640136279932e-5 101468352 101468352 0
12 11242 rs6489905 114063376 1 -6.067436094306934e-5 114063376 114063376 0
12 9073 rs12299519 93513096 1 -5.968991785311109e-5 93513096 93513096 0
12 8196 rs959275 82430283 1 5.890603040395656e-5 82430283 82430283 0
12 5430 rs7295084 52990150 1 5.822706741951727e-5 52990150 52990150 0
12 5438 rs7975662 53006405 1 -5.7937464921927696e-5 53006405 53006405 0
12 10584 rs11112660 106077858 1 5.757924205828943e-5 106077858 106077858 0
12 11457 rs10850378 115203619 1 -5.726847802807765e-5 115203619 115203619 0
12 2903 rs10842794 26956317 1 -5.666692119927522e-5 26956317 26956317 0
12 6383 rs2839798 63265984 2 5.633694328841006e-5 63265984 63265984 0
12 6994 rs7975848 69811247 1 5.3862943393124816e-5 69811247 69811247 0
12 1331 rs1870205 13510504 1 -5.3698691680443146e-5 13510504 13510504 0
12 1973 rs1609085 20028378 2 -5.19787780352514e-5 20028378 20028378 0
12 131 rs10735005 1995403 1 -5.119162766172743e-5 1995403 1995403 0
12 1719 rs7974914 17927602 1 5.095148449876142e-5 17927602 17927602 0
12 8115 rs11114822 81709014 1 5.057745454096361e-5 81709014 81709014 0
12 9067 rs3825179 93413041 1 5.001615247350758e-5 93413041 93413041 0
12 7889 rs1717355 78927648 1 4.906135594393348e-5 78927648 78927648 0
12 6562 rs11175577 65264090 1 4.8254373697311515e-5 65264090 65264090 0
12 5369 rs1610791 52810246 1 4.819466212566836e-5 52810246 52810246 0
12 224 rs1860434 2987574 1 4.756189215621179e-5 2987574 2987574 0
12 551 rs369900 5794219 1 4.736378262006824e-5 5794219 5794219 0
12 7452 rs11179746 74090270 1 -4.639506088622004e-5 74090270 74090270 0
12 12943 rs10847899 130022144 1 4.607228044784345e-5 130022144 130022144 0
12 2897 rs7979400 26943416 1 4.488508042963365e-5 26943416 26943416 0
12 4666 rs1551082 45159485 2 4.3662978000710286e-5 45159485 45159485 0
12 10630 rs980535 106388534 1 4.254073609477153e-5 106388534 106388534 0
12 5304 rs6580870 52631313 2 -4.245398947824773e-5 52631313 52631313 0
12 8574 rs2130177 87220089 1 4.075328023804766e-5 87220089 87220089 0
12 1584 rs10772921 16467696 1 -3.964377540172333e-5 16467696 16467696 0
12 9829 rs11615348 99769192 1 3.8422082735064824e-5 99769192 99769192 0
12 3936 rs10876078 39177405 1 3.827987428945905e-5 39177405 39177405 0
12 12872 rs11060202 129693530 1 3.74430550408116e-5 129693530 129693530 0
12 8576 rs11104117 87225050 1 3.55409697849988e-5 87225050 87225050 0
12 6800 rs1161178 67822732 1 -3.4632737686582273e-5 67822732 67822732 0
12 12228 rs11057405 122781897 1 -3.4483996276791935e-5 122781897 122781897 0
12 8116 rs1921045 81714932 1 3.4332219754404814e-5 81714932 81714932 0
12 12797 rs2398431 129248386 1 -3.430129745641402e-5 129248386 129248386 0
12 12066 rs12426170 121113588 1 -3.408943781816357e-5 121113588 121113588 0
12 11566 rs7979538 115852376 1 -3.3197304943419095e-5 115852376 115852376 0
12 7603 rs10879954 76052406 1 -3.249401493107556e-5 76052406 76052406 0
12 8405 rs12309527 84452099 1 -3.164690943926997e-5 84452099 84452099 0
12 13210 rs7956521 131975369 1 3.084956895697779e-5 131975369 131975369 0
12 10730 rs7304198 107775314 1 -2.987956478195495e-5 107775314 107775314 0
12 9056 rs4619191 93265079 1 -2.8857641899204537e-5 93265079 93265079 0
12 677 ss1388032197 7262154 1 -2.8829054053955252e-5 7262154 7262154 0
12 12335 rs2880081 124620047 1 -2.8786240902183772e-5 124620047 124620047 0
12 4812 rs180426 47173662 1 2.830738405814808e-5 47173662 47173662 0
12 4779 rs7980222 46618862 1 -2.788972988776441e-5 46618862 46618862 0
12 5866 rs11613352 57792580 2 -2.498938301848699e-5 57792580 57792580 0
12 11960 rs11064694 119621181 1 -2.481719554857188e-5 119621181 119621181 0
12 480 rs12423406 5244645 1 2.3777909792777847e-5 5244645 5244645 0
12 8480 rs12230144 85212015 2 2.3355988424940768e-5 85212015 85212015 0
12 7224 rs7958456 71173080 1 -2.325338797868199e-5 71173080 71173080 0
12 2986 rs10842925 27664862 1 -2.319442539746563e-5 27664862 27664862 0
12 60 rs1563619 832925 1 -2.236395996159249e-5 832925 832925 0
12 10106 rs4764679 102315925 1 2.21771502531153e-5 102315925 102315925 0
12 11704 rs11611974 117033944 2 2.195501233114505e-5 117033944 117033944 0
12 1311 rs879112 13410141 1 -2.172391480826719e-5 13410141 13410141 0
12 11419 rs933741 114861719 1 2.058268251369992e-5 114861719 114861719 0
12 7811 rs1402318 78229636 1 -2.044036011217552e-5 78229636 78229636 0
12 5387 rs4761901 52867625 1 -1.917251322415204e-5 52867625 52867625 0
12 10069 rs825097 102015901 1 1.890292853479851e-5 102015901 102015901 0
12 10031 rs10467013 101647847 1 -1.8687188113902e-5 101647847 101647847 0
12 10276 rs12229276 104204771 2 1.82311890577478e-5 104204771 104204771 0
12 4013 rs11174362 40328301 1 1.683226762995841e-5 40328301 40328301 0
12 3506 rs35083 31139301 1 -1.637278650464989e-5 31139301 31139301 0
12 494 rs6489611 5308806 1 -1.559965748366628e-5 5308806 5308806 0
12 7654 rs17116093 76399611 1 1.5504471145737786e-5 76399611 76399611 0
12 12548 rs961619 126736835 1 -1.4323800674916167e-5 126736835 126736835 0
12 9586 rs983679 97494701 1 1.3996781391733505e-5 97494701 97494701 0
12 4484 rs11181634 43069303 2 1.333443488934306e-5 43069303 43069303 0
12 2117 rs2082518 21054918 1 1.3164995698781646e-5 21054918 21054918 0
12 2452 rs10505891 23677922 1 1.302887297461455e-5 23677922 23677922 0
12 4858 rs832723 47613284 1 -1.2773842515466551e-5 47613284 47613284 0
12 8706 rs7972776 89637947 1 1.20719878345632e-5 89637947 89637947 0
12 11734 rs11068296 117467372 1 1.204919587700214e-5 117467372 117467372 0
12 8968 rs7977912 92563472 1 -1.1376106647970973e-5 92563472 92563472 0
12 8587 rs2897395 87305820 1 -1.0554506826570891e-5 87305820 87305820 0
12 12169 rs11043312 122092181 1 -9.38603221684189e-6 122092181 122092181 0
12 10527 rs4964366 105787700 1 8.570801849111578e-6 105787700 105787700 0
12 11829 rs5745873 118465820 1 6.160097744333512e-6 118465820 118465820 0
12 3129 rs17530372 28790240 1 -5.17816078476376e-6 28790240 28790240 0
12 11120 rs7310545 112443960 1 4.457529875245846e-6 112443960 112443960 0
12 8022 rs1920446 81063347 1 -4.454782091923784e-6 81063347 81063347 0
12 863 ss1388099688 9433057 1 -3.717018920469027e-6 9433057 9433057 0
12 12213 rs11043286 122448434 1 -2.3419886174324005e-6 122448434 122448434 0
12 6020 rs7952875 59507893 1 -1.881834208395404e-6 59507893 59507893 0
12 886 ss1388110368 9812714 1 1.7931203466704174e-6 9812714 9812714 0
12 3740 rs7962152 32779690 1 1.1784794621267223e-6 32779690 32779690 0
12 21 rs12303118 415056 1 1.0720632387638544e-6 415056 415056 0
12 7606 rs7969436 76089193 1 -8.256275448214871e-7 76089193 76089193 0
12 7994 rs4489813 80853265 1 4.931941570269999e-7 80853265 80853265 0
12 9383 rs7304754 95953758 1 1.0219397952301634e-15 95953758 95953758 0
12 8886 rs11105975 91479154 1 8.545295273170263e-16 91479154 91479154 0
12 5305 rs1902768 52631607 1 3.1608425560849035e-16 52631607 52631607 0
12 2680 rs1038712 25586579 1 1.5570630270121652e-16 25586579 25586579 0
12 250 rs10848825 3325815 1 5.471521250618751e-17 3325815 3325815 0
12 10107 rs4764682 102316021 1 2.962878488672129e-17 102316021 102316021 0
