CHR Group SNP.lead BP.lead Size W BP.min BP.max BP.width
1 5594 rs3790566 67814440 1 0.1909644420174907 67814440 67814440 0
1 11315 rs3761959 157669278 1 0.0484254464682224 157669278 157669278 0
1 5597 rs3828069 67839573 1 0.04835107186175917 67839573 67839573 0
1 18140 rs2036775 229377038 2 0.03882788729730789 229377038 229377038 0
1 1579 rs1416819 20193622 1 -0.03746150232009233 20193622 20193622 0
1 10277 rs10924106 117053745 1 0.03533640585815657 117053745 117053745 0
1 14879 rs2488401 197702401 1 0.03242666459859728 197702401 197702401 0
1 15201 rs3767498 201020727 1 0.03197928576101201 201020727 201020727 0
1 2226 rs11247963 26855401 1 0.03098797607519175 26855401 26855401 0
1 15796 rs3024505 206939904 1 0.02843208316448289 206939904 206939904 0
1 5601 rs11209063 67855142 1 0.02830962115563274 67855142 67855142 0
1 14887 rs12134279 197781198 1 0.0263471842867571 197781198 197781198 0
1 1979 rs12401982 24372971 1 0.02573397137975914 24372971 24372971 0
1 15725 rs823154 205762406 1 -0.02476909745558929 205762406 205762406 0
1 8789 rs1543421 101315934 1 0.02446328583983019 101315934 101315934 0
1 16137 rs2272866 209929453 1 0.02404372138281881 209929453 209929453 0
1 11309 rs10908583 157641683 2 -0.02389847499078681 157641683 157641683 0
1 12029 rs12047873 164175199 1 -0.02373828278850007 164175199 164175199 0
1 11056 rs4240872 154436195 1 0.02370374483447942 154436195 154436195 0
1 13426 rs6680476 178676965 1 0.02324292584610639 178676965 178676965 0
1 2992 rs883220 38616871 2 -0.02265482413149295 38616871 38616871 0
1 11628 rs528095 160738146 1 0.0210347905675882 160738146 160738146 0
1 11219 rs822431 156902281 1 -0.02067956170069749 156902281 156902281 0
1 1411 rs2743208 19017855 1 0.01964140561175224 19017855 19017855 0
1 18772 rs10797557 234754829 1 0.01959270781391146 234754829 234754829 0
1 4098 rs4927084 54760066 2 0.01939937629368244 54760066 54760066 0
1 10012 rs2476601 114377568 1 0.01929430477693736 114377568 114377568 0
1 2012 rs4649203 24519920 1 -0.01825120590783863 24519920 24519920 0
1 15718 rs1772145 205695695 1 0.01764659722621549 205695695 205695695 0
1 5262 rs12409333 65417839 1 0.0174462883136552 65417839 65417839 0
1 9480 rs12039852 109075236 1 0.01744171011671434 109075236 109075236 0
1 14885 rs1539414 197743506 1 -0.01712165683240265 197743506 197743506 0
1 58 rs2493292 3328659 1 -0.01684123712095793 3328659 3328659 0
1 16200 rs17757020 210396557 1 -0.01672929625045137 210396557 210396557 0
1 2547 rs4949294 31235936 1 0.01660370269778403 31235936 31235936 0
1 17758 rs3949347 225582816 1 0.01645736560353239 225582816 225582816 0
1 5521 rs2991356 67305306 1 0.01644898965535231 67305306 67305306 0
1 19586 rs9943068 242946169 2 0.01643887614090827 242946169 242946169 0
1 17178 rs601175 219141960 1 0.01623020328432806 219141960 219141960 0
1 679 rs2480777 10597551 2 0.01596296959874429 10597551 10597551 0
1 954 rs10928056 14585648 1 -0.01567849107286297 14585648 14585648 0
1 15184 rs11584383 200935866 1 0.01554102622604477 200935866 200935866 0
1 7945 rs11164854 93443043 1 -0.01545823771861275 93443043 93443043 0
1 3921 rs11205983 53102133 1 0.01521594379379933 53102133 53102133 0
1 19696 rs6688788 244801873 1 -0.01514630760448034 244801873 244801873 0
1 11473 rs9887904 158978596 1 -0.01498154710390913 158978596 158978596 0
1 13848 rs10911269 183134719 1 0.01496706783505829 183134719 183134719 0
1 16766 rs4655420 215884095 1 -0.01476704559368482 215884095 215884095 0
1 16599 rs340839 214161820 2 -0.0145832402961811 214161820 214161820 0
1 19947 rs61730460 247267269 1 -0.01458048950256253 247267269 247267269 0
1 1837 rs7552560 22547290 1 -0.01439184528176342 22547290 22547290 0
1 9643 rs4839417 111018598 1 0.01432956711708495 111018598 111018598 0
1 2543 rs7555715 31183812 1 0.01426932006632606 31183812 31183812 0
1 13822 rs1758779 182616136 1 -0.01393524039524159 182616136 182616136 0
1 11608 rs6427528 160516308 1 0.01389163487752576 160516308 160516308 0
1 8306 rs321270 96457002 1 -0.01379591004043759 96457002 96457002 0
1 10678 rs1390510 147031323 1 0.01378104827134523 147031323 147031323 0
1 1018 rs6667220 15347640 2 -0.01352255723181086 15347640 15347640 0
1 2857 rs727005 36281336 1 0.01349357251061759 36281336 36281336 0
1 2109 rs12403541 25382556 2 -0.01348908817512977 25382556 25382556 0
1 5402 rs17451451 66388153 1 0.01348855409630991 66388153 66388153 0
1 13036 rs844648 173223863 1 -0.01342604618817975 173223863 173223863 0
1 17299 rs4240926 219983926 2 0.0132446850094019 219983926 219983926 0
1 16502 rs3123537 212811947 1 0.0132070944793543 212811947 212811947 0
1 2074 rs6681012 25188064 1 -0.0128899027436684 25188064 25188064 0
1 54 rs6670328 3219950 2 -0.01286551030016993 3219950 3219950 0
1 13030 rs16845543 173153468 1 0.0127895405531226 173153468 173153468 0
1 15797 rs3024493 206943968 1 0.01260775418452964 206943968 206943968 0
1 17653 rs6698799 224806555 1 0.01224947205889763 224806555 224806555 0
1 5583 rs41313262 67705900 1 0.0122321422693607 67705900 67705900 0
1 19 rs10752747 2524915 2 -0.01215167679503385 2524915 2524915 0
1 17470 rs10863652 221923042 1 0.01206100295247489 221923042 221923042 0
1 10775 rs61751620 151015564 1 -0.01201380375298696 151015564 151015564 0
1 18586 rs6687497 233279256 1 0.01200223561546145 233279256 233279256 0
1 10216 rs10923633 116391331 2 0.01192492326912462 116391331 116391331 0
1 813 rs630542 12206866 1 -0.01191337265046198 12206866 12206866 0
1 1552 rs3748748 20018195 1 0.01173319125430374 20018195 20018195 0
1 6720 rs17103753 80270404 2 -0.01163879545065107 80270404 80270404 0
1 17778 rs17504298 225883399 1 -0.01150600965275972 225883399 225883399 0
1 14577 rs2816316 192536813 1 0.0113855097728028 192536813 192536813 0
1 16895 rs12089054 216800699 1 0.01126237445958302 216800699 216800699 0
1 1434 rs2024727 19274525 1 -0.01116005583284615 19274525 19274525 0
1 7446 rs1882753 86965419 1 0.01115285671988932 86965419 86965419 0
1 15828 rs11120211 207276379 2 0.0110095849574781 207276379 207276379 0
1 1624 rs10916761 20637374 1 0.01095627699405165 20637374 20637374 0
1 19916 rs1691255 247065472 1 0.0107478590460459 247065472 247065472 0
1 7979 rs2893248 94160787 1 0.01074005501249821 94160787 94160787 0
1 3192 rs12067645 41425864 1 0.01073872940001936 41425864 41425864 0
1 8689 rs2640911 100331265 2 0.01067383397164063 100331265 100331265 0
1 12713 rs7517657 170237860 1 -0.01042630043056883 170237860 170237860 0
1 345 rs1890191 5887140 1 0.01037993176379406 5887140 5887140 0
1 6302 rs5745343 76273805 1 0.01029916852632984 76273805 76273805 0
1 4198 rs207154 55781281 1 -0.01020083101085996 55781281 55781281 0
1 7792 rs164898 91569689 1 0.01019039543909351 91569689 91569689 0
1 8035 rs497511 94523113 2 -0.01006077123772879 94523113 94523113 0
1 10747 rs10305751 150783458 1 0.01002655767997641 150783458 150783458 0
1 1830 rs2807348 22533106 1 -0.00998955417957274 22533106 22533106 0
1 9754 rs10494129 111787072 1 0.00989338566801264 111787072 111787072 0
1 17504 rs7520693 222084135 1 0.00976412730239796 222084135 222084135 0
1 9583 rs17025223 110490341 1 -0.0097024938245875 110490341 110490341 0
1 2034 rs6670829 24751920 1 -0.00964928855454698 24751920 24751920 0
1 16784 rs12141500 215921956 1 -0.00964685586466414 215921956 215921956 0
1 15225 rs11804558 201176651 1 -0.00963305023869507 201176651 201176651 0
1 11914 rs16847292 162944464 1 -0.00953053632538636 162944464 162944464 0
1 15175 rs7554511 200877562 2 0.00952226850671119 200877562 200877562 0
1 2115 rs11588172 25421990 1 0.0093423981415569 25421990 25421990 0
1 2986 rs11210870 38449910 1 0.00922547200795778 38449910 38449910 0
1 16210 rs587203 210463786 1 0.00915924686377576 210463786 210463786 0
1 11213 rs2644623 156862126 2 0.00914934912608331 156862126 156862126 0
1 4697 rs1470407 59714992 2 -0.00910999889819362 59714992 59714992 0
1 4258 rs6684790 56068326 2 0.00908191233643118 56068326 56068326 0
1 10281 rs2300747 117104215 1 0.00904574919338554 117104215 117104215 0
1 19700 rs12404604 244829280 1 0.00898595499459477 244829280 244829280 0
1 6740 rs159665 80403167 2 0.00891648630641596 80403167 80403167 0
1 17063 rs871378 218085255 1 -0.00889342988271476 218085255 218085255 0
1 5 rs2459994 2024064 1 0.00887966808926578 2024064 2024064 0
1 15820 rs291096 207110936 1 0.00872739163039026 207110936 207110936 0
1 1678 rs558946 20935358 1 -0.00869149742889489 20935358 20935358 0
1 14870 rs10494755 197480986 2 0.00858517976329377 197480986 197480986 0
1 2852 rs11264194 36195372 1 -0.00857275107863777 36195372 36195372 0
1 11489 rs3026935 159117690 1 -0.0085482716955103 159117690 159117690 0
1 14894 rs10922306 197823360 1 0.00839629555265806 197823360 197823360 0
1 13575 rs6425606 180071987 1 -0.00838244644668223 180071987 180071987 0
1 14021 rs78444298 184672098 1 0.00836238260809977 184672098 184672098 0
1 6450 rs1004878 77324640 1 0.00827200282809203 77324640 77324640 0
1 573 rs4609454 8991141 2 -0.00825704125063153 8991141 8991141 0
1 14609 rs6694727 193369701 1 0.00822543419169672 193369701 193369701 0
1 10122 rs1627351 115688400 1 -0.0081579925949377 115688400 115688400 0
1 1897 rs17433222 22978646 1 -0.00813067994355304 22978646 22978646 0
1 6115 rs1338654 73857724 1 0.00809400776557978 73857724 73857724 0
1 14578 rs2760530 192538496 2 0.00806497452701971 192538496 192538496 0
1 11087 rs6699043 154913021 1 0.00805822282773674 154913021 154913021 0
1 11892 rs10917640 162881307 1 0.00805066222973216 162881307 162881307 0
1 3801 rs320025 49080074 1 0.00798157908109771 49080074 49080074 0
1 18839 rs35714220 236176845 1 0.00795520777788235 236176845 236176845 0
1 9173 rs2034525 105574256 2 -0.00795263356708254 105574256 105574256 0
1 16598 rs340874 214159256 1 -0.00794570594799756 214159256 214159256 0
1 8774 rs11583008 101085094 1 0.00792160499316042 101085094 101085094 0
1 7072 rs17506890 83267708 1 -0.00784389093915917 83267708 83267708 0
1 606 rs7524046 9307033 1 -0.00783866415076282 9307033 9307033 0
1 16595 rs340840 214127887 1 0.00781080984571719 214127887 214127887 0
1 11239 rs7521824 157102939 1 0.00772721833630053 157102939 157102939 0
1 12486 rs1810467 168413221 1 -0.00769732563124856 168413221 168413221 0
1 20011 rs10802515 247647970 2 -0.00768199393268866 247647970 247647970 0
1 4967 rs41309173 62740264 1 -0.00767477161282026 62740264 62740264 0
1 12582 rs12731646 169090660 1 0.00762117638813321 169090660 169090660 0
1 11335 rs7552600 158029021 1 0.00748239278125409 158029021 158029021 0
1 18787 rs908329 235051501 1 -0.00742494619281757 235051501 235051501 0
1 16204 rs138733991 210415570 1 0.00741513776331795 210415570 210415570 0
1 2564 rs10914251 31510263 1 0.00724327286873957 31510263 31510263 0
1 5250 rs310209 65345616 1 -0.00723969363423489 65345616 65345616 0
1 16431 rs2970582 212080831 1 0.00718770883200988 212080831 212080831 0
1 9249 rs17016826 106687949 1 0.00718531205232426 106687949 106687949 0
1 15770 rs17018890 206634429 1 0.00718346703762676 206634429 206634429 0
1 17326 rs6541127 220401009 2 -0.00715961279414094 220401009 220401009 0
1 12391 rs16859085 167453334 1 0.00715914963942568 167453334 167453334 0
1 2099 rs311426 25358211 1 0.00715536155851145 25358211 25358211 0
1 8102 rs3885983 95110447 1 -0.00713446158269664 95110447 95110447 0
1 12322 rs558843 166634216 1 0.00706512660206619 166634216 166634216 0
1 550 rs301806 8482078 2 0.0069474119835873 8482078 8482078 0
1 16763 rs10864190 215878243 1 -0.00693421207528383 215878243 215878243 0
1 4204 rs207145 55808143 1 -0.00692431327207799 55808143 55808143 0
1 4829 rs11808039 61303553 1 0.00687386677968654 61303553 61303553 0
1 11226 rs7541702 156954433 1 -0.00681095239866886 156954433 156954433 0
1 14096 rs10798035 186050417 1 0.00678273656573117 186050417 186050417 0
1 4355 rs2994548 56790481 1 0.00675103827484818 56790481 56790481 0
1 11765 rs1572495 162099301 1 0.0067394206781497 162099301 162099301 0
1 10832 rs1123855 151747043 1 -0.00673613114120802 151747043 151747043 0
1 19705 rs10927330 244997953 1 0.00673288259439491 244997953 244997953 0
1 2596 rs10798859 31955533 1 -0.00668002044590753 31955533 31955533 0
1 16627 rs6682783 214418139 1 0.00660482317483748 214418139 214418139 0
1 9657 rs1769207 111093653 1 0.00659651942202179 111093653 111093653 0
1 540 rs11589993 8284497 1 0.00653105382546538 8284497 8284497 0
1 10924 rs10888510 152681835 1 0.0065251366994742 152681835 152681835 0
1 14865 rs949571 197313189 1 0.00652310946871884 197313189 197313189 0
1 2905 rs484017 37303737 1 0.00650299379135723 37303737 37303737 0
1 11057 rs2229238 154437896 1 -0.00646809815613526 154437896 154437896 0
1 3529 rs6666806 45466927 1 0.00641372105056232 45466927 45466927 0
1 8932 rs2022858 102608577 1 0.00641227486826185 102608577 102608577 0
1 9935 rs6658555 113098534 1 0.00639447800440536 113098534 113098534 0
1 12672 rs12135726 169824104 1 0.00633110899274379 169824104 169824104 0
1 15715 rs12748961 205676263 1 -0.00629135665613901 205676263 205676263 0
1 15991 rs1499588 208557123 1 -0.00628861777612857 208557123 208557123 0
1 2429 rs267720 30497242 1 -0.00628834703503028 30497242 30497242 0
1 5569 rs2902440 67670916 1 -0.00625547881101388 67670916 67670916 0
1 16043 rs6685924 209149149 1 -0.0061481003120573 209149149 209149149 0
1 13035 rs2205960 173191475 1 0.00609605566402812 173191475 173191475 0
1 5518 rs2133173 67243024 1 -0.00609102213322356 67243024 67243024 0
1 3533 rs4233496 45763650 1 0.00608847028134678 45763650 45763650 0
1 14888 rs6678151 197811282 1 0.00606607240185709 197811282 197811282 0
1 5082 rs10493344 63734114 1 -0.00606302176548801 63734114 63734114 0
1 4033 rs4575030 54024808 2 0.00605309480638027 54024808 54024808 0
1 3815 rs1473455 49210570 1 -0.00604965181317399 49210570 49210570 0
1 53 rs2455135 3219901 1 0.00603952278663304 3219901 3219901 0
1 9058 rs1330408 104546820 2 -0.00600822856038129 104546820 104546820 0
1 19302 rs6679031 240490119 1 0.0060051107294095 240490119 240490119 0
1 369 rs61740145 6531124 2 0.00596168290732296 6531124 6531124 0
1 19358 rs12744536 240977964 2 -0.00595917535519179 240977964 240977964 0
1 11487 rs2814779 159098713 1 0.00595523259830195 159098713 159098713 0
1 11349 rs691314 158183942 1 -0.00594729160149824 158183942 158183942 0
1 10767 rs267733 150958836 1 -0.00593511664896019 150958836 150958836 0
1 17072 rs7546902 218147297 2 -0.00587981251142951 218147297 218147297 0
1 9937 rs6671645 113129128 1 0.0058657086982844 113129128 113129128 0
1 10595 rs11249433 121280613 1 0.00586157599959031 121280613 121280613 0
1 17507 rs12070325 222089789 1 -0.00585800676692442 222089789 222089789 0
1 13773 rs10494545 182200659 1 0.00584693186990008 182200659 182200659 0
1 1392 rs7528206 18807117 1 -0.00580870144683815 18807117 18807117 0
1 5586 rs10889675 67722216 1 -0.00580284115272846 67722216 67722216 0
1 14974 rs6686725 198618707 1 0.0057797740168971 198618707 198618707 0
1 5434 rs12135034 66646184 2 -0.00577236298644173 66646184 66646184 0
1 3685 rs6695969 47927545 1 0.00577085980561335 47927545 47927545 0
1 11547 rs6702567 159517860 1 -0.00576860051389678 159517860 159517860 0
1 609 rs9442562 9367908 1 0.00576775049815025 9367908 9367908 0
1 6187 rs730645 75118172 2 0.00576380424457966 75118172 75118172 0
1 6439 rs1874806 77187595 1 -0.00570800867029341 77187595 77187595 0
1 17840 rs12402078 226355373 1 -0.00570535602870831 226355373 226355373 0
1 12196 rs12065621 165639264 1 0.00567484666746513 165639264 165639264 0
1 18061 rs61730829 228565329 1 0.00557617110262236 228565329 228565329 0
1 19926 rs55762230 247151487 1 -0.00556235906797364 247151487 247151487 0
1 2121 rs742391 25525711 1 0.0055612705862312 25525711 25525711 0
1 15214 rs10753891 201100482 1 -0.00555224263439703 201100482 201100482 0
1 12721 rs6427247 170380480 1 -0.00554336982292124 170380480 170380480 0
1 18262 rs16852189 230805786 1 -0.0054567179516813 230805786 230805786 0
1 10318 rs76902778 117659292 1 -0.00545188425586965 117659292 117659292 0
1 18136 rs342834 229351259 1 0.0054345339529883 229351259 229351259 0
1 2311 rs2486200 29363985 1 -0.00540970289067695 29363985 29363985 0
1 17799 rs2854451 226012614 1 -0.00538333291441366 226012614 226012614 0
1 18311 rs12724252 230914229 1 0.00536262378830068 230914229 230914229 0
1 17813 rs41441645 226034909 1 0.00529836545466348 226034909 226034909 0
1 15206 rs142356235 201046058 1 0.0052893676760116 201046058 201046058 0
1 21 rs10797437 2539006 1 -0.00525177959247248 2539006 2539006 0
1 17629 rs10916585 224503071 1 0.00523650950663982 224503071 224503071 0
1 19366 rs191735 241078810 1 -0.00520692316411748 241078810 241078810 0
1 6498 rs10782648 77880930 1 -0.00519217114363403 77880930 77880930 0
1 8096 rs1772904 95055132 1 -0.00518077378218841 95055132 95055132 0
1 11562 rs2808630 159680868 1 0.0051784079267232 159680868 159680868 0
1 4943 rs17379608 62673365 2 -0.00516772500582744 62673365 62673365 0
1 16625 rs1660368 214407335 1 0.00516579706762448 214407335 214407335 0
1 18548 rs10910594 232831301 1 0.00511149825770646 232831301 232831301 0
1 17902 rs12033364 226965174 1 0.00509978945051874 226965174 226965174 0
1 7855 rs17131552 92224815 1 0.0050790149326828 92224815 92224815 0
1 14097 rs41317489 186092103 1 0.00505465720406133 186092103 186092103 0
1 17832 rs4369199 226280915 1 0.0050508041707082 226280915 226280915 0
1 7820 rs483532 91980447 1 0.0050355825891011 91980447 91980447 0
1 18793 rs10489690 235359879 1 0.004990385080219 235359879 235359879 0
1 5254 rs12563017 65381861 1 0.00497177380848616 65381861 65381861 0
1 3947 rs1288386 53535478 1 -0.00495747142892188 53535478 53535478 0
1 19525 rs10926744 242619825 2 -0.00491901430201138 242619825 242619825 0
1 18569 rs41304133 233121884 1 0.00490766430575458 233121884 233121884 0
1 3752 rs2073293 48570133 1 0.00488709007220869 48570133 48570133 0
1 19703 rs2365958 244921530 1 0.00486295268380944 244921530 244921530 0
1 18392 rs480902 231531627 1 -0.00483879772865032 231531627 231531627 0
1 12191 rs6681 165619079 1 0.00482799595188076 165619079 165619079 0
1 6082 rs12748679 72644585 1 -0.00480980081852412 72644585 72644585 0
1 9810 rs3393 112042149 1 0.00480728919848707 112042149 112042149 0
1 15192 rs12122721 200984480 1 0.00480376620774426 200984480 200984480 0
1 17743 rs17521900 225516861 1 0.00479355301373098 225516861 225516861 0
1 16125 rs2072941 209811595 1 0.00477755175213429 209811595 209811595 0
1 9569 rs11102001 110299691 1 0.00475702804865044 110299691 110299691 0
1 13932 rs2296713 183909717 1 0.00466899001621368 183909717 183909717 0
1 17029 rs10495060 217727217 1 -0.00465192000845514 217727217 217727217 0
1 16693 rs3748697 214820099 1 0.00463036160838665 214820099 214820099 0
1 17347 rs12032166 220608142 1 0.00462472798555246 220608142 220608142 0
1 9878 rs1373287 112517544 1 -0.00461032670419704 112517544 112517544 0
1 6323 rs1770878 76456329 2 -0.00460792846907304 76456329 76456329 0
1 9190 rs4517399 105700950 1 -0.00458708322707201 105700950 105700950 0
1 537 rs390468 8274018 1 0.00457347302483786 8274018 8274018 0
1 16072 rs2250701 209397138 1 -0.00456687743671674 209397138 209397138 0
1 10831 rs2495396 151744928 1 -0.00456104043343861 151744928 151744928 0
1 9606 rs615204 110759796 1 0.00454790967051199 110759796 110759796 0
1 4117 rs1755588 55044940 1 0.0045455223162406 55044940 55044940 0
1 5003 rs12130333 63191777 1 -0.00453215040385406 63191777 63191777 0
1 2045 rs185511 24857086 1 0.0045110960421641 24857086 24857086 0
1 19503 rs425246 242404260 1 0.00448625714778922 242404260 242404260 0
1 542 rs4301655 8313894 1 -0.004485034911351 8313894 8313894 0
1 16914 rs12048695 216962893 1 0.00447711610065709 216962893 216962893 0
1 14213 rs1938512 187422872 1 -0.00447044346357784 187422872 187422872 0
1 9189 rs4325188 105700935 1 -0.00446183879843441 105700935 105700935 0
1 2331 rs7349137 29569212 2 0.00446094639846372 29569212 29569212 0
1 4670 rs6664131 59396262 1 -0.00444389895276639 59396262 59396262 0
1 259 rs12754637 5023321 1 -0.00441017258820738 5023321 5023321 0
1 42 rs7518255 3086464 2 0.0043904674368877 3086464 3086464 0
1 14911 rs1233827 198043697 1 -0.00438431301521 198043697 198043697 0
1 918 rs7414562 14359780 2 -0.00437664706290649 14359780 14359780 0
1 15702 rs3789461 205588637 1 0.00436524373319311 205588637 205588637 0
1 18342 rs12041215 231098099 1 -0.0043602047175876 231098099 231098099 0
1 9063 rs7552098 104576954 1 0.00434869523145134 104576954 104576954 0
1 17509 rs11118895 222093006 2 -0.00433932600445086 222093006 222093006 0
1 6612 rs17102358 79351342 1 -0.00429554214560099 79351342 79351342 0
1 16070 rs2970556 209377775 1 -0.00428633174103064 209377775 209377775 0
1 34 rs12022429 2919942 1 0.00428222401636676 2919942 2919942 0
1 583 rs12145292 9118596 1 -0.00427427811868387 9118596 9118596 0
1 4727 rs4357555 60161256 1 -0.00427094293458493 60161256 60161256 0
1 19479 rs10926624 242310046 1 -0.00425630845502869 242310046 242310046 0
1 146 rs10915535 4491460 1 0.00424234308031257 4491460 4491460 0
1 13811 rs266511 182497021 1 -0.00421761981519989 182497021 182497021 0
1 14579 rs1323292 192541021 1 0.00419732033990163 192541021 192541021 0
1 7786 rs355644 91504195 1 0.0041937936919418 91504195 91504195 0
1 17505 rs10863667 222087406 1 -0.0041595446719491 222087406 222087406 0
1 17315 rs2647447 220175777 1 0.00415906119938903 220175777 220175777 0
1 15405 rs4950949 202810562 1 0.0041539919514729 202810562 202810562 0
1 18139 rs9435865 229377014 1 -0.00414872920942343 229377014 229377014 0
1 6398 rs315014 77033959 2 0.00414442952811251 77033959 77033959 0
1 719 rs2273346 11090897 1 -0.00414015304668453 11090897 11090897 0
1 5442 rs11208834 66789263 1 -0.00413891647489337 66789263 66789263 0
1 19670 rs3102460 244576717 1 0.0041361829639972 244576717 244576717 0
1 16153 rs17389541 209987172 1 0.00410754161621789 209987172 209987172 0
1 13762 rs1689797 182150978 2 -0.00408943936530021 182150978 182150978 0
1 15615 rs4951161 205020566 1 -0.00406877108227925 205020566 205020566 0
1 6100 rs11209998 73114150 1 0.00406869969894353 73114150 73114150 0
1 15094 rs3790844 200007432 1 -0.00406229217001883 200007432 200007432 0
1 4265 rs10749702 56078416 1 0.00404296260477908 56078416 56078416 0
1 12238 rs4074017 166036621 1 0.0040119887414247 166036621 166036621 0
1 44 rs2817146 3133439 1 -0.004005972282268 3133439 3133439 0
1 1754 rs3767150 21894214 2 0.003995295785596 21894214 21894214 0
1 16901 rs2211118 216864218 2 -0.00396418599289762 216864218 216864218 0
1 344 rs9308476 5880466 1 0.00396068413816595 5880466 5880466 0
1 2595 rs12132682 31955089 1 -0.00395209573309266 31955089 31955089 0
1 9877 rs3008538 112506564 1 0.00391917439802773 112506564 112506564 0
1 3615 rs837401 47265677 1 -0.00391443945017461 47265677 47265677 0
1 22 rs10797440 2541269 1 -0.0038915815949428 2541269 2541269 0
1 10536 rs6678854 119729171 1 -0.00388527306055846 119729171 119729171 0
1 17849 rs11800726 226523560 1 0.00386532731372764 226523560 226523560 0
1 9130 rs17021671 105083405 1 0.00382625706668645 105083405 105083405 0
1 4809 rs7551820 61098227 1 -0.00381980695260051 61098227 61098227 0
1 5589 rs12568764 67740835 2 0.00381255221566262 67740835 67740835 0
1 16060 rs6685963 209222499 1 0.00378759928089796 209222499 209222499 0
1 8152 rs10493881 95428051 1 0.00378756838109595 95428051 95428051 0
1 10035 rs950779 114602971 1 -0.00376848661442079 114602971 114602971 0
1 7090 rs12132477 83520031 1 -0.00376694968008319 83520031 83520031 0
1 17630 rs6426110 224511533 1 0.0037484020321626 224511533 224511533 0
1 17340 rs12754802 220539533 1 0.00371722658080626 220539533 220539533 0
1 15455 rs2494295 203218176 2 0.00371007662068109 203218176 203218176 0
1 936 rs17353931 14476490 1 -0.00370578063692507 14476490 14476490 0
1 3171 rs11208727 41170670 1 0.00368710953415368 41170670 41170670 0
1 1751 rs1780327 21882820 1 -0.00368111357624527 21882820 21882820 0
1 3202 rs6685340 41552300 2 0.00366670460202107 41552300 41552300 0
1 5306 rs6677968 65776702 1 -0.0036573253321099 65776702 65776702 0
1 18 rs734999 2513216 1 0.00365469406849708 2513216 2513216 0
1 3146 rs41301076 40960619 1 0.00365052723480923 40960619 40960619 0
1 10480 rs1779416 119453869 1 0.0036483438173644 119453869 119453869 0
1 14854 rs41299623 197073196 1 0.00364059266303563 197073196 197073196 0
1 8950 rs2889234 102742475 2 0.00364017478143963 102742475 102742475 0
1 3095 rs17570439 40324210 1 -0.00363563422016631 40324210 40324210 0
1 8889 rs17426819 102194625 1 -0.00363060680989188 102194625 102194625 0
1 16563 rs1588374 213873500 1 0.00362885348134904 213873500 213873500 0
1 696 rs7514751 10762432 1 0.00362624551283509 10762432 10762432 0
1 13835 rs6681606 182878158 1 0.00362619060692886 182878158 182878158 0
1 6496 rs4949802 77876353 1 -0.00362484983956215 77876353 77876353 0
1 7498 rs17422436 87834794 1 -0.00357809646667462 87834794 87834794 0
1 7499 rs12402858 87845112 1 0.00356213696158035 87845112 87845112 0
1 1110 rs35795032 15986868 2 -0.00356098203658866 15986868 15986868 0
1 3132 rs10889285 40800486 1 0.00355094107836316 40800486 40800486 0
1 940 rs9803674 14490497 1 0.00354397246049999 14490497 14490497 0
1 17006 rs2646811 217476282 1 -0.00354305466944291 217476282 217476282 0
1 9577 rs523213 110372198 1 -0.00352632128307167 110372198 110372198 0
1 16673 rs2807650 214762003 1 0.00351932557579658 214762003 214762003 0
1 13001 rs2859228 172613241 1 0.00349753159766605 172613241 172613241 0
1 6802 rs7529438 80735096 1 0.00349304330259844 80735096 80735096 0
1 17888 rs17522524 226829990 2 -0.00347456522298173 226829990 226829990 0
1 6895 rs1195854 81698720 1 0.00346344452168693 81698720 81698720 0
1 20 rs3748816 2526746 2 0.00345342817088117 2526746 2526746 0
1 11690 rs4077631 161360435 1 -0.00341144131634412 161360435 161360435 0
1 2140 rs35019869 26131638 1 0.00340405699877461 26131638 26131638 0
1 14763 rs10921881 195606741 1 -0.00337100181916777 195606741 195606741 0
1 854 rs3013105 13802325 1 -0.00335810535080038 13802325 13802325 0
1 18621 rs10797465 233633819 1 0.00334892841175582 233633819 233633819 0
1 10440 rs2884876 119153514 1 0.00334667414591234 119153514 119153514 0
1 14700 rs12726603 194642050 1 0.00334095581987125 194642050 194642050 0
1 19922 rs1691230 247107000 1 -0.00333996870039513 247107000 247107000 0
1 17020 rs265120 217592945 1 -0.00333546553490206 217592945 217592945 0
1 9425 rs11185201 108430942 1 -0.00333429198448543 108430942 108430942 0
1 8857 rs1948369 101938561 2 0.00328036629306384 101938561 101938561 0
1 9719 rs2885805 111417915 1 0.0032625917766984 111417915 111417915 0
1 10589 rs2641348 120437884 1 -0.00323652690874717 120437884 120437884 0
1 10820 rs10494267 151553918 1 0.00323536215178986 151553918 151553918 0
1 13567 rs551607 179903031 1 -0.00322009660371689 179903031 179903031 0
1 10529 rs2498500 119673093 1 -0.00320188003575266 119673093 119673093 0
1 9661 rs4839069 111137811 1 0.00319701308449031 111137811 111137811 0
1 2009 rs3893318 24505944 1 -0.00319293876807579 24505944 24505944 0
1 18852 rs16833337 236284300 2 0.00318648469716552 236284300 236284300 0
1 19373 rs10802917 241148960 2 0.00318114080458898 241148960 241148960 0
1 17488 rs4313407 221968779 1 0.00318027790253894 221968779 221968779 0
1 18525 rs3795366 232650750 2 -0.0031672719624366 232650750 232650750 0
1 4595 rs12726314 58792030 1 0.00316082533456937 58792030 58792030 0
1 737 rs10159458 11534053 1 -0.00314562007616462 11534053 11534053 0
1 7752 rs6690040 91061122 1 -0.00313957901489497 91061122 91061122 0
1 14697 rs10801343 194639330 1 0.00313264325066277 194639330 194639330 0
1 1064 rs4644485 15566803 1 0.00312170566116257 15566803 15566803 0
1 18298 rs3790958 230897724 1 -0.00312145151645266 230897724 230897724 0
1 11506 rs10908702 159228378 1 -0.00310760375568186 159228378 159228378 0
1 4516 rs1924267 58247772 1 -0.00310294356320687 58247772 58247772 0
1 15543 rs2942133 204369875 1 0.00307809577270629 204369875 204369875 0
1 7744 rs10922869 90993868 1 0.00304961645130458 90993868 90993868 0
1 18763 rs3951276 234633308 1 0.00304430461540734 234633308 234633308 0
1 7223 rs9724696 85246297 1 0.00301641893559621 85246297 85246297 0
1 14720 rs339567 194842734 2 0.00301599568529279 194842734 194842734 0
1 15729 rs823066 205771173 1 -0.0030074646215293 205771173 205771173 0
1 2955 rs10493078 37909488 1 -0.00300158912058631 37909488 37909488 0
1 8702 rs2769698 100367379 1 -0.00299892149263703 100367379 100367379 0
1 3453 rs660899 44117006 2 -0.0029844516257308 44117006 44117006 0
1 11595 rs7521304 160342015 1 -0.00298416556120936 160342015 160342015 0
1 5256 rs12745769 65393533 1 0.0029793044366432 65393533 65393533 0
1 8238 rs684448 95956363 2 -0.00297397345462895 95956363 95956363 0
1 12746 rs12040328 170755811 1 0.00294838337155208 170755811 170755811 0
1 9012 rs2616009 103409558 1 0.00293175791568485 103409558 103409558 0
1 5796 rs2246312 69711165 1 -0.00292817827887945 69711165 69711165 0
1 14980 rs9803750 198644124 1 0.0029093686972898 198644124 198644124 0
1 7061 rs389112 83172684 2 0.00290860450253561 83172684 83172684 0
1 16157 rs11584081 209997448 2 -0.0029000128154721 209997448 209997448 0
1 2529 rs544789 31083478 1 0.0028943380318448 31083478 31083478 0
1 3813 rs1484406 49190234 1 0.00289291450307481 49190234 49190234 0
1 9690 rs343791 111301623 2 -0.002890414224057 111301623 111301623 0
1 11321 rs6427405 157840353 1 -0.00288587355892303 157840353 157840353 0
1 2338 rs6657309 29743408 1 -0.00288524521844114 29743408 29743408 0
1 6714 rs1949779 80255867 1 -0.00287902955804935 80255867 80255867 0
1 11313 rs7549100 157657842 1 -0.00287064102878515 157657842 157657842 0
1 1330 rs4920428 18425601 2 0.00285796504973645 18425601 18425601 0
1 8108 rs1027307 95173343 1 0.0028559351067049 95173343 95173343 0
1 19299 rs12047316 240484517 1 0.00285388092951411 240484517 240484517 0
1 15446 rs946261 203157873 1 0.00285016317566392 203157873 203157873 0
1 1842 rs1033455 22554625 1 -0.0028464903785188 22554625 22554625 0
1 13747 rs11802562 182024515 1 -0.00282789874171689 182024515 182024515 0
1 17644 rs1499294 224752508 2 -0.00282746690095111 224752508 224752508 0
1 14781 rs1376803 195866450 1 -0.00280602491872041 195866450 195866450 0
1 6078 rs2821236 72595125 1 -0.00280256486799369 72595125 72595125 0
1 11505 rs3845624 159218266 1 0.00279909251628085 159218266 159218266 0
1 10280 rs1335532 117100957 1 0.00279440650967201 117100957 117100957 0
1 16623 rs1795065 214405194 1 0.00277194594399111 214405194 214405194 0
1 2214 rs7532866 26741544 1 0.00277046948542893 26741544 26741544 0
1 2734 rs911216 34375199 1 0.00274429193925695 34375199 34375199 0
1 9664 rs3887820 111148080 1 0.00272715814763383 111148080 111148080 0
1 8938 rs3008763 102647938 1 -0.00271772634985513 102647938 102647938 0
1 17314 rs2647468 220168633 1 0.00269679474083301 220168633 220168633 0
1 12153 rs10489743 165353548 1 0.00268482550733865 165353548 165353548 0
1 10763 rs267738 150940625 2 0.00268418803165482 150940625 150940625 0
1 12351 rs7545911 166947681 1 -0.00268290141843472 166947681 166947681 0
1 13650 rs11582767 181126503 1 -0.00267740674290077 181126503 181126503 0
1 18212 rs12746891 230523609 2 -0.00267511500824719 230523609 230523609 0
1 6307 rs1251272 76289004 1 -0.00266798466776161 76289004 76289004 0
1 12999 rs10912080 172603411 1 -0.00265949560780334 172603411 172603411 0
1 5311 rs12086738 65807412 2 0.0026520192401257 65807412 65807412 0
1 8586 rs4908084 99310398 1 0.00264723667886969 99310398 99310398 0
1 842 rs2489262 12743160 1 -0.0026389885625031 12743160 12743160 0
1 5709 rs12039098 68765106 1 0.00263346747018803 68765106 68765106 0
1 133 rs7418714 4446996 1 -0.00261554210414784 4446996 4446996 0
1 12168 rs10918196 165448157 1 0.00261301735576215 165448157 165448157 0
1 18863 rs10924790 236389999 1 -0.00260137582095062 236389999 236389999 0
1 18790 rs908319 235062181 1 0.00258767677935699 235062181 235062181 0
1 13060 rs7314 173457599 1 -0.00258227683625518 173457599 173457599 0
1 16601 rs1228534 214322247 1 0.00257757396716998 214322247 214322247 0
1 15461 rs871850 203253226 1 -0.00255102888794165 203253226 203253226 0
1 12500 rs6662401 168553057 1 0.00254806062892923 168553057 168553057 0
1 18898 rs4659695 236796979 1 0.00254496599185972 236796979 236796979 0
1 8627 rs12409296 99853467 1 0.00252989622881565 99853467 99853467 0
1 6538 rs6666954 78578177 1 -0.00252933889799445 78578177 78578177 0
1 13615 rs4651067 180494062 2 -0.00251154959085863 180494062 180494062 0
1 15052 rs945877 199519005 1 -0.00250972143006708 199519005 199519005 0
1 1135 rs904910 16200163 1 0.0024923262124993 16200163 16200163 0
1 8026 rs945067 94477893 1 -0.00248732527145374 94477893 94477893 0
1 13680 rs9803794 181309400 1 -0.0024737019732428 181309400 181309400 0
1 13896 rs3754515 183562782 2 -0.00247181931861194 183562782 183562782 0
1 12297 rs1583978 166551300 1 -0.00246142559605121 166551300 166551300 0
1 7692 rs1329644 90575147 1 0.00245878775181031 90575147 90575147 0
1 15273 rs10800775 201336386 1 0.00245521440562293 201336386 201336386 0
1 16578 rs11120217 213978359 1 -0.00243431456130011 213978359 213978359 0
1 10573 rs12030925 120247782 2 -0.00243041196351927 120247782 120247782 0
1 7853 rs10493860 92212703 2 -0.00241814570141947 92212703 92212703 0
1 19690 rs7540302 244775026 1 -0.00241665305252196 244775026 244775026 0
1 12566 rs1033806 168952479 1 -0.00241249098909411 168952479 168952479 0
1 3301 rs343376 42693597 1 0.00241192993406114 42693597 42693597 0
1 3247 rs12141084 42117737 1 0.00241043708924098 42117737 42117737 0
1 17462 rs11118771 221773994 1 -0.00240791737659745 221773994 221773994 0
1 19273 rs12562593 240360119 1 -0.00240610041826804 240360119 240360119 0
1 2842 rs11263859 35428428 1 -0.00240022361183955 35428428 35428428 0
1 383 rs41278034 6698390 1 -0.00239811639846351 6698390 6698390 0
1 2329 rs2503011 29558468 1 0.0023929979293002 29558468 29558468 0
1 17521 rs2378497 222195002 1 -0.00239276457386969 222195002 222195002 0
1 3631 rs3766198 47281780 1 0.00238880934671688 47281780 47281780 0
1 12827 rs17350523 171217445 1 -0.00238761515192805 171217445 171217445 0
1 15143 rs4504918 200557767 1 -0.00238500224488666 200557767 200557767 0
1 10326 rs12046117 117751365 1 -0.00238156592874457 117751365 117751365 0
1 10207 rs4074536 116310967 1 0.00238155433031323 116310967 116310967 0
1 2555 rs3795433 31413972 1 -0.00237099519185162 31413972 31413972 0
1 9724 rs11102175 111441485 1 0.00234088772045899 111441485 111441485 0
1 18561 rs4649410 232972001 1 0.00232760987097035 232972001 232972001 0
1 1669 rs10916824 20918912 2 -0.00231782275120798 20918912 20918912 0
1 9671 rs11102140 111172413 1 -0.00231493648597999 111172413 111172413 0
1 13034 rs10489267 173170152 1 0.00230669250659687 173170152 173170152 0
1 10835 rs12409493 151773167 1 -0.00230082593708123 151773167 151773167 0
1 11868 rs1912453 162821291 1 0.00230012528655792 162821291 162821291 0
1 15694 rs6681714 205468289 1 -0.00227801385731788 205468289 205468289 0
1 11896 rs4403607 162887988 1 0.00227462039129353 162887988 162887988 0
1 11351 rs3181029 158219965 1 0.00227449127862236 158219965 158219965 0
1 1538 rs1320978 19947973 1 0.00227362237582484 19947973 19947973 0
1 205 rs12122754 4698559 1 -0.00226740647394812 4698559 4698559 0
1 18781 rs4626924 234909298 2 -0.00225657980309846 234909298 234909298 0
1 18247 rs853459 230725824 1 -0.00224503264061482 230725824 230725824 0
1 8636 rs6656134 100017701 1 0.00223809827659437 100017701 100017701 0
1 19634 rs692981 244165607 1 -0.00222768829527049 244165607 244165607 0
1 7192 rs11163983 84955233 1 -0.00222524996872542 84955233 84955233 0
1 3241 rs17363834 42076607 1 0.00220444742695868 42076607 42076607 0
1 11170 rs2296373 156386787 2 -0.00219982435103041 156386787 156386787 0
1 11677 rs11584174 161212453 1 -0.0021979259327314 161212453 161212453 0
1 9742 rs11102208 111610738 1 0.00218100866431595 111610738 111610738 0
1 14268 rs1548796 187831735 1 -0.00218049475930351 187831735 187831735 0
1 3105 rs12118846 40553444 1 0.00218001900623982 40553444 40553444 0
1 15979 rs2801193 208425671 2 -0.00216429154062381 208425671 208425671 0
1 14125 rs7542810 186532231 1 -0.00215109018324717 186532231 186532231 0
1 2833 rs17473524 35170315 1 -0.00213241822495322 35170315 35170315 0
1 3025 rs4284229 38850304 2 -0.00212965502534383 38850304 38850304 0
1 5087 rs12407262 63820276 1 -0.00211859073908813 63820276 63820276 0
1 10599 rs4636400 145444556 1 0.00211706553861698 145444556 145444556 0
1 17520 rs2800860 222183226 2 -0.00211688837062382 222183226 222183226 0
1 6657 rs6665036 79866210 1 -0.00211489271386963 79866210 79866210 0
1 16621 rs1147673 214402313 1 0.00211231575677507 214402313 214402313 0
1 17801 rs3753659 226012717 1 0.00211222503426058 226012717 226012717 0
1 6897 rs11163216 81702178 1 -0.0021022935713981 81702178 81702178 0
1 18741 rs628407 234432465 1 0.00210158317477243 234432465 234432465 0
1 13414 rs10913588 178618316 1 0.00209971777526263 178618316 178618316 0
1 13810 rs7535533 182496829 1 -0.00209897356500535 182496829 182496829 0
1 8693 rs3736295 100342227 1 -0.00209222467738156 100342227 100342227 0
1 2348 rs927727 29793205 1 0.0020821063385537 29793205 29793205 0
1 15139 rs4332382 200531693 1 -0.00208002379014641 200531693 200531693 0
1 8628 rs6695717 99913450 1 0.00207062197144692 99913450 99913450 0
1 5756 rs12406361 69045273 1 -0.00206924531241554 69045273 69045273 0
1 2834 rs17473573 35170887 1 -0.0020672441104319598 35170887 35170887 0
1 7928 rs4294424 93139374 1 -0.00206657169911316 93139374 93139374 0
1 13823 rs10797788 182623509 1 0.00205895497314768 182623509 182623509 0
1 6137 rs12145301 74170796 1 0.00205255955464441 74170796 74170796 0
1 13806 rs497915 182406654 1 -0.00205253140554448 182406654 182406654 0
1 7331 rs530006 85913508 1 0.00205233964420304 85913508 85913508 0
1 8616 rs712904 99723764 2 -0.00204323600026958 99723764 99723764 0
1 15706 rs12039255 205609010 1 0.00204093311749865 205609010 205609010 0
1 14982 rs2359952 198656407 2 -0.0020377472947312 198656407 198656407 0
1 15734 rs823082 205786935 1 0.00203245561376954 205786935 205786935 0
1 2877 rs3918003 36931373 1 0.00203200560367489 36931373 36931373 0
1 13653 rs3827706 181160271 2 0.00202880806474663 181160271 181160271 0
1 5312 rs2375699 65808281 1 -0.00202826843822371 65808281 65808281 0
1 8150 rs2148366 95420286 1 0.00202301992586554 95420286 95420286 0
1 9470 rs538717 108739705 1 0.00202032330765072 108739705 108739705 0
1 3224 rs2801962 41878988 2 -0.0020195808918710002 41878988 41878988 0
1 6519 rs17100774 78039216 1 -0.00201646465119732 78039216 78039216 0
1 11292 rs115493285 157485504 1 0.00201536584264473 157485504 157485504 0
1 2707 rs481776 34205859 1 -0.00200922393914075 34205859 34205859 0
1 2888 rs4653210 37074351 1 0.00199968718769882 37074351 37074351 0
1 12692 rs7354854 170126618 1 0.00199633614759321 170126618 170126618 0
1 15281 rs4128458 201355522 1 -0.00199345448520723 201355522 201355522 0
1 6805 rs1776290 80749361 1 0.00199009657140469 80749361 80749361 0
1 17501 rs6604689 222078040 2 -0.00198417344574892 222078040 222078040 0
1 18245 rs11122546 230719896 1 -0.00197883722494063 230719896 230719896 0
1 13138 rs11802001 175290855 1 0.00197565264650507 175290855 175290855 0
1 4853 rs7544358 61733856 1 0.0019747121430844 61733856 61733856 0
1 2346 rs4654349 29781221 2 0.00197408349261579 29781221 29781221 0
1 1003 rs2489772 15244761 1 -0.00197369986816588 15244761 15244761 0
1 4032 rs11206170 54010926 1 0.00196456986940068 54010926 54010926 0
1 12703 rs7518785 170168182 1 -0.00196216458116691 170168182 170168182 0
1 10819 rs41310883 151542176 1 0.00195975553318887 151542176 151542176 0
1 19936 rs12141826 247200639 1 0.00195720382079479 247200639 247200639 0
1 9245 rs587675 106650268 1 0.00194787176377818 106650268 106650268 0
1 2215 rs6683792 26743903 1 -0.00194328803352153 26743903 26743903 0
1 2859 rs3754076 36549157 1 -0.00193840387434973 36549157 36549157 0
1 16365 rs3111229 211363628 1 -0.00193405180072902 211363628 211363628 0
1 616 rs2095904 9447371 2 0.0019284050345301 9447371 9447371 0
1 18121 rs12137005 229216656 1 -0.00192695341575958 229216656 229216656 0
1 11622 rs11265461 160630143 2 -0.00192555931494835 160630143 160630143 0
1 12154 rs283698 165375835 1 0.00192523210696858 165375835 165375835 0
1 852 rs2999878 13786622 2 0.00192364577749554 13786622 13786622 0
1 6905 rs12026119 81759170 1 0.00192277469720992 81759170 81759170 0
1 3304 rs10789416 42737932 1 0.00191740868578463 42737932 42737932 0
1 18113 rs505557 229189441 1 -0.00191189414336911 229189441 229189441 0
1 4842 rs1419336 61477603 1 0.00190929629720142 61477603 61477603 0
1 4034 rs4548383 54027035 1 0.00190714880260189 54027035 54027035 0
1 18372 rs9431660 231311867 1 -0.00189996235718953 231311867 231311867 0
1 9037 rs1406135 103764640 2 0.00189878696074169 103764640 103764640 0
1 14900 rs1909507 197919693 1 -0.00189545521128058 197919693 197919693 0
1 18277 rs2071404 230850940 1 0.00189525341066423 230850940 230850940 0
1 13432 rs16853405 178817723 1 -0.00188631022648417 178817723 178817723 0
1 3029 rs12740005 38858540 1 0.00187906670601104 38858540 38858540 0
1 5648 rs6686101 68304640 1 0.00187315402687882 68304640 68304640 0
1 19651 rs10927137 244288473 1 -0.00186853490201367 244288473 244288473 0
1 16674 rs2807653 214763986 1 0.00186747672283837 214763986 214763986 0
1 9410 rs17019810 108268801 2 0.00186638091343349 108268801 108268801 0
1 10749 rs10305741 150789864 1 0.00185366059638148 150789864 150789864 0
1 18244 rs17658982 230716785 1 -0.00184580501490059 230716785 230716785 0
1 2 rs2649588 1314015 2 0.00184304802663768 1314015 1314015 0
1 19747 rs819876 245555664 1 0.00184296367926675 245555664 245555664 0
1 6785 rs12407709 80589739 1 -0.00184185703827107 80589739 80589739 0
1 9738 rs1418426 111498111 2 -0.00182953622259649 111498111 111498111 0
1 2213 rs17163904 26741106 1 -0.0018187116221899 26741106 26741106 0
1 6281 rs1332783 76092166 1 -0.0018179848710324 76092166 76092166 0
1 9348 rs1335051 107658862 1 -0.0018156139879731 107658862 107658862 0
1 4328 rs778432 56666809 1 -0.00180879851240301 56666809 56666809 0
1 8451 rs7513333 97663530 1 0.00179701566483662 97663530 97663530 0
1 19671 rs12087973 244578462 1 0.00179390871975846 244578462 244578462 0
1 18643 rs780083 233796651 1 -0.00179164901854392 233796651 233796651 0
1 1141 rs848212 16263452 1 -0.00178946380400444 16263452 16263452 0
1 5317 rs10889546 65851759 1 -0.00177845846687771 65851759 65851759 0
1 17172 rs2788271 219117743 1 0.00177795054611885 219117743 219117743 0
1 8470 rs10875076 97837564 1 -0.00177690647519828 97837564 97837564 0
1 18859 rs10924694 236358092 1 -0.00177533737220606 236358092 236358092 0
1 14823 rs10922071 196433870 1 -0.00177425885116914 196433870 196433870 0
1 17205 rs11118275 219497096 1 -0.00175950475750775 219497096 219497096 0
1 3005 rs2480697 38733788 1 0.00175585356557294 38733788 38733788 0
1 19748 rs1173837 245557294 1 -0.00175409030068152 245557294 245557294 0
1 14162 rs10494593 187158671 2 -0.00174970800339181 187158671 187158671 0
1 11191 rs3748570 156640156 1 -0.00174290634229161 156640156 156640156 0
1 2255 rs7531313 27782390 1 0.00174014304198858 27782390 27782390 0
1 15765 rs2483061 206622996 1 -0.00173575452331556 206622996 206622996 0
1 11281 rs3845580 157386936 1 0.0017341845764217 157386936 157386936 0
1 3907 rs17394584 52034812 1 0.00172715052309113 52034812 52034812 0
1 17512 rs2260032 222105479 2 0.00172228437276584 222105479 222105479 0
1 1749 rs10917006 21864206 1 0.00172135976418316 21864206 21864206 0
1 647 rs10492969 10286358 1 -0.00171735595588971 10286358 10286358 0
1 9688 rs343789 111300993 1 0.00171189689682853 111300993 111300993 0
1 17305 rs11118454 220077320 1 0.0017115443870046 220077320 220077320 0
1 11155 rs41265043 156314497 1 0.00170604413248153 156314497 156314497 0
1 2761 rs9425986 34541724 2 0.00170596683736982 34541724 34541724 0
1 5609 rs11209084 67954617 2 -0.00170048153613951 67954617 67954617 0
1 14971 rs16843430 198574902 1 0.0016995997313252 198574902 198574902 0
1 12120 rs10494434 165117237 1 0.00169701449901671 165117237 165117237 0
1 18122 rs12089229 229229775 1 -0.00168312131029248 229229775 229229775 0
1 1408 rs6703076 18934081 1 0.00167935224431284 18934081 18934081 0
1 4600 rs12145683 58817583 1 0.00167323968253833 58817583 58817583 0
1 18792 rs6586361 235119382 1 0.00167230255529099 235119382 235119382 0
1 1180 rs35196193 16577794 1 0.00166864548753257 16577794 16577794 0
1 8294 rs10783028 96370210 1 -0.00166812469964484 96370210 96370210 0
1 7234 rs4907110 85371265 1 -0.00166210444355293 85371265 85371265 0
1 14372 rs815330 190164775 2 -0.00164809002257074 190164775 190164775 0
1 187 rs12080165 4596700 1 0.00163208559512724 4596700 4596700 0
1 15210 rs12079819 201085420 1 -0.00163000754987175 201085420 201085420 0
1 15062 rs17652603 199633712 1 0.00162371619889911 199633712 199633712 0
1 20027 rs6671837 247778888 1 -0.00162117216781637 247778888 247778888 0
1 3981 rs1288338 53628815 1 -0.00161789290286018 53628815 53628815 0
1 12167 rs285419 165440194 1 -0.00161702505964641 165440194 165440194 0
1 16905 rs11572672 216880662 1 -0.00161520950022298 216880662 216880662 0
1 18513 rs1547742 232568041 1 -0.00161504624176512 232568041 232568041 0
1 1965 rs2811946 23902416 2 0.00160915567928768 23902416 23902416 0
1 2847 rs4411101 35571417 2 0.0016074833042802 35571417 35571417 0
1 12397 rs1737498 167499158 1 -0.00160666906455187 167499158 167499158 0
1 4343 rs2096086 56744527 2 0.00160429647478651 56744527 56744527 0
1 8968 rs12060427 102922025 1 -0.00160297548071063 102922025 102922025 0
1 16258 rs12759944 210674600 2 -0.00160276768031453 210674600 210674600 0
1 17457 rs9725646 221685360 1 0.0015962034323353 221685360 221685360 0
1 6434 rs1498365 77149849 1 0.00159596822763446 77149849 77149849 0
1 13591 rs10913945 180169108 1 0.00159356041816924 180169108 180169108 0
1 19331 rs12403071 240620131 1 0.00159274068097043 240620131 240620131 0
1 18645 rs1693210 233800613 1 0.00159011523039297 233800613 233800613 0
1 2861 rs7550047 36567343 1 -0.00158660198506641 36567343 36567343 0
1 13170 rs4570382 175551440 1 -0.00157656465963079 175551440 175551440 0
1 3498 rs6682866 44578764 2 0.00157380675396209 44578764 44578764 0
1 13043 rs1342038 173301516 1 0.00157018583485798 173301516 173301516 0
1 19898 rs6683786 246840223 1 0.00156131708441931 246840223 246840223 0
1 18889 rs653740 236644617 1 -0.00155979792951069 236644617 236644617 0
1 4832 rs7532404 61335153 1 0.00155678470619597 61335153 61335153 0
1 16026 rs17013392 208968409 1 0.00155367593627199 208968409 208968409 0
1 14707 rs2131386 194679220 1 -0.0015481587484166 194679220 194679220 0
1 6827 rs3737936 81006304 1 0.00154469775641989 81006304 81006304 0
1 12386 rs2258497 167408073 1 -0.00154299521169078 167408073 167408073 0
1 8804 rs12727236 101573408 1 0.00153957754279123 101573408 101573408 0
1 2252 rs3813795 27679797 1 -0.00153325819200542 27679797 27679797 0
1 14031 rs12750174 184765000 1 -0.00152979380235504 184765000 184765000 0
1 19210 rs2841037 239934541 1 0.00152562967732519 239934541 239934541 0
1 11571 rs61823162 159785413 2 0.00151996256732427 159785413 159785413 0
1 14934 rs72731918 198225478 1 0.00151931680720257 198225478 198225478 0
1 5523 rs34182923 67327894 1 0.00151816563387162 67327894 67327894 0
1 19078 rs12142622 238476102 1 0.00149791074862496 238476102 238476102 0
1 7829 rs906633 92047004 1 0.00149122525221814 92047004 92047004 0
1 3086 rs6703320 40145297 1 0.00148731426320918 40145297 40145297 0
1 12018 rs16824651 164059430 1 0.00148432040530649 164059430 164059430 0
1 9073 rs12067399 104654614 1 -0.00148378253411417 104654614 104654614 0
1 13765 rs1689800 182168885 1 -0.00147711565919568 182168885 182168885 0
1 17354 rs13376101 220667154 1 0.00146103296032905 220667154 220667154 0
1 8157 rs7527765 95470811 1 0.00145619999098781 95470811 95470811 0
1 16501 rs3122713 212799870 1 0.00145027132796559 212799870 212799870 0
1 10609 rs647596 146535394 2 -0.00144759041126235 146535394 146535394 0
1 4723 rs7540838 60128805 1 -0.00144606278737609 60128805 60128805 0
1 18314 rs12038826 230922951 2 -0.001436442675865 230922951 230922951 0
1 12726 rs12044570 170443579 2 0.00142675630934913 170443579 170443579 0
1 17921 rs10916066 227098588 1 -0.00142555034194879 227098588 227098588 0
1 2799 rs705197 34844836 1 0.00142121689647487 34844836 34844836 0
1 4365 rs1931078 56870834 1 -0.00141932853163716 56870834 56870834 0
1 19546 rs7523794 242733044 1 -0.00141820428373843 242733044 242733044 0
1 14005 rs1339563 184503803 1 0.00141743258075869 184503803 184503803 0
1 16585 rs853750 214044159 1 -0.00141099887854301 214044159 214044159 0
1 2113 rs443523 25403783 1 -0.00140714936874108 25403783 25403783 0
1 9491 rs1149155 109349019 1 0.00140606140895632 109349019 109349019 0
1 18960 rs6661229 237382689 1 -0.00140310809976049 237382689 237382689 0
1 11627 rs518721 160723517 1 0.00139863191143534 160723517 160723517 0
1 11413 rs41273523 158612719 1 0.00138665715273702 158612719 158612719 0
1 13378 rs4147158 177981232 1 0.00138133008417478 177981232 177981232 0
1 2941 rs1569661 37853334 1 -0.00137571968211017 37853334 37853334 0
1 4599 rs6686674 58811791 1 -0.00137347370429785 58811791 58811791 0
1 4435 rs34341631 57489239 1 -0.00136990979977011 57489239 57489239 0
1 15771 rs7549189 206635295 1 0.00136909553251498 206635295 206635295 0
1 4203 rs207150 55806465 1 -0.00136638350696481 55806465 55806465 0
1 19643 rs10927118 244229199 2 0.00136204859408482 244229199 244229199 0
1 4127 rs2117263 55089708 1 -0.00136094160134166 55089708 55089708 0
1 18174 rs6663181 230187526 2 0.00136011199603213 230187526 230187526 0
1 5785 rs1336158 69595467 1 -0.00135747611097906 69595467 69595467 0
1 6559 rs12403399 78659621 1 -0.00135644283789454 78659621 78659621 0
1 4827 rs1877734 61282089 2 -0.00135285925092778 61282089 61282089 0
1 15735 rs823091 205792836 2 -0.00135163094454059 205792836 205792836 0
1 19866 rs12404422 246441421 1 0.00134930813915099 246441421 246441421 0
1 7175 rs11163923 84700766 1 -0.00134926629838022 84700766 84700766 0
1 7168 rs2139931 84590527 1 -0.00134919607132859 84590527 84590527 0
1 10682 rs1344 147119273 1 -0.00134437946390204 147119273 147119273 0
1 610 rs630075 9370911 1 -0.00133852788525817 9370911 9370911 0
1 9256 rs9435409 106781612 1 -0.00133698538011409 106781612 106781612 0
1 18312 rs1933631 230914729 1 -0.00132615438032123 230914729 230914729 0
1 11565 rs11265265 159713556 1 -0.00132448742961026 159713556 159713556 0
1 4313 rs11206704 56444449 1 -0.0013206952317737 56444449 56444449 0
1 7401 rs4631724 86587726 1 -0.00132015679094128 86587726 86587726 0
1 9681 rs343609 111270605 1 0.00130899990175215 111270605 111270605 0
1 18210 rs11806158 230521031 1 0.00130841949742531 230521031 230521031 0
1 1795 rs139500146 22165963 1 0.00130671341261744 22165963 22165963 0
1 6091 rs2613507 72834503 1 0.00130559396045787 72834503 72834503 0
1 11706 rs16856590 161687220 1 0.00130133330525483 161687220 161687220 0
1 8027 rs486879 94478425 2 0.00130016631266677 94478425 94478425 0
1 17531 rs17461806 222584505 1 0.00129393029796179 222584505 222584505 0
1 14599 rs4140450 192845807 2 -0.0012851728901175 192845807 192845807 0
1 18959 rs9730301 237344644 1 -0.00128418092964435 237344644 237344644 0
1 6758 rs6677996 80498496 1 -0.0012772760653899 80498496 80498496 0
1 16626 rs1660370 214408966 1 0.00127363838452529 214408966 214408966 0
1 18117 rs4654644 229200011 1 0.00126997884302624 229200011 229200011 0
1 17748 rs7535953 225534348 1 -0.00126647760338958 225534348 225534348 0
1 8890 rs10874506 102197513 1 -0.00126344471742755 102197513 102197513 0
1 19365 rs390488 241068852 1 -0.00126113215298335 241068852 241068852 0
1 7295 rs17124345 85726103 2 0.00125578685605338 85726103 85726103 0
1 5795 rs4650137 69685100 2 0.00125069939344908 69685100 69685100 0
1 6903 rs17417493 81749474 1 -0.00124935729028977 81749474 81749474 0
1 8775 rs2484535 101107748 1 -0.00124910730051443 101107748 101107748 0
1 20032 rs61730474 247875313 2 -0.00124631397512318 247875313 247875313 0
1 6952 rs9659808 82199372 1 0.00124586701684962 82199372 82199372 0
1 2636 rs680327 32438231 1 -0.00124320915967759 32438231 32438231 0
1 2059 rs4425931 24927001 1 0.00124269915447274 24927001 24927001 0
1 11667 rs5082 161193683 1 0.00124192318402616 161193683 161193683 0
1 19801 rs9660719 246003671 2 0.00124049884709499 246003671 246003671 0
1 330 rs6690868 5701323 1 0.00123911144491477 5701323 5701323 0
1 491 rs707460 7838691 1 0.00123849017929304 7838691 7838691 0
1 10545 rs3820032 119908763 1 -0.00123692364179461 119908763 119908763 0
1 16769 rs4465171 215886975 1 -0.00122849925872742 215886975 215886975 0
1 4001 rs12083302 53803639 1 -0.00122578281290091 53803639 53803639 0
1 11078 rs11264262 154756589 1 -0.00122398178561315 154756589 154756589 0
1 3243 rs6664724 42093821 1 0.00122322911022212 42093821 42093821 0
1 9333 rs4244120 107480854 1 0.00122198126226881 107480854 107480854 0
1 11342 rs980937 158140205 2 0.0012172800272932 158140205 158140205 0
1 18352 rs10864662 231191803 1 0.00121684613005764 231191803 231191803 0
1 1231 rs9803868 17578553 1 -0.00121346716926006 17578553 17578553 0
1 602 rs9434723 9292282 1 -0.00121132095115329 9292282 9292282 0
1 11695 rs4657039 161462728 1 0.00121116130080817 161462728 161462728 0
1 17283 rs10157552 219911743 1 0.00120642860597851 219911743 219911743 0
1 12591 rs1320967 169121811 1 -0.0012031008788155 169121811 169121811 0
1 1605 rs11573238 20406586 1 0.00120248655538823 20406586 20406586 0
1 5561 rs10789224 67605134 1 0.00119764723610826 67605134 67605134 0
1 13868 rs2276879 183273751 2 -0.00119579425093435 183273751 183273751 0
1 14814 rs10801528 196186750 1 -0.00118864042411883 196186750 196186750 0
1 16209 rs689248 210463122 1 0.00117535558525847 210463122 210463122 0
1 11058 rs7514452 154438084 1 0.00117496835922768 154438084 154438084 0
1 18195 rs12757317 230419308 1 0.00117358417535434 230419308 230419308 0
1 3532 rs11211086 45710771 2 -0.00117177273894338 45710771 45710771 0
1 3126 rs6600323 40743727 1 0.00115880744886371 40743727 40743727 0
1 16282 rs6540619 210862656 1 -0.00115867344208358 210862656 210862656 0
1 11238 rs2231856 157095470 1 -0.00115712854965055 157095470 157095470 0
1 18310 rs11122597 230913184 1 0.00115502142580109 230913184 230913184 0
1 17459 rs9730262 221694627 1 -0.00115470101651248 221694627 221694627 0
1 14366 rs1418808 190104227 2 0.00115412559536158 190104227 190104227 0
1 12172 rs285470 165490785 1 0.0011365793738001 165490785 165490785 0
1 17128 rs3009947 218689155 1 -0.00113616819040896 218689155 218689155 0
1 2318 rs12032470 29464954 1 0.00113320286701667 29464954 29464954 0
1 12174 rs422264 165499520 1 0.00112679892174121 165499520 165499520 0
1 10445 rs2360627 119188329 1 0.00111943089444864 119188329 119188329 0
1 5255 rs10889503 65389835 1 0.001119218195172 65389835 65389835 0
1 5854 rs12028771 70272063 1 -0.00111718225605181 70272063 70272063 0
1 8357 rs326910 96851552 1 0.00111675019041016 96851552 96851552 0
1 13797 rs2252483 182333131 1 -0.00110767904174352 182333131 182333131 0
1 880 rs7537478 14192950 1 -0.00110575709776808 14192950 14192950 0
1 7939 rs2774941 93315893 1 -0.00110490755003552 93315893 93315893 0
1 2828 rs12030047 35160305 2 -0.00110452730377839 35160305 35160305 0
1 4686 rs17119044 59655643 1 -0.00110429056844235 59655643 59655643 0
1 16281 rs12141923 210860558 1 -0.00110402111306624 210860558 210860558 0
1 13139 rs7551235 175294275 1 0.00110374398425666 175294275 175294275 0
1 5234 rs11799558 65180463 1 0.00110301068399365 65180463 65180463 0
1 10610 rs750467 146589758 1 -0.00110123346777484 146589758 146589758 0
1 11023 rs2072704 153935543 1 -0.00109773175239451 153935543 153935543 0
1 16902 rs2789725 216872178 1 -0.00108963963982853 216872178 216872178 0
1 9546 rs7355073 110129740 2 0.00108942683023351 110129740 110129740 0
1 8731 rs499479 100612675 1 0.00108802681112804 100612675 100612675 0
1 12350 rs2075982 166929527 1 0.00108766272071104 166929527 166929527 0
1 6647 rs11162631 79572535 1 0.00108745704832445 79572535 79572535 0
1 12074 rs10918063 164720061 1 -0.00108742527115735 164720061 164720061 0
1 2682 rs7531293 33947467 1 -0.00108721386945785 33947467 33947467 0
1 768 rs17367504 11862778 1 -0.00108241205312586 11862778 11862778 0
1 11818 rs2282397 162344102 2 0.00108121204942717 162344102 162344102 0
1 14817 rs12409953 196234932 2 0.00107922631738983 196234932 196234932 0
1 16842 rs1811900 216295719 1 -0.00107718827021931 216295719 216295719 0
1 10890 rs6696556 152430842 1 0.00107648661322291 152430842 152430842 0
1 12745 rs7418292 170744889 2 0.00107356569292352 170744889 170744889 0
1 11334 rs7527735 158023515 1 -0.0010697226802157 158023515 158023515 0
1 18589 rs12033759 233303958 1 -0.00106677627773617 233303958 233303958 0
1 16956 rs10863288 217193687 1 0.00106674933283386 217193687 217193687 0
1 11611 rs11265436 160542567 1 -0.00106653939957721 160542567 160542567 0
1 11716 rs17415066 161710795 1 -0.00106560967875067 161710795 161710795 0
1 3870 rs1110220 50815397 2 -0.00106428085408841 50815397 50815397 0
1 16089 rs11811428 209627342 1 -0.00106124322284641 209627342 209627342 0
1 8806 rs12746449 101589082 1 0.00105775805449768 101589082 101589082 0
1 13462 rs7531307 179302003 1 -0.00105660754397756 179302003 179302003 0
1 15350 rs12724599 202045541 1 -0.0010482928949933 202045541 202045541 0
1 1763 rs2275363 21940555 2 0.0010477482189948 21940555 21940555 0
1 8694 rs3753491 100344394 1 -0.00104325421288157 100344394 100344394 0
1 4781 rs1381888 60667904 1 -0.00104004997023678 60667904 60667904 0
1 13681 rs667586 181372624 1 -0.00103930044326707 181372624 181372624 0
1 2308 rs11581096 29332725 1 -0.00103888616119565 29332725 29332725 0
1 3211 rs2154319 41745770 2 0.00103377014846224 41745770 41745770 0
1 11873 rs2032049 162833401 1 0.00103341267706625 162833401 162833401 0
1 16506 rs2501847 212846338 2 -0.00103329745734168 212846338 212846338 0
1 5243 rs2780820 65309002 1 -0.0010330818208508 65309002 65309002 0
1 9909 rs6537730 112773825 1 -0.00103241499717128 112773825 112773825 0
1 18744 rs642487 234438235 1 -0.0010317591679312 234438235 234438235 0
1 17518 rs7546586 222168464 2 -0.00103067061686857 222168464 222168464 0
1 7835 rs2182425 92112890 1 0.00103054567942241 92112890 92112890 0
1 13745 rs4523491 181999723 1 0.00103036403621948 181999723 181999723 0
1 575 rs4418632 8994112 1 0.00102896854346828 8994112 8994112 0
1 9999 rs61742849 114226143 1 0.00102849933712317 114226143 114226143 0
1 3451 rs11210892 44100084 1 0.00102690320315327 44100084 44100084 0
1 9544 rs12023963 110084827 1 0.001025976850928 110084827 110084827 0
1 6792 rs4375210 80659876 1 0.00101310709857225 80659876 80659876 0
1 2860 rs3767703 36555758 1 0.0010109764257679 36555758 36555758 0
1 13213 rs6656281 175886511 1 -0.0010090884542822 175886511 175886511 0
1 12567 rs2146194 168954614 1 -0.00100741456901997 168954614 168954614 0
1 7008 rs17489092 82755843 1 0.00100594052043333 82755843 82755843 0
1 899 rs16853268 14283444 1 -0.00100328941676333 14283444 14283444 0
1 1030 rs4661579 15465487 1 -0.00100258485459368 15465487 15465487 0
1 4802 rs12404114 60944959 1 -0.00100174436093538 60944959 60944959 0
1 1636 rs1886740 20695831 1 0.00100157700724492 20695831 20695831 0
1 671 rs6667629 10524467 1 -9.95172050208892e-4 10524467 10524467 0
1 11100 rs4246529 155115260 1 -9.945438947604392e-4 155115260 155115260 0
1 17904 rs6659113 226996412 1 9.91642308459701e-4 226996412 226996412 0
1 18635 rs1693224 233739918 1 9.911457217663682e-4 233739918 233739918 0
1 9743 rs1282275 111629571 1 9.884066171539955e-4 111629571 111629571 0
1 7686 rs12095496 90336244 1 -9.878129924926304e-4 90336244 90336244 0
1 19429 rs7540470 241625863 1 9.831189794915875e-4 241625863 241625863 0
1 4398 rs7539051 57042954 2 9.772053878946687e-4 57042954 57042954 0
1 867 rs16852640 13971360 1 -9.693908471881764e-4 13971360 13971360 0
1 2313 rs3003628 29390728 1 9.6828156580126e-4 29390728 29390728 0
1 584 rs765617 9121782 1 -9.681778574338886e-4 9121782 9121782 0
1 16284 rs1538755 210893875 1 9.671096288469916e-4 210893875 210893875 0
1 14198 rs12033946 187348438 1 9.652865577679962e-4 187348438 187348438 0
1 3762 rs1524732 48686096 1 -9.645644859119008e-4 48686096 48686096 0
1 14144 rs28395831 186946869 2 -9.630082685845606e-4 186946869 186946869 0
1 900 rs12118400 14290847 1 9.624380848443958e-4 14290847 14290847 0
1 553 rs4908501 8554471 2 -9.59681115904902e-4 8554471 8554471 0
1 8929 rs12029863 102586209 1 9.586936240537168e-4 102586209 102586209 0
1 10060 rs6537825 114948281 1 -9.57890250072872e-4 114948281 114948281 0
1 2010 rs7524076 24508710 2 -9.563345815688968e-4 24508710 24508710 0
1 16932 rs1436900 217058479 1 9.5629731982354e-4 217058479 217058479 0
1 13010 rs12066143 172814855 1 9.495290826779264e-4 172814855 172814855 0
1 18795 rs7554192 235523067 2 -9.457627461796692e-4 235523067 235523067 0
1 14304 rs4551597 188764543 1 9.44643231117012e-4 188764543 188764543 0
1 10745 rs10888395 150762171 1 9.43107843432162e-4 150762171 150762171 0
1 6942 rs609271 82144781 1 -9.428735271778092e-4 82144781 82144781 0
1 7779 rs1725384 91260076 2 -9.420352421420246e-4 91260076 91260076 0
1 14636 rs990812 193763292 1 9.366106366779268e-4 193763292 193763292 0
1 12691 rs10919307 170118691 1 9.35406556051102e-4 170118691 170118691 0
1 7414 rs12070992 86621256 1 -9.3509309235511e-4 86621256 86621256 0
1 7080 rs876339 83340310 1 -9.34909556589129e-4 83340310 83340310 0
1 11188 rs3795727 156589450 1 -9.348347240230772e-4 156589450 156589450 0
1 5321 rs913199 65871062 1 9.3481105109211e-4 65871062 65871062 0
1 11448 rs2518524 158746336 1 -9.3093571423435e-4 158746336 158746336 0
1 8481 rs7545340 97979726 1 -9.289917092242656e-4 97979726 97979726 0
1 24 rs2377041 2713327 2 9.28958172322432e-4 2713327 2713327 0
1 4197 rs1807871 55780821 1 -9.278872433784236e-4 55780821 55780821 0
1 1627 rs10916769 20662938 1 -9.277084674886372e-4 20662938 20662938 0
1 18826 rs10803141 236066991 1 9.257782743323124e-4 236066991 236066991 0
1 14675 rs2506048 194258816 1 -9.226911928142866e-4 194258816 194258816 0
1 12270 rs12095056 166337053 1 9.22665189564484e-4 166337053 166337053 0
1 15365 rs16849726 202135457 1 -9.206269469197902e-4 202135457 202135457 0
1 15334 rs1390398 201891254 1 9.171084447733853e-4 201891254 201891254 0
1 16065 rs6692331 209256181 1 9.16959371290282e-4 209256181 209256181 0
1 18144 rs35006651 229462625 1 -9.16370623481664e-4 229462625 229462625 0
1 2756 rs3131529 34514486 2 9.161782178133286e-4 34514486 34514486 0
1 19372 rs3911618 241145243 1 -9.141319361059424e-4 241145243 241145243 0
1 18273 rs699 230845794 1 9.129457890930798e-4 230845794 230845794 0
1 9549 rs2301229 110136678 2 -9.123674202592408e-4 110136678 110136678 0
1 17300 rs11118423 219984995 1 -9.06622584105617e-4 219984995 219984995 0
1 18835 rs1041111 236154012 1 -9.03440826047552e-4 236154012 236154012 0
1 10145 rs10858072 115847392 1 8.979957039040853e-4 115847392 115847392 0
1 1506 rs6661421 19755204 1 8.96019546100784e-4 19755204 19755204 0
1 8840 rs7549900 101857117 1 -8.957092443255723e-4 101857117 101857117 0
1 19005 rs10802632 237928221 1 8.930207275436114e-4 237928221 237928221 0
1 10821 rs1891592 151554503 1 -8.894447793076899e-4 151554503 151554503 0
1 8465 rs4264037 97764073 1 8.894380089037153e-4 97764073 97764073 0
1 8987 rs10782899 103155605 1 -8.894059991883171e-4 103155605 103155605 0
1 16187 rs12094311 210369136 1 -8.872502681596094e-4 210369136 210369136 0
1 13377 rs12074053 177974569 1 8.851612147322054e-4 177974569 177974569 0
1 10774 rs955955 151011543 1 8.84146301752772e-4 151011543 151011543 0
1 18881 rs1889069 236554435 1 -8.817700785363526e-4 236554435 236554435 0
1 7623 rs114910977 89473453 1 -8.811925394244816e-4 89473453 89473453 0
1 16544 rs12036568 213636801 1 8.808676464625465e-4 213636801 213636801 0
1 2637 rs680328 32438234 1 8.801996404114578e-4 32438234 32438234 0
1 3613 rs686053 47214785 1 -8.795753100847096e-4 47214785 47214785 0
1 3302 rs608277 42702344 1 8.787004782075446e-4 42702344 42702344 0
1 10602 rs6670984 145561594 1 -8.768836646362528e-4 145561594 145561594 0
1 12353 rs11578336 166958710 1 -8.726963915633244e-4 166958710 166958710 0
1 19288 rs6673167 240448434 2 8.718946928580025e-4 240448434 240448434 0
1 11825 rs34001279 162367103 1 8.675812680948578e-4 162367103 162367103 0
1 5867 rs1327881 70419661 1 -8.671511948646655e-4 70419661 70419661 0
1 3812 rs17104710 49179498 1 -8.648136191036788e-4 49179498 49179498 0
1 385 rs7549198 6709610 1 8.538930030271279e-4 6709610 6709610 0
1 9547 rs7537507 110131105 1 -8.532614287628662e-4 110131105 110131105 0
1 2646 rs34885668 32842319 1 8.530831903362608e-4 32842319 32842319 0
1 13626 rs4652519 180549164 1 8.523735951348777e-4 180549164 180549164 0
1 19856 rs12128836 246349328 2 -8.519221539880934e-4 246349328 246349328 0
1 9669 rs2640492 111170099 1 8.518459213197755e-4 111170099 111170099 0
1 5595 rs3790567 67822377 1 8.506204803475899e-4 67822377 67822377 0
1 19649 rs1981226 244284494 1 -8.447897718082582e-4 244284494 244284494 0
1 2551 rs12756105 31313417 2 -8.413587160763273e-4 31313417 31313417 0
1 2207 rs4354529 26692050 1 -8.398749794237412e-4 26692050 26692050 0
1 17069 rs12404476 218111556 1 -8.368447350056349e-4 218111556 218111556 0
1 16073 rs10863764 209400118 1 -8.306102077951297e-4 209400118 209400118 0
1 6812 rs1549555 80858466 1 8.30392159174221e-4 80858466 80858466 0
1 9685 rs343787 111292003 1 -8.287715472468807e-4 111292003 111292003 0
1 8887 rs2289810 102189250 1 -8.250739867752359e-4 102189250 102189250 0
1 2632 rs7518553 32315147 1 -8.226755299086626e-4 32315147 32315147 0
1 1633 rs2296451 20685997 1 -8.217402044542086e-4 20685997 20685997 0
1 3354 rs10493113 43158510 1 8.217132442318104e-4 43158510 43158510 0
1 11322 rs7524095 157879294 1 8.174564657170222e-4 157879294 157879294 0
1 11338 rs11264900 158045749 1 8.143154478647529e-4 158045749 158045749 0
1 10979 rs957195 153299374 1 8.102730234664703e-4 153299374 153299374 0
1 18137 rs12029314 229352808 1 -8.090347127320743e-4 229352808 229352808 0
1 1131 rs6677321 16149301 1 8.068960858950329e-4 16149301 16149301 0
1 19911 rs4926465 246968455 1 8.004361091498184e-4 246968455 246968455 0
1 4084 rs12095916 54588636 1 8.000056578632787e-4 54588636 54588636 0
1 4673 rs2716145 59478801 1 -7.992226079516776e-4 59478801 59478801 0
1 18286 rs2493151 230878561 1 7.967483478059639e-4 230878561 230878561 0
1 12527 rs12133988 168678324 1 -7.949128589011849e-4 168678324 168678324 0
1 9715 rs6672672 111397090 1 7.923155786244144e-4 111397090 111397090 0
1 16413 rs6670986 211809647 2 7.921453314405937e-4 211809647 211809647 0
1 778 rs198358 11904076 1 -7.908738431478835e-4 11904076 11904076 0
1 14600 rs7514366 192885481 1 -7.900656914774588e-4 192885481 192885481 0
1 3131 rs3737821 40768344 1 7.825338139761714e-4 40768344 40768344 0
1 9839 rs3754026 112283838 1 7.748323787915597e-4 112283838 112283838 0
1 11223 rs16837805 156913449 1 -7.734096275694765e-4 156913449 156913449 0
1 15736 rs823088 205794175 1 7.72930664483282e-4 205794175 205794175 0
1 13120 rs10489328 175113118 1 7.724529238241362e-4 175113118 175113118 0
1 6609 rs12037077 79350364 1 -7.714255774341096e-4 79350364 79350364 0
1 9060 rs12026645 104562381 1 7.697232868912737e-4 104562381 104562381 0
1 2509 rs6673363 30933736 1 7.683761842002845e-4 30933736 30933736 0
1 12015 rs10917900 164033885 1 -7.680030382850551e-4 164033885 164033885 0
1 12014 rs10917897 164031874 1 7.665407826306815e-4 164031874 164031874 0
1 6507 rs3104467 77971047 1 7.616856750122072e-4 77971047 77971047 0
1 19803 rs10924363 246023137 1 -7.612414732154593e-4 246023137 246023137 0
1 15020 rs1325187 199217307 2 7.591697383718223e-4 199217307 199217307 0
1 4487 rs17426429 57920416 1 -7.590474179320554e-4 57920416 57920416 0
1 17514 rs2800853 222111006 1 7.58951168599857e-4 222111006 222111006 0
1 17317 rs114015346 220193423 1 -7.580521348555969e-4 220193423 220193423 0
1 8617 rs12083740 99725220 2 -7.57973011127492e-4 99725220 99725220 0
1 5088 rs7522426 63821329 1 -7.560993392821784e-4 63821329 63821329 0
1 9658 rs6537668 111100562 1 7.557711392422442e-4 111100562 111100562 0
1 1369 rs12566510 18705694 1 -7.544542942337489e-4 18705694 18705694 0
1 11240 rs6427353 157109624 2 7.516540827378103e-4 157109624 157109624 0
1 8928 rs10493977 102581151 1 7.514996937982292e-4 102581151 102581151 0
1 12704 rs17345907 170174046 1 7.51394817877748e-4 170174046 170174046 0
1 6368 rs4949624 76732617 1 7.47097377252084e-4 76732617 76732617 0
1 19482 rs737133 242322870 2 7.435786771247041e-4 242322870 242322870 0
1 18034 rs75280352 228464303 2 7.427037465328876e-4 228464303 228464303 0
1 19330 rs10754705 240613766 1 7.399803727121884e-4 240613766 240613766 0
1 4356 rs12138574 56790773 1 -7.385478636053279e-4 56790773 56790773 0
1 1427 rs7534618 19170078 1 -7.384908461990339e-4 19170078 19170078 0
1 2926 rs10489416 37635504 1 -7.379278394258915e-4 37635504 37635504 0
1 13670 rs2501540 181243896 2 7.378188272313272e-4 181243896 181243896 0
1 1776 rs61749350 22030884 1 7.355508064093816e-4 22030884 22030884 0
1 9419 rs17020055 108336533 1 7.355044291133148e-4 108336533 108336533 0
1 5072 rs4915886 63677260 1 -7.348945856391749e-4 63677260 63677260 0
1 10744 rs41271951 150737220 1 7.339452337392165e-4 150737220 150737220 0
1 19470 rs12568965 242070731 1 7.32972116308879e-4 242070731 242070731 0
1 12075 rs2789443 164733504 1 -7.313136490047083e-4 164733504 164733504 0
1 3195 rs16827810 41447366 1 -7.310184251963537e-4 41447366 41447366 0
1 16349 rs12134819 211202705 1 7.281532795752804e-4 211202705 211202705 0
1 7653 rs928655 89849574 1 -7.249193910278845e-4 89849574 89849574 0
1 1573 rs10737482 20173858 1 7.245553455964887e-4 20173858 20173858 0
1 17725 rs584720 225427066 1 -7.211790261857211e-4 225427066 225427066 0
1 4592 rs17117233 58743154 1 7.204611620308114e-4 58743154 58743154 0
1 12222 rs4657493 165917109 1 7.189038508892244e-4 165917109 165917109 0
1 12661 rs12035144 169749154 1 7.16538125969607e-4 169749154 169749154 0
1 4944 rs12729017 62674507 1 7.164748731092765e-4 62674507 62674507 0
1 424 rs7543753 7078364 2 7.156640010333335e-4 7078364 7078364 0
1 567 rs12135416 8910347 2 -7.127559544402867e-4 8910347 8910347 0
1 13959 rs4650656 184148645 1 7.124447953036818e-4 184148645 184148645 0
1 5593 rs3790565 67811356 1 -7.121649611114625e-4 67811356 67811356 0
1 10887 rs2146118 152412196 1 7.114980268245544e-4 152412196 152412196 0
1 4784 rs17120400 60691588 1 7.111989796769687e-4 60691588 60691588 0
1 18941 rs11583513 237199183 2 7.057216316144682e-4 237199183 237199183 0
1 7002 rs10782779 82577274 1 7.042840859854194e-4 82577274 82577274 0
1 5630 rs11585171 68055347 1 7.02688821742461e-4 68055347 68055347 0
1 11984 rs13374982 163772455 1 6.984680588395763e-4 163772455 163772455 0
1 6466 rs11806344 77756532 1 -6.934360439345479e-4 77756532 77756532 0
1 551 rs301798 8488565 1 -6.926732833877761e-4 8488565 8488565 0
1 921 rs2294811 14365793 1 -6.910286740746027e-4 14365793 14365793 0
1 2661 rs10914632 33361287 1 6.895951095833751e-4 33361287 33361287 0
1 5740 rs6694935 68963397 1 -6.843897955070348e-4 68963397 68963397 0
1 7454 rs2231592 87031656 1 6.828246823244761e-4 87031656 87031656 0
1 6951 rs12139644 82197327 1 -6.813809479965635e-4 82197327 82197327 0
1 3979 rs1288347 53622093 1 -6.774717452333395e-4 53622093 53622093 0
1 1113 rs6692555 16012657 1 6.772201933427239e-4 16012657 16012657 0
1 634 rs11803995 10094313 1 -6.75616440437399e-4 10094313 10094313 0
1 17685 rs1010735 224915429 1 -6.755082459378002e-4 224915429 224915429 0
1 3908 rs1316981 52035058 1 -6.746148443597547e-4 52035058 52035058 0
1 9261 rs7552588 106837706 1 -6.683106078795569e-4 106837706 106837706 0
1 8069 rs12742802 94629643 2 6.608394983787461e-4 94629643 94629643 0
1 7749 rs1336874 91014198 1 6.590830332274188e-4 91014198 91014198 0
1 13417 rs10798625 178633373 1 -6.582986594771726e-4 178633373 178633373 0
1 7065 rs12032817 83177365 1 -6.567058750015579e-4 83177365 83177365 0
1 37 rs2817178 3047252 1 6.555832921862048e-4 3047252 3047252 0
1 15737 rs1361754 205801872 1 -6.540514296485857e-4 205801872 205801872 0
1 18961 rs6683160 237390732 2 6.521883670375663e-4 237390732 237390732 0
1 7164 rs2812452 84576203 2 6.51413417733701e-4 84576203 84576203 0
1 5459 rs783322 66941630 1 -6.504727413331919e-4 66941630 66941630 0
1 1625 rs4590651 20652798 1 6.499307935071468e-4 20652798 20652798 0
1 7880 rs10875030 92339976 1 6.477638434088552e-4 92339976 92339976 0
1 11876 rs2665489 162842381 1 -6.45928813051268e-4 162842381 162842381 0
1 12585 rs2000321 169097463 1 -6.458661679988888e-4 169097463 169097463 0
1 11719 rs35284289 161736209 2 -6.451446940688613e-4 161736209 161736209 0
1 3667 rs3125630 47767914 1 -6.44758835292219e-4 47767914 47767914 0
1 6566 rs11811709 78714834 1 6.444053234083075e-4 78714834 78714834 0
1 6068 rs10518395 72482645 1 6.441116567579337e-4 72482645 72482645 0
1 15341 rs4131469 201970748 1 6.438766341753774e-4 201970748 201970748 0
1 14350 rs1320748 189960204 1 6.41384958409311e-4 189960204 189960204 0
1 1995 rs147902167 24417419 1 6.412386664152973e-4 24417419 24417419 0
1 19780 rs2791362 245911746 1 6.410269755667495e-4 245911746 245911746 0
1 14066 rs10489483 185359467 1 -6.410235134987356e-4 185359467 185359467 0
1 17511 rs7554115 222102582 2 -6.362243382630244e-4 222102582 222102582 0
1 18568 rs113070999 233120192 2 -6.307541536370173e-4 233120192 233120192 0
1 11672 rs2501873 161204538 1 -6.291157751202338e-4 161204538 161204538 0
1 11224 rs4661077 156934893 1 6.288200484800639e-4 156934893 156934893 0
1 8518 rs11165996 98799369 2 -6.284119007633062e-4 98799369 98799369 0
1 6477 rs2198511 77834367 1 -6.282378173678934e-4 77834367 77834367 0
1 16676 rs2666834 214789375 1 -6.27253092220094e-4 214789375 214789375 0
1 5871 rs12027422 70459654 1 -6.261075030252804e-4 70459654 70459654 0
1 6755 rs952312 80483974 1 -6.245738736073767e-4 80483974 80483974 0
1 1331 rs12740505 18427031 1 6.24011302769057e-4 18427031 18427031 0
1 5155 rs12025819 64612395 1 6.237193984523796e-4 64612395 64612395 0
1 12454 rs10489202 167903079 1 6.21938140181282e-4 167903079 167903079 0
1 17458 rs9308395 221690855 1 -6.215906634100267e-4 221690855 221690855 0
1 19223 rs17606620 240102885 1 6.212443053732757e-4 240102885 240102885 0
1 12479 rs7512951 168309388 2 -6.209594616037909e-4 168309388 168309388 0
1 9883 rs10857922 112591009 2 -6.20816211419306e-4 112591009 112591009 0
1 7238 rs1325278 85400182 1 -6.20105673288272e-4 85400182 85400182 0
1 10429 rs10494210 119045932 1 6.196764280480066e-4 119045932 119045932 0
1 18908 rs10925193 236829348 2 -6.196640212190006e-4 236829348 236829348 0
1 14378 rs1540513 190301532 1 6.161954118009702e-4 190301532 190301532 0
1 7921 rs1556562 93034023 1 -6.15194226453065e-4 93034023 93034023 0
1 14756 rs2119441 195392852 1 -6.145037460228514e-4 195392852 195392852 0
1 17270 rs17006225 219822453 1 6.126021373083427e-4 219822453 219822453 0
1 11243 rs11264631 157176781 1 6.115176276850086e-4 157176781 157176781 0
1 1290 rs12097284 18159342 1 -6.114675378645302e-4 18159342 18159342 0
1 18526 rs2357070 232658363 1 6.112561138210664e-4 232658363 232658363 0
1 15996 rs6662504 208606109 1 -6.105434238994847e-4 208606109 208606109 0
1 8577 rs1384168 99242320 1 -6.104723019897791e-4 99242320 99242320 0
1 4493 rs10493223 57934034 1 6.08712947944941e-4 57934034 57934034 0
1 12287 rs2172714 166452024 1 6.082985283329021e-4 166452024 166452024 0
1 5570 rs7539625 67672765 1 -6.059316614739359e-4 67672765 67672765 0
1 14824 rs12065463 196464754 1 6.025570588427084e-4 196464754 196464754 0
1 17224 rs2085261 219604950 1 -6.024945837605507e-4 219604950 219604950 0
1 16044 rs4844454 209159083 1 -6.023250874855294e-4 209159083 209159083 0
1 17775 rs2615060 225873612 1 6.01109544360149e-4 225873612 225873612 0
1 11341 rs12088518 158073254 1 6.009175228187584e-4 158073254 158073254 0
1 11373 rs9651033 158434049 1 -5.98999843343379e-4 158434049 158434049 0
1 17210 rs6704463 219547825 1 5.97894990207727e-4 219547825 219547825 0
1 1407 rs7543000 18932744 1 -5.975272469234655e-4 18932744 18932744 0
1 12186 rs4147599 165604991 1 -5.971555457335697e-4 165604991 165604991 0
1 14013 rs10797982 184622136 1 5.965388472128325e-4 184622136 184622136 0
1 14681 rs4460614 194377156 1 -5.954352864329794e-4 194377156 194377156 0
1 12385 rs2480679 167407517 1 5.938941935184712e-4 167407517 167407517 0
1 17484 rs6680316 221956626 1 -5.934211006603714e-4 221956626 221956626 0
1 1626 rs2072752 20656824 2 -5.846437936426307e-4 20656824 20656824 0
1 15512 rs16852826 204068110 2 -5.82515075682482e-4 204068110 204068110 0
1 11467 rs139161219 158943483 1 5.80419639216848e-4 158943483 158943483 0
1 13367 rs10158522 177938712 1 5.797289360267606e-4 177938712 177938712 0
1 19530 rs10926748 242633878 2 -5.774079875534742e-4 242633878 242633878 0
1 13096 rs10489329 175022406 1 5.764314173641331e-4 175022406 175022406 0
1 2508 rs1001704 30920818 1 -5.762533743428439e-4 30920818 30920818 0
1 15084 rs4465241 199963622 1 5.717128247349824e-4 199963622 199963622 0
1 9084 rs11185408 104792257 1 5.712191358391062e-4 104792257 104792257 0
1 4588 rs555213 58726579 1 -5.648231265325263e-4 58726579 58726579 0
1 12714 rs12404913 170254142 1 -5.644015581039394e-4 170254142 170254142 0
1 8208 rs17113368 95786229 1 5.638913326438711e-4 95786229 95786229 0
1 1083 rs4661330 15687059 1 5.633581114560247e-4 15687059 15687059 0
1 3420 rs10493115 43707283 1 5.628667419959646e-4 43707283 43707283 0
1 8227 rs12061105 95881126 1 5.605747704542398e-4 95881126 95881126 0
1 17730 rs12564045 225449050 1 5.599422571187852e-4 225449050 225449050 0
1 18682 rs16859773 234016310 1 5.599147451725657e-4 234016310 234016310 0
1 13 rs2840532 2327815 1 5.577430845984455e-4 2327815 2327815 0
1 12586 rs10919071 169099483 1 5.57270191078546e-4 169099483 169099483 0
1 2307 rs2985327 29319480 2 -5.56714250461865e-4 29319480 29319480 0
1 9092 rs12034300 104851904 1 5.566545447851461e-4 104851904 104851904 0
1 3056 rs3768324 39492462 1 -5.558854427672453e-4 39492462 39492462 0
1 4392 rs12081589 56981625 1 -5.558297791664838e-4 56981625 56981625 0
1 5423 rs650440 66580943 1 -5.549844519365203e-4 66580943 66580943 0
1 6855 rs12075367 81316333 1 -5.505198573380346e-4 81316333 81316333 0
1 3534 rs4233497 45763753 1 5.480360718435965e-4 45763753 45763753 0
1 10971 rs34391119 153271621 1 5.453420673087153e-4 153271621 153271621 0
1 20089 rs6695603 248145644 1 5.44564604011337e-4 248145644 248145644 0
1 4689 rs10493258 59665770 1 -5.433900380348033e-4 59665770 59665770 0
1 4651 rs2811893 59162148 1 5.433288660340594e-4 59162148 59162148 0
1 9668 rs2172514 111166960 1 5.417228020389482e-4 111166960 111166960 0
1 3287 rs6691697 42534375 1 5.402066178197544e-4 42534375 42534375 0
1 14907 rs6667378 198000253 1 5.38134448131922e-4 198000253 198000253 0
1 2605 rs10493048 31993870 1 5.372720483509971e-4 31993870 31993870 0
1 4178 rs17111584 55546696 1 5.356390468619456e-4 55546696 55546696 0
1 1472 rs947534 19588406 1 -5.347891563848517e-4 19588406 19588406 0
1 12565 rs10489371 168932500 1 5.34716197502721e-4 168932500 168932500 0
1 18520 rs10910527 232599189 1 5.340492666854287e-4 232599189 232599189 0
1 14682 rs4291483 194407083 1 5.331549824716626e-4 194407083 194407083 0
1 9607 rs814318 110788825 1 5.326627693968974e-4 110788825 110788825 0
1 455 rs10864289 7318448 2 -5.323957150987023e-4 7318448 7318448 0
1 114 rs351615 4370385 1 5.318708327491678e-4 4370385 4370385 0
1 6396 rs315008 77030764 1 -5.307821933253345e-4 77030764 77030764 0
1 1765 rs7354914 21953287 1 5.292935191167421e-4 21953287 21953287 0
1 18190 rs1923950 230384970 1 5.283290933088565e-4 230384970 230384970 0
1 3207 rs213757 41594798 1 -5.272460555783873e-4 41594798 41594798 0
1 1544 rs7523079 19962874 1 -5.262029895880181e-4 19962874 19962874 0
1 2501 rs6656216 30878285 1 5.261442159707908e-4 30878285 30878285 0
1 19855 rs6680215 246347153 1 -5.251176265530898e-4 246347153 246347153 0
1 4352 rs3005897 56786595 1 -5.249401191529548e-4 56786595 56786595 0
1 4453 rs688382 57659614 1 -5.243133812996225e-4 57659614 57659614 0
1 13733 rs476093 181787259 1 5.241057303164616e-4 181787259 181787259 0
1 17674 rs12025142 224876101 1 5.231881109662539e-4 224876101 224876101 0
1 3208 rs11209615 41640110 1 5.214278709844589e-4 41640110 41640110 0
1 11920 rs2661339 163018934 1 -5.19966647871696e-4 163018934 163018934 0
1 11476 rs856055 159001593 2 5.187374266386979e-4 159001593 159001593 0
1 9059 rs1590902 104554482 1 -5.187176526819632e-4 104554482 104554482 0
1 3455 rs489319 44131794 1 -5.179140054419696e-4 44131794 44131794 0
1 12666 rs2272920 169799880 1 5.17667157117684e-4 169799880 169799880 0
1 13693 rs12402123 181490018 1 5.151043025569839e-4 181490018 181490018 0
1 10292 rs1182218 117361083 1 -5.147323719329221e-4 117361083 117361083 0
1 4094 rs79743819 54661234 1 -5.140864411482694e-4 54661234 54661234 0
1 11189 rs1056695 156622252 1 -5.138627055622996e-4 156622252 156622252 0
1 6026 rs6673749 71734612 1 -5.136324060082974e-4 71734612 71734612 0
1 7837 rs1555890 92160886 1 5.13628336738765e-4 92160886 92160886 0
1 5278 rs17127323 65571312 1 5.132505553103415e-4 65571312 65571312 0
1 2505 rs6662418 30887894 1 5.132218778831608e-4 30887894 30887894 0
1 7772 rs712031 91243395 1 -5.129145883066697e-4 91243395 91243395 0
1 12581 rs10919062 169088947 1 5.126883426720886e-4 169088947 169088947 0
1 5227 rs3934672 65137938 1 -5.124833367409476e-4 65137938 65137938 0
1 16935 rs10779284 217092655 1 -5.121577248128975e-4 217092655 217092655 0
1 4119 rs17110749 55048190 1 5.108969217970722e-4 55048190 55048190 0
1 7940 rs2811602 93324269 1 -5.105550047005576e-4 93324269 93324269 0
1 62 rs3806164 3380057 1 5.093061555445291e-4 3380057 3380057 0
1 14882 rs1775456 197733055 1 5.059290477795696e-4 197733055 197733055 0
1 9723 rs4839586 111439902 1 -5.059192315406474e-4 111439902 111439902 0
1 9559 rs12059276 110273541 1 5.036122253002335e-4 110273541 110273541 0
1 172 rs6681032 4563129 1 5.003982334529201e-4 4563129 4563129 0
1 14983 rs3754098 198658856 1 -5.002385831742562e-4 198658856 198658856 0
1 18112 rs7538164 229182292 2 4.995197509495108e-4 229182292 229182292 0
1 16873 rs6604611 216655251 1 4.993129868382557e-4 216655251 216655251 0
1 16840 rs421821 216282495 1 4.963906362258036e-4 216282495 216282495 0
1 11409 rs3738791 158606449 1 4.958597421448289e-4 158606449 158606449 0
1 12440 rs204267 167810373 2 -4.954919925087356e-4 167810373 167810373 0
1 5794 rs4650135 69684997 1 -4.950540887968434e-4 69684997 69684997 0
1 17519 rs6604694 222172405 1 4.925772509474253e-4 222172405 222172405 0
1 6734 rs12037755 80316802 1 -4.913376351310325e-4 80316802 80316802 0
1 6117 rs11210235 73878194 1 -4.912340599781519e-4 73878194 73878194 0
1 3789 rs7531758 48969737 1 -4.883496984479369e-4 48969737 48969737 0
1 2523 rs525813 31058914 1 4.8736702234632054e-4 31058914 31058914 0
1 758 rs148957324 11733846 1 -4.850340246922774e-4 11733846 11733846 0
1 4262 rs1392130 56072554 1 -4.850064718457402e-4 56072554 56072554 0
1 8101 rs2996284 95107254 1 -4.829392901619693e-4 95107254 95107254 0
1 3101 rs6681804 40543019 2 -4.8176948509048503e-4 40543019 40543019 0
1 5556 rs17129664 67583298 1 4.8164597230549686e-4 67583298 67583298 0
1 19108 rs535043 238696036 1 4.79037073287656e-4 238696036 238696036 0
1 18514 rs6678031 232574330 1 4.7767731113401225e-4 232574330 232574330 0
1 14656 rs606149 193921548 1 -4.756661970686948e-4 193921548 193921548 0
1 9078 rs7532317 104736156 2 -4.7504348889472383e-4 104736156 104736156 0
1 9471 rs594397 108741065 1 -4.7175852092127223e-4 108741065 108741065 0
1 19225 rs1124375 240127293 1 4.691191875650139e-4 240127293 240127293 0
1 19336 rs16840284 240680957 1 4.6875830556506e-4 240680957 240680957 0
1 17809 rs1051741 226032229 1 4.686214716240622e-4 226032229 226032229 0
1 16976 rs6696627 217308047 1 -4.678289252637204e-4 217308047 217308047 0
1 3757 rs1722710 48672401 1 -4.6458324045752327e-4 48672401 48672401 0
1 6440 rs647890 77190350 1 -4.643173818427209e-4 77190350 77190350 0
1 12169 rs4657449 165465281 1 -4.6129046977438595e-4 165465281 165465281 0
1 4263 rs7555929 56075918 1 -4.57094836746633e-4 56075918 56075918 0
1 7832 rs4658244 92069188 1 -4.5432967272658305e-4 92069188 92069188 0
1 3728 rs10890507 48309587 1 -4.526588592688643e-4 48309587 48309587 0
1 9862 rs2798334 112437344 1 -4.5237674122735824e-4 112437344 112437344 0
1 8438 rs1399291 97576922 1 4.518445452152904e-4 97576922 97576922 0
1 10701 rs2047280 147236233 1 -4.513837989271796e-4 147236233 147236233 0
1 9077 rs7527726 104736011 1 -4.477996723805721e-4 104736011 104736011 0
1 4742 rs11572285 60372721 1 -4.4671106946176135e-4 60372721 60372721 0
1 17651 rs4654049 224772910 1 -4.442984210880294e-4 224772910 224772910 0
1 2062 rs11249141 24932733 1 4.43696286473708e-4 24932733 24932733 0
1 7996 rs41292661 94342061 1 -4.4297595029016857e-4 94342061 94342061 0
1 923 rs761162 14371137 1 -4.3943507597730654e-4 14371137 14371137 0
1 4484 rs11207036 57904853 1 4.380392369889723e-4 57904853 57904853 0
1 11698 rs2099684 161500130 1 4.37597076194339e-4 161500130 161500130 0
1 12407 rs6701488 167562816 1 -4.373917234827625e-4 167562816 167562816 0
1 4826 rs12759959 61280352 1 4.33039915049376e-4 61280352 61280352 0
1 4166 rs2495513 55457815 1 -4.326329145917429e-4 55457815 55457815 0
1 9978 rs4839297 113709637 1 -4.3140352625670945e-4 113709637 113709637 0
1 18072 rs7355046 228793246 1 -4.3129386436195107e-4 228793246 228793246 0
1 7867 rs2129975 92282080 1 4.310737068298919e-4 92282080 92282080 0
1 2964 rs6687329 38127154 1 4.309291747362335e-4 38127154 38127154 0
1 5290 rs2375754 65611633 1 -4.303305457284622e-4 65611633 65611633 0
1 6873 rs4077887 81447213 1 -4.285886333700614e-4 81447213 81447213 0
1 1583 rs10492999 20237760 1 4.269256500976838e-4 20237760 20237760 0
1 12707 rs12145587 170188108 1 -4.265923814993553e-4 170188108 170188108 0
1 13033 rs10912561 173164565 1 -4.2488943229929046e-4 173164565 173164565 0
1 4931 rs11207909 62607786 1 4.2406493582333537e-4 62607786 62607786 0
1 857 rs3013045 13816121 1 -4.235103420979413e-4 13816121 13816121 0
1 16755 rs111033381 215847956 1 4.213334883316837e-4 215847956 215847956 0
1 19334 rs2185285 240674472 1 4.204213343097134e-4 240674472 240674472 0
1 3894 rs17391905 51546140 1 -4.200716510143974e-4 51546140 51546140 0
1 11687 rs11585941 161312656 1 4.200106487490058e-4 161312656 161312656 0
1 16783 rs6656366 215917843 1 -4.1975158408330126e-4 215917843 215917843 0
1 19567 rs7526164 242828277 1 -4.1968468583169344e-4 242828277 242828277 0
1 3464 rs246778 44272761 1 -4.177197624689634e-4 44272761 44272761 0
1 17295 rs4846603 219968010 2 4.16605045855202e-4 219968010 219968010 0
1 5647 rs6588283 68299797 1 4.163728585759939e-4 68299797 68299797 0
1 1173 rs12740413 16515879 2 4.1531308982222567e-4 16515879 16515879 0
1 11488 rs11265142 159099908 1 4.1469850657028655e-4 159099908 159099908 0
1 16886 rs1826977 216783528 1 4.1342071749208783e-4 216783528 216783528 0
1 9503 rs61754640 109446750 2 -4.1295033035384935e-4 109446750 109446750 0
1 5328 rs17127673 65955725 1 -4.122299264259102e-4 65955725 65955725 0
1 1020 rs4520412 15359967 1 4.1161736864289656e-4 15359967 15359967 0
1 11670 rs4073054 161200487 1 4.103511075840942e-4 161200487 161200487 0
1 1838 rs2744734 22549729 1 -4.1016944728035007e-4 22549729 22549729 0
1 2043 rs11805096 24828929 1 -4.08622412426735e-4 24828929 24828929 0
1 9746 rs2274232 111773600 1 4.0581717319075584e-4 111773600 111773600 0
1 19590 rs12077185 242973892 1 4.0566565052792616e-4 242973892 242973892 0
1 19483 rs11582266 242324399 1 -4.049981363845959e-4 242324399 242324399 0
1 11948 rs17362993 163313880 1 -4.045227926091705e-4 163313880 163313880 0
1 1198 rs3754511 17310019 1 -4.041621619056402e-4 17310019 17310019 0
1 2890 rs219002 37126512 1 -4.002197398598322e-4 37126512 37126512 0
1 5676 rs2820489 68628540 1 -4.0008675537568146e-4 68628540 68628540 0
1 18677 rs12086015 233976729 1 3.9468980441187624e-4 233976729 233976729 0
1 19667 rs7547047 244524345 1 -3.941153667924772e-4 244524345 244524345 0
1 4193 rs6680609 55771636 1 -3.9300535522988786e-4 55771636 55771636 0
1 15890 rs6691117 207782931 1 3.927875724430502e-4 207782931 207782931 0
1 18228 rs3849295 230676042 1 -3.9213838695002735e-4 230676042 230676042 0
1 3284 rs4660600 42513929 1 -3.921317225536756e-4 42513929 42513929 0
1 7092 rs323973 83535877 1 -3.919161366814237e-4 83535877 83535877 0
1 9721 rs2363536 111426049 1 3.9182524301872146e-4 111426049 111426049 0
1 12088 rs1890535 164829035 2 3.917706206108179e-4 164829035 164829035 0
1 13247 rs1325598 176792249 1 -3.9143042487492177e-4 176792249 176792249 0
1 15017 rs6684332 199150453 1 3.906577905070269e-4 199150453 199150453 0
1 5248 rs310225 65324683 1 3.9065573099719795e-4 65324683 65324683 0
1 17803 rs3738040 226013041 1 -3.9033446736287414e-4 226013041 226013041 0
1 5441 rs7522367 66789141 1 -3.901731293482812e-4 66789141 66789141 0
1 4671 rs2764933 59435778 1 -3.901620069475353e-4 59435778 59435778 0
1 8680 rs6689305 100268991 1 3.8859600122514374e-4 100268991 100268991 0
1 18827 rs4660126 236077778 1 3.874675083485964e-4 236077778 236077778 0
1 5322 rs3818513 65874037 1 -3.872276435751934e-4 65874037 65874037 0
1 19902 rs7526237 246898134 1 3.870770180983259e-4 246898134 246898134 0
1 14320 rs445857 189552579 1 -3.867421185496344e-4 189552579 189552579 0
1 10603 rs12724816 145639324 1 -3.861158732291182e-4 145639324 145639324 0
1 11648 rs41269993 160968609 1 3.8593883591932064e-4 160968609 160968609 0
1 15819 rs291102 207106478 1 3.8519462365190497e-4 207106478 207106478 0
1 4999 rs2031373 63083289 1 -3.8505785372077567e-4 63083289 63083289 0
1 13338 rs12043001 177807335 1 3.846038819599752e-4 177807335 177807335 0
1 2988 rs6600436 38469500 1 3.843632763050133e-4 38469500 38469500 0
1 7409 rs7516054 86603942 1 -3.836693436431464e-4 86603942 86603942 0
1 215 rs763238 4743704 2 3.834175052727772e-4 4743704 4743704 0
1 14145 rs2307198 186946912 1 3.82794217752447e-4 186946912 186946912 0
1 18080 rs2295256 228874049 1 -3.8144640838430865e-4 228874049 228874049 0
1 3205 rs6663565 41563688 1 -3.813011740441051e-4 41563688 41563688 0
1 14683 rs4381164 194416810 1 -3.809860149966666e-4 194416810 194416810 0
1 19683 rs3003222 244713825 1 3.780582438286214e-4 244713825 244713825 0
1 19171 rs4659904 239317135 1 -3.770516713971789e-4 239317135 239317135 0
1 15230 rs6688782 201181994 1 3.765147079177948e-4 201181994 201181994 0
1 1680 rs12404655 20943195 1 -3.758899572847209e-4 20943195 20943195 0
1 2057 rs12353957 24922056 1 -3.738009803617227e-4 24922056 24922056 0
1 6653 rs7555545 79741744 2 -3.7321533278732546e-4 79741744 79741744 0
1 3209 rs11584802 41640686 2 -3.702147195824796e-4 41640686 41640686 0
1 14222 rs10798116 187501925 1 -3.698952185657608e-4 187501925 187501925 0
1 10211 rs12039739 116333111 1 -3.698721965190546e-4 116333111 116333111 0
1 4750 rs10493273 60430348 1 -3.6977725184080137e-4 60430348 60430348 0
1 10606 rs12122100 146508934 1 -3.682713820604375e-4 146508934 146508934 0
1 7126 rs4636482 84190263 1 3.677219802153041e-4 84190263 84190263 0
1 20057 rs7513527 248018426 1 3.676984988634135e-4 248018426 248018426 0
1 3956 rs1288404 53557484 1 3.669007268892858e-4 53557484 53557484 0
1 19985 rs2386551 247554949 1 3.663402541833264e-4 247554949 247554949 0
1 9095 rs6702438 104858684 1 -3.656736384250197e-4 104858684 104858684 0
1 2193 rs4659431 26658391 1 -3.6437996490589527e-4 26658391 26658391 0
1 20094 rs11804999 248322479 2 3.622600334396336e-4 248322479 248322479 0
1 11684 rs11265584 161261041 1 -3.612399394079533e-4 161261041 161261041 0
1 3141 rs11208057 40885832 2 3.608602620673144e-4 40885832 40885832 0
1 15893 rs12034383 207803595 1 3.602936736153328e-4 207803595 207803595 0
1 2868 rs1416840 36888462 1 3.59540249762155e-4 36888462 36888462 0
1 16382 rs784378 211566366 1 -3.5918815434505717e-4 211566366 211566366 0
1 4725 rs12027119 60152685 1 -3.5724725961477666e-4 60152685 60152685 0
1 12258 rs6659816 166185037 1 3.5696228107593017e-4 166185037 166185037 0
1 1370 rs1577608 18708402 1 -3.550460885730327e-4 18708402 18708402 0
1 9107 rs12057598 104930486 1 -3.5478551470262746e-4 104930486 104930486 0
1 17870 rs506128 226702300 1 3.543320034200486e-4 226702300 226702300 0
1 9089 rs10785858 104807738 1 3.525542521602972e-4 104807738 104807738 0
1 16015 rs17259916 208937403 1 3.518160042216597e-4 208937403 208937403 0
1 8219 rs7534563 95834888 1 -3.4952600842258236e-4 95834888 95834888 0
1 3612 rs594387 47213386 1 3.467870506984989e-4 47213386 47213386 0
1 1973 rs2280437 24022437 1 -3.4507725793279475e-4 24022437 24022437 0
1 3821 rs7520784 49240957 1 3.445345560188444e-4 49240957 49240957 0
1 16709 rs6699503 215030041 1 -3.4449159912656606e-4 215030041 215030041 0
1 4587 rs639241 58725716 1 -3.442024582596871e-4 58725716 58725716 0
1 930 rs6671072 14463067 1 3.4289916461902503e-4 14463067 14463067 0
1 18854 rs6689258 236296079 1 -3.371938347274717e-4 236296079 236296079 0
1 2503 rs12029866 30885349 1 3.361024703835108e-4 30885349 30885349 0
1 3262 rs17373758 42259133 1 3.3587706022123864e-4 42259133 42259133 0
1 14263 rs6664686 187757027 1 3.3509892333543197e-4 187757027 187757027 0
1 17207 rs17591522 219533768 1 3.3292762055731106e-4 219533768 219533768 0
1 6821 rs356287 80977963 1 -3.327504643765592e-4 80977963 80977963 0
1 8609 rs302802 99636921 1 3.325675180190399e-4 99636921 99636921 0
1 4782 rs7415657 60669976 1 -3.2973106648882626e-4 60669976 60669976 0
1 1479 rs12140547 19644218 1 -3.2847698225252326e-4 19644218 19644218 0
1 1405 rs10907320 18882489 1 -3.2774701928695363e-4 18882489 18882489 0
1 1095 rs6685648 15825195 1 3.2752409820665135e-4 15825195 15825195 0
1 1271 rs4920374 17872028 1 3.2719722124677203e-4 17872028 17872028 0
1 17544 rs10907376 223567803 1 3.2656676761829367e-4 223567803 223567803 0
1 15923 rs614732 208112125 1 3.2634796981514193e-4 208112125 208112125 0
1 10330 rs10923243 117767918 1 -3.263462362240584e-4 117767918 117767918 0
1 1535 rs1572823 19889959 1 -3.2612235636587987e-4 19889959 19889959 0
1 3662 rs2249665 47687084 1 -3.2538563931977814e-4 47687084 47687084 0
1 17289 rs946109 219934317 1 -3.253574108572653e-4 219934317 219934317 0
1 2891 rs743012 37136670 1 -3.251600840133074e-4 37136670 37136670 0
1 7036 rs1416077 83100086 1 -3.242868738928936e-4 83100086 83100086 0
1 14341 rs4845155 189912146 1 -3.2388052091448724e-4 189912146 189912146 0
1 1852 rs3845519 22585236 1 -3.2372925884420505e-4 22585236 22585236 0
1 4257 rs4927258 56067651 1 -3.2217558491860255e-4 56067651 56067651 0
1 7825 rs745731 92011467 1 3.2151185348028955e-4 92011467 92011467 0
1 7456 rs166412 87242062 1 -3.2109277632439e-4 87242062 87242062 0
1 9869 rs11102362 112496701 2 -3.206019597066877e-4 112496701 112496701 0
1 1368 rs10465918 18701899 1 3.2011967598177875e-4 18701899 18701899 0
1 11908 rs10917653 162927922 1 3.196104169639117e-4 162927922 162927922 0
1 4694 rs6703534 59703738 1 -3.195429943133586e-4 59703738 59703738 0
1 14949 rs6702048 198327168 1 3.190705948887069e-4 198327168 198327168 0
1 829 rs4072868 12628471 1 -3.186912366904361e-4 12628471 12628471 0
1 7869 rs10874981 92285875 1 3.1768540942072405e-4 92285875 92285875 0
1 7288 rs17382610 85709133 1 -3.176176990827943e-4 85709133 85709133 0
1 11902 rs2343508 162896697 1 3.1753480115864215e-4 162896697 162896697 0
1 11875 rs12047510 162842202 1 -3.166738474908655e-4 162842202 162842202 0
1 6436 rs562580 77162485 2 -3.166407322079598e-4 77162485 77162485 0
1 4071 rs637590 54461703 1 3.163965287146961e-4 54461703 54461703 0
1 6322 rs12084383 76451288 1 -3.1629403462125406e-4 76451288 76451288 0
1 585 rs5438 9129620 1 -3.144715356097772e-4 9129620 9129620 0
1 1869 rs4655059 22735906 1 3.134094535195384e-4 22735906 22735906 0
1 15703 rs2185811 205596870 1 3.1071907305644435e-4 205596870 205596870 0
1 1011 rs4661310 15320449 1 3.0746705506043507e-4 15320449 15320449 0
1 14956 rs4915287 198453920 1 3.0643727128307056e-4 198453920 198453920 0
1 554 rs11121194 8569906 1 -3.064365848385165e-4 8569906 8569906 0
1 11673 rs6686001 161205898 1 -3.055275337523544e-4 161205898 161205898 0
1 16055 rs4844743 209192139 1 3.0505084219782164e-4 209192139 209192139 0
1 1955 rs1198433 23756695 1 3.0498812674448634e-4 23756695 23756695 0
1 3492 rs12125560 44531487 1 -3.045110276391632e-4 44531487 44531487 0
1 7230 rs11161464 85298111 1 3.037459250014412e-4 85298111 85298111 0
1 4696 rs6683082 59708325 1 -3.032924127859318e-4 59708325 59708325 0
1 10746 rs4319334 150766822 2 -3.0325031659672933e-4 150766822 150766822 0
1 3715 rs12058525 48066171 1 3.024517832852094e-4 48066171 48066171 0
1 7506 rs6672003 87875069 1 3.0212797796165834e-4 87875069 87875069 0
1 1722 rs10493004 21442736 1 3.015555775171519e-4 21442736 21442736 0
1 2075 rs10903108 25188940 2 -3.014127675493699e-4 25188940 25188940 0
1 8858 rs1361812 101939689 1 3.0128941906696065e-4 101939689 101939689 0
1 12124 rs1891927 165138246 1 3.010318050169382e-4 165138246 165138246 0
1 3695 rs517384 47952663 1 2.998693786438513e-4 47952663 47952663 0
1 15119 rs10919858 200204364 1 -2.997939248434363e-4 200204364 200204364 0
1 9337 rs17443102 107516208 2 2.997216999715797e-4 107516208 107516208 0
1 19802 rs11578670 246020370 1 -2.9910557613911756e-4 246020370 246020370 0
1 2507 rs12117449 30919378 1 -2.987835242268874e-4 30919378 30919378 0
1 17574 rs1419310 223859188 1 -2.9816178401583003e-4 223859188 223859188 0
1 4167 rs6682884 55474325 2 2.9815506501430626e-4 55474325 55474325 0
1 5485 rs1867631 67046126 1 -2.9806693587721626e-4 67046126 67046126 0
1 7148 rs2389651 84309418 1 2.9613747681190184e-4 84309418 84309418 0
1 15356 rs3922999 202091660 1 -2.9479269466698956e-4 202091660 202091660 0
1 16953 rs12731437 217187026 1 -2.9313155329838017e-4 217187026 217187026 0
1 881 rs9287293 14208571 1 2.9253609981973996e-4 14208571 14208571 0
1 12245 rs4074897 166086171 1 2.901313940556141e-4 166086171 166086171 0
1 3424 rs35465732 43748763 1 2.900004770029534e-4 43748763 43748763 0
1 8828 rs12137590 101772220 1 2.8897681108420027e-4 101772220 101772220 0
1 11215 rs12566888 156869047 1 -2.8839066494619584e-4 156869047 156869047 0
1 9747 rs35041930 111777575 1 2.8837229704871533e-4 111777575 111777575 0
1 18265 rs2479132 230820021 1 -2.8813055807659453e-4 230820021 230820021 0
1 13088 rs6691118 174546936 1 -2.880919236713548e-4 174546936 174546936 0
1 17309 rs6700061 220098329 1 2.8785750995785245e-4 220098329 220098329 0
1 11800 rs12742393 162224586 1 -2.875397882706314e-4 162224586 162224586 0
1 2652 rs359955 33134774 1 -2.867752469803259e-4 33134774 33134774 0
1 17879 rs3820632 226790951 1 -2.8670943780790756e-4 226790951 226790951 0
1 12723 rs1333141 170407926 2 2.86195806615501e-4 170407926 170407926 0
1 8605 rs3889240 99601609 1 2.841633209239837e-4 99601609 99601609 0
1 8474 rs1577896 97867312 1 -2.825398830609123e-4 97867312 97867312 0
1 7001 rs6687277 82575142 2 2.8238597618501847e-4 82575142 82575142 0
1 9758 rs12047673 111823173 1 -2.809934169356646e-4 111823173 111823173 0
1 3705 rs2506985 47986452 1 2.805655242011197e-4 47986452 47986452 0
1 9412 rs7519428 108281720 1 2.7965352665778876e-4 108281720 108281720 0
1 15233 rs11801154 201188328 2 2.7747026658274024e-4 201188328 201188328 0
1 1717 rs12130664 21332812 1 2.769145136981613e-4 21332812 21332812 0
1 16308 rs11119607 210984147 1 -2.7689328850764156e-4 210984147 210984147 0
1 4811 rs1381170 61162222 2 2.7686921849281565e-4 61162222 61162222 0
1 2759 rs6425872 34524849 1 2.7556730950487507e-4 34524849 34524849 0
1 3147 rs7511983 40966167 1 2.748852349596069e-4 40966167 40966167 0
1 15978 rs12058868 208424905 1 2.740501585942772e-4 208424905 208424905 0
1 9164 rs4483421 105341180 1 2.738407376994825e-4 105341180 105341180 0
1 5525 rs4553158 67436446 1 2.7383443345302215e-4 67436446 67436446 0
1 431 rs10864266 7090216 1 2.73369815887917e-4 7090216 7090216 0
1 16434 rs3010004 212152173 2 2.7293062594661236e-4 212152173 212152173 0
1 15138 rs12567052 200494416 1 -2.7184765932607125e-4 200494416 200494416 0
1 6648 rs17102812 79593296 2 -2.7071546697038525e-4 79593296 79593296 0
1 14364 rs2211430 190099810 1 -2.7033603494468054e-4 190099810 190099810 0
1 19665 rs10927202 244516334 1 2.6836535300571175e-4 244516334 244516334 0
1 5613 rs11209099 67982128 1 2.671784231891345e-4 67982128 67982128 0
1 11683 rs4436408 161260215 1 -2.6680746954582375e-4 161260215 161260215 0
1 2258 rs6685856 27800482 1 2.666219301034371e-4 27800482 27800482 0
1 11689 rs10494352 161339060 1 -2.6635422585067107e-4 161339060 161339060 0
1 14112 rs1293970 186258229 1 2.655567303149651e-4 186258229 186258229 0
1 15526 rs4412655 204210750 1 2.6495949987005474e-4 204210750 204210750 0
1 11626 rs489286 160722550 1 -2.6439454131632135e-4 160722550 160722550 0
1 10900 rs549044 152514332 1 2.6368438796720635e-4 152514332 152514332 0
1 1910 rs4390147 23145603 1 -2.62867264165558e-4 23145603 23145603 0
1 9831 rs4839154 112156965 1 -2.6222584800471397e-4 112156965 112156965 0
1 15066 rs1346680 199772234 1 -2.6199650058792464e-4 199772234 199772234 0
1 16934 rs2818747 217088584 1 -2.6095121479938156e-4 217088584 217088584 0
1 12725 rs2421324 170416770 1 -2.608041217875202e-4 170416770 170416770 0
1 18143 rs237802 229461801 1 -2.6034905850371673e-4 229461801 229461801 0
1 16047 rs10863739 209162928 2 -2.596269584047488e-4 209162928 209162928 0
1 4910 rs1332631 62496360 1 -2.5947061562437747e-4 62496360 62496360 0
1 12384 rs953809 167403625 1 2.5893839262805367e-4 167403625 167403625 0
1 13744 rs3904616 181972879 1 2.587682753353939e-4 181972879 181972879 0
1 14365 rs10753936 190102031 1 2.580746249033986e-4 190102031 190102031 0
1 7403 rs17128866 86591141 1 2.568092649815032e-4 86591141 86591141 0
1 13250 rs10753141 176816437 1 -2.5646851676012345e-4 176816437 176816437 0
1 1631 rs230182 20678551 1 2.5615060436438993e-4 20678551 20678551 0
1 14892 rs6428419 197815963 1 -2.555644465850611e-4 197815963 197815963 0
1 2520 rs2377368 31024967 1 -2.553833949337982e-4 31024967 31024967 0
1 9967 rs6537765 113493337 1 2.53738938645873e-4 113493337 113493337 0
1 1715 rs1110240 21324933 1 -2.521844186871839e-4 21324933 21324933 0
1 14679 rs7515996 194324826 1 -2.521341640654603e-4 194324826 194324826 0
1 3717 rs6660568 48082491 2 2.516710177347479e-4 48082491 48082491 0
1 13912 rs2500117 183801024 1 -2.5001093672340766e-4 183801024 183801024 0
1 520 rs12068202 7961294 1 2.499732280255251e-4 7961294 7961294 0
1 13825 rs587306 182632455 1 -2.4860833202889785e-4 182632455 182632455 0
1 14764 rs17672688 195686601 1 -2.477047834240377e-4 195686601 195686601 0
1 4700 rs333683 59731843 1 -2.476582896047975e-4 59731843 59731843 0
1 10503 rs7551082 119540842 1 -2.475582049044963e-4 119540842 119540842 0
1 12722 rs16863343 170391041 1 2.47547022932809e-4 170391041 170391041 0
1 5378 rs17448446 66217402 1 2.4752748006734676e-4 66217402 66217402 0
1 19168 rs10495437 239297423 2 2.4705323464695064e-4 239297423 239297423 0
1 1611 rs12139100 20501582 2 2.4691707868798726e-4 20501582 20501582 0
1 10826 rs1211981 151632646 1 2.4578700057123004e-4 151632646 151632646 0
1 485 rs12756299 7758760 1 -2.457435105957374e-4 7758760 7758760 0
1 15366 rs3935008 202138239 1 -2.4387485956875124e-4 202138239 202138239 0
1 14804 rs12145838 196057313 1 2.423019873631548e-4 196057313 196057313 0
1 4029 rs11206169 54005060 1 2.4213545097592765e-4 54005060 54005060 0
1 12815 rs28369914 171178490 1 -2.4117224555208848e-4 171178490 171178490 0
1 14627 rs2031832 193695077 1 2.408621216647028e-4 193695077 193695077 0
1 16056 rs6670957 209195248 1 -2.4071508112325497e-4 209195248 209195248 0
1 18801 rs6429094 235611093 1 -2.398913226498785e-4 235611093 235611093 0
1 14077 rs232298 185455790 1 2.3972147951098347e-4 185455790 185455790 0
1 14874 rs12117045 197638716 1 -2.395548820867839e-4 197638716 197638716 0
1 18443 rs11584798 232066277 1 2.389639579678574e-4 232066277 232066277 0
1 11583 rs2789428 159959505 2 -2.3875431591592416e-4 159959505 159959505 0
1 7425 rs7536402 86664322 1 -2.3763843607532077e-4 86664322 86664322 0
1 3196 rs79974017 41482976 1 2.367966445489991e-4 41482976 41482976 0
1 10691 rs999095 147210227 2 2.3644149649021943e-4 147210227 147210227 0
1 10901 rs7530609 152526812 1 2.360250876195532e-4 152526812 152526812 0
1 15021 rs12410250 199234743 1 -2.3536325027585827e-4 199234743 199234743 0
1 16879 rs17042779 216714314 1 2.3533660073420104e-4 216714314 216714314 0
1 10160 rs17556126 115998480 1 2.3500000514307964e-4 115998480 115998480 0
1 16393 rs12140949 211676238 1 -2.348543403578663e-4 211676238 211676238 0
1 14008 rs10911611 184537821 1 2.3482410700066087e-4 184537821 184537821 0
1 18991 rs489088 237784313 1 -2.3382376565909423e-4 237784313 237784313 0
1 4278 rs2767503 56152725 1 -2.3213598417222585e-4 56152725 56152725 0
1 6585 rs35466823 79107140 1 -2.3195541035044047e-4 79107140 79107140 0
1 12244 rs10918345 166065145 1 -2.316244180980992e-4 166065145 166065145 0
1 6949 rs9660481 82181963 1 -2.3102514654336283e-4 82181963 82181963 0
1 17080 rs17047242 218204186 1 -2.2980847453596813e-4 218204186 218204186 0
1 10574 rs942835 120263018 1 -2.2855252836284732e-4 120263018 120263018 0
1 14602 rs842796 192902415 1 2.2721059009394809e-4 192902415 192902415 0
1 12513 rs728354 168601255 1 -2.2612983441571837e-4 168601255 168601255 0
1 17549 rs2678370 223594054 1 -2.2543837391863025e-4 223594054 223594054 0
1 17313 rs10495143 220167371 1 -2.251695258725637e-4 220167371 220167371 0
1 9938 rs12049572 113140583 1 2.2439820946349473e-4 113140583 113140583 0
1 2369 rs166604 30148652 1 -2.2408425715730033e-4 30148652 30148652 0
1 15792 rs17014035 206841857 1 -2.233626296276093e-4 206841857 206841857 0
1 13124 rs2269650 175129691 2 -2.2308216594870895e-4 175129691 175129691 0
1 16129 rs4393158 209851897 1 -2.22206732459908e-4 209851897 209851897 0
1 19727 rs6671796 245358619 2 2.2151967044495128e-4 245358619 245358619 0
1 608 rs916380 9341038 2 2.2045255642855457e-4 9341038 9341038 0
1 8822 rs17124020 101744821 1 -2.199017714890753e-4 101744821 101744821 0
1 938 rs10928043 14487284 1 2.1886757885613856e-4 14487284 14487284 0
1 9110 rs1448396 104957563 1 -2.1875944368410016e-4 104957563 104957563 0
1 9258 rs12568304 106792422 1 2.185048789255759e-4 106792422 106792422 0
1 5806 rs11209440 69851078 2 2.1772154900887093e-4 69851078 69851078 0
1 12218 rs4656467 165871705 1 2.176999441598323e-4 165871705 165871705 0
1 5902 rs1335228 71111456 1 -2.1756490969289795e-4 71111456 71111456 0
1 6199 rs3931020 75235317 1 2.1747742704832624e-4 75235317 75235317 0
1 14574 rs10754013 192502783 1 2.1711142463805343e-4 192502783 192502783 0
1 17037 rs10495074 217931665 1 2.1696811884664292e-4 217931665 217931665 0
1 3769 rs986027 48713394 1 2.1619862726803633e-4 48713394 48713394 0
1 17067 rs966209 218108088 2 -2.155192793313799e-4 218108088 218108088 0
1 5905 rs2820526 71153714 1 -2.134158157475806e-4 71153714 71153714 0
1 2479 rs10915081 30808141 1 -2.1274123294437385e-4 30808141 30808141 0
1 1803 rs2229481 22200998 1 -2.1244129064146972e-4 22200998 22200998 0
1 9148 rs11184264 105235357 1 2.1222746765638245e-4 105235357 105235357 0
1 12828 rs12720462 171217691 1 2.117103267911521e-4 171217691 171217691 0
1 8454 rs2027054 97680720 1 -2.1133721206272244e-4 97680720 97680720 0
1 17378 rs7537305 220956012 1 2.1127551358880365e-4 220956012 220956012 0
1 2101 rs404100 25366987 1 -2.1127341584835905e-4 25366987 25366987 0
1 13100 rs6703740 175041977 1 -2.1055015313782444e-4 175041977 175041977 0
1 320 rs9660967 5581798 1 2.0985117775477625e-4 5581798 5581798 0
1 11553 rs984553 159599414 1 2.0935066375820025e-4 159599414 159599414 0
1 11417 rs35948326 158624528 1 2.0908454036925925e-4 158624528 158624528 0
1 9594 rs673792 110646283 1 -2.0891956340114752e-4 110646283 110646283 0
1 722 rs2076655 11289161 1 2.0890126277842147e-4 11289161 11289161 0
1 8818 rs2038363 101726526 1 2.0846088308775615e-4 101726526 101726526 0
1 8244 rs12136757 95997068 1 2.079674189375006e-4 95997068 95997068 0
1 10479 rs1766787 119452758 1 2.069443716297143e-4 119452758 119452758 0
1 366 rs11485227 6474008 1 -2.068018698253515e-4 6474008 6474008 0
1 18753 rs750813 234557918 1 2.0615286645053873e-4 234557918 234557918 0
1 1887 rs209705 22934644 1 2.0518504167653303e-4 22934644 22934644 0
1 3493 rs7519215 44532725 2 -2.047112446723298e-4 44532725 44532725 0
1 9639 rs12409155 110998348 1 -2.042081993318312e-4 110998348 110998348 0
1 3366 rs55716016 43232504 1 2.0165694768258343e-4 43232504 43232504 0
1 4609 rs11580092 58834026 1 -2.014906144733326e-4 58834026 58834026 0
1 13429 rs6693283 178740427 1 -1.9994769634818188e-4 178740427 178740427 0
1 13923 rs4651156 183837032 1 -1.998439561985307e-4 183837032 183837032 0
1 6189 rs12239912 75130289 1 1.9925160600924285e-4 75130289 75130289 0
1 3377 rs6674019 43353134 1 1.9924724468153463e-4 43353134 43353134 0
1 19092 rs7540190 238534722 1 1.988651898472316e-4 238534722 238534722 0
1 5768 rs7541833 69184038 2 1.9883085285957373e-4 69184038 69184038 0
1 15165 rs1389644 200682721 1 -1.9859404978173577e-4 200682721 200682721 0
1 14380 rs12724000 190351677 2 -1.9836608427127432e-4 190351677 190351677 0
1 1662 rs640880 20907051 2 -1.9835714231892544e-4 20907051 20907051 0
1 12121 rs10737505 165121286 1 1.9833029432095748e-4 165121286 165121286 0
1 19861 rs4654096 246391677 1 1.9822405981642863e-4 246391677 246391677 0
1 11478 rs1772415 159002778 1 1.9795087045215324e-4 159002778 159002778 0
1 8229 rs7526471 95897424 1 -1.9783108377504269e-4 95897424 95897424 0
1 5563 rs10889657 67615487 1 1.9733513812560596e-4 67615487 67615487 0
1 2032 rs10489442 24749079 1 1.9699937853101976e-4 24749079 24749079 0
1 15789 rs7512726 206832961 1 -1.9681561697179663e-4 206832961 206832961 0
1 15462 rs4971226 203256800 1 -1.958248613843368e-4 203256800 203256800 0
1 4603 rs11207206 58824988 1 1.955123763352505e-4 58824988 58824988 0
1 17184 rs6703753 219163360 1 -1.953486493302521e-4 219163360 219163360 0
1 819 rs7546794 12336147 1 1.9523865213482412e-4 12336147 12336147 0
1 18794 rs11587991 235361317 1 -1.9449049788966089e-4 235361317 235361317 0
1 10972 rs821427 153275977 1 1.935346294238216e-4 153275977 153275977 0
1 14966 rs3736930 198505830 1 1.9342476418430008e-4 198505830 198505830 0
1 9823 rs10489796 112078745 1 -1.9186148716493693e-4 112078745 112078745 0
1 7344 rs7518036 86064486 1 -1.9000906391799372e-4 86064486 86064486 0
1 688 rs6540938 10636459 1 -1.8885236559452673e-4 10636459 10636459 0
1 2158 rs3008428 26376607 1 1.8855931442790855e-4 26376607 26376607 0
1 17800 rs3753658 226012686 1 1.8844326780749753e-4 226012686 226012686 0
1 19091 rs7526709 238533500 1 1.877556375586564e-4 238533500 238533500 0
1 10359 rs11581122 118168826 1 -1.8762276674492555e-4 118168826 118168826 0
1 14977 rs10801677 198628483 1 1.8707002987534583e-4 198628483 198628483 0
1 19909 rs7551836 246960463 1 1.8596837402849316e-4 246960463 246960463 0
1 237 rs6426440 4914910 1 1.8533814945144415e-4 4914910 4914910 0
1 9592 rs756134 110640235 1 -1.8502920365762488e-4 110640235 110640235 0
1 7922 rs7553367 93042614 1 -1.837193037690958e-4 93042614 93042614 0
1 13268 rs2014384 177130037 1 1.828878935900397e-4 177130037 177130037 0
1 2557 rs2275741 31426815 1 1.826640810312366e-4 31426815 31426815 0
1 4413 rs9803799 57180072 1 1.8135528763838096e-4 57180072 57180072 0
1 8239 rs10874924 95966161 1 -1.7959315485592406e-4 95966161 95966161 0
1 4925 rs41289428 62579758 1 -1.791459078788037e-4 62579758 62579758 0
1 18890 rs10489788 236658679 2 1.7839796347361115e-4 236658679 236658679 0
1 19489 rs316837 242350414 1 -1.7703639051390004e-4 242350414 242350414 0
1 4368 rs17469007 56872794 1 1.7685288857924335e-4 56872794 56872794 0
1 14326 rs532905 189620278 1 -1.7616129564004324e-4 189620278 189620278 0
1 4424 rs2269115 57343897 1 -1.7568355946482597e-4 57343897 57343897 0
1 9396 rs17019602 108188858 1 1.7561889541133034e-4 108188858 108188858 0
1 8589 rs1482144 99334672 1 1.755333877884396e-4 99334672 99334672 0
1 9494 rs17555648 109356362 1 1.7435085850664366e-4 109356362 109356362 0
1 11227 rs7542311 156964052 1 -1.735201128481296e-4 156964052 156964052 0
1 3487 rs6429644 44487280 1 1.7344227541624244e-4 44487280 44487280 0
1 5842 rs12025135 70138465 1 1.72803556603165e-4 70138465 70138465 0
1 10777 rs6587552 151018861 1 1.7217522644343518e-4 151018861 151018861 0
1 12009 rs7536844 164001513 1 1.702515814062644e-4 164001513 164001513 0
1 15197 rs12132696 201004512 1 1.6924679812763168e-4 201004512 201004512 0
1 16833 rs6419476 216236311 1 -1.6921104130412988e-4 216236311 216236311 0
1 18962 rs11587851 237401055 1 1.6757800866821652e-4 237401055 237401055 0
1 2178 rs11247870 26527163 1 -1.661567501530771e-4 26527163 26527163 0
1 1054 rs6429728 15540685 1 1.658584438208206e-4 15540685 15540685 0
1 16548 rs320424 213703223 2 -1.6530641534408003e-4 213703223 213703223 0
1 3699 rs12123884 47960631 1 -1.6247165368431257e-4 47960631 47960631 0
1 7467 rs1886632 87610246 1 -1.6191354566092754e-4 87610246 87610246 0
1 19807 rs9287193 246047468 1 -1.6187240235412736e-4 246047468 246047468 0
1 10977 rs2916229 153294653 1 1.609312184387049e-4 153294653 153294653 0
1 578 rs3765966 9011722 1 1.5985012447326542e-4 9011722 9011722 0
1 13067 rs4652283 173854659 1 1.5964076094147984e-4 173854659 173854659 0
1 10693 rs11240117 147217965 1 1.594277095161521e-4 147217965 147217965 0
1 17741 rs10799300 225511905 1 1.5769313855697984e-4 225511905 225511905 0
1 18217 rs12024407 230621314 1 -1.5747799706364855e-4 230621314 230621314 0
1 5221 rs11208467 65031202 1 1.5698024382845003e-4 65031202 65031202 0
1 17934 rs2953645 227532129 1 -1.5648065307406097e-4 227532129 227532129 0
1 19099 rs10925637 238560794 1 1.564037725940484e-4 238560794 238560794 0
1 17995 rs17851681 227954677 1 -1.562721496294356e-4 227954677 227954677 0
1 18754 rs111283864 234565176 1 1.5564977848062306e-4 234565176 234565176 0
1 12829 rs4631734 171220236 1 1.5491721026415585e-4 171220236 171220236 0
1 18620 rs6687124 233619908 1 -1.5451728164441895e-4 233619908 233619908 0
1 17472 rs7546398 221935450 1 1.5446977596033168e-4 221935450 221935450 0
1 18558 rs980640 232925406 1 -1.5433300300074976e-4 232925406 232925406 0
1 8055 rs3789434 94575978 1 -1.5227702988924435e-4 94575978 94575978 0
1 6196 rs1051122 75190452 1 1.5087424169584962e-4 75190452 75190452 0
1 6101 rs12072171 73197081 1 1.5059575787243249e-4 73197081 73197081 0
1 11504 rs12072644 159215287 1 1.5046540840038788e-4 159215287 159215287 0
1 10141 rs910330 115835500 1 1.5045057123399115e-4 115835500 115835500 0
1 20059 rs6657427 248032168 2 -1.502866843413539e-4 248032168 248032168 0
1 7719 rs17131031 90854258 2 1.4937325216402974e-4 90854258 90854258 0
1 1245 rs1748020 17668609 1 1.485212027106522e-4 17668609 17668609 0
1 15533 rs4338423 204231164 1 -1.469864199357552e-4 204231164 204231164 0
1 2900 rs7549591 37198352 1 -1.4613060338689973e-4 37198352 37198352 0
1 5491 rs11208924 67083647 1 -1.457782394596691e-4 67083647 67083647 0
1 808 rs12029016 12128498 1 -1.4495565075233678e-4 12128498 12128498 0
1 1412 rs9439731 19059471 1 1.4453096075067663e-4 19059471 19059471 0
1 12404 rs1935286 167554230 1 -1.4444375846032516e-4 167554230 167554230 0
1 78 rs11589102 3821782 1 -1.4371458829561247e-4 3821782 3821782 0
1 11644 rs10908813 160895847 1 -1.4301755223263072e-4 160895847 160895847 0
1 5000 rs10889353 63118196 1 -1.4253614762685228e-4 63118196 63118196 0
1 17290 rs17006599 219936765 1 -1.4222909946028908e-4 219936765 219936765 0
1 5879 rs6424382 70596535 1 -1.4164834709902907e-4 70596535 70596535 0
1 846 rs11809649 12808591 1 1.4076349247372485e-4 12808591 12808591 0
1 19159 rs9428818 239171877 2 1.4063538316374125e-4 239171877 239171877 0
1 7178 rs315552 84795283 1 1.3974750812724066e-4 84795283 84795283 0
1 18017 rs1620734 228297613 1 -1.396700965913533e-4 228297613 228297613 0
1 11647 rs1062827 160966844 2 -1.3806205788176388e-4 160966844 160966844 0
1 9347 rs1762506 107656356 1 1.3784422100375737e-4 107656356 107656356 0
1 6105 rs1405062 73317559 1 1.3589290588214646e-4 73317559 73317559 0
1 158 rs12140626 4533632 1 1.3577475595625383e-4 4533632 4533632 0
1 5302 rs724685 65726516 1 -1.3576599970693164e-4 65726516 65726516 0
1 10196 rs7518005 116284944 1 1.3540218861651348e-4 116284944 116284944 0
1 2706 rs652391 34202162 1 -1.3390852701565618e-4 34202162 34202162 0
1 19805 rs4654062 246042392 1 -1.3342593583881e-4 246042392 246042392 0
1 19712 rs10803251 245173460 1 -1.333306274571938e-4 245173460 245173460 0
1 15727 rs708727 205767885 1 -1.329518779637823e-4 205767885 205767885 0
1 1977 rs2502979 24149315 1 1.327444547302613e-4 24149315 24149315 0
1 9266 rs11184847 106849846 1 -1.316148228691536e-4 106849846 106849846 0
1 15251 rs1772849 201280163 1 1.313527131910972e-4 201280163 201280163 0
1 6147 rs717830 74376663 1 1.3095168225846113e-4 74376663 74376663 0
1 538 rs428046 8278929 1 -1.300252291512691e-4 8278929 8278929 0
1 4828 rs648787 61296240 1 -1.3002114097084266e-4 61296240 61296240 0
1 17469 rs4589119 221915967 1 1.2979983194690484e-4 221915967 221915967 0
1 2623 rs4949465 32178489 1 1.294549147374964e-4 32178489 32178489 0
1 7885 rs883873 92380302 1 -1.2927557960076388e-4 92380302 92380302 0
1 2942 rs2745487 37859876 1 -1.29031515476164e-4 37859876 37859876 0
1 19081 rs17528326 238494665 1 1.2824204706714414e-4 238494665 238494665 0
1 143 rs6658372 4488979 1 1.271243273046487e-4 4488979 4488979 0
1 18891 rs10754573 236677586 1 1.2641953459887836e-4 236677586 236677586 0
1 16793 rs7536020 216003557 1 -1.2578182255196542e-4 216003557 216003557 0
1 6426 rs341007 77115607 1 -1.253057980547893e-4 77115607 77115607 0
1 18222 rs6661407 230654589 1 -1.2458277290860515e-4 230654589 230654589 0
1 12782 rs2281004 171106931 1 -1.2396166252791902e-4 171106931 171106931 0
1 9886 rs4424504 112603984 1 -1.235062574150291e-4 112603984 112603984 0
1 15878 rs2182911 207660071 1 -1.2171543966554228e-4 207660071 207660071 0
1 4031 rs525145 54010065 1 1.2089099415463012e-4 54010065 54010065 0
1 8878 rs1343364 101991399 1 1.2060137026719586e-4 101991399 101991399 0
1 1105 rs7533125 15883744 1 1.1823269872344892e-4 15883744 15883744 0
1 55 rs2483274 3248098 1 1.1785313890720422e-4 3248098 3248098 0
1 19891 rs6426312 246766435 1 1.177666708498769e-4 246766435 246766435 0
1 15778 rs6669685 206734044 1 1.1755156075110787e-4 206734044 206734044 0
1 5522 rs12030322 67306616 2 -1.1748205947975914e-4 67306616 67306616 0
1 1777 rs333171 22033705 1 1.1740274214889363e-4 22033705 22033705 0
1 14585 rs6428113 192569061 1 -1.1633558845263264e-4 192569061 192569061 0
1 8881 rs1484315 102080843 1 1.1546007291849e-4 102080843 102080843 0
1 11407 rs78394850 158592847 1 -1.1230162655946904e-4 158592847 158592847 0
1 2885 rs12726247 37007987 1 -1.1173345208189791e-4 37007987 37007987 0
1 19540 rs12067469 242690935 1 -1.0981056963653948e-4 242690935 242690935 0
1 70 rs6662706 3732596 1 1.0973373405923476e-4 3732596 3732596 0
1 19616 rs10927046 243801190 1 1.0842453464487816e-4 243801190 243801190 0
1 8925 rs6661510 102565669 2 1.0807612903125412e-4 102565669 102565669 0
1 15268 rs12126907 201312033 1 1.0758585800792628e-4 201312033 201312033 0
1 1152 rs872222 16344664 1 -1.0738838275559145e-4 16344664 16344664 0
1 19157 rs9428802 239144913 1 1.0734208569318051e-4 239144913 239144913 0
1 18400 rs1769807 231651391 1 1.0678008586308549e-4 231651391 231651391 0
1 14239 rs11800915 187684427 2 -1.06533523959049e-4 187684427 187684427 0
1 18264 rs2479131 230818841 2 1.0615321930177831e-4 230818841 230818841 0
1 7513 rs1888732 87987841 1 -1.0580943656399312e-4 87987841 87987841 0
1 12229 rs7418252 165993565 1 -1.0458286270110745e-4 165993565 165993565 0
1 14898 rs12568860 197897332 2 -1.0440127658224424e-4 197897332 197897332 0
1 2241 rs12755215 27333622 1 1.0437633644601004e-4 27333622 27333622 0
1 8948 rs6577309 102714517 1 -1.0382843400411006e-4 102714517 102714517 0
1 19276 rs16839632 240361446 1 -1.037094524149043e-4 240361446 240361446 0
1 10597 rs12091564 145395604 1 -1.02802412834218e-4 145395604 145395604 0
1 1514 rs10917452 19770968 1 -1.0170529649288888e-4 19770968 19770968 0
1 14672 rs16836486 194158025 1 -1.0165494457137125e-4 194158025 194158025 0
1 16545 rs4655421 213659931 1 1.0143759615875815e-4 213659931 213659931 0
1 14677 rs10754095 194295528 1 1.0143720222165744e-4 194295528 194295528 0
1 11222 rs2275199 156909695 1 -1.0106603144628852e-4 156909695 156909695 0
1 622 rs9430506 9693988 1 -1.0085727308201468e-4 9693988 9693988 0
1 10194 rs9428083 116283343 1 1.00774846007789e-4 116283343 116283343 0
1 17132 rs12038116 218719400 1 -1.0073438914023408e-4 218719400 218719400 0
1 14567 rs12568724 192417494 1 -1.0066567492025593e-4 192417494 192417494 0
1 15685 rs12122704 205342450 1 -1.0040287553871182e-4 205342450 205342450 0
1 5767 rs860534 69162800 1 -9.954659663225464e-5 69162800 69162800 0
1 15724 rs947211 205752665 1 9.831318470262386e-5 205752665 205752665 0
1 5752 rs1924533 69008903 1 9.590854762569292e-5 69008903 69008903 0
1 13671 rs2609495 181251614 1 -9.579300485875974e-5 181251614 181251614 0
1 14727 rs10921706 194929606 1 9.185107432582968e-5 194929606 194929606 0
1 14332 rs10919787 189775505 1 9.086174457467284e-5 189775505 189775505 0
1 18769 rs4920259 234689664 1 9.072730265945766e-5 234689664 234689664 0
1 1962 rs2038027 23848042 1 9.04124655830884e-5 23848042 23848042 0
1 2858 rs636832 36363475 1 -8.990390409655315e-5 36363475 36363475 0
1 9478 rs12408504 109023455 1 -8.877805035345369e-5 109023455 109023455 0
1 17092 rs17047306 218243697 1 8.837063962869325e-5 218243697 218243697 0
1 9115 rs12041707 104989780 2 -8.8076542463875e-5 104989780 104989780 0
1 15220 rs7542768 201125326 1 -8.636174620126253e-5 201125326 201125326 0
1 15399 rs4950952 202739602 1 8.587359188893796e-5 202739602 202739602 0
1 6278 rs6662665 76068279 1 -8.428304333967635e-5 76068279 76068279 0
1 1603 rs11573219 20402767 1 8.396626295714604e-5 20402767 20402767 0
1 18757 rs139816698 234582720 1 8.367104227619026e-5 234582720 234582720 0
1 18880 rs6695464 236548122 1 8.351260128197545e-5 236548122 236548122 0
1 17 rs2494428 2339074 1 8.287902072380537e-5 2339074 2339074 0
1 12059 rs12043375 164365846 1 -8.148926758266206e-5 164365846 164365846 0
1 3245 rs11210507 42105488 1 -8.129120053081695e-5 42105488 42105488 0
1 1851 rs2807338 22577425 2 -8.124751758934114e-5 22577425 22577425 0
1 19531 rs1548160 242641923 1 -8.088566141448494e-5 242641923 242641923 0
1 18211 rs4846956 230522690 1 -8.066696901453317e-5 230522690 230522690 0
1 6778 rs4618922 80563300 1 7.901474395569409e-5 80563300 80563300 0
1 11486 rs62621173 159021506 1 -7.880362343760438e-5 159021506 159021506 0
1 6276 rs211699 76025003 1 -7.720909735822342e-5 76025003 76025003 0
1 3697 rs515146 47955790 1 7.695429478338091e-5 47955790 47955790 0
1 14588 rs41300867 192627431 1 7.523278371257522e-5 192627431 192627431 0
1 15509 rs3911890 204030721 1 7.487760262549419e-5 204030721 204030721 0
1 4400 rs17408450 57057316 1 -7.460374366067566e-5 57057316 57057316 0
1 16428 rs10494942 211916142 1 -7.357218016378203e-5 211916142 211916142 0
1 17608 rs4551564 224237716 1 -7.320985631679445e-5 224237716 224237716 0
1 9429 rs7548905 108459260 1 -7.247819074037112e-5 108459260 108459260 0
1 456 rs11120887 7318534 2 7.215964244836054e-5 7318534 7318534 0
1 4273 rs10443236 56110248 2 7.193461065432431e-5 56110248 56110248 0
1 4799 rs10889175 60901523 2 7.164748566694642e-5 60901523 60901523 0
1 10739 rs11204675 150570985 1 -7.091419141053013e-5 150570985 150570985 0
1 11816 rs449908 162324445 1 -7.036526351403092e-5 162324445 162324445 0
1 6795 rs952603 80683606 1 -6.977135671579325e-5 80683606 80683606 0
1 3123 rs926830 40722795 1 6.917989536362136e-5 40722795 40722795 0
1 9720 rs10857834 111421712 1 6.89590300433432e-5 111421712 111421712 0
1 4276 rs7518530 56143209 1 -6.876487938567305e-5 56143209 56143209 0
1 1567 rs3806308 20142866 1 6.81539947498767e-5 20142866 20142866 0
1 5848 rs1740909 70176245 1 -6.763309623273251e-5 70176245 70176245 0
1 1912 rs12090415 23155231 1 -6.65036454207839e-5 23155231 23155231 0
1 3002 rs16824807 38695702 1 -6.64794218285345e-5 38695702 38695702 0
1 5096 rs6697508 63893394 1 -6.626997387850315e-5 63893394 63893394 0
1 13207 rs732292 175832217 1 -6.559073394851122e-5 175832217 175832217 0
1 7551 rs2503273 88273790 2 6.527657520472046e-5 88273790 88273790 0
1 12197 rs1143660 165648710 1 6.493368841235244e-5 165648710 165648710 0
1 19664 rs4658627 244511176 1 -6.48413587646877e-5 244511176 244511176 0
1 17771 rs576861 225744337 1 -6.383018025585255e-5 225744337 225744337 0
1 16505 rs17019556 212846165 2 6.347751102785126e-5 212846165 212846165 0
1 16547 rs320379 213677091 2 -6.313392322905077e-5 213677091 213677091 0
1 6886 rs1195685 81617971 2 6.309508260271985e-5 81617971 81617971 0
1 8692 rs28730701 100340782 1 6.305443730107629e-5 100340782 100340782 0
1 6900 rs1557020 81739593 1 -6.204238759149049e-5 81739593 81739593 0
1 15383 rs75658797 202287754 1 6.200714061048566e-5 202287754 202287754 0
1 14771 rs10494731 195736595 1 6.182498834686562e-5 195736595 195736595 0
1 4730 rs2179662 60213519 2 -6.080450726174989e-5 60213519 60213519 0
1 16836 rs1544299 216264388 1 -6.044565777152291e-5 216264388 216264388 0
1 5112 rs1740402 64140572 1 -6.01185430888753e-5 64140572 64140572 0
1 649 rs946504 10308597 1 -5.981535825831007e-5 10308597 10308597 0
1 11916 rs7339985 162945455 1 -5.953148812369003e-5 162945455 162945455 0
1 11750 rs4657134 161990991 1 -5.818119704679303e-5 161990991 161990991 0
1 3577 rs6683116 46975773 1 5.7347212901885735e-5 46975773 46975773 0
1 14770 rs12073625 195730565 1 5.7207018417732125e-5 195730565 195730565 0
1 325 rs770718 5674434 1 5.688534867057188e-5 5674434 5674434 0
1 1109 rs3766163 15986547 1 5.615400407203864e-5 15986547 15986547 0
1 10885 rs1923501 152411153 1 5.556648479036054e-5 152411153 152411153 0
1 1094 rs4646092 15821673 1 5.547893400265315e-5 15821673 15821673 0
1 3114 rs6600315 40564887 1 -5.480299613199993e-5 40564887 40564887 0
1 7391 rs17128768 86507592 1 5.470484552932357e-5 86507592 86507592 0
1 5319 rs4915691 65867519 1 5.453148141020007e-5 65867519 65867519 0
1 2288 rs12090855 28874969 1 -5.44010278189595e-5 28874969 28874969 0
1 15532 rs4951338 204230052 1 -5.42663994361787e-5 204230052 204230052 0
1 1978 rs12744386 24168019 1 5.294245700167626e-5 24168019 24168019 0
1 15434 rs4950914 203041457 1 5.2940893781292336e-5 203041457 203041457 0
1 9718 rs1494324 111415841 2 5.292945344527925e-5 111415841 111415841 0
1 402 rs12058103 6903599 1 -5.228556745191294e-5 6903599 6903599 0
1 15625 rs16855040 205044757 1 -5.19748400828359e-5 205044757 205044757 0
1 5568 rs1004819 67670213 2 5.1825958306671457e-5 67670213 67670213 0
1 7913 rs566576 92647861 1 -5.170209665233565e-5 92647861 92647861 0
1 6976 rs12725617 82420338 1 -5.141333737109236e-5 82420338 82420338 0
1 11376 rs61739693 158449749 1 -5.1341086410901474e-5 158449749 158449749 0
1 17657 rs6661853 224820448 2 5.0200309817824336e-05 224820448 224820448 0
1 5801 rs720233 69779437 1 4.948748164406445e-5 69779437 69779437 0
1 1473 rs4912064 19602979 1 -4.9328278394256784e-5 19602979 19602979 0
1 6637 rs2065486 79482417 1 4.896893433268104e-5 79482417 79482417 0
1 14134 rs6685652 186831728 1 -4.838487893230849e-5 186831728 186831728 0
1 489 rs2071987 7834026 1 4.832499384677977e-5 7834026 7834026 0
1 16517 rs1890932 213046236 1 -4.8285991261496886e-5 213046236 213046236 0
1 17525 rs2066136 222230715 1 4.707704305347133e-5 222230715 222230715 0
1 911 rs6681501 14320502 1 -4.63551423366504e-5 14320502 14320502 0
1 1820 rs7544210 22455142 1 4.5820033430787745e-5 22455142 22455142 0
1 4421 rs72670315 57320444 1 -4.567582820618774e-5 57320444 57320444 0
1 19903 rs7513496 246907206 1 4.566306828535984e-5 246907206 246907206 0
1 14709 rs6428262 194683889 1 4.520676326845499e-5 194683889 194683889 0
1 8111 rs1146267 95220161 1 4.437546306269805e-5 95220161 95220161 0
1 11080 rs11264268 154796520 1 4.406773753577148e-5 154796520 154796520 0
1 86 rs10915659 4092949 1 4.352808449475431e-5 4092949 4092949 0
1 9105 rs11185445 104898703 1 -4.170536689764967e-5 104898703 104898703 0
1 113 rs351619 4368819 1 4.127047300714198e-5 4368819 4368819 0
1 7491 rs12745274 87769398 1 -4.115980050801531e-5 87769398 87769398 0
1 1078 rs572953 15609117 1 -4.057001568989799e-5 15609117 15609117 0
1 13439 rs6425512 179000143 1 -4.031572302129622e-5 179000143 179000143 0
1 16195 rs845464 210385014 1 -4.013191485122418e-5 210385014 210385014 0
1 13590 rs7544147 180167644 1 3.965737621684397e-5 180167644 180167644 0
1 14614 rs752276 193443157 1 3.964642042810011e-5 193443157 193443157 0
1 14318 rs421604 189548411 1 3.9365439780229174e-5 189548411 189548411 0
1 8920 rs7529987 102477512 1 -3.9346768933547205e-5 102477512 102477512 0
1 18798 rs12757197 235590559 1 -3.910435971212144e-5 235590559 235590559 0
1 13340 rs34612022 177811499 1 3.874879276077288e-5 177811499 177811499 0
1 5571 rs11805303 67675516 1 3.806599024291993e-5 67675516 67675516 0
1 17022 rs187286 217593284 1 -3.730475561969595e-5 217593284 217593284 0
1 10005 rs6679677 114303808 1 3.684736791227188e-5 114303808 114303808 0
1 14068 rs4651255 185364454 1 3.6296349133393345e-5 185364454 185364454 0
1 18322 rs9970333 230954785 1 3.6204800729208966e-5 230954785 230954785 0
1 17364 rs796486 220885612 1 -3.533937698700508e-5 220885612 220885612 0
1 404 rs2063313 6936375 1 -3.518559596938086e-5 6936375 6936375 0
1 2345 rs7514218 29780757 1 -3.49682268666641e-5 29780757 29780757 0
1 9543 rs7550711 110082886 1 3.449957181143197e-5 110082886 110082886 0
1 12334 rs10918573 166718884 1 -3.4365783314008086e-5 166718884 166718884 0
1 9013 rs2615996 103420053 1 -3.425482389404082e-5 103420053 103420053 0
1 2323 rs12032476 29529943 1 3.421499798121497e-5 29529943 29529943 0
1 13576 rs6425607 180075388 1 -3.4170283218577544e-5 180075388 180075388 0
1 19598 rs4535989 243033446 1 -3.3857434614715884e-5 243033446 243033446 0
1 3575 rs2025384 46967890 1 -3.3410010450930994e-5 46967890 46967890 0
1 16250 rs2357593 210646112 1 3.2626523184265336e-5 210646112 210646112 0
1 17609 rs7517868 224251666 2 -3.2524657415356964e-5 224251666 224251666 0
1 19992 rs7525979 247587408 1 3.239633418413008e-5 247587408 247587408 0
1 2904 rs476227 37285123 1 3.2049489589375244e-5 37285123 37285123 0
1 720 rs12142107 11097867 1 -3.171456373366315e-5 11097867 11097867 0
1 7821 rs1983170 91986482 1 3.157856558966186e-5 91986482 91986482 0
1 16168 rs12063989 210049893 1 -2.949522425358547e-5 210049893 210049893 0
1 13059 rs7540065 173449036 1 -2.9107858007821663e-5 173449036 173449036 0
1 19458 rs952084 241946294 1 2.8440095753655983e-5 241946294 241946294 0
1 17990 rs1060295 227920061 1 -2.8406398719740047e-5 227920061 227920061 0
1 11577 rs4233361 159860917 1 2.822327385213537e-5 159860917 159860917 0
1 18118 rs652014 229200392 1 2.8084088630830076e-5 229200392 229200392 0
1 10640 rs1932978 146727763 1 -2.718390358072517e-5 146727763 146727763 0
1 15900 rs3085 207857254 1 2.7143950301758933e-5 207857254 207857254 0
1 2257 rs6693871 27786923 1 2.7069449899580377e-5 27786923 27786923 0
1 1775 rs829372 22030189 2 -2.693059576628368e-5 22030189 22030189 0
1 20001 rs12565738 247609328 1 -2.673261061056942e-5 247609328 247609328 0
1 9682 rs343614 111276629 1 -2.642894164256372e-5 111276629 111276629 0
1 13381 rs946818 177997797 1 -2.606230864220321e-5 177997797 177997797 0
1 119 rs351608 4384773 1 -2.5687212706079136e-5 4384773 4384773 0
1 6565 rs12409525 78708393 1 2.567240303994789e-5 78708393 78708393 0
1 19344 rs10926303 240740757 1 -2.566236328570726e-5 240740757 240740757 0
1 7932 rs10735783 93195338 1 -2.5173684871369185e-5 93195338 93195338 0
1 5973 rs481940 71442457 1 2.4821359305309496e-5 71442457 71442457 0
1 15721 rs823122 205725028 1 2.468945532943667e-5 205725028 205725028 0
1 14883 rs2488394 197735497 1 2.464203849142925e-5 197735497 197735497 0
1 6587 rs6691836 79143192 1 -2.4402384869866897e-5 79143192 79143192 0
1 19324 rs12139890 240603534 1 -2.4234704124617057e-5 240603534 240603534 0
1 15053 rs2786723 199521371 1 -2.4025360359720702e-5 199521371 199521371 0
1 10862 rs1552991 152165878 2 2.3800903042133295e-5 152165878 152165878 0
1 9584 rs7365459 110492809 1 2.3122964296836093e-5 110492809 110492809 0
1 6087 rs2815749 72814783 1 2.306599533791424e-5 72814783 72814783 0
1 15004 rs1040959 198895844 1 2.2119122093729095e-5 198895844 198895844 0
1 17066 rs1397178 218099577 1 -2.1874887572501503e-5 218099577 218099577 0
1 9545 rs6537837 110119732 1 2.1687113203302175e-5 110119732 110119732 0
1 14884 rs1924518 197738327 1 2.1133532415948523e-5 197738327 197738327 0
1 20045 rs4925724 247991609 2 2.112601980767937e-5 247991609 247991609 0
1 15 rs1129333 2335676 1 2.0041449997141644e-5 2335676 2335676 0
1 329 rs945322 5684301 1 1.996868159180438e-5 5684301 5684301 0
1 816 rs945439 12248942 2 -1.996246643193944e-5 12248942 12248942 0
1 1673 rs12036909 20933278 1 -1.8751184148770455e-5 20933278 20933278 0
1 19684 rs3003217 244715439 2 1.8311370419341096e-5 244715439 244715439 0
1 4128 rs2117262 55089880 2 1.828169197704558e-5 55089880 55089880 0
1 3749 rs728864 48530258 1 1.821784668147551e-5 48530258 48530258 0
1 12271 rs4542197 166364063 2 1.8174314624012145e-5 166364063 166364063 0
1 9301 rs10494048 107195059 1 -1.789787338933698e-5 107195059 107195059 0
1 8436 rs11165779 97564650 1 1.7666275479123352e-5 97564650 97564650 0
1 14725 rs10494715 194910993 1 1.712845639485123e-5 194910993 194910993 0
1 9479 rs7542675 109041784 1 -1.6621193687065795e-5 109041784 109041784 0
1 4192 rs4927222 55767547 1 -1.6167241365448064e-5 55767547 55767547 0
1 15613 rs10793722 205019380 1 -1.5966621702261072e-5 205019380 205019380 0
1 19821 rs946145 246170087 1 -1.5439849534365092e-5 246170087 246170087 0
1 5846 rs17325299 70154480 1 -1.5293519744793543e-5 70154480 70154480 0
1 4261 rs6704127 56070382 1 -1.5254810370210926e-5 56070382 56070382 0
1 14399 rs7541423 190501742 1 1.5096898571232884e-5 190501742 190501742 0
1 3091 rs6693041 40302463 1 -1.417738307402657e-5 40302463 40302463 0
1 12349 rs6427047 166914258 1 1.3758160781708964e-5 166914258 166914258 0
1 1144 rs848194 16285342 2 1.3757240912312844e-5 16285342 16285342 0
1 12701 rs10919319 170152927 1 1.3695145292821055e-5 170152927 170152927 0
1 13880 rs527825 183340238 1 1.339897648070236e-5 183340238 183340238 0
1 12333 rs12073480 166711398 1 -1.333918434868996e-5 166711398 166711398 0
1 15293 rs1256929 201441734 1 -1.3318878935432304e-5 201441734 201441734 0
1 13766 rs10911031 182173711 1 -1.3180311652110258e-5 182173711 182173711 0
1 6268 rs6658825 75974819 1 -1.262124438040944e-5 75974819 75974819 0
1 603 rs4908830 9297871 2 -1.1606589929220867e-5 9297871 9297871 0
1 676 rs2056417 10581658 1 -1.1182324077181065e-5 10581658 10581658 0
1 6306 rs12024645 76284395 1 -1.0436275234468656e-5 76284395 76284395 0
1 1736 rs213028 21652177 1 -9.943380837657482e-6 21652177 21652177 0
1 19020 rs36017138 238050081 1 -9.914815886207494e-6 238050081 238050081 0
1 8144 rs4847368 95377038 1 9.810567190182472e-6 95377038 95377038 0
1 17318 rs2230301 220197625 1 -9.645286410905644e-6 220197625 220197625 0
1 5309 rs7528114 65805144 1 -9.131738415087474e-6 65805144 65805144 0
1 11451 rs857838 158750550 2 9.082272321567848e-6 158750550 158750550 0
1 14801 rs1597732 195954813 1 8.851788690270426e-6 195954813 195954813 0
1 7930 rs2391199 93160902 1 -8.015567127363269e-6 93160902 93160902 0
1 16841 rs10864233 216295188 1 -7.893929660495721e-6 216295188 216295188 0
1 10902 rs4240887 152530510 1 7.793746863644209e-6 152530510 152530510 0
1 5263 rs7553101 65420190 1 7.618112793151615e-6 65420190 65420190 0
1 4749 rs12731852 60408975 1 7.138003977899066e-6 60408975 60408975 0
1 4995 rs10159255 63020816 1 6.505663306249776e-6 63020816 63020816 0
1 18752 rs2175593 234529570 1 6.1469009783862524e-6 234529570 234529570 0
1 7599 rs658980 89045338 1 -6.045794830678208e-6 89045338 89045338 0
1 16903 rs2820883 216872461 1 -5.977429551320898e-6 216872461 216872461 0
1 12012 rs1289588 164013029 1 5.698188601764123e-6 164013029 164013029 0
1 5843 rs12118129 70143124 1 5.350809631533086e-6 70143124 70143124 0
1 12264 rs9943264 166299138 1 3.7650300608540745e-6 166299138 166299138 0
1 8036 rs550060 94524784 1 1.4629730349821517e-6 94524784 94524784 0
1 12512 rs1933085 168596469 1 -1.3290209092703249e-6 168596469 168596469 0
1 1566 rs3806310 20142681 2 -1.2484918276537706e-6 20142681 20142681 0
1 14327 rs473773 189627183 1 -1.1031952156068023e-6 189627183 189627183 0
1 3111 rs4660390 40560399 2 -1.0295411033382327e-6 40560399 40560399 0
1 19142 rs7551773 239060960 1 9.425831397969756e-7 239060960 239060960 0
1 16534 rs6692011 213174934 1 8.463735681364953e-7 213174934 213174934 0
1 4612 rs17496683 58848671 1 -5.918335093251529e-7 58848671 58848671 0
1 3923 rs706497 53114736 1 -2.410067652955394e-7 53114736 53114736 0
1 2246 rs479067 27375997 1 1.5265017406845178e-7 27375997 27375997 0
1 11681 rs11265582 161255333 1 -2.43864342989644e-8 161255333 161255333 0
1 2987 rs7528185 38452059 1 5.082692007123233e-15 38452059 38452059 0
1 6304 rs5745354 76275178 1 1.2033185871047768e-15 76275178 76275178 0
1 17316 rs2248479 220183630 1 8.823238177294954e-16 220183630 220183630 0
1 1755 rs3200254 21894735 1 6.558199556771481e-16 21894735 21894735 0
1 18899 rs6671704 236797237 1 4.2817113301576634e-16 236797237 236797237 0
1 11649 rs2297221 160970968 1 2.967181760102979e-16 160970968 160970968 0
1 12288 rs1494428 166454802 1 2.460918308917542e-16 166454802 166454802 0
1 5844 rs10489554 70148548 1 2.3016134138329268e-16 70148548 70148548 0
1 10195 rs7551633 116283699 1 2.228828498380797e-16 116283699 116283699 0
1 19863 rs2878076 246395662 1 1.1079965542215763e-16 246395662 246395662 0
1 1756 rs3738097 21894816 1 1.0608285099243176e-16 21894816 21894816 0
1 18900 rs6671787 236797308 1 1.0036808152103782e-16 236797308 236797308 0
1 9334 rs11185019 107481837 1 9.095164070324747e-17 107481837 107481837 0
1 7507 rs6697170 87875198 1 3.8533735683320733e-17 87875198 87875198 0
1 19865 rs10924625 246414404 1 1.945959570419602e-17 246414404 246414404 0
