CHR Group SNP.lead BP.lead Size W BP.min BP.max BP.width
11 11919 rs4938573 118741842 2 0.13726294816855125 118741842 118741842 0
11 6001 rs647152 64109118 1 -0.07019932740854273 64109118 64109118 0
11 13013 rs10893900 128502222 1 0.03673002749046482 128502222 128502222 0
11 25 rs10398 308180 2 0.03505040111616145 308180 308180 0
11 11921 rs523604 118755738 1 0.03409928864068236 118755738 118755738 0
11 185 rs10766497 2987303 1 0.03128566812870102 2987303 2987303 0
11 205 rs10466385 3170174 1 0.03042524469696426 3170174 3170174 0
11 5516 rs7130768 57926106 2 -0.02773570349313452 57926106 57926106 0
11 3885 rs693163 35074665 1 0.02545660288036193 35074665 35074665 0
11 8436 rs16913876 88102739 1 0.02458473632410481 88102739 88102739 0
11 3901 rs353558 35161670 1 -0.02367938914332558 35161670 35161670 0
11 41 rs11246262 680647 2 0.02356292068278017 680647 680647 0
11 10309 rs12419850 103342939 1 -0.02278872105972698 103342939 103342939 0
11 2144 rs4353250 18323517 2 -0.02272208673116027 18323517 18323517 0
11 7144 rs76283314 78449583 1 -0.02200510721743539 78449583 78449583 0
11 11087 rs4938534 111275133 1 0.02179859970699252 111275133 111275133 0
11 11099 rs7128353 111538875 2 0.02058326764294053 111538875 111538875 0
11 10154 rs1711399 102460777 1 0.02035695528998222 102460777 102460777 0
11 6349 rs1060435 68855595 1 0.0199828695746728 68855595 68855595 0
11 7139 rs949220 78400319 1 0.01955324331820458 78400319 78400319 0
11 5706 rs117801657 60183189 1 0.01932967557455817 60183189 60183189 0
11 11357 rs454802 114089104 1 0.0192956137246485 114089104 114089104 0
11 5369 rs1792509 56670810 2 0.01911273391316585 56670810 56670810 0
11 7709 rs551450 82508987 1 0.01846236725293691 82508987 82508987 0
11 11237 rs2276070 113230600 1 -0.01836035177665215 113230600 113230600 0
11 2811 rs11820608 23776103 1 0.01812474920952856 23776103 23776103 0
11 3781 rs836114 34569199 1 -0.01800309250459276 34569199 34569199 0
11 34 rs4963128 589564 1 -0.01774100959846641 589564 589564 0
11 1809 rs138600084 14632507 1 0.01764998307874161 14632507 14632507 0
11 11922 rs3922 118765600 1 -0.01746295333032948 118765600 118765600 0
11 9223 rs1255522 95376448 2 -0.01731179816792044 95376448 95376448 0
11 5467 rs1424752 57479848 1 0.01730437980096425 57479848 57479848 0
11 3879 rs497582 34991727 1 0.01730016817867815 34991727 34991727 0
11 12984 rs7932088 128317168 1 0.01728519824670997 128317168 128317168 0
11 1484 rs7396140 11996757 1 -0.01720774828675177 11996757 11996757 0
11 9655 rs11218323 98951110 1 -0.01708205141392822 98951110 98951110 0
11 10832 rs227055 108261261 2 -0.01689684883288616 108261261 108261261 0
11 6250 rs2509712 67408090 1 0.01667491952507533 67408090 67408090 0
11 13636 rs1048761 134124124 2 0.01634092293765765 134124124 134124124 0
11 106 rs34134444 1972143 1 0.01620705135127644 1972143 1972143 0
11 12999 rs11221332 128380974 2 -0.01614031847737627 128380974 128380974 0
11 8532 rs7121922 88758601 1 -0.01610916349193112 88758601 88758601 0
11 7375 rs11232169 80207247 1 0.01605459401960622 80207247 80207247 0
11 8898 rs3847554 92668826 1 0.01569425254258401 92668826 92668826 0
11 2088 rs7483847 17692011 1 -0.01540564593374624 17692011 17692011 0
11 5126 rs1052373 47354787 1 -0.01530362008030667 47354787 47354787 0
11 6195 rs11227527 66313026 1 -0.01512096222538785 66313026 66313026 0
11 11915 rs10892279 118611781 1 0.01509008524526462 118611781 118611781 0
11 8176 rs10898501 86285825 2 -0.01499356723890143 86285825 86285825 0
11 6992 rs4945083 76120025 1 -0.01495640509824335 76120025 76120025 0
11 8393 rs1426929 87894645 1 -0.01459402066460899 87894645 87894645 0
11 6343 rs11606738 68785485 1 -0.01418473617956175 68785485 68785485 0
11 2115 rs1079785 18072273 1 0.01412535044171822 18072273 18072273 0
11 920 rs10732509 7488872 1 0.01400667782240767 7488872 7488872 0
11 5970 rs614397 63883985 1 0.01395713906537146 63883985 63883985 0
11 221 rs7102231 3402477 1 -0.01384227835506307 3402477 3402477 0
11 13135 rs11221802 129551393 1 -0.01380307881440341 129551393 129551393 0
11 1164 rs1883100 9059192 1 -0.01368265412685833 9059192 9059192 0
11 10201 rs3740938 102587062 1 0.01364772877904083 102587062 102587062 0
11 4551 rs10501281 41966359 1 0.01354037367604436 41966359 41966359 0
11 9031 rs1138800 93862493 1 0.01352117817616336 93862493 93862493 0
11 3745 rs910091 34437027 1 -0.01342752639154109 34437027 34437027 0
11 3045 rs11029058 26009705 1 0.01332231974160909 26009705 26009705 0
11 6472 rs7929885 69883969 2 -0.01307659332289698 69883969 69883969 0
11 6613 rs12800438 71171003 1 -0.0128847881140255 71171003 71171003 0
11 12963 rs1793327 128088935 2 0.01246894047766533 128088935 128088935 0
11 12950 rs1425877 128002456 1 -0.01246763121868272 128002456 128002456 0
11 9539 rs7939072 98130056 1 0.01243382611541602 98130056 98130056 0
11 13058 rs11221545 128908346 1 -0.01240289107018543 128908346 128908346 0
11 5397 rs143192258 56954985 1 0.01235872380706532 56954985 56954985 0
11 782 rs7931228 6766102 1 -0.01230948375507447 6766102 6766102 0
11 9927 rs11224313 100472288 1 0.01220170572139516 100472288 100472288 0
11 8011 rs74547795 85431954 1 -0.01203765201491292 85431954 85431954 0
11 13286 rs11606643 131213874 1 0.01200437021771681 131213874 131213874 0
11 761 rs117368891 6661600 1 0.01198304637252055 6661600 6661600 0
11 6347 rs3829241 68855363 1 0.01183707551465435 68855363 68855363 0
11 3368 rs645286 29517230 1 -0.01174949762498411 29517230 29517230 0
11 1959 rs1356647 16219341 1 -0.01174203617524271 16219341 16219341 0
11 726 rs61745230 6262909 1 -0.01171530243243153 6262909 6262909 0
11 1205 rs10840285 9690013 1 0.01159589724557769 9690013 9690013 0
11 13125 rs7933972 129438975 1 -0.01157942869609091 129438975 129438975 0
11 12460 rs12576449 123971044 1 0.01154558578649747 123971044 123971044 0
11 13263 rs1894188 131030927 1 0.01148731502170817 131030927 131030927 0
11 8371 rs16914161 87790526 2 0.01147662823084587 87790526 87790526 0
11 11305 rs1318296 113599224 1 -0.01141636204828572 113599224 113599224 0
11 1457 rs11604515 11761553 1 -0.01132218042595159 11761553 11761553 0
11 9067 rs12270338 94147464 1 0.01128932488131541 94147464 94147464 0
11 5654 rs569108 59863104 1 -0.01124706359007593 59863104 59863104 0
11 4335 rs12575539 39512930 1 -0.01123612838239049 39512930 39512930 0
11 9531 rs11214023 97984374 1 0.01120769977656351 97984374 97984374 0
11 6383 rs3924679 69051076 1 -0.01113467295365438 69051076 69051076 0
11 9518 rs667679 97915543 1 0.01112739415655324 97915543 97915543 0
11 3771 rs1535721 34500079 1 0.0110983144117051 34500079 34500079 0
11 6902 rs3814715 75162754 1 -0.01109414292018918 75162754 75162754 0
11 4572 rs1605655 42418577 1 0.01100092155785507 42418577 42418577 0
11 7380 rs2123140 80223644 1 -0.01095987253212732 80223644 80223644 0
11 3227 rs1387144 27635319 1 -0.01095927317538619 27635319 27635319 0
11 38 rs7395429 643348 1 0.01092629868221927 643348 643348 0
11 12146 rs7122660 121262795 1 -0.01086363493528275 121262795 121262795 0
11 6985 rs6592630 76060528 1 -0.01084743261633184 76060528 76060528 0
11 13334 rs11819970 131607351 1 -0.01074502371765244 131607351 131607351 0
11 8248 rs1939108 86573310 2 -0.01073954359154134 86573310 86573310 0
11 6373 rs10896451 69016893 1 0.01051620738105763 69016893 69016893 0
11 13300 rs4937631 131356267 1 -0.0104591007342733 131356267 131356267 0
11 2379 rs1036923 20488453 1 0.01043562714754677 20488453 20488453 0
11 9436 rs979406 97297218 1 0.01042368886049721 97297218 97297218 0
11 8378 rs7949449 87808350 2 0.0103751245612503 87808350 87808350 0
11 11078 rs12146590 111241110 1 0.01033162110483875 111241110 111241110 0
11 5049 rs4755349 46237731 1 0.01031390706421948 46237731 46237731 0
11 6742 rs1122373 73588240 1 -0.01026863611772282 73588240 73588240 0
11 4024 rs3740962 36103381 1 -0.01022584355959162 36103381 36103381 0
11 7388 rs2373551 80346212 1 -0.01020297675501125 80346212 80346212 0
11 11897 rs17122154 118273019 1 -0.00995046527653617 118273019 118273019 0
11 6303 rs7123564 68362164 1 0.00988244311297039 68362164 68362164 0
11 13440 rs2212487 132398054 1 0.00984462620638088 132398054 132398054 0
11 6342 rs2846196 68782223 2 0.00981570702100113 68782223 68782223 0
11 10546 rs11226774 105441422 1 -0.00977411647652576 105441422 105441422 0
11 35 rs936469 606749 1 0.00976907571409303 606749 606749 0
11 10081 rs11224983 101585195 1 0.00975980135964409 101585195 101585195 0
11 11191 rs7129926 112862901 1 0.00968678082079689 112862901 112862901 0
11 13208 rs2640215 130426387 2 0.00963770059643289 130426387 130426387 0
11 8878 rs17543864 92556100 1 -0.00962175836080559 92556100 92556100 0
11 781 rs11040997 6764859 2 -0.00960695878081444 6764859 6764859 0
11 3353 rs2793476 29370702 1 0.00959421533192111 29370702 29370702 0
11 2045 rs2074314 17411821 1 -0.00958392308223366 17411821 17411821 0
11 2629 rs324172 21952288 1 -0.0095285061175052 21952288 21952288 0
11 181 rs3987740 2895800 2 -0.00951149922933529 2895800 2895800 0
11 52 rs6597981 803017 1 0.00948819836837138 803017 803017 0
11 8041 rs10501600 85609559 2 -0.0094133181615469 85609559 85609559 0
11 12570 rs4078355 124931334 1 0.00940457709016128 124931334 124931334 0
11 5984 rs2286612 63994230 2 0.00938729523134319 63994230 63994230 0
11 19 rs6540 252649 1 -0.00938495259049832 252649 252649 0
11 11100 rs10891288 111552053 1 0.00932247901787528 111552053 111552053 0
11 13005 rs4245079 128420926 1 0.00930777683136318 128420926 128420926 0
11 12966 rs573624 128145470 1 0.00924981109798235 128145470 128145470 0
11 5906 rs544978 62685230 1 0.009150809524709 62685230 62685230 0
11 8100 rs11603604 86070817 1 -0.00913940874025402 86070817 86070817 0
11 4881 rs835784 44863818 1 0.0091242767495566 44863818 44863818 0
11 9229 rs948075 95437738 1 0.00900943411598184 95437738 95437738 0
11 13544 rs6590705 133334522 1 0.00897781821496459 133334522 133334522 0
11 5526 rs1376486 57956832 1 -0.0087908869297847 57956832 57956832 0
11 6725 rs7126049 73383382 1 -0.00873359778321977 73383382 73383382 0
11 12074 rs7105363 120687069 1 0.00870834879065054 120687069 120687069 0
11 9935 rs947866 100509529 1 0.00870142106092178 100509529 100509529 0
11 11663 rs11216126 116617240 1 -0.00861472117889673 116617240 116617240 0
11 13409 rs7934599 132156872 1 0.0086117029307441 132156872 132156872 0
11 1655 rs7126761 13122553 2 -0.00860244828486472 13122553 13122553 0
11 9764 rs10790789 99411774 2 0.00857562245828453 99411774 99411774 0
11 3098 rs35317037 26587018 1 0.00854535137781504 26587018 26587018 0
11 9409 rs7112003 96899834 1 0.00854031476827442 96899834 96899834 0
11 11787 rs495118 117434728 1 -0.00848367375994672 117434728 117434728 0
11 13480 rs1395504 132729167 1 0.00833893803969436 132729167 132729167 0
11 9367 rs9667173 96526913 1 -0.00823046957859065 96526913 96526913 0
11 721 rs325609 6221249 1 0.00818349269453093 6221249 6221249 0
11 2991 rs2172582 25724484 1 0.00817192136254249 25724484 25724484 0
11 11241 rs7118900 113266821 1 0.00810864309020971 113266821 113266821 0
11 5655 rs512555 59863253 1 -0.00806306102485367 59863253 59863253 0
11 2654 rs12793010 22436299 1 -0.00804491355680646 22436299 22436299 0
11 2109 rs211095 17988860 1 -0.00792025653492418 17988860 17988860 0
11 5964 rs12575710 63849330 1 0.00790084850529847 63849330 63849330 0
11 131 rs7941585 2281501 1 -0.00790046534258415 2281501 2281501 0
11 11825 rs1892903 117669619 1 -0.00787692673543999 117669619 117669619 0
11 6962 rs689095 75914087 1 -0.00786519626163908 75914087 75914087 0
11 6024 rs2078267 64334114 1 -0.00785749074449627 64334114 64334114 0
11 2147 rs4150579 18357180 1 -0.0078268310913788 18357180 18357180 0
11 6865 rs4944992 74864280 1 0.00781399011461979 74864280 74864280 0
11 6103 rs35487354 65366882 1 0.00780511618594697 65366882 65366882 0
11 8392 rs302653 87894630 1 -0.00778331843819855 87894630 87894630 0
11 10618 rs953816 106288554 1 0.00776910818528555 106288554 106288554 0
11 3156 rs10767592 27062338 1 0.00772296385979874 27062338 27062338 0
11 8177 rs949351 86290278 1 0.00764603507486838 86290278 86290278 0
11 6252 rs10736660 67419855 2 0.00762928061833192 67419855 67419855 0
11 6093 rs680413 65190379 1 -0.00760735409638512 65190379 65190379 0
11 455 rs10837582 5228708 1 0.00751921431131036 5228708 5228708 0
11 7922 rs12294169 84334329 1 0.00747899412175182 84334329 84334329 0
11 7473 rs10501500 80986806 1 -0.00742061534286673 80986806 80986806 0
11 10763 rs7950899 107552110 1 0.00741602363238069 107552110 107552110 0
11 2016 rs11024102 17008605 1 0.00738253431833774 17008605 17008605 0
11 4866 rs7128074 44770545 2 0.00737352218412997 44770545 44770545 0
11 9439 rs9666795 97324604 1 0.0073106269809438 97324604 97324604 0
11 9199 rs7102184 95222374 1 0.00729678075631114 95222374 95222374 0
11 6471 rs7947135 69875759 1 0.00729034074715107 69875759 69875759 0
11 8284 rs589193 86891077 1 0.00727212842565815 86891077 86891077 0
11 9558 rs6589444 98254968 1 0.00724484086180237 98254968 98254968 0
11 4103 rs11600757 36473784 1 0.00717163607703354 36473784 36473784 0
11 9480 rs1039951 97624373 2 0.00716074614669483 97624373 97624373 0
11 261 rs979942 4185595 1 0.00715528415153468 4185595 4185595 0
11 694 rs116908319 5989282 2 0.00711499960727351 5989282 5989282 0
11 8851 rs689349 92201077 1 0.00709996412976549 92201077 92201077 0
11 11082 rs7111520 111249611 1 -0.0070531743395305 111249611 111249611 0
11 1092 rs7939568 8442054 1 -0.00691471355219408 8442054 8442054 0
11 4621 rs4237638 42873011 1 -0.00688235824649994 42873011 42873011 0
11 7217 rs471435 79077745 1 0.00688225067665647 79077745 79077745 0
11 9959 rs7126324 100633303 1 -0.00688011787262788 100633303 100633303 0
11 6697 rs1783585 72889018 1 0.00681975102245203 72889018 72889018 0
11 10950 rs2051466 110241999 1 0.00679529876227251 110241999 110241999 0
11 220 rs7931660 3400334 1 0.00678744345203604 3400334 3400334 0
11 1409 rs7101677 11427040 2 -0.00671387082932266 11427040 11427040 0
11 4857 rs12420889 44657500 1 0.00670106058950805 44657500 44657500 0
11 4467 rs11036136 40904848 1 -0.00667832137226174 40904848 40904848 0
11 4636 rs11037133 42929738 1 0.006671993402625 42929738 42929738 0
11 9917 rs1502275 100433972 1 0.00653798993114955 100433972 100433972 0
11 10536 rs2510187 105401171 1 -0.00653220137231742 105401171 105401171 0
11 8996 rs625359 93570633 1 0.00647669085371947 93570633 93570633 0
11 5111 rs10838681 47275064 1 0.0064473202749383 47275064 47275064 0
11 967 rs11607941 7670752 2 -0.00643297426049698 7670752 7670752 0
11 1821 rs1993116 14910234 2 0.00643039650519584 14910234 14910234 0
11 12708 rs3740912 125891269 1 0.0064219965379002 125891269 125891269 0
11 7289 rs17138705 79366322 1 0.00637206871226389 79366322 79366322 0
11 6749 rs653263 73670645 2 0.0063490649670233 73670645 73670645 0
11 8316 rs10898685 87110152 1 -0.00634307106753546 87110152 87110152 0
11 11877 rs656308 118031206 1 0.00634124817113503 118031206 118031206 0
11 8175 rs7940549 86282679 1 -0.00630314318815536 86282679 86282679 0
11 3580 rs6484569 32378306 2 0.00629550177563118 32378306 32378306 0
11 8825 rs11019822 91854828 1 0.00626028837850198 91854828 91854828 0
11 12800 rs569694 126500495 1 -0.00621231021997505 126500495 126500495 0
11 5172 rs2930195 47993504 2 -0.00618506316754634 47993504 47993504 0
11 10063 rs2508736 101469434 1 0.00609952332366924 101469434 101469434 0
11 12520 rs10893251 124414746 1 0.00609175114394199 124414746 124414746 0
11 10247 rs11826440 102810078 1 0.006059525192975 102810078 102810078 0
11 11171 rs7938281 112676385 2 0.00603382544677489 112676385 112676385 0
11 152 rs2237869 2537751 1 -0.00603262719777446 2537751 2537751 0
11 10418 rs11226193 104005970 1 0.0059231471069057 104005970 104005970 0
11 2249 rs4550206 19450893 1 -0.00591946197722808 19450893 19450893 0
11 4728 rs1353461 43266834 1 0.00588501005703896 43266834 43266834 0
11 208 rs2121438 3208101 1 -0.00585408731079891 3208101 3208101 0
11 6564 rs2919732 70932944 1 -0.00580028556215524 70932944 70932944 0
11 3671 rs7121042 33652440 1 -0.00577455465789785 33652440 33652440 0
11 1774 rs1881512 14103801 1 -0.00576328601944282 14103801 14103801 0
11 2137 rs7950019 18278912 1 -0.00575928660326627 18278912 18278912 0
11 11664 rs11216129 116620256 1 0.00574693300456608 116620256 116620256 0
11 706 rs11040316 6043277 1 0.00570511224765121 6043277 6043277 0
11 212 rs10833462 3226221 1 -0.00569759594248858 3226221 3226221 0
11 12762 rs7940893 126246076 1 -0.00563018741645844 126246076 126246076 0
11 12761 rs11220462 126243952 1 0.0056281550357624 126243952 126243952 0
11 3304 rs10835395 28741136 1 -0.00558482611140818 28741136 28741136 0
11 7551 rs17142789 81422622 1 -0.00557989757872499 81422622 81422622 0
11 1256 rs2923084 10388782 1 -0.00554796217585549 10388782 10388782 0
11 1744 rs7925707 13940895 2 -0.00549028083826049 13940895 13940895 0
11 10341 rs2408681 103474165 1 -0.00546379010504529 103474165 103474165 0
11 1485 rs4757595 12005270 1 0.0054041842272163 12005270 12005270 0
11 9110 rs628715 94363720 1 0.00539148400957842 94363720 94363720 0
11 6337 rs2602814 68761422 2 0.00538983963780529 68761422 68761422 0
11 10839 rs74911261 108357137 1 0.00534934955581906 108357137 108357137 0
11 8044 rs1445496 85624978 1 0.00527780518468722 85624978 85624978 0
11 13497 rs11223331 132892624 1 -0.00526433637423067 132892624 132892624 0
11 8519 rs12807540 88579631 1 -0.00519714312734733 88579631 88579631 0
11 8773 rs11019587 91390397 1 0.00517584356084404 91390397 91390397 0
11 8099 rs1955189 86070096 1 -0.00515401867433269 86070096 86070096 0
11 2116 rs7950705 18073039 1 0.00509595352799653 18073039 18073039 0
11 11472 rs9971533 114996408 1 -0.00507338550817544 114996408 114996408 0
11 8983 rs1939560 93311765 2 0.00502176799794135 93311765 93311765 0
11 3320 rs12792701 28988343 2 0.00496615881247627 28988343 28988343 0
11 12959 rs7933438 128041582 2 0.00494449211569759 128041582 128041582 0
11 5565 rs117028468 58206714 1 0.00493843004391016 58206714 58206714 0
11 12086 rs2298725 120823608 1 -0.00493231781802514 120823608 120823608 0
11 9226 rs10437579 95398352 1 -0.00488893687719132 95398352 95398352 0
11 7481 rs1350422 81009680 1 0.00488532978005506 81009680 81009680 0
11 245 rs7951076 3890853 2 -0.00488197178487685 3890853 3890853 0
11 5033 rs3736508 45975130 1 0.00482859524116527 45975130 45975130 0
11 9198 rs10831357 95221480 1 0.00481818238294322 95221480 95221480 0
11 8790 rs7951876 91560288 1 0.00479556452164509 91560288 91560288 0
11 2138 rs1993373 18280635 1 -0.00479454166880029 18280635 18280635 0
11 12123 rs687560 121076285 1 0.00475122605756681 121076285 121076285 0
11 11598 rs490592 116298367 1 0.00474800836654057 116298367 116298367 0
11 1056 rs4758051 8238639 1 0.00474293939455658 8238639 8238639 0
11 9714 rs970321 99112911 1 0.00471713023796487 99112911 99112911 0
11 6979 rs11236689 76004313 1 -0.00469326438728063 76004313 76004313 0
11 3703 rs17038 33826317 1 -0.0046800211550493 33826317 33826317 0
11 13414 rs61746413 132204951 1 0.00464720072418986 132204951 132204951 0
11 6990 rs6592632 76116366 1 -0.00463659345348194 76116366 76116366 0
11 11596 rs526151 116236775 1 -0.00458263165110861 116236775 116236775 0
11 12097 rs1939004 120920649 1 0.00456262766298167 120920649 120920649 0
11 8340 rs10501651 87527561 1 0.0045457411239395 87527561 87527561 0
11 4425 rs6485204 40597707 1 -0.0044599333672411 40597707 40597707 0
11 6214 rs735498 66676995 1 0.00445039261464885 66676995 66676995 0
11 13055 rs4604904 128860922 1 -0.00445000759870056 128860922 128860922 0
11 4013 rs262426 36041260 1 0.0044390605809755 36041260 36041260 0
11 10424 rs11226207 104022906 1 0.00440814501496152 104022906 104022906 0
11 7376 rs11232171 80207466 2 -0.00440328166523027 80207466 80207466 0
11 1716 rs7948130 13624089 1 0.00436236325890329 13624089 13624089 0
11 1018 rs16933394 7902813 1 0.00436193656911499 7902813 7902813 0
11 6014 rs7104498 64266244 1 -0.00431536100273626 64266244 64266244 0
11 2572 rs10766829 21542570 1 -0.00431117633005451 21542570 21542570 0
11 11612 rs2102405 116348168 1 0.00430614356291372 116348168 116348168 0
11 5905 rs547248 62663659 1 -0.0042704342145788296 62663659 62663659 0
11 987 rs10839849 7721870 1 0.0042571806929643 7721870 7721870 0
11 2019 rs2040859 17148177 1 0.00423500330169883 17148177 17148177 0
11 3698 rs2272067 33796413 1 -0.00422935977145139 33796413 33796413 0
11 1344 rs7946997 11069843 2 -0.00420024282338822 11069843 11069843 0
11 5808 rs174570 61597212 1 -0.0041890814544999 61597212 61597212 0
11 2306 rs7934251 19893621 2 -0.0041584814871446 19893621 19893621 0
11 13392 rs4128547 132028281 1 -0.00412433569874631 132028281 132028281 0
11 7482 rs2514466 81011841 2 -0.0041083624268247 81011841 81011841 0
11 11522 rs10502205 115416391 1 0.00410582004477806 115416391 115416391 0
11 5902 rs10897300 62625786 1 -0.00410386687787754 62625786 62625786 0
11 53 rs11246316 805712 1 -0.00410153809541829 805712 805712 0
11 8349 rs12226885 87574807 1 0.00409844591295635 87574807 87574807 0
11 1463 rs10458871 11798389 2 0.0040758666701529 11798389 11798389 0
11 7474 rs2085557 80992153 2 -0.00407075238056214 80992153 80992153 0
11 7010 rs7127747 76412663 1 0.00405546737485263 76412663 76412663 0
11 1461 rs11824377 11787253 1 -0.00404034983643131 11787253 11787253 0
11 9525 rs580557 97957369 1 0.00403297122757396 97957369 97957369 0
11 960 rs11041489 7653867 2 0.00403180184680203 7653867 7653867 0
11 13305 rs386795 131396444 1 0.00399556502040576 131396444 131396444 0
11 707 rs4758369 6045931 2 -0.0039941960076332 6045931 6045931 0
11 9148 rs658272 94833262 2 -0.00399099038688287 94833262 94833262 0
11 3550 rs10835832 32073206 1 -0.00398271995232065 32073206 32073206 0
11 1980 rs7937011 16499623 1 -0.00398088273882193 16499623 16499623 0
11 720 rs325614 6217152 1 0.00397685048874564 6217152 6217152 0
11 3966 rs649640 35508918 2 0.00395338290971029 35508918 35508918 0
11 7944 rs11234221 84574040 2 -0.00394425717697075 84574040 84574040 0
11 1118 rs931756 8735662 2 0.00394298007955736 8735662 8735662 0
11 12720 rs10501858 126030615 1 -0.0039429515185726 126030615 126030615 0
11 6194 rs3867132 66309269 1 -0.00393728540423295 66309269 66309269 0
11 13269 rs1113928 131097709 1 0.0039136449574692 131097709 131097709 0
11 2006 rs367992 16862657 1 0.00390411795920744 16862657 16862657 0
11 8419 rs3888798 88027209 1 0.00390261177998785 88027209 88027209 0
11 2004 rs10766352 16857686 1 0.00387412707166967 16857686 16857686 0
11 1714 rs11022886 13584585 1 0.00387241869871345 13584585 13584585 0
11 852 rs6578828 7113134 1 0.0038401736660701 7113134 7113134 0
11 5864 rs7925016 62043929 1 0.00383327097808566 62043929 62043929 0
11 8516 rs480015 88564533 1 -0.00381996057100916 88564533 88564533 0
11 12083 rs4936566 120815238 1 -0.00379793523306392 120815238 120815238 0
11 13518 rs12418625 133101524 1 -0.00378983943684155 133101524 133101524 0
11 3762 rs12270780 34460711 2 0.00369972699372408 34460711 34460711 0
11 6011 rs634497 64251221 1 -0.00369957290276478 64251221 64251221 0
11 8069 rs11234532 85772636 1 0.00369625460199881 85772636 85772636 0
11 3415 rs7121585 30059736 1 0.00368278339688793 30059736 30059736 0
11 4350 rs10837222 39748212 1 -0.00367477632774681 39748212 39748212 0
11 11075 rs4514461 111226943 1 0.00367407211847923 111226943 111226943 0
11 8910 rs620131 92803568 1 0.00367071749648119 92803568 92803568 0
11 5761 rs3019544 60751923 1 -0.00366531402741679 60751923 60751923 0
11 9687 rs12789966 99041999 2 0.00364853296457127 99041999 99041999 0
11 9438 rs921561 97319496 1 0.00364134446901491 97319496 97319496 0
11 992 rs1459826 7746352 1 0.00364119861802917 7746352 7746352 0
11 7463 rs6591948 80938972 1 -0.0036409538128492 80938972 80938972 0
11 5744 rs12803813 60578205 2 0.00363129431506898 60578205 60578205 0
11 3823 rs1858169 34813187 1 0.00363099861255446 34813187 34813187 0
11 4851 rs1429554 44577468 1 0.00360476264065064 44577468 44577468 0
11 11120 rs7105056 112064431 1 -0.0035797876222383 112064431 112064431 0
11 12792 rs10893545 126466129 1 -0.00355346665976931 126466129 126466129 0
11 9108 rs12276362 94356914 2 -0.00354521032848114 94356914 94356914 0
11 1416 rs1487121 11475480 1 -0.00353008450111591 11475480 11475480 0
11 3217 rs7934816 27518920 1 0.0035024873600385 27518920 27518920 0
11 1364 rs1875775 11172701 1 0.00347791281064317 11172701 11172701 0
11 1974 rs2174164 16443567 1 -0.00347682954510646 16443567 16443567 0
11 9633 rs12278762 98781993 1 -0.00346770875060224 98781993 98781993 0
11 138 rs16928078 2320013 1 -0.00344411432635164 2320013 2320013 0
11 2741 rs4923083 23288324 2 0.0034284385390817 23288324 23288324 0
11 13389 rs7937053 132015077 1 -0.00340361621241993 132015077 132015077 0
11 1910 rs7108738 15710084 2 0.00339862524542883 15710084 15710084 0
11 13022 rs615671 128594875 1 -0.00337669297476742 128594875 128594875 0
11 8292 rs577675 86971548 1 0.00336851903721758 86971548 86971548 0
11 8789 rs764571 91553124 2 0.00336502700775332 91553124 91553124 0
11 8767 rs2678420 91344352 1 0.00336474561982 91344352 91344352 0
11 2467 rs7128766 20908913 1 -0.0033548257852907 20908913 20908913 0
11 961 rs7110779 7657821 1 -0.00334758383784462 7657821 7657821 0
11 13462 rs1939513 132600307 1 -0.0033275993194517 132600307 132600307 0
11 10192 rs11225388 102575739 1 -0.00331142633196979 102575739 102575739 0
11 10043 rs4396256 101330807 1 0.00330880265572811 101330807 101330807 0
11 11154 rs7105881 112456221 1 -0.00330334134563599 112456221 112456221 0
11 3297 rs4923554 28676838 1 0.00329007786963648 28676838 28676838 0
11 5515 rs2218868 57925977 1 0.00326801937085073 57925977 57925977 0
11 12330 rs12574747 123383072 1 0.00322906327467222 123383072 123383072 0
11 12968 rs12786743 128159029 1 -0.00321868543781205 128159029 128159029 0
11 1429 rs1386425 11512738 1 -0.00320012221898507 11512738 11512738 0
11 1455 rs4910407 11700694 1 0.00317439288811789 11700694 11700694 0
11 1161 rs3829273 9048668 1 0.00316535431150533 9048668 9048668 0
11 302 rs3750992 4621323 2 0.00315371755208008 4621323 4621323 0
11 3094 rs10501053 26576725 1 0.00315361415101535 26576725 26576725 0
11 62 rs11246386 1044938 1 -0.003145537164488 1044938 1044938 0
11 13437 rs672649 132388319 1 0.00313484178718538 132388319 132388319 0
11 793 rs670151 6791151 1 0.00312919250340554 6791151 6791151 0
11 6222 rs11227678 66842469 1 0.00310496971573553 66842469 66842469 0
11 5171 rs1681637 47977454 1 -0.00309232182831303 47977454 47977454 0
11 6936 rs531117 75456134 1 0.00309206248114526 75456134 75456134 0
11 5127 rs3729953 47358997 1 -0.00308977705778191 47358997 47358997 0
11 1785 rs10832235 14244240 1 -0.00307974218697028 14244240 14244240 0
11 4374 rs7952564 40013964 2 0.00307465112416823 40013964 40013964 0
11 3687 rs704700 33743534 1 -0.00305389511617737 33743534 33743534 0
11 5470 rs541245 57545948 2 -0.00301864480663365 57545948 57545948 0
11 12791 rs12574555 126458263 1 -0.00301111682833511 126458263 126458263 0
11 12228 rs12422102 122483315 1 0.00298273412067101 122483315 122483315 0
11 10117 rs1470196 101880373 1 0.0029821392591781 101880373 101880373 0
11 11058 rs10891240 111140462 1 0.00297977674319951 111140462 111140462 0
11 8365 rs4517540 87678532 2 0.00297777492064286 87678532 87678532 0
11 4746 rs11037574 43726211 1 0.00293698435096233 43726211 43726211 0
11 10138 rs2846848 102180563 2 0.00293212734336606 102180563 102180563 0
11 3951 rs1923298 35384432 1 -0.00293042255859364 35384432 35384432 0
11 9431 rs347767 97257121 1 -0.00292294081224689 97257121 97257121 0
11 99 rs3740627 1754400 2 0.00291217908077496 1754400 1754400 0
11 7182 rs11237719 78830648 1 -0.00288339849773814 78830648 78830648 0
11 2459 rs12270521 20855440 1 0.00287745309095419 20855440 20855440 0
11 4558 rs908211 42060072 1 0.00286431145792356 42060072 42060072 0
11 681 rs10838795 5920721 1 -0.0028539235330317 5920721 5920721 0
11 7374 rs4430541 80204965 1 0.00284566759238735 80204965 80204965 0
11 12081 rs17124570 120805056 2 -0.00284306951107797 120805056 120805056 0
11 2909 rs7124697 24649362 1 -0.00284096756963712 24649362 24649362 0
11 1920 rs11023714 15785074 2 -0.00284074893829388 15785074 15785074 0
11 11337 rs17116334 113961762 1 0.00283959060845249 113961762 113961762 0
11 6645 rs1784257 72007984 2 0.00282581300077906 72007984 72007984 0
11 13547 rs7927989 133356488 1 0.0028199075047065 133356488 133356488 0
11 7381 rs2443973 80226010 2 0.00279677727781405 80226010 80226010 0
11 5766 rs11230563 60776209 1 0.00275684110624706 60776209 60776209 0
11 1743 rs4471396 13934928 1 -0.00274947682776957 13934928 13934928 0
11 4224 rs1822934 37439348 1 0.0027465678817487 37439348 37439348 0
11 9243 rs553998 95603439 1 0.00270087327321594 95603439 95603439 0
11 1819 rs117913124 14900931 1 -0.00269972149102524 14900931 14900931 0
11 11867 rs2155857 117974759 1 -0.00269601125171865 117974759 117974759 0
11 8760 rs2514299 91287525 1 0.00269391915110683 91287525 91287525 0
11 5478 rs1877008 57731168 2 0.00267584603957397 57731168 57731168 0
11 2907 rs906882 24642587 1 -0.00266224490307913 24642587 24642587 0
11 1823 rs10741657 14914878 1 -0.00264806401968212 14914878 14914878 0
11 12793 rs484820 126467667 1 0.00264067908969231 126467667 126467667 0
11 159 rs4539307 2573121 2 -0.00263737101403402 2573121 2573121 0
11 2504 rs2040315 21129269 2 -0.00259859514213438 21129269 21129269 0
11 12893 rs2012959 127170383 1 -0.00258181581829964 127170383 127170383 0
11 9975 rs3847566 100701493 2 -0.00257923157436196 100701493 100701493 0
11 5956 rs10897449 63592621 1 0.00257574270160267 63592621 63592621 0
11 389 rs17339295 4961547 1 -0.00257385728216144 4961547 4961547 0
11 8179 rs4405344 86303090 1 0.00256437565619229 86303090 86303090 0
11 8431 rs217070 88067394 1 0.00256184903887692 88067394 88067394 0
11 1900 rs729418 15615679 1 -0.00255283567664789 15615679 15615679 0
11 11451 rs10891792 114870096 1 0.00255076554247089 114870096 114870096 0
11 178 rs2237892 2839751 1 0.00254548237631224 2839751 2839751 0
11 7257 rs12271629 79197184 1 -0.00254000219801969 79197184 79197184 0
11 6394 rs7108119 69150850 2 0.00253232372799938 69150850 69150850 0
11 3732 rs11824839 34332320 2 -0.00253008358414021 34332320 34332320 0
11 7707 rs10792641 82489754 2 0.00252326267224079 82489754 82489754 0
11 1834 rs2282654 15099143 1 -0.00249515851970423 15099143 15099143 0
11 1323 rs7123082 11005966 1 -0.00247705012003744 11005966 11005966 0
11 13618 rs10791345 134012013 1 0.00245605193308074 134012013 134012013 0
11 1969 rs1018143 16415904 1 -0.0024503877637846 16415904 16415904 0
11 3464 rs16920925 30574638 1 0.00243837269393844 30574638 30574638 0
11 12284 rs1461493 122888805 1 -0.00243176958949018 122888805 122888805 0
11 3110 rs7110072 26661690 1 0.00243047850043456 26661690 26661690 0
11 1929 rs7112764 15858203 1 0.0024225941702777 15858203 15858203 0
11 5129 rs11570067 47366095 2 0.00242141781905735 47366095 47366095 0
11 8229 rs4245426 86462591 1 -0.00241823581338811 86462591 86462591 0
11 9055 rs7930551 94038151 1 -0.00241455655159316 94038151 94038151 0
11 57 rs12416812 888632 1 -0.00240774001552881 888632 888632 0
11 11256 rs4436578 113306765 1 -0.00240659035105354 113306765 113306765 0
11 10977 rs1971356 110432204 2 0.00239919479034574 110432204 110432204 0
11 13708 rs2169860 134781624 1 0.00239581265621136 134781624 134781624 0
11 6507 rs947781 70212755 1 0.00239107499150117 70212755 70212755 0
11 421 rs2445333 5080234 1 0.00238727799525029 5080234 5080234 0
11 1975 rs17470624 16445649 2 0.00238671516488961 16445649 16445649 0
11 10163 rs948138 102501665 1 -0.00238106624042213 102501665 102501665 0
11 2285 rs1364795 19711993 1 0.00237500686564844 19711993 19711993 0
11 8042 rs7926846 85611813 1 -0.00235738050538963 85611813 85611813 0
11 4971 rs896331 45415035 2 0.00235562963854236 45415035 45415035 0
11 11164 rs12419219 112566028 1 -0.00235285465326558 112566028 112566028 0
11 1084 rs7929500 8424590 1 -0.00234666450144611 8424590 8424590 0
11 9763 rs7943142 99410690 2 0.00234321742902898 99410690 99410690 0
11 3660 rs1883916 33578510 1 0.00233874373051801 33578510 33578510 0
11 5134 rs61897432 47431703 2 -0.00232794207620414 47431703 47431703 0
11 1404 rs901555 11355344 1 0.00232671838328983 11355344 11355344 0
11 8040 rs11234465 85605334 2 -0.00232590977879244 85605334 85605334 0
11 1346 rs274486 11084001 1 -0.00230097972407631 11084001 11084001 0
11 9454 rs11227014 97431300 1 -0.00229194476342943 97431300 97431300 0
11 5953 rs948796 63327186 1 -0.00228894206088728 63327186 63327186 0
11 584 rs12576842 5488533 1 0.00226357888173299 5488533 5488533 0
11 7043 rs7121629 76840798 1 0.00225788495000561 76840798 76840798 0
11 10776 rs2016916 107661352 1 -0.00225385586791198 107661352 107661352 0
11 10764 rs11212323 107554267 1 0.00224774805415541 107554267 107554267 0
11 13416 rs520420 132207239 1 0.00224033467894057 132207239 132207239 0
11 8199 rs10501627 86351500 1 -0.0022372438209867602 86351500 86351500 0
11 8255 rs10501631 86604406 1 -0.00222879757315055 86604406 86604406 0
11 6052 rs3741392 64701030 1 0.00221794305861972 64701030 64701030 0
11 4289 rs10837011 38586444 1 -0.00221492468939216 38586444 38586444 0
11 887 rs4758175 7366506 1 -0.00220944582689544 7366506 7366506 0
11 9061 rs4753598 94101013 1 0.0022086336913575 94101013 94101013 0
11 12989 rs4937334 128335578 1 0.00220436357322703 128335578 128335578 0
11 5710 rs17542525 60201527 1 0.00219670082022046 60201527 60201527 0
11 12851 rs521381 126883622 2 0.00219348074034166 126883622 126883622 0
11 10406 rs361283 103960620 1 -0.00219235847303069 103960620 103960620 0
11 362 rs10836914 4913057 1 -0.00217822501578173 4913057 4913057 0
11 359 rs78644275 4903500 1 -0.00217438516883605 4903500 4903500 0
11 11695 rs533556 116741572 1 0.0021732136174031 116741572 116741572 0
11 11206 rs11214484 112962999 2 0.0021703343870982 112962999 112962999 0
11 2513 rs10833465 21159590 1 -0.00215614265343405 21159590 21159590 0
11 9554 rs722941 98247743 1 -0.00214578420723354 98247743 98247743 0
11 5512 rs1868881 57901176 1 0.00214571885607424 57901176 57901176 0
11 10510 rs7934239 104918517 1 -0.00214508875852963 104918517 104918517 0
11 5769 rs175110 60824609 1 0.00213085308968269 60824609 60824609 0
11 11899 rs12274926 118295117 1 0.00212747385885002 118295117 118295117 0
11 10422 rs8181543 104017037 1 0.00212403968493139 104017037 104017037 0
11 10155 rs1612069 102468035 1 0.00211839752643693 102468035 102468035 0
11 8219 rs7129626 86416932 1 0.00211326625579676 86416932 86416932 0
11 3691 rs11032363 33765683 1 -0.00210985482763555 33765683 33765683 0
11 3721 rs1883959 34234145 2 -0.00210716376612684 34234145 34234145 0
11 12084 rs11218070 120816711 1 -0.00210042059941906 120816711 120816711 0
11 10821 rs623860 108106782 1 -0.0020932483819456 108106782 108106782 0
11 3975 rs16926171 35540677 1 0.00208414083760363 35540677 35540677 0
11 7660 rs1514621 82081904 1 0.00207473417350193 82081904 82081904 0
11 13461 rs1939518 132582971 1 0.00206459959357052 132582971 132582971 0
11 12843 rs541783 126864588 1 0.00205585101922625 126864588 126864588 0
11 371 rs11034596 4928621 1 -0.00204394967674726 4928621 4928621 0
11 10421 rs11226199 104006300 1 -0.00203406913140538 104006300 104006300 0
11 6117 rs642803 65560620 1 -0.00203336557474499 65560620 65560620 0
11 921 rs4076396 7490236 1 0.00203286194776374 7490236 7490236 0
11 9227 rs873219 95401134 2 0.00202105044352097 95401134 95401134 0
11 3818 rs2136509 34796804 2 0.00200937616214079 34796804 34796804 0
11 7851 rs12286565 83717887 1 -0.00200558824315356 83717887 83717887 0
11 10450 rs4755031 104274535 2 0.00199963136971061 104274535 104274535 0
11 7132 rs4945300 78282632 1 0.00199744870453074 78282632 78282632 0
11 8082 rs2888903 85854176 1 0.00199338922571462 85854176 85854176 0
11 2982 rs11028735 25524191 1 -0.00198327071024251 25524191 25524191 0
11 10684 rs11212024 106947600 1 0.00198221270176456 106947600 106947600 0
11 2648 rs2593693 22368301 1 -0.00198133903709209 22368301 22368301 0
11 5407 rs9943582 57005067 2 -0.00197022182332101 57005067 57005067 0
11 7165 rs2019214 78735176 1 -0.00196765704779811 78735176 78735176 0
11 4495 rs717112 41162903 1 0.00196588544852248 41162903 41162903 0
11 11618 rs4936353 116397649 2 0.00195625168936038 116397649 116397649 0
11 5022 rs1562455 45776968 1 0.0019300431220532 45776968 45776968 0
11 8180 rs4319536 86303136 1 0.00192541625589752 86303136 86303136 0
11 10760 rs647756 107535758 1 -0.00192179531021903 107535758 107535758 0
11 2857 rs10500976 24335921 1 -0.00191785418701168 24335921 24335921 0
11 12478 rs146368781 124096292 1 -0.00191741654668893 124096292 124096292 0
11 8937 rs3019210 93059444 1 -0.00191607335204178 93059444 93059444 0
11 12772 rs4937131 126303742 1 -0.00191535282677127 126303742 126303742 0
11 11707 rs11216210 116848329 1 0.00191485098433633 116848329 116848329 0
11 6113 rs494003 65542298 1 -0.00191382530050444 65542298 65542298 0
11 6617 rs3829251 71194559 1 0.00190450228697771 71194559 71194559 0
11 3836 rs731727 34857834 1 -0.00189945342793855 34857834 34857834 0
11 6512 rs592501 70269777 1 0.00189431825491864 70269777 70269777 0
11 10740 rs117249984 107375422 1 0.00187543230675012 107375422 107375422 0
11 4786 rs17795583 44036397 1 0.0018708403963608 44036397 44036397 0
11 11824 rs12795949 117662138 1 -0.00186796014520188 117662138 117662138 0
11 3686 rs831630 33743019 1 0.00186655300103175 33743019 33743019 0
11 11001 rs7951655 110604293 1 0.0018655143618259 110604293 110604293 0
11 150 rs2011750 2534483 2 -0.00185905112800447 2534483 2534483 0
11 2720 rs1384464 23217814 2 -0.0018543228123655 23217814 23217814 0
11 4542 rs7128743 41925699 1 0.00184822759328332 41925699 41925699 0
11 5861 rs11604814 62027308 1 0.00184456045464319 62027308 62027308 0
11 3876 rs11539202 34969112 1 0.00183422238161443 34969112 34969112 0
11 2970 rs10742072 25196853 1 0.00182351473460238 25196853 25196853 0
11 3462 rs559337 30554404 1 -0.0018220689773988 30554404 30554404 0
11 6798 rs597113 74123832 1 -0.00181123718634506 74123832 74123832 0
11 13068 rs10488729 128962670 1 -0.0018003444360328 128962670 128962670 0
11 6450 rs10160812 69658210 1 -0.00178723589807263 69658210 69658210 0
11 772 rs1466974 6719027 1 0.0017644998386466301 6719027 6719027 0
11 11562 rs569462 115753077 2 0.00175425271567362 115753077 115753077 0
11 7087 rs10899436 77795571 1 0.00174368727821923 77795571 77795571 0
11 8804 rs7107272 91682680 2 -0.00174105478438414 91682680 91682680 0
11 4213 rs1563951 37182945 2 -0.00172997373990978 37182945 37182945 0
11 6719 rs640655 73365157 2 0.00172388510298376 73365157 73365157 0
11 1594 rs10831870 12623871 1 -0.00172062115815448 12623871 12623871 0
11 3302 rs939505 28714139 1 0.00171488542046668 28714139 28714139 0
11 12934 rs1559660 127713173 1 -0.00170818516300271 127713173 127713173 0
11 8395 rs7950565 87900372 1 0.00170496366366862 87900372 87900372 0
11 7225 rs534842 79091605 2 0.00170107151797068 79091605 79091605 0
11 1327 rs6484589 11011562 1 -0.00169566466939305 11011562 11011562 0
11 12990 rs7926975 128335657 1 -0.00167130849985847 128335657 128335657 0
11 7280 rs2156671 79319999 1 0.00167117181485763 79319999 79319999 0
11 5600 rs17153691 59190120 1 -0.00167038756391994 59190120 59190120 0
11 5169 rs1228020 47953477 1 -0.00165283454824043 47953477 47953477 0
11 11992 rs507622 119764234 1 0.00165235770212887 119764234 119764234 0
11 11874 rs1941637 117999443 1 -0.0016323104902912 117999443 117999443 0
11 11008 rs190125 110663056 2 -0.00162569949614882 110663056 110663056 0
11 3361 rs2356579 29425920 1 -0.00160791896549207 29425920 29425920 0
11 2046 rs8192690 17414570 1 0.00160584142467738 17414570 17414570 0
11 12067 rs949298 120608085 1 -0.00158859956482576 120608085 120608085 0
11 907 rs11041372 7441737 1 0.0015871691221716 7441737 7441737 0
11 10249 rs10502009 102821404 1 0.0015768896686796 102821404 102821404 0
11 2666 rs1399103 22567197 1 0.00157557760718944 22567197 22567197 0
11 1840 rs4597047 15191412 2 0.00157312864715812 15191412 15191412 0
11 6340 rs12803642 68771755 1 0.00156676735291965 68771755 68771755 0
11 1206 rs12223505 9691765 1 0.00156593465762088 9691765 9691765 0
11 13008 rs11221388 128475001 2 0.00156370164011738 128475001 128475001 0
11 6300 rs7119422 68331154 1 -0.00155994593550765 68331154 68331154 0
11 754 rs11825154 6568290 1 0.00155829093727162 6568290 6568290 0
11 4168 rs10836640 36952592 1 0.00155395118440235 36952592 36952592 0
11 3780 rs836132 34555191 1 -0.00155386560347481 34555191 34555191 0
11 9597 rs7944933 98540929 1 0.00154522879213694 98540929 98540929 0
11 3067 rs10834940 26300330 1 -0.00154395337206839 26300330 26300330 0
11 11920 rs630923 118754353 1 -0.00153452428250638 118754353 118754353 0
11 13597 rs1106561 133777388 1 0.00153447312403934 133777388 133777388 0
11 2681 rs7941772 22801465 2 -0.00153237637555244 22801465 22801465 0
11 8074 rs561655 85800279 1 -0.00152975053429547 85800279 85800279 0
11 12831 rs2282507 126763379 1 0.00152549504185882 126763379 126763379 0
11 8881 rs75651194 92568149 1 -0.00152241443880322 92568149 92568149 0
11 6678 rs10898866 72411099 1 -0.00152100476365625 72411099 72411099 0
11 1019 rs7928132 7904380 1 -0.00151772244441962 7904380 7904380 0
11 13258 rs11222479 131001534 1 -0.00150657749872624 131001534 131001534 0
11 13206 rs1689216 130413737 1 -0.00150608673492473 130413737 130413737 0
11 2966 rs11824385 25144319 1 -0.00150574375371728 25144319 25144319 0
11 12449 rs12271236 123938580 1 -0.00150195197646398 123938580 123938580 0
11 12777 rs111418068 126343227 1 0.00149794469350941 126343227 126343227 0
11 10889 rs17109617 109248945 1 0.0014863721777609 109248945 109248945 0
11 12165 rs1944677 121616060 1 -0.00148037572369599 121616060 121616060 0
11 6006 rs559928 64150370 2 -0.00146209720594687 64150370 64150370 0
11 8397 rs1426926 87903141 1 0.00145651057806182 87903141 87903141 0
11 13044 rs7925428 128724209 1 0.00144419152345908 128724209 128724209 0
11 9127 rs12223099 94453876 1 -0.00144227230386189 94453876 94453876 0
11 3076 rs1841569 26413098 1 -0.00143712965320968 26413098 26413098 0
11 1907 rs7117858 15694462 1 0.00143207406683354 15694462 15694462 0
11 8766 rs11019575 91342130 1 0.00142889382157442 91342130 91342130 0
11 4287 rs7950759 38574857 1 -0.00142836775854644 38574857 38574857 0
11 11716 rs723955 116925042 1 0.00142000733836878 116925042 116925042 0
11 6534 rs12363289 70445161 2 0.00141854578314074 70445161 70445161 0
11 11121 rs10891338 112065434 1 -0.00140701995535182 112065434 112065434 0
11 6106 rs1151500 65481166 1 -0.00140610337535549 65481166 65481166 0
11 6515 rs143595073 70331937 1 -0.0014034845432916 70331937 70331937 0
11 2372 rs10734291 20435108 1 0.00140036990594718 20435108 20435108 0
11 1529 rs2012580 12237135 1 -0.0013882729752218 12237135 12237135 0
11 4526 rs10768726 41708034 1 -0.00136981129045122 41708034 41708034 0
11 12764 rs7118117 126258062 1 -0.00136700127125642 126258062 126258062 0
11 6718 rs7952228 73364673 2 -0.00136092461787377 73364673 73364673 0
11 9449 rs10895894 97400945 1 -0.00136084815296938 97400945 97400945 0
11 2466 rs10741858 20899330 1 -0.00135825831749557 20899330 20899330 0
11 4243 rs10501184 37688849 1 0.00135334530118469 37688849 37688849 0
11 8903 rs956267 92742186 1 -0.00134609329300749 92742186 92742186 0
11 10539 rs2510156 105412707 1 -0.00134588341214289 105412707 105412707 0
11 11104 rs647080 111609174 2 -0.00133324516801012 111609174 111609174 0
11 1348 rs1486531 11088815 2 -0.00132517506279922 11088815 11088815 0
11 4849 rs16937996 44559898 2 0.00131815623766858 44559898 44559898 0
11 7384 rs12362447 80263120 2 0.00131011707333349 80263120 80263120 0
11 3784 rs836104 34573817 1 -0.00130995960642367 34573817 34573817 0
11 7927 rs1940080 84370674 1 -0.00130674269947944 84370674 84370674 0
11 10209 rs4121365 102606130 1 0.00129822494540737 102606130 102606130 0
11 4293 rs10742431 38605473 1 -0.00129637293810411 38605473 38605473 0
11 11601 rs11215936 116313516 1 -0.00129618018576247 116313516 116313516 0
11 1124 rs4929915 8824418 1 0.00129248546689527 8824418 8824418 0
11 6022 rs17300741 64331462 1 0.00128905651690671 64331462 64331462 0
11 10924 rs648594 110017029 1 -0.00128543068127506 110017029 110017029 0
11 9172 rs10831329 95022652 1 -0.00127191141441058 95022652 95022652 0
11 2048 rs757110 17418477 1 -0.00126900023011371 17418477 17418477 0
11 3295 rs12577364 28658030 1 -0.00126705795948637 28658030 28658030 0
11 3893 rs7131078 35110118 1 0.00126426735071158 35110118 35110118 0
11 2663 rs925633 22525081 1 0.0012610387527009 22525081 22525081 0
11 11098 rs542275 111431614 2 0.00125781576378499 111431614 111431614 0
11 3536 rs12419837 31922718 1 0.00125466110542048 31922718 31922718 0
11 9105 rs7119735 94326710 1 -0.00125235144901407 94326710 94326710 0
11 9710 rs7103056 99088047 1 0.00124441923564913 99088047 99088047 0
11 13390 rs11222955 132021146 2 -0.00123277710327711 132021146 132021146 0
11 3461 rs6484488 30552900 1 -0.00122614797179831 30552900 30552900 0
11 6811 rs7941941 74273958 2 -0.0012259980196361 74273958 74273958 0
11 11916 rs2155433 118612921 2 -0.00122557473004899 118612921 118612921 0
11 259 rs10742250 4175419 1 -0.00122521776164441 4175419 4175419 0
11 3169 rs4597027 27235715 2 0.00122492943304304 27235715 27235715 0
11 2295 rs11819786 19787053 1 0.00122224465004766 19787053 19787053 0
11 5897 rs2584918 62559385 1 -0.00121480620581341 62559385 62559385 0
11 13314 rs1876224 131472178 1 0.00120848463795972 131472178 131472178 0
11 7026 rs11236938 76507403 1 -0.00120161639844217 76507403 76507403 0
11 9320 rs543104 96025709 1 0.00120048906054427 96025709 96025709 0
11 6618 rs10898193 71197083 1 0.00119850372845861 71197083 71197083 0
11 1530 rs2306729 12238115 1 0.00119818222377241 12238115 12238115 0
11 4619 rs7938181 42864284 1 -0.00119729283805454 42864284 42864284 0
11 2558 rs10766816 21479238 1 -0.00119564295293601 21479238 21479238 0
11 9808 rs7942402 99593788 1 -0.00119167320472547 99593788 99593788 0
11 12179 rs7935547 121740317 1 -0.00119083344930256 121740317 121740317 0
11 9447 rs1962941 97371996 2 0.00118677593721022 97371996 97371996 0
11 9767 rs17133813 99434730 1 -0.00118294266253829 99434730 99434730 0
11 2077 rs7104083 17530484 1 0.00118057232687819 17530484 17530484 0
11 9823 rs7129269 99704043 1 -0.00117155780786151 99704043 99704043 0
11 1495 rs16910421 12070665 1 -0.00116841221231274 12070665 12070665 0
11 11901 rs524936 118341921 1 -0.00116827179377628 118341921 118341921 0
11 4375 rs968845 40029625 1 -0.00116410093624617 40029625 40029625 0
11 9930 rs12284327 100497485 1 -0.0011639804922506 100497485 100497485 0
11 1639 rs11022626 13086274 1 0.00116353518721493 13086274 13086274 0
11 3455 rs1336516 30511811 2 0.00116127698638932 30511811 30511811 0
11 5277 rs1384060 56087321 1 0.00115966858041484 56087321 56087321 0
11 153 rs736609 2538580 1 -0.00115751077858414 2538580 2538580 0
11 4349 rs11035428 39746905 1 -0.00115511124134188 39746905 39746905 0
11 13514 rs1835725 133037241 1 0.00115433098508429 133037241 133037241 0
11 11265 rs4938021 113364803 1 0.0011491347403397 113364803 113364803 0
11 3540 rs224597 31979424 1 0.00114805215119631 31979424 31979424 0
11 12716 rs4448703 125972495 1 0.00114454609542536 125972495 125972495 0
11 3541 rs797370 31983665 1 0.00114091134120724 31983665 31983665 0
11 13601 rs3802920 133787001 1 0.00114009473456151 133787001 133787001 0
11 12270 rs7126620 122742428 1 -0.00112204245953427 122742428 122742428 0
11 241 rs7931756 3792657 1 0.00112058414810035 3792657 3792657 0
11 10903 rs936913 109580367 1 -0.00111927470037629 109580367 109580367 0
11 783 rs1354803 6768561 1 -0.00110911074785303 6768561 6768561 0
11 7451 rs7102845 80916798 1 0.00110673235821194 80916798 80916798 0
11 6676 rs10898864 72405450 1 -0.0010971026344459 72405450 72405450 0
11 161 rs2157760 2615600 1 0.00109615918445009 2615600 2615600 0
11 11667 rs2075295 116628401 1 0.00109333571041131 116628401 116628401 0
11 7077 rs1124590 77703983 1 -0.00109317716311111 77703983 77703983 0
11 5703 rs4938939 60160838 2 0.00109107852488744 60160838 60160838 0
11 6232 rs11601325 67227006 1 0.00108960181715615 67227006 67227006 0
11 759 rs2072651 6637504 2 0.00107841938978056 6637504 6637504 0
11 6218 rs12419173 66766754 1 0.00107765196839311 66766754 66766754 0
11 10407 rs590216 103964427 1 -0.00107297452259736 103964427 103964427 0
11 10512 rs1847293 104979669 1 -0.00106889057182147 104979669 104979669 0
11 9173 rs498018 95024932 1 0.0010687199992668 95024932 95024932 0
11 9410 rs10895052 96900556 1 0.00106865217594619 96900556 96900556 0
11 1515 rs6485561 12208393 1 -0.0010669212026364 12208393 12208393 0
11 3652 rs1998305 33472945 1 0.00106502922154273 33472945 33472945 0
11 10634 rs1791581 106496038 1 -0.00106317938168651 106496038 106496038 0
11 5280 rs10896271 56113575 1 -0.00106122145435833 56113575 56113575 0
11 6900 rs482503 75158433 1 -0.00105399437169821 75158433 75158433 0
11 2283 rs7931824 19614747 1 0.00105285637204664 19614747 19614747 0
11 9916 rs6590793 100424060 2 0.00105171872111751 100424060 100424060 0
11 8352 rs1939194 87583124 1 0.00104733083690567 87583124 87583124 0
11 13083 rs4245084 129113932 1 -0.00104494661506405 129113932 129113932 0
11 4023 rs7126914 36093636 1 0.00103959970942812 36093636 36093636 0
11 13012 rs4937362 128492739 1 0.0010351836515306 128492739 128492739 0
11 1408 rs10765846 11422607 1 0.00103443710445137 11422607 11422607 0
11 6371 rs4930670 69001252 1 0.00102687522538722 69001252 69001252 0
11 9399 rs4753975 96832383 1 -0.00102665721548641 96832383 96832383 0
11 8240 rs12786875 86490580 1 0.00102013030215027 86490580 86490580 0
11 2083 rs7924620 17607572 1 -0.00101906274502285 17607572 17607572 0
11 11161 rs4269956 112482339 1 -0.00101603761110173 112482339 112482339 0
11 13525 rs7122854 133168523 1 0.0010155754072193 133168523 133168523 0
11 12567 rs4936969 124890396 1 0.00101465288117625 124890396 124890396 0
11 1904 rs1385162 15689391 1 0.00101458745719279 15689391 15689391 0
11 1350 rs2896570 11095452 1 0.00101424689491112 11095452 11095452 0
11 13244 rs1347281 130908989 1 0.00101340806572278 130908989 130908989 0
11 4164 rs1383349 36938773 1 0.00101094027311368 36938773 36938773 0
11 11620 rs7930491 116427932 1 -0.00101076906151491 116427932 116427932 0
11 11428 rs7107819 114653591 1 -0.00101014684549015 114653591 114653591 0
11 7936 rs548098 84449873 1 -0.00100615837767858 84449873 84449873 0
11 5742 rs931861 60559805 1 -0.00100544113232919 60559805 60559805 0
11 2079 rs2190453 17533397 1 0.00100517988751786 17533397 17533397 0
11 139 rs2077078 2322136 1 -0.00100233650092405 2322136 2322136 0
11 7447 rs7938364 80903884 2 -0.00100204275264306 80903884 80903884 0
11 10571 rs2155338 105840364 1 0.00100018194709848 105840364 105840364 0
11 3617 rs7102857 32822434 1 9.98716803203612e-4 32822434 32822434 0
11 2791 rs11027285 23548673 1 9.963625361400711e-4 23548673 23548673 0
11 6498 rs507119 70089007 1 -9.897107264772473e-4 70089007 70089007 0
11 3731 rs2955957 34328563 1 9.889617065791008e-4 34328563 34328563 0
11 3071 rs7950410 26382402 1 -9.882418368397294e-4 26382402 26382402 0
11 1686 rs7123257 13312254 1 9.838890123434155e-4 13312254 13312254 0
11 6351 rs2305498 68866914 1 9.825006714702191e-4 68866914 68866914 0
11 4521 rs1463075 41631862 1 -9.780813373129846e-4 41631862 41631862 0
11 4077 rs12419146 36353471 1 -9.70596589797326e-4 36353471 36353471 0
11 3600 rs3858454 32473626 1 -9.67318062209358e-4 32473626 32473626 0
11 4181 rs333822 37020611 1 -9.658083478577352e-4 37020611 37020611 0
11 3909 rs353634 35185056 1 9.596158142056372e-4 35185056 35185056 0
11 4623 rs7114599 42876139 1 -9.580106931044982e-4 42876139 42876139 0
11 9900 rs11223581 100173537 1 9.562488378281856e-4 100173537 100173537 0
11 2515 rs1945319 21165872 1 -9.511780212440024e-4 21165872 21165872 0
11 8226 rs1075702 86461180 1 9.467708051980852e-4 86461180 86461180 0
11 5879 rs2509979 62204613 1 9.331909605010083e-4 62204613 62204613 0
11 12328 rs2846300 123375792 1 9.326927707889144e-4 123375792 123375792 0
11 13516 rs11223397 133083333 1 9.306763185456888e-4 133083333 133083333 0
11 11711 rs10502224 116870480 1 9.302701454787924e-4 116870480 116870480 0
11 7661 rs4540849 82085113 1 9.294802829404624e-4 82085113 82085113 0
11 209 rs4758480 3218709 1 9.277023958371022e-4 3218709 3218709 0
11 11804 rs11216474 117497778 1 9.259429889569032e-4 117497778 117497778 0
11 3710 rs2181165 33943644 1 -9.218747089845716e-4 33943644 33943644 0
11 1121 rs4929912 8816695 1 9.162508298662964e-4 8816695 8816695 0
11 1581 rs7948477 12571019 1 -9.141493823225052e-4 12571019 12571019 0
11 4585 rs11036893 42466106 2 9.119910252154036e-4 42466106 42466106 0
11 9111 rs4396252 94374694 1 -9.101496299703348e-4 94374694 94374694 0
11 7308 rs679598 79660947 1 9.056624118338148e-4 79660947 79660947 0
11 2243 rs1648222 19313016 1 -9.053423806314454e-4 19313016 19313016 0
11 2107 rs211146 17981047 1 9.039719147083304e-4 17981047 17981047 0
11 6208 rs35532855 66457681 2 9.023528174518736e-4 66457681 66457681 0
11 12513 rs10790683 124333153 1 9.02010386638772e-4 124333153 124333153 0
11 7628 rs644497 81810647 1 -9.018507826053516e-4 81810647 81810647 0
11 5114 rs7120118 47286290 1 9.015939796150352e-4 47286290 47286290 0
11 11903 rs537975 118362869 2 -9.001700472707296e-4 118362869 118362869 0
11 6960 rs882151 75904137 1 8.968958775590049e-4 75904137 75904137 0
11 7326 rs10488781 79768810 1 -8.939423788038461e-4 79768810 79768810 0
11 5915 rs57743826 62763226 1 8.864923511657744e-4 62763226 62763226 0
11 5090 rs11039074 47081732 1 8.85382964536522e-4 47081732 47081732 0
11 7121 rs7396701 78202699 2 -8.841257755051412e-4 78202699 78202699 0
11 5594 rs11229889 59020419 2 8.79401320172137e-4 59020419 59020419 0
11 2680 rs1499244 22798431 1 8.791795977150671e-4 22798431 22798431 0
11 975 rs12292013 7696338 1 -8.773713866528507e-4 7696338 7696338 0
11 6673 rs12797368 72369385 1 -8.75161034115343e-4 72369385 72369385 0
11 1163 rs3751058 9051406 1 -8.737685043938834e-4 9051406 9051406 0
11 1717 rs10500796 13698833 2 -8.702503464213648e-4 13698833 13698833 0
11 4672 rs1546009 43044239 1 -8.689365479353104e-4 43044239 43044239 0
11 2802 rs11027313 23577442 1 -8.678620117447928e-4 23577442 23577442 0
11 12125 rs665035 121083812 1 -8.635136661499131e-4 121083812 121083812 0
11 12448 rs1453652 123935438 1 -8.60613726573971e-4 123935438 123935438 0
11 9522 rs11213783 97919121 1 8.602758579943996e-4 97919121 97919121 0
11 13553 rs12271362 133463444 1 8.555152656282514e-4 133463444 133463444 0
11 7271 rs951181 79286576 1 -8.440229946941746e-4 79286576 79286576 0
11 2245 rs2702705 19379879 1 8.428960227159493e-4 19379879 19379879 0
11 3421 rs6169 30255185 1 8.427590026778212e-4 30255185 30255185 0
11 10204 rs11225394 102595413 1 8.417821670203615e-4 102595413 102595413 0
11 561 rs1391619 5455929 1 8.395573425217011e-4 5455929 5455929 0
11 12560 rs12283125 124814761 1 -8.37502294467621e-4 124814761 124814761 0
11 1452 rs10765879 11651418 1 8.371164878486853e-4 11651418 11651418 0
11 11381 rs11214997 114324312 1 -8.357011194091853e-4 114324312 114324312 0
11 10953 rs10891096 110262743 2 -8.346861573335461e-4 110262743 110262743 0
11 6775 rs17132882 73965162 1 -8.33059550025881e-4 73965162 73965162 0
11 6470 rs11237212 69875274 1 8.251667578664147e-4 69875274 69875274 0
11 9453 rs11226986 97425287 1 -8.240680874601469e-4 97425287 97425287 0
11 13114 rs2860290 129291462 1 -8.236118922295522e-4 129291462 129291462 0
11 7632 rs581701 81885721 1 -8.2353881891169e-4 81885721 81885721 0
11 9816 rs10893843 99628972 1 -8.215684180646748e-4 99628972 99628972 0
11 6964 rs663907 75923069 1 -8.18957340142802e-4 75923069 75923069 0
11 13717 rs10894919 134835852 1 8.167484027890675e-4 134835852 134835852 0
11 1058 rs110419 8252853 2 -8.104566743889505e-4 8252853 8252853 0
11 8972 rs7114771 93239907 1 -8.084670196330943e-4 93239907 93239907 0
11 256 rs1980412 4148948 1 -8.083543421286369e-4 4148948 4148948 0
11 11342 rs926075 114000727 1 -8.078205343913933e-4 114000727 114000727 0
11 12044 rs3901366 120408071 1 -8.051318410143251e-4 120408071 120408071 0
11 12300 rs9943547 123026014 1 8.040100080070327e-4 123026014 123026014 0
11 9145 rs1039750 94809826 1 8.038994693933719e-4 94809826 94809826 0
11 13564 rs4494315 133491908 1 8.015412483313937e-4 133491908 133491908 0
11 9235 rs10831415 95466159 1 7.977500529736941e-4 95466159 95466159 0
11 5093 rs7117404 47127153 1 7.97623821207073e-4 47127153 47127153 0
11 13302 rs6590583 131383662 1 7.907109914052325e-4 131383662 131383662 0
11 3820 rs7929679 34805849 1 7.895889543640114e-4 34805849 34805849 0
11 11879 rs651825 118042713 1 -7.887734577410171e-4 118042713 118042713 0
11 2678 rs1499242 22793809 1 -7.878681785717222e-4 22793809 22793809 0
11 31 rs7935013 467339 1 7.878453492583488e-4 467339 467339 0
11 5583 rs596847 58479908 1 7.863007511249897e-4 58479908 58479908 0
11 2836 rs1320356 24177400 1 -7.848897982398051e-4 24177400 24177400 0
11 9437 rs2044986 97315831 1 7.844213971550145e-4 97315831 97315831 0
11 5971 rs3751120 63884453 1 7.818318847483971e-4 63884453 63884453 0
11 9128 rs7104535 94454413 2 -7.778861981809341e-4 94454413 94454413 0
11 10788 rs12808838 107684371 1 -7.762110434118269e-4 107684371 107684371 0
11 10417 rs12277818 104002442 1 -7.752127664222644e-4 104002442 104002442 0
11 1976 rs16933090 16455794 1 7.750144288042948e-4 16455794 16455794 0
11 3458 rs7944883 30531483 1 -7.737467474141552e-4 30531483 30531483 0
11 11809 rs1892918 117531465 1 7.736208795362255e-4 117531465 117531465 0
11 160 rs2283169 2580299 2 7.643682941759629e-4 2580299 2580299 0
11 9135 rs6483377 94674106 2 -7.604134494263965e-4 94674106 94674106 0
11 8991 rs62622500 93408743 1 7.54810250540167e-4 93408743 93408743 0
11 6352 rs921675 68869034 1 7.513115902255739e-4 68869034 68869034 0
11 5664 rs61742546 59949058 1 -7.489193440071336e-4 59949058 59949058 0
11 6598 rs1790313 71106206 1 -7.489187548729871e-4 71106206 71106206 0
11 11101 rs11213985 111581521 2 7.486722974969562e-4 111581521 111581521 0
11 13298 rs12421680 131350968 1 7.471831709749924e-4 131350968 131350968 0
11 9717 rs12421122 99154402 1 7.463579547412156e-4 99154402 99154402 0
11 12182 rs10892786 121803041 1 7.445854743617362e-4 121803041 121803041 0
11 2437 rs10466424 20681439 1 -7.430508468659797e-4 20681439 20681439 0
11 7427 rs2948381 80821706 1 7.425517539261182e-4 80821706 80821706 0
11 12115 rs686882 121023992 1 -7.413707980938796e-4 121023992 121023992 0
11 11902 rs572126 118359161 2 -7.347707553553133e-4 118359161 118359161 0
11 13094 rs4261298 129167003 2 7.335286245052452e-4 129167003 129167003 0
11 6597 rs1790315 71103143 1 -7.324427257075604e-4 71103143 71103143 0
11 5883 rs114515655 62286666 1 7.28415136147181e-4 62286666 62286666 0
11 11388 rs550897 114442103 1 -7.252011195195925e-4 114442103 114442103 0
11 12229 rs7930461 122484431 1 -7.236887106850611e-4 122484431 122484431 0
11 12245 rs11218814 122664228 1 7.229226967852683e-4 122664228 122664228 0
11 11346 rs2852796 114053768 1 7.22641577866677e-4 114053768 114053768 0
11 7340 rs7114833 79870120 1 7.207157952835475e-4 79870120 79870120 0
11 10079 rs7116268 101558350 1 -7.1937529624373e-4 101558350 101558350 0
11 5765 rs2237997 60772090 1 7.1771525383308e-4 60772090 60772090 0
11 12126 rs10892689 121088158 1 -7.153777457715718e-4 121088158 121088158 0
11 9189 rs538592 95101147 1 -7.152337047106729e-4 95101147 95101147 0
11 12565 rs7951202 124863136 1 -7.140176006395176e-4 124863136 124863136 0
11 6393 rs7102705 69143284 1 7.116071445506002e-4 69143284 69143284 0
11 11160 rs4472967 112482107 1 -7.108019626107818e-4 112482107 112482107 0
11 7179 rs9667214 78821945 1 -7.105942230630681e-4 78821945 78821945 0
11 3782 rs836109 34570208 1 -7.097323984825641e-4 34570208 34570208 0
11 1397 rs4909980 11319396 1 -7.096876689411877e-4 11319396 11319396 0
11 2668 rs7952704 22721656 1 7.091712773714384e-4 22721656 22721656 0
11 6615 rs3794060 71187679 1 7.050470438218568e-4 71187679 71187679 0
11 11654 rs4938303 116584987 1 -7.022464340990294e-4 116584987 116584987 0
11 8643 rs12805608 90233427 1 7.010734021016181e-4 90233427 90233427 0
11 8518 rs530782 88566485 1 7.003667405521034e-4 88566485 88566485 0
11 4169 rs1825015 36960292 1 6.969467174505532e-4 36960292 36960292 0
11 13407 rs11820240 132148604 1 -6.947009308083688e-4 132148604 132148604 0
11 3129 rs7102662 26876833 1 -6.932723285641909e-4 26876833 26876833 0
11 6878 rs1676891 74949403 1 6.893855444850543e-4 74949403 74949403 0
11 827 rs1491823 6948139 1 -6.87322287500114e-4 6948139 6948139 0
11 12836 rs1939992 126809705 1 -6.870208349138535e-4 126809705 126809705 0
11 5030 rs7925824 45929961 1 6.84663479131488e-4 45929961 45929961 0
11 2074 rs12576915 17513943 1 -6.806430404913142e-4 17513943 17513943 0
11 2246 rs4353249 19420097 1 -6.775171750333264e-4 19420097 19420097 0
11 6805 rs686179 74192414 1 6.76630746012144e-4 74192414 74192414 0
11 8862 rs568629 92307679 1 6.750321609442898e-4 92307679 92307679 0
11 3131 rs79461805 26885197 1 -6.746549131194952e-4 26885197 26885197 0
11 8908 rs621310 92783339 2 6.707503558156828e-4 92783339 92783339 0
11 5564 rs118148210 58206703 1 -6.701616930157916e-4 58206703 58206703 0
11 3164 rs1372902 27133886 1 -6.692530285495247e-4 27133886 27133886 0
11 2366 rs11025530 20383324 1 -6.6909309197727e-4 20383324 20383324 0
11 4472 rs10768653 40961066 2 6.687233929825083e-4 40961066 40961066 0
11 2319 rs2251973 19992797 1 -6.596876179711975e-4 19992797 19992797 0
11 10261 rs601592 102877651 1 -6.596343902543699e-4 102877651 102877651 0
11 4202 rs11033958 37141853 1 6.561789846981288e-4 37141853 37141853 0
11 11553 rs1784964 115563555 1 6.554220264084543e-4 115563555 115563555 0
11 1827 rs7948017 15000384 1 6.460314507177883e-4 15000384 15000384 0
11 4999 rs45476392 45670969 1 6.46018876613038e-4 45670969 45670969 0
11 7945 rs10501579 84598945 1 6.419362165392509e-4 84598945 84598945 0
11 3049 rs10834868 26026233 1 -6.399958894000126e-4 26026233 26026233 0
11 11170 rs321117 112656595 1 -6.362218233258071e-4 112656595 112656595 0
11 5929 rs4963361 62870326 1 -6.355474724699815e-4 62870326 62870326 0
11 573 rs12577167 5475118 1 -6.320223926682677e-4 5475118 5475118 0
11 3709 rs7941248 33925975 1 6.319818895112659e-4 33925975 33925975 0
11 11660 rs7123583 116600021 1 -6.267409962967028e-4 116600021 116600021 0
11 12853 rs1944622 126883747 1 6.245916613450639e-4 126883747 126883747 0
11 13205 rs1733439 130412175 1 -6.197205716512513e-4 130412175 130412175 0
11 5976 rs2096706 63924446 2 -6.174431738964676e-4 63924446 63924446 0
11 11231 rs7103866 113164768 1 6.170300323194713e-4 113164768 113164768 0
11 6961 rs4944092 75909619 1 6.147686010110336e-4 75909619 75909619 0
11 4351 rs769866 39749305 1 -6.142827416981223e-4 39749305 39749305 0
11 6831 rs7119296 74391103 1 -6.133009029864085e-4 74391103 74391103 0
11 5653 rs1441585 59855711 1 6.126481935778388e-4 59855711 59855711 0
11 8557 rs1393350 89011046 1 -6.11843591395423e-4 89011046 89011046 0
11 13196 rs2242312 130275346 1 6.113092075841349e-4 130275346 130275346 0
11 2490 rs4923264 21041504 1 6.097232189836658e-4 21041504 21041504 0
11 11578 rs1894070 116076882 1 6.091381653048322e-4 116076882 116076882 0
11 13637 rs11223738 134128313 1 6.067876626561818e-4 134128313 134128313 0
11 4014 rs1016215 36041753 1 6.059111850066015e-4 36041753 36041753 0
11 5804 rs174547 61570783 1 -6.053270873887807e-4 61570783 61570783 0
11 12840 rs631562 126852438 1 6.045703211246174e-4 126852438 126852438 0
11 7155 rs661864 78509582 1 -6.031471028829896e-4 78509582 78509582 0
11 1596 rs12292638 12625227 1 6.026548972712425e-4 12625227 12625227 0
11 11727 rs12420361 116993788 1 5.999671028149038e-4 116993788 116993788 0
11 876 rs12799959 7320535 1 5.991095855046226e-4 7320535 7320535 0
11 10031 rs1218927 101194447 1 5.986170803006132e-4 101194447 101194447 0
11 6445 rs10737157 69572684 1 5.965966699020048e-4 69572684 69572684 0
11 1089 rs10840037 8434693 1 -5.957745466253472e-4 8434693 8434693 0
11 13617 rs646998 134010722 1 5.955543520213976e-4 134010722 134010722 0
11 3068 rs7930530 26303474 1 5.951496888912963e-4 26303474 26303474 0
11 3649 rs2447523 33462344 1 5.944603411286399e-4 33462344 33462344 0
11 1836 rs756152 15121130 1 -5.941981456680673e-4 15121130 15121130 0
11 13548 rs7926500 133396313 1 -5.937480214932326e-4 133396313 133396313 0
11 12961 rs7948482 128044966 1 -5.905479232671554e-4 128044966 128044966 0
11 4393 rs7924805 40211252 1 5.887848685575652e-4 40211252 40211252 0
11 7883 rs963259 83944122 1 5.809858154598288e-4 83944122 83944122 0
11 7685 rs1939640 82251050 2 5.790008620343984e-4 82251050 82251050 0
11 11169 rs161130 112654974 1 -5.777385402771225e-4 112654974 112654974 0
11 2234 rs7930821 19142695 1 -5.775403020938233e-4 19142695 19142695 0
11 2501 rs10833455 21099887 1 5.768574464881127e-4 21099887 21099887 0
11 6017 rs12417589 64301713 1 -5.746679485436847e-4 64301713 64301713 0
11 9472 rs612234 97591699 1 -5.699580036691557e-4 97591699 97591699 0
11 3149 rs1445325 27034437 1 5.684234002909202e-4 27034437 27034437 0
11 7651 rs679930 81983618 1 -5.683786636156913e-4 81983618 81983618 0
11 6603 rs7105151 71117319 1 5.648544951281847e-4 71117319 71117319 0
11 6087 rs61732319 65124408 1 -5.643266720922167e-4 65124408 65124408 0
11 7008 rs731644 76396289 1 -5.622708539382522e-4 76396289 76396289 0
11 103 rs4980379 1888614 1 5.621401473177112e-4 1888614 1888614 0
11 10543 rs1942971 105428486 1 -5.600755926278387e-4 105428486 105428486 0
11 3367 rs481303 29512184 2 -5.599176880636718e-4 29512184 29512184 0
11 3413 rs3802914 30033191 1 5.589441358717184e-4 30033191 30033191 0
11 5281 rs10896272 56113593 1 -5.577605637336248e-4 56113593 56113593 0
11 7177 rs12419002 78816852 1 5.547302278349984e-4 78816852 78816852 0
11 3069 rs11029518 26345407 1 5.536444778698874e-4 26345407 26345407 0
11 10415 rs11226185 103991641 2 -5.52966841956709e-4 103991641 103991641 0
11 13450 rs11223138 132458871 1 -5.528448088154008e-4 132458871 132458871 0
11 6606 rs3763856 71125345 1 5.523863755763872e-4 71125345 71125345 0
11 11770 rs11216430 117376111 1 5.516301553852743e-4 117376111 117376111 0
11 11717 rs10892068 116928546 1 5.509610942813336e-4 116928546 116928546 0
11 9020 rs4753116 93767360 2 5.488537382917532e-4 93767360 93767360 0
11 9274 rs10501841 95834531 1 -5.483172694431217e-4 95834531 95834531 0
11 12951 rs1940363 128002947 1 5.469553190165617e-4 128002947 128002947 0
11 6591 rs10160764 71082809 1 -5.451392156819864e-4 71082809 71082809 0
11 11583 rs4938235 116097385 1 -5.440744616518725e-4 116097385 116097385 0
11 13107 rs10894029 129228519 2 5.431775455474778e-4 129228519 129228519 0
11 5037 rs3929339 46086727 1 5.431498541268636e-4 46086727 46086727 0
11 7081 rs7942125 77727139 1 5.420690809985986e-4 77727139 77727139 0
11 7863 rs6592163 83796678 1 -5.420523437906831e-4 83796678 83796678 0
11 2029 rs1330 17316029 2 -5.409089183746465e-4 17316029 17316029 0
11 13607 rs627455 133887799 1 5.400541360628638e-4 133887799 133887799 0
11 12651 rs12575533 125594258 1 -5.383229120833804e-4 125594258 125594258 0
11 7367 rs1037399 80147284 1 5.368041942730623e-4 80147284 80147284 0
11 12372 rs10750240 123677614 1 5.36768364214837e-4 123677614 123677614 0
11 13139 rs6590414 129597056 1 5.302955944620242e-4 129597056 129597056 0
11 12555 rs4254088 124805619 2 5.280003818906687e-4 124805619 124805619 0
11 4723 rs1874435 43246675 1 5.276962365572761e-4 43246675 43246675 0
11 9754 rs7127856 99369237 1 5.232030131139251e-4 99369237 99369237 0
11 4616 rs10837923 42768045 1 -5.209051377251712e-4 42768045 42768045 0
11 9168 rs646667 94915978 2 -5.190791948797272e-4 94915978 94915978 0
11 12522 rs12417780 124426284 1 5.181843472538848e-4 124426284 124426284 0
11 11235 rs7950569 113193601 1 -5.164714657273357e-4 113193601 113193601 0
11 9017 rs1914723 93760506 1 5.120066200165695e-4 93760506 93760506 0
11 13441 rs6590638 132401730 1 -5.119653295861495e-4 132401730 132401730 0
11 6449 rs734102 69624482 1 5.115335129682284e-4 69624482 69624482 0
11 4458 rs12277750 40817882 1 -5.098288924708981e-4 40817882 40817882 0
11 9971 rs618291 100681211 1 -5.068131088793106e-4 100681211 100681211 0
11 12649 rs12221488 125592843 1 -5.065657419459531e-4 125592843 125592843 0
11 13465 rs1105289 132640356 1 -5.030490119729891e-4 132640356 132640356 0
11 6536 rs11236898 70463510 1 5.015924233981383e-4 70463510 70463510 0
11 2600 rs764949 21667334 1 5.011436529664754e-4 21667334 21667334 0
11 8880 rs3847535 92558024 1 -5.010838747064681e-4 92558024 92558024 0
11 9605 rs12793263 98653719 1 4.983155615261865e-4 98653719 98653719 0
11 10323 rs4754957 103400088 1 -4.969295543686129e-4 103400088 103400088 0
11 12745 rs3802813 126162468 1 4.949786860413466e-4 126162468 126162468 0
11 3542 rs224644 31985157 1 4.929806922500948e-4 31985157 31985157 0
11 1176 rs7116459 9275898 1 -4.926774020452037e-4 9275898 9275898 0
11 3180 rs11029928 27319188 1 4.922101339596638e-4 27319188 27319188 0
11 13306 rs11222697 131432722 1 4.914219498033133e-4 131432722 131432722 0
11 6465 rs7935198 69864128 1 -4.905344578779187e-4 69864128 69864128 0
11 8061 rs666682 85739838 1 -4.896985249165535e-4 85739838 85739838 0
11 4865 rs4755884 44763401 1 4.890413079641965e-4 44763401 44763401 0
11 1776 rs7116296 14113759 2 4.885280939866075e-4 14113759 14113759 0
11 4688 rs4123198 43115182 1 -4.879841365987944e-4 43115182 43115182 0
11 11071 rs12291412 111213349 1 4.854678937087961e-4 111213349 111213349 0
11 11802 rs10790195 117496132 1 4.812576613598813e-4 117496132 117496132 0
11 6605 rs7114296 71119003 1 4.776872382576638e-4 71119003 71119003 0
11 13027 rs660657 128610263 1 -4.7747054962349615e-4 128610263 128610263 0
11 7181 rs10793362 78829575 1 -4.730000290932228e-4 78829575 78829575 0
11 2323 rs2568118 20005452 1 4.72100905067707e-4 20005452 20005452 0
11 199 rs7925089 3131418 1 -4.705403620797498e-4 3131418 3131418 0
11 10149 rs12418815 102418160 1 -4.686654544011317e-4 102418160 102418160 0
11 11665 rs12292921 116621963 1 4.676673895432506e-4 116621963 116621963 0
11 11979 rs7131676 119631325 1 -4.6711041847321687e-4 119631325 119631325 0
11 11310 rs2459969 113638374 2 -4.6615685410407773e-4 113638374 113638374 0
11 13001 rs11221335 128385906 1 4.633786005610595e-4 128385906 128385906 0
11 11232 rs12279103 113177189 1 -4.631395736075999e-4 113177189 113177189 0
11 13086 rs7941048 129122558 1 -4.613914934851318e-4 129122558 129122558 0
11 837 rs2857919 7022160 1 -4.613762319661648e-4 7022160 7022160 0
11 2613 rs1945335 21831266 1 4.6026263246054825e-4 21831266 21831266 0
11 1460 rs7951610 11785883 1 4.586342771134292e-4 11785883 11785883 0
11 32 rs2613996 470331 1 -4.586240533148254e-4 470331 470331 0
11 7004 rs1941603 76359722 1 -4.585344483623742e-4 76359722 76359722 0
11 645 rs4992800 5702462 1 4.560918054463627e-4 5702462 5702462 0
11 4389 rs2953310 40137543 1 4.554478888303709e-4 40137543 40137543 0
11 12405 rs7942047 123777986 1 -4.5124877060764786e-4 123777986 123777986 0
11 5541 rs10896717 57990457 1 4.50505709611222e-4 57990457 57990457 0
11 13725 rs7120419 134893915 1 -4.489535798963662e-4 134893915 134893915 0
11 12309 rs7128842 123128812 1 -4.478181535371225e-4 123128812 123128812 0
11 5579 rs675757 58478039 1 4.474908342040504e-4 58478039 58478039 0
11 6417 rs7944975 69274169 1 4.4604014290145855e-4 69274169 69274169 0
11 7896 rs7942296 84059608 1 -4.4596836457599584e-4 84059608 84059608 0
11 1049 rs1528133 8149753 1 4.4458815590144577e-4 8149753 8149753 0
11 11372 rs7927378 114233785 1 -4.44443159511399e-4 114233785 114233785 0
11 7219 rs493524 79080606 1 4.41373602034764e-4 79080606 79080606 0
11 3396 rs12290129 29815169 1 4.408712983457474e-4 29815169 29815169 0
11 12608 rs4369420 125276400 1 -4.3447909555281055e-4 125276400 125276400 0
11 10967 rs10891123 110354193 1 4.33539073937727e-4 110354193 110354193 0
11 1396 rs4909979 11319245 2 4.3021407263668567e-4 11319245 11319245 0
11 11103 rs585149 111595189 1 4.273163826419029e-4 111595189 111595189 0
11 6633 rs10128658 71733519 1 -4.260235732325772e-4 71733519 71733519 0
11 2544 rs7113875 21310513 1 -4.2575577314879086e-4 21310513 21310513 0
11 8274 rs3740660 86743742 1 -4.2555896285820705e-4 86743742 86743742 0
11 12789 rs619996 126437941 1 -4.234346120176128e-4 126437941 126437941 0
11 3831 rs568529 34842506 1 -4.227847531408875e-4 34842506 34842506 0
11 1575 rs2243707 12534707 1 4.222313712429268e-4 12534707 12534707 0
11 9806 rs4323834 99592885 1 -4.206008804764603e-4 99592885 99592885 0
11 6632 rs35844388 71701763 1 4.181382626790558e-4 71701763 71701763 0
11 10848 rs2640737 108462537 1 -4.171081993474691e-4 108462537 108462537 0
11 8985 rs11020425 93322831 1 -4.137201768427523e-4 93322831 93322831 0
11 7205 rs11604024 79039284 1 -4.107362016719583e-4 79039284 79039284 0
11 7684 rs1939641 82250265 1 -4.101575040908646e-4 82250265 82250265 0
11 2143 rs7128017 18319180 1 4.087900837805536e-4 18319180 18319180 0
11 2121 rs35525096 18108512 1 4.0802678293933703e-4 18108512 18108512 0
11 8830 rs12786200 91979018 1 -4.069380689846865e-4 91979018 91979018 0
11 3452 rs2242144 30504621 1 4.0630565173372025e-4 30504621 30504621 0
11 7372 rs7945761 80196298 1 -4.056525598888367e-4 80196298 80196298 0
11 13180 rs959354 130009581 2 4.056193369447456e-4 130009581 130009581 0
11 10077 rs11601702 101538691 2 -4.046594152667801e-4 101538691 101538691 0
11 6459 rs902867 69840704 1 -4.042703518447463e-4 69840704 69840704 0
11 12305 rs3018105 123097158 1 -4.0161934768338586e-4 123097158 123097158 0
11 1746 rs2271155 13943228 1 4.011027263853348e-4 13943228 13943228 0
11 6436 rs546597 69351911 1 4.006355391059183e-4 69351911 69351911 0
11 13662 rs4937909 134441821 1 4.0055767707012946e-4 134441821 134441821 0
11 6686 rs12272109 72453850 1 3.95418112661044e-4 72453850 72453850 0
11 8144 rs663208 86193234 1 3.922582903531435e-4 86193234 86193234 0
11 12763 rs11220465 126257779 1 -3.921563738072499e-4 126257779 126257779 0
11 7054 rs508662 77099018 2 3.905856256870106e-4 77099018 77099018 0
11 1013 rs10500702 7895876 2 3.897663753040701e-4 7895876 7895876 0
11 56 rs7941920 876755 1 -3.89490046872719e-4 876755 876755 0
11 8576 rs10734123 89868755 1 -3.8888227362332046e-4 89868755 89868755 0
11 10989 rs11822684 110484253 1 3.874985352346769e-4 110484253 110484253 0
11 13142 rs12416704 129616272 1 3.868101293430175e-4 129616272 129616272 0
11 6915 rs606452 75276178 1 -3.860885399648601e-4 75276178 75276178 0
11 13527 rs11223437 133193153 1 -3.831619929744819e-4 133193153 133193153 0
11 2619 rs2029299 21864596 1 3.815027922662549e-4 21864596 21864596 0
11 996 rs1600970 7754959 1 3.814989883469785e-4 7754959 7754959 0
11 10330 rs716273 103417868 1 -3.814935709813288e-4 103417868 103417868 0
11 541 rs2647582 5424170 1 -3.802489721007298e-4 5424170 5424170 0
11 623 rs74053516 5602929 1 -3.80035720570304e-4 5602929 5602929 0
11 12718 rs12421177 126026645 1 3.759921996706184e-4 126026645 126026645 0
11 2938 rs2256074 24838908 1 3.757064922748726e-4 24838908 24838908 0
11 8338 rs7944619 87515374 1 -3.745923251784642e-4 87515374 87515374 0
11 23 rs17655730 270715 1 -3.702699237418086e-4 270715 270715 0
11 13116 rs142822705 129306648 1 3.682210036123015e-4 129306648 129306648 0
11 13493 rs10894637 132871336 1 -3.668693616027248e-4 132871336 132871336 0
11 12013 rs1790471 119968219 1 -3.655197960241713e-4 119968219 119968219 0
11 8870 rs1792361 92443925 1 3.655037281377781e-4 92443925 92443925 0
11 658 rs4243963 5744372 1 -3.6282928813154575e-4 5744372 5744372 0
11 11955 rs619180 119366947 1 3.622156399996642e-4 119366947 119366947 0
11 1601 rs6485989 12695171 1 3.6062866269363574e-4 12695171 12695171 0
11 4715 rs11821780 43206167 1 3.600982090851422e-4 43206167 43206167 0
11 5930 rs7117494 62873164 1 3.589460281191746e-4 62873164 62873164 0
11 13472 rs4128349 132689188 1 3.5790252833521293e-4 132689188 132689188 0
11 6142 rs2276017 65766092 1 3.573328889187176e-4 65766092 65766092 0
11 5465 rs150928534 57464253 1 -3.5706212791625675e-4 57464253 57464253 0
11 6150 rs2430979 65813383 1 -3.566242638475512e-4 65813383 65813383 0
11 7258 rs7931162 79198096 1 3.5655397489446183e-4 79198096 79198096 0
11 4604 rs7129198 42663401 1 3.5600428216754697e-4 42663401 42663401 0
11 37 rs116176428 621826 1 3.5518497403917184e-4 621826 621826 0
11 2152 rs12274651 18422029 1 -3.549348553112823e-4 18422029 18422029 0
11 12251 rs12287912 122675193 1 -3.5185901954571454e-4 122675193 122675193 0
11 9587 rs7102022 98483202 1 3.494854844219227e-4 98483202 98483202 0
11 3141 rs12275693 27015407 1 3.480112651828245e-4 27015407 27015407 0
11 10948 rs11213366 110227924 1 3.478807300933876e-4 110227924 110227924 0
11 11264 rs4611239 113364271 1 3.45041538163835e-4 113364271 113364271 0
11 1669 rs16924750 13185226 1 -3.433736674357872e-4 13185226 13185226 0
11 7909 rs11606836 84192441 1 -3.432814828103389e-4 84192441 84192441 0
11 13470 rs7350477 132673205 1 -3.4233103502803887e-4 132673205 132673205 0
11 1351 rs901398 11096221 1 -3.418295599420518e-4 11096221 11096221 0
11 343 rs4382897 4823689 1 3.414861492389377e-4 4823689 4823689 0
11 8294 rs12804243 86975706 2 3.4067153145284903e-4 86975706 86975706 0
11 7005 rs11236828 76360404 1 3.4037530516399175e-4 76360404 76360404 0
11 6687 rs7122044 72462634 1 -3.3882149913718216e-4 72462634 72462634 0
11 2551 rs7126959 21377151 1 3.3638366177521524e-4 21377151 21377151 0
11 6527 rs10899208 70424411 1 -3.3585389478891315e-4 70424411 70424411 0
11 8709 rs13328892 90820243 1 -3.3444700462655145e-4 90820243 90820243 0
11 418 rs1455970 5078881 1 3.341719558635867e-4 5078881 5078881 0
11 10956 rs12575797 110287537 1 3.335341646244217e-4 110287537 110287537 0
11 4562 rs11036673 42083016 1 3.3238550997608825e-4 42083016 42083016 0
11 8348 rs9666479 87572490 1 3.3233290243447346e-4 87572490 87572490 0
11 8806 rs11019709 91690010 1 -3.3204084145932466e-4 91690010 91690010 0
11 3420 rs3908935 30170373 1 -3.315999827403732e-4 30170373 30170373 0
11 7314 rs642770 79688804 1 3.2825133352813805e-4 79688804 79688804 0
11 7698 rs7937096 82350270 1 3.270667148173713e-4 82350270 82350270 0
11 10145 rs1954850 102378560 2 3.2601670440212e-4 102378560 102378560 0
11 10615 rs9285795 106264835 1 3.245100656022918e-4 106264835 106264835 0
11 4494 rs1159111 41149755 1 -3.2376076034137995e-4 41149755 41149755 0
11 2789 rs11027271 23540006 1 -3.2168931147775234e-4 23540006 23540006 0
11 11005 rs1449699 110610453 1 3.2154892703928735e-4 110610453 110610453 0
11 13615 rs1783814 134007108 1 3.2117217505971406e-4 134007108 134007108 0
11 4648 rs11037169 42969116 1 -3.166813590198916e-4 42969116 42969116 0
11 2436 rs17232722 20678604 2 -3.138518149936975e-4 20678604 20678604 0
11 13156 rs10894162 129781016 1 3.1258692497807553e-4 129781016 129781016 0
11 6812 rs7944514 74301192 1 3.124143126794807e-4 74301192 74301192 0
11 11844 rs11216693 117890386 1 3.1068884636358386e-4 117890386 117890386 0
11 8309 rs11235120 87080713 1 -3.1057976346518523e-4 87080713 87080713 0
11 2257 rs4756999 19468769 1 3.1033458470711427e-4 19468769 19468769 0
11 437 rs2499937 5111072 1 3.101626748023106e-4 5111072 5111072 0
11 993 rs12289723 7747954 1 3.0909507673391914e-4 7747954 7747954 0
11 10162 rs2509024 102499087 1 -3.090812854098349e-4 102499087 102499087 0
11 2994 rs7925370 25751078 1 3.0865976167906083e-4 25751078 25751078 0
11 5863 rs11603383 62037583 2 3.08521080056357e-4 62037583 62037583 0
11 13569 rs6590725 133534203 1 -3.0788188915660964e-4 133534203 133534203 0
11 1110 rs7947230 8646670 1 -3.0730018001572784e-4 8646670 8646670 0
11 11880 rs678957 118050855 2 -3.0631154209812494e-4 118050855 118050855 0
11 5899 rs3763851 62572433 1 -3.0556448979388436e-4 62572433 62572433 0
11 8072 rs536841 85787824 1 -3.0439657442026577e-4 85787824 85787824 0
11 12271 rs7109832 122747868 1 -3.0435864192980143e-4 122747868 122747868 0
11 780 rs12223079 6755782 1 -3.0364641216598274e-4 6755782 6755782 0
11 6 rs1023430 224393 1 -3.019407847239618e-4 224393 224393 0
11 6294 rs3736228 68201295 1 -3.0176851353418924e-4 68201295 68201295 0
11 1317 rs7112994 10994559 1 3.0131594536800374e-4 10994559 10994559 0
11 5047 rs7121257 46231502 1 -3.004045532250146e-4 46231502 46231502 0
11 2929 rs2716449 24755890 1 -3.0033211733316613e-4 24755890 24755890 0
11 12935 rs12049869 127718228 1 -2.999357084020953e-4 127718228 127718228 0
11 6122 rs1204772 65581579 1 2.999289082925694e-4 65581579 65581579 0
11 8911 rs559902 92804066 1 2.9940940814772866e-4 92804066 92804066 0
11 8748 rs1394529 91177076 1 -2.967395289003072e-4 91177076 91177076 0
11 3738 rs7928060 34420930 1 -2.9542331777637e-4 34420930 34420930 0
11 1000 rs1157039 7843317 1 2.9462722152513016e-4 7843317 7843317 0
11 7630 rs673323 81864464 1 -2.932227453024093e-4 81864464 81864464 0
11 9388 rs585732 96780465 1 2.9042147697636185e-4 96780465 96780465 0
11 3347 rs17513662 29303887 1 2.8975854545207076e-4 29303887 29303887 0
11 12003 rs1287591 119904686 1 -2.883054342618991e-4 119904686 119904686 0
11 2756 rs7934731 23368595 1 -2.869143153233785e-4 23368595 23368595 0
11 12031 rs6589804 120161641 1 -2.861838887040342e-4 120161641 120161641 0
11 13719 rs1871265 134869557 2 2.8322823373158655e-4 134869557 134869557 0
11 4564 rs2129954 42098693 1 2.831005857086827e-4 42098693 42098693 0
11 5295 rs1945222 56167086 1 2.827538723321661e-4 56167086 56167086 0
11 4590 rs10768832 42566600 1 -2.814408742012276e-4 42566600 42566600 0
11 5019 rs895722 45751600 1 2.808046073132742e-4 45751600 45751600 0
11 6073 rs1195962 64941419 1 -2.7959789654931577e-4 64941419 64941419 0
11 4912 rs6485591 45155411 1 -2.792867242670359e-4 45155411 45155411 0
11 1225 rs10500715 9973062 1 -2.7401064952914053e-4 9973062 9973062 0
11 5835 rs2264278 61885073 1 2.7381629979282535e-4 61885073 61885073 0
11 9956 rs11224426 100615623 1 -2.721423784236169e-4 100615623 100615623 0
11 3232 rs4923461 27656910 1 -2.714195810681419e-4 27656910 27656910 0
11 12075 rs7110179 120712591 1 2.7001639046912403e-4 120712591 120712591 0
11 11552 rs1784965 115563433 1 2.6934099480948324e-4 115563433 115563433 0
11 11163 rs1459658 112565534 2 -2.686710577824592e-4 112565534 112565534 0
11 7852 rs12274345 83730570 1 -2.6673871842621943e-4 83730570 83730570 0
11 12148 rs297494 121291294 1 2.665443067877317e-4 121291294 121291294 0
11 4915 rs7108362 45214573 1 2.6626511356417197e-4 45214573 45214573 0
11 11380 rs688101 114308684 1 2.648045579572701e-4 114308684 114308684 0
11 6525 rs11236708 70424188 1 2.644309215309755e-4 70424188 70424188 0
11 301 rs10836331 4617873 1 -2.643615551378821e-4 4617873 4617873 0
11 8303 rs4636701 87035210 1 -2.632536270269975e-4 87035210 87035210 0
11 13590 rs1485197 133756187 1 -2.6055619918626167e-4 133756187 133756187 0
11 7194 rs10899604 78909461 1 -2.602758485364445e-4 78909461 78909461 0
11 998 rs722183 7775862 1 -2.5945450941880667e-4 7775862 7775862 0
11 8404 rs16912326 87943265 1 -2.59117180222107e-4 87943265 87943265 0
11 3567 rs764669 32302799 1 -2.5781296629573327e-4 32302799 32302799 0
11 8594 rs10501713 89953013 1 -2.576721352617222e-4 89953013 89953013 0
11 2253 rs10766560 19466002 1 -2.559441225880872e-4 19466002 19466002 0
11 12401 rs10750250 123777497 1 -2.553423756985626e-4 123777497 123777497 0
11 11363 rs10128580 114115298 1 -2.5431754204057226e-4 114115298 114115298 0
11 2855 rs16912359 24290818 1 -2.526783565333588e-4 24290818 24290818 0
11 7436 rs2514502 80846781 1 2.5225575285262784e-4 80846781 80846781 0
11 7373 rs7929328 80202876 1 2.486293008228683e-4 80202876 80202876 0
11 10082 rs7949939 101591191 1 2.4642872201583767e-4 101591191 101591191 0
11 13267 rs1793789 131086041 1 -2.4574322943581234e-4 131086041 131086041 0
11 7755 rs17144547 82791959 1 -2.4442232056962304e-4 82791959 82791959 0
11 10522 rs1384616 105124667 1 -2.4311595602640604e-4 105124667 105124667 0
11 9708 rs7928907 99085621 1 2.413043124307722e-4 99085621 99085621 0
11 2368 rs7934001 20401835 1 -2.4117651544010868e-4 20401835 20401835 0
11 8312 rs4397880 87083443 1 2.405848454336772e-4 87083443 87083443 0
11 5040 rs10769191 46157060 1 2.398536547000509e-4 46157060 46157060 0
11 1707 rs307222 13533893 1 2.3846837648015137e-4 13533893 13533893 0
11 1618 rs10500766 12919909 1 -2.3826174171669737e-4 12919909 12919909 0
11 3803 rs286873 34702158 1 -2.376450682971043e-4 34702158 34702158 0
11 13631 rs1031381 134088682 1 2.363326901898919e-4 134088682 134088682 0
11 11677 rs623908 116640368 1 2.361087087235821e-4 116640368 116640368 0
11 4139 rs11033782 36759882 1 -2.340900255513284e-4 36759882 36759882 0
11 96 rs10769560 1714061 1 2.334136285733579e-4 1714061 1714061 0
11 8860 rs1791554 92301650 1 2.3332076913806207e-4 92301650 92301650 0
11 3877 rs7119807 34979548 1 2.3327032627439476e-4 34979548 34979548 0
11 1289 rs7940646 10669228 1 -2.329161452740944e-4 10669228 10669228 0
11 2360 rs10500875 20343326 1 -2.3283968759965623e-4 20343326 20343326 0
11 7300 rs1320726 79490072 1 2.3224850276149832e-4 79490072 79490072 0
11 12227 rs12420917 122477025 1 2.3133016364791447e-4 122477025 122477025 0
11 1236 rs16907355 10019879 1 2.313174365304916e-4 10019879 10019879 0
11 4533 rs723562 41799496 1 2.302488368986667e-4 41799496 41799496 0
11 13552 rs4937792 133455155 1 2.2962809067249805e-4 133455155 133455155 0
11 6456 rs1492512 69835356 2 2.287037254728288e-4 69835356 69835356 0
11 8440 rs2457684 88139983 1 -2.286973811720866e-4 88139983 88139983 0
11 2217 rs10833052 19080944 1 -2.2657977418014133e-4 19080944 19080944 0
11 1407 rs2403511 11399283 1 2.2617715381028624e-4 11399283 11399283 0
11 10863 rs2553761 108754443 1 2.251540788023365e-4 108754443 108754443 0
11 12299 rs11821710 123023829 2 -2.2457896590175175e-4 123023829 123023829 0
11 11048 rs10502135 111071187 1 2.240541092827121e-4 111071187 111071187 0
11 11977 rs4936492 119560449 1 2.225481971341775e-4 119560449 119560449 0
11 11258 rs11214606 113309869 1 2.2246958135606565e-4 113309869 113309869 0
11 6978 rs747925 76004202 1 2.222021905646387e-4 76004202 76004202 0
11 13433 rs11223089 132361781 1 -2.21350909770012e-4 132361781 132361781 0
11 4722 rs11037366 43244906 1 -2.2042404256655276e-4 43244906 43244906 0
11 12050 rs1574249 120500130 1 -2.1813644811181264e-4 120500130 120500130 0
11 9809 rs7935705 99594162 1 -2.1702572018018272e-4 99594162 99594162 0
11 449 rs11602279 5209592 1 -2.16436273602207e-4 5209592 5209592 0
11 12339 rs2078158 123444860 1 -2.1569433093192105e-4 123444860 123444860 0
11 8453 rs308769 88219490 1 -2.1448965741079816e-4 88219490 88219490 0
11 196 rs451041 3060725 1 2.127157823494177e-4 3060725 3060725 0
11 4611 rs10837908 42715836 1 2.1169305088052423e-4 42715836 42715836 0
11 8047 rs7107455 85642444 1 2.0977480250614975e-4 85642444 85642444 0
11 6128 rs34891773 65631361 1 2.0863310109960864e-4 65631361 65631361 0
11 1675 rs11022713 13239330 1 -2.080954807120872e-4 13239330 13239330 0
11 4269 rs7947901 38200445 1 -2.078734744467202e-4 38200445 38200445 0
11 3878 rs511776 34987357 2 2.0706413331279423e-4 34987357 34987357 0
11 1656 rs10766040 13124064 2 -2.066137766794652e-4 13124064 13124064 0
11 7933 rs11234135 84412257 1 -2.0648615091375345e-4 84412257 84412257 0
11 8314 rs2226628 87091845 1 2.0596800996407913e-4 87091845 87091845 0
11 11352 rs12273315 114076935 1 2.0422482356900065e-4 114076935 114076935 0
11 4146 rs7930272 36768765 1 -2.039257191644181e-4 36768765 36768765 0
11 11560 rs11215690 115685475 1 -2.020679300381052e-4 115685475 115685475 0
11 5408 rs10501367 57005587 1 -2.0203359942520496e-4 57005587 57005587 0
11 3551 rs224633 32085297 1 -2.0119583411288517e-4 32085297 32085297 0
11 11973 rs7103685 119523181 1 2.0009584097450427e-4 119523181 119523181 0
11 6295 rs1127291 68213989 1 1.989477314251439e-4 68213989 68213989 0
11 4544 rs7105457 41932593 1 1.9854310009170513e-4 41932593 41932593 0
11 13429 rs11223079 132321504 1 1.973378058112431e-4 132321504 132321504 0
11 6508 rs10466703 70218548 1 1.9606883037037257e-4 70218548 70218548 0
11 2611 rs7934550 21802981 1 -1.951109483448968e-4 21802981 21802981 0
11 2235 rs12798330 19184916 1 1.941915981490324e-4 19184916 19184916 0
11 12212 rs4936695 122329878 1 -1.9367173850554656e-4 122329878 122329878 0
11 4367 rs10768556 39902443 1 -1.93183879881464e-4 39902443 39902443 0
11 7183 rs10899592 78833535 2 -1.9031663316987425e-4 78833535 78833535 0
11 3723 rs2755176 34265140 1 1.8927945602708365e-4 34265140 34265140 0
11 9865 rs10791145 99942748 1 1.892113425601692e-4 99942748 99942748 0
11 2485 rs1400373 20999558 1 1.8886751028517377e-4 20999558 20999558 0
11 4821 rs12291270 44290066 1 -1.8813592907609687e-4 44290066 44290066 0
11 7319 rs635035 79705861 1 -1.879213616797883e-4 79705861 79705861 0
11 10904 rs2852116 109587048 1 -1.8720466600399553e-4 109587048 109587048 0
11 1895 rs11023633 15577295 1 -1.8696245822057188e-4 15577295 15577295 0
11 4760 rs7116503 43913386 1 -1.8498051095661416e-4 43913386 43913386 0
11 8079 rs4944558 85829867 1 1.8495435512847424e-4 85829867 85829867 0
11 9238 rs1255161 95494313 1 1.846895454964717e-4 95494313 95494313 0
11 13627 rs10894782 134048143 1 1.843890145821788e-4 134048143 134048143 0
11 3062 rs11029127 26091038 1 -1.8404375724671233e-4 26091038 26091038 0
11 3158 rs7107938 27071118 2 -1.8381456009915588e-4 27071118 27071118 0
11 2214 rs10833049 19077765 1 1.832821643419525e-4 19077765 19077765 0
11 2967 rs1374140 25145902 1 -1.8320510306734224e-4 25145902 25145902 0
11 5434 rs7107352 57145633 2 1.819838005300432e-4 57145633 57145633 0
11 5977 rs11603192 63927695 1 -1.8193170747211448e-4 63927695 63927695 0
11 8050 rs2077815 85672383 1 1.8157558461137508e-4 85672383 85672383 0
11 6062 rs11539360 64880743 1 1.814329885052735e-4 64880743 64880743 0
11 4589 rs10837869 42552055 1 -1.8040356446003385e-4 42552055 42552055 0
11 6683 rs1531865 72437398 1 1.8014873252246284e-4 72437398 72437398 0
11 1931 rs7109948 15866420 2 -1.7981784052326034e-4 15866420 15866420 0
11 4970 rs11038430 45406740 1 1.7930611302162516e-4 45406740 45406740 0
11 2078 rs1076311 17532597 1 -1.763550838307903e-4 17532597 17532597 0
11 3903 rs353619 35174595 1 -1.736541899535528e-4 35174595 35174595 0
11 1905 rs7128738 15692228 1 1.729895617069325e-4 15692228 15692228 0
11 11749 rs564674 117227519 1 1.7218762490341536e-4 117227519 117227519 0
11 13128 rs7936804 129474773 1 -1.7195001832961943e-4 129474773 129474773 0
11 3423 rs7123626 30325865 1 1.698436610583794e-4 30325865 30325865 0
11 4136 rs4756338 36750146 1 1.6926932729618462e-4 36750146 36750146 0
11 3228 rs1488831 27637014 1 -1.690929378839849e-4 27637014 27637014 0
11 3726 rs10836178 34282229 1 1.684292918558926e-4 34282229 34282229 0
11 6307 rs12365708 68512543 1 -1.6749712810983872e-4 68512543 68512543 0
11 5412 rs590240 57024830 1 1.6645116865786073e-4 57024830 57024830 0
11 8829 rs10830888 91951447 1 -1.6642413802838595e-4 91951447 91951447 0
11 3777 rs836141 34537316 2 -1.6592374098221277e-4 34537316 34537316 0
11 6199 rs2275998 66326581 1 -1.6435951158330107e-4 66326581 66326581 0
11 3355 rs2793472 29385292 1 1.6269679569704383e-4 29385292 29385292 0
11 7136 rs1792134 78360169 2 -1.62517442608618e-4 78360169 78360169 0
11 147 rs3815064 2495515 1 -1.6225638946653134e-4 2495515 2495515 0
11 803 rs61741824 6816792 1 1.6139371306377357e-4 6816792 6816792 0
11 4737 rs4755714 43534268 1 -1.6031917938320056e-4 43534268 43534268 0
11 3545 rs1033506 32036899 1 -1.6031655699005803e-4 32036899 32036899 0
11 9402 rs11224253 96845364 1 -1.601630674492713e-4 96845364 96845364 0
11 9086 rs11020808 94256359 1 -1.5967157812622382e-4 94256359 94256359 0
11 155 rs11826873 2541165 1 -1.596473720311059e-4 2541165 2541165 0
11 8716 rs10734146 90864328 1 1.5936559283554012e-4 90864328 90864328 0
11 406 rs11035102 5029457 1 1.5934466477088294e-4 5029457 5029457 0
11 2503 rs2138599 21114308 1 1.5888303450340948e-4 21114308 21114308 0
11 6074 rs3825072 64954053 1 1.5853914280197087e-4 64954053 64954053 0
11 255 rs1662172 4117155 2 1.5833027183996887e-4 4117155 4117155 0
11 8712 rs1358567 90848595 1 -1.5820182448450474e-4 90848595 90848595 0
11 6382 rs11605162 69050867 1 1.580427562631669e-4 69050867 69050867 0
11 6226 rs6591239 66991617 1 1.5751173308605723e-4 66991617 66991617 0
11 13541 rs1107579 133305414 1 1.5751152455535165e-4 133305414 133305414 0
11 1405 rs4909989 11359886 1 1.5721160727641463e-4 11359886 11359886 0
11 7450 rs7102147 80916359 1 1.5612761106585297e-4 80916359 80916359 0
11 5916 rs4149183 62765869 1 -1.556027071291708e-4 62765869 62765869 0
11 12220 rs1868752 122391442 1 1.5553519035022508e-4 122391442 122391442 0
11 4455 rs11036058 40764896 1 1.5518103857450546e-4 40764896 40764896 0
11 3746 rs11032678 34438320 1 -1.545831143492093e-4 34438320 34438320 0
11 1518 rs2013262 12222345 1 1.5456650946304242e-4 12222345 12222345 0
11 2156 rs6486431 18542227 1 -1.538507962292906e-4 18542227 18542227 0
11 13596 rs329674 133776948 1 1.5135432770937548e-4 133776948 133776948 0
11 6621 rs2155425 71217959 1 1.5125275973940433e-4 71217959 71217959 0
11 6815 rs10219203 74324923 1 -1.5059127324442087e-4 74324923 74324923 0
11 9704 rs1841615 99077932 1 1.503342318270619e-4 99077932 99077932 0
11 12993 rs7122859 128350686 2 1.4966607988932e-4 128350686 128350686 0
11 2684 rs7111546 22829757 1 1.4848284242335847e-4 22829757 22829757 0
11 1288 rs11042909 10668522 2 1.4801484700512969e-4 10668522 10668522 0
11 10225 rs1034375 102695472 1 -1.477514491322152e-4 102695472 102695472 0
11 11106 rs1633471 111690331 1 -1.452618077942628e-4 111690331 111690331 0
11 1178 rs5014247 9309405 1 -1.4495269503180504e-4 9309405 9309405 0
11 3797 rs286913 34655363 1 -1.441212019088482e-4 34655363 34655363 0
11 66 rs6597976 1111474 1 -1.4310568956989173e-4 1111474 1111474 0
11 4739 rs10400240 43559991 1 -1.4088090634712687e-4 43559991 43559991 0
11 6565 rs2919721 70953650 1 1.4073289755295255e-4 70953650 70953650 0
11 6193 rs3737525 66306355 1 1.39608924391807e-4 66306355 66306355 0
11 3051 rs1387493 26034283 1 1.3888668446691523e-4 26034283 26034283 0
11 10801 rs10466556 107803708 1 1.381929197772247e-4 107803708 107803708 0
11 1179 rs10770008 9311128 1 -1.3652537044729106e-4 9311128 9311128 0
11 11385 rs7122337 114397499 1 -1.3556115026999978e-4 114397499 114397499 0
11 11743 rs667944 117128271 1 1.3450956678184248e-4 117128271 117128271 0
11 11838 rs11216668 117878559 1 1.3421650414800643e-4 117878559 117878559 0
11 13337 rs11222791 131652336 1 1.3411053470856643e-4 131652336 131652336 0
11 368 rs10742412 4926193 1 -1.3406601631300443e-4 4926193 4926193 0
11 7946 rs17147761 84605753 1 -1.3344230009412723e-4 84605753 84605753 0
11 13664 rs4937919 134465220 1 -1.324987147200397e-4 134465220 134465220 0
11 2175 rs7941067 18782408 1 -1.321558795481399e-4 18782408 18782408 0
11 10208 rs10791591 102605579 1 -1.3061367049878824e-4 102605579 102605579 0
11 4292 rs1481294 38604075 1 1.3022625274628074e-4 38604075 38604075 0
11 1119 rs10769958 8815115 1 -1.2925483790348578e-4 8815115 8815115 0
11 13443 rs7111443 132403257 1 1.2756196908582964e-4 132403257 132403257 0
11 13322 rs2739287 131531000 1 1.266079300807657e-4 131531000 131531000 0
11 1705 rs307245 13481999 1 1.264548777547329e-4 13481999 13481999 0
11 1480 rs1542379 11844516 1 -1.2241294394454234e-4 11844516 11844516 0
11 3511 rs7945475 31297630 1 -1.2232437772955062e-4 31297630 31297630 0
11 4960 rs4755319 45381346 2 1.2186010196992334e-4 45381346 45381346 0
11 4330 rs7944994 39322214 1 1.2058487951487348e-4 39322214 39322214 0
11 204 rs11025603 3167177 2 -1.2040879123577889e-4 3167177 3167177 0
11 5952 rs7944411 63242556 1 1.196510713873808e-4 63242556 63242556 0
11 3940 rs3847615 35347929 1 -1.189339546962326e-4 35347929 35347929 0
11 2817 rs10834232 23926630 1 1.1772509598539566e-4 23926630 23926630 0
11 9109 rs1940640 94360812 1 1.1736929870043854e-4 94360812 94360812 0
11 8336 rs2186664 87439615 1 1.1676578133783772e-4 87439615 87439615 0
11 13697 rs931932 134671308 1 -1.1626895708754618e-4 134671308 134671308 0
11 11373 rs1941395 114235304 1 -1.1525647176303013e-4 114235304 114235304 0
11 12116 rs2155369 121038810 2 1.1473511776091475e-4 121038810 121038810 0
11 91 rs11821612 1667948 1 1.1390743662208977e-4 1667948 1667948 0
11 9190 rs7940677 95110237 1 -1.1366871290548472e-4 95110237 95110237 0
11 7192 rs7482532 78879700 1 -1.1198605775557287e-4 78879700 78879700 0
11 6531 rs948192 70439364 1 1.11227410586746e-4 70439364 70439364 0
11 11584 rs10790114 116098634 1 1.1095329706206396e-4 116098634 116098634 0
11 13379 rs11222901 131945819 1 1.102906151272862e-4 131945819 131945819 0
11 4918 rs7940871 45227830 1 1.087684971915772e-4 45227830 45227830 0
11 12795 rs471302 126471989 1 -1.0736510503898784e-4 126471989 126471989 0
11 8871 rs1792363 92445462 1 1.0712975421451208e-4 92445462 92445462 0
11 12577 rs920486 124983982 1 -1.0592051912886768e-4 124983982 124983982 0
11 12196 rs687928 121996261 1 -1.0523233342655896e-4 121996261 121996261 0
11 8822 rs10830834 91815601 1 1.042946749852584e-4 91815601 91815601 0
11 723 rs3750944 6239344 1 1.0299975617131722e-4 6239344 6239344 0
11 9996 rs11224546 100890993 1 -1.0267134012646929e-4 100890993 100890993 0
11 9740 rs2656195 99337450 1 -1.015400692772111e-4 99337450 99337450 0
11 2186 rs6483541 18866999 1 1.0058695105748333e-4 18866999 18866999 0
11 7448 rs7114393 80915510 1 1.0049667186622236e-4 80915510 80915510 0
11 824 rs10839658 6942476 2 -9.86543605841198e-5 6942476 6942476 0
11 145 rs11604487 2493966 1 -9.601381386750664e-5 2493966 2493966 0
11 10829 rs425538 108219339 2 -9.365615886585268e-5 108219339 108219339 0
11 11974 rs78809001 119548402 2 9.321668191512172e-5 119548402 119548402 0
11 11952 rs685879 119341075 1 -9.270489375549709e-5 119341075 119341075 0
11 823 rs1018002 6939794 1 9.236987569345352e-5 6939794 6939794 0
11 632 rs7104648 5633747 1 -9.03989454518177e-5 5633747 5633747 0
11 11625 rs551141 116480631 1 9.01308059725996e-5 116480631 116480631 0
11 10126 rs12420608 101992349 1 8.907617584465076e-5 101992349 101992349 0
11 1659 rs1441327 13129269 1 -8.809481800927543e-5 13129269 13129269 0
11 3982 rs645267 35560205 1 -8.805475429194529e-5 35560205 35560205 0
11 5625 rs627461 59711390 1 -8.76382413600004e-5 59711390 59711390 0
11 448 rs6578566 5207389 1 -8.68119839291474e-5 5207389 5207389 0
11 6315 rs613084 68603157 1 -8.473084823800544e-5 68603157 68603157 0
11 11957 rs609305 119392654 1 -8.32745877790982e-5 119392654 119392654 0
11 2498 rs7120935 21079942 1 8.276542640621386e-5 21079942 21079942 0
11 11984 rs4938724 119672156 1 -8.19251123823831e-5 119672156 119672156 0
11 2240 rs4237740 19281653 1 8.03254362562751e-5 19281653 19281653 0
11 873 rs1487875 7313866 1 8.026236375080016e-5 7313866 7313866 0
11 698 rs4354673 6007613 1 8.016347578242601e-5 6007613 6007613 0
11 10513 rs7934144 104979884 1 -7.96013852382418e-5 104979884 104979884 0
11 8178 rs949349 86297189 1 -7.956329693292716e-5 86297189 86297189 0
11 11263 rs6589377 113355736 1 -7.908399047546837e-5 113355736 113355736 0
11 8919 rs78676517 92895920 1 7.890839388774632e-5 92895920 92895920 0
11 9625 rs2219636 98766571 2 7.811494988883089e-5 98766571 98766571 0
11 10038 rs2508371 101268447 1 -7.622802019487155e-5 101268447 101268447 0
11 997 rs7129903 7775321 2 -7.574068371669829e-5 7775321 7775321 0
11 3114 rs10767567 26701172 1 -7.558565338221265e-5 26701172 26701172 0
11 10483 rs10791730 104688549 1 7.525156310136137e-5 104688549 104688549 0
11 2409 rs2241941 20623023 1 7.515039034415705e-5 20623023 20623023 0
11 450 rs61736992 5221132 1 7.50564503945155e-5 5221132 5221132 0
11 9123 rs11020909 94426502 1 7.461821786315847e-5 94426502 94426502 0
11 7687 rs10897988 82265147 1 7.191107106776755e-5 82265147 82265147 0
11 9830 rs17618560 99801380 1 7.131380899010463e-5 99801380 99801380 0
11 6058 rs35982635 64802388 1 7.075306364772799e-5 64802388 64802388 0
11 2754 rs1351642 23340867 1 -7.068550347133449e-5 23340867 23340867 0
11 4575 rs1903727 42427853 2 -7.037587394274019e-5 42427853 42427853 0
11 5785 rs883724 61457857 1 -6.862234652112643e-5 61457857 61457857 0
11 1839 rs1612783 15185729 1 6.549441549439795e-5 15185729 15185729 0
11 312 rs10768149 4666074 1 -6.45773734777455e-5 4666074 4666074 0
11 13077 rs1031063 129082414 1 -6.41741619034717e-5 129082414 129082414 0
11 7301 rs2851432 79491498 1 6.2649084264514e-5 79491498 79491498 0
11 340 rs12284164 4816548 1 6.256306532554943e-5 4816548 4816548 0
11 7096 rs1144764 77870486 1 6.1270338444667e-5 77870486 77870486 0
11 643 rs10838517 5695743 2 6.115972602968123e-5 5695743 5695743 0
11 4921 rs6416127 45239959 1 -6.093221207949095e-5 45239959 45239959 0
11 3739 rs5026710 34428362 1 6.0358454872069075e-5 34428362 34428362 0
11 9451 rs11226968 97420790 1 -6.016844076047942e-5 97420790 97420790 0
11 1285 rs2162044 10655609 1 5.98758084356601e-5 10655609 10655609 0
11 9386 rs1349704 96777666 2 5.970098311869972e-5 96777666 96777666 0
11 854 rs4277091 7118082 1 -5.8830971733390115e-5 7118082 7118082 0
11 4010 rs7952702 36004699 1 5.539776234951215e-5 36004699 36004699 0
11 459 rs4910736 5258989 1 5.368475321595375e-5 5258989 5258989 0
11 3942 rs3847618 35360016 1 -5.340025249139543e-5 35360016 35360016 0
11 9400 rs17275283 96841814 1 5.288672362001001e-5 96841814 96841814 0
11 9446 rs4755115 97370844 1 -5.262994757519845e-5 97370844 97370844 0
11 2829 rs12294573 24087714 1 -5.252799959472548e-5 24087714 24087714 0
11 1253 rs2957657 10287810 1 5.246904496283669e-5 10287810 10287810 0
11 11011 rs226164 110686788 1 -5.2309711492387816e-5 110686788 110686788 0
11 13352 rs12576595 131755673 1 -5.211447067605225e-5 131755673 131755673 0
11 6748 rs634771 73668842 1 -5.136660525337342e-5 73668842 73668842 0
11 13523 rs4937761 133155735 1 5.116920422836324e-5 133155735 133155735 0
11 7617 rs489784 81771621 1 5.107922745400269e-5 81771621 81771621 0
11 13024 rs1939236 128602827 1 5.105237206553611e-5 128602827 128602827 0
11 4397 rs10742530 40229937 1 5.009291903474077e-5 40229937 40229937 0
11 4520 rs1463068 41611349 2 4.846088864462691e-5 41611349 41611349 0
11 11752 rs8258 117283676 1 4.8341705489956e-5 117283676 117283676 0
11 10818 rs2070661 108043988 1 -4.581223892500766e-5 108043988 108043988 0
11 12531 rs7110338 124449980 1 4.570452552253386e-5 124449980 124449980 0
11 4856 rs6485554 44650927 1 4.540771295395882e-5 44650927 44650927 0
11 11755 rs522383 117286064 1 4.5359724607664016e-5 117286064 117286064 0
11 12189 rs2852835 121879938 1 -4.358313204381524e-5 121879938 121879938 0
11 4253 rs2129930 38002718 1 -4.338454949539722e-5 38002718 38002718 0
11 6747 rs637028 73660546 1 -4.309701148069948e-5 73660546 73660546 0
11 1469 rs10500751 11809438 1 -4.291075960580498e-5 11809438 11809438 0
11 1262 rs10840404 10426129 1 4.276603500222654e-5 10426129 10426129 0
11 1298 rs10840473 10715721 2 4.131335447832166e-5 10715721 10715721 0
11 8570 rs319027 89249010 1 -4.121453288675298e-5 89249010 89249010 0
11 13185 rs673297 130072580 1 4.114818270610224e-5 130072580 130072580 0
11 2311 rs7118085 19947749 1 4.040401276428351e-5 19947749 19947749 0
11 8704 rs1406397 90801491 1 4.024938991706483e-5 90801491 90801491 0
11 2797 rs7122789 23564493 1 -3.955102183471791e-5 23564493 23564493 0
11 877 rs755831 7321481 1 -3.810739285524882e-5 7321481 7321481 0
11 1708 rs10832052 13544652 1 3.7823541469996384e-5 13544652 13544652 0
11 3055 rs12363688 26044992 1 3.731280547190777e-5 26044992 26044992 0
11 872 rs11041297 7309243 1 3.679173395709043e-5 7309243 7309243 0
11 4012 rs262407 36029375 1 3.66101035928261e-5 36029375 36029375 0
11 3519 rs2177482 31802357 1 3.640829088361808e-5 31802357 31802357 0
11 6803 rs17524 74171116 1 -3.6182968540639685e-5 74171116 74171116 0
11 12026 rs7936665 120147254 1 3.6155161522881626e-5 120147254 120147254 0
11 65 rs11245936 1084362 1 -3.5994018068881035e-5 1084362 1084362 0
11 11193 rs2155289 112885081 1 3.5639030651884495e-5 112885081 112885081 0
11 9001 rs10831131 93630491 1 3.518725167829561e-5 93630491 93630491 0
11 3197 rs2199664 27408964 1 -3.475802045391307e-5 27408964 27408964 0
11 10748 rs4754231 107426129 1 -3.4284575044582914e-5 107426129 107426129 0
11 9897 rs2165661 100142834 1 -3.39183188699719e-5 100142834 100142834 0
11 1664 rs10766043 13135055 1 -2.9356116668960196e-5 13135055 13135055 0
11 4405 rs1020579 40280436 1 2.7938570557182476e-5 40280436 40280436 0
11 1833 rs1894128 15098067 1 -2.7585134282072625e-5 15098067 15098067 0
11 7316 rs486935 79697979 1 -2.7028605846146423e-5 79697979 79697979 0
11 5884 rs117162358 62344743 1 2.6125811010925156e-5 62344743 62344743 0
11 3941 rs7102331 35348532 1 -2.6065735526096815e-5 35348532 35348532 0
11 859 rs1507625 7137616 1 2.4720634174572316e-5 7137616 7137616 0
11 4194 rs10768243 37090499 1 -2.306111209816644e-5 37090499 37090499 0
11 5138 rs10742805 47454701 2 -2.283694110872468e-5 47454701 47454701 0
11 7055 rs3019238 77204866 1 -2.2656713191991983e-5 77204866 77204866 0
11 4231 rs12291143 37556022 1 -2.223866666700893e-5 37556022 37556022 0
11 2518 rs1791810 21168295 1 -2.1840367896849064e-5 21168295 21168295 0
11 4411 rs1440123 40476768 1 2.097337655632438e-5 40476768 40476768 0
11 617 rs431409 5575253 1 -2.01914715954044e-5 5575253 5575253 0
11 2024 rs476890 17209962 1 1.9588018941528463e-5 17209962 17209962 0
11 5957 rs928948 63639881 2 -1.93814715317977e-5 63639881 63639881 0
11 4286 rs931164 38571985 1 -1.7574183812743626e-5 38571985 38571985 0
11 12559 rs7937347 124814152 2 -1.705244980068155e-5 124814152 124814152 0
11 1638 rs12294180 13085602 1 1.6828016945100588e-5 13085602 13085602 0
11 13099 rs12289132 129200363 2 1.668900388831292e-5 129200363 129200363 0
11 2569 rs11026120 21533812 1 -1.5979021958814315e-5 21533812 21533812 0
11 8571 rs1836884 89285951 1 -1.5950877902195155e-5 89285951 89285951 0
11 4719 rs7934456 43238542 2 1.5427744824032894e-5 43238542 43238542 0
11 12308 rs10892986 123125779 1 -1.5059646763732954e-5 123125779 123125779 0
11 6853 rs2712780 74829787 1 1.4988839273451712e-5 74829787 74829787 0
11 6963 rs94111 75915139 1 1.4516811419044351e-5 75915139 75915139 0
11 12191 rs17126035 121897762 1 1.34322204802231e-5 121897762 121897762 0
11 4879 rs835780 44860371 1 -1.296994671394736e-5 44860371 44860371 0
11 3357 rs792514 29404798 1 1.26539329541542e-5 29404798 29404798 0
11 2996 rs7938971 25751372 1 1.1589584308773094e-5 25751372 25751372 0
11 10159 rs2245803 102495998 1 -1.1460952486773312e-5 102495998 102495998 0
11 7107 rs7117238 78040259 1 1.0260503024506128e-5 78040259 78040259 0
11 6358 rs11228530 68918985 1 1.0132707553744248e-5 68918985 68918985 0
11 1403 rs901554 11354393 1 9.154444103980842e-6 11354393 11354393 0
11 1291 rs3993279 10670992 1 8.865178547354892e-6 10670992 10670992 0
11 12892 rs2618195 127164405 2 -8.481132851795119e-6 127164405 127164405 0
11 12766 rs1007690 126274003 1 8.37462736621582e-6 126274003 126274003 0
11 3809 rs11032829 34748502 2 -7.93788677773353e-6 34748502 34748502 0
11 9330 rs4753751 96126361 1 7.750264974655562e-6 96126361 96126361 0
11 9724 rs12576370 99191617 1 7.708710418142856e-6 99191617 99191617 0
11 6032 rs7932775 64367862 1 7.521132017091132e-6 64367862 64367862 0
11 7042 rs2276031 76832011 1 6.31961379338934e-6 76832011 76832011 0
11 7350 rs7483049 80011790 1 6.03650377711948e-6 80011790 80011790 0
11 8367 rs28514468 87686425 1 4.0204078348096524e-6 87686425 87686425 0
11 11766 rs549289 117358220 1 4.004048968809414e-6 117358220 117358220 0
11 9318 rs483905 96023427 1 3.968063951460254e-6 96023427 96023427 0
11 2588 rs7924770 21637149 1 -3.793222970328251e-6 21637149 21637149 0
11 11652 rs1145198 116574336 1 3.323864738350527e-6 116574336 116574336 0
11 5917 rs948979 62783826 1 3.07974350967847e-6 62783826 62783826 0
11 9183 rs10765735 95092081 1 -2.824314396926143e-6 95092081 95092081 0
11 1325 rs732392 11007971 1 2.288251612469856e-6 11007971 11007971 0
11 13179 rs12274471 130002418 1 -2.254277163387427e-6 130002418 130002418 0
11 8857 rs586699 92289734 1 1.8412533263574197e-6 92289734 92289734 0
11 6857 rs2712799 74849219 2 1.5285220256399355e-6 74849219 74849219 0
11 7926 rs6592194 84360096 1 1.198672128541831e-6 84360096 84360096 0
11 7279 rs2187445 79319964 1 1.1892860711957906e-6 79319964 79319964 0
11 8032 rs3862785 85558723 1 -5.103467032470518e-7 85558723 85558723 0
11 10480 rs12285132 104659942 1 -3.129021174911283e-7 104659942 104659942 0
11 11868 rs10892215 117978103 1 -1.6759118269847352e-8 117978103 117978103 0
11 6251 rs2514029 67408241 1 5.487075389085129e-15 67408241 67408241 0
11 8826 rs1496681 91863702 1 3.0390864968619714e-15 91863702 91863702 0
11 8145 rs664613 86193603 1 4.100423515371667e-16 86193603 86193603 0
11 4543 rs11500415 41926727 1 4.090985091579155e-16 41926727 41926727 0
11 8827 rs11019826 91866003 1 1.57132440576343e-16 91866003 91866003 0
11 4137 rs4756339 36750204 1 6.471461673219799e-17 36750204 36750204 0
11 2995 rs7938917 25751144 1 6.18295703507436e-17 25751144 25751144 0
11 2997 rs7939196 25751503 1 3.748322896646096e-17 25751503 25751503 0
