CHR Group SNP.lead BP.lead Size W BP.min BP.max BP.width
8 8652 rs1966115 79556891 1 0.03041397543831764 79556891 79556891 0
8 3812 rs1010848 23351759 1 0.03005998098010971 23351759 23351759 0
8 14853 rs878421 142328020 1 0.02972648639759376 142328020 142328020 0
8 3157 rs10110600 18444535 1 0.02887550839153722 18444535 18444535 0
8 7911 rs6994325 72764061 1 0.0284647888729281 72764061 72764061 0
8 6856 rs10957150 61512060 1 0.02589639404486991 61512060 61512060 0
8 13221 rs11997192 129218127 1 0.02586913616039058 129218127 129218127 0
8 12175 rs10505343 119580807 1 0.02495826831981195 119580807 119580807 0
8 8181 rs4237009 74438389 1 -0.02230875581488047 74438389 74438389 0
8 12167 rs4876412 119427392 2 0.02210663444503381 119427392 119427392 0
8 10720 rs2436889 103576658 1 0.02197660061120408 103576658 103576658 0
8 12642 rs7159 124027628 1 0.02104410077840751 124027628 124027628 0
8 8717 rs16906530 80046610 1 0.01954741580179875 80046610 80046610 0
8 10499 rs6468723 101524955 1 0.01942180366387914 101524955 101524955 0
8 7928 rs958898 72907897 1 -0.01863130424988466 72907897 72907897 0
8 3725 rs11781095 22601787 1 0.01804767314380832 22601787 22601787 0
8 14595 rs2292927 139838912 1 -0.01767518138110458 139838912 139838912 0
8 13911 rs16904967 134646433 1 -0.01755334428875938 134646433 134646433 0
8 13954 rs9694593 135017303 1 -0.0173098369469903 135017303 135017303 0
8 1886 rs9644758 11818364 1 0.01611454114023143 11818364 11818364 0
8 10410 rs10955157 99227157 2 -0.01601490344982424 99227157 99227157 0
8 219 rs4242520 1840697 1 -0.01555887776418941 1840697 1840697 0
8 10106 rs730820 96230428 1 0.01544493055001861 96230428 96230428 0
8 4321 rs2472553 27328511 1 -0.01520286576651473 27328511 27328511 0
8 3262 rs1915418 19093006 1 0.01498680592830386 19093006 19093006 0
8 2050 rs7822459 13402465 1 0.01421115035964681 13402465 13402465 0
8 9661 rs6470668 91089850 1 0.01418051528745404 91089850 91089850 0
8 8618 rs13278582 79185247 1 -0.01411238719469963 79185247 79185247 0
8 13194 rs2720667 129083584 2 -0.01392868121603643 129083584 129083584 0
8 1475 rs13273769 8907557 1 -0.0137960558542564 8907557 8907557 0
8 744 rs7822226 4091132 1 0.01343481078077874 4091132 4091132 0
8 9644 rs10094579 90849305 1 0.01331412041517551 90849305 90849305 0
8 8827 rs10095139 81397268 1 0.01308553367695326 81397268 81397268 0
8 8861 rs4480065 82032183 2 -0.01264178730718401 82032183 82032183 0
8 13170 rs4733809 128989292 1 0.0125620084145923 128989292 128989292 0
8 13191 rs13248311 129070559 1 -0.01248914861031457 129070559 129070559 0
8 9379 rs13438948 87858778 1 -0.0123956048045482 87858778 87858778 0
8 13612 rs4736476 132489214 1 0.01211412516164774 132489214 132489214 0
8 13169 rs993725 128988220 2 0.01197613987976549 128988220 128988220 0
8 15040 rs10866910 144420930 1 0.01193053624175848 144420930 144420930 0
8 12047 rs17667932 118549376 1 -0.01192109884990312 118549376 118549376 0
8 12974 rs1602511 126959274 1 -0.01170745555526428 126959274 126959274 0
8 3882 rs17784945 23691273 1 0.01166069491072107 23691273 23691273 0
8 12486 rs13267240 122330471 1 0.01146790998424381 122330471 122330471 0
8 13214 rs2019960 129192271 2 0.01146605212633706 129192271 129192271 0
8 7956 rs13268757 72987638 1 -0.01143205734419722 72987638 72987638 0
8 5365 rs4737047 39984467 2 -0.01130608926942035 39984467 39984467 0
8 6985 rs7824857 62735692 1 -0.01111553212636462 62735692 62735692 0
8 14175 rs7830941 136733007 2 -0.01085912547346907 136733007 136733007 0
8 6973 rs1015905 62690015 1 -0.01069363920788956 62690015 62690015 0
8 3719 rs4872524 22489537 1 0.01061348625374838 22489537 22489537 0
8 366 rs12546807 2763790 1 -0.01060157279328434 2763790 2763790 0
8 10961 rs9886642 106022458 2 0.01052446231522327 106022458 106022458 0
8 13054 rs1516935 127919914 1 -0.01036205505997143 127919914 127919914 0
8 11429 rs973815 111056336 1 0.00971299478213928 111056336 111056336 0
8 6018 rs10095724 53739232 1 -0.00954692875951348 53739232 53739232 0
8 4145 rs328072 26329205 1 -0.00949052454260982 26329205 26329205 0
8 9335 rs6991672 87652115 1 -0.00944947920799908 87652115 87652115 0
8 13275 rs7834375 129603185 1 0.00944619243383686 129603185 129603185 0
8 14804 rs2293939 141551407 1 0.00943510236642351 141551407 141551407 0
8 11953 rs2511653 117621592 1 0.00940679023842597 117621592 117621592 0
8 12415 rs4871101 121720886 1 -0.00930619411192025 121720886 121720886 0
8 7508 rs10089660 68819659 2 -0.00924050836541413 68819659 68819659 0
8 8732 rs10504700 80202384 2 0.00918094962920484 80202384 80202384 0
8 13041 rs6470466 127739184 1 0.00915022507407327 127739184 127739184 0
8 13400 rs16904143 130702811 2 0.00914264075649172 130702811 130702811 0
8 10196 rs10093358 96913121 1 -0.0091249477980114 96913121 96913121 0
8 12303 rs13268676 120795607 1 -0.00906905560702026 120795607 120795607 0
8 3442 rs7835387 20150536 1 0.0088963552945923 20150536 20150536 0
8 3892 rs7845836 23932243 1 0.00885927790517317 23932243 23932243 0
8 4121 rs17243310 26001404 1 0.00883707354407346 26001404 26001404 0
8 6750 rs10103231 60413073 1 0.00876322680570181 60413073 60413073 0
8 14530 rs6577902 139263840 1 0.00874348306151005 139263840 139263840 0
8 4752 rs10447953 31478718 1 -0.00870967621569455 31478718 31478718 0
8 168 rs4876086 1483050 2 0.00867568536703959 1483050 1483050 0
8 4100 rs4872381 25816376 1 -0.00866558217808248 25816376 25816376 0
8 4137 rs7012604 26204089 2 0.0086417138746719 26204089 26204089 0
8 1835 rs2248334 11514071 1 0.00854099321256373 11514071 11514071 0
8 3666 rs56094005 21769432 2 0.00853744952071702 21769432 21769432 0
8 6093 rs1551907 54463785 1 0.00850671232469959 54463785 54463785 0
8 3293 rs10107533 19379421 2 0.00841535048897326 19379421 19379421 0
8 1443 rs7820324 8692591 1 -0.00836478950395872 8692591 8692591 0
8 10953 rs3134467 105979256 1 0.00834134766689684 105979256 105979256 0
8 5209 rs7463174 37635649 2 0.00828704358187977 37635649 37635649 0
8 10481 rs1660351 101275034 1 0.00822015535732807 101275034 101275034 0
8 1608 rs6983566 9931941 1 0.00821786877406463 9931941 9931941 0
8 13099 rs2456449 128192981 1 0.00820336761488794 128192981 128192981 0
8 2762 rs1615196 16843277 1 0.0080870302842913 16843277 16843277 0
8 4329 rs6558003 27390192 1 0.00808465688157738 27390192 27390192 0
8 14761 rs6999707 140963102 1 0.00800132028650215 140963102 140963102 0
8 3319 rs1492644 19545349 1 -0.00796284315400694 19545349 19545349 0
8 12726 rs6470190 124857300 1 -0.00791449181489829 124857300 124857300 0
8 4984 rs12056870 33566756 1 0.0077860234470217 33566756 33566756 0
8 2793 rs11991741 17111633 1 0.00764116025522806 17111633 17111633 0
8 10425 rs4476980 99374659 2 0.00761049838954065 99374659 99374659 0
8 13321 rs16903937 129987132 1 0.00759134295693157 129987132 129987132 0
8 8080 rs11780116 73795256 1 -0.0075908866827671204 73795256 73795256 0
8 13215 rs2909239 129192349 1 0.00757604426842234 129192349 129192349 0
8 4653 rs9642710 30218245 1 -0.00756563461991309 30218245 30218245 0
8 11247 rs10087176 108788603 1 -0.00746780555635069 108788603 108788603 0
8 6404 rs4316149 57533247 1 -0.007433495999238 57533247 57533247 0
8 808 rs1983474 4403586 1 0.00738600773494395 4403586 4403586 0
8 13003 rs6990457 127293085 2 0.00738408773432011 127293085 127293085 0
8 12513 rs6984293 122550491 2 -0.00736894082331927 122550491 122550491 0
8 3119 rs4921914 18272438 1 0.00713644288664539 18272438 18272438 0
8 220 rs997378 1843091 2 0.00713169953917229 1843091 1843091 0
8 4677 rs10105118 30627027 1 -0.00706938028610665 30627027 30627027 0
8 12891 rs11779177 125937760 2 -0.00704888956861134 125937760 125937760 0
8 271 rs1866719 2103379 1 -0.00703598462341408 2103379 2103379 0
8 12209 rs1032128 119951773 2 0.00700241340617631 119951773 119951773 0
8 13608 rs7000465 132355894 2 -0.00694002912574829 132355894 132355894 0
8 4140 rs3779916 26250906 2 -0.00693937120045357 26250906 26250906 0
8 4381 rs3103908 27549421 1 0.00693653833780305 27549421 27549421 0
8 1862 rs8191604 11636884 1 -0.00687397650400427 11636884 11636884 0
8 1325 rs7834209 6919748 1 0.0068357589842121 6919748 6919748 0
8 4568 rs653125 29266126 1 -0.00680762346645637 29266126 29266126 0
8 8813 rs6473219 81245003 1 0.0066303941284835 81245003 81245003 0
8 3831 rs4872145 23397750 1 0.00661760634856685 23397750 23397750 0
8 12645 rs12677755 124038045 1 0.00660400704728969 124038045 124038045 0
8 1766 rs10111872 10881408 2 -0.00659057299198887 10881408 10881408 0
8 13723 rs16904676 133383549 1 -0.00648413390698651 133383549 133383549 0
8 14439 rs7000472 138626268 1 0.00636345578249261 138626268 138626268 0
8 823 rs17070836 4476957 1 0.00633715992131203 4476957 4476957 0
8 2946 rs78484373 17739639 1 0.00630843667393279 17739639 17739639 0
8 10311 rs2853288 98389164 1 -0.00626088414368032 98389164 98389164 0
8 8998 rs10086623 83488195 1 -0.00619242701351452 83488195 83488195 0
8 6405 rs7004591 57534550 1 -0.00618945741293465 57534550 57534550 0
8 13167 rs752427 128980008 2 0.00613364599884287 128980008 128980008 0
8 5597 rs3736649 42259299 1 -0.0061183366474333 42259299 42259299 0
8 10494 rs4075553 101430680 1 -0.00604266798134245 101430680 101430680 0
8 7737 rs7822729 70838395 1 0.00604011973142507 70838395 70838395 0
8 10535 rs4734487 101862313 1 0.00592543873893501 101862313 101862313 0
8 3754 rs7464769 23007793 1 -0.00581638170598115 23007793 23007793 0
8 15088 rs6599528 145603114 2 0.00581326052738505 145603114 145603114 0
8 10107 rs2439630 96245252 1 0.0057941692462998 96245252 96245252 0
8 1221 rs1550697 6266774 1 0.00578202229354112 6266774 6266774 0
8 13720 rs6415551 133378714 1 -0.00574045631074692 133378714 133378714 0
8 2047 rs966213 13397806 1 0.00571338268136551 13397806 13397806 0
8 6272 rs1119277 56248483 1 -0.00568607867187884 56248483 56248483 0
8 12171 rs6469746 119433803 2 -0.00567765877120905 119433803 119433803 0
8 1831 rs11786272 11496032 1 0.00564750987303914 11496032 11496032 0
8 7897 rs6472618 72707802 2 0.00560119315451778 72707802 72707802 0
8 10938 rs2290866 105907833 1 0.00560056179946507 105907833 105907833 0
8 8256 rs13263313 75225381 1 0.00558514481438141 75225381 75225381 0
8 5146 rs7814362 36496796 1 0.00557881638855711 36496796 36496796 0
8 768 rs10091134 4190222 1 -0.00546974879139294 4190222 4190222 0
8 3907 rs6996616 24171051 1 -0.00546198379882151 24171051 24171051 0
8 4011 rs1527033 24889912 2 0.00545970775002055 24889912 24889912 0
8 9614 rs13269643 90578560 1 -0.00545809274184376 90578560 90578560 0
8 8380 rs2383938 76205569 1 -0.00543216875729928 76205569 76205569 0
8 7573 rs4268113 69509456 1 -0.00539885079323307 69509456 69509456 0
8 1522 rs17149871 9204630 1 0.00532063247405271 9204630 9204630 0
8 13149 rs7840975 128705161 1 0.00530310260396357 128705161 128705161 0
8 12076 rs12548168 118805719 1 -0.00527935569769828 118805719 118805719 0
8 1078 rs11136921 5644626 1 -0.00525862984843184 5644626 5644626 0
8 749 rs7011094 4106612 1 -0.00522142124333742 4106612 4106612 0
8 12177 rs2460968 119628230 2 0.00521312467191737 119628230 119628230 0
8 7478 rs1545824 68490139 2 -0.00521226649069407 68490139 68490139 0
8 751 rs1504761 4119374 2 -0.00519185019622853 4119374 4119374 0
8 12956 rs4871622 126618736 1 -0.00519060089266718 126618736 126618736 0
8 660 rs2554728 3842999 1 -0.00518452392624098 3842999 3842999 0
8 13332 rs7813493 130208039 1 0.00518033319328365 130208039 130208039 0
8 473 rs1161531 3261483 1 -0.00517959125221858 3261483 3261483 0
8 6563 rs7006812 58928607 1 0.00510285478957186 58928607 58928607 0
8 12206 rs11573897 119947416 2 -0.0050885629583731 119947416 119947416 0
8 13456 rs2045093 131091592 1 -0.00506937866103174 131091592 131091592 0
8 1309 rs11774240 6714902 1 -0.00505187670317104 6714902 6714902 0
8 160 rs740238 1356420 1 0.00505043969181939 1356420 1356420 0
8 10145 rs6471541 96528845 2 0.00501453485771186 96528845 96528845 0
8 1751 rs6990589 10702534 1 0.00499160649498785 10702534 10702534 0
8 1682 rs7009513 10284051 1 0.00498596365577579 10284051 10284051 0
8 4356 rs10503814 27454575 1 0.00498348071331805 27454575 27454575 0
8 10633 rs6468801 102840673 1 -0.00494990320032702 102840673 102840673 0
8 2936 rs2517289 17725652 1 -0.0049250342406301 17725652 17725652 0
8 7 rs10087419 236656 1 -0.00489198234751537 236656 236656 0
8 5975 rs2360791 53283773 1 0.00486742906721964 53283773 53283773 0
8 229 rs4875929 1991352 1 0.00486252217967873 1991352 1991352 0
8 6085 rs16919235 54417248 2 -0.00484412577450746 54417248 54417248 0
8 5711 rs1397797 50044748 1 -0.00483246687449808 50044748 50044748 0
8 7183 rs7821895 63984768 2 0.00481276323736209 63984768 63984768 0
8 505 rs6558780 3332767 1 0.00480089108185257 3332767 3332767 0
8 6742 rs4237032 60229452 1 -0.00474702105097133 60229452 60229452 0
8 11 rs13271818 326522 1 0.0047427199962333 326522 326522 0
8 1313 rs2738165 6743568 1 -0.00473344427275017 6743568 6743568 0
8 8227 rs17249487 75061350 1 0.00470758503831457 75061350 75061350 0
8 13047 rs7833497 127866125 1 -0.00468467291006026 127866125 127866125 0
8 9056 rs16911067 83762709 1 0.00464643921723051 83762709 83762709 0
8 3179 rs1121922 18519032 1 -0.00462583915327818 18519032 18519032 0
8 12031 rs1695693 118325941 2 0.00462490999227387 118325941 118325941 0
8 4853 rs9297191 32283471 1 0.00462055896167893 32283471 32283471 0
8 11713 rs9650053 114849850 1 -0.00460913110608549 114849850 114849850 0
8 4798 rs383632 31806048 1 0.00458580343372614 31806048 31806048 0
8 9666 rs6470713 91132141 1 0.00456905970980188 91132141 91132141 0
8 12901 rs2590667 125957082 1 -0.00456619267495578 125957082 125957082 0
8 3287 rs11985575 19295831 1 -0.00455015320100743 19295831 19295831 0
8 2828 rs11203855 17292466 2 -0.00454958788812297 17292466 17292466 0
8 11516 rs17524343 112764621 2 0.00453151524267161 112764621 112764621 0
8 6785 rs1467300 61000576 1 0.00450052595606246 61000576 61000576 0
8 9939 rs3813853 94752754 1 -0.00446770362958843 94752754 94752754 0
8 1863 rs8191606 11636922 1 0.00446587665454554 11636922 11636922 0
8 1200 rs7018351 6108034 1 -0.00442076862499713 6108034 6108034 0
8 2638 rs2410344 15799641 1 -0.00442003661894263 15799641 15799641 0
8 12708 rs4870864 124689847 1 -0.00441225807047297 124689847 124689847 0
8 10147 rs11776832 96536023 1 0.00440960087006862 96536023 96536023 0
8 8297 rs10104416 75675410 1 -0.00438399965158602 75675410 75675410 0
8 4921 rs6992642 32624387 2 -0.00436607335898414 32624387 32624387 0
8 3820 rs7009973 23374454 1 -0.00436466785158108 23374454 23374454 0
8 10183 rs2873955 96819401 1 -0.0043619884256082 96819401 96819401 0
8 3239 rs334213 18910834 1 0.00435394767848695 18910834 18910834 0
8 13231 rs17205164 129252171 1 -0.00434053259823748 129252171 129252171 0
8 6849 rs13254748 61373597 1 0.00433463339652812 61373597 61373597 0
8 7520 rs920004 68951905 1 -0.00431898555685686 68951905 68951905 0
8 11118 rs1580429 107710800 1 -0.00431467271197388 107710800 107710800 0
8 6046 rs7007275 54106610 1 0.00428603454442147 54106610 54106610 0
8 11954 rs1529943 117624483 1 -0.00427941937709858 117624483 117624483 0
8 7645 rs705998 70132590 1 0.00425546003828859 70132590 70132590 0
8 5145 rs2211743 36492258 1 0.00423786258626627 36492258 36492258 0
8 5639 rs9785104 48129224 1 0.00422538379544582 48129224 48129224 0
8 4643 rs6987718 30080900 2 -0.00421131549028038 30080900 30080900 0
8 8184 rs12549456 74455870 2 -0.00420397682339801 74455870 74455870 0
8 14009 rs7840306 135442374 2 -0.00419887945999667 135442374 135442374 0
8 9491 rs7834743 89311785 1 -0.00419814392046001 89311785 89311785 0
8 8969 rs988664 83329097 2 -0.00418671075594651 83329097 83329097 0
8 9455 rs2240458 88801153 1 -0.00418327857825532 88801153 88801153 0
8 10207 rs580234 97081252 1 -0.00416464773016419 97081252 97081252 0
8 8723 rs16906568 80077927 1 -0.00410498549642625 80077927 80077927 0
8 3114 rs2410561 18266774 1 0.00408362354049637 18266774 18266774 0
8 6013 rs13248877 53727578 1 -0.00407483344981692 53727578 53727578 0
8 807 rs11786902 4401124 1 -0.00405554405628217 4401124 4401124 0
8 2104 rs17117434 13625816 1 0.00403156938522305 13625816 13625816 0
8 13465 rs117858659 131129121 1 0.00402294987909397 131129121 131129121 0
8 2789 rs7845103 17084866 1 0.00400503304561526 17084866 17084866 0
8 7480 rs16933415 68497939 1 0.00398529089798613 68497939 68497939 0
8 8988 rs7830076 83424302 1 -0.00397870277006128 83424302 83424302 0
8 9874 rs7818649 94167493 1 0.00397029548719566 94167493 94167493 0
8 12273 rs2326244 120376789 1 -0.00396324789696335 120376789 120376789 0
8 4893 rs13259346 32511006 1 -0.00395982400232869 32511006 32511006 0
8 33 rs184596 507994 1 -0.0039320742446653 507994 507994 0
8 4482 rs12056907 28240092 1 0.00392556557601048 28240092 28240092 0
8 9309 rs6471314 87400459 1 0.00391012370390281 87400459 87400459 0
8 14895 rs13263959 142632315 1 -0.0038780153633346 142632315 142632315 0
8 767 rs10091031 4190180 2 0.00387317379129025 4190180 4190180 0
8 12570 rs4375006 123226553 1 -0.00386365783387852 123226553 123226553 0
8 1194 rs4563906 6102848 1 -0.00386252431953971 6102848 6102848 0
8 3088 rs34546534 18241771 2 0.00385263363363776 18241771 18241771 0
8 11093 rs2444306 107524985 1 -0.00381439183229207 107524985 107524985 0
8 8451 rs13271620 76738118 1 0.00381256016164543 76738118 76738118 0
8 7235 rs6472116 64498360 1 0.00380758670898853 64498360 64498360 0
8 10172 rs13253287 96771076 1 0.00378104255423052 96771076 96771076 0
8 4446 rs17058573 27931751 1 -0.00377788114273038 27931751 27931751 0
8 5841 rs2028157 52097911 1 -0.00376707629624858 52097911 52097911 0
8 10221 rs2678332 97376980 1 0.00375326084841832 97376980 97376980 0
8 14536 rs9324486 139359499 1 0.00373778294734835 139359499 139359499 0
8 199 rs2977187 1679777 1 -0.00373643104385493 1679777 1679777 0
8 13890 rs7004947 134606425 1 0.00369251006350542 134606425 134606425 0
8 3878 rs12678365 23678000 1 0.00368722388026802 23678000 23678000 0
8 7900 rs7459644 72718314 1 -0.00366347473213288 72718314 72718314 0
8 1698 rs11782819 10334781 1 0.00365449186718874 10334781 10334781 0
8 1278 rs13256011 6487331 1 0.00363995673793189 6487331 6487331 0
8 8515 rs10087163 77895865 1 0.00359825029429505 77895865 77895865 0
8 6745 rs6471780 60250245 1 0.00359677322270448 60250245 60250245 0
8 2302 rs6987164 14544079 1 -0.00359009704767078 14544079 14544079 0
8 11435 rs715731 111158893 1 -0.00357889173123017 111158893 111158893 0
8 5977 rs1965704 53295154 1 0.00355185830246492 53295154 53295154 0
8 14966 rs10435683 143413136 1 0.00354699175106128 143413136 143413136 0
8 10113 rs2514557 96283161 2 0.00353964171134221 96283161 96283161 0
8 1053 rs2733083 5492579 2 -0.00353485261776031 5492579 5492579 0
8 2482 rs7003979 15171989 1 0.00350615988564668 15171989 15171989 0
8 7660 rs12676187 70353579 2 -0.00350599423334235 70353579 70353579 0
8 781 rs2043116 4220707 1 -0.00350408445029219 4220707 4220707 0
8 13143 rs7841193 128677531 1 0.00349971325519102 128677531 128677531 0
8 14738 rs11782640 140848850 1 -0.0034891878277807 140848850 140848850 0
8 7105 rs1480190 63581067 1 -0.00347027937875744 63581067 63581067 0
8 13869 rs6986303 134478529 1 -0.00345335530963398 134478529 134478529 0
8 841 rs10093574 4571209 1 0.00342455425977478 4571209 4571209 0
8 6277 rs2939691 56318630 1 0.00342436740045078 56318630 56318630 0
8 2835 rs2588240 17330523 1 0.0034089240465074 17330523 17330523 0
8 2882 rs61748836 17541943 1 -0.00334755954504822 17541943 17541943 0
8 2750 rs1357558 16812832 2 -0.00334179835071545 16812832 16812832 0
8 1919 rs2954179 12850442 1 -0.00331095401920175 12850442 12850442 0
8 7582 rs1434927 69539842 1 0.00329283394333241 69539842 69539842 0
8 14560 rs6577933 139571978 1 -0.00327220765222663 139571978 139571978 0
8 1442 rs1876836 8681756 1 0.00324972928849212 8681756 8681756 0
8 14749 rs11986292 140921339 2 -0.00324299352585996 140921339 140921339 0
8 12630 rs7828669 123938787 2 0.00323258906586149 123938787 123938787 0
8 5225 rs2306899 38095662 1 0.00323165051336293 38095662 38095662 0
8 2917 rs4406440 17666107 1 0.00322654543841838 17666107 17666107 0
8 9301 rs4961172 87313475 1 0.00322468915422887 87313475 87313475 0
8 10959 rs1879688 106010200 1 0.00322075613440843 106010200 106010200 0
8 3608 rs13263769 21273776 1 -0.00321678615446986 21273776 21273776 0
8 12115 rs11562721 119081993 1 0.00320811601681388 119081993 119081993 0
8 7636 rs10087206 70077682 1 0.00320641722759664 70077682 70077682 0
8 7735 rs7843437 70837397 1 -0.00317926755165526 70837397 70837397 0
8 333 rs35119879 2595868 1 -0.00317436726547725 2595868 2595868 0
8 9316 rs11781016 87529297 1 0.00317119115827474 87529297 87529297 0
8 4687 rs4733203 30708449 1 -0.00313610434587106 30708449 30708449 0
8 9992 rs6471432 95150036 1 -0.003135550926563 95150036 95150036 0
8 3297 rs10503650 19410393 1 0.00313473482056663 19410393 19410393 0
8 2022 rs289556 13247355 1 0.00313076189623053 13247355 13247355 0
8 801 rs4875349 4328106 2 -0.00312047359766869 4328106 4328106 0
8 793 rs7015706 4287134 2 0.00311649847081118 4287134 4287134 0
8 9616 rs311648 90590186 1 0.0031107506976606 90590186 90590186 0
8 163 rs2286216 1449183 1 0.00309457428628288 1449183 1449183 0
8 3182 rs7018263 18554698 1 0.00309270166157288 18554698 18554698 0
8 2841 rs11203867 17359171 1 0.00309194909730587 17359171 17359171 0
8 14843 rs3739238 142222445 2 -0.00300283366889847 142222445 142222445 0
8 2102 rs10092409 13594258 1 0.00299332443859624 13594258 13594258 0
8 11915 rs7814835 116914968 1 -0.00299044066175757 116914968 116914968 0
8 10251 rs2250503 97607515 1 -0.00298594090225182 97607515 97607515 0
8 13490 rs2912191 131300036 2 0.00298408490027264 131300036 131300036 0
8 10975 rs17192765 106106951 1 0.00298337661093629 106106951 106106951 0
8 4167 rs4073055 26574853 1 -0.00295547462858882 26574853 26574853 0
8 5599 rs6987649 42281634 1 -0.00294426559828861 42281634 42281634 0
8 4985 rs4733166 33571496 2 0.00292361974564411 33571496 33571496 0
8 10730 rs9642980 103695930 1 0.00290967020917622 103695930 103695930 0
8 12552 rs6651164 123004940 1 0.00289564602783875 123004940 123004940 0
8 7455 rs12675850 67348540 1 -0.00288947022306945 67348540 67348540 0
8 6951 rs2350620 62497607 1 -0.00288607345686082 62497607 62497607 0
8 15035 rs7829800 144258705 1 0.00288253920025958 144258705 144258705 0
8 10542 rs2923774 101986864 1 0.00285975401019636 101986864 101986864 0
8 12140 rs2514975 119258208 1 -0.00285857732990382 119258208 119258208 0
8 2232 rs11203608 14278196 1 -0.00285546660063604 14278196 14278196 0
8 3790 rs6557665 23239445 1 -0.00283386335929929 23239445 23239445 0
8 13046 rs16901732 127839267 2 0.00282533730802391 127839267 127839267 0
8 27 rs1345197 464784 1 -0.00280870711498121 464784 464784 0
8 1323 rs9774483 6883291 1 0.00276612393309656 6883291 6883291 0
8 12512 rs6470004 122546725 1 -0.00275514685482939 122546725 122546725 0
8 12991 rs7838729 127177084 1 -0.00275089606500567 127177084 127177084 0
8 2811 rs7832710 17214413 1 0.00274294554083274 17214413 17214413 0
8 13895 rs6471136 134621104 1 0.00271633768321937 134621104 134621104 0
8 23 rs17665859 445601 1 -0.00270779004508759 445601 445601 0
8 4327 rs7357432 27387845 2 0.00270242098014294 27387845 27387845 0
8 12176 rs17756861 119580973 2 0.00269259942709174 119580973 119580973 0
8 10205 rs935190 97069446 1 -0.00268116405576222 97069446 97069446 0
8 741 rs1714821 4084879 1 -0.00267916327761617 4084879 4084879 0
8 5423 rs7016856 40440413 1 0.00267038187094016 40440413 40440413 0
8 10204 rs514589 97067179 1 -0.00266539022497728 97067179 97067179 0
8 7611 rs7841533 69878508 1 -0.00261984538394077 69878508 69878508 0
8 12229 rs17758258 120007948 2 -0.00261652343410798 120007948 120007948 0
8 3848 rs11135759 23469088 2 -0.00261589337474629 23469088 23469088 0
8 806 rs12547182 4400460 1 0.00260591565433473 4400460 4400460 0
8 3513 rs2616231 20569247 2 0.00258153463908626 20569247 20569247 0
8 1445 rs6601265 8695574 1 -0.00257059613398575 8695574 8695574 0
8 11018 rs1037304 106627197 1 0.00256179215309435 106627197 106627197 0
8 700 rs10107611 3950542 2 0.00254895317749698 3950542 3950542 0
8 4212 rs13258346 26776330 1 -0.00254726882547732 26776330 26776330 0
8 1734 rs7826180 10627844 1 0.00252172474639276 10627844 10627844 0
8 487 rs1393846 3287104 1 0.00252000826532335 3287104 3287104 0
8 10112 rs10956944 96282926 1 0.0025063647277596 96282926 96282926 0
8 10718 rs2248178 103569098 1 -0.0024915399150556 103569098 103569098 0
8 7557 rs61736081 69381053 1 0.00248761762859829 69381053 69381053 0
8 4805 rs327371 31843735 1 0.00244917652003197 31843735 31843735 0
8 10495 rs2000479 101448416 1 -0.00244496185996668 101448416 101448416 0
8 14946 rs10090285 143234923 1 0.00242506142927537 143234923 143234923 0
8 5455 rs4496956 40555742 1 -0.00242137701928744 40555742 40555742 0
8 7469 rs2290585 68087279 1 0.00241930842666113 68087279 68087279 0
8 9847 rs7009343 93831343 1 0.002408086197775 93831343 93831343 0
8 7419 rs7006209 66992737 1 0.00239842535504474 66992737 66992737 0
8 3508 rs1450285 20563796 2 0.00239547851034555 20563796 20563796 0
8 12466 rs2036539 122185415 1 -0.00239401534292301 122185415 122185415 0
8 6137 rs4737974 54739072 1 -0.00239200644491411 54739072 54739072 0
8 8131 rs2383891 74093532 1 0.0023760595781902 74093532 74093532 0
8 9469 rs1477917 89129953 1 -0.00236985234767404 89129953 89129953 0
8 646 rs17068126 3803623 1 0.00236427883056246 3803623 3803623 0
8 1861 rs4840584 11636017 1 0.00235544020989151 11636017 11636017 0
8 7559 rs4588839 69408783 1 -0.00233427664463684 69408783 69408783 0
8 9619 rs7824985 90624692 2 0.00233160855847843 90624692 90624692 0
8 1738 rs6601524 10635222 1 0.00232980036427749 10635222 10635222 0
8 12796 rs4355753 125364367 1 -0.00232824974415748 125364367 125364367 0
8 14653 rs13270196 140308182 1 0.002326436077103 140308182 140308182 0
8 11338 rs11995185 109800541 1 0.00232521527689371 109800541 109800541 0
8 3185 rs901733 18559665 2 0.00232296914981832 18559665 18559665 0
8 10099 rs297573 96186655 1 -0.00230517853497042 96186655 96186655 0
8 6260 rs4478549 56181259 2 -0.00229436236284464 56181259 56181259 0
8 8134 rs11781596 74102571 1 -0.00228922705473605 74102571 74102571 0
8 7826 rs1481792 72089631 2 0.00227136459862807 72089631 72089631 0
8 369 rs7840244 2788108 1 0.00226765969533959 2788108 2788108 0
8 7021 rs4617145 63044535 1 0.002265234595767 63044535 63044535 0
8 2412 rs17574959 14972402 1 -0.00226464512425803 14972402 14972402 0
8 10253 rs3816208 97614625 1 -0.00225190966334495 97614625 97614625 0
8 14440 rs4620319 138629984 2 0.00224481272226917 138629984 138629984 0
8 9828 rs1449243 93607046 1 0.00222914438125348 93607046 93607046 0
8 939 rs11778306 4988269 1 -0.00222302963324814 4988269 4988269 0
8 10263 rs2704253 97651358 1 -0.00221366243794654 97651358 97651358 0
8 338 rs9314465 2635152 1 0.00221111480099202 2635152 2635152 0
8 5968 rs4074067 53137329 1 -0.0022084244666292 53137329 53137329 0
8 13401 rs6470761 130708114 1 -0.00218664601472541 130708114 130708114 0
8 5413 rs9694150 40372189 1 -0.00218187171200645 40372189 40372189 0
8 4573 rs2341797 29331251 1 0.00217662912942422 29331251 29331251 0
8 8255 rs1003406 75218725 1 -0.00216761578628659 75218725 75218725 0
8 13282 rs6470643 129621777 1 0.00216083848757763 129621777 129621777 0
8 3309 rs17480846 19508052 1 0.00215861610979744 19508052 19508052 0
8 12688 rs4388446 124574279 1 0.00215411578468997 124574279 124574279 0
8 2410 rs13265356 14969057 1 0.00214555488174888 14969057 14969057 0
8 2605 rs7006982 15677233 1 0.00212280710290868 15677233 15677233 0
8 13206 rs13279159 129163047 1 0.00212014710571881 129163047 129163047 0
8 9912 rs6983017 94407069 1 0.00211772407936662 94407069 94407069 0
8 14275 rs17620825 137290624 1 -0.00211374671525441 137290624 137290624 0
8 2735 rs611863 16691422 1 0.00211021739736272 16691422 16691422 0
8 13021 rs16901379 127422790 1 -0.00210596067013709 127422790 127422790 0
8 5538 rs7014054 41368500 1 -0.00210371382475099 41368500 41368500 0
8 2085 rs6530659 13496786 1 -0.00210306647158859 13496786 13496786 0
8 12348 rs16893536 121103751 1 -0.00210296574297992 121103751 121103751 0
8 4580 rs10503848 29361255 2 -0.00210018410494542 29361255 29361255 0
8 13227 rs1468937 129243066 1 0.00208869347722831 129243066 129243066 0
8 11329 rs3019343 109722443 1 0.00207284481586068 109722443 109722443 0
8 6296 rs4336589 56462853 1 0.002061249877586 56462853 56462853 0
8 6133 rs6987427 54650168 1 -0.00204783287311317 54650168 54650168 0
8 6739 rs7007825 60215990 2 0.0020417105147696 60215990 60215990 0
8 4721 rs4733242 31148512 2 0.00202196714484427 31148512 31148512 0
8 664 rs7013771 3859012 1 -0.00201826292958957 3859012 3859012 0
8 8603 rs11775863 79030574 1 -0.00201553886389956 79030574 79030574 0
8 12496 rs6469999 122415207 1 0.00201533862267865 122415207 122415207 0
8 6131 rs7828363 54599835 1 0.00201193936573657 54599835 54599835 0
8 11664 rs4486239 114604322 1 0.00199820374701625 114604322 114604322 0
8 15056 rs4874156 144661564 2 -0.00199637123980757 144661564 144661564 0
8 6 rs3752670 221922 2 -0.00199077394955515 221922 221922 0
8 14455 rs6981722 138769527 1 -0.00198803587538243 138769527 138769527 0
8 4241 rs10107927 26877573 1 -0.00198181537176932 26877573 26877573 0
8 9617 rs9297680 90597465 1 0.00198012113181201 90597465 90597465 0
8 12594 rs17270266 123443180 1 0.00197658034805577 123443180 123443180 0
8 12998 rs4599775 127267251 2 0.00196360425400474 127267251 127267251 0
8 10244 rs1984456 97567106 1 -0.00195980349684735 97567106 97567106 0
8 14687 rs6578030 140516541 2 -0.0019590703629992 140516541 140516541 0
8 12603 rs7820388 123505014 1 0.00195548149242061 123505014 123505014 0
8 1529 rs4361767 9217449 1 0.00195539898419618 9217449 9217449 0
8 8935 rs955311 82950636 1 0.00195256414033567 82950636 82950636 0
8 8421 rs1464093 76474058 2 -0.00195170508566644 76474058 76474058 0
8 9631 rs447618 90785685 1 -0.00195108852562997 90785685 90785685 0
8 12794 rs4406374 125343441 1 -0.0019499578986521 125343441 125343441 0
8 225 rs3824141 1888447 1 0.00194367868047369 1888447 1888447 0
8 4494 rs6992319 28461258 1 0.00194250341011725 28461258 28461258 0
8 159 rs740237 1356333 1 0.00194013059410611 1356333 1356333 0
8 15043 rs13267988 144520668 1 0.00193116879160321 144520668 144520668 0
8 5100 rs10087728 34900118 1 0.00193111723045566 34900118 34900118 0
8 11633 rs1522060 114230296 1 0.00192842872923919 114230296 114230296 0
8 13235 rs7846157 129268232 1 0.00192229123831221 129268232 129268232 0
8 6092 rs6473849 54460873 1 0.00191752035354054 54460873 54460873 0
8 5509 rs7823929 41108648 1 0.00189736185467841 41108648 41108648 0
8 9448 rs13248723 88655584 2 -0.0018910579762913 88655584 88655584 0
8 13751 rs9297853 133584558 1 0.00188769859516013 133584558 133584558 0
8 5681 rs10096760 49361164 1 -0.00187096289175712 49361164 49361164 0
8 9780 rs10956814 92820523 1 -0.00186712691124894 92820523 92820523 0
8 3247 rs13271407 18985111 1 0.00185921758282188 18985111 18985111 0
8 417 rs10101045 3067724 1 -0.00185413531924894 3067724 3067724 0
8 4025 rs17053230 25101936 1 -0.00185067744383827 25101936 25101936 0
8 2344 rs4240174 14694373 1 -0.00184636763387323 14694373 14694373 0
8 1533 rs922053 9250346 1 0.00183149458213841 9250346 9250346 0
8 12584 rs1955049 123333719 1 -0.00183031443302826 123333719 123333719 0
8 8921 rs2400541 82879546 1 -0.00182724667125485 82879546 82879546 0
8 5220 rs2843744 38025175 1 -0.00182432363502009 38025175 38025175 0
8 2348 rs10107786 14697235 1 0.00182066511173429 14697235 14697235 0
8 8649 rs10504678 79518376 1 -0.00181623510432049 79518376 79518376 0
8 7904 rs7816767 72731410 1 0.00181158252653155 72731410 72731410 0
8 10361 rs1037529 98942017 1 -0.00181080054539479 98942017 98942017 0
8 13043 rs11988483 127794263 1 0.0018010486692229 127794263 127794263 0
8 915 rs4458898 4814303 1 -0.00180091204717462 4814303 4814303 0
8 13579 rs7460718 131970365 1 -0.00179253919644696 131970365 131970365 0
8 3085 rs1495754 18217658 1 -0.00179203396008355 18217658 18217658 0
8 3311 rs2172350 19529575 2 0.00178462504100534 19529575 19529575 0
8 24 rs17738513 446359 1 -0.00177748217855866 446359 446359 0
8 7438 rs4737782 67218257 1 0.00177493488354622 67218257 67218257 0
8 4155 rs327234 26444669 1 -0.00176612937778212 26444669 26444669 0
8 13113 rs1562871 128401772 1 -0.00176396378877801 128401772 128401772 0
8 12988 rs1545978 127170869 1 -0.00176329545474484 127170869 127170869 0
8 12263 rs2970403 120342014 1 -0.00175434237842881 120342014 120342014 0
8 1476 rs4841092 8915740 1 -0.00174948011869845 8915740 8915740 0
8 13867 rs4736675 134468864 1 -0.00173819496499885 134468864 134468864 0
8 12194 rs1493935 119848956 1 -0.00173782737218492 119848956 119848956 0
8 4455 rs4377920 28004531 1 -0.00173697568441384 28004531 28004531 0
8 9537 rs7005417 89917982 1 0.00173514970909257 89917982 89917982 0
8 9816 rs561608 93508014 1 -0.00173351861930999 93508014 93508014 0
8 8466 rs10086934 77005300 2 0.00172879544382051 77005300 77005300 0
8 9075 rs12676236 84089379 1 -0.00171413619450946 84089379 84089379 0
8 542 rs7815959 3460063 1 0.00170853404922794 3460063 3460063 0
8 13576 rs7461923 131936279 1 -0.00170552097874714 131936279 131936279 0
8 4657 rs10435524 30261558 2 0.00170028746626146 30261558 30261558 0
8 9392 rs4557720 87932823 2 -0.00169963190079972 87932823 87932823 0
8 13507 rs7386203 131497231 1 -0.00169460844613798 131497231 131497231 0
8 6004 rs4873659 53449548 2 -0.00169150530767948 53449548 53449548 0
8 11187 rs4262299 108342263 1 -0.00169008184992777 108342263 108342263 0
8 3027 rs2517355 17995760 1 -0.00168579991270792 17995760 17995760 0
8 1235 rs2515585 6329410 1 0.00168453956599756 6329410 6329410 0
8 2054 rs1481597 13414154 1 -0.00167933299747574 13414154 13414154 0
8 4320 rs2565061 27324844 1 -0.00167802173403513 27324844 27324844 0
8 7661 rs7017364 70356990 1 -0.00167613644611886 70356990 70356990 0
8 10703 rs7007146 103534797 1 0.00167483095408588 103534797 103534797 0
8 7740 rs17435904 70855209 1 0.00167322700162629 70855209 70855209 0
8 7694 rs4279601 70558315 1 0.00167258481412056 70558315 70558315 0
8 11942 rs11774963 117468999 1 -0.00167229062195533 117468999 117468999 0
8 6244 rs16921098 55981777 1 0.00166863555880001 55981777 55981777 0
8 7764 rs1460680 71163768 2 -0.00166259687851224 71163768 71163768 0
8 4988 rs35331689 33591441 1 -0.0016592282601822 33591441 33591441 0
8 5947 rs185596 52935478 1 -0.00165225890085108 52935478 52935478 0
8 8237 rs16938822 75114021 1 0.00165028789978951 75114021 75114021 0
8 6847 rs7829407 61369006 1 0.00164700702971055 61369006 61369006 0
8 723 rs10503236 4002653 1 -0.00164436607569956 4002653 4002653 0
8 10592 rs554509 102511670 1 -0.0016310615198159 102511670 102511670 0
8 4609 rs6992654 29702442 1 -0.00162399848271627 29702442 29702442 0
8 3510 rs13260745 20564192 2 -0.00161595722219706 20564192 20564192 0
8 6986 rs4737595 62736289 1 -0.0016132648131646 62736289 62736289 0
8 14766 rs2614730 140975775 1 0.00161016942080377 140975775 140975775 0
8 7113 rs11780445 63629549 1 -0.00160775592865911 63629549 63629549 0
8 3096 rs1799929 18257994 1 0.00160537926685534 18257994 18257994 0
8 6913 rs11785638 62099814 1 0.00160505260197384 62099814 62099814 0
8 13285 rs10956433 129659764 1 -0.00160309048209128 129659764 129659764 0
8 8859 rs7018273 82004857 1 0.00159707624719594 82004857 82004857 0
8 12050 rs1993980 118608208 2 -0.00159281338913416 118608208 118608208 0
8 6073 rs16919143 54330686 2 -0.00159093788760599 54330686 54330686 0
8 3295 rs4921659 19400018 2 0.00158119596503963 19400018 19400018 0
8 1866 rs8191649 11641407 1 -0.00157057355163982 11641407 11641407 0
8 6023 rs10504149 53809456 1 -0.00156711170771124 53809456 53809456 0
8 4579 rs10091038 29360305 2 0.00156556607453381 29360305 29360305 0
8 3217 rs720266 18830828 1 0.00156301296459108 18830828 18830828 0
8 7946 rs10504526 72966552 1 0.00156235063749992 72966552 72966552 0
8 13284 rs16903339 129633809 1 0.00154871068402019 129633809 129633809 0
8 3244 rs1472834 18928440 1 -0.00154851951768739 18928440 18928440 0
8 10395 rs35368005 99101976 2 0.00154295362143701 99101976 99101976 0
8 2629 rs7000884 15776837 2 -0.00153885565088963 15776837 15776837 0
8 13002 rs4422742 127292996 1 -0.00153705994614134 127292996 127292996 0
8 2400 rs1378032 14944692 1 0.0015354138956916 14944692 14944692 0
8 9127 rs10091606 84528270 1 0.00153238962604596 84528270 84528270 0
8 12405 rs7825018 121654755 2 -0.00153074184429292 121654755 121654755 0
8 13955 rs16893354 135017485 1 -0.00153014083888449 135017485 135017485 0
8 7732 rs7015359 70794547 1 0.00153011289476851 70794547 70794547 0
8 5842 rs10958249 52102658 2 0.00152720124594231 52102658 52102658 0
8 7657 rs7829527 70337897 1 0.00152490812670102 70337897 70337897 0
8 9760 rs10504906 92418628 1 -0.00152240446251261 92418628 92418628 0
8 7361 rs10098238 66130782 1 -0.00152208727113852 66130782 66130782 0
8 2787 rs9644663 17073919 2 0.00151538779313262 17073919 17073919 0
8 941 rs6990234 4996812 2 -0.00151046003820764 4996812 4996812 0
8 5543 rs11996226 41460187 1 0.00150249979139788 41460187 41460187 0
8 5179 rs7814066 36994316 1 -0.00150065953370159 36994316 36994316 0
8 2346 rs4596659 14695745 2 0.00149957387599769 14695745 14695745 0
8 4139 rs2874670 26245658 1 -0.00149274024770604 26245658 26245658 0
8 7734 rs7843395 70837230 1 -0.00147962495741188 70837230 70837230 0
8 14666 rs899073 140417049 1 0.00146210208420805 140417049 140417049 0
8 1052 rs17074308 5478843 1 -0.00145448946956226 5478843 5478843 0
8 5537 rs6998193 41328522 1 -0.00144787945095766 41328522 41328522 0
8 8166 rs4237005 74391780 1 0.00144485714657854 74391780 74391780 0
8 9641 rs374957 90837630 2 0.00143876983513025 90837630 90837630 0
8 12833 rs7015740 125633124 2 -0.0014350108985751 125633124 125633124 0
8 582 rs2720790 3572855 1 -0.00142945089304623 3572855 3572855 0
8 855 rs12677376 4611924 1 0.00142701689169007 4611924 4611924 0
8 14013 rs6994619 135483883 1 -0.0014188905276094 135483883 135483883 0
8 5288 rs10087894 39170959 1 0.0014153910900821 39170959 39170959 0
8 7830 rs13265957 72139309 1 0.00141483013642499 72139309 72139309 0
8 14888 rs871952 142569536 1 0.0014113793242128 142569536 142569536 0
8 12297 rs4380974 120742400 1 -0.00140391749572214 120742400 120742400 0
8 13585 rs12680529 132006323 1 -0.00139527556620672 132006323 132006323 0
8 3578 rs13248797 20940549 1 -0.00138772720472506 20940549 20940549 0
8 6067 rs2059547 54193095 1 -0.00138669274261546 54193095 54193095 0
8 10371 rs1869609 98991221 1 -0.00136776640126059 98991221 98991221 0
8 13682 rs6998880 133116251 1 -0.00136589585602821 133116251 133116251 0
8 11206 rs13263947 108439362 1 -0.00136407746261136 108439362 108439362 0
8 11887 rs7016277 116387977 1 -0.00136197247826976 116387977 116387977 0
8 9959 rs7817292 94985722 1 0.00136151438909906 94985722 94985722 0
8 3499 rs11990986 20532503 1 0.00136053842479673 20532503 20532503 0
8 8651 rs16905872 79551511 1 -0.00135712174635421 79551511 79551511 0
8 12052 rs11991406 118613782 1 -0.00134540085903961 118613782 118613782 0
8 10377 rs10955140 99014550 1 -0.00134164537483259 99014550 99014550 0
8 14189 rs4506254 136770319 2 0.00133926488446066 136770319 136770319 0
8 7561 rs10504425 69419631 1 0.00133480668106749 69419631 69419631 0
8 5224 rs7836805 38063235 1 0.00133361628872134 38063235 38063235 0
8 13205 rs759648 129158945 1 -0.00133157183426879 129158945 129158945 0
8 3835 rs7816824 23411798 1 0.00133067146400483 23411798 23411798 0
8 3755 rs4871854 23041082 1 0.00131989319006371 23041082 23041082 0
8 10095 rs2678841 96088515 1 0.00131614088589794 96088515 96088515 0
8 7301 rs59035258 65527669 1 0.00130969462849537 65527669 65527669 0
8 721 rs17427521 3987036 1 -0.00129902700355992 3987036 3987036 0
8 6940 rs2172495 62380766 1 -0.00129872473871936 62380766 62380766 0
8 1449 rs332017 8752587 1 0.00129661358210414 8752587 8752587 0
8 4965 rs2676407 33322505 1 0.00129185083184869 33322505 33322505 0
8 7669 rs6982250 70412450 1 -0.00128336116426358 70412450 70412450 0
8 8743 rs11985579 80279515 1 -0.00128107787733598 80279515 80279515 0
8 4585 rs4295704 29395511 1 0.00126377694054281 29395511 29395511 0
8 586 rs4990839 3581019 1 -0.0012556640858176 3581019 3581019 0
8 1473 rs1016512 8881820 1 0.00125443103400091 8881820 8881820 0
8 10530 rs16898766 101817561 1 -0.00125382925679527 101817561 101817561 0
8 1199 rs4840555 6106751 2 -0.00125366271589784 6106751 6106751 0
8 4885 rs4298457 32443374 1 -0.00125152737485764 32443374 32443374 0
8 7391 rs4288416 66456541 1 0.00124259317493776 66456541 66456541 0
8 5767 rs930671 51264624 1 0.00124166551984372 51264624 51264624 0
8 3881 rs10503732 23689182 1 0.0012406966363204 23689182 23689182 0
8 2570 rs10093681 15527376 2 0.00124004580170784 15527376 15527376 0
8 10125 rs13255741 96457288 1 -0.0012355882920064 96457288 96457288 0
8 535 rs2469354 3452887 1 -0.00123068878566467 3452887 3452887 0
8 2996 rs441606 17903046 1 -0.00122402168237111 17903046 17903046 0
8 13459 rs16904203 131107094 1 -0.001218199629119 131107094 131107094 0
8 10955 rs977396 105992696 1 -0.00121407472360373 105992696 105992696 0
8 335 rs6558685 2597331 1 -0.00120334111335214 2597331 2597331 0
8 5513 rs6993927 41190971 1 -0.00120155467463413 41190971 41190971 0
8 15044 rs71520524 144557739 1 -0.00119765459519378 144557739 144557739 0
8 8433 rs16939127 76573834 1 0.00119697894787958 76573834 76573834 0
8 5729 rs7838995 50506522 1 0.00119672394597813 50506522 50506522 0
8 5010 rs10954947 33903459 1 0.0011963711013389 33903459 33903459 0
8 12404 rs13265370 121653902 1 -0.00119062100639822 121653902 121653902 0
8 4256 rs17056786 26962037 1 0.00118652621193902 26962037 26962037 0
8 547 rs9644345 3461993 1 -0.00118473402910925 3461993 3461993 0
8 12483 rs10505399 122314537 1 -0.00117299301304747 122314537 122314537 0
8 6306 rs6474019 56672303 1 0.00116737103447353 56672303 56672303 0
8 9753 rs13274956 92360617 1 0.00116572176035279 92360617 92360617 0
8 7827 rs7828540 72096237 1 -0.00116563870090025 72096237 72096237 0
8 5296 rs4733916 39434544 1 0.0011623036644806 39434544 39434544 0
8 2291 rs1355304 14471820 1 0.00116004335895873 14471820 14471820 0
8 558 rs11781825 3483933 1 0.0011557687126918 3483933 3483933 0
8 12416 rs4478618 121739448 1 0.00115177702273293 121739448 121739448 0
8 15042 rs2467938 144446285 1 -0.00114626910104325 144446285 144446285 0
8 4156 rs12678418 26446923 1 -0.00113676490806482 26446923 26446923 0
8 1775 rs7832722 10965442 1 0.00113638902359396 10965442 10965442 0
8 14031 rs11989849 135537174 2 -0.00113556483239057 135537174 135537174 0
8 7440 rs16932800 67220641 1 0.00113249096634605 67220641 67220641 0
8 9933 rs2914944 94724043 1 0.0011323125162226201 94724043 94724043 0
8 7512 rs4437632 68851492 1 0.00113040354442594 68851492 68851492 0
8 12968 rs1444003 126774314 1 0.001127370667679 126774314 126774314 0
8 9618 rs606565 90615793 1 0.00112687129025422 90615793 90615793 0
8 11129 rs2930488 107827299 2 -0.00111470199798813 107827299 107827299 0
8 13360 rs7006807 130432856 1 -0.00111469085795763 130432856 130432856 0
8 2950 rs414884 17748118 2 -0.00111227880138283 17748118 17748118 0
8 7276 rs10957308 65235506 1 -0.00111081390661787 65235506 65235506 0
8 5284 rs7008808 39142264 1 0.00111009539577134 39142264 39142264 0
8 2942 rs2517296 17733479 2 0.00110730300251124 17733479 17733479 0
8 4829 rs11778887 32156724 1 -0.0011027582279145 32156724 32156724 0
8 8391 rs2980248 76327920 1 -0.00108961951572645 76327920 76327920 0
8 9607 rs10103760 90520649 1 -0.00108573970860334 90520649 90520649 0
8 6087 rs1477953 54424917 1 0.00108469512223522 54424917 54424917 0
8 8661 rs10957898 79617313 1 0.00108325522307359 79617313 79617313 0
8 15057 rs1062391 144662353 1 0.00107572615773268 144662353 144662353 0
8 8185 rs6991770 74459295 1 0.00107440669238717 74459295 74459295 0
8 1890 rs6530970 12610776 1 0.00106801440951625 12610776 12610776 0
8 9630 rs2230801 90784979 1 -0.0010658789251865 90784979 90784979 0
8 8483 rs7015611 77567148 1 -0.00106495112362601 77567148 77567148 0
8 8286 rs13264650 75480358 1 0.00106339621571616 75480358 75480358 0
8 1076 rs7845744 5643995 1 0.00106042445732804 5643995 5643995 0
8 13434 rs10092658 130980472 1 -0.00105996362137024 130980472 130980472 0
8 8887 rs204781 82588492 1 0.00105980070278172 82588492 82588492 0
8 12951 rs7002040 126610907 1 0.00105808357914441 126610907 126610907 0
8 4588 rs6986919 29416526 1 0.0010535131465562 29416526 29416526 0
8 12230 rs13264791 120013090 1 -0.00104859475590134 120013090 120013090 0
8 3017 rs11203939 17957107 2 0.00104020862996875 17957107 17957107 0
8 13407 rs2062078 130734461 1 -0.00104002309761737 130734461 130734461 0
8 4658 rs2979481 30262786 2 -0.00103958780935729 30262786 30262786 0
8 13328 rs6987260 130123196 1 0.0010356893081975 130123196 130123196 0
8 14303 rs305234 137600653 2 0.00102886791628299 137600653 137600653 0
8 12419 rs11985259 121762686 1 -0.00102347820393167 121762686 121762686 0
8 8069 rs1550461 73745679 1 -0.00102146925507587 73745679 73745679 0
8 4236 rs1996396 26862373 2 -0.001018388131345 26862373 26862373 0
8 13909 rs3958181 134638258 2 -0.00100459892448082 134638258 134638258 0
8 7492 rs16933522 68604866 1 0.00100399917018574 68604866 68604866 0
8 42 rs11781454 565959 1 0.00100386015419267 565959 565959 0
8 15058 rs2123758 144663661 1 0.00100129364506307 144663661 144663661 0
8 12812 rs6470248 125570554 1 -9.996735811324967e-4 125570554 125570554 0
8 9827 rs1449244 93607020 1 9.989849445100176e-4 93607020 93607020 0
8 14976 rs4301486 143487624 1 9.975052894760808e-4 143487624 143487624 0
8 3832 rs7015818 23402070 1 9.97234923539492e-4 23402070 23402070 0
8 5508 rs10108063 41102437 2 9.961190994645407e-4 41102437 41102437 0
8 3503 rs2597384 20550536 1 -9.892630673376973e-4 20550536 20550536 0
8 15086 rs4333645 145569535 1 9.874135807540678e-4 145569535 145569535 0
8 647 rs2554509 3811284 1 9.865945567665364e-4 3811284 3811284 0
8 9869 rs279453 94088647 1 9.84643180661878e-4 94088647 94088647 0
8 8410 rs2941456 76443463 1 9.779181576034495e-4 76443463 76443463 0
8 6022 rs2114372 53796903 1 -9.665624094650704e-4 53796903 53796903 0
8 3500 rs6586927 20548525 1 -9.587399413774768e-4 20548525 20548525 0
8 5793 rs2128001 51461513 2 9.569455788507136e-4 51461513 51461513 0
8 3149 rs2245373 18436709 1 9.534920453241496e-4 18436709 18436709 0
8 11884 rs16887294 116308464 1 -9.532339166706248e-4 116308464 116308464 0
8 9628 rs42490 90778513 1 9.509114149410736e-4 90778513 90778513 0
8 5181 rs16886043 37006731 1 9.432949601088276e-4 37006731 37006731 0
8 14028 rs4909858 135526317 1 9.401428995475458e-4 135526317 135526317 0
8 13783 rs2472537 133860645 1 -9.386197002699172e-4 133860645 133860645 0
8 3207 rs6983992 18728635 1 9.283876968049364e-4 18728635 18728635 0
8 13353 rs2719194 130417371 1 -9.24240024170622e-4 130417371 130417371 0
8 7945 rs3735943 72966002 1 9.215111068452184e-4 72966002 72966002 0
8 7597 rs9987198 69620696 1 -9.213680419142778e-4 69620696 69620696 0
8 68 rs6995315 737782 1 9.208976090583816e-4 737782 737782 0
8 12150 rs7832024 119337617 1 9.14485000673786e-4 119337617 119337617 0
8 2744 rs2247534 16715799 2 -9.138819572879316e-4 16715799 16715799 0
8 8660 rs7842142 79593736 1 9.134892415860788e-4 79593736 79593736 0
8 5860 rs16916207 52325767 1 -9.085277014646688e-4 52325767 52325767 0
8 10259 rs750343 97643454 1 -8.996925343607905e-4 97643454 97643454 0
8 4632 rs11984896 29969029 1 -8.988512289807738e-4 29969029 29969029 0
8 5708 rs7819763 50030513 1 8.985863597586394e-4 50030513 50030513 0
8 4479 rs351776 28191306 1 8.935367385892628e-4 28191306 28191306 0
8 14868 rs12056882 142496058 2 8.921360091383298e-4 142496058 142496058 0
8 8499 rs61729527 77761919 1 8.912305260810079e-4 77761919 77761919 0
8 6921 rs1812574 62173183 1 -8.882279231493772e-4 62173183 62173183 0
8 5697 rs11783791 49724699 1 -8.79245659529396e-4 49724699 49724699 0
8 3702 rs7837713 22319198 1 -8.78403036605134e-4 22319198 22319198 0
8 14558 rs7816642 139537896 1 -8.772257330144613e-4 139537896 139537896 0
8 13151 rs12680047 128758861 1 -8.765608699961185e-4 128758861 128758861 0
8 1230 rs1373306 6307322 1 -8.759095485775415e-4 6307322 6307322 0
8 13421 rs10090835 130789767 1 -8.749754512927301e-4 130789767 130789767 0
8 9468 rs16878625 89125990 1 -8.743959624553542e-4 89125990 89125990 0
8 13623 rs1362534 132700563 1 8.696323291453838e-4 132700563 132700563 0
8 443 rs17080008 3186454 1 -8.692221612018042e-4 3186454 3186454 0
8 12746 rs74403458 124968243 1 8.665956965507258e-4 124968243 124968243 0
8 3803 rs11787224 23301340 1 -8.594686755785723e-4 23301340 23301340 0
8 6931 rs10090149 62294573 2 -8.581823462403029e-4 62294573 62294573 0
8 11266 rs505461 108923338 1 8.574729650965325e-4 108923338 108923338 0
8 7354 rs2956305 66008289 1 -8.556492137248893e-4 66008289 66008289 0
8 479 rs270083 3278264 1 8.522615819063666e-4 3278264 3278264 0
8 5105 rs1376508 34962205 1 -8.476085696754841e-4 34962205 34962205 0
8 10092 rs4734295 96000919 1 -8.474507571401762e-4 96000919 96000919 0
8 10919 rs1460238 105823389 1 8.430476415537102e-4 105823389 105823389 0
8 8133 rs16938583 74094510 1 -8.424296304397119e-4 74094510 74094510 0
8 1470 rs2956242 8859747 1 8.38163737575447e-4 8859747 8859747 0
8 13624 rs1420499 132701612 1 -8.351777770367788e-4 132701612 132701612 0
8 12685 rs7827149 124536448 1 -8.328835204866073e-4 124536448 124536448 0
8 4532 rs17526904 28947843 1 -8.297186165665282e-4 28947843 28947843 0
8 14815 rs1878478 141634540 1 8.275330308627739e-4 141634540 141634540 0
8 12589 rs2023121 123363426 1 -8.228447393557508e-4 123363426 123363426 0
8 13380 rs6470739 130570669 1 8.188430895439195e-4 130570669 130570669 0
8 11964 rs10808484 117679204 1 8.167112428982565e-4 117679204 117679204 0
8 13688 rs2403733 133122960 1 -8.155886373447371e-4 133122960 133122960 0
8 9050 rs7842063 83738448 1 -8.15336749158228e-4 83738448 83738448 0
8 31 rs7008696 479107 1 8.144598191135041e-4 479107 479107 0
8 1197 rs6559123 6104273 1 -8.144404158019812e-4 6104273 6104273 0
8 7249 rs755223 64718119 1 -8.131430741586344e-4 64718119 64718119 0
8 6455 rs1396115 57874064 1 8.106397391952505e-4 57874064 57874064 0
8 9286 rs2721257 87150743 1 -8.097036141339281e-4 87150743 87150743 0
8 41 rs906888 564883 1 8.088861055547938e-4 564883 564883 0
8 15060 rs3793368 144664594 1 8.076539616618283e-4 144664594 144664594 0
8 11024 rs7845449 106715767 1 -8.033524688222325e-4 106715767 106715767 0
8 12638 rs16897861 124023374 1 -8.003333059645858e-4 124023374 124023374 0
8 6938 rs4367528 62377941 1 -7.973951230807831e-4 62377941 62377941 0
8 9530 rs1353739 89773651 1 7.969907520967498e-4 89773651 89773651 0
8 7898 rs4345609 72709739 2 -7.96787297106638e-4 72709739 72709739 0
8 2953 rs537700 17759924 2 7.942629299680774e-4 17759924 17759924 0
8 12305 rs6989791 120824357 1 -7.930289136571358e-4 120824357 120824357 0
8 4531 rs7000444 28935457 1 7.915245794311691e-4 28935457 28935457 0
8 7503 rs6990917 68799377 1 7.898354912261116e-4 68799377 68799377 0
8 4133 rs11775982 26072964 1 -7.898244520216102e-4 26072964 26072964 0
8 13335 rs7819443 130218680 2 -7.896888672221476e-4 130218680 130218680 0
8 3622 rs17607868 21306658 1 -7.864948816841917e-4 21306658 21306658 0
8 9084 rs2140012 84149158 1 -7.852807102747058e-4 84149158 84149158 0
8 10599 rs9297306 102601618 1 -7.850088818420937e-4 102601618 102601618 0
8 5461 rs10092049 40606053 1 7.837195461321415e-4 40606053 40606053 0
8 1392 rs7843504 8439068 1 -7.824909473550048e-4 8439068 8439068 0
8 13732 rs6471070 133482984 2 7.805025123657082e-4 133482984 133482984 0
8 13625 rs587639 132725731 1 7.79423500569027e-4 132725731 132725731 0
8 12934 rs4457349 126494317 1 -7.760193143007473e-4 126494317 126494317 0
8 4449 rs6558039 27961879 2 7.741571162070538e-4 27961879 27961879 0
8 3332 rs17091198 19587117 2 -7.714025560250072e-4 19587117 19587117 0
8 10597 rs3735709 102555474 1 -7.699195128207915e-4 102555474 102555474 0
8 5289 rs6474129 39199543 1 7.695307500065855e-4 39199543 39199543 0
8 13871 rs9643299 134487803 1 -7.684680321763738e-4 134487803 134487803 0
8 6308 rs1818 56686224 1 7.674619157172791e-4 56686224 56686224 0
8 3310 rs17128793 19510286 2 7.644604684485057e-4 19510286 19510286 0
8 5519 rs17595469 41261423 1 7.59590829560598e-4 41261423 41261423 0
8 9662 rs7815279 91094086 1 7.555667167312846e-4 91094086 91094086 0
8 7652 rs1383731 70284940 1 -7.552571272675132e-4 70284940 70284940 0
8 8816 rs6991991 81271432 1 7.55223050346902e-4 81271432 81271432 0
8 8296 rs13268614 75657127 1 7.54301546992588e-4 75657127 75657127 0
8 5467 rs7822331 40663789 1 7.5300732451797e-4 40663789 40663789 0
8 8880 rs9298367 82441040 1 7.51951930410572e-4 82441040 82441040 0
8 4962 rs2732286 33304557 1 7.482294952759618e-4 33304557 33304557 0
8 13616 rs277047 132627248 1 7.47969019091914e-4 132627248 132627248 0
8 13308 rs4733532 129881299 1 7.440619493874525e-4 129881299 129881299 0
8 8242 rs4737409 75135150 1 7.426502617130668e-4 75135150 75135150 0
8 9319 rs2304789 87567193 1 7.422494216327454e-4 87567193 87567193 0
8 12450 rs4870757 122108725 1 -7.365503094841271e-4 122108725 122108725 0
8 5402 rs13278529 40333321 1 7.362349332178471e-4 40333321 40333321 0
8 14899 rs10111326 142665525 1 7.334287334685406e-4 142665525 142665525 0
8 14272 rs2067818 137284977 1 -7.324503975165331e-4 137284977 137284977 0
8 6173 rs16920174 55311978 1 7.321280699014247e-4 55311978 55311978 0
8 3334 rs11204065 19590098 1 7.273441199280717e-4 19590098 19590098 0
8 14832 rs11785437 142131002 2 7.27037853841437e-4 142131002 142131002 0
8 10233 rs2582822 97534816 1 7.256795451271625e-4 97534816 97534816 0
8 2531 rs10112624 15266937 1 -7.231977405077255e-4 15266937 15266937 0
8 11700 rs6994396 114811990 1 -7.230973779225644e-4 114811990 114811990 0
8 11322 rs3019418 109700663 1 -7.220995965345838e-4 109700663 109700663 0
8 6511 rs1451142 58461249 1 -7.212667123907479e-4 58461249 58461249 0
8 4136 rs11135930 26126137 1 7.21164410671141e-4 26126137 26126137 0
8 4748 rs10105518 31403217 1 -7.190957940270069e-4 31403217 31403217 0
8 4411 rs4545048 27749840 1 -7.189852494173039e-4 27749840 27749840 0
8 1466 rs9644674 8840042 1 7.185582876409352e-4 8840042 8840042 0
8 5598 rs3763510 42274960 1 7.160910273465485e-4 42274960 42274960 0
8 5971 rs16917636 53202655 1 7.129353766377946e-4 53202655 53202655 0
8 14502 rs10109789 139089126 1 7.126217211085198e-4 139089126 139089126 0
8 13817 rs4388441 134110705 2 7.099043801544573e-4 134110705 134110705 0
8 3834 rs2978473 23411260 1 7.089712067348428e-4 23411260 23411260 0
8 7285 rs896493 65422496 1 7.087688722988681e-4 65422496 65422496 0
8 7175 rs2305558 63939839 1 -7.057921758461543e-4 63939839 63939839 0
8 12142 rs721816 119296422 2 -7.03560876324756e-4 119296422 119296422 0
8 12903 rs3909714 125968659 1 7.025570074415975e-4 125968659 125968659 0
8 8130 rs4560775 74089904 2 -7.008151358654103e-4 74089904 74089904 0
8 10274 rs7814447 97826743 2 -6.992276324078394e-4 97826743 97826743 0
8 7204 rs12114802 64193072 1 -6.976261878516833e-4 64193072 64193072 0
8 13190 rs13250078 129070428 1 -6.966434663601438e-4 129070428 129070428 0
8 587 rs1905029 3582148 2 -6.957291221142029e-4 3582148 3582148 0
8 6852 rs2007283 61458899 1 6.950288662649264e-4 61458899 61458899 0
8 7454 rs2555576 67345621 2 6.922824962190626e-4 67345621 67345621 0
8 844 rs1676972 4577681 1 6.921123664991356e-4 4577681 4577681 0
8 1413 rs11779061 8549432 1 6.918519074581312e-4 8549432 8549432 0
8 3826 rs4593549 23396732 1 -6.893769068083914e-4 23396732 23396732 0
8 1737 rs6993841 10632684 1 6.863333311924363e-4 10632684 10632684 0
8 3281 rs17407149 19274848 1 6.854439577378677e-4 19274848 19274848 0
8 8426 rs2941489 76482263 1 -6.83815372875449e-4 76482263 76482263 0
8 14462 rs10112884 138777847 1 -6.837131774197772e-4 138777847 138777847 0
8 14086 rs4909609 135712067 1 6.814297774505327e-4 135712067 135712067 0
8 13582 rs1157822 131994668 1 -6.793684171842616e-4 131994668 131994668 0
8 367 rs341727 2771252 1 -6.75041310096283e-4 2771252 2771252 0
8 7037 rs7846571 63156006 2 -6.71741994145444e-4 63156006 63156006 0
8 7109 rs11989310 63605027 1 -6.709169175787864e-4 63605027 63605027 0
8 9325 rs1044728 87572663 1 6.688764710225442e-4 87572663 87572663 0
8 8936 rs998249 82961957 2 6.661822584302237e-4 82961957 82961957 0
8 1044 rs9314570 5390576 2 6.643631618116039e-4 5390576 5390576 0
8 11998 rs10505314 118119172 1 6.627612671539749e-4 118119172 118119172 0
8 2003 rs4831407 13206776 1 6.60903511251855e-4 13206776 13206776 0
8 9347 rs3735966 87679463 1 -6.602340670765925e-4 87679463 87679463 0
8 2937 rs2653416 17725863 1 -6.593449545597395e-4 17725863 17725863 0
8 4613 rs7386992 29760101 1 -6.586138866571034e-4 29760101 29760101 0
8 4269 rs10503811 27076127 1 -6.560211689363953e-4 27076127 27076127 0
8 10255 rs2651458 97625450 1 -6.549950676148086e-4 97625450 97625450 0
8 10093 rs2599723 96027306 1 6.52896048399156e-4 96027306 96027306 0
8 2535 rs11990887 15271666 1 -6.507804736037387e-4 15271666 15271666 0
8 13956 rs13267601 135021967 1 6.49179489198431e-4 135021967 135021967 0
8 9891 rs278538 94261533 2 6.490919725541079e-4 94261533 94261533 0
8 9131 rs1387241 84550255 1 6.487549506831677e-4 84550255 84550255 0
8 5507 rs4736943 41064077 1 6.47053936793166e-4 41064077 41064077 0
8 11965 rs6980504 117680269 1 6.457106767141214e-4 117680269 117680269 0
8 7546 rs1880535 69271567 2 6.448744501896292e-4 69271567 69271567 0
8 3701 rs7821470 22305501 1 -6.422332581655026e-4 22305501 22305501 0
8 4612 rs1545405 29718019 1 6.392183207939636e-4 29718019 29718019 0
8 12585 rs4606068 123345261 1 -6.385584626593414e-4 123345261 123345261 0
8 10241 rs2589198 97556565 1 6.371522266060617e-4 97556565 97556565 0
8 4004 rs11994760 24802235 1 6.367876454264074e-4 24802235 24802235 0
8 8653 rs11781853 79563172 1 -6.357951129923451e-4 79563172 79563172 0
8 968 rs9314561 5144783 1 -6.350557249129433e-4 5144783 5144783 0
8 2875 rs7010721 17535483 1 -6.347020043007022e-4 17535483 17535483 0
8 5239 rs4733924 38438589 1 -6.321825464476225e-4 38438589 38438589 0
8 6280 rs13439780 56344186 1 6.285723745722739e-4 56344186 56344186 0
8 5407 rs4736869 40351859 1 -6.275473143331234e-4 40351859 40351859 0
8 5439 rs10092513 40494700 1 -6.261811962838056e-4 40494700 40494700 0
8 3242 rs4921984 18924056 1 -6.259417604205584e-4 18924056 18924056 0
8 5219 rs2517388 37977732 1 -6.245911185485573e-4 37977732 37977732 0
8 14794 rs7010142 141339278 1 -6.245636005854267e-4 141339278 141339278 0
8 5458 rs4535727 40582822 2 -6.231727250007016e-4 40582822 40582822 0
8 3575 rs2204051 20883105 1 -6.198026173895996e-4 20883105 20883105 0
8 910 rs9657404 4780877 1 -6.191882453509268e-4 4780877 4780877 0
8 3656 rs899430 21699477 1 6.189801628489051e-4 21699477 21699477 0
8 2301 rs920616 14543582 1 6.173361664916922e-4 14543582 14543582 0
8 5785 rs218876 51443564 1 6.15111457161608e-4 51443564 51443564 0
8 4181 rs11135955 26638910 1 6.14843177339891e-4 26638910 26638910 0
8 11147 rs2927109 107962124 1 -6.140051398019966e-4 107962124 107962124 0
8 1948 rs658856 12952293 1 6.132952746459941e-4 12952293 12952293 0
8 9627 rs39502 90776812 1 6.119218905420728e-4 90776812 90776812 0
8 11008 rs10464844 106419754 1 -6.081768718220856e-4 106419754 106419754 0
8 7074 rs6993486 63434639 1 6.071909781411669e-4 63434639 63434639 0
8 676 rs12680399 3899607 1 -6.069965790940357e-4 3899607 3899607 0
8 3625 rs7002607 21336738 1 6.053937082785336e-4 21336738 21336738 0
8 13779 rs235427 133815576 1 -6.045246396855463e-4 133815576 133815576 0
8 359 rs2627272 2755070 1 -6.024830557228525e-4 2755070 2755070 0
8 3853 rs1512268 23526463 1 -5.984667006979509e-4 23526463 23526463 0
8 1159 rs1834201 5864927 1 5.974775975386089e-4 5864927 5864927 0
8 13035 rs9297740 127626359 2 5.958190657036047e-4 127626359 127626359 0
8 8968 rs7016525 83326784 1 5.933889641964276e-4 83326784 83326784 0
8 10524 rs2978092 101770248 1 5.927297156244811e-4 101770248 101770248 0
8 2622 rs10503560 15767978 1 -5.920832948182637e-4 15767978 15767978 0
8 3710 rs117289616 22460101 1 5.919979230716793e-4 22460101 22460101 0
8 1690 rs17151969 10301469 1 5.903492064536847e-4 10301469 10301469 0
8 1226 rs2083914 6302154 2 -5.895168592878689e-4 6302154 6302154 0
8 4740 rs4326344 31369158 1 5.891720692303168e-4 31369158 31369158 0
8 13606 rs7845936 132352151 2 -5.884421693668597e-4 132352151 132352151 0
8 10593 rs608337 102511718 1 -5.875020259748651e-4 102511718 102511718 0
8 5500 rs6983729 41028520 1 5.874730673935826e-4 41028520 41028520 0
8 10943 rs10089016 105932753 1 5.826847271106324e-4 105932753 105932753 0
8 11665 rs4242557 114612543 2 -5.821767773114778e-4 114612543 114612543 0
8 153 rs757888 1339130 1 5.807491246610941e-4 1339130 1339130 0
8 8561 rs16939536 78581153 1 -5.769829767621635e-4 78581153 78581153 0
8 2203 rs12542368 14122672 1 -5.739555077060766e-4 14122672 14122672 0
8 5579 rs10958707 41997694 1 -5.728663744539092e-4 41997694 41997694 0
8 10640 rs517811 102944863 2 -5.726543190630389e-4 102944863 102944863 0
8 14101 rs4909801 135879159 1 -5.710635369792192e-4 135879159 135879159 0
8 9164 rs4492374 84806193 1 -5.701871695054898e-4 84806193 84806193 0
8 9036 rs4541922 83687961 1 5.662027785744491e-4 83687961 83687961 0
8 2409 rs7827568 14968834 1 -5.627851072428426e-4 14968834 14968834 0
8 10057 rs12176630 95742394 1 -5.597053975557397e-4 95742394 95742394 0
8 2742 rs477516 16713991 1 -5.58956677483074e-4 16713991 16713991 0
8 7034 rs13270035 63142888 1 -5.553630189702544e-4 63142888 63142888 0
8 481 rs270079 3279666 1 5.543625357935279e-4 3279666 3279666 0
8 6071 rs7465458 54277247 1 -5.518608785250849e-4 54277247 54277247 0
8 9663 rs7459577 91097706 1 5.51023125130376e-4 91097706 91097706 0
8 12618 rs11774246 123696613 2 -5.509174881503432e-4 123696613 123696613 0
8 3811 rs2017650 23351559 1 -5.503916013772361e-4 23351559 23351559 0
8 14435 rs13269649 138588027 1 -5.493499454480605e-4 138588027 138588027 0
8 3733 rs34057411 22675196 1 -5.492280300652523e-4 22675196 22675196 0
8 11473 rs13278392 112060308 1 -5.475882975887529e-4 112060308 112060308 0
8 12987 rs1906492 127157289 1 5.431486580956965e-4 127157289 127157289 0
8 2621 rs4831353 15767571 1 -5.415973352018067e-4 15767571 15767571 0
8 916 rs4295679 4814896 1 -5.41413285107559e-4 4814896 4814896 0
8 14797 rs7823724 141404329 1 -5.40071630317178e-4 141404329 141404329 0
8 2405 rs17120908 14951243 1 -5.384580220910313e-4 14951243 14951243 0
8 7516 rs10504412 68885634 1 5.361787221924729e-4 68885634 68885634 0
8 14614 rs12678595 140033861 1 -5.361694747629588e-4 140033861 140033861 0
8 969 rs1420838 5150113 1 -5.349865600279011e-4 5150113 5150113 0
8 11536 rs12549576 112976141 1 -5.331902871048114e-4 112976141 112976141 0
8 8040 rs2919415 73583385 2 -5.329990505010221e-4 73583385 73583385 0
8 10096 rs4734298 96101786 1 -5.323542535610872e-4 96101786 96101786 0
8 12793 rs9886564 125343256 2 -5.314817879069453e-4 125343256 125343256 0
8 10658 rs9656851 103060237 1 -5.309585015647051e-4 103060237 103060237 0
8 10014 rs2515137 95316256 1 5.304174818522063e-4 95316256 95316256 0
8 10434 rs4734407 99507313 1 5.28210431144725e-4 99507313 99507313 0
8 7783 rs2380651 71385557 1 -5.271882388248074e-4 71385557 71385557 0
8 738 rs7841311 4055073 1 5.247104513577017e-4 4055073 4055073 0
8 7023 rs7832144 63062581 1 5.24430702372004e-4 63062581 63062581 0
8 903 rs7012483 4693023 2 5.225117693506806e-4 4693023 4693023 0
8 898 rs17347946 4659738 2 5.22287567861955e-4 4659738 4659738 0
8 8779 rs7831968 80621931 1 -5.21987212037271e-4 80621931 80621931 0
8 10461 rs13277184 100916952 1 5.188719816020268e-4 100916952 100916952 0
8 10842 rs17817645 105001366 1 5.07600522785791e-4 105001366 105001366 0
8 8934 rs1112854 82947950 2 5.070563245341525e-4 82947950 82947950 0
8 6302 rs7460004 56589428 1 -5.029555651541648e-4 56589428 56589428 0
8 6892 rs12548301 61967680 1 -5.014608782119646e-4 61967680 61967680 0
8 6817 rs11784742 61145146 1 5.012731259040938e-4 61145146 61145146 0
8 3223 rs1365600 18856363 1 -4.961375435616638e-4 18856363 18856363 0
8 14847 rs2369481 142251553 1 4.958416413065085e-4 142251553 142251553 0
8 718 rs12155988 3975865 1 4.896137342121956e-4 3975865 3975865 0
8 7670 rs1946937 70418446 1 4.859219290108567e-4 70418446 70418446 0
8 8831 rs272594 81470120 1 -4.846361597026464e-4 81470120 81470120 0
8 10124 rs3133764 96455453 1 4.834871868831769e-4 96455453 96455453 0
8 7789 rs17686482 71522264 1 -4.828688788557247e-4 71522264 71522264 0
8 1576 rs4841239 9692825 2 -4.8251083475633167e-4 9692825 9692825 0
8 4192 rs17426222 26717817 1 4.822118611880823e-4 26717817 26717817 0
8 1534 rs7828601 9253175 1 4.802472164841698e-4 9253175 9253175 0
8 9093 rs2170375 84221819 2 -4.7953658913918353e-4 84221819 84221819 0
8 10931 rs4734825 105878647 1 4.774099167044232e-4 105878647 105878647 0
8 10743 rs6468847 103940219 1 -4.754634534318146e-4 103940219 103940219 0
8 2107 rs17117444 13627125 1 -4.749068852629254e-4 13627125 13627125 0
8 13828 rs11781004 134212130 1 4.748914117982309e-4 134212130 134212130 0
8 5262 rs7835508 38782627 1 4.7287361824520526e-4 38782627 38782627 0
8 11834 rs7839457 115732418 1 -4.711207201598095e-4 115732418 115732418 0
8 316 rs3849845 2368638 1 4.685069534055074e-4 2368638 2368638 0
8 14676 rs1382022 140497775 1 4.680122006290708e-4 140497775 140497775 0
8 6416 rs4574840 57575455 1 -4.661385317249303e-4 57575455 57575455 0
8 14110 rs10111298 135923654 1 4.651042757011724e-4 135923654 135923654 0
8 765 rs10866968 4188511 1 4.627410022527079e-4 4188511 4188511 0
8 2615 rs17613901 15752089 1 -4.61251316678461e-4 15752089 15752089 0
8 8232 rs2956034 75087484 1 4.5857727290881225e-4 75087484 75087484 0
8 9606 rs4458917 90385087 1 4.577386167762864e-4 90385087 90385087 0
8 10916 rs6468957 105808348 2 4.561212781538677e-4 105808348 105808348 0
8 10288 rs2513361 98109070 1 -4.5496965694592935e-4 98109070 98109070 0
8 14852 rs6999890 142305792 1 4.5459280627797687e-4 142305792 142305792 0
8 2985 rs2299603 17882483 1 4.538118108651557e-4 17882483 17882483 0
8 12582 rs16896924 123330779 1 -4.5149414651269915e-4 123330779 123330779 0
8 3515 rs2616241 20575099 1 4.514894583628903e-4 20575099 20575099 0
8 3782 rs954705 23212224 2 4.5092485961285936e-4 23212224 23212224 0
8 12950 rs10094725 126606706 1 -4.4896431015819247e-4 126606706 126606706 0
8 4334 rs729609 27396523 1 -4.478921989427646e-4 27396523 27396523 0
8 1773 rs13248264 10942742 2 4.465360684951613e-4 10942742 10942742 0
8 5882 rs4873195 52402412 1 4.457864423932331e-4 52402412 52402412 0
8 9495 rs12677791 89342944 1 4.408937337452951e-4 89342944 89342944 0
8 2099 rs11775652 13574437 1 -4.400325629033561e-4 13574437 13574437 0
8 6034 rs7824346 53926047 1 4.392561768821806e-4 53926047 53926047 0
8 8826 rs367273 81338686 2 -4.3724268794015554e-4 81338686 81338686 0
8 15062 rs2242086 144695499 2 4.323165020406221e-4 144695499 144695499 0
8 14588 rs10113301 139745263 1 4.287378731378205e-4 139745263 139745263 0
8 3323 rs6985467 19554775 1 4.281942057473326e-4 19554775 19554775 0
8 10195 rs10094696 96908091 1 -4.2793069630129465e-4 96908091 96908091 0
8 13135 rs6470530 128558990 2 -4.2783449883064767e-4 128558990 128558990 0
8 3693 rs6558052 22273687 1 -4.2453116768529503e-4 22273687 22273687 0
8 11009 rs7822940 106468396 1 -4.201401670393152e-4 106468396 106468396 0
8 5856 rs10504117 52297656 1 -4.191588294977473e-4 52297656 52297656 0
8 13769 rs117725783 133764112 1 -4.179830696368395e-4 133764112 133764112 0
8 250 rs7002629 2063261 1 4.176363723008985e-4 2063261 2063261 0
8 4972 rs2043967 33397032 1 -4.156935249923444e-4 33397032 33397032 0
8 4453 rs10104739 28001680 1 4.149860991243255e-4 28001680 28001680 0
8 5819 rs10102094 51802055 1 -4.1279935299493395e-4 51802055 51802055 0
8 9937 rs111589624 94747496 1 4.12786499354216e-4 94747496 94747496 0
8 7500 rs4737859 68777877 1 -4.113466841309444e-4 68777877 68777877 0
8 1901 rs4240188 12685435 1 -4.102386845078923e-4 12685435 12685435 0
8 6920 rs1812576 62173034 1 -4.098070147742695e-4 62173034 62173034 0
8 12225 rs12679857 119977337 2 4.0818768523596656e-4 119977337 119977337 0
8 1905 rs17121552 12754267 1 4.0634223388425503e-4 12754267 12754267 0
8 2752 rs823601 16817416 1 4.0614687952332865e-4 16817416 16817416 0
8 2636 rs10503561 15798908 1 4.05947893937857e-4 15798908 15798908 0
8 10041 rs756474 95634950 1 -4.0587574641245744e-4 95634950 95634950 0
8 11395 rs16879693 110527429 1 -4.050449129721917e-4 110527429 110527429 0
8 9477 rs1401861 89226636 1 -3.996825967002763e-4 89226636 89226636 0
8 11914 rs7812812 116902470 1 3.994596755096384e-4 116902470 116902470 0
8 8321 rs2436654 75840531 1 3.986693675177038e-4 75840531 75840531 0
8 10298 rs1864729 98282189 1 3.982897350477292e-4 98282189 98282189 0
8 3246 rs13268591 18981713 1 3.973623149318427e-4 18981713 18981713 0
8 14741 rs898807 140857481 1 3.968026215462458e-4 140857481 140857481 0
8 14894 rs1496863 142629143 1 -3.9590415744050354e-4 142629143 142629143 0
8 3030 rs6586704 18020696 1 3.9574199458290585e-4 18020696 18020696 0
8 12104 rs10955844 118992150 1 3.957113768195573e-4 118992150 118992150 0
8 9889 rs16915813 94259971 1 3.936985285310761e-4 94259971 94259971 0
8 4432 rs2726930 27828280 1 3.9320409375731704e-4 27828280 27828280 0
8 9650 rs2735376 90902053 1 3.91227648823595e-4 90902053 90902053 0
8 95 rs17667487 864408 1 -3.911364848576869e-4 864408 864408 0
8 11279 rs2443779 109046727 1 -3.910150223439981e-4 109046727 109046727 0
8 9330 rs17683284 87586729 1 3.907588301816938e-4 87586729 87586729 0
8 7941 rs1025928 72963258 1 -3.8804614552870786e-4 72963258 72963258 0
8 7399 rs17396080 66654703 1 3.872402114083816e-4 66654703 66654703 0
8 13526 rs4282589 131654547 1 3.861220125751972e-4 131654547 131654547 0
8 9968 rs6995326 95037331 1 3.852678389469176e-4 95037331 95037331 0
8 12775 rs7823009 125199582 1 -3.8509441046884766e-4 125199582 125199582 0
8 5249 rs4733942 38548619 1 3.848817000488911e-4 38548619 38548619 0
8 5460 rs4073158 40601023 1 3.8351640865273647e-4 40601023 40601023 0
8 6954 rs6471963 62510434 1 -3.826285252183816e-4 62510434 62510434 0
8 7725 rs10110141 70661354 1 3.818016096584907e-4 70661354 70661354 0
8 11444 rs1357568 111330706 1 3.807454138612719e-4 111330706 111330706 0
8 13777 rs7839989 133796266 2 3.805795384128037e-4 133796266 133796266 0
8 8091 rs11994285 73815879 1 -3.795847216631342e-4 73815879 73815879 0
8 1108 rs2840492 5752056 1 -3.792665024556472e-4 5752056 5752056 0
8 2029 rs289621 13294808 1 -3.78366247778659e-4 13294808 13294808 0
8 14678 rs1382020 140499374 1 3.759090609246497e-4 140499374 140499374 0
8 10949 rs13278098 105943784 1 -3.733471459173431e-4 105943784 105943784 0
8 534 rs2469370 3445665 1 -3.7315534878423464e-4 3445665 3445665 0
8 1949 rs500501 12953108 1 3.727605283126543e-4 12953108 12953108 0
8 1303 rs890228 6660463 1 -3.704776668665925e-4 6660463 6660463 0
8 8268 rs6995700 75274727 1 3.688168122056879e-4 75274727 75274727 0
8 14527 rs16908681 139260668 1 -3.686607128942157e-4 139260668 139260668 0
8 5192 rs10504003 37128540 1 3.680648353332688e-4 37128540 37128540 0
8 6963 rs6986031 62613075 1 3.6789357508596143e-4 62613075 62613075 0
8 10596 rs471757 102527840 1 3.6680525180562214e-4 102527840 102527840 0
8 10491 rs11783233 101388553 1 3.6517370832981944e-4 101388553 101388553 0
8 1932 rs2466273 12866004 1 3.64376392068956e-4 12866004 12866004 0
8 8320 rs2570174 75838927 1 3.637591886370253e-4 75838927 75838927 0
8 14752 rs2306078 140926772 1 3.6096539101623424e-4 140926772 140926772 0
8 13236 rs10102883 129286933 1 -3.6004091423608e-4 129286933 129286933 0
8 909 rs13248460 4775412 1 3.600281233681521e-4 4775412 4775412 0
8 13142 rs6470552 128628601 1 3.5654635481080596e-4 128628601 128628601 0
8 11003 rs17283426 106382318 1 3.5572621891711583e-4 106382318 106382318 0
8 11966 rs7823271 117703509 1 -3.5413228019983556e-4 117703509 117703509 0
8 6036 rs1469322 53930798 1 3.5227548856495703e-4 53930798 53930798 0
8 3213 rs6586786 18785476 1 -3.506422821221834e-4 18785476 18785476 0
8 161 rs1019023 1359035 1 3.4946458584854796e-4 1359035 1359035 0
8 12709 rs2294015 124696867 1 -3.4711959926006676e-4 124696867 124696867 0
8 9701 rs10504902 91820788 1 3.4659817870119397e-4 91820788 91820788 0
8 12893 rs2555718 125939953 1 -3.463251875720103e-4 125939953 125939953 0
8 12287 rs4871352 120567358 2 3.462884767475357e-4 120567358 120567358 0
8 9973 rs10086104 95065264 1 3.4624086880044586e-4 95065264 95065264 0
8 1233 rs2916733 6323278 1 -3.456711847246509e-4 6323278 6323278 0
8 9302 rs4961175 87313538 1 -3.446960775626342e-4 87313538 87313538 0
8 8462 rs4735710 76906851 1 3.4396313622864054e-4 76906851 76906851 0
8 13865 rs7823430 134437026 1 -3.425614132706001e-4 134437026 134437026 0
8 6414 rs16920897 57563722 1 -3.4229669809484253e-4 57563722 57563722 0
8 2197 rs17213822 14092684 1 -3.4196634106997014e-4 14092684 14092684 0
8 13455 rs7386417 131083853 1 -3.40833649663284e-4 131083853 131083853 0
8 10104 rs2439632 96218944 2 3.3863797384337777e-4 96218944 96218944 0
8 15008 rs7816010 143912840 1 -3.359866403482089e-4 143912840 143912840 0
8 14593 rs11779129 139818903 1 3.3523208165249215e-4 139818903 139818903 0
8 8748 rs7463982 80352232 1 -3.349756024144266e-4 80352232 80352232 0
8 11188 rs1283651 108366032 1 -3.3438931637916244e-4 108366032 108366032 0
8 12619 rs876742 123698785 2 -3.2840117019806325e-4 123698785 123698785 0
8 7560 rs4737262 69411716 1 -3.2572273664862857e-4 69411716 69411716 0
8 11151 rs16875446 107993651 1 3.24331448336364e-4 107993651 107993651 0
8 11122 rs36024019 107773675 1 -3.2377199716911756e-4 107773675 107773675 0
8 5409 rs10106740 40355156 1 -3.2210376646416776e-4 40355156 40355156 0
8 14813 rs7001653 141621038 1 3.212535792034704e-4 141621038 141621038 0
8 10449 rs4735639 100743556 1 -3.211973595928558e-4 100743556 100743556 0
8 13480 rs2554373 131258535 2 -3.1952089238961186e-4 131258535 131258535 0
8 3749 rs2889 22875909 1 3.194944563589924e-4 22875909 22875909 0
8 14792 rs10091104 141327474 2 3.190365536409761e-4 141327474 141327474 0
8 3313 rs17481063 19536015 2 3.1703753652746416e-4 19536015 19536015 0
8 6952 rs7015848 62498627 1 -3.166693754611336e-4 62498627 62498627 0
8 1498 rs11249912 9134180 1 3.1455208226752223e-4 9134180 9134180 0
8 4279 rs7844646 27103621 1 -3.1431767200904937e-4 27103621 27103621 0
8 10817 rs4512347 104404392 1 -3.139315541987102e-4 104404392 104404392 0
8 2878 rs17690089 17538909 1 -3.1177856459935107e-4 17538909 17538909 0
8 1070 rs2733020 5581690 1 -3.1174896366748943e-4 5581690 5581690 0
8 1805 rs7018324 11274122 1 -3.111806675301186e-4 11274122 11274122 0
8 2190 rs11203582 14037301 1 3.104027089435015e-4 14037301 14037301 0
8 7028 rs4562309 63078778 1 3.09062440719164e-4 63078778 63078778 0
8 10667 rs620643 103112417 1 3.080322606501134e-4 103112417 103112417 0
8 3130 rs1110820 18360301 1 -3.0663134747625054e-4 18360301 18360301 0
8 2689 rs17677684 16066749 1 3.065683093138079e-4 16066749 16066749 0
8 14740 rs10100424 140855827 1 3.0613526967046784e-4 140855827 140855827 0
8 8510 rs7842547 77837751 1 3.0560523308287594e-4 77837751 77837751 0
8 601 rs2623679 3647890 1 -3.047914264111733e-4 3647890 3647890 0
8 8684 rs10106730 79812354 1 -3.0437512545771096e-4 79812354 79812354 0
8 9162 rs12541971 84776101 1 3.0420596766335894e-4 84776101 84776101 0
8 14463 rs7462989 138796799 1 -3.031847203633834e-4 138796799 138796799 0
8 12192 rs1948467 119836572 1 -2.995210417734595e-4 119836572 119836572 0
8 4154 rs3808564 26438546 2 -2.9928331032059546e-4 26438546 26438546 0
8 14565 rs6983378 139637872 1 -2.979553240195719e-4 139637872 139637872 0
8 8244 rs16938846 75187511 1 2.976622304470514e-4 75187511 75187511 0
8 10038 rs6999001 95628306 1 -2.975601946421364e-4 95628306 95628306 0
8 2899 rs9325821 17610093 1 -2.959396138881997e-4 17610093 17610093 0
8 6884 rs11988513 61862880 1 -2.9247593899248776e-4 61862880 61862880 0
8 7058 rs17243191 63362315 1 2.9242866500678885e-4 63362315 63362315 0
8 1609 rs17151026 9932797 1 -2.908546264485597e-4 9932797 9932797 0
8 3619 rs17607826 21299827 1 -2.8817213486530925e-4 21299827 21299827 0
8 11829 rs10505226 115698493 1 2.8793618269623274e-4 115698493 115698493 0
8 3476 rs1383246 20394374 1 2.8549578166125404e-4 20394374 20394374 0
8 15034 rs13281215 144216966 1 -2.8543566189691413e-4 144216966 144216966 0
8 13505 rs6997195 131480540 2 -2.84482287684988e-4 131480540 131480540 0
8 847 rs1676936 4597645 1 2.8381960324019634e-4 4597645 4597645 0
8 4474 rs2614046 28136109 1 -2.8250206333903856e-4 28136109 28136109 0
8 13031 rs10094631 127586371 1 2.822892411901713e-4 127586371 127586371 0
8 4442 rs13279787 27903069 1 2.79817353584853e-4 27903069 27903069 0
8 14833 rs6988905 142137704 2 2.795924987482077e-4 142137704 142137704 0
8 14340 rs4909614 137938502 1 -2.794342959693061e-4 137938502 137938502 0
8 6367 rs10098993 57323116 1 2.790226181937978e-4 57323116 57323116 0
8 370 rs583087 2795835 1 -2.7832493590579973e-4 2795835 2795835 0
8 4922 rs3735781 32624828 1 2.7791041346007426e-4 32624828 32624828 0
8 6822 rs6984526 61149731 1 -2.7692908760105356e-4 61149731 61149731 0
8 2021 rs289553 13246338 1 2.7528117369932917e-4 13246338 13246338 0
8 3349 rs11204072 19650333 1 -2.752290540196878e-4 19650333 19650333 0
8 2264 rs17119718 14392244 1 2.7522589067409766e-4 14392244 14392244 0
8 10442 rs11995956 100350083 1 2.7513435580341566e-4 100350083 100350083 0
8 5600 rs6988483 42351311 1 -2.7481123768444496e-4 42351311 42351311 0
8 3720 rs4872525 22492708 1 2.7421950959746706e-4 22492708 22492708 0
8 9917 rs1491947 94471469 1 2.73808965610655e-4 94471469 94471469 0
8 14005 rs7844624 135433894 1 -2.7325011007568837e-4 135433894 135433894 0
8 14320 rs2610114 137812540 1 2.7324076995890204e-4 137812540 137812540 0
8 14878 rs4907340 142513132 1 -2.7273003943361387e-4 142513132 142513132 0
8 5528 rs7018403 41303896 1 -2.710101755892826e-4 41303896 41303896 0
8 9656 rs13312986 90946118 1 2.6913295064497333e-4 90946118 90946118 0
8 8423 rs1805100 76476396 1 2.685242422046753e-4 76476396 76476396 0
8 13676 rs2280851 133089975 1 2.682956833872496e-4 133089975 133089975 0
8 13036 rs10100007 127626390 1 -2.6772807750798035e-4 127626390 127626390 0
8 10898 rs3793357 105412148 1 -2.670521289144144e-4 105412148 105412148 0
8 44 rs336419 570463 1 2.662393710575879e-4 570463 570463 0
8 3145 rs1546001 18431478 1 2.659644074603116e-4 18431478 18431478 0
8 13045 rs10216757 127836529 1 2.652857741559102e-4 127836529 127836529 0
8 12030 rs11996643 118321722 1 2.635921371498078e-4 118321722 118321722 0
8 4722 rs1347564 31175862 1 -2.633971006368033e-4 31175862 31175862 0
8 4053 rs7845031 25480061 2 -2.6199876930723694e-4 25480061 25480061 0
8 477 rs6996823 3274215 1 2.6102723042906417e-4 3274215 3274215 0
8 11132 rs16875176 107845898 1 -2.589406123998929e-4 107845898 107845898 0
8 2810 rs9325808 17213129 1 2.5819657778050555e-4 17213129 17213129 0
8 12661 rs3107194 124184067 1 2.579457416438454e-4 124184067 124184067 0
8 4684 rs61736163 30702785 1 -2.578056679108146e-4 30702785 30702785 0
8 6141 rs10095164 54882796 1 2.577566287016239e-4 54882796 54882796 0
8 3150 rs2717716 18437200 1 -2.5674280304974553e-4 18437200 18437200 0
8 10359 rs5012370 98938231 1 -2.552708101021334e-4 98938231 98938231 0
8 3104 rs721399 18259366 1 2.5504219811919133e-4 18259366 18259366 0
8 7523 rs1897874 68970343 1 -2.5483572138428886e-4 68970343 68970343 0
8 9634 rs10097279 90795768 1 -2.5327190467978346e-4 90795768 90795768 0
8 14889 rs13267815 142571042 1 2.5189303395614074e-4 142571042 142571042 0
8 4231 rs10503804 26849975 1 2.517200808242344e-4 26849975 26849975 0
8 10634 rs7827941 102841031 1 -2.5043557607114323e-4 102841031 102841031 0
8 12848 rs1430848 125736453 1 -2.503809703502177e-4 125736453 125736453 0
8 3781 rs7829982 23206698 1 2.5001535589031984e-4 23206698 23206698 0
8 6565 rs7841432 58929688 1 -2.491424786593216e-4 58929688 58929688 0
8 8370 rs13273502 76112835 1 -2.486727712687595e-4 76112835 76112835 0
8 12540 rs1030980 122815018 1 -2.471811525793726e-4 122815018 122815018 0
8 12000 rs4876702 118121734 1 -2.467188766252206e-4 118121734 118121734 0
8 10659 rs7014272 103073179 1 2.4636991660016076e-4 103073179 103073179 0
8 2404 rs4831679 14950895 2 -2.4542405843767034e-4 14950895 14950895 0
8 8555 rs446337 78510649 1 -2.448817201290253e-4 78510649 78510649 0
8 138 rs760179 1240600 1 -2.4455567537088707e-4 1240600 1240600 0
8 1385 rs7837584 8402347 1 2.4356692882193253e-4 8402347 8402347 0
8 6713 rs392450 60024449 1 2.4282634477739023e-4 60024449 60024449 0
8 4663 rs2979502 30450114 1 2.4262298905204367e-4 30450114 30450114 0
8 37 rs11136871 533699 1 2.4216228427653756e-4 533699 533699 0
8 11374 rs77766145 110406697 1 -2.4172096664836737e-4 110406697 110406697 0
8 10692 rs10090707 103373304 1 -2.4084763249088349e-4 103373304 103373304 0
8 4827 rs901561 32143462 1 -2.4016816067545856e-4 32143462 32143462 0
8 12840 rs12550311 125707677 1 -2.398768809109289e-4 125707677 125707677 0
8 14190 rs4335161 136770912 1 2.393838901286935e-4 136770912 136770912 0
8 1806 rs2002030 11276542 1 2.380956538320526e-4 11276542 11276542 0
8 13479 rs2670886 131256678 1 -2.3771416344960133e-4 131256678 131256678 0
8 8897 rs17633897 82668074 1 -2.350546736996818e-4 82668074 82668074 0
8 2600 rs240657 15665612 1 2.3487006580312023e-4 15665612 15665612 0
8 10978 rs7819593 106115172 1 2.342221164399336e-4 106115172 106115172 0
8 8613 rs2369096 79108139 1 -2.3402040989209592e-4 79108139 79108139 0
8 10289 rs4556066 98153281 1 2.3227660114407428e-4 98153281 98153281 0
8 2758 rs1689856 16830161 1 2.3147466813061248e-4 16830161 16830161 0
8 681 rs7004524 3904874 2 2.310204226471124e-4 3904874 3904874 0
8 6956 rs6471964 62532696 1 -2.3074183324521712e-4 62532696 62532696 0
8 12605 rs4506215 123522322 2 -2.3034532543289829e-4 123522322 123522322 0
8 11932 rs10505279 117301701 2 -2.2948127072333052e-4 117301701 117301701 0
8 2526 rs2410269 15262565 1 2.2938084050631012e-4 15262565 15262565 0
8 7673 rs7836170 70442828 1 -2.292943243851845e-4 70442828 70442828 0
8 8768 rs4739907 80589219 1 -2.280573154631504e-4 80589219 80589219 0
8 8319 rs2570171 75838162 1 2.275865374379738e-4 75838162 75838162 0
8 12863 rs16900003 125763884 1 -2.274972551007517e-4 125763884 125763884 0
8 12439 rs6469965 121942691 1 2.2621255375699745e-4 121942691 121942691 0
8 9803 rs1125730 93358204 1 2.2601364859284009e-4 93358204 93358204 0
8 4278 rs11786687 27103504 1 2.251977323154572e-4 27103504 27103504 0
8 1025 rs7823997 5252599 1 -2.248578190332709e-4 5252599 5252599 0
8 2053 rs10503454 13405241 1 -2.2358272713668645e-4 13405241 13405241 0
8 1010 rs4404939 5222299 1 -0.00022354429857352249 5222299 5222299 0
8 5320 rs202014 39622174 1 2.230246891318498e-4 39622174 39622174 0
8 9904 rs1367793 94370855 1 2.2044093128872124e-4 94370855 94370855 0
8 14346 rs7845945 137991169 1 2.189891163175087e-4 137991169 137991169 0
8 13174 rs10092081 128999217 1 -2.183488715302417e-4 128999217 128999217 0
8 8037 rs1080333 73579879 1 2.178931444403804e-4 73579879 73579879 0
8 6424 rs929965 57651490 1 2.167847404670397e-4 57651490 57651490 0
8 1377 rs11776995 8385547 1 -2.166719617956218e-4 8385547 8385547 0
8 8922 rs1376842 82892518 1 2.158439274871136e-4 82892518 82892518 0
8 7407 rs11783534 66711501 1 -2.130060702187159e-4 66711501 66711501 0
8 13228 rs10492294 129246415 2 2.106870916439474e-4 129246415 129246415 0
8 6764 rs4440623 60708881 1 -2.0863664537049364e-4 60708881 60708881 0
8 14839 rs428300 142173356 1 -2.070704777868845e-4 142173356 142173356 0
8 13919 rs2958787 134679175 1 2.067566098875645e-4 134679175 134679175 0
8 1192 rs4440655 6097761 2 -2.0642683637325096e-4 6097761 6097761 0
8 3858 rs7844903 23568464 1 2.062181463656867e-4 23568464 23568464 0
8 10427 rs11988085 99379585 1 2.05822569050551e-4 99379585 99379585 0
8 10735 rs2304344 103855691 1 -2.054425043426106e-4 103855691 103855691 0
8 10210 rs13255914 97329366 1 -2.0491038565701732e-4 97329366 97329366 0
8 2990 rs17692377 17891869 1 2.0465472217073095e-4 17891869 17891869 0
8 3402 rs10503669 19847690 1 -2.0452037139712743e-4 19847690 19847690 0
8 12425 rs13282943 121830295 1 2.0417121779863504e-4 121830295 121830295 0
8 3205 rs6998100 18721215 1 2.0396148660356455e-4 18721215 18721215 0
8 11734 rs12676787 114932628 1 -2.037353961196789e-4 114932628 114932628 0
8 4326 rs4149248 27385450 1 -2.0277142543474936e-4 27385450 27385450 0
8 7351 rs4333639 65962086 1 -2.023499932347966e-4 65962086 65962086 0
8 1234 rs2440399 6325975 2 -2.018730973840715e-4 6325975 6325975 0
8 8514 rs4496943 77881800 1 -2.0112935735107723e-4 77881800 77881800 0
8 11935 rs1881129 117334573 1 1.9841739325406857e-4 117334573 117334573 0
8 273 rs7829787 2104747 1 -1.976756801063254e-4 2104747 2104747 0
8 12485 rs13257834 122322450 1 -1.9756833264814632e-4 122322450 122322450 0
8 10642 rs4145554 102966148 1 -1.9719909312173808e-4 102966148 102966148 0
8 908 rs1031611 4728668 1 1.9584399852827608e-4 4728668 4728668 0
8 1469 rs4472520 8849443 1 -1.951680551523389e-4 8849443 8849443 0
8 13460 rs7833007 131108193 1 1.9276065028523011e-4 131108193 131108193 0
8 14569 rs10097597 139652806 1 -1.925430362424376e-4 139652806 139652806 0
8 15023 rs4270938 144093864 1 -1.9209940587339137e-4 144093864 144093864 0
8 8758 rs4739857 80535407 1 -1.9147674679182e-4 80535407 80535407 0
8 4831 rs7005124 32167730 1 -1.905043739155538e-4 32167730 32167730 0
8 2631 rs7832401 15786889 1 -1.9011561662805263e-4 15786889 15786889 0
8 13891 rs7830798 134609410 1 -1.9000435047351473e-4 134609410 134609410 0
8 8746 rs11991397 80320484 1 -1.8985057426292932e-4 80320484 80320484 0
8 5592 rs9694958 42156046 2 -1.8869554712733444e-4 42156046 42156046 0
8 3166 rs10091332 18456179 1 1.884301107821006e-4 18456179 18456179 0
8 13327 rs7011330 130115644 1 1.879711505686884e-4 130115644 130115644 0
8 8553 rs10504653 78405264 1 -1.8707069458535325e-4 78405264 78405264 0
8 11727 rs966210 114915810 1 -1.867582038709023e-4 114915810 114915810 0
8 6048 rs1895828 54133006 1 1.8661368911897103e-4 54133006 54133006 0
8 545 rs4875241 3460557 1 -1.8571573397833528e-4 3460557 3460557 0
8 5590 rs11986055 42135178 2 -1.8525584665982195e-4 42135178 42135178 0
8 4959 rs12155581 33287802 1 -1.843136801964831e-4 33287802 33287802 0
8 8018 rs10957603 73418260 1 -1.8401726226301572e-4 73418260 73418260 0
8 3727 rs10102337 22648756 1 1.8266342733269097e-4 22648756 22648756 0
8 6400 rs4738532 57520600 2 1.819429326561739e-4 57520600 57520600 0
8 10338 rs2512444 98648478 1 1.8070828996139947e-4 98648478 98648478 0
8 8980 rs9643764 83386881 1 -1.8024639708080547e-4 83386881 83386881 0
8 12593 rs4397408 123434634 1 -1.7725561345616957e-4 123434634 123434634 0
8 11124 rs959301 107790203 1 -1.7671544218452823e-4 107790203 107790203 0
8 7260 rs13255793 64980755 1 1.7605297504930248e-4 64980755 64980755 0
8 6704 rs10504275 59916056 1 1.75831461148353e-4 59916056 59916056 0
8 3167 rs6983527 18460066 1 1.7569204751596786e-4 18460066 18460066 0
8 8042 rs11787421 73587678 1 1.7475409143561998e-4 73587678 73587678 0
8 5322 rs202006 39628986 1 -1.7454941496885325e-4 39628986 39628986 0
8 1091 rs4875628 5666765 1 1.7400695008119472e-4 5666765 5666765 0
8 243 rs75318724 2033446 1 -1.7380072080242526e-4 2033446 2033446 0
8 10500 rs7832617 101525085 1 1.7374379064104457e-4 101525085 101525085 0
8 2151 rs4486205 13799078 1 -1.7363962057354574e-4 13799078 13799078 0
8 191 rs4875882 1587825 1 1.729430967032293e-4 1587825 1587825 0
8 3169 rs1825975 18462403 1 -1.70726184868914e-4 18462403 18462403 0
8 6172 rs13270739 55310831 1 1.707062768477225e-4 55310831 55310831 0
8 12199 rs4242591 119897611 1 1.7012484860616533e-4 119897611 119897611 0
8 4169 rs6992526 26588975 1 1.674185570465555e-4 26588975 26588975 0
8 12915 rs7831515 126132816 1 1.6734738632763436e-4 126132816 126132816 0
8 7514 rs10091922 68876488 1 -1.6517627429435872e-4 68876488 68876488 0
8 5244 rs7845862 38471714 1 1.6502419774959366e-4 38471714 38471714 0
8 438 rs17320105 3161497 1 1.6461265029531905e-4 3161497 3161497 0
8 14869 rs75295956 142500345 1 1.6352674819409597e-4 142500345 142500345 0
8 7261 rs10504370 64987982 1 1.6312015848166412e-4 64987982 64987982 0
8 14786 rs7002644 141252750 1 -1.6241154615791975e-4 141252750 141252750 0
8 857 rs4875115 4613200 1 1.6211584895609003e-4 4613200 4613200 0
8 5169 rs7818942 36907645 1 -1.6185536722737676e-4 36907645 36907645 0
8 3148 rs12675535 18435816 1 -1.60193274844331e-4 18435816 18435816 0
8 3620 rs1426182 21301625 1 1.5948819637451203e-4 21301625 21301625 0
8 5290 rs4379414 39206995 1 1.586313757232307e-4 39206995 39206995 0
8 4459 rs12675992 28064417 1 -1.586091737004028e-4 28064417 28064417 0
8 11836 rs10089872 115751383 1 -1.5759060754671307e-4 115751383 115751383 0
8 7702 rs16936279 70584809 1 -1.5751863993124926e-4 70584809 70584809 0
8 3605 rs1863452 21267866 1 1.5732894169546817e-4 21267866 21267866 0
8 6142 rs28431894 54906549 1 1.566869414515862e-4 54906549 54906549 0
8 8715 rs10504694 80040600 1 -1.565189012195113e-4 80040600 80040600 0
8 10737 rs2436856 103885884 1 -1.5597023844618805e-4 103885884 103885884 0
8 12691 rs7844912 124581970 2 -1.544352266494997e-4 124581970 124581970 0
8 7858 rs13253114 72513170 1 -1.5437471273482535e-4 72513170 72513170 0
8 5610 rs7844566 42489842 1 1.5208605226066217e-4 42489842 42489842 0
8 1068 rs1512792 5580888 1 -1.5080406353558244e-4 5580888 5580888 0
8 5425 rs1562906 40442938 1 1.488306003556918e-4 40442938 40442938 0
8 8835 rs7007683 81840875 2 -1.4855553664906238e-4 81840875 81840875 0
8 13177 rs10956403 129007207 1 1.475790123830764e-4 129007207 129007207 0
8 3194 rs335245 18645308 1 1.454237227183005e-4 18645308 18645308 0
8 9142 rs10958166 84618780 2 -1.4495104058174162e-4 84618780 84618780 0
8 5280 rs7016661 39088049 1 -1.4484305814810745e-4 39088049 39088049 0
8 5679 rs10504064 49358033 1 1.445701214605105e-4 49358033 49358033 0
8 6136 rs4737753 54701811 1 -1.4441095439604172e-4 54701811 54701811 0
8 12418 rs4242323 121760704 1 -1.4422723416517746e-4 121760704 121760704 0
8 11570 rs929686 113302023 1 -1.4399984771955977e-4 113302023 113302023 0
8 13033 rs2385694 127603549 1 -1.4290071970271754e-4 127603549 127603549 0
8 6658 rs2255834 59515756 1 1.4156130218638308e-4 59515756 59515756 0
8 5805 rs4873152 51558988 1 -1.4010684814046078e-4 51558988 51558988 0
8 2323 rs1992448 14634314 1 -1.4006016396625692e-4 14634314 14634314 0
8 5672 rs1828443 49252776 1 -1.391358487330085e-4 49252776 49252776 0
8 10514 rs1693551 101675584 1 -1.3710748582176972e-4 101675584 101675584 0
8 6686 rs7838499 59781086 1 1.3621176442489346e-4 59781086 59781086 0
8 8903 rs4551296 82702122 1 -1.3126306051220962e-4 82702122 82702122 0
8 8871 rs1376222 82282131 1 -1.3101710313457752e-4 82282131 82282131 0
8 14192 rs7004659 136789501 1 1.3019870423458172e-4 136789501 136789501 0
8 8728 rs10081534 80107372 1 -1.2937361489447178e-4 80107372 80107372 0
8 13055 rs13271478 127921284 1 1.288569413876954e-4 127921284 127921284 0
8 13388 rs16904121 130600781 1 1.2857335389508982e-4 130600781 130600781 0
8 8049 rs2247672 73632103 1 1.2774813151847632e-4 73632103 73632103 0
8 12343 rs4871825 121034642 2 1.2774028026501456e-4 121034642 121034642 0
8 10525 rs2978094 101770400 1 1.2683653857866847e-4 101770400 101770400 0
8 4556 rs4732922 29110154 1 1.2668422169390836e-4 29110154 29110154 0
8 13561 rs10505566 131879068 1 -1.250877632403571e-4 131879068 131879068 0
8 326 rs10088564 2545224 1 -1.2442662112658795e-4 2545224 2545224 0
8 10463 rs1380994 101085778 1 1.2303006423481866e-4 101085778 101085778 0
8 2376 rs17120669 14844324 1 1.2292814116198942e-4 14844324 14844324 0
8 4883 rs17721282 32443025 1 -1.2278798529494016e-4 32443025 32443025 0
8 147 rs12546588 1286006 1 1.2182485829451874e-4 1286006 1286006 0
8 1101 rs11136934 5690484 1 -1.2038407363092204e-4 5690484 5690484 0
8 12564 rs4604435 123198270 1 -1.1994969043064298e-4 123198270 123198270 0
8 5462 rs11781404 40620539 1 1.1983367281484734e-4 40620539 40620539 0
8 7605 rs77360325 69767131 1 -1.1922371576492604e-4 69767131 69767131 0
8 14613 rs10095842 140031004 1 -1.1787432471436942e-4 140031004 140031004 0
8 2640 rs2410342 15800500 1 1.170152217510294e-4 15800500 15800500 0
8 1858 rs17754589 11625808 2 -1.1695217640192628e-4 11625808 11625808 0
8 13209 rs2648847 129180042 1 -1.1549387239547266e-4 129180042 129180042 0
8 7649 rs1026832 70254430 1 1.1519958483753136e-4 70254430 70254430 0
8 9509 rs9297464 89415996 1 -1.1503041413100929e-4 89415996 89415996 0
8 5442 rs10094304 40499780 1 -1.141065517347277e-4 40499780 40499780 0
8 12558 rs16896806 123165047 1 -1.1363734372899562e-4 123165047 123165047 0
8 14168 rs7823639 136719754 1 1.1278139086255874e-4 136719754 136719754 0
8 7901 rs4133001 72718667 1 -1.1164782996519805e-4 72718667 72718667 0
8 5923 rs7011225 52718434 1 -1.115603294107148e-4 52718434 52718434 0
8 9511 rs1604921 89462984 1 -1.1144062714118556e-4 89462984 89462984 0
8 14905 rs11167086 142712678 1 -1.114405867909921e-4 142712678 142712678 0
8 8749 rs7012426 80352815 1 -1.1066625344778866e-4 80352815 80352815 0
8 14215 rs7818542 136880836 1 1.1017865273472e-4 136880836 136880836 0
8 5344 rs2955886 39865891 1 1.0959701045700276e-4 39865891 39865891 0
8 3808 rs2235116 23337410 1 -1.0778789553949176e-4 23337410 23337410 0
8 3809 rs6557675 23340546 1 1.0764359294956128e-4 23340546 23340546 0
8 8680 rs10097803 79809610 1 -1.0691302775188774e-4 79809610 79809610 0
8 14276 rs7845307 137293161 1 -1.0680602227905972e-4 137293161 137293161 0
8 10171 rs3107060 96762545 1 1.060904590981618e-4 96762545 96762545 0
8 11174 rs7464479 108238820 1 -1.0558535394333214e-4 108238820 108238820 0
8 5223 rs16887244 38031345 2 -1.0372765284005151e-4 38031345 38031345 0
8 6150 rs311390 55102401 1 1.030478496319824e-4 55102401 55102401 0
8 15045 rs380904 144565905 1 -1.0249263635247082e-4 144565905 144565905 0
8 8777 rs1550734 80619879 1 -1.022448711172982e-4 80619879 80619879 0
8 10594 rs671557 102516385 1 -1.0137488618930217e-4 102516385 102516385 0
8 12082 rs4366105 118835137 1 1.0093800536728138e-4 118835137 118835137 0
8 1212 rs2916705 6210460 1 -1.0007276619578432e-4 6210460 6210460 0
8 13886 rs9643302 134602661 2 9.921558087895663e-5 134602661 134602661 0
8 9935 rs10504930 94744813 1 9.788405902876716e-5 94744813 94744813 0
8 1857 rs10101195 11623212 1 -9.6546283713685e-5 11623212 11623212 0
8 12075 rs4606089 118797472 1 -9.624713450872184e-5 118797472 118797472 0
8 3506 rs2597389 20554693 1 -9.623608524265212e-5 20554693 20554693 0
8 1048 rs17074059 5423742 2 -9.559676789420415e-5 5423742 5423742 0
8 12509 rs16895544 122513793 2 -9.50404879565163e-5 122513793 122513793 0
8 13173 rs4637783 128996639 1 9.490440086087356e-5 128996639 128996639 0
8 4276 rs3739212 27099879 1 9.432646280047724e-5 27099879 27099879 0
8 6321 rs1397976 56825385 2 -9.396725150366016e-5 56825385 56825385 0
8 15063 rs4873814 144722192 2 -9.298188861259136e-5 144722192 144722192 0
8 3147 rs7825137 18432108 1 9.224182523816036e-5 18432108 18432108 0
8 2397 rs17608964 14921494 1 8.997064043132019e-5 14921494 14921494 0
8 13026 rs2223038 127462984 1 -8.981543315628546e-5 127462984 127462984 0
8 4384 rs17469423 27564087 1 8.772612901847852e-5 27564087 27564087 0
8 35 rs3930083 527220 1 8.768601852525975e-5 527220 527220 0
8 3192 rs12676642 18637208 2 -8.72081030405601e-5 18637208 18637208 0
8 9622 rs6981616 90708428 1 -8.704041496218543e-5 90708428 90708428 0
8 4425 rs2726942 27819749 1 8.65444423989001e-5 27819749 27819749 0
8 4038 rs7837477 25240100 2 -8.612724612670845e-5 25240100 25240100 0
8 5654 rs7005646 49047317 1 -8.398482009524622e-5 49047317 49047317 0
8 7758 rs4738067 70969097 1 -8.359829635338565e-5 70969097 70969097 0
8 10358 rs2513834 98933711 1 -8.328359067728971e-5 98933711 98933711 0
8 2585 rs13281205 15585124 1 8.31575075970318e-5 15585124 15585124 0
8 5301 rs13268577 39463823 1 -8.312637895813853e-5 39463823 39463823 0
8 7519 rs4512367 68927592 1 -8.290375405446733e-5 68927592 68927592 0
8 12051 rs17746363 118611634 1 8.262796920192338e-5 118611634 118611634 0
8 5185 rs519676 37054785 1 8.23053141542433e-5 37054785 37054785 0
8 2883 rs6421404 17542215 1 -8.227965605659978e-5 17542215 17542215 0
8 4633 rs16876489 29971290 2 8.203855799489512e-5 29971290 29971290 0
8 8318 rs2570170 75837218 1 8.199747023583109e-5 75837218 75837218 0
8 2761 rs950549 16841292 1 8.193412596080455e-5 16841292 16841292 0
8 7538 rs10504423 69147931 1 8.134854251817433e-5 69147931 69147931 0
8 13210 rs2648850 129184165 1 -8.130308923987027e-5 129184165 129184165 0
8 8659 rs3736169 79587855 1 8.024691060424445e-5 79587855 79587855 0
8 13748 rs6471080 133573057 1 -7.818299418838811e-5 133573057 133573057 0
8 9813 rs559606 93452462 1 -7.77065099430137e-5 93452462 93452462 0
8 45 rs336430 576209 1 7.673450008245151e-5 576209 576209 0
8 8146 rs4738333 74300542 1 7.668007400109234e-5 74300542 74300542 0
8 198 rs2972174 1654818 1 7.49563870584167e-5 1654818 1654818 0
8 13286 rs1432011 129662612 1 -7.431542058294339e-5 129662612 129662612 0
8 11137 rs6469084 107908032 1 7.395850858555685e-5 107908032 107908032 0
8 9300 rs10112123 87302328 1 7.377352012926302e-5 87302328 87302328 0
8 12028 rs4876717 118320851 1 7.315494827811497e-5 118320851 118320851 0
8 2106 rs12546757 13626280 1 -7.280460961496681e-5 13626280 13626280 0
8 2288 rs4831616 14466928 1 7.266136658349946e-5 14466928 14466928 0
8 14767 rs2665931 140977205 1 7.261955494786964e-5 140977205 140977205 0
8 10134 rs968962 96482283 1 7.23668060629386e-5 96482283 96482283 0
8 11447 rs10103911 111468172 2 -7.168542409791365e-5 111468172 111468172 0
8 845 rs1351107 4579906 1 -6.9503522000732e-5 4579906 4579906 0
8 10100 rs16917410 96206803 2 6.776625598376991e-5 96206803 96206803 0
8 10248 rs16894821 97604112 1 -6.74043657579235e-5 97604112 97604112 0
8 11215 rs6469116 108502688 1 -6.72046866746478e-5 108502688 108502688 0
8 4615 rs10503858 29792105 1 -6.685180864201556e-5 29792105 29792105 0
8 12438 rs7826823 121938422 1 6.684714134186086e-5 121938422 121938422 0
8 6462 rs10111393 57992193 1 6.673332770185232e-5 57992193 57992193 0
8 6604 rs7006132 59229893 1 6.529998201977276e-5 59229893 59229893 0
8 10643 rs6991019 102970640 1 -6.525248863382122e-5 102970640 102970640 0
8 11347 rs12543745 109966356 1 -6.463521144040553e-5 109966356 109966356 0
8 14007 rs7012497 135437151 1 6.418852662634102e-5 135437151 135437151 0
8 13415 rs77681114 130762291 1 -6.352184893541703e-5 130762291 130762291 0
8 13137 rs4733655 128568856 1 -6.17206425648016e-5 128568856 128568856 0
8 5986 rs2556559 53375405 1 -6.111695419289445e-5 53375405 53375405 0
8 958 rs10109571 5112194 1 -5.978072085632484e-5 5112194 5112194 0
8 2411 rs17120932 14969971 1 5.8760923529538095e-5 14969971 14969971 0
8 14291 rs875367 137492260 1 -5.722126416743497e-5 137492260 137492260 0
8 8443 rs16939150 76639216 1 5.7001373528883e-5 76639216 76639216 0
8 14568 rs4909818 139651182 1 -5.5996519897727175e-5 139651182 139651182 0
8 5158 rs10090367 36825080 1 -5.55658078484249e-5 36825080 36825080 0
8 8862 rs4436084 82038006 1 5.523027427341858e-5 82038006 82038006 0
8 204 rs4875958 1721090 2 -5.522961006271956e-5 1721090 1721090 0
8 3115 rs10103029 18267338 2 -5.4284672469093706e-5 18267338 18267338 0
8 10460 rs1130474 100904277 1 -5.38289797223579e-5 100904277 100904277 0
8 2948 rs693812 17744768 1 -5.243761658120769e-5 17744768 17744768 0
8 13985 rs10109387 135288110 1 -5.143539131921966e-5 135288110 135288110 0
8 851 rs1676945 4606409 1 5.1370707264782274e-5 4606409 4606409 0
8 11185 rs141029929 108334162 1 5.09480026696148e-5 108334162 108334162 0
8 7481 rs7814309 68525283 1 5.047310934153499e-5 68525283 68525283 0
8 5330 rs7846217 39793318 1 4.950802252474156e-5 39793318 39793318 0
8 7666 rs2725092 70405148 1 4.936780983131525e-5 70405148 70405148 0
8 9264 rs6469393 87043724 1 -4.7695565727622805e-5 87043724 87043724 0
8 3793 rs6557667 23248014 1 -4.7367092514438624e-5 23248014 23248014 0
8 2738 rs6983107 16702550 1 4.658074115736941e-5 16702550 16702550 0
8 9972 rs2978138 95050753 1 4.6002815575088446e-5 95050753 95050753 0
8 8750 rs7460206 80358313 1 -4.589997687195616e-5 80358313 80358313 0
8 11934 rs16888276 117306606 1 4.521400140772145e-5 117306606 117306606 0
8 13024 rs2735974 127457081 1 -4.480473925306006e-5 127457081 127457081 0
8 11002 rs17211035 106377941 1 4.4707666674362055e-5 106377941 106377941 0
8 6082 rs2126794 54399129 1 4.420124024931374e-5 54399129 54399129 0
8 7804 rs35931247 71656084 1 4.4062319172994653e-5 71656084 71656084 0
8 10135 rs10504950 96483451 2 -4.3740611298694835e-5 96483451 96483451 0
8 6793 rs2681553 61035873 1 -4.1276553417594936e-5 61035873 61035873 0
8 14240 rs1900811 137047614 1 -4.123187224843744e-5 137047614 137047614 0
8 13187 rs11783127 129039139 1 -4.057143530242696e-5 129039139 129039139 0
8 3090 rs10109286 18243603 1 3.7390137727450416e-5 18243603 18243603 0
8 14685 rs2447406 140511526 1 3.70184039348748e-5 140511526 140511526 0
8 6558 rs1992045 58840924 2 -3.6121305880739915e-5 58840924 58840924 0
8 12783 rs7827309 125251067 1 3.4754466068265524e-5 125251067 125251067 0
8 2098 rs11784733 13556813 1 3.421202317083788e-5 13556813 13556813 0
8 10653 rs16868941 103052377 1 -3.419087018509665e-5 103052377 103052377 0
8 5731 rs7830871 50528355 1 3.3310448394456023e-5 50528355 50528355 0
8 5506 rs10958667 41058677 1 -3.3263111589585035e-5 41058677 41058677 0
8 14877 rs2613636 142509280 1 3.230131789658102e-5 142509280 142509280 0
8 8638 rs1520336 79404349 1 -3.217787612359227e-5 79404349 79404349 0
8 4802 rs1462891 31830933 1 -3.1874295315879125e-5 31830933 31830933 0
8 7799 rs1477945 71615553 1 3.1639903584313844e-5 71615553 71615553 0
8 4899 rs764059 32531292 1 3.133218808302068e-5 32531292 32531292 0
8 436 rs718119 3159709 1 3.109752552577558e-5 3159709 3159709 0
8 12106 rs12543161 118997146 1 3.054080109361212e-5 118997146 118997146 0
8 911 rs9657371 4782658 1 3.0183744843985676e-5 4782658 4782658 0
8 2305 rs7017742 14554992 1 2.9706325647799498e-5 14554992 14554992 0
8 9843 rs10112398 93795052 1 2.9453704112816027e-5 93795052 93795052 0
8 10396 rs8218 99114970 1 2.8641859677112557e-5 99114970 99114970 0
8 10168 rs3102480 96738171 1 -2.814706307913877e-5 96738171 96738171 0
8 12565 rs4401867 123200925 1 2.7609400114650087e-5 123200925 123200925 0
8 3989 rs196814 24716594 1 2.667801547338559e-5 24716594 24716594 0
8 10466 rs3116086 101107750 1 -2.656584973636147e-5 101107750 101107750 0
8 4433 rs4732617 27829251 2 2.57328197747315e-5 27829251 27829251 0
8 11141 rs7836820 107928113 1 2.5486434064154123e-5 107928113 107928113 0
8 3844 rs10503731 23463823 2 -2.466373024786122e-5 23463823 23463823 0
8 3394 rs2197089 19826373 1 -2.4272613719822057e-5 19826373 19826373 0
8 13127 rs9643227 128496096 1 2.396246095686951e-5 128496096 128496096 0
8 12528 rs9642859 122706453 1 -2.3428522417575345e-5 122706453 122706453 0
8 11411 rs13268243 110670303 1 2.299018433618706e-5 110670303 110670303 0
8 7749 rs4737293 70940654 1 2.1925013415273813e-5 70940654 70940654 0
8 13408 rs3886938 130737546 1 -2.151149106150136e-5 130737546 130737546 0
8 6509 rs10109157 58457374 2 -2.1462399402740284e-5 58457374 58457374 0
8 12298 rs956749 120744399 1 2.111389917872094e-5 120744399 120744399 0
8 4450 rs3213997 27967856 1 -2.099252722672437e-5 27967856 27967856 0
8 5876 rs7841317 52382217 1 -2.049260417701489e-5 52382217 52382217 0
8 9236 rs923817 86456195 1 -1.943644288339625e-5 86456195 86456195 0
8 9155 rs12682602 84751766 1 1.9354588109730303e-5 84751766 84751766 0
8 8681 rs11995697 79810933 1 -1.9277878617888777e-5 79810933 79810933 0
8 6513 rs1451139 58471927 1 -1.9169661091956303e-5 58471927 58471927 0
8 10342 rs2331652 98725970 1 1.8523896461268217e-5 98725970 98725970 0
8 13152 rs4733560 128779001 1 1.8277486646149737e-5 128779001 128779001 0
8 3210 rs7016219 18729817 1 1.823812566853195e-5 18729817 18729817 0
8 10550 rs4734517 102118012 1 -1.7125086309643626e-5 102118012 102118012 0
8 4648 rs16876829 30149262 1 -1.5930743274097592e-5 30149262 30149262 0
8 10622 rs11782150 102718362 1 -1.547150364087923e-5 102718362 102718362 0
8 11425 rs6469288 110925870 1 -1.52876005361787e-5 110925870 110925870 0
8 8967 rs7016611 83326590 1 1.516985189195437e-5 83326590 83326590 0
8 5880 rs4873554 52398025 1 1.4990765190790634e-5 52398025 52398025 0
8 6966 rs10094729 62636162 1 1.4002453896510186e-5 62636162 62636162 0
8 12139 rs2451136 119238894 1 1.3885290043617255e-5 119238894 119238894 0
8 3980 rs4872265 24634322 1 1.3072759763626273e-5 24634322 24634322 0
8 4258 rs4621816 26969601 1 -1.2913826177766137e-5 26969601 26969601 0
8 5787 rs310562 51445011 2 -1.2688283400265775e-5 51445011 51445011 0
8 3988 rs11775313 24709967 1 -1.253474123015354e-5 24709967 24709967 0
8 5099 rs13273022 34887877 2 1.2287181748735012e-5 34887877 34887877 0
8 4473 rs2722924 28131298 1 -1.2242275245338165e-5 28131298 28131298 0
8 13511 rs9297810 131512902 1 1.1784288233257877e-5 131512902 131512902 0
8 12120 rs2451133 119112250 1 -1.1465265023854714e-5 119112250 119112250 0
8 1376 rs11777086 8384479 1 -1.1319661830824258e-5 8384479 8384479 0
8 5247 rs6474464 38498637 1 1.1158986071484247e-5 38498637 38498637 0
8 13835 rs72731540 134233024 1 1.1136003483314031e-5 134233024 134233024 0
8 8565 rs10504658 78631154 1 1.0275722541188777e-5 78631154 78631154 0
8 11628 rs2219898 114186003 1 -1.0156685301372425e-5 114186003 114186003 0
8 1446 rs907180 8702827 1 -9.788831552626663e-6 8702827 8702827 0
8 9956 rs3133978 94945655 1 9.182820290842326e-6 94945655 94945655 0
8 10158 rs4735376 96594239 1 -8.913352989996415e-6 96594239 96594239 0
8 13299 rs6997983 129748718 1 6.946602783197599e-6 129748718 129748718 0
8 3798 rs6557672 23286234 1 4.923926109565538e-6 23286234 23286234 0
8 12397 rs7006428 121621426 1 -4.040535683212544e-6 121621426 121621426 0
8 3908 rs17051863 24188263 1 -3.20090578449088e-6 24188263 24188263 0
8 10562 rs11998374 102257415 1 2.140774772400377e-6 102257415 102257415 0
8 2532 rs6990315 15268628 1 1.7798905828461351e-6 15268628 15268628 0
8 8277 rs4735787 75423936 1 1.6056271111249917e-6 75423936 75423936 0
8 11420 rs3133916 110782414 1 4.054982934596301e-7 110782414 110782414 0
8 6894 rs11996331 61993755 1 3.844309192287864e-7 61993755 61993755 0
8 4005 rs11994014 24802280 1 4.717173641296449e-16 24802280 24802280 0
8 4495 rs7006959 28461323 1 3.18039980139983e-16 28461323 28461323 0
8 8511 rs13261556 77840501 1 1.8004244748569422e-16 77840501 77840501 0
8 11412 rs3134317 110674152 1 1.2931262447048678e-16 110674152 110674152 0
8 3211 rs7003060 18729818 1 1.2585142722642595e-16 18729818 18729818 0
8 12200 rs4372031 119897733 1 6.580743675351602e-17 119897733 119897733 0
8 2753 rs823600 16817433 1 6.338662612167527e-17 16817433 16817433 0
8 7262 rs16930842 64992908 1 2.3020183392206738e-17 64992908 64992908 0
8 12201 rs4560819 119897818 1 9.204873906114944e-19 119897818 119897818 0
