CHR Group SNP.lead BP.lead Size W BP.min BP.max BP.width
6 5881 rs660895 32577380 2 0.12636065677775843 32577380 32577380 0
6 5877 rs12529318 32434314 2 0.11769378816907491 32434314 32434314 0
6 5889 rs7774434 32657578 1 0.08355882831720148 32657578 32657578 0
6 5101 rs2523544 31333562 2 0.06532623548315906 31333562 31333562 0
6 5885 rs17212090 32650809 2 0.05537511698418916 32650809 32650809 0
6 4815 rs2233976 31079994 2 0.05010449841989156 31079994 31079994 0
6 5903 rs3135006 32667119 1 0.04597873817083382 32667119 32667119 0
6 6432 rs2229784 33136310 1 0.04472752671807319 33136310 33136310 0
6 6342 rs9277489 33053942 2 0.03992326395442691 33053942 33053942 0
6 6353 rs2281389 33059796 2 0.03874473877512533 33059796 33059796 0
6 6309 rs2116263 33025493 1 -0.03803300645867734 33025493 33025493 0
6 19497 rs3093024 167532793 1 0.03775412781371264 167532793 167532793 0
6 6389 rs6901221 33098276 1 -0.03574563313595101 33098276 33098276 0
6 5409 rs915653 31657047 2 0.03180046090071084 31657047 31657047 0
6 17845 rs687508 153406657 1 -0.03081602238268288 153406657 153406657 0
6 13324 rs535490 106564434 2 0.02906698158281638 106564434 106564434 0
6 14797 rs6569208 121794106 1 -0.02855493200858545 121794106 121794106 0
6 16118 rs6912539 137108757 1 0.02850078453438525 137108757 137108757 0
6 4824 rs3130553 31082285 2 0.02847474562055179 31082285 31082285 0
6 10410 rs4291070 77286644 1 -0.02747044959240938 77286644 77286644 0
6 17397 rs11963544 150549998 1 0.02700761865231034 150549998 150549998 0
6 7422 rs10807248 40844002 2 -0.02686078631752271 40844002 40844002 0
6 15319 rs7738609 128295502 1 0.02685247492848862 128295502 128295502 0
6 13332 rs9320151 106583964 1 0.02684144054776348 106583964 106583964 0
6 1792 rs6933491 16268408 1 0.02671763191100119 16268408 16268408 0
6 13443 rs311218 107408585 1 -0.02596190278020752 107408585 107408585 0
6 3265 rs806794 26200677 2 0.02592882531106172 26200677 26200677 0
6 297 rs2165125 2934641 1 0.02569881553967645 2934641 2934641 0
6 7875 rs3777594 45933157 1 0.02512555736339292 45933157 45933157 0
6 7553 rs12208813 42025318 1 0.02497770573315723 42025318 42025318 0
6 6117 rs9357155 32809848 1 0.02460373540126552 32809848 32809848 0
6 10056 rs9446589 72888264 1 -0.02396293869049748 72888264 72888264 0
6 4965 rs3130685 31206206 1 0.0230778172961364 31206206 31206206 0
6 18400 rs9364510 159726375 1 -0.02286077485621709 159726375 159726375 0
6 17960 rs1293928 154640746 1 0.02282410092280616 154640746 154640746 0
6 1580 rs12529514 14096658 2 0.02206615953605006 14096658 14096658 0
6 6971 rs9357239 37060809 2 0.0219849194736349 37060809 37060809 0
6 19074 rs206704 164528619 1 0.02150661339811599 164528619 164528619 0
6 11778 rs2064831 90032942 1 -0.02138599589212915 90032942 90032942 0
6 710 rs9405920 6397716 1 0.02109444254065565 6397716 6397716 0
6 11300 rs215939 85466286 1 -0.02069507339412197 85466286 85466286 0
6 4022 rs1633005 29764472 1 0.02066069947905912 29764472 29764472 0
6 7266 rs1328388 39379854 1 0.02057273426793968 39379854 39379854 0
6 5229 rs4413654 31441349 1 0.02023577451527002 31441349 31441349 0
6 11095 rs9449501 83284573 2 0.02016591940654247 83284573 83284573 0
6 16215 rs10499196 138019666 1 -0.01989688813030098 138019666 138019666 0
6 7791 rs660953 44645943 2 0.01989415183680355 44645943 44645943 0
6 16203 rs2327832 137973068 2 0.01977539823791873 137973068 137973068 0
6 2267 rs2457345 20089466 2 0.01961415631704924 20089466 20089466 0
6 501 rs408884 4671240 1 -0.01945805381174795 4671240 4671240 0
6 18761 rs1893895 162440687 1 0.01892351599881588 162440687 162440687 0
6 13806 rs11961774 112155473 1 -0.01888102431772554 112155473 112155473 0
6 7882 rs2179994 45991569 1 0.01837069711822581 45991569 45991569 0
6 14319 rs9489193 117769728 1 -0.01816454132916029 117769728 117769728 0
6 15250 rs719727 127414838 2 -0.01776882565600288 127414838 127414838 0
6 3448 rs200486 27779506 1 0.01768669370342799 27779506 27779506 0
6 11156 rs9449593 83932731 1 0.01763465407204677 83932731 83932731 0
6 9889 rs1418677 71788265 1 -0.01738589954917864 71788265 71788265 0
6 12215 rs16870967 93880964 1 -0.01714183984372762 93880964 93880964 0
6 5647 rs1475961 32194609 2 -0.01672886929858998 32194609 32194609 0
6 564 rs2432794 5391419 1 -0.01670023717649834 5391419 5391419 0
6 6382 rs3117016 33095516 1 0.01659661651308587 33095516 33095516 0
6 7682 rs1096699 43528441 1 0.01650300914748539 43528441 43528441 0
6 4912 rs3130503 31137165 1 -0.01647711199425991 31137165 31137165 0
6 12529 rs9398152 97063724 1 0.01633380118446118 97063724 97063724 0
6 4382 rs1012411 30332555 1 -0.01631134687487202 30332555 30332555 0
6 10941 rs6905694 81554464 1 -0.0161330806862591 81554464 81554464 0
6 10690 rs11756326 79306231 1 -0.01601867896469933 79306231 79306231 0
6 6875 rs2234080 36336764 1 0.01593339623003958 36336764 36336764 0
6 19567 rs9364220 168490568 1 -0.01583970664783905 168490568 168490568 0
6 14046 rs1011910 114417219 1 -0.01582466122486982 114417219 114417219 0
6 16231 rs643177 138195693 1 0.01568060089617939 138195693 138195693 0
6 11840 rs9362681 90476452 1 0.01559259886261873 90476452 90476452 0
6 6043 rs2071473 32782605 1 0.01554413548759874 32782605 32782605 0
6 7508 rs16894733 41460739 2 0.01552180727514055 41460739 41460739 0
6 11613 rs2307389 88318883 1 0.01537357980214906 88318883 88318883 0
6 8288 rs2784200 51481671 1 -0.01537011237623737 51481671 51481671 0
6 6391 rs2294478 33098966 1 0.01530334601045533 33098966 33098966 0
6 11494 rs6919366 87113172 1 -0.01525510449767512 87113172 87113172 0
6 775 rs7738221 6908368 1 0.01524981467690901 6908368 6908368 0
6 15955 rs6569937 134620673 1 0.01518557701518971 134620673 134620673 0
6 6903 rs6457940 36663357 2 0.01510061606147477 36663357 36663357 0
6 6663 rs4713755 34135235 1 0.01488666129713806 34135235 34135235 0
6 7729 rs9381279 43999697 1 -0.01483535512950982 43999697 43999697 0
6 16618 rs765875 143185683 1 0.01483337615535071 143185683 143185683 0
6 9080 rs74481685 62284240 2 -0.01472344940383794 62284240 62284240 0
6 11885 rs370409 90921740 1 0.014715429842957 90921740 90921740 0
6 11260 rs6935503 85234404 1 0.01457867879589432 85234404 85234404 0
6 13777 rs9320373 111965272 1 -0.0145470515172386 111965272 111965272 0
6 5364 rs2242660 31597753 1 0.01430948384026274 31597753 31597753 0
6 8959 rs9396162 55766417 1 -0.01422454228807216 55766417 55766417 0
6 8938 rs4715555 55448610 1 -0.01415057436383827 55448610 55448610 0
6 13329 rs9480642 106574892 1 0.01413070931725867 106574892 106574892 0
6 2603 rs10485010 22600492 1 0.014112173040521 22600492 22600492 0
6 16073 rs9376124 135979220 1 0.01399503494088904 135979220 135979220 0
6 19537 rs7767627 167822221 1 0.01390666666065251 167822221 167822221 0
6 10712 rs10943608 79674929 2 0.01389411753531106 79674929 79674929 0
6 17789 rs2623958 152841248 1 0.01382629313565453 152841248 152841248 0
6 10976 rs6935142 81856665 1 0.0138042995745742 81856665 81856665 0
6 19470 rs1536645 167272280 1 -0.01379198836372397 167272280 167272280 0
6 13153 rs10872782 104290530 2 0.01370226370688654 104290530 104290530 0
6 1825 rs236954 16570089 1 0.01369162504516653 16570089 16570089 0
6 19338 rs10946116 166480503 1 0.0136405609185144 166480503 166480503 0
6 3012 rs1880269 25225513 1 -0.01363279780469984 25225513 25225513 0
6 1827 rs236968 16583147 2 0.01360654442508037 16583147 16583147 0
6 15051 rs4310075 124332238 2 0.01360324669364487 124332238 124332238 0
6 3017 rs6940230 25247120 2 0.01357921767481647 25247120 25247120 0
6 1327 rs1569731 11825414 2 -0.01356994986287743 11825414 11825414 0
6 5925 rs1794275 32671248 1 0.01340273417246815 32671248 32671248 0
6 16327 rs1188873 139221850 1 0.01334732875381833 139221850 139221850 0
6 19272 rs2983500 166034053 1 -0.0133367103694012 166034053 166034053 0
6 13066 rs9322695 103467436 1 -0.01331400711981159 103467436 103467436 0
6 16138 rs17066096 137452908 2 0.0132654783216316 137452908 137452908 0
6 2230 rs9460408 19739943 1 -0.01324559404648452 19739943 19739943 0
6 15469 rs6939565 130194204 1 -0.01305799101312282 130194204 130194204 0
6 1788 rs6926350 16209140 1 0.01301690898456772 16209140 16209140 0
6 8683 rs991286 54166054 1 0.01293927082541014 54166054 54166054 0
6 13841 rs2072020 112460648 1 -0.01276852101856227 112460648 112460648 0
6 19244 rs1967290 165861013 1 -0.0126643639419445 165861013 165861013 0
6 6287 rs423639 32987774 2 0.01263757370387543 32987774 32987774 0
6 11684 rs990060 89074336 1 0.01262225704792393 89074336 89074336 0
6 6046 rs2071472 32784620 2 -0.0126200471881709 32784620 32784620 0
6 13814 rs9384814 112207195 1 0.01235375396533871 112207195 112207195 0
6 5909 rs11752643 32669373 1 0.01233872153256181 32669373 32669373 0
6 10380 rs1540999 76695323 1 0.01231959679071539 76695323 76695323 0
6 9407 rs9453597 66826432 1 0.01231274698517504 66826432 66826432 0
6 1315 rs4713856 11761177 1 -0.01229496339870144 11761177 11761177 0
6 2040 rs9297068 18353562 2 -0.01229197533857834 18353562 18353562 0
6 18443 rs7754295 160061229 1 0.012280505768947 160061229 160061229 0
6 6566 rs594223 33667965 2 -0.012162691123326 33667965 33667965 0
6 6061 rs2857103 32791299 2 -0.01208935805125857 32791299 32791299 0
6 16442 rs661704 141174222 1 -0.01208567557492517 141174222 141174222 0
6 7434 rs742493 40998167 1 0.01204863016314422 40998167 40998167 0
6 15195 rs584032 126165003 1 0.01200341993341075 126165003 126165003 0
6 11934 rs1556091 91344491 1 -0.01188326856026743 91344491 91344491 0
6 896 rs365936 7920904 2 -0.01187382410047393 7920904 7920904 0
6 14554 rs742962 119713746 2 0.01185370333470686 119713746 119713746 0
6 2037 rs725550 18336777 1 -0.01179212619158296 18336777 18336777 0
6 17050 rs325129 147807143 1 -0.01175164777821871 147807143 147807143 0
6 11868 rs10806414 90665969 1 0.0117414937862277 90665969 90665969 0
6 18070 rs12662240 155998045 1 -0.01168312152688501 155998045 155998045 0
6 16635 rs7738387 143437284 1 0.01167080498263093 143437284 143437284 0
6 19539 rs4077196 167825895 1 -0.01165190470311315 167825895 167825895 0
6 11109 rs287822 83397096 1 -0.01157565945971671 83397096 83397096 0
6 4805 rs2517485 31074101 1 0.01146465844211318 31074101 31074101 0
6 18223 rs17088067 157398175 1 -0.01146213693207417 157398175 157398175 0
6 7257 rs9471080 39320088 1 0.01145019486314326 39320088 39320088 0
6 5608 rs2071292 32155948 2 0.01144912096370782 32155948 32155948 0
6 645 rs640887 6037327 1 0.01144103755721225 6037327 6037327 0
6 5092 rs2523608 31322559 2 -0.01139785991678837 31322559 31322559 0
6 866 rs2068361 7736743 1 0.01127593904271146 7736743 7736743 0
6 10389 rs6900948 76876104 1 0.01124033106675725 76876104 76876104 0
6 12979 rs1856137 102077056 1 -0.01123978726601219 102077056 102077056 0
6 7548 rs6921368 41980666 1 0.01123007855317913 41980666 41980666 0
6 16087 rs1891362 136239179 1 -0.01120922815465483 136239179 136239179 0
6 18990 rs9347738 163769090 1 0.01120457953507703 163769090 163769090 0
6 16082 rs947583 136133659 2 -0.01115685665161884 136133659 136133659 0
6 1616 rs2223220 14441229 1 -0.01114434376041526 14441229 14441229 0
6 2482 rs1322884 21753645 1 0.01113747491859788 21753645 21753645 0
6 12000 rs10944534 91994620 1 0.01110489993289287 91994620 91994620 0
6 797 rs508362 7131524 1 -0.01102942947663145 7131524 7131524 0
6 12863 rs10499028 100352613 1 -0.01100744841584933 100352613 100352613 0
6 18050 rs6919626 155766362 1 -0.01091728340359122 155766362 155766362 0
6 13511 rs17854547 108214694 1 0.01086546768647602 108214694 108214694 0
6 17983 rs1022404 154899702 1 -0.01080376718705803 154899702 154899702 0
6 13383 rs3747787 106967778 2 0.01076736889931425 106967778 106967778 0
6 11916 rs6911698 91188927 1 0.01076009174844679 91188927 91188927 0
6 819 rs9505168 7327846 1 -0.0107401809353377 7327846 7327846 0
6 6925 rs7762245 36716229 2 0.01072203994291279 36716229 36716229 0
6 18345 rs6924755 159264974 2 -0.01062971576930986 159264974 159264974 0
6 19812 rs9383480 170193459 1 -0.0105965087720669 170193459 170193459 0
6 19255 rs693437 165944280 2 -0.01056806019856688 165944280 165944280 0
6 1609 rs7752155 14329647 1 -0.01056613214986549 14329647 14329647 0
6 100 rs9501682 1067284 1 0.01051405435916305 1067284 1067284 0
6 4180 rs3869070 30023868 1 0.0105089682503715 30023868 30023868 0
6 19312 rs6456029 166307718 1 -0.01043147313791192 166307718 166307718 0
6 6318 rs2308931 33036950 2 0.01038048261093323 33036950 33036950 0
6 16336 rs9376387 139285630 1 0.01036445288583899 139285630 139285630 0
6 9748 rs9454732 70049915 1 -0.01035498697674693 70049915 70049915 0
6 9741 rs1321980 70003609 2 -0.01033582318257692 70003609 70003609 0
6 18730 rs7760443 162172718 1 0.01032309838598725 162172718 162172718 0
6 135 rs731394 1405284 2 -0.01030779903751088 1405284 1405284 0
6 10133 rs13206617 73663745 2 -0.01026527385466475 73663745 73663745 0
6 7193 rs2235871 38985356 1 -0.01020865791557108 38985356 38985356 0
6 5335 rs1800750 31542963 1 0.01016616618658509 31542963 31542963 0
6 11994 rs9294483 91948582 1 -0.01016127371253404 91948582 91948582 0
6 9129 rs4289625 63702477 1 0.01015806713153575 63702477 63702477 0
6 11948 rs1145743 91412651 2 -0.01001962151554951 91412651 91412651 0
6 11065 rs884656 82767410 1 0.00999944697104142 82767410 82767410 0
6 5824 rs3135363 32389648 1 0.0099800061460112 32389648 32389648 0
6 13040 rs1933992 103010088 1 0.00996822584941142 103010088 103010088 0
6 12314 rs515814 94845639 1 0.00994470575387268 94845639 94845639 0
6 12429 rs4607439 96214015 1 -0.00990071933744064 96214015 96214015 0
6 13252 rs7769944 105547105 1 0.00990058641174798 105547105 105547105 0
6 4729 rs540165831 30981715 1 0.00989883592410016 30981715 30981715 0
6 13222 rs2211033 104992395 1 0.0098961308632083 104992395 104992395 0
6 2898 rs2244216 24466721 1 -0.00988200361372286 24466721 24466721 0
6 2211 rs6933602 19610858 1 -0.00981932099537468 19610858 19610858 0
6 8228 rs6940832 50980245 1 -0.00971719684494385 50980245 50980245 0
6 648 rs9405895 6042930 2 0.00962558742252228 6042930 6042930 0
6 14231 rs11544160 116784797 2 -0.00957196618103113 116784797 116784797 0
6 15777 rs3813354 132910634 1 -0.0094637300874672 132910634 132910634 0
6 4519 rs3094104 30609629 1 0.00943306555840825 30609629 30609629 0
6 5928 rs9275524 32675109 2 0.00938039921425629 32675109 32675109 0
6 12150 rs9345259 93359457 1 0.0093748683997554 93359457 93359457 0
6 13012 rs17062729 102432315 1 0.00934618781066088 102432315 102432315 0
6 5145 rs6903496 31352774 1 0.00927962085406257 31352774 31352774 0
6 8777 rs2063116 54632120 1 -0.00927771312810204 54632120 54632120 0
6 11553 rs1324433 87698758 1 0.00926434602317478 87698758 87698758 0
6 16130 rs2153893 137295402 1 0.00924548461752692 137295402 137295402 0
6 9508 rs1349813 67801858 1 0.00916809607320461 67801858 67801858 0
6 13305 rs7766016 106282402 1 0.00914216402770816 106282402 106282402 0
6 11492 rs9353399 87097985 1 -0.00913885648779649 87097985 87097985 0
6 9153 rs1723535 64136886 2 0.00912008804765146 64136886 64136886 0
6 17267 rs9498215 149421083 1 -0.00911469550881525 149421083 149421083 0
6 499 rs437875 4666878 1 -0.00910039203029673 4666878 4666878 0
6 6738 rs3756856 35110705 1 0.00906839863261374 35110705 35110705 0
6 6103 rs1800454 32800412 1 -0.00903397508871369 32800412 32800412 0
6 1637 rs9476591 14579439 1 0.00901505066900468 14579439 14579439 0
6 1342 rs9470631 11976739 1 -0.00900795454430141 11976739 11976739 0
6 8841 rs7756097 55034424 2 -0.00900569127341316 55034424 55034424 0
6 880 rs927402 7810225 1 -0.00896368816029427 7810225 7810225 0
6 19207 rs12174875 165471482 1 -0.00885964935120195 165471482 165471482 0
6 15381 rs17056876 129483375 1 0.00884833710315077 129483375 129483375 0
6 19894 rs6909815 170814626 2 -0.00881503422231775 170814626 170814626 0
6 6687 rs13194133 34532922 2 -0.00881224808699029 34532922 34532922 0
6 5652 rs495089 32197463 1 -0.00877313064034028 32197463 32197463 0
6 7781 rs9463003 44582923 1 -0.00877012469197221 44582923 44582923 0
6 12073 rs12526373 92669376 1 0.00874604130547092 92669376 92669376 0
6 16747 rs1049846 144261480 1 -0.00867844484049681 144261480 144261480 0
6 9456 rs9360207 67154649 2 -0.00864510153379139 67154649 67154649 0
6 3908 rs61730327 29640951 1 -0.00859193983026363 29640951 29640951 0
6 2036 rs9477700 18330781 1 0.00858160599754466 18330781 18330781 0
6 13435 rs908819 107307003 1 0.00856113458689092 107307003 107307003 0
6 15675 rs9493105 132138338 1 0.00855455765817559 132138338 132138338 0
6 7043 rs7765798 37986489 1 -0.00844988972604958 37986489 37986489 0
6 5722 rs570963 32289594 1 0.00842323658458244 32289594 32289594 0
6 19547 rs35140809 168297647 1 0.00842234773187982 168297647 168297647 0
6 6681 rs41312309 34498328 1 0.0083760315129428 34498328 34498328 0
6 17277 rs4357160 149460966 1 -0.00837322440549535 149460966 149460966 0
6 8 rs7757906 412741 1 0.00835397662037353 412741 412741 0
6 1859 rs3812227 16741886 1 0.00831800527769345 16741886 16741886 0
6 16674 rs9403498 143851294 1 -0.00831074169813399 143851294 143851294 0
6 2536 rs6903568 22274766 1 -0.00828341823227041 22274766 22274766 0
6 6055 rs2621323 32788707 1 -0.00827950724844738 32788707 32788707 0
6 19565 rs902393 168463624 2 0.00822222289758559 168463624 168463624 0
6 9640 rs6455286 69238598 1 0.008212734628415 69238598 69238598 0
6 3883 rs1805056 29600104 1 -0.00820324003040892 29600104 29600104 0
6 19483 rs4709142 167407584 1 0.00817254867467552 167407584 167407584 0
6 12238 rs1492964 94031097 2 0.00813708664831012 94031097 94031097 0
6 129 rs2252693 1277151 2 0.00813437852638606 1277151 1277151 0
6 17446 rs7769234 150751874 1 -0.0080954095632831 150751874 150751874 0
6 18348 rs9457490 159299216 1 0.0080870313061855 159299216 159299216 0
6 5094 rs12528645 31323725 1 -0.00807813602093521 31323725 31323725 0
6 7467 rs9296359 41205690 1 -0.0080572160105278 41205690 41205690 0
6 15012 rs6905496 123868992 2 -0.00801893712359264 123868992 123868992 0
6 18583 rs3088442 160872652 1 0.00799977790607741 160872652 160872652 0
6 17294 rs6935566 149566825 1 -0.00798193113653116 149566825 149566825 0
6 479 rs4959299 4492079 1 0.00785783855118604 4492079 4492079 0
6 16015 rs11549504 135286230 1 0.00784695036776443 135286230 135286230 0
6 516 rs3812178 4716037 1 -0.00782331583451465 4716037 4716037 0
6 14102 rs4400248 115230047 1 0.0078129679913222 115230047 115230047 0
6 7552 rs11967378 42018883 1 0.00780522104569541 42018883 42018883 0
6 6827 rs9368895 35913096 2 0.00778638534914054 35913096 35913096 0
6 15112 rs612146 124889636 1 -0.00772240466068961 124889636 124889636 0
6 13345 rs11759048 106648764 1 0.00770856509873305 106648764 106648764 0
6 15158 rs9482645 125672037 1 0.00769408053566616 125672037 125672037 0
6 16692 rs11155308 143917700 1 0.00769221420861623 143917700 143917700 0
6 25 rs6918152 542159 1 0.00768078233159399 542159 542159 0
6 2534 rs6924146 22238088 2 0.00763968714203458 22238088 22238088 0
6 413 rs9328207 3944564 2 -0.0076193797770438 3944564 3944564 0
6 9000 rs2038144 56204780 1 -0.00760483936802011 56204780 56204780 0
6 12903 rs241819 100910798 1 -0.00759910705826955 100910798 100910798 0
6 16673 rs2128977 143846791 2 0.00753571842251521 143846791 143846791 0
6 3335 rs9348747 27002406 1 0.00753171483967507 27002406 27002406 0
6 4813 rs1265054 31079643 1 0.00749637275108944 31079643 31079643 0
6 15173 rs1342698 125940941 1 0.00748790664191585 125940941 125940941 0
6 9918 rs7753757 72034337 2 0.00746994881908563 72034337 72034337 0
6 4633 rs3095345 30822413 1 0.00740830117910943 30822413 30822413 0
6 16027 rs9399137 135419018 1 -0.00739648739990913 135419018 135419018 0
6 547 rs119408 5159064 1 -0.00739039596684004 5159064 5159064 0
6 10084 rs1572208 73171594 1 0.00734069678990645 73171594 73171594 0
6 7634 rs61732148 43014022 1 -0.00733043697322067 43014022 43014022 0
6 19045 rs6914455 164311616 1 0.00730166693272742 164311616 164311616 0
6 14136 rs4304201 115940684 1 0.00726698110135994 115940684 115940684 0
6 1373 rs9380902 12201764 2 -0.00719121844056412 12201764 12201764 0
6 7901 rs1554787 46440557 1 -0.00719025765479 46440557 46440557 0
6 4728 rs536070307 30981307 2 0.00712942944548309 30981307 30981307 0
6 18107 rs9371942 156234522 1 0.00712211993639846 156234522 156234522 0
6 6952 rs12202755 36884681 1 -0.00711867662357873 36884681 36884681 0
6 8912 rs1472641 55301723 1 -0.00711543935646613 55301723 55301723 0
6 7972 rs1873318 46966274 1 0.00710456433404057 46966274 46966274 0
6 750 rs3789766 6618373 1 0.00707444612345292 6618373 6618373 0
6 12046 rs578427 92412150 1 -0.0070661184179988 92412150 92412150 0
6 7444 rs12194477 41116774 1 -0.00704733733865192 41116774 41116774 0
6 13336 rs17586975 106591318 2 0.00704585969235727 106591318 106591318 0
6 15758 rs7758170 132825982 1 -0.00704475209721583 132825982 132825982 0
6 7179 rs17336909 38954145 1 -0.00700897712459016 38954145 38954145 0
6 1847 rs1359067 16696724 1 0.00699834139100809 16696724 16696724 0
6 1576 rs9296918 14073320 1 0.00697238229320274 14073320 14073320 0
6 10134 rs12203617 73672548 1 0.00697213513212789 73672548 73672548 0
6 820 rs2876098 7374207 2 0.00695670795390664 7374207 7374207 0
6 15493 rs1112847 130335109 2 -0.0069463886373147404 130335109 130335109 0
6 964 rs10484749 8381005 1 -0.00692405162336326 8381005 8381005 0
6 19270 rs2983496 166026791 1 -0.00691952738488789 166026791 166026791 0
6 19633 rs2342635 169002834 1 -0.00687571479783983 169002834 169002834 0
6 14181 rs9320552 116310336 1 0.00687437678027826 116310336 116310336 0
6 17228 rs1351698 149214810 1 -0.00684008519132583 149214810 149214810 0
6 13351 rs633724 106734040 2 0.00683821256130815 106734040 106734040 0
6 609 rs2145980 5737122 1 0.00683820517714514 5737122 5737122 0
6 16211 rs636393 138007530 1 0.00682689846254696 138007530 138007530 0
6 887 rs13213419 7868106 1 -0.00678838416390607 7868106 7868106 0
6 3855 rs362510 29540745 1 -0.0067832166126339 29540745 29540745 0
6 5551 rs17207923 32036788 1 -0.00673263329582345 32036788 32036788 0
6 3264 rs806792 26198916 1 0.00671428024437456 26198916 26198916 0
6 19589 rs6924059 168666768 2 -0.00669460162961712 168666768 168666768 0
6 3028 rs2744303 25327149 1 -0.00668045067610096 25327149 25327149 0
6 13546 rs1268160 109075953 1 0.00666594616291458 109075953 109075953 0
6 6806 rs992105 35555183 1 -0.00660304560932648 35555183 35555183 0
6 17868 rs1321602 153588258 1 -0.0066021777133566 153588258 153588258 0
6 11027 rs194914 82432826 1 0.00658944082269699 82432826 82432826 0
6 15384 rs12195187 129519893 1 -0.00655087944681704 129519893 129519893 0
6 1980 rs9297052 17919563 1 -0.00653390524413789 17919563 17919563 0
6 2205 rs9348385 19548810 1 0.00647662005084197 19548810 19548810 0
6 4554 rs9500864 30693232 1 0.00647519016389223 30693232 30693232 0
6 5466 rs2763979 31794592 2 0.00647238422867206 31794592 31794592 0
6 14925 rs9375186 123131515 1 0.0064411852931668 123131515 123131515 0
6 17281 rs12200379 149495480 1 -0.00643102126877083 149495480 149495480 0
6 3779 rs4713226 29434414 1 -0.00642126705106669 29434414 29434414 0
6 7057 rs12526152 38199488 1 -0.00640352803831475 38199488 38199488 0
6 15949 rs4896028 134539179 1 0.00638647008617817 134539179 134539179 0
6 6277 rs3763342 32978997 1 -0.00636993233792848 32978997 32978997 0
6 16236 rs9376307 138283265 1 0.00633286965524965 138283265 138283265 0
6 3569 rs13215804 28415572 1 -0.00632211291141278 28415572 28415572 0
6 3568 rs2531804 28411303 2 -0.00628981844787925 28411303 28411303 0
6 11862 rs292255 90643281 1 0.00627594045991009 90643281 90643281 0
6 1926 rs864280 17290619 2 -0.00622776444047856 17290619 17290619 0
6 636 rs582186 6001381 1 -0.00622615616077758 6001381 6001381 0
6 3844 rs362511 29530850 2 0.00622431665985453 29530850 29530850 0
6 11571 rs932742 87804685 2 -0.00619320260717525 87804685 87804685 0
6 16348 rs17304375 139435878 1 -0.00617183378983803 139435878 139435878 0
6 6306 rs7774158 33007752 1 -0.00616843055634626 33007752 33007752 0
6 12211 rs7774264 93867544 1 -0.00615245701754019 93867544 93867544 0
6 17733 rs2147377 152540278 1 -0.00614687728658691 152540278 152540278 0
6 8178 rs699977 49716228 1 -0.00612240379490471 49716228 49716228 0
6 6343 rs9277535 33054861 2 0.00607968357122984 33054861 33054861 0
6 15436 rs13203608 129993895 1 -0.0060488166325392 129993895 129993895 0
6 1119 rs9371028 10019083 1 -0.00604820028912166 10019083 10019083 0
6 17347 rs3798763 150211100 1 0.00603262282806586 150211100 150211100 0
6 15293 rs9491849 127945200 2 0.00602907987550874 127945200 127945200 0
6 8305 rs2397060 51611470 1 0.00602421852933812 51611470 51611470 0
6 15351 rs7754832 129039345 1 -0.00595116818803464 129039345 129039345 0
6 1791 rs9367907 16268059 1 -0.00591833678897508 16268059 16268059 0
6 12045 rs1761783 92401171 2 -0.00590167935136439 92401171 92401171 0
6 15940 rs2627239 134330274 1 -0.00589170531223401 134330274 134330274 0
6 865 rs1107495 7726057 2 -0.00588790179255819 7726057 7726057 0
6 16377 rs6913354 139862246 2 -0.0058769243049971 139862246 139862246 0
6 1833 rs909788 16636461 1 0.00584739455349056 16636461 16636461 0
6 18707 rs2223768 161942019 1 -0.00582700068758078 161942019 161942019 0
6 422 rs12110567 4016348 1 0.00581303537816238 4016348 4016348 0
6 16516 rs1884055 142175291 1 0.00581160036587992 142175291 142175291 0
6 13880 rs9387075 112718049 1 -0.00578491117390651 112718049 112718049 0
6 30 rs846167 570556 1 0.00575833706580564 570556 570556 0
6 6846 rs6922865 36094188 1 -0.00575024329888771 36094188 36094188 0
6 1583 rs35118414 14131854 1 0.00573461117529386 14131854 14131854 0
6 15690 rs9493120 132213001 1 0.00572110144249804 132213001 132213001 0
6 11147 rs2149537 83698770 2 -0.00570550243104575 83698770 83698770 0
6 7421 rs870032 40839428 1 0.00567834832159991 40839428 40839428 0
6 18762 rs9364635 162442576 1 -0.0056046424456846 162442576 162442576 0
6 14519 rs12195334 119407563 2 -0.0055899156308297 119407563 119407563 0
6 9092 rs2134476 62756425 1 -0.00557299531814672 62756425 62756425 0
6 17959 rs1293927 154637393 2 -0.00555586651556689 154637393 154637393 0
6 10705 rs9448560 79479882 1 0.00554417363036277 79479882 79479882 0
6 5899 rs9275312 32665728 1 0.00554067961147249 32665728 32665728 0
6 13775 rs1794815 111963703 1 0.00553046169728425 111963703 111963703 0
6 19278 rs7738923 166077866 1 0.0055248008385424 166077866 166077866 0
6 8083 rs584557 48288536 2 0.00550825287904303 48288536 48288536 0
6 19393 rs6925364 166830696 2 -0.00548255111866861 166830696 166830696 0
6 9766 rs1817255 70305899 2 0.0054535385008665 70305899 70305899 0
6 9905 rs4583944 71950242 1 -0.00542006131262016 71950242 71950242 0
6 6090 rs241443 32797115 2 -0.00541251296975617 32797115 32797115 0
6 19529 rs2981984 167767987 2 0.00541041334665105 167767987 167767987 0
6 18347 rs10945563 159282859 2 0.00534844202004102 159282859 159282859 0
6 13352 rs9486314 106734189 1 -0.00534708673013353 106734189 106734189 0
6 19384 rs9365980 166661420 1 0.00533846526002839 166661420 166661420 0
6 19510 rs7761658 167644277 2 0.00531329199286382 167644277 167644277 0
6 11816 rs4707557 90362783 1 0.00531002500643805 90362783 90362783 0
6 19808 rs11969604 170187851 1 -0.005276154759282 170187851 170187851 0
6 9308 rs9360139 66284186 1 0.00524813498759187 66284186 66284186 0
6 1320 rs4711432 11799148 1 0.00523666191945998 11799148 11799148 0
6 10269 rs9350550 75160914 1 -0.00522235943091784 75160914 75160914 0
6 13017 rs995640 102482848 1 0.00520952547494055 102482848 102482848 0
6 608 rs6924018 5723227 1 0.00520577600105885 5723227 5723227 0
6 18242 rs9347482 158099736 1 -0.00520527523598642 158099736 158099736 0
6 2380 rs9465914 20836213 1 -0.00520435145434155 20836213 20836213 0
6 17944 rs12205120 154543318 1 -0.00517893211872498 154543318 154543318 0
6 11215 rs7741955 84829622 1 0.00517763071253628 84829622 84829622 0
6 13279 rs9398033 106009443 2 0.00514959981687978 106009443 106009443 0
6 6731 rs12204265 35008247 1 -0.00513287139778115 35008247 35008247 0
6 17726 rs2256135 152464839 1 -0.00512455016383447 152464839 152464839 0
6 3276 rs9379844 26291527 1 -0.00512012107092209 26291527 26291527 0
6 13484 rs847015 108012831 2 -0.00511520960245555 108012831 108012831 0
6 4580 rs3130667 30743241 2 -0.005086378476735 30743241 30743241 0
6 10120 rs7740606 73489110 1 -0.00508526234191425 73489110 73489110 0
6 11680 rs9362478 88989087 1 0.00506086788064792 88989087 88989087 0
6 186 rs6940806 1859793 1 -0.00503754004268776 1859793 1859793 0
6 16806 rs11155366 144972270 2 -0.00502374819292146 144972270 144972270 0
6 15138 rs2039493 125343597 1 -0.00501745625049637 125343597 125343597 0
6 7956 rs172696 46885299 1 -0.00501515175981186 46885299 46885299 0
6 18245 rs675658 158101911 1 0.00500319109152299 158101911 158101911 0
6 16375 rs6903764 139851661 1 0.00499826400500674 139851661 139851661 0
6 15693 rs4897553 132234136 1 0.00498717912720605 132234136 132234136 0
6 13359 rs6568433 106829537 2 0.00498058875502786 106829537 106829537 0
6 17992 rs7744421 155094764 1 0.00497449208403972 155094764 155094764 0
6 14127 rs10484732 115895089 1 -0.00496789747666982 115895089 115895089 0
6 14295 rs544047 117608318 1 -0.00496613887455265 117608318 117608318 0
6 15741 rs2876186 132728085 1 0.00494728285221641 132728085 132728085 0
6 15013 rs7749215 123869906 2 0.00494714132095204 123869906 123869906 0
6 185 rs9328072 1828165 1 0.00494393403087178 1828165 1828165 0
6 2044 rs10949509 18441624 2 0.00492916550460285 18441624 18441624 0
6 2522 rs9350407 22021230 1 0.00492808291936587 22021230 22021230 0
6 14203 rs11153598 116486792 1 0.00492320085906218 116486792 116486792 0
6 14547 rs195077 119655145 1 -0.00490552076204371 119655145 119655145 0
6 7457 rs9367097 41185458 1 -0.00488568376651802 41185458 41185458 0
6 12012 rs9351269 92194948 1 -0.0048807080616471 92194948 92194948 0
6 3733 rs3094549 29355148 2 0.00486589291795431 29355148 29355148 0
6 13404 rs7773795 107073939 1 -0.00483950254310645 107073939 107073939 0
6 1591 rs853377 14175404 1 0.00483364449519645 14175404 14175404 0
6 16726 rs1015340 144035357 1 0.00482624881115634 144035357 144035357 0
6 15764 rs9321348 132864548 1 0.00481230161438832 132864548 132864548 0
6 18499 rs7753051 160528057 1 -0.00479374771035094 160528057 160528057 0
6 16962 rs12200797 146615383 1 0.00478157371700675 146615383 146615383 0
6 9531 rs12202269 67951164 1 -0.00477963310626225 67951164 67951164 0
6 9939 rs9346471 72137905 2 -0.00477048549310133 72137905 72137905 0
6 10253 rs9341461 74997693 1 -0.00476751806253305 74997693 74997693 0
6 16439 rs6570423 141141957 1 -0.00475320314229662 141141957 141141957 0
6 6228 rs206786 32935179 1 0.00474533421973576 32935179 32935179 0
6 10917 rs976145 81407258 1 0.00474092619724743 81407258 81407258 0
6 8844 rs10456181 55040696 2 0.00473141852911519 55040696 55040696 0
6 18244 rs941888 158101468 1 0.00473083624739505 158101468 158101468 0
6 3271 rs10946808 26233387 1 -0.00468618849276463 26233387 26233387 0
6 7683 rs3734690 43581586 1 0.00467227427403174 43581586 43581586 0
6 18470 rs1983633 160352497 1 0.00466091112509275 160352497 160352497 0
6 18922 rs11968371 163291953 2 0.00465921086723116 163291953 163291953 0
6 875 rs9328444 7785459 1 -0.00465897280731688 7785459 7785459 0
6 12491 rs17056459 96658670 2 -0.00465177843970958 96658670 96658670 0
6 16064 rs2092556 135899344 1 -0.00462971683147129 135899344 135899344 0
6 18976 rs233 163704008 1 -0.00462684836261779 163704008 163704008 0
6 6570 rs542441 33675851 1 0.0046175277786524 33675851 33675851 0
6 11491 rs12193553 87094486 1 -0.00460851587073186 87094486 87094486 0
6 2844 rs11962116 24221523 1 -0.00460765232622912 24221523 24221523 0
6 9947 rs852961 72186990 2 -0.0046011070546699 72186990 72186990 0
6 18258 rs17454194 158264828 1 -0.00459786404248678 158264828 158264828 0
6 19620 rs2763249 168926062 2 -0.00457906748981054 168926062 168926062 0
6 16021 rs117966977 135358904 2 0.004578838667014 135358904 135358904 0
6 1387 rs9462724 12377393 1 -0.00457079310897789 12377393 12377393 0
6 13666 rs964080 110710018 1 -0.00456905503366624 110710018 110710018 0
6 8047 rs6912824 47742527 1 -0.00456016640007149 47742527 47742527 0
6 8681 rs7754752 54164397 1 -0.00455711497591547 54164397 54164397 0
6 14331 rs4946260 117822993 2 -0.00455152894043954 117822993 117822993 0
6 7903 rs4711853 46457836 1 -0.00454965537760544 46457836 46457836 0
6 803 rs1334576 7211818 1 0.00454025080441025 7211818 7211818 0
6 13302 rs12660517 106255713 1 0.00453567384478846 106255713 106255713 0
6 9970 rs9358960 72279021 1 0.00452626370360553 72279021 72279021 0
6 11270 rs4438935 85286776 1 0.00451236952420547 85286776 85286776 0
6 5375 rs35595439 31605016 1 0.00450063318014184 31605016 31605016 0
6 2046 rs474465 18458637 1 -0.0044932008985981 18458637 18458637 0
6 7324 rs9369152 39962868 1 -0.00449217284314833 39962868 39962868 0
6 15684 rs7767111 132208285 2 -0.00442973721502669 132208285 132208285 0
6 11900 rs11754391 91069230 1 -0.00441262004489424 91069230 91069230 0
6 7614 rs7748409 42869388 1 -0.00440306637785012 42869388 42869388 0
6 821 rs4959432 7391921 1 -0.0044030662359416 7391921 7391921 0
6 892 rs3812162 7911702 2 0.00440064562944393 7911702 7911702 0
6 19610 rs2609331 168901739 1 -0.00439192135344792 168901739 168901739 0
6 1113 rs13217591 9956562 2 -0.00439099958197248 9956562 9956562 0
6 11383 rs9362180 86011079 1 0.00437249697047962 86011079 86011079 0
6 5798 rs28362681 32370879 2 0.00436859960087428 32370879 32370879 0
6 18472 rs9456484 160391189 1 0.00435281237853497 160391189 160391189 0
6 5880 rs477515 32569691 1 -0.00435269383747599 32569691 32569691 0
6 18925 rs7738903 163320074 1 0.00434320523398013 163320074 163320074 0
6 16119 rs17065704 137214826 1 0.00432523377406073 137214826 137214826 0
6 16616 rs728589 143172013 1 0.00431371358154739 143172013 143172013 0
6 1809 rs10484361 16424289 2 0.00431333677197925 16424289 16424289 0
6 16851 rs9399525 145313726 2 0.00430223414825692 145313726 145313726 0
6 6729 rs2177380 34980601 1 0.00428803753359119 34980601 34980601 0
6 14489 rs902780 119108363 2 0.0042542858664972 119108363 119108363 0
6 219 rs1883588 2374888 1 -0.00424804616135299 2374888 2374888 0
6 8632 rs927795 53863915 2 0.00423860182608074 53863915 53863915 0
6 1815 rs9396676 16460906 1 0.00421845917137628 16460906 16460906 0
6 16292 rs6923972 138909661 1 -0.00421031975226061 138909661 138909661 0
6 19430 rs7752989 167082896 1 0.00420406779222856 167082896 167082896 0
6 5884 rs2187668 32605884 1 0.00419953213936026 32605884 32605884 0
6 19088 rs10945966 164642757 1 -0.00419135095815653 164642757 164642757 0
6 10895 rs10498923 81253907 2 0.00417601499442801 81253907 81253907 0
6 8778 rs2063117 54632173 1 -0.0041661717319395 54632173 54632173 0
6 9891 rs1857225 71829282 1 0.00416380647327317 71829282 71829282 0
6 756 rs3804490 6653139 2 0.00415678556170466 6653139 6653139 0
6 6659 rs11961715 34095696 1 0.00415323772465018 34095696 34095696 0
6 19474 rs4710128 167282950 1 -0.00412865408731426 167282950 167282950 0
6 10892 rs1436876 81228527 1 0.00412645864196824 81228527 81228527 0
6 6273 rs381218 32977420 1 0.00410859563706005 32977420 32977420 0
6 31 rs2073009 572480 1 0.0041074015629464 572480 572480 0
6 19895 rs12198317 170819289 1 0.00408758496849931 170819289 170819289 0
6 4991 rs7747738 31230924 2 0.0040688161168967 31230924 31230924 0
6 16728 rs7769992 144038185 1 0.00406089189195554 144038185 144038185 0
6 164 rs1962432 1680806 1 0.00403431270799184 1680806 1680806 0
6 10808 rs1590244 80540223 1 -0.00403126992104066 80540223 80540223 0
6 6307 rs441576 33008546 1 0.0040270263100115 33008546 33008546 0
6 7686 rs3778492 43645833 1 -0.00402459808156671 43645833 43645833 0
6 18456 rs9347340 160188891 1 0.00402144565907453 160188891 160188891 0
6 16016 rs12526072 135303356 1 -0.00402027723520208 135303356 135303356 0
6 18873 rs2846463 162966431 1 -0.0039851338264684 162966431 162966431 0
6 1165 rs533746 10388968 1 -0.00398057339959923 10388968 10388968 0
6 4545 rs2269702 30675135 2 0.00397235850885746 30675135 30675135 0
6 19694 rs9346491 169327747 1 -0.0039573501005099 169327747 169327747 0
6 1699 rs2179168 15477030 1 -0.00394193857802718 15477030 15477030 0
6 6621 rs6905353 33813043 2 -0.00392520785289054 33813043 33813043 0
6 16135 rs12214209 137378863 1 0.00392352237864068 137378863 137378863 0
6 19725 rs9393162 169594553 1 -0.00391869140788412 169594553 169594553 0
6 2786 rs528715 23944129 1 -0.00391406546241615 23944129 23944129 0
6 13447 rs10457161 107505241 1 0.00391369905705159 107505241 107505241 0
6 6684 rs3756929 34527019 1 -0.00391212560464105 34527019 34527019 0
6 12427 rs4839992 96193945 1 0.00390392887172949 96193945 96193945 0
6 2539 rs1341239 22304204 2 0.00390014068190726 22304204 22304204 0
6 14517 rs17080799 119380885 1 0.00389645325096379 119380885 119380885 0
6 3023 rs12055697 25303100 1 0.00387019537759898 25303100 25303100 0
6 14235 rs140516625 116833053 1 0.0038637921257086 116833053 116833053 0
6 3383 rs41269261 27278179 1 0.00385179612225375 27278179 27278179 0
6 12589 rs9320409 97530846 1 -0.00384981899393262 97530846 97530846 0
6 15498 rs9388768 130374102 1 -0.003838032582508 130374102 130374102 0
6 14254 rs1336974 117072651 1 -0.00383736135119628 117072651 117072651 0
6 7551 rs9369324 41993007 1 0.00382826513625775 41993007 41993007 0
6 17115 rs533034 148262501 1 -0.00381838412521825 148262501 148262501 0
6 18340 rs6455604 159215408 1 0.00381637068651296 159215408 159215408 0
6 1907 rs1408299 17154680 1 0.00378358544721325 17154680 17154680 0
6 17096 rs540737 148206547 1 -0.00375975905725542 148206547 148206547 0
6 11540 rs16879870 87531746 1 0.00375492042581293 87531746 87531746 0
6 9793 rs3806014 70795455 1 0.00374503839459907 70795455 70795455 0
6 13528 rs6911407 108867031 1 -0.0037412522256716 108867031 108867031 0
6 12898 rs3778036 100844105 1 0.00371408861467896 100844105 100844105 0
6 1345 rs11961287 11986537 1 0.00371135852691726 11986537 11986537 0
6 16081 rs4896180 136109831 1 0.00371055280975221 136109831 136109831 0
6 16504 rs2024658 142041859 2 0.00370878683067212 142041859 142041859 0
6 2993 rs6918101 25027288 1 0.00368774442749829 25027288 25027288 0
6 18993 rs2744422 163794506 1 -0.00368457614876614 163794506 163794506 0
6 445 rs13206717 4154018 1 0.0036808845260881 4154018 4154018 0
6 13202 rs267333 104856640 1 -0.00367040091345305 104856640 104856640 0
6 8304 rs2397059 51603677 1 -0.00366825694330468 51603677 51603677 0
6 11914 rs1145724 91187510 1 0.00364605115386264 91187510 91187510 0
6 18509 rs9456505 160582340 1 -0.00364511626470043 160582340 160582340 0
6 16760 rs6929066 144402945 1 -0.00361059487538463 144402945 144402945 0
6 16391 rs9376443 139976184 1 -0.00358785098717604 139976184 139976184 0
6 218 rs1883587 2374821 1 -0.00356428292618262 2374821 2374821 0
6 18984 rs9306 163736204 1 -0.00355608778531455 163736204 163736204 0
6 2426 rs6937439 21130870 1 0.00354872878331702 21130870 21130870 0
6 17808 rs578512 153124301 2 0.0035364984089656 153124301 153124301 0
6 15317 rs761332 128287848 1 0.00353101655214321 128287848 128287848 0
6 2516 rs11966463 22003895 1 0.00352683447530384 22003895 22003895 0
6 16374 rs668459 139835689 2 -0.00352667075140975 139835689 139835689 0
6 19571 rs1473500 168511016 2 0.00352370820161345 168511016 168511016 0
6 4371 rs6905389 30319930 1 -0.00350301211141564 30319930 30319930 0
6 7796 rs12205657 44680615 2 -0.00350064114013051 44680615 44680615 0
6 3302 rs13195509 26463660 1 0.00349858241800142 26463660 26463660 0
6 6299 rs429073 33001735 1 0.00349472095580779 33001735 33001735 0
6 2244 rs1047014 19841493 2 0.00348812164943685 19841493 19841493 0
6 8695 rs1995768 54181882 1 -0.00348369033916979 54181882 54181882 0
6 13098 rs2399936 103885347 1 0.00346708406139774 103885347 103885347 0
6 11085 rs9294254 82958246 2 -0.00345420848949048 82958246 82958246 0
6 7778 rs561160 44579789 2 -0.00343509197851543 44579789 44579789 0
6 14227 rs9384978 116772664 1 0.00341428046521273 116772664 116772664 0
6 16438 rs1336370 140958047 1 0.00339482823569168 140958047 140958047 0
6 19192 rs10946054 165394580 1 -0.00339378677259552 165394580 165394580 0
6 19692 rs9346489 169326799 1 -0.00339167725231589 169326799 169326799 0
6 19829 rs6899311 170266650 1 -0.00339163521505332 170266650 170266650 0
6 11006 rs9294233 82271163 2 -0.00338709000687517 82271163 82271163 0
6 8774 rs17545325 54623801 1 -0.00338257197058374 54623801 54623801 0
6 17116 rs3861441 148264511 1 -0.00338228376749152 148264511 148264511 0
6 10387 rs6922651 76830541 1 -0.00338069206653574 76830541 76830541 0
6 2107 rs9297091 18767825 1 0.00337771230364129 18767825 18767825 0
6 1523 rs13213519 13452404 1 -0.00337270989778732 13452404 13452404 0
6 15159 rs9321038 125731930 1 -0.00337092218734481 125731930 125731930 0
6 1337 rs11963539 11969231 2 0.00335974659403661 11969231 11969231 0
6 14714 rs6917641 121264105 1 0.00334900717180792 121264105 121264105 0
6 16752 rs9403540 144292587 1 0.00333246475697252 144292587 144292587 0
6 1996 rs4716213 18052449 1 0.0033304481192978 18052449 18052449 0
6 14520 rs2357161 119412952 1 0.00332286040857183 119412952 119412952 0
6 17884 rs17084425 154042101 2 -0.00332127385372673 154042101 154042101 0
6 157 rs2569844 1649347 1 0.00331507841588078 1649347 1649347 0
6 1793 rs9477074 16269363 1 -0.00330931060296269 16269363 16269363 0
6 18408 rs9365056 159807939 1 0.00329712215564142 159807939 159807939 0
6 963 rs6597313 8379808 1 -0.0032962929236995 8379808 8379808 0
6 2000 rs12189790 18060307 1 -0.00329182005458922 18060307 18060307 0
6 16931 rs12526956 145872147 1 0.00328994833499423 145872147 145872147 0
6 8196 rs7764242 49869448 1 -0.00328667543397956 49869448 49869448 0
6 4794 rs2517455 31059900 1 0.00327505988219962 31059900 31059900 0
6 2386 rs9366363 20858852 1 -0.00327242118162328 20858852 20858852 0
6 11167 rs1143796 84005867 1 0.00326898078877121 84005867 84005867 0
6 18679 rs3757037 161697400 2 0.00326496920175078 161697400 161697400 0
6 14324 rs7749229 117787897 1 -0.00326496045573169 117787897 117787897 0
6 16079 rs7739804 136065411 1 0.00326404158267559 136065411 136065411 0
6 18392 rs294918 159626072 1 -0.00326278335151732 159626072 159626072 0
6 8021 rs9369704 47466833 1 -0.00326232728928934 47466833 47466833 0
6 15110 rs535492 124863962 1 0.00326154899722744 124863962 124863962 0
6 621 rs1407793 5884859 1 0.00325344987626464 5884859 5884859 0
6 15938 rs2811676 134327815 1 -0.0032447407888054 134327815 134327815 0
6 16244 rs666769 138415087 2 0.0032443862215355 138415087 138415087 0
6 2638 rs4426986 22732822 1 -0.00323309862709877 22732822 22732822 0
6 10102 rs17692715 73356342 1 -0.00323299892459668 73356342 73356342 0
6 6721 rs1535001 34927280 1 0.00322822659561464 34927280 34927280 0
6 15801 rs2294758 133045812 2 0.00322651858044997 133045812 133045812 0
6 2833 rs4582376 24167807 1 0.00322512197217842 24167807 24167807 0
6 6346 rs9277557 33056694 2 -0.00322302368804303 33056694 33056694 0
6 7322 rs1923474 39938471 1 0.00321394347163839 39938471 39938471 0
6 17290 rs7748981 149560966 1 -0.00320528053559452 149560966 149560966 0
6 17326 rs112225 149786129 1 -0.00319797104418216 149786129 149786129 0
6 5646 rs499691 32194339 1 -0.00318857681169073 32194339 32194339 0
6 17379 rs9479734 150444811 1 -0.00318838424885346 150444811 150444811 0
6 9275 rs17496685 66006820 1 -0.00318633587653455 66006820 66006820 0
6 2840 rs1856839 24193869 1 0.00318325393890942 24193869 24193869 0
6 12738 rs12526079 99565215 1 0.0031816043424449 99565215 99565215 0
6 8502 rs6915699 53016306 1 -0.00317141383158675 53016306 53016306 0
6 824 rs9406039 7528113 2 0.00316941802708082 7528113 7528113 0
6 15355 rs6569559 129141326 1 0.00316459945334618 129141326 129141326 0
6 10848 rs16891457 80754346 1 0.00316320786613068 80754346 80754346 0
6 15734 rs1998075 132560968 1 0.0031531084607718 132560968 132560968 0
6 16017 rs9376080 135315398 1 -0.00314162410750225 135315398 135315398 0
6 12184 rs9452159 93642185 1 -0.00313701616544914 93642185 93642185 0
6 19644 rs1885634 169075136 1 0.0031153710779438 169075136 169075136 0
6 11254 rs12526118 85203796 1 -0.00311480124467494 85203796 85203796 0
6 11236 rs2324577 85091415 1 -0.00308248336129005 85091415 85091415 0
6 18918 rs9347691 163249645 1 -0.00307956123272075 163249645 163249645 0
6 13889 rs1606213 112818452 1 0.00307616742981886 112818452 112818452 0
6 11555 rs16878151 87730855 1 -0.00307458070278352 87730855 87730855 0
6 2829 rs12211300 24161869 1 -0.00307144528995864 24161869 24161869 0
6 264 rs9328114 2675271 1 -0.00306495461353874 2675271 2675271 0
6 5361 rs1046080 31595882 1 -0.00304460908810054 31595882 31595882 0
6 7495 rs9394785 41320227 1 0.00303816457997836 41320227 41320227 0
6 18987 rs4709708 163761520 1 -0.00303417211876775 163761520 163761520 0
6 16437 rs17069974 140794431 1 0.00303184968087341 140794431 140794431 0
6 602 rs11962015 5618987 1 0.00302861342434343 5618987 5618987 0
6 1703 rs150448457 15496930 1 -0.00302260111164658 15496930 15496930 0
6 14892 rs9490444 122712377 1 -0.00300082096101511 122712377 122712377 0
6 11729 rs10223700 89673861 2 -0.00299794269052936 89673861 89673861 0
6 5324 rs2857602 31533378 1 -0.00298044165208726 31533378 31533378 0
6 12210 rs998776 93859659 1 0.00297602551837561 93859659 93859659 0
6 13010 rs6928180 102409781 1 -0.00296530586838555 102409781 102409781 0
6 18111 rs4428513 156247138 1 0.0029616491549456 156247138 156247138 0
6 1194 rs2076258 10876036 2 0.00295935985521367 10876036 10876036 0
6 19783 rs41265385 170068086 1 -0.00293768350613078 170068086 170068086 0
6 19520 rs13198547 167718396 1 -0.00293279231581801 167718396 167718396 0
6 10455 rs7767310 77599333 1 -0.00293260975014585 77599333 77599333 0
6 17520 rs7769973 151032785 1 -0.0029304734776384 151032785 151032785 0
6 7687 rs7775611 43652770 1 0.00291934844897079 43652770 43652770 0
6 14896 rs9388103 122935161 1 -0.00291474915436345 122935161 122935161 0
6 7171 rs12203833 38937406 1 0.00290673243030124 38937406 38937406 0
6 4528 rs3094097 30633875 1 0.00290533592032671 30633875 30633875 0
6 9861 rs2691482 71331467 1 -0.0029015031473641 71331467 71331467 0
6 6613 rs12195485 33790877 1 -0.00289942048800886 33790877 33790877 0
6 3411 rs4713106 27444714 1 0.00289839425447128 27444714 27444714 0
6 3566 rs916403 28408258 1 -0.00289244953502748 28408258 28408258 0
6 11377 rs9359645 85992024 1 0.00289052755357039 85992024 85992024 0
6 13331 rs742108 106582920 1 0.0028823088314321 106582920 106582920 0
6 4810 rs1265063 31077938 1 0.00288006893063781 31077938 31077938 0
6 4562 rs4713358 30716117 1 -0.0028788100601602 30716117 30716117 0
6 1555 rs1192057 13948389 2 -0.00287729261570425 13948389 13948389 0
6 17061 rs4896928 147922185 1 -0.0028730930601392 147922185 147922185 0
6 13016 rs2852608 102481399 1 0.00286767461292212 102481399 102481399 0
6 15071 rs1851780 124627115 1 0.00286732520465397 124627115 124627115 0
6 14915 rs11965644 123047590 1 -0.00286658152006686 123047590 123047590 0
6 11516 rs1538408 87338626 1 -0.00286328853263477 87338626 87338626 0
6 808 rs9505086 7232186 1 0.00285525859107865 7232186 7232186 0
6 2733 rs17412056 23493761 2 0.00285397509401502 23493761 23493761 0
6 2428 rs6926388 21204796 1 -0.00285290141615905 21204796 21204796 0
6 16856 rs2069128 145342763 1 -0.00284176872566943 145342763 145342763 0
6 15029 rs9490959 124153758 1 0.00283874174831458 124153758 124153758 0
6 7790 rs649700 44645736 1 -0.00283765697707899 44645736 44645736 0
6 3092 rs10456324 25600968 2 0.00283270717332195 25600968 25600968 0
6 18259 rs7756860 158276048 1 -0.00282952524718386 158276048 158276048 0
6 7598 rs3749898 42640726 2 0.00282305674328253 42640726 42640726 0
6 19116 rs7741687 165009476 1 -0.0028189135992281 165009476 165009476 0
6 2510 rs11756748 21987230 1 -0.0028173226335874 21987230 21987230 0
6 9624 rs2786577 68950298 1 -0.00280647270287765 68950298 68950298 0
6 17889 rs1937587 154060023 1 -0.00279644300681053 154060023 154060023 0
6 18982 rs10455922 163723545 1 0.00279511318215005 163723545 163723545 0
6 16500 rs973118 142027493 1 -0.00278835314617759 142027493 142027493 0
6 16218 rs643746 138052680 1 -0.00278620540020376 138052680 138052680 0
6 2901 rs2817204 24476694 1 -0.0027793834593743 24476694 24476694 0
6 917 rs3734590 8015720 1 -0.00277159441050629 8015720 8015720 0
6 19089 rs6915442 164663686 2 0.00276394161440175 164663686 164663686 0
6 17049 rs587008 147799122 1 -0.00275420788064715 147799122 147799122 0
6 1066 rs9381380 9501859 2 0.00274234067992255 9501859 9501859 0
6 15475 rs7753901 130242858 1 0.00272331704801668 130242858 130242858 0
6 5256 rs3132469 31456567 1 0.00271451310247613 31456567 31456567 0
6 19363 rs12154075 166566271 1 -0.00271431359277431 166566271 166566271 0
6 14957 rs2195729 123590126 1 0.00271039735059723 123590126 123590126 0
6 15434 rs929103 129993162 1 0.00270319753732854 129993162 129993162 0
6 16233 rs610604 138199417 1 0.00269622738563343 138199417 138199417 0
6 14561 rs1573046 119752825 1 0.0026926969530961 119752825 119752825 0
6 17415 rs9397900 150665752 2 0.00269066108603767 150665752 150665752 0
6 9532 rs9345994 67952979 1 -0.00267598431374123 67952979 67952979 0
6 11001 rs12213217 82195125 1 0.00267511701407406 82195125 82195125 0
6 5398 rs805257 31634193 2 -0.00265861944054616 31634193 31634193 0
6 15593 rs10457562 131189874 1 0.00265242933257022 131189874 131189874 0
6 17988 rs1996737 154946930 1 -0.00260945366784925 154946930 154946930 0
6 11237 rs9359587 85105960 1 0.00259044124540795 85105960 85105960 0
6 17888 rs1937588 154059970 1 -0.00258980431369025 154059970 154059970 0
6 19043 rs9456891 164309035 1 0.00258857209427789 164309035 164309035 0
6 17382 rs4870302 150449865 1 0.00258269577577288 150449865 150449865 0
6 15160 rs6933106 125735639 1 -0.00255348163078598 125735639 125735639 0
6 7955 rs220715 46884288 1 -0.00255284886058147 46884288 46884288 0
6 9977 rs720742 72321902 1 0.00254753622618458 72321902 72321902 0
6 2139 rs634162 18989461 1 -0.00254105857789579 18989461 18989461 0
6 18476 rs6455678 160415341 2 0.00253216082873861 160415341 160415341 0
6 6778 rs2076167 35391787 1 0.00252241687858967 35391787 35391787 0
6 17885 rs9397645 154050494 1 -0.00250860922175806 154050494 154050494 0
6 16793 rs9403564 144858217 1 0.00250836389937405 144858217 144858217 0
6 11422 rs41271629 86257229 1 0.00250359486807999 86257229 86257229 0
6 10092 rs2149528 73220254 2 0.0025027530891277 73220254 73220254 0
6 15948 rs12662210 134447959 1 0.00249868336598529 134447959 134447959 0
6 11626 rs2754266 88421485 1 0.00249635814475429 88421485 88421485 0
6 8639 rs1409098 53882340 1 0.0024957470215248 53882340 53882340 0
6 55 rs1890366 697754 1 -0.00247370491482653 697754 697754 0
6 1323 rs7743280 11816003 1 -0.0024680565862382 11816003 11816003 0
6 1499 rs6910418 13294866 1 -0.00246739870687657 13294866 13294866 0
6 2787 rs550969 23946867 1 -0.00244844649211645 23946867 23946867 0
6 15295 rs675531 128040839 1 0.00244803146329587 128040839 128040839 0
6 18755 rs1789995 162396518 1 -0.00243941572729436 162396518 162396518 0
6 12880 rs6908728 100619658 1 0.00243238935259456 100619658 100619658 0
6 7957 rs6927483 46889577 1 0.00242331759059364 46889577 46889577 0
6 17322 rs9498354 149762851 1 0.00242199224474354 149762851 149762851 0
6 15574 rs4897466 131089467 2 -0.00241796499513367 131089467 131089467 0
6 10878 rs1341278 81038921 2 0.0024128613435888302 81038921 81038921 0
6 10745 rs6454120 80088795 1 -0.00239155998992585 80088795 80088795 0
6 19495 rs1015077 167526506 2 0.0023903279957832 167526506 167526506 0
6 5492 rs115884658 31864538 1 0.00238913662896904 31864538 31864538 0
6 1416 rs7744797 12581921 1 0.00238332426782468 12581921 12581921 0
6 3055 rs7774567 25425526 1 0.00238266515881832 25425526 25425526 0
6 16530 rs138994608 142400020 1 -0.00238190486329141 142400020 142400020 0
6 9280 rs1995443 66061173 1 -0.00238001451737449 66061173 66061173 0
6 5356 rs3763295 31587938 1 0.00237406107980381 31587938 31587938 0
6 12950 rs1856310 101897534 1 -0.00237068963841886 101897534 101897534 0
6 2429 rs10456242 21205388 1 -0.00236889633380653 21205388 21205388 0
6 18660 rs12528950 161521039 1 -0.00236768335850951 161521039 161521039 0
6 15910 rs3777878 133821417 1 0.00236656340807659 133821417 133821417 0
6 7535 rs2479723 41890835 1 0.00235677295636425 41890835 41890835 0
6 9787 rs3806000 70767756 1 0.00235457021068022 70767756 70767756 0
6 15070 rs7771967 124606520 1 0.00232822253551392 124606520 124606520 0
6 872 rs17673852 7763858 1 0.00232507010299875 7763858 7763858 0
6 17235 rs6933251 149285138 1 -0.00232133984890898 149285138 149285138 0
6 13199 rs9404549 104852424 1 0.00231961469041467 104852424 104852424 0
6 11909 rs1668702 91138902 1 -0.00230110331334298 91138902 91138902 0
6 15804 rs761125 133107989 1 -0.00229896549084209 133107989 133107989 0
6 11921 rs284513 91208693 2 -0.00229722148963347 91208693 91208693 0
6 14918 rs9372715 123086188 1 0.00229644052504004 123086188 123086188 0
6 19612 rs2749250 168905499 1 0.00229635967725552 168905499 168905499 0
6 17727 rs17082236 152470752 1 -0.0022892293271578 152470752 152470752 0
6 2479 rs16885189 21729682 1 0.00228572606915207 21729682 21729682 0
6 15627 rs1886073 131489100 1 -0.00228056105974658 131489100 131489100 0
6 6213 rs1480380 32913246 1 0.00227467269160298 32913246 32913246 0
6 9294 rs7776123 66241604 1 0.00226735375535158 66241604 66241604 0
6 6064 rs73738914 32793423 1 -0.00226531783581054 32793423 32793423 0
6 9269 rs636434 65961810 1 -0.0022638404168457 65961810 65961810 0
6 17568 rs17080705 151340454 1 0.00226270440709109 151340454 151340454 0
6 8082 rs676219 48287248 2 0.00225364518455944 48287248 48287248 0
6 18168 rs17087341 156690480 1 -0.00224740500313525 156690480 156690480 0
6 3147 rs1892250 25769024 1 -0.00224658415862178 25769024 25769024 0
6 13504 rs4391294 108090454 1 -0.00223925169960364 108090454 108090454 0
6 15551 rs9483149 130922149 1 -0.00223541487020578 130922149 130922149 0
6 16653 rs9376740 143617983 1 -0.00223190228781667 143617983 143617983 0
6 6425 rs3130161 33125858 2 0.00222867836167981 33125858 33125858 0
6 11240 rs2206985 85109688 1 0.00222348068382678 85109688 85109688 0
6 15479 rs6931642 130285951 1 -0.00221254685825568 130285951 130285951 0
6 12669 rs10456960 98879349 1 -0.00221099081007914 98879349 98879349 0
6 17807 rs7767039 153119212 1 0.00220995210167098 153119212 153119212 0
6 13658 rs2334324 110617709 1 0.00220840759240399 110617709 110617709 0
6 6720 rs847848 34906168 1 -0.00220789260724606 34906168 34906168 0
6 18996 rs4709725 164008408 1 -0.00220614585140351 164008408 164008408 0
6 19439 rs12660310 167131911 1 0.00219589117125396 167131911 167131911 0
6 6310 rs4551215 33025700 1 -0.00219433098579445 33025700 33025700 0
6 6922 rs929051 36714491 1 -0.00219165104542702 36714491 36714491 0
6 10701 rs1180819 79428024 1 -0.00218511657233652 79428024 79428024 0
6 19125 rs903791 165115007 1 0.00218021748843362 165115007 165115007 0
6 9639 rs4481397 69237307 1 0.00217644979520316 69237307 69237307 0
6 3024 rs4712905 25306732 2 0.00217175703262109 25306732 25306732 0
6 8642 rs10484652 53884210 2 0.00216679793626217 53884210 53884210 0
6 6635 rs12523795 33876434 2 0.00216486761696581 33876434 33876434 0
6 5896 rs9357152 32664960 2 0.00215391561229449 32664960 32664960 0
6 7030 rs2842510 37909084 1 0.00215387680895366 37909084 37909084 0
6 18501 rs4646275 160553007 1 0.00215297284482774 160553007 160553007 0
6 1370 rs10947826 12183050 1 -0.00214662200564038 12183050 12183050 0
6 5931 rs9275572 32678999 2 -0.00214483851416851 32678999 32678999 0
6 2508 rs13212670 21969495 1 -0.00213572029674063 21969495 21969495 0
6 15833 rs11154703 133243774 2 -0.00212948147978337 133243774 133243774 0
6 3596 rs13215054 28502794 1 -0.00212597078876497 28502794 28502794 0
6 14346 rs2501624 118053656 1 0.00212545002227092 118053656 118053656 0
6 6883 rs1061632 36457484 2 0.00212133715150286 36457484 36457484 0
6 9784 rs17766479 70681382 1 0.0021124608313186 70681382 70681382 0
6 11228 rs7775532 85059005 1 -0.00210262443971609 85059005 85059005 0
6 10627 rs9343725 78801824 1 0.00210145543962922 78801824 78801824 0
6 15626 rs497082 131469461 1 -0.00209807463097197 131469461 131469461 0
6 832 rs2076299 7580958 1 -0.00209148945879654 7580958 7580958 0
6 3625 rs11754985 28711074 1 0.00208970759988026 28711074 28711074 0
6 18815 rs9365399 162735881 1 0.00208602762699318 162735881 162735881 0
6 15111 rs527307 124882382 1 -0.00207765216757031 124882382 124882382 0
6 14515 rs1889561 119335865 1 0.0020693229898283 119335865 119335865 0
6 751 rs6934234 6618549 1 0.00206929418101743 6618549 6618549 0
6 10368 rs1280054 76540988 2 -0.00206821935689832 76540988 76540988 0
6 6093 rs241440 32797361 1 -0.0020670237622756 32797361 32797361 0
6 16410 rs12193363 140233896 1 -0.00206027390468663 140233896 140233896 0
6 10414 rs12199162 77324522 1 -0.0020557161499939 77324522 77324522 0
6 5366 rs2272593 31601344 2 0.00205462256651278 31601344 31601344 0
6 5416 rs2242653 31675765 1 -0.00204494047117512 31675765 31675765 0
6 19254 rs576853 165943163 2 0.00204214548127298 165943163 165943163 0
6 14943 rs4243496 123326275 1 0.00203661909670666 123326275 123326275 0
6 18177 rs6931416 156787460 1 -0.0020308114463858 156787460 156787460 0
6 12085 rs7759851 92838614 1 0.00202162289529188 92838614 92838614 0
6 18716 rs6455744 162060468 1 -0.00201749038000453 162060468 162060468 0
6 8075 rs1325707 47963249 1 0.00201482840461041 47963249 47963249 0
6 11396 rs545969 86092879 1 0.00201161241697449 86092879 86092879 0
6 15688 rs7754561 132212694 1 0.00200728239033698 132212694 132212694 0
6 15284 rs1913077 127853444 1 -0.00200580279821547 127853444 127853444 0
6 9922 rs828630 72043897 1 -0.00198100093180813 72043897 72043897 0
6 8480 rs1032419 52834842 1 -0.00197629452346741 52834842 52834842 0
6 18578 rs9365164 160856843 1 0.00196681798180851 160856843 160856843 0
6 1500 rs7774863 13296206 1 -0.00196519507882575 13296206 13296206 0
6 2179 rs1463780 19363073 1 -0.00196147848909274 19363073 19363073 0
6 7780 rs9472309 44580743 1 -0.00195646178569319 44580743 44580743 0
6 17369 rs9478409 150385886 1 0.00195553680624325 150385886 150385886 0
6 500 rs761181 4668941 1 -0.00194999973613976 4668941 4668941 0
6 11352 rs12529820 85788394 1 0.00194531849562459 85788394 85788394 0
6 4533 rs536237212 30649134 1 -0.00194019655760591 30649134 30649134 0
6 537 rs12195956 5111680 1 -0.00193866713781603 5111680 5111680 0
6 11229 rs7775689 85059075 1 -0.00193701705920461 85059075 85059075 0
6 12969 rs9386283 101997543 1 0.00193345808005227 101997543 101997543 0
6 48 rs9502388 654482 2 -0.00193192704681821 654482 654482 0
6 16131 rs4896224 137298126 1 0.00192972416139143 137298126 137298126 0
6 14329 rs9320605 117817775 2 0.00192661767220945 117817775 117817775 0
6 16237 rs9389549 138343019 1 0.00192517973835167 138343019 138343019 0
6 13026 rs3849217 102670891 1 0.00192290013423784 102670891 102670891 0
6 10970 rs310405 81800362 1 -0.00191648951853195 81800362 81800362 0
6 11554 rs11961178 87729868 1 0.00191090666425515 87729868 87729868 0
6 9514 rs12662125 67848752 1 0.00190393668878226 67848752 67848752 0
6 17986 rs9479902 154934989 1 -0.00189961750759016 154934989 154934989 0
6 19742 rs7741251 169763254 1 0.00189910173422618 169763254 169763254 0
6 8421 rs1266787 52343899 1 -0.00189832437519948 52343899 52343899 0
6 3382 rs2281023 27277665 1 0.00189066409102527 27277665 27277665 0
6 3268 rs806795 26205293 1 0.0018895088094097 26205293 26205293 0
6 7362 rs6903068 40354316 1 -0.00188532994221035 40354316 40354316 0
6 24 rs6904638 541668 1 0.00188378633797855 541668 541668 0
6 14808 rs7764196 121835579 1 -0.00188173426656943 121835579 121835579 0
6 19717 rs2224645 169509800 1 0.0018786620410685 169509800 169509800 0
6 16508 rs6903549 142061431 1 0.00187865680711 142061431 142061431 0
6 19818 rs713367 170205573 1 -0.00187530572643652 170205573 170205573 0
6 2598 rs2076506 22570064 1 -0.00187368318962046 22570064 22570064 0
6 5370 rs1046089 31602967 2 -0.00186952359046443 31602967 31602967 0
6 7825 rs6901786 45186173 1 0.00186399997685862 45186173 45186173 0
6 16397 rs6912263 140017022 2 -0.00186313978315396 140017022 140017022 0
6 8535 rs934147 53239608 1 -0.00186217734142801 53239608 53239608 0
6 14274 rs1321366 117240593 1 0.00185164973196207 117240593 117240593 0
6 584 rs7763423 5523888 1 -0.00185038364812871 5523888 5523888 0
6 1719 rs2619522 15653649 1 -0.00184517645776677 15653649 15653649 0
6 7269 rs9367006 39391436 1 -0.0018448961509974 39391436 39391436 0
6 2821 rs10946675 24141920 1 -0.0018410325917089 24141920 24141920 0
6 3361 rs13219354 27185664 1 0.00183718934005909 27185664 27185664 0
6 14689 rs2789019 121151328 1 0.00183487287686077 121151328 121151328 0
6 19391 rs9356478 166751416 2 0.00183388891520023 166751416 166751416 0
6 18771 rs6917371 162506568 1 0.00183246499604724 162506568 162506568 0
6 16238 rs4895508 138354180 2 -0.0018188251067024 138354180 138354180 0
6 15596 rs6938586 131209404 1 0.00181502192817328 131209404 131209404 0
6 34 rs17135357 602983 1 -0.00181151601679168 602983 602983 0
6 6878 rs664370 36393816 1 0.00181111282874356 36393816 36393816 0
6 747 rs17142362 6601050 1 -0.00180679884149217 6601050 6601050 0
6 13293 rs845864 106132323 1 0.00180208900356038 106132323 106132323 0
6 16585 rs9496434 142967628 1 -0.00180056806550699 142967628 142967628 0
6 13494 rs1728133 108035552 1 -0.00179700032694975 108035552 108035552 0
6 17113 rs646839 148258033 1 -0.00179533300102344 148258033 148258033 0
6 8010 rs11759777 47343809 1 0.00178824375931325 47343809 47343809 0
6 4058 rs1611133 29809382 1 0.00178344560599541 29809382 29809382 0
6 3043 rs7760906 25374754 1 -0.00178147219553327 25374754 25374754 0
6 13648 rs9372248 110389926 1 -0.00177615720652722 110389926 110389926 0
6 13410 rs3804345 107098087 1 -0.00177010372234157 107098087 107098087 0
6 16334 rs6937089 139273129 1 0.00176893635228983 139273129 139273129 0
6 11682 rs9362492 89069402 1 -0.00176821510319238 89069402 89069402 0
6 6675 rs6925243 34381937 1 0.00176421265332329 34381937 34381937 0
6 9880 rs6455400 71741216 1 -0.00176349417577339 71741216 71741216 0
6 12886 rs6928245 100674018 2 -0.00175855710670566 100674018 100674018 0
6 13760 rs3218606 111689082 1 -0.00175129976645454 111689082 111689082 0
6 9144 rs1711932 63988362 2 -0.00175018301162291 63988362 63988362 0
6 18277 rs17490133 158518639 1 -0.00174911094080701 158518639 158518639 0
6 19569 rs902385 168491848 1 0.00174884257883955 168491848 168491848 0
6 11146 rs6922073 83679599 1 -0.00174837393005526 83679599 83679599 0
6 14687 rs2789074 121126482 1 0.00174556499464733 121126482 121126482 0
6 6734 rs820077 35033854 1 0.00174547215939451 35033854 35033854 0
6 13079 rs494028 103624808 1 -0.0017426030485922 103624808 103624808 0
6 16229 rs3757173 138190154 1 -0.00174100739450007 138190154 138190154 0
6 7832 rs1321080 45358323 1 0.0017374621665882 45358323 45358323 0
6 3885 rs1233374 29608694 1 0.00172960759284508 29608694 29608694 0
6 15406 rs9483012 129678523 1 -0.00172571102116727 129678523 129678523 0
6 5093 rs2394985 31323557 1 -0.00172259510277003 31323557 31323557 0
6 17640 rs6913578 151949806 1 -0.00172203312725658 151949806 151949806 0
6 6572 rs649775 33684313 1 0.00171473403817716 33684313 33684313 0
6 8664 rs10484648 54025155 1 -0.00171409425229905 54025155 54025155 0
6 6879 rs566742 36395668 1 0.00171362818869184 36395668 36395668 0
6 17091 rs501098 148185702 1 0.00170867833299127 148185702 148185702 0
6 16210 rs6920220 138006504 2 0.00170751156494994 138006504 138006504 0
6 6769 rs6457816 35362848 1 -0.00170414657403983 35362848 35362848 0
6 6067 rs73738923 32793706 1 -0.00170024887679938 32793706 32793706 0
6 13476 rs846964 107969113 1 -0.00169684282111251 107969113 107969113 0
6 7835 rs7748231 45501552 1 -0.00168754182155884 45501552 45501552 0
6 2427 rs9465991 21191928 1 -0.00168588954377566 21191928 21191928 0
6 14659 rs4945660 120834919 1 0.00168514091448465 120834919 120834919 0
6 9054 rs7756421 57034009 1 -0.00168481643720135 57034009 57034009 0
6 18335 rs2129209 159155998 1 0.00168451755610969 159155998 159155998 0
6 2487 rs16885318 21832546 1 0.00166664313942255 21832546 21832546 0
6 2893 rs61748577 24454313 2 -0.00165676851151723 24454313 24454313 0
6 15495 rs6569648 130349119 1 0.00165009830465681 130349119 130349119 0
6 18759 rs9458430 162426517 1 0.00164565173993673 162426517 162426517 0
6 12592 rs1206155 97549206 1 0.0016455177060763 97549206 97549206 0
6 12316 rs9354096 94885018 1 -0.00164393112279448 94885018 94885018 0
6 1264 rs6908326 11247387 1 -0.00164353468735765 11247387 11247387 0
6 17734 rs9383976 152542548 1 0.00163570495919079 152542548 152542548 0
6 9565 rs6911763 68317796 1 0.00163275892600617 68317796 68317796 0
6 12126 rs2730853 93125582 1 -0.00162940216526052 93125582 93125582 0
6 10150 rs9442891 73844174 1 0.00162780216810528 73844174 73844174 0
6 1991 rs4507599 18030178 1 -0.00162610406433016 18030178 18030178 0
6 8547 rs7762921 53319569 1 -0.00162597274783896 53319569 53319569 0
6 18383 rs41267765 159462424 1 0.00161555566224174 159462424 159462424 0
6 13907 rs6568736 113017260 1 -0.0016154800778119 113017260 113017260 0
6 1440 rs17679286 12828434 1 -0.00160947074049868 12828434 12828434 0
6 19446 rs9457204 167192368 1 0.00160401510338557 167192368 167192368 0
6 19049 rs7775629 164361544 1 0.00160363358602482 164361544 164361544 0
6 13535 rs2764261 108927842 1 -0.00160240706511358 108927842 108927842 0
6 1858 rs598908 16740750 1 0.00159995020990761 16740750 16740750 0
6 4909 rs3130931 31134888 1 -0.00159476841738844 31134888 31134888 0
6 11875 rs12663434 90734082 1 -0.00159405282974725 90734082 90734082 0
6 9120 rs4415141 63376194 1 0.00159144143403754 63376194 63376194 0
6 13278 rs9386455 106006230 2 0.00158626808406291 106006230 106006230 0
6 11551 rs6922679 87682125 1 -0.00157609105694379 87682125 87682125 0
6 19896 rs12207633 170847181 1 0.00157357689171073 170847181 170847181 0
6 11210 rs2497113 84767152 2 0.00156872829410588 84767152 84767152 0
6 14122 rs763229 115865171 1 -0.00156697545831087 115865171 115865171 0
6 14435 rs1743257 118615390 1 -0.00156319336041616 118615390 118615390 0
6 9545 rs12207358 68030203 1 -0.00156253148832595 68030203 68030203 0
6 15047 rs3861386 124328531 1 -0.00155914192418805 124328531 124328531 0
6 16343 rs2498638 139397459 1 -0.00155894090325023 139397459 139397459 0
6 16140 rs276467 137464218 2 0.00155614040314285 137464218 137464218 0
6 17029 rs6907758 147368934 1 -0.00155494564226563 147368934 147368934 0
6 2432 rs1563728 21209999 1 0.0015543397267351 21209999 21209999 0
6 12677 rs2046174 99013740 1 -0.00155196180852162 99013740 99013740 0
6 13955 rs9488123 113582427 1 0.00155188703041273 113582427 113582427 0
6 7428 rs7746902 40926958 1 -0.00154697425463312 40926958 40926958 0
6 9557 rs12192510 68111529 1 0.00154643924649604 68111529 68111529 0
6 299 rs318426 2948965 1 -0.00154636711931756 2948965 2948965 0
6 1820 rs9477153 16522826 1 0.0015430051191906 16522826 16522826 0
6 799 rs665723 7139064 1 0.00153935265058632 7139064 7139064 0
6 1377 rs6458136 12227516 1 -0.00153768756242142 12227516 12227516 0
6 14569 rs9481931 119785003 1 0.00153261205629515 119785003 119785003 0
6 1418 rs542119 12596998 1 0.00153001439151089 12596998 12596998 0
6 10856 rs1324119 80920423 1 -0.0015282369021815 80920423 80920423 0
6 18165 rs7739135 156641429 1 0.00152165813315133 156641429 156641429 0
6 17565 rs7752450 151301951 1 0.00151548886746385 151301951 151301951 0
6 8526 rs2816364 53094839 1 0.00151423744763593 53094839 53094839 0
6 1969 rs4716189 17834198 2 0.00151420737133766 17834198 17834198 0
6 13478 rs3778579 107975565 1 -0.00151360644775478 107975565 107975565 0
6 16078 rs12201044 136064441 2 0.00151148343765105 136064441 136064441 0
6 2853 rs6923278 24247896 2 -0.00151016755530319 24247896 24247896 0
6 10158 rs12190643 73930950 1 0.00150857799497658 73930950 73930950 0
6 15731 rs1358771 132451644 2 0.00150526195981284 132451644 132451644 0
6 16326 rs10499204 139216426 1 -0.00150465788900396 139216426 139216426 0
6 19865 rs9356590 170631403 1 -0.0014949465965594 170631403 170631403 0
6 1534 rs6941522 13655339 1 -0.00149492013291047 13655339 13655339 0
6 15709 rs511587 132329574 2 -0.00149006759336914 132329574 132329574 0
6 1567 rs1023107 14030470 1 -0.00148872821063522 14030470 14030470 0
6 12328 rs436889 95003654 1 0.00148757912155483 95003654 95003654 0
6 1676 rs9370795 15143556 1 0.00148540719585297 15143556 15143556 0
6 12975 rs627428 102021152 1 0.00148073054327717 102021152 102021152 0
6 14225 rs549262 116753995 1 0.00147766329598504 116753995 116753995 0
6 14054 rs6908717 114489321 1 0.00147021617693063 114489321 114489321 0
6 9143 rs9448732 63981311 1 -0.00146897217284953 63981311 63981311 0
6 13067 rs6900275 103481466 1 -0.00146805376137469 103481466 103481466 0
6 19379 rs4591822 166623917 1 -0.00146706691081082 166623917 166623917 0
6 16040 rs6569992 135452152 1 0.00146509143283966 135452152 135452152 0
6 8080 rs9473239 48063688 1 -0.00145729206882019 48063688 48063688 0
6 1015 rs11751589 8975508 1 -0.0014557076000201 8975508 8975508 0
6 8628 rs1570916 53851341 1 0.00145519605548703 53851341 53851341 0
6 19396 rs909634 166886680 1 0.00145490673408203 166886680 166886680 0
6 8121 rs503422 49337199 1 -0.00145334063451686 49337199 49337199 0
6 15257 rs9491697 127456122 1 0.00144536686812265 127456122 127456122 0
6 17367 rs17054300 150370552 1 0.00144329459555642 150370552 150370552 0
6 7841 rs6913882 45541920 1 -0.00144235537179692 45541920 45541920 0
6 17323 rs12192159 149767105 1 0.0014406625767455 149767105 149767105 0
6 15309 rs10484716 128175722 1 0.00144048798540849 128175722 128175722 0
6 16423 rs505897 140444057 1 -0.00144008891987112 140444057 140444057 0
6 15778 rs4605911 132912612 1 -0.0014323896964215 132912612 132912612 0
6 11623 rs2754262 88405585 1 0.00142532360127599 88405585 88405585 0
6 17779 rs17082709 152777095 1 0.0014234777651753 152777095 152777095 0
6 13922 rs6933690 113218747 1 0.00141537213666532 113218747 113218747 0
6 17753 rs111449472 152668211 1 0.0014146337808556 152668211 152668211 0
6 17412 rs884678 150658401 1 0.00141305623427544 150658401 150658401 0
6 2341 rs979614 20662123 1 -0.00140828971477076 20662123 20662123 0
6 15352 rs1949003 129072154 1 -0.00140827850770582 129072154 129072154 0
6 16057 rs1535435 135757022 1 -0.00140819245125218 135757022 135757022 0
6 3022 rs1883393 25297497 2 -0.00140673762398312 25297497 25297497 0
6 15656 rs7759504 132066501 1 0.00140651949100686 132066501 132066501 0
6 17833 rs1292830 153353459 1 -0.00140604771240776 153353459 153353459 0
6 17913 rs11759340 154283838 1 0.00140583408722741 154283838 154283838 0
6 18236 rs9355853 158077053 1 0.00140541936454652 158077053 158077053 0
6 19394 rs6456083 166859572 1 0.00140025741051088 166859572 166859572 0
6 2392 rs10946415 20881386 1 -0.00139805413452135 20881386 20881386 0
6 9046 rs1562908 56857665 1 -0.00139655556068496 56857665 56857665 0
6 7027 rs11757695 37836673 1 0.00139607357523565 37836673 37836673 0
6 13554 rs471422 109138491 1 -0.0013947296660207 109138491 109138491 0
6 16553 rs9376685 142629831 1 -0.00139460295900503 142629831 142629831 0
6 11656 rs806365 88845949 1 -0.00139409197925788 88845949 88845949 0
6 7594 rs6458299 42586058 1 -0.0013925520097732 42586058 42586058 0
6 6768 rs9658100 35356640 1 -0.00139127415209196 35356640 35356640 0
6 16518 rs9389954 142236407 1 0.00138817434289205 142236407 142236407 0
6 5573 rs3807039 32078373 1 -0.00138793195201371 32078373 32078373 0
6 9794 rs12189656 70798908 1 -0.00138346495612649 70798908 70798908 0
6 18541 rs511215 160704943 2 -0.00138272731292901 160704943 160704943 0
6 19132 rs6937046 165166241 1 0.00138142437502984 165166241 165166241 0
6 10893 rs7768485 81233133 1 0.00138107797953345 81233133 81233133 0
6 10118 rs7758723 73475153 1 -0.00137872816077287 73475153 73475153 0
6 16809 rs9376844 145025611 1 0.0013776620606437 145025611 145025611 0
6 2533 rs16901634 22207220 1 0.00137597320662831 22207220 22207220 0
6 17966 rs2275336 154726988 1 -0.00137568581323497 154726988 154726988 0
6 19000 rs7756185 164031621 1 -0.00137449127936976 164031621 164031621 0
6 4527 rs563492456 30632655 1 -0.00137104388779689 30632655 30632655 0
6 15687 rs1044558 132211814 1 0.00136862021920965 132211814 132211814 0
6 2055 rs7755288 18499926 1 -0.00136782665380936 18499926 18499926 0
6 6970 rs831489 36999682 1 -0.0013665568210241 36999682 36999682 0
6 14322 rs6942067 117785696 1 0.00136548008404442 117785696 117785696 0
6 1517 rs6926971 13350427 1 -0.0013640376946151 13350427 13350427 0
6 7202 rs10305492 39046794 1 0.00136396229657631 39046794 39046794 0
6 16968 rs362856 146719883 1 0.00135860466490922 146719883 146719883 0
6 6816 rs2817037 35701280 1 -0.00135842627185468 35701280 35701280 0
6 9235 rs4710283 65506077 1 -0.00135126174092631 65506077 65506077 0
6 15332 rs17460940 128813085 1 0.00134949678247629 128813085 128813085 0
6 356 rs3813477 3398623 2 -0.00134931717783846 3398623 3398623 0
6 13311 rs9386491 106350725 1 0.00134612380634494 106350725 106350725 0
6 14944 rs12660608 123338514 1 0.00134515135162329 123338514 123338514 0
6 16629 rs9321880 143308879 1 -0.0013422501300676 143308879 143308879 0
6 18477 rs9295119 160422785 1 0.00133814208837522 160422785 160422785 0
6 67 rs7775255 798559 1 0.00133800469319588 798559 798559 0
6 14899 rs6914480 122949909 1 -0.00133672083932648 122949909 122949909 0
6 15782 rs4631322 132917346 1 0.00133183196309893 132917346 132917346 0
6 16913 rs9399547 145773164 1 -0.00132751346738781 145773164 145773164 0
6 6647 rs4711374 34015765 1 0.00132491396853475 34015765 34015765 0
6 2135 rs834362 18976445 1 0.00132277364317773 18976445 18976445 0
6 12038 rs16884621 92365086 1 -0.00132049422054318 92365086 92365086 0
6 15222 rs9388489 126698719 1 -0.00131773889092082 126698719 126698719 0
6 8824 rs7753268 54863080 1 0.00131499840845701 54863080 54863080 0
6 856 rs9392168 7649849 2 0.00131340236004912 7649849 7649849 0
6 15858 rs1361147 133547481 1 -0.00131329850181192 133547481 133547481 0
6 11913 rs1144157 91184183 2 -0.0013112591240437 91184183 91184183 0
6 89 rs2095580 984646 1 -0.00130693882148424 984646 984646 0
6 10173 rs2073465 74229792 2 -0.00130621940433109 74229792 74229792 0
6 502 rs4960015 4672839 1 -0.00130189846247119 4672839 4672839 0
6 4768 rs9295947 31019460 1 0.00130176658283984 31019460 31019460 0
6 16773 rs9496878 144465219 1 -0.00130121011344655 144465219 144465219 0
6 8843 rs9382460 55037484 1 0.00130043768307838 55037484 55037484 0
6 8192 rs1970456 49823814 1 0.00129388829834504 49823814 49823814 0
6 15129 rs9375373 125122813 1 0.00129286497219342 125122813 125122813 0
6 2595 rs9393312 22563637 1 -0.00129058689879202 22563637 22563637 0
6 14787 rs17083598 121746470 1 -0.00128703316566234 121746470 121746470 0
6 16684 rs11155304 143903156 1 0.00128409791605318 143903156 143903156 0
6 96 rs6597402 1049358 1 -0.00128117272276261 1049358 1049358 0
6 9643 rs9354787 69285887 1 0.00128053112896084 69285887 69285887 0
6 11106 rs10455408 83378048 2 0.00127635112346922 83378048 83378048 0
6 2480 rs12525631 21730840 2 -0.00126946797181427 21730840 21730840 0
6 13627 rs1096136 110016656 1 -0.00126848925345374 110016656 110016656 0
6 7420 rs12196881 40828945 2 -0.00126209662327916 40828945 40828945 0
6 14236 rs2250263 116834007 2 0.00126189591137994 116834007 116834007 0
6 8200 rs7750808 50125321 1 0.00126170370114405 50125321 50125321 0
6 2204 rs9460376 19532627 1 0.00126162238974901 19532627 19532627 0
6 10176 rs12191488 74265875 1 -0.00125777918279372 74265875 74265875 0
6 2605 rs10485011 22606942 1 -0.00125683756489869 22606942 22606942 0
6 7259 rs9394585 39331508 1 -0.00125350239247758 39331508 39331508 0
6 8991 rs10498810 56126903 1 0.00125224537755536 56126903 56126903 0
6 17839 rs1933264 153391618 1 -0.00124790950288656 153391618 153391618 0
6 13201 rs7740010 104856170 1 0.00124785557685396 104856170 104856170 0
6 3020 rs9379751 25292214 2 0.0012444347489539 25292214 25292214 0
6 16850 rs9322015 145289421 1 0.00124327902743098 145289421 145289421 0
6 852 rs9392164 7643033 1 -0.00124211009020857 7643033 7643033 0
6 7657 rs11962520 43188600 1 0.00124186686705894 43188600 43188600 0
6 18813 rs952388 162716541 1 0.00124183652307205 162716541 162716541 0
6 3970 rs9258206 29704237 1 0.00123798353963197 29704237 29704237 0
6 624 rs7775306 5909164 1 -0.00123361742203202 5909164 5909164 0
6 6682 rs11758426 34503338 1 0.00123205752532728 34503338 34503338 0
6 17180 rs7763618 148621930 1 -0.00122862423718262 148621930 148621930 0
6 1841 rs9477201 16662064 1 -0.00122690643071328 16662064 16662064 0
6 7987 rs926774 47121275 1 -0.00122581369330649 47121275 47121275 0
6 15691 rs6569765 132228577 2 -0.00122042490885869 132228577 132228577 0
6 16788 rs4895643 144771845 1 -0.00121979747672815 144771845 144771845 0
6 6375 rs3129294 33084671 1 -0.00121701667885269 33084671 33084671 0
6 6567 rs597386 33668618 1 -0.00121156921009334 33668618 33668618 0
6 17521 rs4449641 151036450 1 -0.0012098394344617 151036450 151036450 0
6 2745 rs197988 23593375 1 0.00120817569975714 23593375 23593375 0
6 11461 rs6931546 86865514 1 -0.00120508976341095 86865514 86865514 0
6 13363 rs7767036 106881308 1 0.00120460069628992 106881308 106881308 0
6 13483 rs1006074 108006922 1 0.00120167808216749 108006922 108006922 0
6 2212 rs6934188 19611159 2 -0.00119949976092983 19611159 19611159 0
6 6733 rs820082 35031441 2 -0.00119775917211712 35031441 35031441 0
6 19543 rs4129277 167832036 1 0.00119449214247758 167832036 167832036 0
6 1349 rs9462378 12025801 1 0.00119395872343813 12025801 12025801 0
6 10936 rs13193950 81536714 1 -0.00119239097374661 81536714 81536714 0
6 17109 rs529563 148252713 2 -0.00119157675264776 148252713 148252713 0
6 12961 rs7754376 101982531 1 -0.00119124281767009 101982531 101982531 0
6 17836 rs2185027 153381622 1 -0.00119114944875226 153381622 153381622 0
6 15740 rs10484483 132647962 1 -0.0011908885490136 132647962 132647962 0
6 6645 rs2499762 33948624 1 -0.00118319825093546 33948624 33948624 0
6 14323 rs9387478 117786180 1 -0.00118270160624312 117786180 117786180 0
6 10423 rs1902852 77387073 1 0.00118060424006765 77387073 77387073 0
6 5802 rs3806156 32373698 1 -0.00118029066484097 32373698 32373698 0
6 11658 rs6454676 88877455 1 -0.00117888904794193 88877455 88877455 0
6 12707 rs2747739 99462075 1 0.00117715594982941 99462075 99462075 0
6 10695 rs9352611 79396968 1 -0.00117192183697001 79396968 79396968 0
6 2420 rs201329 21046168 1 -0.00117113270462629 21046168 21046168 0
6 12370 rs9294624 95602800 1 0.00116994049982589 95602800 95602800 0
6 9074 rs7758052 57710238 2 0.00116794454302469 57710238 57710238 0
6 13923 rs9384850 113231819 1 0.00116558223166753 113231819 113231819 0
6 7820 rs6919873 45159336 1 -0.00116442807961198 45159336 45159336 0
6 294 rs12530071 2886067 1 -0.0011642100104521 2886067 2886067 0
6 2072 rs2064175 18581172 1 -0.00115755084097279 18581172 18581172 0
6 15941 rs2811674 134331058 1 -0.00115683382672851 134331058 134331058 0
6 2730 rs926453 23442229 2 -0.00114896676118725 23442229 23442229 0
6 4809 rs2844635 31075481 1 0.00114557239411934 31075481 31075481 0
6 15674 rs9388917 132136025 1 0.00114302811647743 132136025 132136025 0
6 13342 rs10484575 106631860 2 0.00114134863713109 106631860 106631860 0
6 1558 rs4715723 13958654 2 -0.00114068319208608 13958654 13958654 0
6 3086 rs3788994 25587836 1 -0.00113565114631616 25587836 25587836 0
6 3646 rs3763338 28894311 1 0.00113499906383282 28894311 28894311 0
6 13639 rs13209604 110176543 1 0.00113431239548722 110176543 110176543 0
6 19622 rs747994 168930758 1 0.00113355407583842 168930758 168930758 0
6 14872 rs9372690 122663662 1 -0.00113072978858914 122663662 122663662 0
6 14267 rs17078438 117196211 1 -0.00112950897268505 117196211 117196211 0
6 13647 rs1564078 110337209 1 0.00112850409809287 110337209 110337209 0
6 13756 rs3204953 111628626 1 -0.00112722212822527 111628626 111628626 0
6 6069 rs6905122 32793957 1 -0.0011263418065939 32793957 32793957 0
6 10785 rs12523953 80322860 1 0.0011247377210155 80322860 80322860 0
6 7763 rs9381324 44407897 1 -0.00112340024065699 44407897 44407897 0
6 8915 rs9464247 55313379 1 -0.001122141036761 55313379 55313379 0
6 14523 rs4945630 119430311 1 -0.00111902382802272 119430311 119430311 0
6 12902 rs1857859 100894587 2 -0.00111857281269959 100894587 100894587 0
6 9033 rs35497571 56485023 1 -0.00111828086830509 56485023 56485023 0
6 4385 rs886390 30334994 1 -0.0011170687494089 30334994 30334994 0
6 757 rs760894 6656198 1 0.00111585141745268 6656198 6656198 0
6 13264 rs1149316 105756525 1 0.00111551551993126 105756525 105756525 0
6 109 rs9502839 1144109 1 -0.00111391344650314 1144109 1144109 0
6 15673 rs766592 132131601 1 0.0011138791096372 132131601 132131601 0
6 16547 rs7745188 142580952 1 -0.00111366141867983 142580952 142580952 0
6 4806 rs1064190 31075115 1 0.00111286064611407 31075115 31075115 0
6 18554 rs394487 160778639 1 -0.00111126189398347 160778639 160778639 0
6 18227 rs9384527 157442540 1 -0.00110904227636368 157442540 157442540 0
6 2295 rs12205236 20470908 1 0.00110623194154554 20470908 20470908 0
6 15649 rs2608897 131893463 1 0.00110495873820994 131893463 131893463 0
6 8637 rs9382274 53877181 1 -0.00110343828867669 53877181 53877181 0
6 11178 rs12209499 84147303 1 -0.00110201532772116 84147303 84147303 0
6 6079 rs115360810 32796310 1 -0.00110165291086217 32796310 32796310 0
6 2007 rs4601132 18112572 1 0.00110102363228267 18112572 18112572 0
6 5946 rs3104398 32685685 1 -0.00110038986069059 32685685 32685685 0
6 5311 rs2071591 31515799 1 -0.00109756385620955 31515799 31515799 0
6 6628 rs6926872 33843759 1 -0.00109744457606663 33843759 33843759 0
6 11063 rs4292570 82763865 1 -0.00109640066960945 82763865 82763865 0
6 3234 rs16891235 26017542 1 -0.00109394649265692 26017542 26017542 0
6 13440 rs9384641 107399357 2 -0.00109295571953998 107399357 107399357 0
6 17848 rs1933488 153441079 1 -0.00108997683064161 153441079 153441079 0
6 7910 rs1527691 46542804 1 0.00108855125016957 46542804 46542804 0
6 19853 rs2144667 170560679 1 -0.00108746820608057 170560679 170560679 0
6 17956 rs6930716 154606745 1 -0.00108737146698178 154606745 154606745 0
6 7595 rs12198323 42611872 1 -0.00108669118550901 42611872 42611872 0
6 2572 rs2000191 22504748 1 -0.00108323857714808 22504748 22504748 0
6 16982 rs2876656 146967731 2 -0.00108263742389153 146967731 146967731 0
6 13517 rs9374007 108358328 2 -0.00108161091779113 108358328 108358328 0
6 2748 rs536104 23640863 1 0.00108139924589995 23640863 23640863 0
6 5838 rs2395174 32404878 1 -0.00107744022556218 32404878 32404878 0
6 181 rs6919059 1784096 2 0.00107741186644741 1784096 1784096 0
6 19420 rs873070 167029183 1 0.00107492233620632 167029183 167029183 0
6 8933 rs9357866 55399744 1 -0.00107391183720065 55399744 55399744 0
6 11064 rs34341363 82765836 1 -0.00107296687854577 82765836 82765836 0
6 17089 rs2294805 148162328 1 -0.00107158836084411 148162328 148162328 0
6 17772 rs9479313 152744750 1 0.00106816565949296 152744750 152744750 0
6 14107 rs1412034 115605767 1 -0.00106777706979455 115605767 115605767 0
6 13259 rs11961225 105609468 1 -0.00106712211269468 105609468 105609468 0
6 292 rs11757446 2852040 1 -0.00106548352968461 2852040 2852040 0
6 11537 rs12198149 87491157 1 0.0010645405154158 87491157 87491157 0
6 12295 rs9354065 94652407 1 0.00106189521961549 94652407 94652407 0
6 3329 rs4711122 26758479 1 -0.00105880986304157 26758479 26758479 0
6 14428 rs1889468 118599828 1 -0.00105692558065463 118599828 118599828 0
6 15553 rs1933755 130925767 1 -0.00105510331449312 130925767 130925767 0
6 16302 rs4895538 139034727 2 -0.00105354910328998 139034727 139034727 0
6 504 rs2073041 4674858 1 -0.00105052360598579 4674858 4674858 0
6 4578 rs3130666 30740160 2 0.00104979364847954 30740160 30740160 0
6 16511 rs9496139 142093922 1 0.00104963368687982 142093922 142093922 0
6 2877 rs61733145 24437408 1 0.00104637986958819 24437408 24437408 0
6 6871 rs1476017 36310896 1 -0.00104459703028852 36310896 36310896 0
6 9535 rs10498851 67964764 1 -0.00104302147689576 67964764 67964764 0
6 50 rs17136239 656343 2 -0.00104282062247827 656343 656343 0
6 17555 rs2096066 151255434 1 0.00104235986165719 151255434 151255434 0
6 17600 rs3734795 151674593 1 0.00103951958316712 151674593 151674593 0
6 19091 rs1408915 164670331 1 0.00103883326538057 164670331 164670331 0
6 13308 rs6934413 106328676 2 0.00102881277114791 106328676 106328676 0
6 16799 rs2293536 144878337 1 0.00102845071408598 144878337 144878337 0
6 18119 rs9384411 156315056 1 0.00102804452350887 156315056 156315056 0
6 17121 rs6904457 148274611 1 -0.00102451314464988 148274611 148274611 0
6 1571 rs9396467 14053646 1 0.0010239346782829 14053646 14053646 0
6 6017 rs2621373 32765130 1 0.00102312785209176 32765130 32765130 0
6 1411 rs6907466 12544251 1 0.00102258994733266 12544251 12544251 0
6 15861 rs6569872 133554452 2 0.00102192886530276 133554452 133554452 0
6 19555 rs9455927 168385774 1 -0.0010207907552018 168385774 168385774 0
6 16136 rs276567 137422058 1 0.00101959182919033 137422058 137422058 0
6 327 rs7775816 3057413 1 -0.00101901249414112 3057413 3057413 0
6 9493 rs9345935 67664566 1 0.00101152928041442 67664566 67664566 0
6 7340 rs10947864 40217930 1 -0.00101074770552386 40217930 40217930 0
6 17997 rs6934056 155279785 1 0.00100993485771005 155279785 155279785 0
6 11557 rs7740936 87737693 1 -0.00100980518916221 87737693 87737693 0
6 19732 rs9717830 169663638 1 -0.0010091447107042 169663638 169663638 0
6 8470 rs517029 52776851 1 -0.00100829832764727 52776851 52776851 0
6 6052 rs1894406 32787056 1 -0.00100683432404264 32787056 32787056 0
6 2 rs2235872 226015 1 0.0010057783105056 226015 226015 0
6 17278 rs6570947 149469655 2 0.00100535903766542 149469655 149469655 0
6 12441 rs2785910 96332506 1 -0.00100400737416211 96332506 96332506 0
6 11169 rs1144184 84017921 1 0.00100307552939506 84017921 84017921 0
6 8504 rs4715383 53045749 1 0.00100088932572617 53045749 53045749 0
6 1161 rs9466019 10356036 1 9.969645422709089e-4 10356036 10356036 0
6 1914 rs9465003 17213063 1 9.96170054692911e-4 17213063 17213063 0
6 10140 rs947612 73738661 2 -9.954551710379858e-4 73738661 73738661 0
6 2138 rs834372 18984299 1 -9.942182212152304e-4 18984299 18984299 0
6 14993 rs1343962 123749752 1 -9.92300146946672e-4 123749752 123749752 0
6 17517 rs1494309 151024280 1 9.91907023330358e-4 151024280 151024280 0
6 957 rs7453084 8352004 1 9.906860667632808e-4 8352004 8352004 0
6 604 rs2326632 5625287 1 9.905281265787367e-4 5625287 5625287 0
6 14555 rs9398511 119728438 1 -9.889539751935334e-4 119728438 119728438 0
6 2935 rs807531 24548972 2 9.88657685282885e-4 24548972 24548972 0
6 6667 rs9394200 34218718 1 9.878130437594754e-4 34218718 34218718 0
6 8148 rs16879498 49580247 1 9.855817177980611e-4 49580247 49580247 0
6 305 rs4149352 3002238 1 -9.847313066701114e-4 3002238 3002238 0
6 2822 rs12215160 24142938 1 -9.82338531153517e-4 24142938 24142938 0
6 14052 rs1889556 114479520 2 -9.816043820071426e-4 114479520 114479520 0
6 2210 rs6910563 19610835 2 -9.80888575536621e-4 19610835 19610835 0
6 18384 rs926657 159463452 1 9.801397283298937e-4 159463452 159463452 0
6 9145 rs2459572 63993375 2 -9.781981074569132e-4 63993375 63993375 0
6 19848 rs3012361 170448999 2 9.7819747135556e-4 170448999 170448999 0
6 15453 rs2326864 130094398 1 -9.76351839619334e-4 130094398 130094398 0
6 4563 rs567302900 30719909 1 -9.735786636179934e-4 30719909 30719909 0
6 1027 rs13209110 9139583 1 9.72628390798196e-4 9139583 9139583 0
6 14549 rs7765368 119678456 1 -9.718766793495256e-4 119678456 119678456 0
6 3446 rs200479 27771684 2 9.7116475332732e-4 27771684 27771684 0
6 17305 rs9485370 149606801 1 -9.701050000932956e-4 149606801 149606801 0
6 17849 rs6557273 153443159 1 -9.68510383835122e-4 153443159 153443159 0
6 16143 rs28385692 137482840 1 9.680786199568282e-4 137482840 137482840 0
6 15054 rs6905913 124346434 1 9.670549549539912e-4 124346434 124346434 0
6 13503 rs4946862 108088635 1 -9.643378328511612e-4 108088635 108088635 0
6 2509 rs6909060 21986847 2 9.639697146626306e-4 21986847 21986847 0
6 6961 rs6918432 36940273 1 9.632177451035256e-4 36940273 36940273 0
6 1900 rs4236170 17083865 2 9.627665247233904e-4 17083865 17083865 0
6 19369 rs2028792 166572941 1 -9.607652616896786e-4 166572941 166572941 0
6 13344 rs6920944 106637575 2 -9.531087231876289e-4 106637575 106637575 0
6 533 rs431060 5004596 1 9.521772647370784e-4 5004596 5004596 0
6 18496 rs2297371 160525187 1 -9.485982708410532e-4 160525187 160525187 0
6 11943 rs1923075 91376033 1 9.468059329591593e-4 91376033 91376033 0
6 13412 rs12333016 107099191 1 -9.455844613575742e-4 107099191 107099191 0
6 16729 rs7738300 144056863 1 9.452579250325598e-4 144056863 144056863 0
6 6265 rs378352 32974934 1 9.42998485920084e-4 32974934 32974934 0
6 9709 rs1336653 69733420 1 9.420782609632506e-4 69733420 69733420 0
6 7096 rs13210334 38628282 2 -9.420171423959274e-4 38628282 38628282 0
6 7945 rs571247 46826844 1 -9.395537019730104e-4 46826844 46826844 0
6 1518 rs497505 13355485 1 -9.391790776497082e-4 13355485 13355485 0
6 9788 rs11753925 70776980 1 9.379926521923824e-4 70776980 70776980 0
6 17080 rs4121999 148105936 1 9.37241821191315e-4 148105936 148105936 0
6 259 rs12203065 2666478 1 -9.365751636888424e-4 2666478 2666478 0
6 12494 rs9322777 96681831 1 9.347494709046342e-4 96681831 96681831 0
6 7733 rs9369454 44087665 1 -9.318054892375388e-4 44087665 44087665 0
6 7658 rs2104142 43209739 1 9.308939755619604e-4 43209739 43209739 0
6 7109 rs1049346 38670837 1 -9.306466092471946e-4 38670837 38670837 0
6 17409 rs11760085 150591429 2 9.294278965570224e-4 150591429 150591429 0
6 10631 rs9361361 78833986 1 9.267224464044915e-4 78833986 78833986 0
6 6022 rs2621367 32768721 1 9.252672524202178e-4 32768721 32768721 0
6 19310 rs11756707 166303168 1 9.244949242274492e-4 166303168 166303168 0
6 16026 rs7776054 135418916 1 -9.23747494264602e-4 135418916 135418916 0
6 18112 rs7771021 156258961 1 -9.233996704571378e-4 156258961 156258961 0
6 12172 rs1040155 93561150 1 9.231340559493636e-4 93561150 93561150 0
6 2906 rs2744570 24487434 1 -9.211040191164762e-4 24487434 24487434 0
6 7562 rs4714574 42125482 1 -9.188783423496968e-4 42125482 42125482 0
6 16665 rs161057 143806551 1 9.185548595739204e-4 143806551 143806551 0
6 3542 rs17312661 28300336 1 -9.15885032650796e-4 28300336 28300336 0
6 173 rs6909392 1689518 2 -9.154493642107174e-4 1689518 1689518 0
6 6652 rs1472037 34055679 1 9.149373163482568e-4 34055679 34055679 0
6 11208 rs7774773 84675796 1 9.14809829794694e-4 84675796 84675796 0
6 15465 rs9402186 130171667 1 9.124712006481164e-4 130171667 130171667 0
6 9919 rs16881130 72034919 1 -9.099753022013028e-4 72034919 72034919 0
6 13020 rs2235076 102516260 1 -9.069684204529884e-4 102516260 102516260 0
6 8686 rs3756808 54171624 1 9.049200449907806e-4 54171624 54171624 0
6 18654 rs9355870 161495658 1 9.029919963991617e-4 161495658 161495658 0
6 12095 rs9294529 92938341 1 9.026309949836056e-4 92938341 92938341 0
6 8022 rs12523687 47469136 1 -9.023328399860236e-4 47469136 47469136 0
6 11617 rs2307377 88367635 1 9.021764108021452e-4 88367635 88367635 0
6 14752 rs1273728 121451095 1 9.017734021684056e-4 121451095 121451095 0
6 18032 rs1571766 155577823 1 8.999473101920727e-4 155577823 155577823 0
6 14418 rs205915 118532549 1 -8.948242500879755e-4 118532549 118532549 0
6 8615 rs6458972 53755300 1 -8.93549500362774e-4 53755300 53755300 0
6 7393 rs9349160 40600642 1 -8.920623168507027e-4 40600642 40600642 0
6 8246 rs1536504 51206168 2 -8.908989522488559e-4 51206168 51206168 0
6 7506 rs728826 41443615 1 -8.902945894290282e-4 41443615 41443615 0
6 10727 rs6913297 79990109 1 8.89549336629478e-4 79990109 79990109 0
6 15376 rs7751685 129422405 1 -8.891461738022896e-4 129422405 129422405 0
6 14801 rs4946572 121809450 1 -8.875614547524101e-4 121809450 121809450 0
6 6880 rs9470278 36399239 1 8.874842299260787e-4 36399239 36399239 0
6 17021 rs1408575 147222900 1 8.831508570471842e-4 147222900 147222900 0
6 18008 rs7744915 155368063 2 -8.805366807407487e-4 155368063 155368063 0
6 1231 rs55893495 11104251 1 -8.802132803127832e-4 11104251 11104251 0
6 816 rs9505109 7274354 1 -8.791203134678094e-4 7274354 7274354 0
6 11458 rs61875 86855532 1 8.77955340671905e-4 86855532 86855532 0
6 10098 rs1147570 73308513 2 8.77319270525074e-4 73308513 73308513 0
6 15066 rs9482518 124543314 1 -8.768455459478068e-4 124543314 124543314 0
6 18739 rs2022991 162248169 1 -8.762736921456565e-4 162248169 162248169 0
6 5766 rs3129943 32338695 2 -8.741614690629487e-4 32338695 32338695 0
6 12817 rs13193313 100108500 2 -8.732475235679093e-4 100108500 100108500 0
6 10412 rs12198063 77290799 1 -8.725955307777386e-4 77290799 77290799 0
6 16373 rs632057 139834012 1 8.685568030251941e-4 139834012 139834012 0
6 18570 rs7758229 160840252 1 -8.654492758511801e-4 160840252 160840252 0
6 13912 rs10456882 113062961 1 -8.644080004007642e-4 113062961 113062961 0
6 12835 rs7742890 100197285 1 8.605411137405422e-4 100197285 100197285 0
6 16149 rs17256861 137587469 1 -8.59022537520682e-4 137587469 137587469 0
6 16716 rs13195247 144002283 1 8.586207141349427e-4 144002283 144002283 0
6 1366 rs3777772 12135434 1 8.578175348019207e-4 12135434 12135434 0
6 4264 rs1557608 30118582 1 8.556927764622514e-4 30118582 30118582 0
6 18113 rs6920311 156261012 1 8.552162880746913e-4 156261012 156261012 0
6 11419 rs6900270 86214507 1 8.547637876817629e-4 86214507 86214507 0
6 18682 rs6455717 161725801 1 -8.532314071947586e-4 161725801 161725801 0
6 18173 rs2603450 156720114 1 -8.516826388708341e-4 156720114 156720114 0
6 19451 rs2178806 167218762 2 8.512892760253309e-4 167218762 167218762 0
6 9075 rs4276508 57712617 1 8.489229629645115e-4 57712617 57712617 0
6 11501 rs9342077 87219320 1 8.471198563774939e-4 87219320 87219320 0
6 15410 rs7356971 129699599 1 -8.464248410010725e-4 129699599 129699599 0
6 15069 rs713215 124603670 1 8.460737007436979e-4 124603670 124603670 0
6 14850 rs1402538 122388851 1 8.453621481752669e-4 122388851 122388851 0
6 14717 rs6569169 121265141 1 8.447837193533274e-4 121265141 121265141 0
6 12333 rs386272 95022980 1 8.438144480026804e-4 95022980 95022980 0
6 13358 rs17066910 106821393 1 8.418470385509011e-4 106821393 106821393 0
6 296 rs11242807 2906147 2 8.391846040673532e-4 2906147 2906147 0
6 4876 rs3132538 31113842 1 -8.383645661717579e-4 31113842 31113842 0
6 4153 rs2240619 29975453 1 8.38185626052676e-4 29975453 29975453 0
6 2441 rs1459044 21250287 1 8.380084008238047e-4 21250287 21250287 0
6 11067 rs9449392 82776291 1 -8.364085236338933e-4 82776291 82776291 0
6 18886 rs7756486 163023850 1 8.358696329457134e-4 163023850 163023850 0
6 19075 rs9458996 164541324 1 -8.326460094569769e-4 164541324 164541324 0
6 15614 rs9375796 131340998 1 8.318679039619342e-4 131340998 131340998 0
6 116 rs4959528 1216398 1 8.296523287272043e-4 1216398 1216398 0
6 15333 rs9492001 128879393 1 -8.276978597621679e-4 128879393 128879393 0
6 6722 rs9368842 34942380 1 8.271826180962164e-4 34942380 34942380 0
6 2971 rs6930916 24881498 2 8.243132422633353e-4 24881498 24881498 0
6 15805 rs6934190 133116664 1 -8.2299093623464e-4 133116664 133116664 0
6 19570 rs6455484 168506045 1 8.222907390286773e-4 168506045 168506045 0
6 9450 rs11753317 67109478 1 -8.219158845453199e-4 67109478 67109478 0
6 16193 rs526077 137920217 1 8.217123760406554e-4 137920217 137920217 0
6 13454 rs2500585 107637582 2 8.19894022041026e-4 107637582 107637582 0
6 7689 rs945128 43710756 1 8.195403609680196e-4 43710756 43710756 0
6 6937 rs236402 36772000 1 -8.182125506735448e-4 36772000 36772000 0
6 8231 rs927716 51052686 1 -8.1712176251761e-4 51052686 51052686 0
6 6026 rs2857118 32777900 1 -8.169251476281778e-4 32777900 32777900 0
6 16055 rs1547079 135749202 1 -8.168849534262648e-4 135749202 135749202 0
6 7351 rs10498748 40298297 1 -8.16308989030998e-4 40298297 40298297 0
6 19861 rs2024694 170620572 1 -8.161360359633371e-4 170620572 170620572 0
6 13496 rs6568489 108039149 1 8.138537604133765e-4 108039149 108039149 0
6 17455 rs4134337 150776874 1 8.138234313252533e-4 150776874 150776874 0
6 13077 rs10484475 103614455 1 8.137073012307724e-4 103614455 103614455 0
6 17014 rs9390434 147189967 1 -8.113922534087041e-4 147189967 147189967 0
6 14793 rs6931977 121790695 1 -8.112821847278391e-4 121790695 121790695 0
6 1448 rs6941877 12941017 1 -8.0895420223392e-4 12941017 12941017 0
6 16045 rs6922541 135482819 1 -8.072883008829135e-4 135482819 135482819 0
6 14942 rs7762002 123323407 1 7.995727574415638e-4 123323407 123323407 0
6 9240 rs9345560 65577402 1 -7.990082126400922e-4 65577402 65577402 0
6 12188 rs554089 93678513 1 -7.966885472908908e-4 93678513 93678513 0
6 15050 rs1022105 124329676 2 -7.942407315545901e-4 124329676 124329676 0
6 4146 rs2735067 29951106 1 -7.930070191242086e-4 29951106 29951106 0
6 7821 rs1285019 45167672 2 -7.929303319205923e-4 45167672 45167672 0
6 2968 rs2817747 24869300 1 -7.905099757650275e-4 24869300 24869300 0
6 1417 rs16873023 12585656 1 7.898331659895426e-4 12585656 12585656 0
6 3311 rs13194984 26500563 1 -7.88122712493451e-4 26500563 26500563 0
6 17269 rs11155621 149426907 1 7.829738458057615e-4 149426907 149426907 0
6 17197 rs8641 148869910 1 7.770440372531633e-4 148869910 148869910 0
6 15767 rs2840835 132871758 1 7.751472440293593e-4 132871758 132871758 0
6 7826 rs9472451 45198796 1 7.747073315238032e-4 45198796 45198796 0
6 19429 rs6919949 167065891 1 7.742423970935649e-4 167065891 167065891 0
6 17365 rs12213837 150368963 1 -7.739885354426079e-4 150368963 150368963 0
6 825 rs1322219 7539954 1 7.739234381184364e-4 7539954 7539954 0
6 1608 rs10949239 14322665 1 -7.732247962277813e-4 14322665 14322665 0
6 137 rs9405475 1441282 1 7.681527450412318e-4 1441282 1441282 0
6 1133 rs13195786 10163968 1 7.66350042857213e-4 10163968 10163968 0
6 14420 rs12202829 118538069 2 -7.658552968786845e-4 118538069 118538069 0
6 18023 rs7756965 155503151 1 -7.599687987019977e-4 155503151 155503151 0
6 14286 rs12204228 117435058 1 -7.591455542271532e-4 117435058 117435058 0
6 19664 rs1407514 169153014 1 -7.558562790599031e-4 169153014 169153014 0
6 15472 rs9375677 130232043 2 -7.552899862677787e-4 130232043 130232043 0
6 18832 rs9365410 162795058 1 7.550134052186286e-4 162795058 162795058 0
6 15546 rs10485241 130856614 2 7.540928312204033e-4 130856614 130856614 0
6 9261 rs1929723 65857285 1 -7.525566535171377e-4 65857285 65857285 0
6 3686 rs3130826 29181314 1 7.509789604098285e-4 29181314 29181314 0
6 10322 rs240734 75847036 1 -7.507991470569462e-4 75847036 75847036 0
6 13597 rs13195517 109736253 1 7.496832982388014e-4 109736253 109736253 0
6 15717 rs6914252 132377974 1 7.424306267951737e-4 132377974 132377974 0
6 2476 rs4712624 21693152 1 7.415254067051346e-4 21693152 21693152 0
6 17592 rs9397389 151629865 2 -7.393619997697663e-4 151629865 151629865 0
6 15419 rs9402140 129876535 1 7.390567579912809e-4 129876535 129876535 0
6 5644 rs2267644 32192560 1 -7.389058294361647e-4 32192560 32192560 0
6 138 rs9405484 1498457 1 -7.375953785204073e-4 1498457 1498457 0
6 12200 rs1930934 93842533 1 7.371593620823326e-4 93842533 93842533 0
6 1802 rs9383153 16343056 1 7.37107983321964e-4 16343056 16343056 0
6 3546 rs9468344 28309569 1 -7.354246142153394e-4 28309569 28309569 0
6 19595 rs9364244 168750052 1 7.353585501765972e-4 168750052 168750052 0
6 349 rs744375 3349908 1 -7.352174308527957e-4 3349908 3349908 0
6 9154 rs9294202 64138954 2 -7.345045795609356e-4 64138954 64138954 0
6 12186 rs1338266 93646297 1 -7.304633635356591e-4 93646297 93646297 0
6 13343 rs9386514 106636902 1 -7.304103099770148e-4 106636902 106636902 0
6 1409 rs9296412 12540017 1 -7.292710928861203e-4 12540017 12540017 0
6 15947 rs11968128 134445802 1 -7.271305865143981e-4 134445802 134445802 0
6 8111 rs2516114 49162686 1 7.262192429953968e-4 49162686 49162686 0
6 8997 rs4715607 56156125 1 7.256630300418365e-4 56156125 56156125 0
6 14297 rs508278 117646772 1 7.228704312209151e-4 117646772 117646772 0
6 10315 rs9447314 75557870 1 -7.221408228858096e-4 75557870 75557870 0
6 15438 rs9375656 130010372 1 -7.201982940451537e-4 130010372 130010372 0
6 2796 rs9295609 23979222 1 -7.184957427958604e-4 23979222 23979222 0
6 6724 rs6457799 34960744 1 -7.183550358737113e-4 34960744 34960744 0
6 10125 rs9283796 73596433 1 7.17245713743793e-4 73596433 73596433 0
6 11464 rs2143772 86874355 1 -7.163625053732844e-4 86874355 86874355 0
6 13338 rs1012894 106597639 1 7.1525346406366e-4 106597639 106597639 0
6 6859 rs4713942 36227308 1 7.146515478482459e-4 36227308 36227308 0
6 19364 rs6914547 166567345 1 -7.123805607151489e-4 166567345 166567345 0
6 9297 rs6909236 66249610 2 7.08320913239475e-4 66249610 66249610 0
6 17957 rs11966566 154607017 1 7.078456838040008e-4 154607017 154607017 0
6 15363 rs9482955 129236954 1 7.059936212965491e-4 129236954 129236954 0
6 19076 rs9347819 164549712 1 -7.052439546530019e-4 164549712 164549712 0
6 3688 rs12660419 29191548 2 -7.040210711990369e-4 29191548 29191548 0
6 17931 rs677830 154428666 1 -7.017405826593193e-4 154428666 154428666 0
6 847 rs9406042 7623854 1 -7.013679364014886e-4 7623854 7623854 0
6 19098 rs1340076 164752315 1 -7.008623285719045e-4 164752315 164752315 0
6 6783 rs1053049 35395618 1 7.004323088346239e-4 35395618 35395618 0
6 15971 rs11154774 134847175 2 6.998062443915124e-4 134847175 134847175 0
6 5327 rs2516312 31539435 1 6.994844780726134e-4 31539435 31539435 0
6 19324 rs697462 166374108 1 6.965583222863713e-4 166374108 166374108 0
6 16555 rs6570507 142679572 1 -6.941746274990946e-4 142679572 142679572 0
6 17546 rs803407 151156327 1 -6.917209798501753e-4 151156327 151156327 0
6 10977 rs9443877 81859711 1 -6.91569851396712e-4 81859711 81859711 0
6 1017 rs17403999 9017266 1 6.899579238158608e-4 9017266 9017266 0
6 5799 rs115653647 32370993 1 6.898610109627408e-4 32370993 32370993 0
6 8468 rs11752349 52739537 1 -6.892611073199185e-4 52739537 52739537 0
6 14945 rs9385283 123343461 1 -6.884755742348964e-4 123343461 123343461 0
6 399 rs6596999 3781719 1 6.883706069652138e-4 3781719 3781719 0
6 9116 rs10805968 63309588 1 6.874785006662815e-4 63309588 63309588 0
6 29 rs2064302 556106 2 -6.865730832438291e-4 556106 556106 0
6 10001 rs1328704 72453473 2 -6.841711767290826e-4 72453473 72453473 0
6 5942 rs3873444 32682724 1 6.83055162416326e-4 32682724 32682724 0
6 1808 rs2237209 16420840 1 -6.822990052127665e-4 16420840 16420840 0
6 266 rs34953021 2685775 1 -6.818135660863471e-4 2685775 2685775 0
6 2923 rs1569579 24513636 1 -6.801738917420236e-4 24513636 24513636 0
6 12555 rs11967227 97316278 1 -6.799624340596106e-4 97316278 97316278 0
6 9310 rs6902867 66298313 1 6.791190138263938e-4 66298313 66298313 0
6 5651 rs9378123 32196864 1 -6.78740621018232e-4 32196864 32196864 0
6 159 rs2569879 1663565 1 -6.782331856588187e-4 1663565 1663565 0
6 14938 rs12205678 123253629 1 -6.779989328717326e-4 123253629 123253629 0
6 17308 rs556335 149670878 1 6.774763116551192e-4 149670878 149670878 0
6 15679 rs858338 132153207 1 6.766897738329815e-4 132153207 132153207 0
6 6095 rs241439 32797537 2 6.762645848008489e-4 32797537 32797537 0
6 17340 rs9479094 150046219 1 -6.736828459136794e-4 150046219 150046219 0
6 8450 rs2063643 52478364 2 -6.736186663062014e-4 52478364 52478364 0
6 8038 rs13205100 47687007 1 6.731464818180153e-4 47687007 47687007 0
6 15730 rs9483384 132450342 1 -6.727392068179693e-4 132450342 132450342 0
6 16398 rs13216266 140017757 1 -6.723414947393604e-4 140017757 140017757 0
6 15505 rs9483083 130416949 1 6.71436877183301e-4 130416949 130416949 0
6 18972 rs7760002 163683522 1 -6.690008001725836e-4 163683522 163683522 0
6 495 rs1971444 4664262 1 -6.674569102536776e-4 4664262 4664262 0
6 9656 rs483076 69549098 1 -6.659174965263591e-4 69549098 69549098 0
6 8942 rs9475382 55570809 1 6.65679671500747e-4 55570809 55570809 0
6 6976 rs4714043 37169627 1 -6.634216315967538e-4 37169627 37169627 0
6 19621 rs2255680 168927449 2 -6.622548869864881e-4 168927449 168927449 0
6 3724 rs238883 29346226 1 -6.618625738878473e-4 29346226 29346226 0
6 16567 rs17071819 142818428 1 6.617224459352363e-4 142818428 142818428 0
6 7703 rs943080 43826627 1 -6.609113869623232e-4 43826627 43826627 0
6 2381 rs11967068 20841593 1 6.603216861442854e-4 20841593 20841593 0
6 7943 rs6458524 46817931 2 -6.596064702061892e-4 46817931 46817931 0
6 14722 rs9490099 121296521 1 -6.58061561959207e-4 121296521 121296521 0
6 14354 rs505625 118152560 1 -6.580478512707343e-4 118152560 118152560 0
6 12958 rs2518245 101967710 1 -6.574768017767793e-4 101967710 101967710 0
6 1661 rs4715925 14807697 1 6.559350380649855e-4 14807697 14807697 0
6 7365 rs934465 40370499 1 -6.552606300003136e-4 40370499 40370499 0
6 17295 rs7758080 149577079 1 6.547082590037405e-4 149577079 149577079 0
6 6943 rs236387 36784327 1 6.536713346785555e-4 36784327 36784327 0
6 18409 rs9365057 159808288 1 6.532794524521557e-4 159808288 159808288 0
6 17514 rs9322272 151017733 1 6.511709250680374e-4 151017733 151017733 0
6 6758 rs2395617 35285720 1 6.511059662047791e-4 35285720 35285720 0
6 2616 rs9366470 22678728 1 -6.506642364676868e-4 22678728 22678728 0
6 1326 rs1033423 11822003 1 -6.489227437685161e-4 11822003 11822003 0
6 633 rs6942389 5980711 1 -6.48872230846476e-4 5980711 5980711 0
6 8056 rs7740768 47788531 2 -6.465841485745949e-4 47788531 47788531 0
6 14586 rs17081487 119965344 1 -6.46031060488169e-4 119965344 119965344 0
6 1504 rs9296642 13298184 1 -6.444486505068825e-4 13298184 13298184 0
6 16859 rs2328629 145348881 1 -6.422616522354329e-4 145348881 145348881 0
6 2229 rs6920825 19732492 1 6.416528217489559e-4 19732492 19732492 0
6 16915 rs2136319 145774684 1 -6.402481817788558e-4 145774684 145774684 0
6 14695 rs2789034 121172873 1 -6.399992546706158e-4 121172873 121172873 0
6 7915 rs3757241 46623698 1 -6.390873145561679e-4 46623698 46623698 0
6 19185 rs9355519 165368163 1 -6.38791501561988e-4 165368163 165368163 0
6 12675 rs1481449 98971740 1 6.341613838514846e-4 98971740 98971740 0
6 2070 rs10484370 18578387 2 -6.328166643735803e-4 18578387 18578387 0
6 14144 rs9374564 116014608 1 -6.326867016285435e-4 116014608 116014608 0
6 12239 rs4706437 94051172 1 -6.295944894078123e-4 94051172 94051172 0
6 8640 rs2397153 53882366 2 -6.274339522861733e-4 53882366 53882366 0
6 9691 rs3823064 69681617 2 -6.259591599315525e-4 69681617 69681617 0
6 16060 rs4896151 135829796 1 -6.259464026712496e-4 135829796 135829796 0
6 1389 rs1334305 12396682 1 6.259246188251748e-4 12396682 12396682 0
6 14827 rs6569227 122043606 1 6.248638888679862e-4 122043606 122043606 0
6 12286 rs7765999 94568431 1 6.242172740453305e-4 94568431 94568431 0
6 882 rs267184 7833429 1 6.236466000928763e-4 7833429 7833429 0
6 7831 rs1321081 45355609 1 -6.232688923166676e-4 45355609 45355609 0
6 16425 rs2328026 140475571 1 6.229169762633222e-4 140475571 140475571 0
6 18475 rs3798201 160403788 1 -6.228906961856497e-4 160403788 160403788 0
6 410 rs2490045 3860010 1 6.212027175188765e-4 3860010 3860010 0
6 5322 rs928815 31531215 1 -6.2049681124608e-4 31531215 31531215 0
6 16551 rs9376683 142626699 1 -6.16329976926458e-4 142626699 142626699 0
6 9749 rs1296346 70060225 1 -6.162774994827177e-4 70060225 70060225 0
6 10374 rs9352247 76645803 1 6.16276644796232e-4 76645803 76645803 0
6 10429 rs9352373 77394934 1 6.129083022691124e-4 77394934 77394934 0
6 11968 rs2325337 91636139 1 -6.122530005568687e-4 91636139 91636139 0
6 10960 rs6910151 81713515 1 -6.119717383325526e-4 81713515 81713515 0
6 9838 rs564031 71008339 1 6.115505034081971e-4 71008339 71008339 0
6 635 rs7748174 5995651 1 -6.111359751800381e-4 5995651 5995651 0
6 7904 rs9349363 46459974 1 -6.102571698466278e-4 46459974 46459974 0
6 17193 rs1147858 148838112 1 6.096610433353564e-4 148838112 148838112 0
6 10613 rs9361324 78684899 1 6.09556633969057e-4 78684899 78684899 0
6 7606 rs425876 42666145 1 -6.088144710364321e-4 42666145 42666145 0
6 3224 rs6906576 25956501 1 -6.085358191366796e-4 25956501 25956501 0
6 1203 rs13208635 10896075 1 6.084589741436428e-4 10896075 10896075 0
6 5562 rs17201602 32063681 1 -6.084392914664602e-4 32063681 32063681 0
6 12283 rs6942214 94553885 1 -6.079846888183986e-4 94553885 94553885 0
6 8536 rs1429143 53264485 1 6.058243410488472e-4 53264485 53264485 0
6 14712 rs12193473 121260089 1 6.052505112490566e-4 121260089 121260089 0
6 7973 rs45598235 46977783 2 -6.051710235692342e-4 46977783 46977783 0
6 9476 rs9453873 67384568 1 6.024901272346855e-4 67384568 67384568 0
6 9457 rs6924193 67157506 1 6.024523004998087e-4 67157506 67157506 0
6 19264 rs720701 166011637 1 5.996055004084029e-4 166011637 166011637 0
6 9446 rs6900214 67088132 1 -5.993966910696597e-4 67088132 67088132 0
6 9082 rs213789 62336831 1 -5.982459810564442e-4 62336831 62336831 0
6 11946 rs9362770 91406809 1 -5.97506553391763e-4 91406809 91406809 0
6 13532 rs2802288 108896215 1 -5.968002295783146e-4 108896215 108896215 0
6 1494 rs413120 13280641 1 -5.953862003085171e-4 13280641 13280641 0
6 16324 rs10872499 139193603 2 -5.936753185246443e-4 139193603 139193603 0
6 5417 rs805287 31678730 1 -5.908510552028995e-4 31678730 31678730 0
6 1796 rs11969354 16289328 1 -5.906890413580019e-4 16289328 16289328 0
6 15371 rs11154461 129368803 1 5.901793091521917e-4 129368803 129368803 0
6 15702 rs233909 132307750 1 -5.896457492931961e-4 132307750 132307750 0
6 14743 rs56300302 121401996 1 -5.874973427994754e-4 121401996 121401996 0
6 9869 rs1619936 71598545 1 -5.872041583006488e-4 71598545 71598545 0
6 15437 rs17057571 129996025 1 -5.861247265561998e-4 129996025 129996025 0
6 11640 rs4391239 88601364 1 -5.847092463552612e-4 88601364 88601364 0
6 2356 rs6928012 20728513 1 -5.84206306822969e-4 20728513 20728513 0
6 10621 rs9361346 78760724 2 -5.818041801490315e-4 78760724 78760724 0
6 10115 rs9293911 73470432 1 5.812007574516326e-4 73470432 73470432 0
6 9266 rs1145943 65882186 1 5.809547615299716e-4 65882186 65882186 0
6 8155 rs9463520 49592298 1 5.790481603965156e-4 49592298 49592298 0
6 18818 rs9458512 162737217 1 5.787122598281489e-4 162737217 162737217 0
6 11806 rs9451253 90321146 1 -5.766393773840428e-4 90321146 90321146 0
6 18878 rs9347666 162980498 1 -5.74582998635093e-4 162980498 162980498 0
6 8707 rs3736352 54254589 1 -5.743396481152435e-4 54254589 54254589 0
6 15630 rs3777491 131590766 1 5.741453852966377e-4 131590766 131590766 0
6 2336 rs4712523 20657564 1 5.718214410996564e-4 20657564 20657564 0
6 11339 rs7739166 85737235 1 -5.71419392377842e-4 85737235 85737235 0
6 14355 rs771183 118157314 1 -5.709345210381017e-4 118157314 118157314 0
6 13421 rs2077953 107158033 1 5.69960664213014e-4 107158033 107158033 0
6 15610 rs6921207 131327956 1 5.698515001603382e-4 131327956 131327956 0
6 10714 rs11547228 79692751 1 5.692417129299029e-4 79692751 79692751 0
6 9682 rs1932618 69666684 1 5.686965501528106e-4 69666684 69666684 0
6 7453 rs11962624 41176759 1 -5.664664571777081e-4 41176759 41176759 0
6 13537 rs564376 109032000 1 5.662036901753232e-4 109032000 109032000 0
6 12154 rs9345265 93378241 1 -5.651152605824038e-4 93378241 93378241 0
6 1483 rs12660341 13231980 1 -5.643993729762808e-4 13231980 13231980 0
6 7857 rs10498762 45743286 1 -5.643340569890176e-4 45743286 45743286 0
6 17259 rs6917010 149398511 1 5.591899871344324e-4 149398511 149398511 0
6 341 rs6910086 3287118 1 -5.583064522115884e-4 3287118 3287118 0
6 10254 rs9360769 74998457 1 5.577679333296751e-4 74998457 74998457 0
6 773 rs1887509 6882117 1 5.57260318764211e-4 6882117 6882117 0
6 12999 rs2791829 102293249 1 5.563526373901943e-4 102293249 102293249 0
6 7344 rs1077329 40225964 1 -5.541043667011262e-4 40225964 40225964 0
6 15780 rs9389008 132915398 1 5.531388910501916e-4 132915398 132915398 0
6 16873 rs4141953 145422462 2 -5.525451848661532e-4 145422462 145422462 0
6 12068 rs7746039 92601636 1 -5.525410521877803e-4 92601636 92601636 0
6 17434 rs657972 150721401 1 5.521983263864471e-4 150721401 150721401 0
6 13417 rs2015205 107113715 1 -5.508434952653028e-4 107113715 107113715 0
6 16192 rs526676 137891497 2 5.491829173673535e-4 137891497 137891497 0
6 18198 rs9384478 156916766 1 -5.486118160549893e-4 156916766 156916766 0
6 2937 rs807534 24551664 1 5.462900339332913e-4 24551664 24551664 0
6 10995 rs11756740 82109125 1 5.450348492996673e-4 82109125 82109125 0
6 8937 rs4236134 55443352 1 -5.449644219326959e-4 55443352 55443352 0
6 19204 rs395044 165434315 1 -5.44166357387534e-4 165434315 165434315 0
6 11515 rs9294358 87333241 1 -5.436579562632945e-4 87333241 87333241 0
6 3515 rs9295768 28209102 1 -5.42645978517111e-4 28209102 28209102 0
6 2421 rs77152992 21065449 2 5.408349970001205e-4 21065449 21065449 0
6 943 rs6930720 8171106 1 5.40778997067033e-4 8171106 8171106 0
6 6138 rs41561219 32816443 1 -5.399918325363168e-4 32816443 32816443 0
6 6975 rs262902 37116078 1 5.399667181753149e-4 37116078 37116078 0
6 14854 rs1402537 122416108 1 -5.37173044241527e-4 122416108 122416108 0
6 16104 rs1028332 136764016 1 -5.366694698630776e-4 136764016 136764016 0
6 3051 rs880226 25402303 1 -5.366430839190732e-4 25402303 25402303 0
6 14749 rs9398622 121443375 1 5.355267997331123e-4 121443375 121443375 0
6 11725 rs6901395 89432362 1 -5.31432550693603e-4 89432362 89432362 0
6 9128 rs4710390 63665146 1 -5.310713366057659e-4 63665146 63665146 0
6 16444 rs1856384 141214296 1 5.303843818216531e-4 141214296 141214296 0
6 10013 rs7766423 72561091 1 -5.286654894644528e-4 72561091 72561091 0
6 13081 rs513091 103629777 1 -5.279962049364098e-4 103629777 103629777 0
6 7203 rs4254984 39059679 1 5.255443591953847e-4 39059679 39059679 0
6 12202 rs2147222 93845633 1 5.25081214093923e-4 93845633 93845633 0
6 1069 rs4386821 9553237 1 5.240908742624002e-4 9553237 9553237 0
6 7571 rs61758087 42232509 1 5.240618501912525e-4 42232509 42232509 0
6 7925 rs41273658 46656557 1 5.215430770818404e-4 46656557 46656557 0
6 15194 rs17708107 126163599 1 5.208699635851383e-4 126163599 126163599 0
6 8230 rs12211727 51048668 1 -5.201737489814225e-4 51048668 51048668 0
6 17088 rs9485225 148160266 1 5.198019452128773e-4 148160266 148160266 0
6 8607 rs3001009 53704330 1 5.191130060863971e-4 53704330 53704330 0
6 14198 rs1931897 116440007 1 -5.178129218703649e-4 116440007 116440007 0
6 4681 rs3873334 30896147 1 -5.175597485862933e-4 30896147 30896147 0
6 2973 rs2474149 24885379 1 -5.16971572434512e-4 24885379 24885379 0
6 39 rs12530461 614353 1 5.161868945702105e-4 614353 614353 0
6 14841 rs1357053 122298807 1 5.157044576333855e-4 122298807 122298807 0
6 10752 rs9294143 80111104 1 5.135600906066909e-4 80111104 80111104 0
6 1710 rs16876571 15524679 1 -5.124535201019088e-4 15524679 15524679 0
6 17560 rs561882 151294238 1 5.123622847827817e-4 151294238 151294238 0
6 1511 rs1866863 13336815 1 5.085578753841617e-4 13336815 13336815 0
6 12268 rs12211663 94282345 1 -5.081967404817211e-4 94282345 94282345 0
6 16195 rs6917072 137930302 1 5.072207116262482e-4 137930302 137930302 0
6 7644 rs9472007 43069344 1 5.063816774285952e-4 43069344 43069344 0
6 2358 rs4710943 20740019 1 5.057655062166301e-4 20740019 20740019 0
6 11201 rs9359570 84533341 1 -5.052722345651203e-4 84533341 84533341 0
6 8248 rs6915726 51217642 1 5.042546177216178e-4 51217642 51217642 0
6 11017 rs10943827 82355980 2 5.03282056567037e-4 82355980 82355980 0
6 1590 rs861208 14165108 1 -5.028703907602908e-4 14165108 14165108 0
6 15489 rs6904762 130328639 1 -5.018088687499016e-4 130328639 130328639 0
6 16648 rs9484719 143609638 1 -4.993032158655791e-4 143609638 143609638 0
6 7435 rs2294693 41005502 1 -4.989957803321114e-4 41005502 41005502 0
6 14501 rs12191819 119254373 2 -4.986686431618026e-4 119254373 119254373 0
6 7947 rs220673 46841806 1 4.970677323290249e-4 46841806 46841806 0
6 19348 rs1867596 166517429 2 -4.965745613767516e-4 166517429 166517429 0
6 1688 rs794791 15313789 1 4.963001049061079e-4 15313789 15313789 0
6 18593 rs41267807 160952816 1 4.962840048818332e-4 160952816 160952816 0
6 15212 rs9388472 126471447 1 4.962460170928405e-4 126471447 126471447 0
6 1329 rs16872095 11945778 1 4.948756198343908e-4 11945778 11945778 0
6 12812 rs10485222 100089848 1 4.945747334485827e-4 100089848 100089848 0
6 2280 rs865226 20191838 1 4.918540864001561e-4 20191838 20191838 0
6 6862 rs10947600 36269603 1 -4.912073321025082e-4 36269603 36269603 0
6 13173 rs2744164 104623596 1 4.912067448706348e-4 104623596 104623596 0
6 7184 rs9380818 38964131 1 -4.901743687543249e-4 38964131 38964131 0
6 17805 rs9371266 153057767 1 4.888867057604659e-4 153057767 153057767 0
6 9503 rs2502294 67792729 1 4.886005263425904e-4 67792729 67792729 0
6 14941 rs9372726 123305965 1 4.8734900560766894e-4 123305965 123305965 0
6 13854 rs2237248 112538465 1 4.8704075473381673e-4 112538465 112538465 0
6 59 rs3799330 707656 1 -4.869575532469953e-4 707656 707656 0
6 6495 rs211457 33365640 1 -4.866309684968549e-4 33365640 33365640 0
6 6041 rs2071475 32782387 2 4.855206840811255e-4 32782387 32782387 0
6 2550 rs9356821 22426161 1 4.8363692876181926e-4 22426161 22426161 0
6 18028 rs11751085 155561564 1 -4.8273184601193425e-4 155561564 155561564 0
6 14981 rs2043148 123703983 1 -4.801704133214114e-4 123703983 123703983 0
6 19345 rs3127389 166510596 1 -4.792887256105581e-4 166510596 166510596 0
6 6773 rs9462081 35376006 1 4.7839768421311e-4 35376006 35376006 0
6 17414 rs4869889 150660611 1 -4.782432329488521e-4 150660611 150660611 0
6 19597 rs9456079 168783451 1 4.762326500143018e-4 168783451 168783451 0
6 7726 rs2273309 43972845 1 4.7491462972724144e-4 43972845 43972845 0
6 17082 rs6916917 148127474 1 4.7454061524694656e-4 148127474 148127474 0
6 9057 rs6904307 57121684 1 4.743654177549802e-4 57121684 57121684 0
6 8255 rs1327279 51254126 1 4.73618452672825e-4 51254126 51254126 0
6 4785 rs2523882 31042217 1 4.7285798449122176e-4 31042217 31042217 0
6 19120 rs9347892 165072761 1 -4.725261774777374e-4 165072761 165072761 0
6 7052 rs11756830 38148413 1 -4.7147658266135354e-4 38148413 38148413 0
6 14800 rs6937659 121802312 1 -4.709326078063893e-4 121802312 121802312 0
6 1406 rs9369394 12512344 1 4.691327757082633e-4 12512344 12512344 0
6 15091 rs9320988 124704731 1 4.689768973879614e-4 124704731 124704731 0
6 19611 rs2609333 168903232 2 4.6888722161358905e-4 168903232 168903232 0
6 15398 rs12208401 129620506 1 4.685711045803227e-4 129620506 129620506 0
6 19030 rs4709767 164243122 1 -4.685641214139108e-4 164243122 164243122 0
6 19090 rs9346998 164667024 1 4.682544690926123e-4 164667024 164667024 0
6 7984 rs1630504 47104856 1 -4.671815110622031e-4 47104856 47104856 0
6 9534 rs3885925 67963392 1 -4.668105510266746e-4 67963392 67963392 0
6 7722 rs35703624 43968412 1 4.6626017310643503e-4 43968412 43968412 0
6 6498 rs3116713 33382288 1 -4.6533476619782814e-4 33382288 33382288 0
6 7221 rs6899384 39132435 2 4.6505741681520806e-4 39132435 39132435 0
6 2991 rs4712872 24990786 2 -4.633377564773551e-4 24990786 24990786 0
6 8472 rs651733 52789828 1 -4.61981236799772e-4 52789828 52789828 0
6 1287 rs821543 11498425 2 -4.617773900221099e-4 11498425 11498425 0
6 17987 rs1996736 154946658 1 -4.6167967555814864e-4 154946658 154946658 0
6 1865 rs547491 16745530 1 4.609120256432748e-4 16745530 16745530 0
6 13357 rs3862833 106815036 1 4.60862458908949e-4 106815036 106815036 0
6 18106 rs9384389 156209335 1 4.6066661902289375e-4 156209335 156209335 0
6 15144 rs7451644 125433716 1 -4.582034186760096e-4 125433716 125433716 0
6 6651 rs12211633 34050917 1 4.574071136458811e-4 34050917 34050917 0
6 2757 rs10498716 23762391 1 -4.573531778995989e-4 23762391 23762391 0
6 8992 rs1925164 56127267 1 4.570603140530044e-4 56127267 56127267 0
6 13969 rs6568783 113716570 1 -4.567937222749479e-4 113716570 113716570 0
6 1545 rs6899735 13847687 1 -4.552947138084243e-4 13847687 13847687 0
6 16103 rs7763427 136760658 1 -4.549498755281179e-4 136760658 136760658 0
6 16593 rs13206398 142991072 1 4.5465520339264614e-4 142991072 142991072 0
6 2490 rs1199349 21837250 1 4.533477507494281e-4 21837250 21837250 0
6 19117 rs9459153 165015966 1 -4.528496197900038e-4 165015966 165015966 0
6 4561 rs542519363 30715637 2 -4.4914311038614737e-4 30715637 30715637 0
6 18326 rs6913508 159111946 1 4.4891166703171954e-4 159111946 159111946 0
6 9620 rs777625 68898262 1 4.481881059833766e-4 68898262 68898262 0
6 10946 rs12527737 81607383 2 -4.475890722836029e-4 81607383 81607383 0
6 11600 rs2268996 88185777 1 -4.475574836842249e-4 88185777 88185777 0
6 18973 rs7750165 163697439 1 -4.470751576635643e-4 163697439 163697439 0
6 15513 rs4897379 130544761 1 -4.4672014241176105e-4 130544761 130544761 0
6 18834 rs2272786 162802744 1 4.452771461648391e-4 162802744 162802744 0
6 8711 rs9357804 54290333 1 -4.4410258487132166e-4 54290333 54290333 0
6 9284 rs9345609 66077188 1 4.433263896681071e-4 66077188 66077188 0
6 1981 rs6459579 17925240 1 -4.431699025008401e-4 17925240 17925240 0
6 4742 rs115194949 30993440 1 4.4208624180852455e-4 30993440 30993440 0
6 15481 rs1890142 130290443 2 4.41266155099064e-4 130290443 130290443 0
6 7646 rs3805931 43089429 2 -4.4011046071543505e-4 43089429 43089429 0
6 6954 rs707998 36925774 1 -4.4001961450808866e-4 36925774 36925774 0
6 12948 rs1465169 101880376 1 -4.391135928449567e-4 101880376 101880376 0
6 7559 rs9471778 42098079 1 -4.3803768838981906e-4 42098079 42098079 0
6 18290 rs3812099 158732602 1 -4.372154104834157e-4 158732602 158732602 0
6 7536 rs2479726 41898096 1 4.342985457006546e-4 41898096 41898096 0
6 13022 rs3849205 102601177 2 -4.338647367606124e-4 102601177 102601177 0
6 10706 rs1507152 79483474 1 -4.333447481953552e-4 79483474 79483474 0
6 12650 rs9372752 98626561 1 -4.282769545221221e-4 98626561 98626561 0
6 15579 rs7748328 131107930 1 -4.2732142754017274e-4 131107930 131107930 0
6 323 rs1885300 3029127 1 4.256406475252201e-4 3029127 3029127 0
6 16284 rs12527125 138821708 1 -4.2557175690996257e-4 138821708 138821708 0
6 3619 rs1954407 28695149 1 4.252665023248288e-4 28695149 28695149 0
6 1209 rs2788872 10947182 1 -4.231417841221317e-4 10947182 10947182 0
6 2047 rs10807623 18462492 1 -4.224617304364116e-4 18462492 18462492 0
6 15455 rs17473162 130140120 1 4.2231949208015353e-4 130140120 130140120 0
6 16065 rs4895453 135903717 1 -4.222512145790261e-4 135903717 135903717 0
6 16625 rs9496482 143256102 1 -4.2200476790618696e-4 143256102 143256102 0
6 9111 rs9293882 63280866 1 -4.2111452009164097e-4 63280866 63280866 0
6 15014 rs9385304 123893646 1 -4.200152630547447e-4 123893646 123893646 0
6 13672 rs2073211 110729270 1 4.19852637560876e-4 110729270 110729270 0
6 9747 rs17748715 70042045 1 -4.188771687625633e-4 70042045 70042045 0
6 611 rs9502340 5800202 1 -4.187069139602948e-4 5800202 5800202 0
6 14691 rs1339013 121157775 1 -4.185974453198815e-4 121157775 121157775 0
6 1903 rs4716110 17107168 1 -4.180128092911529e-4 17107168 17107168 0
6 3380 rs41269257 27277212 1 -4.170052925278997e-4 27277212 27277212 0
6 19878 rs4710720 170714331 1 -4.165472367980527e-4 170714331 170714331 0
6 8185 rs1429599 49744632 1 4.1635363121948776e-4 49744632 49744632 0
6 3608 rs13193532 28622914 1 -4.15780010908705e-4 28622914 28622914 0
6 3712 rs6930033 29323905 1 4.152693348075538e-4 29323905 29323905 0
6 7246 rs3734618 39284184 1 -4.147701129192011e-4 39284184 39284184 0
6 13953 rs9400601 113541196 1 4.146935166417816e-4 113541196 113541196 0
6 881 rs10498673 7825257 1 -4.142254139059756e-4 7825257 7825257 0
6 16268 rs203138 138599285 1 4.1412960457156485e-4 138599285 138599285 0
6 10579 rs7761742 78420432 1 -4.140509056935202e-4 78420432 78420432 0
6 7934 rs9472830 46689762 2 4.132037285572749e-4 46689762 46689762 0
6 13292 rs11968354 106117591 2 -4.1296725750339966e-4 106117591 106117591 0
6 5830 rs3129853 32398648 1 -4.099185597385079e-4 32398648 32398648 0
6 15578 rs4897467 131103364 1 -4.083169816793647e-4 131103364 131103364 0
6 19350 rs9356424 166517775 1 -4.080940037223405e-4 166517775 166517775 0
6 508 rs9504202 4684896 1 -4.079994634507301e-4 4684896 4684896 0
6 5459 rs4713488 31762311 1 4.069968760358851e-4 31762311 31762311 0
6 4723 rs1634719 30973165 2 4.06916351013674e-4 30973165 30973165 0
6 7995 rs6931360 47166183 1 -4.060878054916825e-4 47166183 47166183 0
6 11606 rs8802 88224164 1 4.056929075392307e-4 88224164 88224164 0
6 16774 rs4896703 144497577 1 -4.05480380336122e-4 144497577 144497577 0
6 5188 rs4418214 31391401 1 4.049490734945622e-4 31391401 31391401 0
6 17703 rs9371236 152306346 2 4.0427788890087086e-4 152306346 152306346 0
6 9440 rs9453647 66957869 1 -4.041996584578509e-4 66957869 66957869 0
6 1402 rs1999622 12488729 1 4.0416027317190657e-4 12488729 12488729 0
6 17229 rs13215793 149230849 1 4.031524264843436e-4 149230849 149230849 0
6 9724 rs6913677 69803462 1 4.027326453987297e-4 69803462 69803462 0
6 468 rs4959980 4456168 2 4.02332360307892e-4 4456168 4456168 0
6 8714 rs243783 54318478 1 -4.0185113813345265e-4 54318478 54318478 0
6 1919 rs3886378 17268236 2 -4.01650953454425e-4 17268236 17268236 0
6 7911 rs9472785 46560416 1 -3.996440977660562e-4 46560416 46560416 0
6 2208 rs2817297 19599795 1 -3.991461641375573e-4 19599795 19599795 0
6 12245 rs2278106 94120219 1 3.9811811625305534e-4 94120219 94120219 0
6 13277 rs9372090 105991917 2 -3.976830181209425e-4 105991917 105991917 0
6 4797 rs2535294 31062133 1 3.940185571708184e-4 31062133 31062133 0
6 17549 rs17349743 151213211 1 -3.926545815720917e-4 151213211 151213211 0
6 1598 rs1537147 14210463 1 -3.9254040264360897e-4 14210463 14210463 0
6 9271 rs697305 65972053 1 -3.9249612309501177e-4 65972053 65972053 0
6 7706 rs1003167 43855023 1 -3.9247870456666925e-4 43855023 43855023 0
6 17418 rs688015 150675830 1 -3.923007411021958e-4 150675830 150675830 0
6 18469 rs6455670 160344699 1 3.913925232967638e-4 160344699 160344699 0
6 9875 rs9351798 71723119 1 3.912181858323332e-4 71723119 71723119 0
6 15348 rs506953 129022203 1 -3.9051197952744257e-4 129022203 129022203 0
6 1965 rs7749814 17821673 1 -3.903616582940946e-4 17821673 17821673 0
6 18902 rs6455848 163153238 1 3.876418245117976e-4 163153238 163153238 0
6 1868 rs642859 16796614 1 -3.862921959776981e-4 16796614 16796614 0
6 9718 rs10485428 69771164 1 -3.854594965084473e-4 69771164 69771164 0
6 3627 rs1233585 28716345 2 -3.840285716391795e-4 28716345 28716345 0
6 12419 rs6907357 96111372 1 -3.826812389038488e-4 96111372 96111372 0
6 12951 rs2579934 101903589 1 3.8197633935217827e-4 101903589 101903589 0
6 8602 rs3003489 53690779 1 -3.819475143366351e-4 53690779 53690779 0
6 263 rs9405575 2668872 1 3.817842599515307e-4 2668872 2668872 0
6 16394 rs9376447 139996223 1 -3.7939394030562894e-4 139996223 139996223 0
6 7916 rs9381468 46625274 1 -3.785932269256915e-4 46625274 46625274 0
6 850 rs7759108 7638471 1 3.785465133665437e-4 7638471 7638471 0
6 8016 rs1953310 47385461 1 3.782936932350927e-4 47385461 47385461 0
6 9839 rs13216351 71037050 1 -3.7816832972079913e-4 71037050 71037050 0
6 16985 rs9390411 146973073 1 3.780296704950407e-4 146973073 146973073 0
6 16607 rs12525269 143118715 1 -3.7778657402543793e-4 143118715 143118715 0
6 8275 rs4506043 51374756 1 -3.775215786787589e-4 51374756 51374756 0
6 6270 rs2284191 32976654 1 -3.767056883674805e-4 32976654 32976654 0
6 17731 rs2635438 152506470 1 3.7616433739637783e-4 152506470 152506470 0
6 16922 rs12197582 145804384 1 -3.7571052256968345e-4 145804384 145804384 0
6 15280 rs17054787 127842630 1 -3.753585906725702e-4 127842630 127842630 0
6 6443 rs2076311 33145369 2 -3.748063226526384e-4 33145369 33145369 0
6 17084 rs1858590 148131783 1 -3.741088827294438e-4 148131783 148131783 0
6 9131 rs4710401 63769096 1 -3.730218518279296e-4 63769096 63769096 0
6 13405 rs1419054 107084941 2 -3.724741240266642e-4 107084941 107084941 0
6 6653 rs2499711 34056726 1 3.723878855522979e-4 34056726 34056726 0
6 19864 rs7774272 170628231 1 -3.7204545605211046e-4 170628231 170628231 0
6 12978 rs479851 102045546 1 3.714429304996359e-4 102045546 102045546 0
6 6303 rs9277052 33005932 1 3.711557233190432e-4 33005932 33005932 0
6 18385 rs9295089 159463964 1 3.709094892591504e-4 159463964 159463964 0
6 17796 rs2141153 152893609 1 -3.7075772507222415e-4 152893609 152893609 0
6 19253 rs569647 165932290 1 3.695099796336197e-4 165932290 165932290 0
6 14815 rs12664359 121850903 1 -3.693307802543888e-4 121850903 121850903 0
6 5727 rs10484560 32298137 2 3.689717651023207e-4 32298137 32298137 0
6 3703 rs6937882 29295487 1 3.689659662700521e-4 29295487 29295487 0
6 2519 rs1928168 22017738 1 3.6851059938600216e-4 22017738 22017738 0
6 11539 rs6454568 87500445 1 -3.676818085655921e-4 87500445 87500445 0
6 15967 rs9402608 134786163 1 3.664910836541709e-4 134786163 134786163 0
6 16800 rs9376824 144891032 2 3.663346730909267e-4 144891032 144891032 0
6 4992 rs2853961 31231989 1 3.656961898302718e-4 31231989 31231989 0
6 4708 rs2844697 30932309 1 3.652052769555181e-4 30932309 30932309 0
6 7894 rs2584072 46188118 1 3.6347847193561177e-4 46188118 46188118 0
6 14526 rs9372523 119460786 1 3.633286431289517e-4 119460786 119460786 0
6 13420 rs2798361 107154445 1 3.630461443736584e-4 107154445 107154445 0
6 1385 rs1317584 12342789 1 3.609960858120602e-4 12342789 12342789 0
6 5310 rs2239705 31513402 1 -3.608880559550109e-4 31513402 31513402 0
6 8205 rs7757451 50318693 1 3.5895076778025514e-4 50318693 50318693 0
6 17027 rs17076578 147357913 1 3.579113507241851e-4 147357913 147357913 0
6 18667 rs1880367 161566405 1 3.5728301100484787e-4 161566405 161566405 0
6 4602 rs3129988 30769478 1 3.5647786836481106e-4 30769478 30769478 0
6 13111 rs12190159 104007376 1 -3.5566074044229303e-4 104007376 104007376 0
6 14051 rs9488335 114465074 1 3.544989114853967e-4 114465074 114465074 0
6 11654 rs11968144 88818965 1 3.5435247880768496e-4 88818965 88818965 0
6 11459 rs220428 86857389 1 -3.538730686794214e-4 86857389 86857389 0
6 14711 rs9387908 121258838 1 3.538659355846195e-4 121258838 121258838 0
6 14525 rs9320680 119451257 1 3.5348634112007313e-4 119451257 119451257 0
6 9312 rs2183675 66307143 1 3.528594907565612e-4 66307143 66307143 0
6 5504 rs9332735 31901773 1 -3.5185564005339373e-4 31901773 31901773 0
6 12526 rs4839837 96908706 1 3.517099129105937e-4 96908706 96908706 0
6 9354 rs12234120 66523500 1 3.506992600666919e-4 66523500 66523500 0
6 17159 rs9377112 148467702 1 3.502114315792052e-4 148467702 148467702 0
6 18068 rs9480176 155950001 1 -3.5002343595507e-4 155950001 155950001 0
6 456 rs9392582 4338841 2 -3.497330082333658e-4 4338841 4338841 0
6 46 rs9378445 642289 1 -3.490108705017248e-4 642289 642289 0
6 17667 rs6939683 152090324 1 3.4891097011217735e-4 152090324 152090324 0
6 16173 rs7758293 137759904 1 -3.481716981064616e-4 137759904 137759904 0
6 7343 rs1077330 40225869 2 3.465418609309933e-4 40225869 40225869 0
6 18114 rs9384399 156265573 1 -3.4624237391268437e-4 156265573 156265573 0
6 8534 rs1429146 53130285 1 3.457428992630639e-4 53130285 53130285 0
6 9836 rs592121 70984436 1 -3.4479700161317475e-4 70984436 70984436 0
6 8240 rs2397030 51130487 1 -3.441166659850339e-4 51130487 51130487 0
6 16727 rs1015341 144035464 2 -3.4268462199868693e-4 144035464 144035464 0
6 17542 rs803413 151149077 1 -3.415010337878368e-4 151149077 151149077 0
6 19229 rs4324759 165678438 1 3.4004564023548624e-4 165678438 165678438 0
6 15625 rs543363 131451112 2 -3.3999923211263793e-4 131451112 131451112 0
6 15708 rs233941 132319906 2 -3.389697419741733e-4 132319906 132319906 0
6 1282 rs4076156 11424279 1 3.3732772488034396e-4 11424279 11424279 0
6 8934 rs12201934 55412503 1 -3.3647081892090126e-4 55412503 55412503 0
6 11426 rs3900740 86300851 1 3.357233976299087e-4 86300851 86300851 0
6 15638 rs6933778 131709812 1 -3.3545556622681925e-4 131709812 131709812 0
6 16085 rs9483891 136232029 1 3.345201292043646e-4 136232029 136232029 0
6 19524 rs41266331 167754710 1 -3.33811995529917e-4 167754710 167754710 0
6 762 rs201053 6722492 1 3.337072197623117e-4 6722492 6722492 0
6 5499 rs644045 31883957 1 -3.333466104256394e-4 31883957 31883957 0
6 568 rs11243010 5396596 1 -3.3261811642620463e-4 5396596 5396596 0
6 11287 rs6454393 85381928 1 -3.32126107435656e-4 85381928 85381928 0
6 2785 rs12200455 23922624 2 3.319856889317321e-4 23922624 23922624 0
6 14014 rs6928789 114084492 1 3.318025176104657e-4 114084492 114084492 0
6 16232 rs2230926 138196066 1 3.312905651636145e-4 138196066 138196066 0
6 18481 rs9347380 160437347 1 -3.303616401502579e-4 160437347 160437347 0
6 16633 rs3804528 143400092 1 3.2991283582812825e-4 143400092 143400092 0
6 477 rs1265256 4484855 1 3.2962498728858914e-4 4484855 4484855 0
6 9888 rs12195809 71785901 1 -3.2866585643499417e-4 71785901 71785901 0
6 15946 rs11964762 134435634 1 -3.278668691505285e-4 134435634 134435634 0
6 18289 rs827867 158714489 1 -3.272801961522432e-4 158714489 158714489 0
6 16574 rs12201257 142911971 1 -3.2654321670480557e-4 142911971 142911971 0
6 8705 rs7758586 54239250 1 3.263112496787276e-4 54239250 54239250 0
6 13102 rs9391023 103924200 1 -3.2473221702024416e-4 103924200 103924200 0
6 19263 rs713084 166011429 1 3.246867603137843e-4 166011429 166011429 0
6 3274 rs6939589 26289203 2 -3.241442030712282e-4 26289203 26289203 0
6 12290 rs11753100 94624568 1 3.222947865330295e-4 94624568 94624568 0
6 10832 rs346343 80609413 1 -3.222650715262276e-4 80609413 80609413 0
6 19628 rs6455534 168971208 1 -3.2191825074367135e-4 168971208 168971208 0
6 7086 rs17614684 38522630 1 -3.2120735850251945e-4 38522630 38522630 0
6 11474 rs3949571 86898957 1 3.2101243356267553e-4 86898957 86898957 0
6 2125 rs4716319 18900098 1 -3.195878388591894e-4 18900098 18900098 0
6 9797 rs3806022 70803453 1 3.1902515937973143e-4 70803453 70803453 0
6 16534 rs225676 142514226 1 -3.171136632458747e-4 142514226 142514226 0
6 4534 rs2394392 30650318 1 3.164862637834468e-4 30650318 30650318 0
6 6906 rs6906101 36667610 2 -3.1589825137039905e-4 36667610 36667610 0
6 8736 rs10948828 54452797 1 3.151053159854388e-4 54452797 54452797 0
6 7922 rs35884480 46632594 1 3.146077211598623e-4 46632594 46632594 0
6 15471 rs9375674 130216510 1 3.1457371583435497e-4 130216510 130216510 0
6 19550 rs3823455 168329404 1 3.138750033885233e-4 168329404 168329404 0
6 14156 rs3862824 116103604 1 3.136864112703269e-4 116103604 116103604 0
6 15140 rs9375383 125354154 2 -3.1367469948740176e-4 125354154 125354154 0
6 7044 rs1472364 37990758 2 3.129685680033945e-4 37990758 37990758 0
6 18382 rs2073138 159461931 2 -3.1001673897211785e-4 159461931 159461931 0
6 16660 rs9496607 143703478 1 -3.0949361038198057e-4 143703478 143703478 0
6 13724 rs3904925 111316885 1 3.0876235280826624e-4 111316885 111316885 0
6 3447 rs200484 27775674 1 3.0722572515500907e-4 27775674 27775674 0
6 1340 rs913021 11972742 1 3.064306028587857e-4 11972742 11972742 0
6 17437 rs2211106 150722772 2 3.048825648682581e-4 150722772 150722772 0
6 12865 rs12203515 100430062 1 3.027453368693737e-4 100430062 100430062 0
6 16685 rs11965970 143904494 1 3.0271588575300583e-4 143904494 143904494 0
6 10964 rs6454198 81738120 1 -2.9955309801978346e-4 81738120 81738120 0
6 16330 rs1044418 139229872 1 2.994681359897753e-4 139229872 139229872 0
6 7215 rs228815 39106945 1 -2.9700304036226865e-4 39106945 39106945 0
6 894 rs6922018 7918311 1 2.951668509231767e-4 7918311 7918311 0
6 11679 rs9444597 88987617 1 -2.951470331844592e-4 88987617 88987617 0
6 8694 rs3777654 54180961 1 -2.9501598882186817e-4 54180961 54180961 0
6 1394 rs9381141 12429371 1 -2.936716964484218e-4 12429371 12429371 0
6 12246 rs2278107 94120639 2 -2.9361553245821413e-4 94120639 94120639 0
6 1093 rs17613393 9806230 1 -2.9273409231992574e-4 9806230 9806230 0
6 11966 rs12191179 91611925 1 -2.8926077942507337e-4 91611925 91611925 0
6 18039 rs9478638 155648495 1 2.876180081452924e-4 155648495 155648495 0
6 15640 rs2327147 131710397 1 -2.872440061409593e-4 131710397 131710397 0
6 4012 rs9258303 29742930 1 -2.863282841211214e-4 29742930 29742930 0
6 6902 rs876581 36655445 1 2.858303022014113e-4 36655445 36655445 0
6 19377 rs10428822 166603765 1 -2.851179914752456e-4 166603765 166603765 0
6 12092 rs12212424 92889890 1 2.829335656822203e-4 92889890 92889890 0
6 6664 rs7742369 34165721 1 -2.8281506288226147e-4 34165721 34165721 0
6 12100 rs1470357 92965688 1 2.82600460887099e-4 92965688 92965688 0
6 14693 rs2817917 121166530 1 -2.8254534222350484e-4 121166530 121166530 0
6 7672 rs4714684 43396856 1 -2.818162893407805e-4 43396856 43396856 0
6 7111 rs1616723 38679676 1 -2.8173911905023943e-4 38679676 38679676 0
6 2467 rs9295508 21392864 1 2.807305891840721e-4 21392864 21392864 0
6 858 rs1555479 7654391 1 -2.8028068522349453e-4 7654391 7654391 0
6 18539 rs474617 160700441 1 -2.802224347116392e-4 160700441 160700441 0
6 11500 rs9344620 87213096 1 -2.8013613784334584e-4 87213096 87213096 0
6 10160 rs6453660 73952103 2 -2.7924212377484174e-4 73952103 73952103 0
6 7828 rs4469289 45236274 1 2.7818431199533766e-4 45236274 45236274 0
6 1860 rs697739 16742033 1 -2.7777562305308104e-4 16742033 16742033 0
6 19228 rs4709927 165673747 1 2.772373784574086e-4 165673747 165673747 0
6 13381 rs783387 106950003 1 2.7553798986203074e-4 106950003 106950003 0
6 6619 rs12055409 33801510 1 2.7546382501561343e-4 33801510 33801510 0
6 3846 rs2523447 29532739 1 -2.7528351173998147e-4 29532739 29532739 0
6 578 rs9405834 5457827 1 2.7446748847140414e-4 5457827 5457827 0
6 833 rs28763967 7581032 1 -2.7355452834324244e-4 7581032 7581032 0
6 3318 rs6919391 26608325 1 -2.731230969525714e-4 26608325 26608325 0
6 17156 rs13216119 148462046 1 -2.730634190387283e-4 148462046 148462046 0
6 17431 rs2076284 150719613 1 -2.7290734850503323e-4 150719613 150719613 0
6 10192 rs472294 74354175 1 -2.7256538557202207e-4 74354175 74354175 0
6 5464 rs2227956 31778272 1 -2.72004871607307e-4 31778272 31778272 0
6 5746 rs1265761 32321597 1 2.715498609146483e-4 32321597 32321597 0
6 15211 rs9321061 126454333 1 -2.711914722958971e-4 126454333 126454333 0
6 13492 rs1728130 108035079 1 2.7086492732919634e-4 108035079 108035079 0
6 7000 rs9394438 37532103 1 -2.696364205190346e-4 37532103 37532103 0
6 16549 rs1953319 142583426 2 2.694525482451744e-4 142583426 142583426 0
6 11259 rs6936385 85228896 1 2.693307493966312e-4 85228896 85228896 0
6 8298 rs6921803 51579595 1 2.6904352091367564e-4 51579595 51579595 0
6 14719 rs10456936 121282178 1 -2.673098447577861e-4 121282178 121282178 0
6 10482 rs6919231 77941912 1 -2.6683641377072147e-4 77941912 77941912 0
6 13521 rs12173906 108470257 1 2.6672149637009865e-4 108470257 108470257 0
6 911 rs13209230 8005545 1 2.66499586628399e-4 8005545 8005545 0
6 9139 rs9350811 63969495 1 -2.6620546179588424e-4 63969495 63969495 0
6 10543 rs10484725 78269161 1 2.652418202088051e-4 78269161 78269161 0
6 7801 rs3799965 44798617 1 -2.6487066883281764e-4 44798617 44798617 0
6 16125 rs6570118 137263940 1 2.646613943073837e-4 137263940 137263940 0
6 17985 rs11155986 154933171 1 -2.640617277871789e-4 154933171 154933171 0
6 9 rs7749710 442410 2 2.6300432675896174e-4 442410 442410 0
6 10179 rs382041 74307685 1 2.6287044554938445e-4 74307685 74307685 0
6 11019 rs1341230 82379575 1 2.608082832796101e-4 82379575 82379575 0
6 5648 rs3096691 32194854 2 -2.6076021849857553e-4 32194854 32194854 0
6 2542 rs715226 22317563 1 -2.606693432476071e-4 22317563 22317563 0
6 12717 rs2747748 99479842 1 2.5982202675224207e-4 99479842 99479842 0
6 19797 rs11966349 170162537 1 -2.590520616145008e-4 170162537 170162537 0
6 7353 rs1359519 40299126 1 -2.585845515202559e-4 40299126 40299126 0
6 12628 rs9320768 98342812 1 -2.5845348706697547e-4 98342812 98342812 0
6 12318 rs9354097 94907029 1 -2.5726187014471914e-4 94907029 94907029 0
6 8037 rs9369738 47682604 1 2.572390239015149e-4 47682604 47682604 0
6 2255 rs1202305 19922354 1 2.5665282299705214e-4 19922354 19922354 0
6 16050 rs1052502 135606565 1 -2.566502642548043e-4 135606565 135606565 0
6 10121 rs9351947 73525349 1 -2.5615099379741737e-4 73525349 73525349 0
6 16338 rs9376393 139325711 1 2.560991419594368e-4 139325711 139325711 0
6 1952 rs4142551 17603200 2 2.548867821013118e-4 17603200 17603200 0
6 18548 rs446291 160741106 1 -2.5290247027167566e-4 160741106 160741106 0
6 10262 rs13193570 75070742 1 2.526884768917365e-4 75070742 75070742 0
6 7373 rs12662633 40474306 1 2.5172529524618677e-4 40474306 40474306 0
6 13348 rs2787525 106683995 1 -2.5044565443385234e-4 106683995 106683995 0
6 18478 rs3822843 160425247 1 -2.504092856455577e-4 160425247 160425247 0
6 18166 rs6908356 156668121 1 -2.4951680421844794e-4 156668121 156668121 0
6 6530 rs530878 33551514 1 -2.4879307728494675e-4 33551514 33551514 0
6 18742 rs6926642 162270981 1 2.4871084383427976e-4 162270981 162270981 0
6 7014 rs6936811 37656481 1 -2.4766787702121317e-4 37656481 37656481 0
6 14101 rs11153523 115194099 1 -2.469689098486855e-4 115194099 115194099 0
6 7095 rs1781738 38627279 1 -2.466665393337776e-4 38627279 38627279 0
6 14965 rs17679624 123646414 1 2.4564797832693307e-4 123646414 123646414 0
6 10048 rs9351889 72825419 1 2.4538118287703494e-4 72825419 72825419 0
6 19795 rs17860632 170155477 1 2.453779716802158e-4 170155477 170155477 0
6 2899 rs9358768 24471393 1 -2.446610568144653e-4 24471393 24471393 0
6 15291 rs9491839 127935568 1 2.4384631826593388e-4 127935568 127935568 0
6 14911 rs12197460 123039932 1 -2.4207970923136756e-4 123039932 123039932 0
6 10371 rs2295935 76591114 1 -2.4156010416522385e-4 76591114 76591114 0
6 1733 rs10080664 15864284 1 -2.4087992503461097e-4 15864284 15864284 0
6 8425 rs3789771 52360331 1 -2.407635742935707e-4 52360331 52360331 0
6 6921 rs9470387 36713858 1 2.401979990210361e-4 36713858 36713858 0
6 14999 rs9490756 123769149 1 -2.396443843869512e-4 123769149 123769149 0
6 15115 rs1479035 124909085 1 2.381604185153281e-4 124909085 124909085 0
6 66 rs6597267 795414 1 2.3750173092247753e-4 795414 795414 0
6 19012 rs9365597 164106739 1 2.3684401609044855e-4 164106739 164106739 0
6 7288 rs12697946 39545689 1 -2.3535363593265852e-4 39545689 39545689 0
6 13470 rs4440495 107906652 1 -2.3360437070410033e-4 107906652 107906652 0
6 1495 rs445714 13280958 1 -2.327616917967069e-4 13280958 13280958 0
6 9138 rs6922743 63967017 1 2.3235281965094503e-4 63967017 63967017 0
6 8201 rs12210112 50142856 1 2.3115830567781585e-4 50142856 50142856 0
6 18974 rs4708985 163701950 1 2.302863782684908e-4 163701950 163701950 0
6 18180 rs958386 156801192 1 2.301394351719223e-4 156801192 156801192 0
6 7352 rs1359521 40298894 1 -2.300917667851194e-4 40298894 40298894 0
6 17181 rs6902928 148630465 1 -2.2997631278067664e-4 148630465 148630465 0
6 15600 rs7769153 131256364 1 -2.2964403461341593e-4 131256364 131256364 0
6 9380 rs1903406 66656097 1 2.2961439645235025e-4 66656097 66656097 0
6 1274 rs7775262 11378989 1 -2.2938072046513143e-4 11378989 11378989 0
6 7413 rs6930345 40765560 1 2.2932746198355865e-4 40765560 40765560 0
6 14848 rs2684265 122362037 1 -2.2878008518785296e-4 122362037 122362037 0
6 17009 rs9497651 147178335 1 -2.2877553644389976e-4 147178335 147178335 0
6 14598 rs1107378 120122478 1 -2.2867867802980063e-4 120122478 120122478 0
6 2532 rs1129570 22194664 1 -2.2770154319772228e-4 22194664 22194664 0
6 19703 rs11757721 169422415 1 -2.27311555977577e-4 169422415 169422415 0
6 9623 rs2603688 68945419 1 -2.268848479074776e-4 68945419 68945419 0
6 15157 rs9388416 125648345 1 -2.259626622672583e-4 125648345 125648345 0
6 7054 rs13206817 38173365 1 -2.2498996436975667e-4 38173365 38173365 0
6 2868 rs35261004 24423824 1 -2.235499626476776e-4 24423824 24423824 0
6 6579 rs6942022 33710284 1 2.2276150549642383e-4 33710284 33710284 0
6 11183 rs6901074 84173944 1 -2.216896745877375e-4 84173944 84173944 0
6 11624 rs2754265 88410170 1 -2.2116219159707963e-4 88410170 88410170 0
6 3215 rs9295676 25928376 2 -2.2039763429353428e-4 25928376 25928376 0
6 18597 rs41272114 161006077 1 2.2000874773496715e-4 161006077 161006077 0
6 8153 rs12524967 49587227 1 2.1998311334935904e-4 49587227 49587227 0
6 8780 rs9474998 54642372 1 -2.196814238846452e-4 54642372 54642372 0
6 2505 rs12210951 21936868 1 -2.19617789981264e-4 21936868 21936868 0
6 7403 rs6458179 40700237 1 2.1898795871380544e-4 40700237 40700237 0
6 19113 rs1496002 164997984 1 -2.180809548354461e-4 164997984 164997984 0
6 15658 rs4383836 132071193 1 2.1774175943182532e-4 132071193 132071193 0
6 16976 rs9377004 146873614 1 2.1766965178001457e-4 146873614 146873614 0
6 8961 rs6902446 55776585 1 2.1696664558353888e-4 55776585 55776585 0
6 10197 rs9446976 74381926 1 -2.1683554045851563e-4 74381926 74381926 0
6 7810 rs2396369 44946463 1 -2.1562508083816423e-4 44946463 44946463 0
6 5280 rs2516398 31481526 1 -2.1507708629307584e-4 31481526 31481526 0
6 14558 rs9401144 119748259 1 -2.147533281716736e-4 119748259 119748259 0
6 2871 rs6942189 24429249 1 2.1406600988839447e-4 24429249 24429249 0
6 13233 rs6937432 105191527 1 2.1391505541679503e-4 105191527 105191527 0
6 687 rs3024443 6181526 1 -2.1321363336806136e-4 6181526 6181526 0
6 18388 rs3120629 159514599 1 2.1293942096410596e-4 159514599 159514599 0
6 15235 rs4549631 126966308 1 -2.1286450625883677e-4 126966308 126966308 0
6 1627 rs3817758 14540747 1 2.1264393905067228e-4 14540747 14540747 0
6 13696 rs6922009 110819059 1 2.1249894176385113e-4 110819059 110819059 0
6 544 rs7754867 5120585 1 -2.1185853406575415e-4 5120585 5120585 0
6 88 rs2784956 979803 1 2.1062612920622889e-4 979803 979803 0
6 15081 rs9401741 124687473 1 -2.103678191032443e-4 124687473 124687473 0
6 1482 rs73725623 13206282 1 -2.102985517142104e-4 13206282 13206282 0
6 2585 rs883385 22523037 1 -2.0820952157183685e-4 22523037 22523037 0
6 14076 rs750377 114860722 1 2.079117059265037e-4 114860722 114860722 0
6 11251 rs9353186 85181754 1 -2.075676978581634e-4 85181754 85181754 0
6 1105 rs4496807 9843575 1 -2.0735307203649257e-4 9843575 9843575 0
6 7707 rs10948102 43855792 1 -2.063301721103281e-4 43855792 43855792 0
6 19646 rs16887281 169086528 1 -2.0570381130709768e-4 169086528 169086528 0
6 2722 rs9466754 23347873 2 2.0502883589614232e-4 23347873 23347873 0
6 12524 rs4839835 96894328 1 2.04889101724745e-4 96894328 96894328 0
6 15252 rs1936797 127432657 1 -2.033780975337901e-4 127432657 127432657 0
6 1983 rs6923237 17931276 1 2.031138978710202e-4 17931276 17931276 0
6 9478 rs7747972 67403879 1 2.026691707970706e-4 67403879 67403879 0
6 12622 rs4142529 98322361 1 -2.019259130368364e-4 98322361 98322361 0
6 17142 rs4896955 148340422 1 2.0148121847063236e-4 148340422 148340422 0
6 2535 rs17205146 22272753 1 2.010659443176125e-4 22272753 22272753 0
6 18786 rs876145 162541706 1 2.0059452539137855e-4 162541706 162541706 0
6 1856 rs6459484 16731200 1 -1.9991472831380825e-4 16731200 16731200 0
6 1493 rs412787 13280489 1 -1.9964052678722745e-4 13280489 13280489 0
6 13479 rs1728109 107975732 1 1.9954023448059193e-4 107975732 107975732 0
6 448 rs685716 4207930 1 -1.9933937599861564e-4 4207930 4207930 0
6 9969 rs9442679 72269242 1 1.9925070627811777e-4 72269242 72269242 0
6 15545 rs873146 130839788 1 1.9831690357396213e-4 130839788 130839788 0
6 17846 rs674882 153407553 1 -1.972500354282516e-4 153407553 153407553 0
6 13678 rs9487402 110746545 1 -1.968003057461251e-4 110746545 110746545 0
6 12169 rs951556 93553425 1 -1.9630697313052743e-4 93553425 93553425 0
6 1297 rs9469705 11625711 1 1.953279064379363e-4 11625711 11625711 0
6 16509 rs6926578 142074024 1 1.9504190747990935e-4 142074024 142074024 0
6 15121 rs1677933 124980834 1 -1.938573741598103e-4 124980834 124980834 0
6 16176 rs9484045 137774574 1 1.9382932980898155e-4 137774574 137774574 0
6 17015 rs1324684 147200786 1 -1.933642320455624e-4 147200786 147200786 0
6 5630 rs379464 32186348 1 1.9295644690991472e-4 32186348 32186348 0
6 156 rs12527698 1648955 1 -1.9282741604572995e-4 1648955 1648955 0
6 375 rs1205017 3579754 1 1.9235792999935825e-4 3579754 3579754 0
6 5400 rs4569 31637807 1 -1.9140550442006031e-4 31637807 31637807 0
6 18228 rs924928 157939801 1 -1.904494113875481e-4 157939801 157939801 0
6 19133 rs9456996 165182669 2 -1.903512167628322e-4 165182669 165182669 0
6 13823 rs689328 112286687 1 -1.8967266566627148e-4 112286687 112286687 0
6 13685 rs41288594 110763935 1 -1.891505187040543e-4 110763935 110763935 0
6 4063 rs2517879 29812974 1 1.8901922505239083e-4 29812974 29812974 0
6 16301 rs4896387 139025468 1 1.8868387532998263e-4 139025468 139025468 0
6 6445 rs9277934 33153528 1 1.883576943482831e-4 33153528 33153528 0
6 9790 rs3793048 70784746 1 1.8767035615932444e-4 70784746 70784746 0
6 11478 rs4299797 86945708 1 -1.8706712929769952e-4 86945708 86945708 0
6 13838 rs3734287 112454245 1 -1.870629131860663e-4 112454245 112454245 0
6 15953 rs9493873 134576511 1 -1.867874914062261e-4 134576511 134576511 0
6 8871 rs9367632 55167015 1 -1.8589496878962053e-4 55167015 55167015 0
6 2228 rs7769632 19729381 1 -1.8556450924371047e-4 19729381 19729381 0
6 14988 rs9388238 123731285 1 1.8429816103049596e-4 123731285 123731285 0
6 17137 rs1404484 148328367 1 1.8091586694909015e-4 148328367 148328367 0
6 14205 rs1204842 116520348 1 -1.8057463709001775e-4 116520348 116520348 0
6 13885 rs1276639 112760200 1 -1.7994111565021936e-4 112760200 112760200 0
6 15571 rs4549635 131063500 1 -1.7985990342418958e-4 131063500 131063500 0
6 6225 rs129653 32931536 1 -1.7920827341681098e-4 32931536 32931536 0
6 11386 rs313242 86057368 1 -1.788421121324908e-4 86057368 86057368 0
6 252 rs1545849 2622911 1 1.78223459338972e-4 2622911 2622911 0
6 18141 rs7749940 156490528 1 1.779575008235363e-4 156490528 156490528 0
6 14679 rs1933809 120992849 1 1.7773903494448646e-4 120992849 120992849 0
6 15145 rs7764804 125450174 2 -1.7748709237153982e-4 125450174 125450174 0
6 12004 rs2811659 92012025 1 -1.7728684856275212e-4 92012025 92012025 0
6 12545 rs9386770 97191923 1 -1.770201912187555e-4 97191923 97191923 0
6 11859 rs4706352 90609718 1 1.7679143767794324e-4 90609718 90609718 0
6 18740 rs9347543 162252602 1 -1.7607037999183022e-4 162252602 162252602 0
6 13865 rs17073700 112644225 1 -1.756343288475e-4 112644225 112644225 0
6 15452 rs9375664 130092678 2 -1.7518444434318545e-4 130092678 130092678 0
6 13943 rs1883973 113502071 1 -1.7463603570757208e-4 113502071 113502071 0
6 8456 rs10948711 52510665 1 -1.7442548486778885e-4 52510665 52510665 0
6 6908 rs1894559 36670400 1 -1.737513856950869e-4 36670400 36670400 0
6 889 rs1225934 7877419 1 -1.7362749068723253e-4 7877419 7877419 0
6 8247 rs6916171 51217638 1 1.7354251346689598e-4 51217638 51217638 0
6 18757 rs1789993 162398976 1 1.7209427470376562e-4 162398976 162398976 0
6 17172 rs9390553 148604313 1 -1.6916774193136762e-4 148604313 148604313 0
6 17408 rs7741814 150590784 2 -1.685217953389847e-4 150590784 150590784 0
6 6263 rs2581 32974401 1 1.681863237014798e-4 32974401 32974401 0
6 19669 rs1040932 169175473 1 1.6812350150591693e-4 169175473 169175473 0
6 12153 rs1418168 93377625 1 -1.6797722213733322e-4 93377625 93377625 0
6 16789 rs77066116 144811319 1 -1.6739816802041163e-4 144811319 144811319 0
6 5321 rs2516390 31529883 1 -1.6678593849755844e-4 31529883 31529883 0
6 11837 rs6942026 90465626 1 1.6675456162238298e-4 90465626 90465626 0
6 7200 rs1042044 39041502 1 -1.6674110644327383e-4 39041502 39041502 0
6 1262 rs2182336 11227385 1 -1.6652557902446132e-4 11227385 11227385 0
6 8361 rs16882141 52019663 1 1.664097942237024e-4 52019663 52019663 0
6 2900 rs116354434 24473399 1 -1.652740837632784e-4 24473399 24473399 0
6 11907 rs1451070 91135896 1 -1.6511880372292655e-4 91135896 91135896 0
6 19426 rs9356500 167056898 1 -1.6371661825680676e-4 167056898 167056898 0
6 15725 rs17061009 132399304 1 1.6326477093252164e-4 132399304 132399304 0
6 698 rs5985 6318795 1 -1.6237304037886713e-4 6318795 6318795 0
6 1484 rs12660392 13232481 1 -1.6184297731486097e-4 13232481 13232481 0
6 11241 rs713170 85135586 1 -1.6173407458497033e-4 85135586 85135586 0
6 2020 rs2876476 18157968 1 -1.6150121878421246e-4 18157968 18157968 0
6 637 rs9379002 6012391 1 1.613047429421013e-4 6012391 6012391 0
6 14246 rs117169123 116949359 1 -1.5967371669032307e-4 116949359 116949359 0
6 11628 rs6902334 88441663 2 1.595884615044946e-4 88441663 88441663 0
6 19685 rs4708499 169228159 1 1.589551422944576e-4 169228159 169228159 0
6 14532 rs17441930 119499250 1 -1.576368236224618e-4 119499250 119499250 0
6 6066 rs73738919 32793546 1 -1.572452814672508e-4 32793546 32793546 0
6 6935 rs916297 36737499 2 -1.563391707345623e-4 36737499 36737499 0
6 1183 rs4449626 10624071 1 -1.563093144113108e-4 10624071 10624071 0
6 7397 rs9357339 40656881 1 1.5574952553124363e-4 40656881 40656881 0
6 16047 rs9399143 135541395 1 1.5542345395316268e-4 135541395 135541395 0
6 7645 rs17516786 43078066 1 -1.5525201231700702e-4 43078066 43078066 0
6 1293 rs561332 11610581 1 -1.5515256616632512e-4 11610581 11610581 0
6 15759 rs1591811 132842396 1 -1.546747898934235e-4 132842396 132842396 0
6 12097 rs11963376 92958861 2 1.5206598392610254e-4 92958861 92958861 0
6 12366 rs2493984 95383492 1 1.5102187970155047e-4 95383492 95383492 0
6 2419 rs201327 21046035 1 -1.5047810050085284e-4 21046035 21046035 0
6 14683 rs12194792 121084577 2 1.5017838986325458e-4 121084577 121084577 0
6 11238 rs10943979 85107882 2 -1.493124328103894e-4 85107882 85107882 0
6 7586 rs9369362 42462055 1 1.4908666479354713e-4 42462055 42462055 0
6 18201 rs1272565 156960439 1 -1.472197092010101e-4 156960439 156960439 0
6 19259 rs7753004 165959666 1 1.4682255872958095e-4 165959666 165959666 0
6 17607 rs3736175 151773164 1 1.467955365513376e-4 151773164 151773164 0
6 8388 rs7774976 52147309 1 -1.4589649820914117e-4 52147309 52147309 0
6 18391 rs694704 159572922 1 -1.458850970323542e-4 159572922 159572922 0
6 15324 rs4072328 128442857 1 1.447736668423377e-4 128442857 128442857 0
6 10617 rs9443501 78749386 1 1.4460184013130134e-4 78749386 78749386 0
6 7238 rs2815048 39249885 1 1.4454191007431683e-4 39249885 39249885 0
6 8235 rs2505276 51087831 1 -1.4394297611315725e-4 51087831 51087831 0
6 5326 rs2844484 31536224 1 -1.425115958302153e-4 31536224 31536224 0
6 16893 rs559087 145600618 1 -1.4180230157204014e-4 145600618 145600618 0
6 17226 rs1384670 149200719 1 -1.405541214293389e-4 149200719 149200719 0
6 5902 rs9275328 32666822 1 1.4055308327860983e-4 32666822 32666822 0
6 15559 rs994211 131021812 1 -1.404211185755633e-4 131021812 131021812 0
6 5354 rs2269475 31583931 1 1.400610569002364e-4 31583931 31583931 0
6 2990 rs9461088 24971721 1 1.3850137522391186e-4 24971721 24971721 0
6 7662 rs7769094 43225284 1 -1.3732110731285552e-4 43225284 43225284 0
6 15114 rs576646 124896527 1 -1.345674826059589e-4 124896527 124896527 0
6 19475 rs9366069 167298751 1 1.343429498626731e-4 167298751 167298751 0
6 7889 rs2206964 46145547 1 -1.3318549479168966e-4 46145547 46145547 0
6 16276 rs203133 138674754 1 1.3312052846101204e-4 138674754 138674754 0
6 9998 rs9293851 72437006 1 1.3300961550786144e-4 72437006 72437006 0
6 58 rs2788213 703249 1 -1.3283872227790478e-4 703249 703249 0
6 3233 rs2237231 26017171 1 -1.3275141780287993e-4 26017171 26017171 0
6 12256 rs902160 94214998 1 1.3226718593255178e-4 94214998 94214998 0
6 2235 rs11758935 19760008 1 -1.3200704334621045e-4 19760008 19760008 0
6 16967 rs3819832 146677281 1 -1.3169583067919094e-4 146677281 146677281 0
6 13487 rs56215636 108029180 1 1.3078807426586254e-4 108029180 108029180 0
6 347 rs11968806 3334247 1 -1.295255798093203e-4 3334247 3334247 0
6 19325 rs300122 166404335 1 1.2929946757890396e-4 166404335 166404335 0
6 10068 rs41265501 72984123 1 1.2848820686955128e-4 72984123 72984123 0
6 18007 rs7762675 155366098 1 1.280281346372401e-4 155366098 155366098 0
6 14856 rs2606645 122433255 1 1.27998187568809e-4 122433255 122433255 0
6 1611 rs6940613 14361203 1 -1.276395637247001e-4 14361203 14361203 0
6 15876 rs6941879 133632333 1 -1.2558579302602592e-4 133632333 133632333 0
6 15564 rs1396250 131044450 1 1.2441954360403225e-4 131044450 131044450 0
6 16137 rs4895477 137444054 1 1.2362789740076856e-4 137444054 137444054 0
6 12231 rs9354002 93947307 1 1.2296553770427997e-4 93947307 93947307 0
6 7948 rs2273265 46847501 1 -1.226004145454967e-4 46847501 46847501 0
6 10883 rs6906638 81070372 1 -1.2223863257363298e-4 81070372 81070372 0
6 15241 rs2151522 127210093 1 1.2138825528099404e-4 127210093 127210093 0
6 13599 rs9398200 109752451 1 -1.2042316087699186e-4 109752451 109752451 0
6 3027 rs999039 25319626 1 -1.1986408245162732e-4 25319626 25319626 0
6 16094 rs10080318 136293826 1 1.192255286586445e-4 136293826 136293826 0
6 7419 rs6907181 40814135 1 1.1755158251861452e-4 40814135 40814135 0
6 2406 rs4712572 20961061 1 1.1754040308501968e-4 20961061 20961061 0
6 1687 rs794781 15300590 1 1.1681267622601356e-4 15300590 15300590 0
6 2502 rs9283872 21925491 1 -1.1572055310572024e-4 21925491 21925491 0
6 13518 rs9374013 108381347 1 -1.1547895873669848e-4 108381347 108381347 0
6 13015 rs7745267 102445951 1 -1.153632682547672e-4 102445951 102445951 0
6 10824 rs1120229 80597212 1 1.1524787738069052e-4 80597212 80597212 0
6 13325 rs548234 106568034 1 1.1518353049972684e-4 106568034 106568034 0
6 11495 rs1858038 87153030 1 1.1512561945160364e-4 87153030 87153030 0
6 2596 rs13196055 22564209 1 -1.1472276624726954e-4 22564209 22564209 0
6 16443 rs9495849 141188478 1 1.1339056916569232e-4 141188478 141188478 0
6 15127 rs9482575 125105541 1 1.1254686975560084e-4 125105541 125105541 0
6 18097 rs9383776 156142928 1 1.1253379347298152e-4 156142928 156142928 0
6 11839 rs6910277 90476276 1 1.1230539973210265e-4 90476276 90476276 0
6 2372 rs9465894 20803463 1 1.1207532276233747e-4 20803463 20803463 0
6 14352 rs7774221 118147932 1 -1.118441919666474e-4 118147932 118147932 0
6 10602 rs12526967 78561914 1 -1.1131548269694834e-4 78561914 78561914 0
6 16 rs7750350 477738 1 1.1094626543644931e-4 477738 477738 0
6 3692 rs7766902 29236645 1 1.10902558739287e-4 29236645 29236645 0
6 1358 rs6910367 12093331 1 1.105197299578445e-4 12093331 12093331 0
6 3418 rs6904596 27491299 1 1.0963489366548902e-4 27491299 27491299 0
6 4736 rs9262495 30986527 1 1.0893412096618874e-4 30986527 30986527 0
6 130 rs1550198 1284697 1 1.080168873524144e-4 1284697 1284697 0
6 15857 rs2145351 133546689 2 -1.0679706414721624e-4 133546689 133546689 0
6 12587 rs7769139 97517414 1 -1.0627695028538128e-4 97517414 97517414 0
6 13406 rs3804344 107087870 1 1.0603251761755456e-4 107087870 107087870 0
6 15774 rs7744878 132901520 1 1.0544325436331063e-4 132901520 132901520 0
6 15789 rs8192646 132938842 1 -1.0523997594565418e-4 132938842 132938842 0
6 2514 rs10946495 21999300 1 -1.0455035673386628e-4 21999300 21999300 0
6 2725 rs1998740 23390147 1 1.0435223990792817e-4 23390147 23390147 0
6 14685 rs9320772 121102335 2 1.0407275325983168e-4 121102335 121102335 0
6 19760 rs2860492 169930402 1 -1.0384664080526675e-4 169930402 169930402 0
6 2995 rs458664 25055165 1 1.0283670673906644e-4 25055165 25055165 0
6 1958 rs17689215 17773790 1 1.0253056226108454e-4 17773790 17773790 0
6 13119 rs7740196 104031885 1 1.0049394229906023e-4 104031885 104031885 0
6 8074 rs1325713 47949493 1 1.0029967811491276e-4 47949493 47949493 0
6 15298 rs11961168 128067246 1 -1.0010531924639404e-4 128067246 128067246 0
6 18903 rs6900416 163162060 1 1.0007640516458973e-4 163162060 163162060 0
6 19118 rs2047282 165016833 1 9.900998521947356e-5 165016833 165016833 0
6 18611 rs4252129 161152905 1 9.731368859606172e-5 161152905 161152905 0
6 7112 rs17623162 38702959 1 -9.647896521781302e-5 38702959 38702959 0
6 9882 rs16869719 71743943 1 -9.642056686896472e-5 71743943 71743943 0
6 6063 rs73738910 32793353 1 -9.578147682617376e-5 32793353 32793353 0
6 14960 rs1346920 123600707 1 9.551377644892004e-5 123600707 123600707 0
6 10101 rs12200468 73351870 1 -9.538513966530244e-5 73351870 73351870 0
6 14893 rs577838 122759415 1 -9.502722549431164e-5 122759415 122759415 0
6 6611 rs13203745 33787746 1 -9.501088111728473e-5 33787746 33787746 0
6 3288 rs9461249 26383386 1 -9.463915785290876e-5 26383386 26383386 0
6 187 rs3800116 1880964 1 -9.407341296585883e-5 1880964 1880964 0
6 13397 rs11968064 107022395 1 9.379880463737385e-5 107022395 107022395 0
6 7009 rs12191285 37603516 1 9.320365152248456e-5 37603516 37603516 0
6 947 rs12719578 8181299 1 9.2812102139616e-5 8181299 8181299 0
6 11157 rs1012741 83939446 1 9.21321554137474e-5 83939446 83939446 0
6 643 rs9378453 6037045 1 9.174385799365372e-5 6037045 6037045 0
6 13514 rs11754713 108300912 1 9.137750820111008e-5 108300912 108300912 0
6 19634 rs9295077 169014011 1 9.11248663393185e-5 169014011 169014011 0
6 3136 rs7775820 25734800 1 -9.09234103880456e-5 25734800 25734800 0
6 13956 rs9488124 113583415 1 9.038216701331585e-5 113583415 113583415 0
6 17190 rs9498038 148761603 1 -8.98967052899731e-5 148761603 148761603 0
6 2960 rs9379692 24809771 1 -8.932034289105308e-5 24809771 24809771 0
6 7596 rs6917033 42627434 1 -8.903652942675594e-5 42627434 42627434 0
6 18009 rs9322495 155371513 1 8.833831872724216e-5 155371513 155371513 0
6 16775 rs4895634 144499144 1 -8.832936773537324e-5 144499144 144499144 0
6 7725 rs2295334 43970827 1 8.829776185596515e-5 43970827 43970827 0
6 16639 rs6933808 143566167 1 -8.745852449974126e-5 143566167 143566167 0
6 2707 rs9379482 23208904 2 -8.722896989068012e-5 23208904 23208904 0
6 3050 rs9461157 25400323 1 -8.714157382242976e-5 25400323 25400323 0
6 11177 rs6941094 84138485 1 -8.455210285861385e-5 84138485 84138485 0
6 12752 rs1874538 99694494 1 -8.365815717604207e-5 99694494 99694494 0
6 956 rs6900613 8351628 1 -8.305436542756205e-5 8351628 8351628 0
6 18482 rs2297356 160448462 1 8.183157204929595e-5 160448462 160448462 0
6 16591 rs10484588 142988837 1 8.036222187862703e-5 142988837 142988837 0
6 10043 rs41265489 72809641 2 8.019905491176343e-5 72809641 72809641 0
6 10196 rs10498893 74381776 1 -8.01272054441862e-5 74381776 74381776 0
6 12639 rs13194250 98494218 1 7.97325684136886e-5 98494218 98494218 0
6 4551 rs6924270 30681980 1 7.967358527640583e-5 30681980 30681980 0
6 16235 rs6899975 138275769 1 -7.925917736956694e-5 138275769 138275769 0
6 598 rs9502321 5600355 1 -7.777391943753216e-5 5600355 5600355 0
6 16895 rs501447 145602159 1 -7.732442816987821e-5 145602159 145602159 0
6 5230 rs12665745 31441901 2 7.711963878791126e-5 31441901 31441901 0
6 13394 rs3747790 107016731 1 7.705546606824395e-5 107016731 107016731 0
6 87 rs11755910 972155 1 7.65291985426579e-5 972155 972155 0
6 9820 rs658805 70909073 1 7.604159645245844e-5 70909073 70909073 0
6 16502 rs4896551 142032704 2 -7.603918406256637e-5 142032704 142032704 0
6 10222 rs9447121 74754551 1 -7.52189864751252e-5 74754551 74754551 0
6 11096 rs7758218 83297452 2 7.502131822974097e-5 83297452 83297452 0
6 849 rs7758456 7638095 1 7.48846158698205e-5 7638095 7638095 0
6 13786 rs706882 112033370 1 7.44860717601345e-5 112033370 112033370 0
6 1720 rs1474605 15658212 1 -7.439808606990895e-5 15658212 15658212 0
6 17313 rs9498335 149693784 1 7.29291269158304e-5 149693784 149693784 0
6 3010 rs916539 25122715 1 7.246508785714264e-5 25122715 25122715 0
6 5233 rs2844502 31445216 1 -7.235060853400446e-5 31445216 31445216 0
6 12909 rs1392969 101091434 1 7.228057143292704e-5 101091434 101091434 0
6 9524 rs9360275 67895080 2 7.202528241630971e-5 67895080 67895080 0
6 6593 rs2296748 33745071 1 -7.161614722868823e-5 33745071 33745071 0
6 7038 rs12661480 37963308 1 -7.143192990276505e-5 37963308 37963308 0
6 19223 rs2758944 165566852 1 7.097420495102635e-5 165566852 165566852 0
6 11184 rs12203860 84174401 1 7.063557780386753e-5 84174401 84174401 0
6 19855 rs3012421 170564080 1 -7.041779320458994e-5 170564080 170564080 0
6 1646 rs857475 14599167 2 -7.024071643858381e-5 14599167 14599167 0
6 1123 rs855398 10047914 2 7.006321040475653e-5 10047914 10047914 0
6 7046 rs17589516 38036420 1 -6.966451784953768e-5 38036420 38036420 0
6 7803 rs13206526 44816181 1 -6.950976509909309e-5 44816181 44816181 0
6 1779 rs2205795 16148058 1 -6.942669108180712e-5 16148058 16148058 0
6 4267 rs2022065 30121460 1 -6.941807471643481e-5 30121460 30121460 0
6 17615 rs17081341 151837570 1 6.915990358953395e-5 151837570 151837570 0
6 7558 rs9462772 42084516 1 6.913049862668616e-5 42084516 42084516 0
6 16537 rs225710 142541259 1 -6.865723240066703e-5 142541259 142541259 0
6 16566 rs12664078 142817389 1 6.783545297075025e-5 142817389 142817389 0
6 4430 rs7741364 30372570 1 -6.687361267326529e-5 30372570 30372570 0
6 5929 rs16898264 32677152 1 -6.630714703007449e-5 32677152 32677152 0
6 5836 rs9268615 32402889 1 -6.605681722328581e-5 32402889 32402889 0
6 11786 rs734242 90131374 1 6.329348434599402e-5 90131374 90131374 0
6 14424 rs11153725 118557958 1 -6.187194922177143e-5 118557958 118557958 0
6 1832 rs16878696 16634454 1 6.142760271210447e-5 16634454 16634454 0
6 11274 rs7770869 85343652 1 -6.135239142606594e-5 85343652 85343652 0
6 15171 rs11964411 125914993 1 -6.093722218929831e-5 125914993 125914993 0
6 1554 rs280153 13945067 1 6.049854038816749e-5 13945067 13945067 0
6 6693 rs6909637 34613630 1 5.956103710735744e-5 34613630 34613630 0
6 12143 rs2730835 93279039 1 5.951539720886385e-5 93279039 93279039 0
6 4547 rs28986465 30680562 1 5.939021216395464e-5 30680562 30680562 0
6 481 rs6907555 4539480 1 -5.9198992885788016e-5 4539480 4539480 0
6 17678 rs9322331 152162317 1 5.867712642303138e-5 152162317 152162317 0
6 16100 rs6921041 136370658 1 -5.771758567360215e-5 136370658 136370658 0
6 13662 rs756487 110675112 1 -5.7163059546801966e-5 110675112 110675112 0
6 12402 rs9487909 95999486 1 -5.651203660156952e-5 95999486 95999486 0
6 8545 rs4712030 53317469 1 -5.634412810592227e-5 53317469 53317469 0
6 13637 rs9487237 110173831 1 5.538470646383677e-5 110173831 110173831 0
6 15377 rs9388686 129425564 1 5.5198078336221254e-5 129425564 129425564 0
6 8629 rs1041148 53853589 1 5.497797537986849e-5 53853589 53853589 0
6 8577 rs9367538 53506487 1 5.496167217871411e-5 53506487 53506487 0
6 805 rs17672692 7214499 1 -5.4440597373916305e-5 7214499 7214499 0
6 8528 rs2816363 53095364 1 5.3604856912911625e-5 53095364 53095364 0
6 15077 rs4478425 124677633 1 5.318744940079588e-5 124677633 124677633 0
6 3708 rs1014258 29310681 1 -5.2975596025051695e-5 29310681 29310681 0
6 273 rs7357017 2721949 1 -5.259499445243816e-5 2721949 2721949 0
6 8035 rs871654 47680450 1 5.254438306072952e-5 47680450 47680450 0
6 17034 rs7767185 147400658 1 -5.213248429460912e-5 147400658 147400658 0
6 11728 rs9451101 89620255 1 5.212876174723032e-5 89620255 89620255 0
6 2631 rs9356834 22711807 1 5.1733610017477925e-5 22711807 22711807 0
6 8202 rs9381861 50227356 1 5.013888214852716e-5 50227356 50227356 0
6 18860 rs4709612 162875706 1 4.9937841545398925e-5 162875706 162875706 0
6 19313 rs9364825 166308198 1 -4.979845799652304e-5 166308198 166308198 0
6 11616 rs7755167 88338752 1 4.979732352920058e-5 88338752 88338752 0
6 18189 rs9480344 156861144 2 4.9774829277561065e-5 156861144 156861144 0
6 12438 rs2799665 96309043 2 4.8575718695475665e-5 96309043 96309043 0
6 7037 rs4711522 37954692 1 4.7467913312503904e-5 37954692 37954692 0
6 15490 rs9372951 130329193 1 4.708798849081458e-5 130329193 130329193 0
6 16750 rs7770000 144281385 1 -4.7032061605306895e-5 144281385 144281385 0
6 15945 rs17063374 134434375 1 -4.660488052495727e-5 134434375 134434375 0
6 11676 rs1408702 88973751 2 -4.637176116946304e-5 88973751 88973751 0
6 15230 rs9388501 126903011 1 -4.520430501573181e-5 126903011 126903011 0
6 16839 rs7769065 145241719 1 -4.446275361793358e-5 145241719 145241719 0
6 772 rs9405979 6869872 1 -4.442174599478047e-5 6869872 6869872 0
6 14146 rs9320546 116030515 1 4.434813781266413e-5 116030515 116030515 0
6 3139 rs9885831 25750793 1 -4.383299271858344e-5 25750793 25750793 0
6 7108 rs2490026 38670067 1 4.329678234722358e-5 38670067 38670067 0
6 325 rs11242820 3055752 1 -4.2852264981997894e-5 3055752 3055752 0
6 10829 rs163981 80606537 1 -4.245824948460539e-5 80606537 80606537 0
6 10980 rs4998662 81888920 1 4.2437182915656174e-5 81888920 81888920 0
6 8183 rs1019824 49730356 1 4.196517717746601e-5 49730356 49730356 0
6 9041 rs6904535 56631976 1 4.1836691483262736e-5 56631976 56631976 0
6 795 rs675209 7102084 1 4.172686847542208e-5 7102084 7102084 0
6 19285 rs9365909 166106444 1 -4.1047628934355525e-5 166106444 166106444 0
6 10119 rs7775641 73478625 1 -4.0654703371880685e-5 73478625 73478625 0
6 2795 rs16888397 23978607 1 4.0235344406025275e-5 23978607 23978607 0
6 8795 rs6938005 54706689 1 -3.991062177525773e-5 54706689 54706689 0
6 7854 rs829916 45704461 1 -3.8714995720659925e-5 45704461 45704461 0
6 15618 rs7742376 131349836 1 -3.79960230058874e-5 131349836 131349836 0
6 17518 rs9480551 151025628 1 -3.79283295794832e-5 151025628 151025628 0
6 12740 rs4454147 99575874 1 -3.741834041266964e-5 99575874 99575874 0
6 15248 rs9321069 127392977 1 -3.700502213293019e-5 127392977 127392977 0
6 16408 rs642162 140214597 1 -3.69266714661689e-5 140214597 140214597 0
6 15010 rs9490794 123835876 1 -3.671737833304486e-5 123835876 123835876 0
6 11987 rs9345095 91838164 1 -3.656255936466172e-5 91838164 91838164 0
6 14182 rs9374588 116311701 1 -3.610946299620297e-5 116311701 116311701 0
6 7666 rs3734683 43316023 1 -3.608711852019693e-5 43316023 43316023 0
6 2269 rs45596536 20109956 1 3.563763513776226e-5 20109956 20109956 0
6 7318 rs2475506 39911241 1 3.5293523136428866e-5 39911241 39911241 0
6 15109 rs643002 124841336 2 -3.527475153281684e-5 124841336 124841336 0
6 13455 rs2500578 107650025 1 -3.519445088970854e-5 107650025 107650025 0
6 2994 rs7743187 25028663 1 3.508485406091715e-5 25028663 25028663 0
6 15128 rs9375372 125122731 2 3.4133426037311813e-5 125122731 125122731 0
6 19741 rs7766683 169742250 1 3.344941017419159e-5 169742250 169742250 0
6 1288 rs566568 11499392 1 3.341615140022965e-5 11499392 11499392 0
6 17975 rs4870294 154787639 1 3.339683391317555e-5 154787639 154787639 0
6 19627 rs6455530 168970508 1 -3.326624781537568e-5 168970508 168970508 0
6 12820 rs9389578 100112101 1 -3.323146679085808e-5 100112101 100112101 0
6 15005 rs9320939 123818871 1 -3.229984144922108e-5 123818871 123818871 0
6 19203 rs6937822 165427920 1 -3.223883542348447e-5 165427920 165427920 0
6 8923 rs12208624 55365000 1 -3.189382569056472e-5 55365000 55365000 0
6 18656 rs35533223 161508880 1 -3.182052537445319e-5 161508880 161508880 0
6 15048 rs1104940 124329017 1 3.128051032803441e-5 124329017 124329017 0
6 14117 rs1894670 115827277 1 -3.098252377478133e-5 115827277 115827277 0
6 15771 rs6924201 132897029 1 3.081910708350196e-5 132897029 132897029 0
6 18401 rs1504257 159727806 1 -3.060122758400846e-5 159727806 159727806 0
6 13605 rs61731700 109771691 1 -3.013315175659562e-5 109771691 109771691 0
6 8113 rs504213 49303938 1 -2.9936499526546672e-5 49303938 49303938 0
6 4279 rs929156 30139699 1 -2.9218655516807892e-5 30139699 30139699 0
6 19579 rs9364414 168571947 1 2.817425859066146e-5 168571947 168571947 0
6 18406 rs9365046 159756737 1 -2.806811445246277e-5 159756737 159756737 0
6 3718 rs7772982 29341007 1 2.801238092073949e-5 29341007 29341007 0
6 11297 rs1410172 85451301 1 -2.7957934295449583e-5 85451301 85451301 0
6 8175 rs597544 49703857 1 -2.7952567531533744e-5 49703857 49703857 0
6 6939 rs110033 36775242 1 2.732398308189324e-5 36775242 36775242 0
6 6368 rs11965763 33076682 2 2.7231720224864405e-5 33076682 33076682 0
6 6786 rs2395626 35422754 1 2.687161129484356e-5 35422754 35422754 0
6 19381 rs10946137 166651396 1 -2.6819699767569717e-5 166651396 166651396 0
6 9290 rs16896746 66232692 1 2.6661943721567707e-5 66232692 66232692 0
6 16191 rs6938486 137876921 1 -2.6400782749853224e-5 137876921 137876921 0
6 17797 rs12528046 152896974 1 2.6394736864788847e-5 152896974 152896974 0
6 6504 rs191549504 33411673 1 2.630105758094591e-5 33411673 33411673 0
6 19774 rs9295018 169992310 1 -2.568375823347759e-5 169992310 169992310 0
6 15832 rs4897620 133242963 1 2.4084054038791825e-5 133242963 133242963 0
6 11612 rs4707380 88311975 1 2.405985922489448e-5 88311975 88311975 0
6 17841 rs9479504 153404825 1 2.402819045173144e-5 153404825 153404825 0
6 13030 rs12663507 102795501 1 -2.3715634055419577e-5 102795501 102795501 0
6 13998 rs11153434 114016683 1 2.3686130178999836e-5 114016683 114016683 0
6 17070 rs4896932 147956348 1 2.346049227140389e-5 147956348 147956348 0
6 13379 rs7760555 106944820 1 2.3165889370918073e-5 106944820 106944820 0
6 14597 rs9320713 120121530 1 -2.2022385412984375e-5 120121530 120121530 0
6 12492 rs17056460 96660070 1 2.1956294575870808e-5 96660070 96660070 0
6 15899 rs465147 133715888 1 -2.1499569571626407e-5 133715888 133715888 0
6 6468 rs6907034 33252661 1 -2.1073305059003543e-5 33252661 33252661 0
6 7950 rs677439 46856263 1 -2.093995804890757e-5 46856263 46856263 0
6 1106 rs1206973 9846872 2 -2.075145168548481e-5 9846872 9846872 0
6 10224 rs11751175 74775904 1 -2.0631072378711724e-5 74775904 74775904 0
6 5703 rs34498363 32261630 1 -2.0429810676764657e-5 32261630 32261630 0
6 6767 rs6919334 35341875 1 -1.9485096546187912e-05 35341875 35341875 0
6 2800 rs7761213 24028403 1 1.9408224584623845e-5 24028403 24028403 0
6 5218 rs2859448 31436273 1 1.9202216441090464e-5 31436273 31436273 0
6 2665 rs9358603 22922389 1 -1.8677577490458097e-5 22922389 22922389 0
6 17993 rs3800006 155099371 1 1.803061316405128e-5 155099371 155099371 0
6 168 rs2814819 1683711 1 1.749867519085465e-5 1683711 1683711 0
6 1267 rs4437462 11310419 1 1.7396869908730974e-5 11310419 11310419 0
6 9541 rs12199119 68024278 1 -1.6814998912244613e-5 68024278 68024278 0
6 2486 rs6916032 21805714 1 1.6383240540366114e-5 21805714 21805714 0
6 6081 rs241451 32796480 1 1.6203043089481528e-5 32796480 32796480 0
6 7622 rs2274514 42934500 2 -1.6041039600112497e-5 42934500 42934500 0
6 9543 rs13220457 68026073 1 1.523028554356828e-5 68026073 68026073 0
6 18743 rs9364616 162278337 1 -1.3803540587371223e-5 162278337 162278337 0
6 17567 rs9397373 151338793 1 -1.3740267298527148e-5 151338793 151338793 0
6 45 rs1737539 641162 1 -1.3404028783054396e-5 641162 641162 0
6 9132 rs9294075 63771225 1 -1.2531634301048056e-5 63771225 63771225 0
6 10912 rs1454453 81390081 1 -1.226446896257099e-5 81390081 81390081 0
6 6803 rs6924087 35531205 1 1.2036384656508253e-5 35531205 35531205 0
6 480 rs1265214 4520511 1 1.1386370519174613e-5 4520511 4520511 0
6 13800 rs17072912 112126339 1 -1.1246796040332098e-5 112126339 112126339 0
6 18178 rs9372001 156792873 1 -1.0981495943513706e-5 156792873 156792873 0
6 15504 rs6569654 130410069 1 9.88082250204159e-6 130410069 130410069 0
6 14692 rs1339015 121158314 1 -9.567284771200664e-6 121158314 121158314 0
6 15196 rs1570383 126199862 1 9.460464537791818e-6 126199862 126199862 0
6 12132 rs7740559 93178019 1 -9.164151580544866e-6 93178019 93178019 0
6 9867 rs1716010 71595151 1 8.571389048575709e-6 71595151 71595151 0
6 10403 rs4513750 77226819 1 7.984620035504563e-6 77226819 77226819 0
6 5832 rs3129858 32400520 1 -7.945745510908604e-6 32400520 32400520 0
6 1678 rs12530202 15247393 1 7.384943519300836e-6 15247393 15247393 0
6 11630 rs4707403 88466990 1 6.079087403181249e-6 88466990 88466990 0
6 12901 rs17060534 100862051 1 5.908687072654575e-6 100862051 100862051 0
6 15950 rs1763510 134557207 1 -5.878646976241286e-6 134557207 134557207 0
6 10782 rs1394289 80311361 1 5.63871787575355e-6 80311361 80311361 0
6 17 rs9392573 480628 1 -4.4566734662389e-6 480628 480628 0
6 372 rs7760989 3496602 1 4.144186075827403e-6 3496602 3496602 0
6 19544 rs13216342 167833557 1 -4.1100554818875775e-6 167833557 167833557 0
6 5718 rs3749967 32283844 1 -4.110029361869528e-6 32283844 32283844 0
6 1260 rs7769173 11224748 1 -4.0163104585603e-6 11224748 11224748 0
6 2262 rs687734 20038974 1 -3.690414181991032e-6 20038974 20038974 0
6 18461 rs4709370 160210061 2 -3.099020159780697e-6 160210061 160210061 0
6 2183 rs9350132 19390126 1 3.0675794208839995e-6 19390126 19390126 0
6 11653 rs6908755 88817786 1 2.3984618454441197e-6 88817786 88817786 0
6 18381 rs2273067 159458802 2 2.1769532747992952e-6 159458802 159458802 0
6 15486 rs9321202 130309435 1 -1.4403358041938266e-6 130309435 130309435 0
6 16278 rs9495052 138696718 1 -8.614670548920393e-7 138696718 138696718 0
6 16617 rs12203708 143173828 1 2.598195342922601e-15 143173828 143173828 0
6 12001 rs1884257 91995736 1 1.3297042929430538e-15 91995736 91995736 0
6 4795 rs2517453 31060115 1 1.1557706279559972e-15 31060115 31060115 0
6 12330 rs442124 95004698 1 9.40860140733842e-16 95004698 95004698 0
6 4808 rs1064191 31075375 1 8.676136056342801e-16 31075375 31075375 0
6 117 rs4959529 1216558 1 8.579085255447863e-16 1216558 1216558 0
6 1346 rs11760074 11986665 1 8.139245591756336e-16 11986665 11986665 0
6 16686 rs4142501 143904692 1 3.9186961509810843e-16 143904692 143904692 0
6 14103 rs4544945 115230419 1 3.4735897143826173e-16 115230419 115230419 0
6 3713 rs10484546 29324599 1 3.127519148368819e-16 29324599 29324599 0
6 7895 rs2799354 46190377 1 3.0963766175791723e-16 46190377 46190377 0
6 8943 rs9475383 55571611 1 2.3367384865070806e-16 55571611 55571611 0
6 4796 rs2517452 31060162 1 2.050960308503141e-16 31060162 31060162 0
6 3704 rs12660111 29296148 1 1.2889871202825111e-16 29296148 29296148 0
6 19613 rs2749251 168905583 1 9.829278552466024e-17 168905583 168905583 0
6 4769 rs2394427 31019562 1 6.979166215428878e-17 31019562 31019562 0
6 4548 rs2075015 30680608 1 6.10333416533539e-17 30680608 30680608 0
6 4798 rs2535293 31062363 1 4.7063098866617977e-17 31062363 31062363 0
6 19635 rs9455675 169014217 1 3.7883941326636263e-17 169014217 169014217 0
