CHR Group SNP.lead BP.lead Size W BP.min BP.max BP.width
7 11882 rs10488631 128594183 2 0.12667519990248396 128594183 128594183 0
7 11881 rs4728142 128573967 2 0.07256185969491973 128573967 128573967 0
7 4556 rs11984075 37436854 2 0.04930405878761848 37436854 37436854 0
7 10686 rs1799999 113518434 2 0.03331173200932836 113518434 113518434 0
7 13642 rs10229125 149015443 1 0.03018523081799717 149015443 149015443 0
7 2311 rs10257873 20439353 2 0.0297415574019038 20439353 20439353 0
7 14444 rs3763412 158525086 1 0.02556754218830772 158525086 158525086 0
7 6837 rs11763777 64075291 2 0.02467148678905672 64075291 64075291 0
7 4196 rs4723373 34532710 1 -0.02385336636774381 34532710 34532710 0
7 7438 rs2527366 74098949 1 -0.02224130615080948 74098949 74098949 0
7 9466 rs16869462 97758335 1 0.02157333277063261 97758335 97758335 0
7 10269 rs10487840 107771288 1 0.0205919020034275 107771288 107771288 0
7 9528 rs9297145 98759117 1 0.02053883185593928 98759117 98759117 0
7 12762 rs3735008 138732457 1 0.019950844780017 138732457 138732457 0
7 8588 rs2263064 88208465 1 0.01949016174032014 88208465 88208465 0
7 7210 rs3923606 70171159 1 -0.01921993253906111 70171159 70171159 0
7 984 rs10950342 11285157 1 -0.01872125523917784 11285157 11285157 0
7 8556 rs17255978 87754915 1 -0.01845174667890021 87754915 87754915 0
7 343 rs10276022 4560681 1 -0.01807227259845455 4560681 4560681 0
7 7416 rs6948963 73425238 2 0.01798596519174028 73425238 73425238 0
7 9732 rs7810922 101597464 1 0.01730841400637899 101597464 101597464 0
7 7403 rs8891 73096993 1 0.0172882037379217 73096993 73096993 0
7 2334 rs17143056 20596929 1 0.01716792177340671 20596929 20596929 0
7 6988 rs12698621 67205472 1 -0.01707112998792931 67205472 67205472 0
7 7488 rs7799638 76040527 1 0.01675294934905457 76040527 76040527 0
7 4771 rs2043260 38657224 2 0.01650515491228118 38657224 38657224 0
7 4213 rs10237930 34681220 1 0.01646160193072275 34681220 34681220 0
7 7402 rs17145817 73046779 1 0.01635646062409761 73046779 73046779 0
7 14008 rs4410821 153350882 1 0.01627910634040479 153350882 153350882 0
7 482 rs10229215 7171465 1 -0.01603986577350776 7171465 7171465 0
7 4548 rs17259252 37382520 1 0.01532852619893474 37382520 37382520 0
7 7435 rs13238568 74076493 2 0.01518956956877088 74076493 74076493 0
7 9034 rs10254794 93338280 2 0.01506770598770991 93338280 93338280 0
7 2301 rs206190 20360101 1 0.01490938849632245 20360101 20360101 0
7 14425 rs7803342 158170316 1 -0.01480680761682853 158170316 158170316 0
7 1047 rs10280808 11595832 1 0.01451885667265484 11595832 11595832 0
7 13593 rs17532635 148155186 1 -0.01384625911864486 148155186 148155186 0
7 2930 rs16210 24267358 1 0.01375136790536576 24267358 24267358 0
7 8457 rs11771901 86681257 1 -0.01367705715307885 86681257 86681257 0
7 13107 rs12703545 143645824 1 0.01363011010978723 143645824 143645824 0
7 616 rs2058519 8214574 1 0.01343482391523368 8214574 8214574 0
7 103 rs11772554 2483135 1 -0.01330668943982849 2483135 2483135 0
7 2142 rs2074633 19035920 2 0.01320998237061639 19035920 19035920 0
7 7624 rs987493 77766520 1 -0.01277893303645951 77766520 77766520 0
7 730 rs1155197 9283806 1 -0.01275907053783888 9283806 9283806 0
7 8975 rs1004051 92328956 1 0.012724272093261541 92328956 92328956 0
7 8981 rs445 92408370 1 -0.01265169771086524 92408370 92408370 0
7 5935 rs1396277 50010988 2 0.01263712927119102 50010988 50010988 0
7 5888 rs12718168 49312703 1 0.01216241581796356 49312703 49312703 0
7 12967 rs17689193 141943578 1 -0.0121284318390808 141943578 141943578 0
7 12764 rs10273974 138735512 1 0.01197154105095769 138735512 138735512 0
7 12834 rs35456446 139734069 1 0.0116599960311345 139734069 139734069 0
7 10849 rs3807979 115893362 1 -0.01144623927385296 115893362 115893362 0
7 272 rs6961561 3910657 1 0.01143171294193017 3910657 3910657 0
7 8343 rs17159737 84894831 1 0.01135120720580525 84894831 84894831 0
7 10606 rs7781871 112469673 1 0.01121887980312568 112469673 112469673 0
7 4479 rs3807162 36908551 1 0.01093918429524404 36908551 36908551 0
7 4203 rs10272610 34561147 1 -0.01089560014020209 34561147 34561147 0
7 11880 rs729302 128568960 2 0.01061590323227987 128568960 128568960 0
7 2453 rs10277012 21298242 1 -0.01053186477223046 21298242 21298242 0
7 10799 rs11983531 115169187 1 0.01047230919932831 115169187 115169187 0
7 11020 rs11981239 117869066 1 0.01046240086398789 117869066 117869066 0
7 14241 rs9638077 156048322 1 0.01032911759762459 156048322 156048322 0
7 1806 rs2301971 16511064 1 -0.01031643271146444 16511064 16511064 0
7 430 rs6962026 6246523 2 -0.01013711300575128 6246523 6246523 0
7 5720 rs6463462 48142194 1 0.01012082046418582 48142194 48142194 0
7 10175 rs41805 106234010 2 0.00993328510326193 106234010 106234010 0
7 260 rs6462243 3732481 1 -0.00989533787444662 3732481 3732481 0
7 4231 rs17197848 34758676 1 0.00983942031415956 34758676 34758676 0
7 4543 rs2700996 37369189 1 -0.00971458411368811 37369189 37369189 0
7 13689 rs1104881 150141809 1 0.00963036737459689 150141809 150141809 0
7 7781 rs10224582 78659092 1 0.00961932971616235 78659092 78659092 0
7 4137 rs12701341 34021755 1 0.00958272957315325 34021755 34021755 0
7 2168 rs13221528 19368402 2 0.00956602385671244 19368402 19368402 0
7 4158 rs318583 34294321 1 -0.0094473950698055 34294321 34294321 0
7 5407 rs45444695 45747949 2 -0.00939281632297734 45747949 45747949 0
7 12710 rs1874326 138157390 1 0.00925914815364504 138157390 138157390 0
7 3412 rs916854 27947150 1 -0.00891872761399847 27947150 27947150 0
7 5294 rs2908290 44216137 1 0.00887217538576501 44216137 44216137 0
7 1318 rs1318978 12661312 1 -0.00875056280622033 12661312 12661312 0
7 13879 rs3813852 151551793 1 -0.0087254795613242 151551793 151551793 0
7 2378 rs6947953 20930177 1 0.00856304683351264 20930177 20930177 0
7 11158 rs798947 120763212 1 -0.00852532859245538 120763212 120763212 0
7 7874 rs6945349 79723943 2 -0.00849607405925134 79723943 79723943 0
7 1825 rs7790525 16601536 2 -0.00840591653930228 16601536 16601536 0
7 10028 rs7781331 104275367 1 0.00838981344028058 104275367 104275367 0
7 7149 rs12667664 68790622 1 0.00833827675405828 68790622 68790622 0
7 3732 rs2267716 30716643 1 -0.00831788092016909 30716643 30716643 0
7 697 rs4725148 8997725 1 0.0081063524985751 8997725 8997725 0
7 4545 rs6974491 37374510 1 0.00806190880686686 37374510 37374510 0
7 14385 rs6944306 157700614 2 0.00801129568038049 157700614 157700614 0
7 2070 rs1178328 18233458 1 0.00789949061580894 18233458 18233458 0
7 2731 rs1880242 22759607 2 0.00788587200230106 22759607 22759607 0
7 2728 rs6461662 22757089 2 -0.00784506344399575 22757089 22757089 0
7 12968 rs916011 141947082 1 0.00777717527383557 141947082 141947082 0
7 3340 rs1055182 27420533 2 0.00770164894780531 27420533 27420533 0
7 11961 rs34752500 129668746 1 0.0076269826800247 129668746 129668746 0
7 5439 rs1085924 46155974 1 0.00744802267725329 46155974 46155974 0
7 5634 rs4724619 47782640 1 0.0074190884332058 47782640 47782640 0
7 4138 rs10486625 34022301 2 0.00741792677252205 34022301 34022301 0
7 11196 rs11979908 121373962 1 0.0072813243575117 121373962 121373962 0
7 12324 rs1646667 134035080 1 0.0072375239875316 134035080 134035080 0
7 12076 rs10155893 131281224 1 0.00721503414138061 131281224 131281224 0
7 1429 rs2568574 13500618 2 0.00717429967519337 13500618 13500618 0
7 5072 rs17172014 42157147 1 -0.00716616493194171 42157147 42157147 0
7 4964 rs6963950 41042490 1 -0.00716467965718457 41042490 41042490 0
7 12833 rs2286195 139728584 1 -0.00694637680478714 139728584 139728584 0
7 13795 rs2373961 150681210 1 -0.00691762342018823 150681210 150681210 0
7 14396 rs11772608 157819325 2 -0.00690389473015605 157819325 157819325 0
7 11447 rs7784625 123951585 1 0.00687454541959444 123951585 123951585 0
7 6958 rs13238909 67076373 1 -0.00685830978247931 67076373 67076373 0
7 7408 rs13232536 73219508 1 -0.0068536580213041 73219508 73219508 0
7 12843 rs6948262 139976963 1 0.0068533396854416 139976963 139976963 0
7 11393 rs1395381 123432100 1 0.0068437049953161 123432100 123432100 0
7 13177 rs2692390 144603425 1 -0.00680105030904642 144603425 144603425 0
7 411 rs308080 5888663 1 -0.00676754984106207 5888663 5888663 0
7 11862 rs2290228 128388648 1 0.00672437362854954 128388648 128388648 0
7 13814 rs3800794 150916539 1 -0.00668092515168105 150916539 150916539 0
7 11944 rs3800602 129360201 1 -0.00662863418980713 129360201 129360201 0
7 6851 rs73138709 64166802 1 -0.00660201966184566 64166802 64166802 0
7 2154 rs3922356 19250811 2 -0.00649165621322027 19250811 19250811 0
7 12778 rs140343844 138946363 1 0.00648873541313121 138946363 138946363 0
7 654 rs17154637 8764246 1 0.00640767220695411 8764246 8764246 0
7 321 rs10216277 4401148 2 0.00637425541034328 4401148 4401148 0
7 351 rs4720331 4600429 2 -0.00637028821194385 4600429 4600429 0
7 14481 rs12154715 158727910 1 -0.00635428359701378 158727910 158727910 0
7 11443 rs1860577 123911882 1 0.00634004289874984 123911882 123911882 0
7 13706 rs3807382 150263795 1 0.00626638108385457 150263795 150263795 0
7 3621 rs1055010 29551124 1 0.00626373318035289 29551124 29551124 0
7 4405 rs17170619 36556593 2 -0.00621461070456777 36556593 36556593 0
7 4799 rs6955677 38933942 1 -0.00619151308960702 38933942 38933942 0
7 9216 rs7777424 95259612 2 0.00613863413024441 95259612 95259612 0
7 714 rs12539486 9104637 1 0.00613812526552793 9104637 9104637 0
7 11987 rs5011386 130017309 1 0.00613503185134733 130017309 130017309 0
7 12153 rs2198051 131886839 2 0.00612645045770861 131886839 131886839 0
7 301 rs10951446 4191811 1 0.00608404556340378 4191811 4191811 0
7 11325 rs12706494 122773032 1 -0.00605549585962497 122773032 122773032 0
7 7453 rs757359 75367376 1 -0.00601562602059936 75367376 75367376 0
7 706 rs9886212 9045876 1 0.00589521492897813 9045876 9045876 0
7 7943 rs1058425 80387766 1 0.00588021546958071 80387766 80387766 0
7 2396 rs2159851 21103691 1 0.00586084607247705 21103691 21103691 0
7 14366 rs755703 157462425 1 -0.00583630838742627 157462425 157462425 0
7 5998 rs3779084 50568735 2 -0.00581718356870581 50568735 50568735 0
7 34 rs6943934 1189178 2 -0.00580262441285938 1189178 1189178 0
7 374 rs2137502 4975010 2 0.00576044872462577 4975010 4975010 0
7 3336 rs11563973 27405091 1 0.00575583308798537 27405091 27405091 0
7 12567 rs11767346 136205020 1 0.00573921081160016 136205020 136205020 0
7 8321 rs11976258 84595806 2 0.00571539052899907 84595806 84595806 0
7 8516 rs4148751 87143153 2 -0.00567691307195846 87143153 87143153 0
7 13685 rs7393 150095271 1 0.00561944598772139 150095271 150095271 0
7 9440 rs2136704 97446702 1 0.00560905774731264 97446702 97446702 0
7 9661 rs2898568 100810983 1 0.00560512059715651 100810983 100810983 0
7 14094 rs11243339 154429560 1 -0.0055595873127597 154429560 154429560 0
7 6667 rs1554717 55337209 1 0.00554456267762723 55337209 55337209 0
7 4901 rs6951760 39796229 1 0.00553640225086908 39796229 39796229 0
7 8712 rs1013540 88974907 1 0.00551547772749874 88974907 88974907 0
7 13399 rs10276770 147042196 1 -0.00549354874017842 147042196 147042196 0
7 7353 rs10950298 71603773 1 0.00545813842734956 71603773 71603773 0
7 13036 rs4252411 142625933 1 -0.00541852635519083 142625933 142625933 0
7 5198 rs7808837 43393057 1 0.00540468733254997 43393057 43393057 0
7 4233 rs11975122 34765059 1 0.00537802298503113 34765059 34765059 0
7 5958 rs6583437 50350267 2 0.00536621921209454 50350267 50350267 0
7 11849 rs7790478 128348405 1 0.00531239836946706 128348405 128348405 0
7 2134 rs17140423 19007884 1 0.00530802319159311 19007884 19007884 0
7 14201 rs1151790 155629975 2 0.00522518120621373 155629975 155629975 0
7 10870 rs1528243 115970664 1 -0.00521002389510483 115970664 115970664 0
7 6076 rs12216580 51051491 1 -0.0051586738441749 51051491 51051491 0
7 7407 rs6951030 73133241 1 0.00513573197152635 73133241 73133241 0
7 5000 rs273209 41469325 1 0.00512487560051416 41469325 41469325 0
7 9698 rs10264271 101171175 2 0.00511579387777056 101171175 101171175 0
7 466 rs10951991 6721661 1 0.00511210280110769 6721661 6721661 0
7 8301 rs594533 83936564 2 -0.00510667857231796 83936564 83936564 0
7 14394 rs1001099 157802672 1 -0.0050981416338526 157802672 157802672 0
7 3792 rs6945601 31204503 1 -0.00509673806237102 31204503 31204503 0
7 7274 rs10256635 70778948 1 -0.00505114049206922 70778948 70778948 0
7 13639 rs7788681 148976137 1 0.00501348849534148 148976137 148976137 0
7 13966 rs6464323 152954907 1 -0.00499700597650624 152954907 152954907 0
7 9294 rs3094750 96081911 1 -0.00495753491093733 96081911 96081911 0
7 8379 rs12670014 85433391 2 -0.00489007555049695 85433391 85433391 0
7 5824 rs12718290 48676230 1 0.00487613597936328 48676230 48676230 0
7 3453 rs4722771 28279243 1 0.00485547998675444 28279243 28279243 0
7 8302 rs7806920 83986207 2 0.00479377172659188 83986207 83986207 0
7 3078 rs11489352 25285231 1 -0.00479158464313132 25285231 25285231 0
7 13538 rs2527068 147731239 1 -0.00476564215350482 147731239 147731239 0
7 3318 rs11564044 27301441 1 -0.00473572468020202 27301441 27301441 0
7 11861 rs339065 128371298 2 0.00471632397017245 128371298 128371298 0
7 8775 rs7791143 89687264 1 0.00471525225170008 89687264 89687264 0
7 2522 rs7803642 21641629 1 0.00469920437164298 21641629 21641629 0
7 277 rs7804166 3925535 1 0.00469670248471453 3925535 3925535 0
7 2551 rs2072220 21775387 1 0.00469314448839408 21775387 21775387 0
7 13352 rs2109305 146720738 1 -0.00468711138617323 146720738 146720738 0
7 60 rs7783715 1923385 1 -0.00468263216148466 1923385 1923385 0
7 7384 rs6460021 71967583 1 0.00468106413806023 71967583 71967583 0
7 5496 rs12535934 46665658 1 -0.00467563348829449 46665658 46665658 0
7 2558 rs16872907 21782783 1 0.00466954985945468 21782783 21782783 0
7 10225 rs6966616 106920976 1 -0.00457313562545514 106920976 106920976 0
7 8040 rs1558371 81584569 1 -0.00456225615944678 81584569 81584569 0
7 1729 rs10263175 16043897 1 0.00454274051449183 16043897 16043897 0
7 10913 rs2237712 116338658 2 -0.00453697562413303 116338658 116338658 0
7 12568 rs1030338 136215137 1 0.00450815908965174 136215137 136215137 0
7 5395 rs950971 45575915 1 -0.00449060119070552 45575915 45575915 0
7 12345 rs2229542 134135621 1 0.00442347769623364 134135621 134135621 0
7 5328 rs2158564 45038881 1 -0.00435810513804256 45038881 45038881 0
7 10600 rs2906787 112137676 1 0.00435729220355628 112137676 112137676 0
7 14471 rs1188960 158687998 1 -0.00435453984463369 158687998 158687998 0
7 2838 rs12669134 23788550 1 -0.00429811337428616 23788550 23788550 0
7 13676 rs2074699 149547703 1 0.00428565830997827 149547703 149547703 0
7 4250 rs17791600 34944778 1 0.00427025273140048 34944778 34944778 0
7 12852 rs558 140033631 1 0.00423530577834107 140033631 140033631 0
7 14203 rs1731835 155649488 1 0.00419685722156937 155649488 155649488 0
7 318 rs4720253 4398027 1 -0.00419271058660926 4398027 4398027 0
7 5293 rs2971671 44211337 1 0.00419149576342356 44211337 44211337 0
7 9547 rs12533251 99115677 1 0.00413254787508889 99115677 99115677 0
7 9605 rs7809801 100072031 1 -0.00413014541418083 100072031 100072031 0
7 2065 rs12171593 18193589 1 0.00412981701389362 18193589 18193589 0
7 171 rs1872881 3148092 1 -0.00412146196276762 3148092 3148092 0
7 3390 rs3779472 27823243 2 -0.00411923959153707 27823243 27823243 0
7 2068 rs1178355 18204811 1 0.00407365128501355 18204811 18204811 0
7 994 rs17542300 11330387 1 -0.0040621393338478 11330387 11330387 0
7 3683 rs917145 29917385 2 0.00403950434120169 29917385 29917385 0
7 5761 rs10248040 48354820 1 0.00403530267159289 48354820 48354820 0
7 284 rs6956208 4027536 2 -0.00403044813964352 4027536 4027536 0
7 309 rs13240660 4264920 1 -0.00399285137015387 4264920 4264920 0
7 7116 rs7805438 68448569 2 -0.00398995567494611 68448569 68448569 0
7 677 rs17156731 8920903 1 0.00397449580674542 8920903 8920903 0
7 3168 rs4719826 25814109 1 0.00392926981688723 25814109 25814109 0
7 7701 rs2192883 78096656 1 0.00392581952738723 78096656 78096656 0
7 11404 rs3808168 123588444 1 0.00390519735810929 123588444 123588444 0
7 4139 rs1365886 34026561 1 -0.00389433940624422 34026561 34026561 0
7 13240 rs850388 145135064 1 0.00388833980679585 145135064 145135064 0
7 1982 rs1375238 17566398 1 -0.00388802251526907 17566398 17566398 0
7 8616 rs2519954 88402485 1 0.0038529894188095 88402485 88402485 0
7 4893 rs17171612 39724464 1 0.00384839426039213 39724464 39724464 0
7 2005 rs6977694 17709204 1 -0.00384115390377665 17709204 17709204 0
7 10692 rs1528090 113845251 1 -0.00383990066080783 113845251 113845251 0
7 6994 rs10279927 67261526 1 0.00383662380879901 67261526 67261526 0
7 2015 rs4486086 17743719 1 0.00381264839368514 17743719 17743719 0
7 12384 rs17168029 134456444 1 0.0038101007791842 134456444 134456444 0
7 7502 rs3108418 76854725 1 0.00380018594028539 76854725 76854725 0
7 3291 rs10486474 26784880 2 0.00376246669722121 26784880 26784880 0
7 12605 rs1364405 136608159 1 -0.00376015470434307 136608159 136608159 0
7 703 rs983314 9009281 1 -0.00375504822315369 9009281 9009281 0
7 8334 rs2191483 84785117 1 0.00373907081056906 84785117 84785117 0
7 12405 rs1377297 134546119 1 0.00373192850561859 134546119 134546119 0
7 1299 rs10249671 12547917 1 0.003652474550762 12547917 12547917 0
7 10496 rs2091309 110376327 2 -0.00365232392493675 110376327 110376327 0
7 4917 rs4723936 40271224 1 0.00364853975566815 40271224 40271224 0
7 989 rs4720952 11291400 1 -0.00364209194203637 11291400 11291400 0
7 10626 rs2272260 112757862 1 -0.00362144604270708 112757862 112757862 0
7 9615 rs1734907 100315517 1 0.00360702852506078 100315517 100315517 0
7 6791 rs2894771 57417569 2 0.00360608693244844 57417569 57417569 0
7 8688 rs2214339 88813289 1 0.00358139383262278 88813289 88813289 0
7 13345 rs6946957 146599374 1 0.00357536662863643 146599374 146599374 0
7 76 rs6967286 2212758 2 -0.00356924707831776 2212758 2212758 0
7 14163 rs2951012 154975445 1 0.00355571824227927 154975445 154975445 0
7 9127 rs17460316 94633926 1 -0.00350407958397927 94633926 94633926 0
7 11864 rs1043550 128409225 1 -0.00349385040103168 128409225 128409225 0
7 11472 rs1917353 124196444 1 -0.00348504982118642 124196444 124196444 0
7 3682 rs740142 29894775 1 0.00344879390058844 29894775 29894775 0
7 3692 rs35960711 29980471 1 0.00342141040737038 29980471 29980471 0
7 2017 rs6953198 17746628 1 0.00341894518182591 17746628 17746628 0
7 2495 rs17144460 21503119 1 -0.00340989181056705 21503119 21503119 0
7 12044 rs1863010 130890537 1 -0.00340543641107877 130890537 130890537 0
7 8041 rs12668403 81585921 2 -0.00340416680319821 81585921 81585921 0
7 9021 rs4729080 92969716 1 -0.00340223246169043 92969716 92969716 0
7 14341 rs2366559 157237427 1 -0.00337620473276474 157237427 157237427 0
7 12599 rs9656474 136534657 1 0.00336812600402145 136534657 136534657 0
7 11193 rs2402586 121333348 1 0.003344553264652 121333348 121333348 0
7 4247 rs28480169 34917702 1 0.00331886786238668 34917702 34917702 0
7 8557 rs10238607 87775157 1 0.00330195841584612 87775157 87775157 0
7 9136 rs11767065 94840916 1 -0.00328858000273421 94840916 94840916 0
7 7891 rs6978602 79987771 1 -0.00328527740201682 79987771 79987771 0
7 2336 rs9885995 20613366 1 0.00326998166468771 20613366 20613366 0
7 7436 rs13227433 74094721 1 0.0032697815971266 74094721 74094721 0
7 9251 rs1488514 95627771 1 0.00325408231680196 95627771 95627771 0
7 4717 rs3823598 38432978 1 -0.00325324154498195 38432978 38432978 0
7 6193 rs965277 51798888 1 0.00324927212680142 51798888 51798888 0
7 3281 rs11763033 26644642 1 0.0032492461076326 26644642 26644642 0
7 9622 rs2250818 100422156 1 -0.00324106589859951 100422156 100422156 0
7 5730 rs17712031 48263899 1 -0.00323755958238318 48263899 48263899 0
7 4667 rs1524078 38056445 1 -0.00321934483241405 38056445 38056445 0
7 11133 rs6944490 120339674 1 0.00321497767840751 120339674 120339674 0
7 11547 rs1464833 125115662 1 0.00321317275631787 125115662 125115662 0
7 11323 rs13244086 122770085 1 0.00314252748512722 122770085 122770085 0
7 9576 rs17277546 99489571 1 -0.00308142171439497 99489571 99489571 0
7 2949 rs2521630 24376523 1 -0.00307219481108351 24376523 24376523 0
7 13532 rs12670399 147669194 1 -0.00307025962655579 147669194 147669194 0
7 5086 rs4724100 42264679 1 0.00306468835294374 42264679 42264679 0
7 305 rs653625 4223652 2 -0.00305336825532971 4223652 4223652 0
7 393 rs4357206 5402606 1 0.00305202575194745 5402606 5402606 0
7 572 rs2348763 7897715 2 -0.00305195089608039 7897715 7897715 0
7 5999 rs880028 50570136 1 -0.00305147878919223 50570136 50570136 0
7 1386 rs17166921 13275578 1 0.0030326733734085 13275578 13275578 0
7 13837 rs1004340 151099634 1 0.00303053356110609 151099634 151099634 0
7 1830 rs562687 16620928 1 0.00302510123816856 16620928 16620928 0
7 3820 rs1880336 31349138 1 -0.00301926799789832 31349138 31349138 0
7 9359 rs3757493 96656572 1 0.00301883073247256 96656572 96656572 0
7 4069 rs17724206 33423761 2 0.00300627799828904 33423761 33423761 0
7 5001 rs10486715 41478608 1 -0.00298474774003574 41478608 41478608 0
7 6471 rs10264027 53611898 1 0.00298313183874825 53611898 53611898 0
7 12469 rs3112368 135411615 1 -0.00297058140086353 135411615 135411615 0
7 2273 rs38152 20047575 1 0.00293854626666377 20047575 20047575 0
7 3299 rs213516 26938809 2 -0.00293744747534963 26938809 26938809 0
7 8322 rs7794976 84597933 1 -0.00293417365184998 84597933 84597933 0
7 7288 rs4236247 70911123 1 0.00292703786128851 70911123 70911123 0
7 9242 rs319327 95550100 1 0.00292266651277928 95550100 95550100 0
7 2496 rs17144465 21504427 1 0.00288878459770788 21504427 21504427 0
7 5039 rs718939 41899191 2 -0.0028833027292165 41899191 41899191 0
7 11885 rs3807304 128644533 1 -0.00287743741401884 128644533 128644533 0
7 5289 rs17769733 44177412 2 0.00287569812630639 44177412 44177412 0
7 7290 rs4236252 70942415 1 0.00286110255315686 70942415 70942415 0
7 3835 rs218092 31504969 1 0.00286041747609158 31504969 31504969 0
7 3182 rs4722551 25991826 1 0.0028575752999562 25991826 25991826 0
7 438 rs3729790 6426954 1 -0.00284770754107373 6426954 6426954 0
7 1822 rs7794591 16568529 2 0.00284663095794553 16568529 16568529 0
7 10177 rs41836 106266554 1 -0.00284268910099528 106266554 106266554 0
7 12455 rs3110789 135364526 1 -0.00283962580772535 135364526 135364526 0
7 4011 rs17161469 32645512 1 -0.00283818855504291 32645512 32645512 0
7 723 rs2107748 9214578 1 0.00282091449326767 9214578 9214578 0
7 3756 rs17159487 30868662 1 -0.00281707428688988 30868662 30868662 0
7 11910 rs6971551 129072024 2 -0.00281489037270357 129072024 129072024 0
7 3782 rs7793414 31149283 1 0.00280161697673637 31149283 31149283 0
7 13660 rs11982494 149365696 2 -0.00279773314471838 149365696 149365696 0
7 8231 rs1979768 83206573 2 -0.00278888224600396 83206573 83206573 0
7 14283 rs7790357 156464214 1 -0.00278614641137922 156464214 156464214 0
7 13882 rs9640300 151558997 2 0.0027849543275511 151558997 151558997 0
7 13877 rs6950343 151536181 1 0.00277932853626541 151536181 151536181 0
7 7996 rs11531619 81000965 1 0.00277695767297153 81000965 81000965 0
7 13860 rs4726070 151328218 1 0.002775083516956 151328218 151328218 0
7 3888 rs3807626 31834751 2 -0.00275567134438786 31834751 31834751 0
7 6284 rs984196 52548600 1 0.00273029707867467 52548600 52548600 0
7 1398 rs12374759 13316690 1 0.00271915476941638 13316690 13316690 0
7 8253 rs701277 83531098 1 -0.00271769585245536 83531098 83531098 0
7 9451 rs10486011 97481812 1 -0.0027103721844978 97481812 97481812 0
7 2399 rs1860875 21111643 1 0.00270532957740863 21111643 21111643 0
7 7291 rs11561753 70946807 2 0.0027019622410084 70946807 70946807 0
7 10231 rs6979121 107066030 1 -0.00269172091704502 107066030 107066030 0
7 11863 rs17475665 128408313 1 -0.0026590825216257 128408313 128408313 0
7 12853 rs74938974 140045011 1 -0.00265599701373291 140045011 140045011 0
7 3185 rs745580 26008052 1 0.00264375149573344 26008052 26008052 0
7 13626 rs1202470 148889043 1 0.00261651037984783 148889043 148889043 0
7 10001 rs2073791 104122989 2 0.00259713936547705 104122989 104122989 0
7 9076 rs4729131 94028427 1 0.0025921079667587 94028427 94028427 0
7 8209 rs17157388 82923367 1 0.00258373028557106 82923367 82923367 0
7 13336 rs10952662 146497318 2 -0.00256555106397751 146497318 146497318 0
7 5399 rs11771815 45629845 1 0.00256326004259337 45629845 45629845 0
7 10810 rs10280896 115357649 1 0.00255810841250051 115357649 115357649 0
7 14328 rs6979947 157005863 1 0.00255727838643729 157005863 157005863 0
7 11147 rs41701 120640410 1 -0.00255633869605527 120640410 120640410 0
7 736 rs1919796 9323220 1 -0.00254669579750754 9323220 9323220 0
7 5098 rs17172040 42364924 1 -0.00254391529995685 42364924 42364924 0
7 7423 rs17145361 73697327 1 0.00254003767996928 73697327 73697327 0
7 5318 rs1050331 44808091 1 0.00252407002750129 44808091 44808091 0
7 2476 rs13229993 21372342 1 -0.00250862327053821 21372342 21372342 0
7 5183 rs17172181 43283115 1 0.00248911157583005 43283115 43283115 0
7 12729 rs3734936 138447395 1 -0.00248867295297362 138447395 138447395 0
7 2304 rs17365098 20408459 2 0.00246998467907899 20408459 20408459 0
7 9366 rs7794886 96749012 1 0.00246285082612454 96749012 96749012 0
7 11285 rs4604372 122247051 1 -0.00245728827351667 122247051 122247051 0
7 8336 rs2534868 84819357 1 0.00244603933226785 84819357 84819357 0
7 4723 rs11977538 38439002 1 -0.00243207858747537 38439002 38439002 0
7 5639 rs1551278 47811850 1 0.00242902152184243 47811850 47811850 0
7 2786 rs4599713 22983854 1 -0.00242397712032152 22983854 22983854 0
7 622 rs9472 8302284 1 0.00241078153882069 8302284 8302284 0
7 8103 rs10486969 82175885 1 -0.00238516572942454 82175885 82175885 0
7 1672 rs7787043 15698178 1 0.00237642963892248 15698178 15698178 0
7 6717 rs11238386 56033141 1 0.00235736682969063 56033141 56033141 0
7 11240 rs1147499 121668320 1 -0.00234951155905813 121668320 121668320 0
7 13376 rs12111644 146984325 2 -0.00234114814702833 146984325 146984325 0
7 170 rs6967398 3146983 2 -0.00231738470311059 3146983 3146983 0
7 702 rs6961566 9006896 1 -0.00231033883379273 9006896 9006896 0
7 3818 rs1860795 31344595 1 0.00230867574295078 31344595 31344595 0
7 11253 rs157659 121799079 2 -0.00229507639900121 121799079 121799079 0
7 1636 rs12234378 15331080 1 -0.00227878718336956 15331080 15331080 0
7 13658 rs354082 149334212 1 -0.00227515687325089 149334212 149334212 0
7 13405 rs1357896 147063313 1 0.00226510968493203 147063313 147063313 0
7 12148 rs6968634 131867842 1 -0.00223986936704612 131867842 131867842 0
7 299 rs17134410 4187331 1 0.00223412445312009 4187331 4187331 0
7 11337 rs6968706 122890164 1 0.00222859714754275 122890164 122890164 0
7 12391 rs1869261 134503247 2 -0.0021908822384783 134503247 134503247 0
7 1400 rs10488260 13325060 2 0.00217057174315581 13325060 13325060 0
7 2770 rs6973118 22883518 1 0.00215724625824077 22883518 22883518 0
7 14223 rs1458806 155768061 2 -0.00215381986252078 155768061 155768061 0
7 5004 rs1482548 41491762 1 0.00213943846738966 41491762 41491762 0
7 4905 rs11972197 39863558 1 -0.00211340426196971 39863558 39863558 0
7 14465 rs1188974 158665748 1 -0.00211253716101542 158665748 158665748 0
7 6083 rs17134122 51075104 1 0.0021073500447289 51075104 51075104 0
7 5390 rs885244 45498400 1 -0.00210434603857063 45498400 45498400 0
7 13598 rs6464907 148188533 2 0.00210299189467044 148188533 148188533 0
7 222 rs1403158 3464896 2 -0.00209793646121724 3464896 3464896 0
7 5891 rs10272048 49320837 1 0.00209405287226576 49320837 49320837 0
7 13971 rs960840 153061413 2 -0.00209122535566293 153061413 153061413 0
7 5982 rs10235371 50514577 1 0.00209116662983167 50514577 50514577 0
7 8552 rs2282950 87633527 1 -0.00204859829603172 87633527 87633527 0
7 5590 rs10951901 47308241 1 0.00204321235068049 47308241 47308241 0
7 13883 rs12540735 151580648 2 0.00203507243840165 151580648 151580648 0
7 8116 rs10486972 82197469 1 -0.00203338604830188 82197469 82197469 0
7 12536 rs834760 135840461 1 0.00202619038570675 135840461 135840461 0
7 3394 rs6948467 27869782 1 0.00201304928303564 27869782 27869782 0
7 13608 rs243538 148404379 1 -0.00198033839299758 148404379 148404379 0
7 3860 rs10252720 31618008 1 0.00197642818606725 31618008 31618008 0
7 4297 rs10270692 35593963 2 -0.00196593610729718 35593963 35593963 0
7 13965 rs13236171 152952473 1 -0.00195658676192529 152952473 152952473 0
7 924 rs12531454 10863492 1 -0.00195603732987393 10863492 10863492 0
7 4670 rs17171260 38064005 1 -0.00195296078945225 38064005 38064005 0
7 6199 rs682792 51833487 1 0.00193257183399346 51833487 51833487 0
7 11936 rs1984823 129332946 1 -0.00193138785844615 129332946 129332946 0
7 12979 rs9640366 141969003 1 -0.00192195020681122 141969003 141969003 0
7 11900 rs2012919 128890812 1 0.00192180535282857 128890812 128890812 0
7 4988 rs37267 41337044 1 0.00190606910095079 41337044 41337044 0
7 11999 rs36196571 130274198 1 0.00190567592617661 130274198 130274198 0
7 5016 rs10486718 41659417 1 0.00189190525454546 41659417 41659417 0
7 13288 rs17170033 145998111 2 -0.00188585144489462 145998111 145998111 0
7 2128 rs17350355 18928503 1 0.00187916758929454 18928503 18928503 0
7 5624 rs10951916 47694270 1 -0.00187234609670383 47694270 47694270 0
7 509 rs7778301 7292458 1 -0.00187121541827397 7292458 7292458 0
7 4209 rs6960331 34662712 1 -0.00186223543354751 34662712 34662712 0
7 12686 rs7812287 137753675 1 -0.0018587352085977 137753675 137753675 0
7 11753 rs17862340 126914820 1 0.0018566615201918 126914820 126914820 0
7 11819 rs322840 127708975 1 0.00184676555309969 127708975 127708975 0
7 8461 rs6948837 86706918 1 0.00183690285868867 86706918 86706918 0
7 11338 rs6961894 122894149 1 0.00183453248241193 122894149 122894149 0
7 6368 rs2913036 52853441 1 0.00183308270591843 52853441 52853441 0
7 14435 rs6972008 158427496 1 0.00183203825546646 158427496 158427496 0
7 3456 rs177485 28319962 1 -0.00182772007791994 28319962 28319962 0
7 4140 rs6948650 34035784 1 -0.00182493410189557 34035784 34035784 0
7 8777 rs17770685 89724772 1 0.00182357877713378 89724772 89724772 0
7 2727 rs10155981 22756463 2 -0.00182132339225369 22756463 22756463 0
7 5104 rs6966512 42440761 1 0.00181450387644853 42440761 42440761 0
7 12747 rs6963169 138615831 1 0.00181312048221659 138615831 138615831 0
7 3556 rs3812398 29237994 1 -0.00181281615002913 29237994 29237994 0
7 12424 rs1115265 134841935 1 -0.00180837691000667 134841935 134841935 0
7 11391 rs4731120 123411223 1 0.00180800156747069 123411223 123411223 0
7 1488 rs7778972 14265179 1 0.00180668781243675 14265179 14265179 0
7 4638 rs2598119 37936384 1 0.00180447902950378 37936384 37936384 0
7 7231 rs7784844 70317727 2 -0.00180398443850528 70317727 70317727 0
7 610 rs887848 8179846 1 0.00180141984781837 8179846 8179846 0
7 4242 rs324978 34814332 1 0.00179656083085547 34814332 34814332 0
7 3361 rs4722699 27456500 1 -0.00178739458557299 27456500 27456500 0
7 12464 rs3112363 135405569 1 -0.00178443021755881 135405569 135405569 0
7 81 rs10257990 2232671 1 -0.00177799612806928 2232671 2232671 0
7 8344 rs2178115 84905855 1 -0.00177330111482169 84905855 84905855 0
7 5192 rs886550 43336243 1 0.00176823603241284 43336243 43336243 0
7 12697 rs6953434 137878774 1 0.00176378250859733 137878774 137878774 0
7 14024 rs10155813 153623251 1 0.0017538986285777 153623251 153623251 0
7 2324 rs7807424 20520093 2 -0.00175155958643589 20520093 20520093 0
7 3438 rs757730 28165978 1 0.00174550378006495 28165978 28165978 0
7 2547 rs11768670 21765497 1 0.00174454905231348 21765497 21765497 0
7 12694 rs3805362 137794388 2 -0.00174322637710354 137794388 137794388 0
7 5365 rs1294897 45237407 1 -0.00174073934928814 45237407 45237407 0
7 8626 rs7779337 88433768 1 -0.00173495008537131 88433768 88433768 0
7 8112 rs6467906 82188970 1 -0.0017212245766941 82188970 82188970 0
7 10831 rs10224339 115795139 1 0.00172065874805864 115795139 115795139 0
7 12593 rs10954546 136452082 1 0.00171782677319875 136452082 136452082 0
7 5159 rs4724177 43163707 1 -0.00171111709843045 43163707 43163707 0
7 12687 rs17169507 137757042 1 -0.00171110570785899 137757042 137757042 0
7 173 rs11762282 3152116 1 -0.00170905070136748 3152116 3152116 0
7 781 rs10255895 9694309 1 -0.0017074094301041 9694309 9694309 0
7 12043 rs1863011 130890470 1 -0.0017063559040728 130890470 130890470 0
7 771 rs17161870 9642956 1 0.00170584874193283 9642956 9642956 0
7 5610 rs1543035 47520850 1 -0.00170340184907161 47520850 47520850 0
7 11146 rs41700 120639617 2 -0.00170138331292886 120639617 120639617 0
7 10824 rs10246006 115757442 1 0.00170006958646305 115757442 115757442 0
7 8591 rs2538912 88283826 1 0.00169705321907935 88283826 88283826 0
7 12850 rs6956771 140020787 1 -0.00168928405436504 140020787 140020787 0
7 12482 rs4732148 135487851 1 -0.00168701177086435 135487851 135487851 0
7 8871 rs10487991 90527597 1 0.00168087499125009 90527597 90527597 0
7 9382 rs9692573 96946643 1 -0.00165784146991679 96946643 96946643 0
7 2284 rs2892970 20139644 1 0.00165191568482744 20139644 20139644 0
7 14095 rs936995 154443285 1 -0.00164950315715317 154443285 154443285 0
7 14492 rs17837871 158875394 1 0.00164923247102983 158875394 158875394 0
7 7245 rs10265996 70572266 1 0.00164228053897794 70572266 70572266 0
7 3161 rs4722511 25779243 1 0.00162990819850738 25779243 25779243 0
7 6833 rs4717195 63980233 1 0.00162967805935213 63980233 63980233 0
7 4109 rs6966497 33718506 1 -0.00162947218414653 33718506 33718506 0
7 6068 rs10258680 50954338 2 -0.00162729531771661 50954338 50954338 0
7 12388 rs3304 134497231 1 -0.00162613262361631 134497231 134497231 0
7 4288 rs17171472 35581851 1 -0.00162557351871266 35581851 35581851 0
7 5090 rs10275082 42311183 2 -0.00161486776672509 42311183 42311183 0
7 13583 rs10242598 148092983 1 -0.00161439914121258 148092983 148092983 0
7 5006 rs273129 41494840 1 -0.00161372547561891 41494840 41494840 0
7 8107 rs10954681 82178978 1 0.00161253788851089 82178978 82178978 0
7 13802 rs1549760 150755839 1 -0.00159974203271583 150755839 150755839 0
7 8701 rs7778127 88919393 1 0.00159750003394318 88919393 88919393 0
7 3087 rs11762772 25344021 2 0.00159695178085289 25344021 25344021 0
7 14400 rs6961856 157866856 2 -0.0015965680457074 157866856 157866856 0
7 5382 rs11976218 45386995 1 0.00159503575214498 45386995 45386995 0
7 12657 rs834067 137221292 1 -0.00158508222299292 137221292 137221292 0
7 2058 rs2697908 18161620 1 0.00157903411362915 18161620 18161620 0
7 9203 rs3801916 95121019 1 -0.00156620247562545 95121019 95121019 0
7 8594 rs6959780 88302772 1 -0.00156440905988904 88302772 88302772 0
7 9284 rs10486028 96019473 1 -0.00156415935677602 96019473 96019473 0
7 13032 rs4252520 142604186 1 -0.00156405412598611 142604186 142604186 0
7 484 rs724254 7186554 1 0.00156108336612428 7186554 7186554 0
7 2481 rs17144391 21433440 1 0.0015609506983585 21433440 21433440 0
7 4458 rs10276012 36805549 1 0.00155140409381942 36805549 36805549 0
7 5869 rs10258925 49060792 1 -0.00154168501222524 49060792 49060792 0
7 4506 rs13229510 37077006 1 -0.00152317596709514 37077006 37077006 0
7 2790 rs2286707 23028610 1 -0.001523050220281 23028610 23028610 0
7 13599 rs2717772 148233208 1 0.00151399512716884 148233208 148233208 0
7 10939 rs7776871 116894626 1 -0.001509089782652 116894626 116894626 0
7 9070 rs12669501 93995008 1 0.00150356980172243 93995008 93995008 0
7 5686 rs146750610 47955049 1 0.00149024417100115 47955049 47955049 0
7 9814 rs977639 103259909 1 -0.001490197536719 103259909 103259909 0
7 274 rs6462411 3915564 1 0.00149008832796921 3915564 3915564 0
7 2692 rs7779378 22409383 1 0.00148958977714358 22409383 22409383 0
7 14098 rs7787632 154444461 1 -0.00148268848974553 154444461 154444461 0
7 3405 rs6943712 27917884 1 -0.00148108631324574 27917884 27917884 0
7 6857 rs4717229 64451699 1 0.0014804143146733 64451699 64451699 0
7 1362 rs17166509 12951820 1 -0.00147822284186787 12951820 12951820 0
7 10223 rs7794437 106892227 1 0.00147735878348574 106892227 106892227 0
7 8485 rs802026 86989039 1 -0.00147378176148147 86989039 86989039 0
7 386 rs13247861 5279887 1 0.00146687085065979 5279887 5279887 0
7 12748 rs17160623 138620876 2 0.00146370668338097 138620876 138620876 0
7 14159 rs1881690 154925087 1 0.00146319611734945 154925087 154925087 0
7 11166 rs13233295 120818489 1 -0.00146198873906013 120818489 120818489 0
7 7121 rs4269424 68500662 1 -0.00145967024298808 68500662 68500662 0
7 6287 rs2159812 52554817 2 0.00145720448847495 52554817 52554817 0
7 12899 rs10256379 140955139 1 -0.00145506567400137 140955139 140955139 0
7 6886 rs6949812 65387101 1 0.00145321289803288 65387101 65387101 0
7 11119 rs723908 120136191 1 0.00144895800810037 120136191 120136191 0
7 7895 rs6467133 79993965 1 -0.00144690768169733 79993965 79993965 0
7 8076 rs3801737 81786628 1 0.00144362720011484 81786628 81786628 0
7 1877 rs7797977 16862235 1 0.00143103977942227 16862235 16862235 0
7 8232 rs6966242 83211117 2 0.00142617955064688 83211117 83211117 0
7 9277 rs35974282 95900270 2 0.00142480350421379 95900270 95900270 0
7 10498 rs1528036 110410652 1 0.00142259384507479 110410652 110410652 0
7 7030 rs4717437 67633440 1 0.00141097954425103 67633440 67633440 0
7 997 rs2189344 11347519 1 -0.00140242090471738 11347519 11347519 0
7 13348 rs10215441 146688750 1 0.00138415876500854 146688750 146688750 0
7 1905 rs10276006 16973077 1 -0.00138079184454319 16973077 16973077 0
7 831 rs2906403 10064734 1 0.00136446379899298 10064734 10064734 0
7 8706 rs80006813 88964061 1 0.00136290613841848 88964061 88964061 0
7 14256 rs10246481 156184748 1 -0.00135099142661921 156184748 156184748 0
7 10604 rs7806781 112420072 1 0.00135020189415827 112420072 112420072 0
7 10128 rs10244533 105562881 2 -0.00134818083219165 105562881 105562881 0
7 8890 rs802382 90630558 1 -0.00133899235970883 90630558 90630558 0
7 13069 rs6967117 143088867 1 -0.00133746917302563 143088867 143088867 0
7 306 rs6978817 4237382 1 -0.0013319842687083 4237382 4237382 0
7 4992 rs17171847 41370672 1 -0.00132550405725505 41370672 41370672 0
7 1435 rs2692464 13557623 1 -0.00130849731715592 13557623 13557623 0
7 9884 rs802786 103546408 1 -0.00130808948912417 103546408 103546408 0
7 11815 rs3808084 127553025 1 -0.00130711746197846 127553025 127553025 0
7 8917 rs7808063 91039192 1 -0.00130300820249579 91039192 91039192 0
7 14261 rs4716610 156243562 1 -0.00129861396224899 156243562 156243562 0
7 2184 rs9648255 19450683 2 -0.00129844587380295 19450683 19450683 0
7 13803 rs2303929 150761314 1 0.00129354908219158 150761314 150761314 0
7 2479 rs7781656 21406569 1 0.00129025975709992 21406569 21406569 0
7 6369 rs1528989 52859106 1 -0.00128829474030634 52859106 52859106 0
7 575 rs2109971 7906204 1 -0.00128496402182614 7906204 7906204 0
7 12095 rs10272905 131496807 1 -0.00128332499316644 131496807 131496807 0
7 5980 rs4947437 50507893 1 -0.00128124343062707 50507893 50507893 0
7 11543 rs11981796 124996787 1 -0.00127491535925719 124996787 124996787 0
7 2298 rs13231529 20337532 1 -0.00127263808738721 20337532 20337532 0
7 3893 rs7808892 31933965 1 0.00126423040016688 31933965 31933965 0
7 4791 rs6415270 38841447 1 -0.00126220416068179 38841447 38841447 0
7 8585 rs6952109 88195330 1 -0.00125496056710511 88195330 88195330 0
7 369 rs4720435 4912398 2 0.00124798611039598 4912398 4912398 0
7 5738 rs10224277 48281178 1 -0.0012420848746339 48281178 48281178 0
7 9447 rs2665486 97469618 1 -0.00123929605778773 97469618 97469618 0
7 3972 rs7792020 32449568 1 -0.00123886682416025 32449568 32449568 0
7 8019 rs2214825 81371619 1 0.00123652703077535 81371619 81371619 0
7 10204 rs11766675 106548353 1 0.00122530102870436 106548353 106548353 0
7 2816 rs12154330 23679387 1 -0.00122520594157075 23679387 23679387 0
7 584 rs12702681 7971733 1 -0.00122390856887788 7971733 7971733 0
7 6790 rs12538910 57414165 1 0.00122299234345556 57414165 57414165 0
7 502 rs2159191 7266939 1 0.00122105576657389 7266939 7266939 0
7 10072 rs10953454 104503813 1 0.00122085262519204 104503813 104503813 0
7 11067 rs1406739 118455178 1 -0.00122001562513842 118455178 118455178 0
7 8327 rs17559084 84644500 1 0.00121899265322491 84644500 84644500 0
7 3235 rs7776941 26519717 2 0.00121444456647411 26519717 26519717 0
7 12665 rs7796821 137514791 2 0.00121236414278925 137514791 137514791 0
7 7507 rs1109968 76891485 1 0.00120589444858268 76891485 76891485 0
7 9718 rs2949326 101425057 1 -0.00120531995077789 101425057 101425057 0
7 4773 rs6951440 38692014 1 0.00119726309894114 38692014 38692014 0
7 8323 rs10261725 84627231 1 0.00119478655019356 84627231 84627231 0
7 1578 rs2358071 14890407 2 -0.00119203799798618 14890407 14890407 0
7 3311 rs6948488 27274634 1 -0.00118969672796966 27274634 27274634 0
7 12406 rs7803531 134548572 1 -0.00118717484206672 134548572 134548572 0
7 14021 rs10487688 153607630 1 -0.00118381161912831 153607630 153607630 0
7 11130 rs728115 120305149 1 -0.00118162858811619 120305149 120305149 0
7 12760 rs10280239 138715731 1 0.00117705011781091 138715731 138715731 0
7 13868 rs7805747 151407801 1 -0.00117698868562482 151407801 151407801 0
7 13274 rs2692359 145807447 2 -0.00117471169337242 145807447 145807447 0
7 12446 rs61459701 135269656 1 -0.00117324720253785 135269656 135269656 0
7 2130 rs11505418 18993249 1 0.00117311039369553 18993249 18993249 0
7 137 rs1182206 2811543 1 -0.0011722495703645 2811543 2811543 0
7 7133 rs11983901 68571255 1 0.0011717555898981 68571255 68571255 0
7 10326 rs2193248 108015239 1 0.00116219450372679 108015239 108015239 0
7 12649 rs320719 137023509 1 -0.00116018104096883 137023509 137023509 0
7 10789 rs7797141 115052164 1 0.00115864631242339 115052164 115052164 0
7 7409 rs4255023 73239618 1 -0.00115733823411047 73239618 73239618 0
7 14169 rs4620236 154986897 1 -0.00115630853898251 154986897 154986897 0
7 11839 rs13224784 128155563 1 0.00115588366857288 128155563 128155563 0
7 8930 rs813382 91316215 1 -0.00115380554697596 91316215 91316215 0
7 2141 rs11984041 19031935 1 0.00115215385620328 19031935 19031935 0
7 6351 rs12672075 52743803 2 0.00114914191040289 52743803 52743803 0
7 8690 rs6465190 88864432 1 -0.00114805027397691 88864432 88864432 0
7 1803 rs143801072 16502390 1 -0.00114699505460767 16502390 16502390 0
7 2006 rs2723543 17715616 1 0.00114601776331564 17715616 17715616 0
7 6479 rs2059407 53652608 1 0.00114183504232335 53652608 53652608 0
7 12548 rs1979573 135889533 2 -0.00113988046753681 135889533 135889533 0
7 2541 rs2965387 21716567 1 0.00113733222944511 21716567 21716567 0
7 7535 rs3750045 76959784 1 -0.00113405004003886 76959784 76959784 0
7 13162 rs6979644 144392407 2 0.00113168742370971 144392407 144392407 0
7 4583 rs1364729 37618173 1 0.00112638760096574 37618173 37618173 0
7 10389 rs1513924 108731147 1 -0.00112270990362478 108731147 108731147 0
7 11077 rs11984305 118615045 1 0.00111403172070057 118615045 118615045 0
7 6292 rs720149 52559404 1 0.00111303378553659 52559404 52559404 0
7 8324 rs7800072 84628989 1 0.00110742294736942 84628989 84628989 0
7 13239 rs850390 145133150 1 0.00110501630738819 145133150 145133150 0
7 12135 rs12707024 131768074 1 -0.00110398373739894 131768074 131768074 0
7 3370 rs17155332 27522629 1 0.00110303690070359 27522629 27522629 0
7 5885 rs10485947 49304061 1 -0.00109524068011825 49304061 49304061 0
7 1619 rs2961256 15181337 1 -0.00108971655271664 15181337 15181337 0
7 14350 rs10237006 157298250 1 -0.00108669704458999 157298250 157298250 0
7 11541 rs1427575 124991885 1 -0.00108211122568841 124991885 124991885 0
7 2187 rs1024768 19454846 1 -0.00108179838389319 19454846 19454846 0
7 5040 rs988329 41907182 1 0.00108008176878354 41907182 41907182 0
7 10502 rs1528044 110427519 1 0.00107881935996211 110427519 110427519 0
7 13934 rs1525041 152736800 1 0.00107823432760858 152736800 152736800 0
7 5941 rs1585140 50152510 1 -0.0010757763135895 50152510 50152510 0
7 3826 rs962060 31395137 1 -0.0010728120414004 31395137 31395137 0
7 7951 rs10954378 80488068 2 -0.00106589036917099 80488068 80488068 0
7 2794 rs6461687 23116580 1 0.00106555901656146 23116580 23116580 0
7 11256 rs2083860 121822246 1 -0.00106501437059142 121822246 121822246 0
7 8965 rs929412 92165862 1 0.00106457758183659 92165862 92165862 0
7 2806 rs12540730 23483815 2 -0.00106204387209832 23483815 23483815 0
7 12144 rs1399090 131829128 1 0.00105283309777661 131829128 131829128 0
7 278 rs12532171 3938385 1 0.00104681182542435 3938385 3938385 0
7 680 rs10239575 8927617 1 -0.00104601710014692 8927617 8927617 0
7 4774 rs10279772 38706384 1 0.0010411790475345 38706384 38706384 0
7 8121 rs997166 82331576 1 0.0010367514985436 82331576 82331576 0
7 4979 rs13311231 41242283 1 0.00103523940720572 41242283 41242283 0
7 75 rs3800895 2125942 1 -0.00103480088020781 2125942 2125942 0
7 11692 rs2157752 126472747 1 -0.00103378721435373 126472747 126472747 0
7 3296 rs10486480 26872652 1 0.00102909147060774 26872652 26872652 0
7 2185 rs10950726 19451146 2 -0.00102852439220284 19451146 19451146 0
7 11800 rs12536698 127247022 1 0.00102695499787978 127247022 127247022 0
7 716 rs6463875 9128241 2 -0.00102632778722208 9128241 9128241 0
7 9022 rs2106432 92970847 1 -0.00102104891575372 92970847 92970847 0
7 10474 rs2966406 110134191 1 0.00101612888897949 110134191 110134191 0
7 7006 rs1600879 67352771 1 0.00101495763372254 67352771 67352771 0
7 4562 rs12540876 37460441 2 -0.00101394460212215 37460441 37460441 0
7 13402 rs826822 147054250 2 0.00100836839495956 147054250 147054250 0
7 12041 rs17165483 130888388 1 -0.001007848369429 130888388 130888388 0
7 6196 rs721114 51813707 1 -0.00100748190913788 51813707 51813707 0
7 9663 rs10953326 100814722 2 -0.0010051040888957 100814722 100814722 0
7 12492 rs1562028 135553732 1 -0.0010039457409433 135553732 135553732 0
7 13236 rs850323 145121559 1 0.00100189133458103 145121559 145121559 0
7 6691 rs11764362 55603625 1 0.00100026287748988 55603625 55603625 0
7 9624 rs2247445 100427263 1 -9.976999774778043e-4 100427263 100427263 0
7 4280 rs17677405 35532924 1 -9.950763980675534e-4 35532924 35532924 0
7 3741 rs4720015 30795436 1 -9.917110213199663e-4 30795436 30795436 0
7 7347 rs844669 71504260 1 -9.873453920614117e-4 71504260 71504260 0
7 6197 rs662083 51824832 1 9.83873684729826e-4 51824832 51824832 0
7 3257 rs730558 26588153 1 -9.804632770889002e-4 26588153 26588153 0
7 3786 rs1012440 31161945 1 -9.750113071275317e-4 31161945 31161945 0
7 10097 rs10260974 105228825 1 -9.656145178090654e-4 105228825 105228825 0
7 12763 rs3735007 138732497 1 9.6244398361243e-4 138732497 138732497 0
7 162 rs10951010 3076053 1 9.60266308463178e-4 3076053 3076053 0
7 3298 rs3801807 26897439 1 -9.601463632502224e-4 26897439 26897439 0
7 10203 rs12667819 106546657 1 9.561150814277706e-4 106546657 106546657 0
7 13175 rs1406716 144588780 2 9.5453749910639e-4 144588780 144588780 0
7 2149 rs7780145 19198132 2 -9.504835068162474e-4 19198132 19198132 0
7 6424 rs769347 53272765 1 9.4807392116707e-4 53272765 53272765 0
7 6965 rs6972789 67120558 1 9.472062693855844e-4 67120558 67120558 0
7 8873 rs3808242 90545729 1 9.460397385406154e-4 90545729 90545729 0
7 3302 rs2140998 27026872 1 -9.456440902887472e-4 27026872 27026872 0
7 8581 rs2373452 88098737 2 9.404818025584802e-4 88098737 88098737 0
7 5434 rs788723 46086784 1 9.394144828015248e-4 46086784 46086784 0
7 4582 rs6978014 37612345 1 9.391605890537288e-4 37612345 37612345 0
7 648 rs4538793 8635885 1 9.3844247252338e-4 8635885 8635885 0
7 6721 rs2304376 56049019 1 -9.363059559674136e-4 56049019 56049019 0
7 10102 rs1790060 105319649 1 -9.352058380913728e-4 105319649 105319649 0
7 11195 rs6959329 121339238 1 9.3471608588329e-4 121339238 121339238 0
7 4121 rs11766089 33824673 1 9.307367439312798e-4 33824673 33824673 0
7 10224 rs10264687 106900341 1 9.297990398934168e-4 106900341 106900341 0
7 3916 rs10274609 32206323 2 9.16990527614664e-4 32206323 32206323 0
7 5623 rs2347990 47690398 1 -9.142115325107852e-4 47690398 47690398 0
7 4235 rs10241616 34773528 1 9.128711909374088e-4 34773528 34773528 0
7 1451 rs6956462 13794203 1 -9.107478880303708e-4 13794203 13794203 0
7 2789 rs10270336 22992040 1 -9.081706323657916e-4 22992040 22992040 0
7 2777 rs17147385 22906383 1 9.055853791303924e-4 22906383 22906383 0
7 6403 rs977663 53105335 1 -9.054597552319248e-4 53105335 53105335 0
7 12070 rs1465387 131231032 1 -9.029869218593094e-4 131231032 131231032 0
7 9875 rs3914126 103505675 2 -9.003514126005572e-4 103505675 103505675 0
7 14003 rs11763266 153305945 1 -8.942693062158307e-4 153305945 153305945 0
7 2948 rs2722407 24371586 1 8.886040047543826e-4 24371586 24371586 0
7 12403 rs7789417 134540385 1 -8.872369600761943e-4 134540385 134540385 0
7 5562 rs17172817 47145978 1 8.856732575668808e-4 47145978 47145978 0
7 7902 rs6467158 80055910 2 -8.855698230889131e-4 80055910 80055910 0
7 1330 rs7797379 12732118 1 8.848059677067435e-4 12732118 12732118 0
7 10682 rs2023692 113438644 1 -8.843102038401714e-4 113438644 113438644 0
7 11754 rs10245698 126922129 1 8.834402562135869e-4 126922129 126922129 0
7 2694 rs10228562 22416306 1 -8.793200884740397e-4 22416306 22416306 0
7 521 rs6956860 7349495 2 8.732405261548535e-4 7349495 7349495 0
7 3762 rs4336510 30896833 1 -8.668421388721979e-4 30896833 30896833 0
7 1694 rs10950582 15852195 1 8.649101487941338e-4 15852195 15852195 0
7 4741 rs1014570 38510787 1 8.646250591306418e-4 38510787 38510787 0
7 13787 rs12703105 150594658 1 8.639141176485403e-4 150594658 150594658 0
7 2700 rs740294 22471195 1 8.633636430475562e-4 22471195 22471195 0
7 6665 rs7809332 55293361 1 8.596052737774218e-4 55293361 55293361 0
7 10259 rs1732164 107649288 2 -8.588578444775254e-4 107649288 107649288 0
7 3327 rs10155834 27372021 1 8.558744208477829e-4 27372021 27372021 0
7 9143 rs2240027 94903652 1 -8.552192891917905e-4 94903652 94903652 0
7 847 rs10271818 10137638 1 8.53583236909662e-4 10137638 10137638 0
7 915 rs10263926 10679384 1 -8.489928407957138e-4 10679384 10679384 0
7 13705 rs2177188 150263761 1 8.470653758220443e-4 150263761 150263761 0
7 13574 rs1177935 148033848 2 8.451896296472039e-4 148033848 148033848 0
7 8875 rs2286696 90546764 1 -8.445601598280619e-4 90546764 90546764 0
7 1401 rs17707307 13348832 1 -8.443967190261005e-4 13348832 13348832 0
7 6078 rs12537931 51057161 1 8.3919402256297e-4 51057161 51057161 0
7 573 rs4270868 7897979 2 -8.334523691131074e-4 7897979 7897979 0
7 13179 rs2699473 144622959 2 8.332331536959142e-4 144622959 144622959 0
7 6349 rs1661615 52734568 1 -8.32035431879671e-4 52734568 52734568 0
7 2281 rs1012811 20116799 1 8.308120632086004e-4 20116799 20116799 0
7 10156 rs7789066 105927752 1 8.235495385567557e-4 105927752 105927752 0
7 6366 rs10233583 52838209 1 -8.186199442054211e-4 52838209 52838209 0
7 1945 rs4391312 17262556 1 -8.174434179456446e-4 17262556 17262556 0
7 11470 rs1181810 124185833 1 -8.157665970357469e-4 124185833 124185833 0
7 9592 rs941290 99678622 1 8.151083044833073e-4 99678622 99678622 0
7 7271 rs9638618 70769692 1 -8.115051894945878e-4 70769692 70769692 0
7 7233 rs1527592 70325633 1 -8.099522901314656e-4 70325633 70325633 0
7 13701 rs9690525 150254068 1 8.088610405339125e-4 150254068 150254068 0
7 3341 rs9648340 27422005 1 8.063416304131974e-4 27422005 27422005 0
7 1320 rs35385652 12675690 1 8.042925178086075e-4 12675690 12675690 0
7 14110 rs729269 154512110 1 8.041526728628958e-4 154512110 154512110 0
7 868 rs17162816 10279486 1 8.032015253546497e-4 10279486 10279486 0
7 1116 rs10253052 11916354 1 8.015301964637879e-4 11916354 11916354 0
7 2151 rs17140802 19213238 1 8.00985035060919e-4 19213238 19213238 0
7 14170 rs11243342 154987620 1 -8.00804697083536e-4 154987620 154987620 0
7 7389 rs6951638 72216292 1 7.920518387477926e-4 72216292 72216292 0
7 11260 rs7802078 121878287 1 7.899258091067531e-4 121878287 121878287 0
7 3293 rs1023711 26803063 1 -7.896716766043737e-4 26803063 26803063 0
7 11807 rs741599 127339415 1 7.885256338289976e-4 127339415 127339415 0
7 8886 rs802394 90608720 1 -7.851649365078733e-4 90608720 90608720 0
7 13494 rs2888536 147566862 1 7.843071072534782e-4 147566862 147566862 0
7 1821 rs6974206 16567628 1 -7.812462903518014e-4 16567628 16567628 0
7 8130 rs7792186 82419141 1 -7.802531584607855e-4 82419141 82419141 0
7 1423 rs878643 13492340 1 7.756415598416056e-4 13492340 13492340 0
7 12485 rs17810062 135508122 1 -7.738841091144122e-4 135508122 135508122 0
7 1750 rs10269890 16168502 1 7.698481425164206e-4 16168502 16168502 0
7 5030 rs257114 41830184 1 7.681771812152046e-4 41830184 41830184 0
7 11695 rs1204526 126512514 1 7.664466228959003e-4 126512514 126512514 0
7 10994 rs2402296 117667791 1 7.646291356325497e-4 117667791 117667791 0
7 11345 rs12706507 122935640 1 7.621785751348628e-4 122935640 122935640 0
7 4306 rs12113684 35626264 1 -7.614452317771265e-4 35626264 35626264 0
7 6247 rs10899740 52158949 1 -7.559942096822886e-4 52158949 52158949 0
7 4503 rs13230570 37073913 1 -7.54868907844128e-4 37073913 37073913 0
7 11544 rs1593756 125000684 1 7.491374760151922e-4 125000684 125000684 0
7 11795 rs10267162 127212172 1 7.484600696025941e-4 127212172 127212172 0
7 11003 rs6953304 117744660 1 -7.480175887168399e-4 117744660 117744660 0
7 12417 rs4366014 134708675 1 7.468938661252466e-4 134708675 134708675 0
7 1696 rs1942655 15858350 1 7.456773408529223e-4 15858350 15858350 0
7 435 rs4724800 6410528 1 -7.452749240375851e-4 6410528 6410528 0
7 14153 rs1440454 154857337 1 -7.451259562974061e-4 154857337 154857337 0
7 3873 rs111514975 31692270 1 7.445013237775666e-4 31692270 31692270 0
7 6520 rs1406637 53870862 1 7.41766099364758e-4 53870862 53870862 0
7 3276 rs4722614 26614241 1 -7.394700032754126e-4 26614241 26614241 0
7 12929 rs1569085 141241540 1 7.378632778334779e-4 141241540 141241540 0
7 6093 rs1295402 51141764 1 7.342360160424654e-4 51141764 51141764 0
7 514 rs2270080 7317590 1 7.324855153384398e-4 7317590 7317590 0
7 7225 rs9886351 70248469 1 -7.310698767199885e-4 70248469 70248469 0
7 4934 rs17437429 40723257 1 7.310357017170966e-4 40723257 40723257 0
7 6198 rs631671 51827021 2 -7.297249978191083e-4 51827021 51827021 0
7 12302 rs11971451 133815391 1 -7.27969168991868e-4 133815391 133815391 0
7 6348 rs13243026 52734328 2 7.261335222424063e-4 52734328 52734328 0
7 10794 rs9640766 115144978 1 -7.244888538751522e-4 115144978 115144978 0
7 3742 rs1061644 30796530 1 -7.236833347226449e-4 30796530 30796530 0
7 756 rs17161716 9572098 2 -7.236435236977492e-4 9572098 9572098 0
7 3285 rs6967151 26663492 1 7.196866721245414e-4 26663492 26663492 0
7 9217 rs1485003 95262116 1 -7.189247442435358e-4 95262116 95262116 0
7 843 rs6952221 10116825 2 -7.186760967927378e-4 10116825 10116825 0
7 11332 rs2140516 122809234 1 7.174927483448175e-4 122809234 122809234 0
7 11921 rs13233824 129232720 1 7.161148356097573e-4 129232720 129232720 0
7 9082 rs2188646 94101318 1 7.152479337730662e-4 94101318 94101318 0
7 12636 rs833018 136872377 1 -7.147651048496331e-4 136872377 136872377 0
7 9729 rs2906648 101571083 2 7.092835866006948e-4 101571083 101571083 0
7 10240 rs2158837 107440451 1 -7.08933742380728e-4 107440451 107440451 0
7 7286 rs734053 70883515 1 7.088688773435553e-4 70883515 70883515 0
7 13839 rs10227136 151125123 1 7.075432116763696e-4 151125123 151125123 0
7 8830 rs12113813 90136655 1 -7.032030727268624e-4 90136655 90136655 0
7 2718 rs1476482 22730709 1 -6.962029401784726e-4 22730709 22730709 0
7 13794 rs3807370 150673314 1 -6.94556532833596e-4 150673314 150673314 0
7 35 rs6959783 1192018 1 -6.94054436039559e-4 1192018 1192018 0
7 13663 rs929344 149445585 1 -6.873511725927857e-4 149445585 149445585 0
7 3816 rs6942902 31337504 1 -6.828371376055636e-4 31337504 31337504 0
7 302 rs663911 4192168 2 -6.822940055742814e-4 4192168 4192168 0
7 1930 rs4265079 17110307 1 -6.817087434219126e-4 17110307 17110307 0
7 13339 rs6961248 146563717 1 -6.81000997677139e-4 146563717 146563717 0
7 2503 rs2158413 21563636 1 6.805266856773904e-4 21563636 21563636 0
7 4403 rs6942586 36530276 1 6.785461507128336e-4 36530276 36530276 0
7 512 rs6973768 7313294 1 -6.780955002210243e-4 7313294 7313294 0
7 9078 rs1858822 94032753 1 6.768986083041022e-4 94032753 94032753 0
7 14479 rs6965685 158726462 1 -6.749166974007315e-4 158726462 158726462 0
7 12830 rs2267705 139696248 1 6.728041142151153e-4 139696248 139696248 0
7 11832 rs145413607 127999459 1 6.686378306769669e-4 127999459 127999459 0
7 8017 rs11975846 81363334 1 6.685076183582548e-4 81363334 81363334 0
7 7031 rs2867161 67637342 1 6.662005877276349e-4 67637342 67637342 0
7 9435 rs1229545 97422195 2 6.655287942875455e-4 97422195 97422195 0
7 12943 rs745162 141616506 1 -6.60891265672374e-4 141616506 141616506 0
7 3315 rs7783517 27298137 1 -6.596867926891594e-4 27298137 27298137 0
7 7769 rs37861 78422208 1 6.54815157750785e-4 78422208 78422208 0
7 8497 rs2072383 87081349 1 -6.511154670300993e-4 87081349 87081349 0
7 8088 rs1859543 81830826 1 6.505156153843811e-4 81830826 81830826 0
7 9588 rs12705070 99656927 1 6.501078824830539e-4 99656927 99656927 0
7 8593 rs6465149 88301914 1 -6.477734828909037e-4 88301914 88301914 0
7 9357 rs2214644 96608069 1 -6.463823657919306e-4 96608069 96608069 0
7 7949 rs17275986 80418689 1 6.443379799369682e-4 80418689 80418689 0
7 14161 rs1657263 154952461 2 -6.442012870701624e-4 154952461 154952461 0
7 12702 rs4099093 137934757 1 -6.430770625787039e-4 137934757 137934757 0
7 12680 rs10271444 137689901 1 6.422534246441527e-4 137689901 137689901 0
7 5201 rs17172204 43403369 1 6.400892872234418e-4 43403369 43403369 0
7 6086 rs10230120 51097063 1 6.398851838683206e-4 51097063 51097063 0
7 4184 rs11764303 34477795 1 6.394980743453893e-4 34477795 34477795 0
7 7399 rs2286276 72987354 1 6.391262548977826e-4 72987354 72987354 0
7 3736 rs255152 30761852 1 6.386586620192607e-4 30761852 30761852 0
7 13703 rs13231883 150261328 1 6.337560167256712e-4 150261328 150261328 0
7 12504 rs11772302 135678299 1 6.334717086066072e-4 135678299 135678299 0
7 11401 rs10276917 123498400 1 6.33107270067694e-4 123498400 123498400 0
7 293 rs61735696 4116699 1 -6.316720710569646e-4 4116699 4116699 0
7 7338 rs10226167 71410440 1 -6.316261994973913e-4 71410440 71410440 0
7 276 rs10273444 3923414 1 6.308994851398195e-4 3923414 3923414 0
7 6733 rs17172508 56149847 1 -6.289940915223868e-4 56149847 56149847 0
7 9800 rs2256670 103167675 1 6.285197375852301e-4 103167675 103167675 0
7 358 rs10262589 4658125 1 6.261973925311044e-4 4658125 4658125 0
7 9510 rs10238278 98312921 1 6.222898924064188e-4 98312921 98312921 0
7 10230 rs2107763 107029879 1 -6.210466295441077e-4 107029879 107029879 0
7 9980 rs4383914 104008533 1 -6.169895137568108e-4 104008533 104008533 0
7 295 rs11766511 4173613 1 -6.119679228204297e-4 4173613 4173613 0
7 2945 rs6461794 24358497 1 6.106874738681668e-4 24358497 24358497 0
7 2712 rs10275628 22604319 1 6.094991408520011e-4 22604319 22604319 0
7 350 rs10238077 4598404 1 6.07847894188819e-4 4598404 4598404 0
7 9317 rs2140741 96264645 1 -6.071580666749093e-4 96264645 96264645 0
7 4215 rs2609234 34688425 1 -6.068487559400312e-4 34688425 34688425 0
7 11658 rs4236624 126297138 1 -6.067062542409781e-4 126297138 126297138 0
7 6754 rs1357741 56291170 2 -6.056306610351071e-4 56291170 56291170 0
7 14057 rs7776495 154077301 1 -6.048805522450787e-4 154077301 154077301 0
7 163 rs4722366 3086236 1 -6.046274994043517e-4 3086236 3086236 0
7 13917 rs6948868 152318718 1 6.044648438324736e-4 152318718 152318718 0
7 8132 rs10231679 82428803 1 -6.012644250630563e-4 82428803 82428803 0
7 2808 rs11770192 23498358 1 -6.012613331161956e-4 23498358 23498358 0
7 8931 rs2157998 91320854 1 5.981742511494936e-4 91320854 91320854 0
7 619 rs7796406 8264410 1 -5.952366235102734e-4 8264410 8264410 0
7 3774 rs6462246 31049951 1 -5.951990927438266e-4 31049951 31049951 0
7 1440 rs17581161 13654199 1 -5.947062134486643e-4 13654199 13654199 0
7 2549 rs16872875 21766037 1 -5.937247484667095e-4 21766037 21766037 0
7 5404 rs11767059 45732186 1 -5.902828354552366e-4 45732186 45732186 0
7 4782 rs1059508 38765883 1 5.891013712595673e-4 38765883 38765883 0
7 9710 rs740200 101259815 1 5.852189967178433e-4 101259815 101259815 0
7 1880 rs10232481 16878113 1 5.850178249419427e-4 16878113 16878113 0
7 7768 rs37859 78420458 2 -5.834535392212399e-4 78420458 78420458 0
7 219 rs17133289 3451138 1 5.829237404855944e-4 3451138 3451138 0
7 12556 rs10488413 136038492 1 -5.798283441615284e-4 136038492 136038492 0
7 3238 rs6461949 26552429 1 5.784012332649272e-4 26552429 26552429 0
7 2901 rs759870 24142977 1 -5.782653417957548e-4 24142977 24142977 0
7 718 rs10247350 9147398 1 -5.775887770413448e-4 9147398 9147398 0
7 775 rs6974358 9680160 1 -5.77436203130987e-4 9680160 9680160 0
7 12205 rs10256188 132317536 1 5.774171983143436e-4 132317536 132317536 0
7 13949 rs4397307 152826374 1 5.76734854877385e-4 152826374 152826374 0
7 13497 rs2710102 147574390 2 5.761315435546942e-4 147574390 147574390 0
7 8241 rs17148223 83399295 2 5.75611275278161e-4 83399295 83399295 0
7 3028 rs6461830 24969081 1 -5.750955609262638e-4 24969081 24969081 0
7 8583 rs6977770 88161734 2 -5.742919471205394e-4 88161734 88161734 0
7 7098 rs1859578 68254550 1 -5.739388333822464e-4 68254550 68254550 0
7 9298 rs3113045 96102582 1 5.72163813960279e-4 96102582 96102582 0
7 12727 rs17442029 138436498 1 5.703510761515983e-4 138436498 138436498 0
7 4023 rs7785065 32915204 1 5.699507233584393e-4 32915204 32915204 0
7 11473 rs9641738 124203144 1 -5.684927146680163e-4 124203144 124203144 0
7 7289 rs11771035 70917739 1 5.671474125372165e-4 70917739 70917739 0
7 8353 rs10247209 85006174 1 -5.668116213019812e-4 85006174 85006174 0
7 4177 rs6947789 34450880 1 -5.662472421256563e-4 34450880 34450880 0
7 10245 rs12671393 107475208 1 5.658603960836931e-4 107475208 107475208 0
7 12310 rs1222430 133915760 1 5.608924965351046e-4 133915760 133915760 0
7 4268 rs2592857 35437169 1 5.596968750645308e-4 35437169 35437169 0
7 9363 rs12670161 96693047 1 5.596872651322555e-4 96693047 96693047 0
7 11188 rs17143591 121277383 1 5.588440955463549e-4 121277383 121277383 0
7 12663 rs1559490 137477912 1 -5.54240624055701e-4 137477912 137477912 0
7 13342 rs7810174 146590038 1 -5.52623907803932e-4 146590038 146590038 0
7 2729 rs7801617 22758082 1 -5.522327287116629e-4 22758082 22758082 0
7 11265 rs284386 121897109 1 5.521584574707959e-4 121897109 121897109 0
7 7775 rs17469166 78528822 1 -5.496778037725181e-4 78528822 78528822 0
7 5327 rs10228004 45025696 1 -5.496195355293697e-4 45025696 45025696 0
7 8987 rs2374613 92558612 1 -5.489064301941259e-4 92558612 92558612 0
7 7400 rs11974409 72989390 2 5.45784484214413e-4 72989390 72989390 0
7 2004 rs10260737 17705199 1 -5.435582425864405e-4 17705199 17705199 0
7 9634 rs1799805 100490797 1 -5.424784541989229e-4 100490797 100490797 0
7 12885 rs528957 140769459 1 5.423519191933972e-4 140769459 140769459 0
7 1373 rs7778616 13077065 1 -5.420520475438635e-4 13077065 13077065 0
7 8710 rs74564278 88965150 1 5.41501360881228e-4 88965150 88965150 0
7 13933 rs6464297 152726381 1 5.409735345596425e-4 152726381 152726381 0
7 13289 rs6464749 146020936 1 5.399766921305e-4 146020936 146020936 0
7 5889 rs1155875 49315026 1 -5.395748351493017e-4 49315026 49315026 0
7 14262 rs7778219 156250444 1 5.386760448964574e-4 156250444 156250444 0
7 7463 rs10255642 75511134 1 -5.385335427830973e-4 75511134 75511134 0
7 10919 rs13239139 116435123 1 -5.371902962887406e-4 116435123 116435123 0
7 6600 rs6948049 54781060 1 5.355777884437177e-4 54781060 54781060 0
7 7642 rs6959540 77845098 2 -5.354546885878777e-4 77845098 77845098 0
7 8544 rs9282564 87229440 1 5.350828875578478e-4 87229440 87229440 0
7 12773 rs10248924 138831707 1 -5.29418613204963e-4 138831707 138831707 0
7 13918 rs6955085 152320069 1 5.281242507119352e-4 152320069 152320069 0
7 5682 rs7780837 47936676 1 -5.278532701934967e-4 47936676 47936676 0
7 8339 rs2159579 84845546 1 -5.23138158193138e-4 84845546 84845546 0
7 2772 rs3757446 22894777 1 -5.227251654730191e-4 22894777 22894777 0
7 13680 rs2108854 150017408 1 -5.214926456152144e-4 150017408 150017408 0
7 12668 rs1646540 137584688 1 5.198567882479471e-4 137584688 137584688 0
7 5287 rs2971684 44171471 1 -5.195070939923146e-4 44171471 44171471 0
7 9023 rs11765782 93009475 1 -5.187766655128508e-4 93009475 93009475 0
7 7405 rs61751896 73097713 1 5.187203992248626e-4 73097713 73097713 0
7 4388 rs196594 36327317 1 5.154571145966542e-4 36327317 36327317 0
7 9703 rs724574 101203066 1 5.140946740916613e-4 101203066 101203066 0
7 1083 rs10257747 11742205 1 5.129778030458151e-4 11742205 11742205 0
7 4468 rs17329536 36851294 1 5.113674261875552e-4 36851294 36851294 0
7 6827 rs17771603 63886568 1 -5.111388057516392e-4 63886568 63886568 0
7 9469 rs10248229 97796093 1 -5.104038202072408e-4 97796093 97796093 0
7 3100 rs1012152 25450086 1 5.09673934107986e-4 25450086 25450086 0
7 4855 rs10227915 39431588 1 5.064133481016652e-4 39431588 39431588 0
7 5992 rs17634958 50549880 1 -5.045602341305601e-4 50549880 50549880 0
7 4559 rs17171026 37444728 1 -5.032736216539979e-4 37444728 37444728 0
7 6038 rs2237468 50734362 1 5.027260367945238e-4 50734362 50734362 0
7 346 rs4723872 4589079 1 -5.02372303185814e-4 4589079 4589079 0
7 5912 rs17394967 49542874 1 5.006705367104622e-4 49542874 49542874 0
7 2563 rs10485976 21799575 1 -5.003016869636792e-4 21799575 21799575 0
7 13874 rs4726101 151513282 1 -4.991286685154605e-4 151513282 151513282 0
7 8354 rs7805322 85018318 1 -4.972793493268819e-4 85018318 85018318 0
7 3409 rs7806309 27937679 1 -4.95779432187043e-4 27937679 27937679 0
7 1331 rs4410798 12756756 1 -4.952539408618058e-4 12756756 12756756 0
7 2377 rs17143451 20921103 1 -4.948234018392458e-4 20921103 20921103 0
7 3016 rs2285690 24902762 2 4.944080760429473e-4 24902762 24902762 0
7 2190 rs10279064 19468258 1 -4.940992932061436e-4 19468258 19468258 0
7 10105 rs846936 105327647 2 4.912478605776423e-4 105327647 105327647 0
7 7075 rs17670419 68004011 1 -4.908031280909191e-4 68004011 68004011 0
7 9876 rs9986961 103507670 1 -4.898873099611025e-4 103507670 103507670 0
7 11690 rs11971186 126437897 1 -4.89005043473482e-4 126437897 126437897 0
7 3644 rs10499586 29633340 1 -4.8427560945391447e-4 29633340 29633340 0
7 10832 rs9649390 115801846 1 4.7797955747625256e-4 115801846 115801846 0
7 710 rs10272373 9073500 1 -4.765504445263616e-4 9073500 9073500 0
7 13365 rs4559158 146879634 1 4.763127652577359e-4 146879634 146879634 0
7 5619 rs13235604 47665372 1 4.757398367663312e-4 47665372 47665372 0
7 5589 rs4724556 47305969 2 4.744853975712158e-4 47305969 47305969 0
7 5638 rs4724626 47795664 1 4.714741064887586e-4 47795664 47795664 0
7 590 rs13308567 7979957 1 -4.671205623003213e-4 7979957 7979957 0
7 14013 rs6961482 153387672 1 4.624856897244773e-4 153387672 153387672 0
7 11661 rs1074728 126312844 1 -4.6024564870107514e-4 126312844 126312844 0
7 12758 rs10252810 138704135 2 -4.5946359855932473e-4 138704135 138704135 0
7 12449 rs11984203 135325947 1 -4.5928387628972535e-4 135325947 135325947 0
7 14398 rs10949694 157842635 1 4.578220438997329e-4 157842635 157842635 0
7 10602 rs3128399 112212780 1 -4.557881757697594e-4 112212780 112212780 0
7 4490 rs998375 36931238 1 -4.557608046757827e-4 36931238 36931238 0
7 13631 rs917121 148934699 1 -4.5122862808910847e-4 148934699 148934699 0
7 12554 rs2067624 135915023 1 -4.4933268934670736e-4 135915023 135915023 0
7 6411 rs6954000 53186040 1 -4.4764243343609793e-4 53186040 53186040 0
7 5431 rs10277696 46074194 1 4.4698472071376166e-4 46074194 46074194 0
7 10239 rs10248785 107438305 1 4.463070203460734e-4 107438305 107438305 0
7 3231 rs916969 26513728 1 -4.4584808290288566e-4 26513728 26513728 0
7 4745 rs1861239 38515584 2 4.450702126476668e-4 38515584 38515584 0
7 11935 rs1806626 129329673 1 -4.449567017131862e-4 129329673 129329673 0
7 13744 rs3735078 150420704 1 -4.443223779402898e-4 150420704 150420704 0
7 12692 rs57020142 137778542 1 -4.4356197780259386e-4 137778542 137778542 0
7 14443 rs4621754 158498994 1 4.4344164324699054e-4 158498994 158498994 0
7 12451 rs12540688 135329690 1 4.419251325527066e-4 135329690 135329690 0
7 1591 rs6972083 15051754 1 4.415372487151876e-4 15051754 15051754 0
7 3052 rs2523085 25185100 1 4.412449985216724e-4 25185100 25185100 0
7 9202 rs1476515 95119261 1 4.411499534210743e-4 95119261 95119261 0
7 390 rs10278799 5366935 1 4.405062274085257e-4 5366935 5366935 0
7 7008 rs6460410 67365305 2 4.392215432874338e-4 67365305 67365305 0
7 13265 rs12703764 145790320 1 -4.377285400621784e-4 145790320 145790320 0
7 13171 rs6958341 144566296 1 -4.3716335821124394e-4 144566296 144566296 0
7 11331 rs1343905 122807680 1 -4.348621140564714e-4 122807680 122807680 0
7 4485 rs10281169 36922825 1 -4.321340868548959e-4 36922825 36922825 0
7 8683 rs10266415 88771095 1 -4.290290139531324e-4 88771095 88771095 0
7 2713 rs2905345 22617721 1 -4.2719341213553666e-4 22617721 22617721 0
7 4551 rs13247953 37397262 2 -4.248660971096218e-4 37397262 37397262 0
7 1826 rs706021 16605357 1 4.2415126389186355e-4 16605357 16605357 0
7 7196 rs11972637 69976237 1 4.238984195696958e-4 69976237 69976237 0
7 3490 rs4722804 28532464 1 4.234146043655525e-4 28532464 28532464 0
7 2682 rs10499552 22347861 1 -4.2274450154664814e-4 22347861 22347861 0
7 8791 rs10248104 89895262 1 -4.226046247757913e-4 89895262 89895262 0
7 8412 rs12673599 85964034 2 4.221014474286418e-4 85964034 85964034 0
7 6413 rs7808774 53251092 2 4.211903357617049e-4 53251092 53251092 0
7 9761 rs1983476 102065322 1 4.160297271307273e-4 102065322 102065322 0
7 3734 rs255142 30754949 1 4.1351835191532374e-4 30754949 30754949 0
7 4935 rs6977963 40726304 1 -4.1260361394894766e-4 40726304 40726304 0
7 13495 rs2373270 147567042 1 -4.125918395483892e-4 147567042 147567042 0
7 2793 rs1990365 23115966 1 4.121011527691889e-4 23115966 23115966 0
7 10428 rs7793344 109711537 1 4.118549245114472e-4 109711537 109711537 0
7 13561 rs1881726 147933618 1 -4.104936436634478e-4 147933618 147933618 0
7 3166 rs4722522 25802471 1 4.0968503390602303e-4 25802471 25802471 0
7 1084 rs9785045 11742920 2 -4.090199152999966e-4 11742920 11742920 0
7 14247 rs7782633 156097080 1 4.086478964332684e-4 156097080 156097080 0
7 6139 rs11981993 51393774 1 -4.079260972838731e-4 51393774 51393774 0
7 9813 rs977638 103259801 1 -4.0747900911326145e-4 103259801 103259801 0
7 12565 rs11761139 136150869 1 -4.0497818918222887e-4 136150869 136150869 0
7 8541 rs12535512 87220334 1 4.022506569840937e-4 87220334 87220334 0
7 13255 rs6464716 145720467 1 4.017547534192416e-4 145720467 145720467 0
7 5432 rs7800989 46076121 1 -4.013558479088233e-4 46076121 46076121 0
7 1501 rs40450 14308129 1 -3.987951772174453e-4 14308129 14308129 0
7 7018 rs6961611 67426323 2 3.9823357717704857e-4 67426323 67426323 0
7 6539 rs6942618 54019032 1 -3.9652166481554414e-4 54019032 54019032 0
7 4749 rs2196674 38543957 1 -3.958817866095135e-4 38543957 38543957 0
7 6442 rs6956897 53327665 1 3.945112784306912e-4 53327665 53327665 0
7 10678 rs10244620 113315926 1 3.9234209916427256e-4 113315926 113315926 0
7 4262 rs10486663 35392897 1 -3.9174915692397614e-4 35392897 35392897 0
7 7672 rs714437 77982497 1 -3.9172816187717826e-4 77982497 77982497 0
7 6034 rs956117 50725685 2 3.9042290743211726e-4 50725685 50725685 0
7 7835 rs6955922 79248120 1 3.8816490043241735e-4 79248120 79248120 0
7 6145 rs10254410 51425884 1 -3.8794390349970736e-4 51425884 51425884 0
7 7914 rs1404315 80134348 1 3.87841866303216e-4 80134348 80134348 0
7 14092 rs12154602 154420513 1 -3.874464675369684e-4 154420513 154420513 0
7 6789 rs1916777 57408565 1 3.865060754480179e-4 57408565 57408565 0
7 7351 rs2867567 71539877 1 -3.858789933828536e-4 71539877 71539877 0
7 4980 rs756439 41242812 2 -3.855585353021943e-4 41242812 41242812 0
7 13595 rs6970519 148163784 1 -3.851417130597437e-4 148163784 148163784 0
7 4679 rs1474346 38103949 2 -3.849390618498225e-4 38103949 38103949 0
7 265 rs2051918 3766819 1 3.823112533361967e-4 3766819 3766819 0
7 12422 rs11543821 134834499 1 -3.819438849574534e-4 134834499 134834499 0
7 9885 rs10245317 103556774 1 3.798648216787433e-4 103556774 103556774 0
7 2521 rs10224537 21640405 1 3.7925225077757287e-4 21640405 21640405 0
7 13807 rs6970983 150825087 1 3.787711531171111e-4 150825087 150825087 0
7 6668 rs6974790 55339948 1 3.765623534158757e-4 55339948 55339948 0
7 6580 rs2204134 54619264 1 3.7621245374449945e-4 54619264 54619264 0
7 26 rs11544331 1131411 1 3.7572361874917766e-4 1131411 1131411 0
7 13855 rs2538038 151283992 1 -3.7542848786941785e-4 151283992 151283992 0
7 6440 rs9642508 53325706 1 -3.750177307409343e-4 53325706 53325706 0
7 12486 rs4636148 135512610 1 3.74495436003346e-4 135512610 135512610 0
7 11684 rs2299514 126409064 1 -3.734384121575507e-4 126409064 126409064 0
7 13170 rs1881849 144543167 1 3.726987645553986e-4 144543167 144543167 0
7 3825 rs10238918 31377369 1 3.711767659348991e-4 31377369 31377369 0
7 9604 rs6955362 100056166 1 -3.670485775374881e-4 100056166 100056166 0
7 10448 rs10499987 109802202 1 -3.669375044517051e-4 109802202 109802202 0
7 13148 rs1208190 144114158 1 -3.614395636443198e-4 144114158 144114158 0
7 5513 rs1525242 46754686 1 3.6140127125168015e-4 46754686 46754686 0
7 4987 rs10238779 41294684 1 3.6083453101644813e-4 41294684 41294684 0
7 9055 rs41528 93686991 1 -3.6030287160893824e-4 93686991 93686991 0
7 6288 rs6972820 52554862 1 -3.6010097009626143e-4 52554862 52554862 0
7 12177 rs4731860 131980776 1 -3.5860593792977466e-4 131980776 131980776 0
7 11688 rs10954138 126425745 1 -3.574210543092357e-4 126425745 126425745 0
7 745 rs10266127 9448650 1 -3.519562065964812e-4 9448650 9448650 0
7 13374 rs12531764 146980556 1 -3.515853276015868e-4 146980556 146980556 0
7 14266 rs6957217 156268109 1 -3.5009384488972643e-4 156268109 156268109 0
7 827 rs6463960 10042560 1 3.496289259623975e-4 10042560 10042560 0
7 9726 rs4729760 101543497 1 3.4950245139271505e-4 101543497 101543497 0
7 2931 rs16207 24269205 1 3.489868898103241e-4 24269205 24269205 0
7 9614 rs1734908 100313768 1 3.4544053731590225e-4 100313768 100313768 0
7 560 rs12671658 7842281 2 -3.4492592350379047e-4 7842281 7842281 0
7 13568 rs10225169 147990737 2 3.4476558108768385e-4 147990737 147990737 0
7 6843 rs10234472 64118662 1 3.44566989351101e-4 64118662 64118662 0
7 7410 rs4304218 73252980 1 -3.4424335024009213e-4 73252980 73252980 0
7 7958 rs853052 80619055 1 -3.4111627624718597e-4 80619055 80619055 0
7 6126 rs4948204 51300561 1 -3.399221167340663e-4 51300561 51300561 0
7 13836 rs11761588 151094048 1 -3.3957565672760096e-4 151094048 151094048 0
7 12246 rs7808471 132716502 2 3.388325673945956e-4 132716502 132716502 0
7 8192 rs1123203 82870122 1 3.383020495850731e-4 82870122 82870122 0
7 2054 rs7808162 18110113 1 -3.381292745694532e-4 18110113 18110113 0
7 7267 rs10272997 70764516 1 -3.3788006461195493e-4 70764516 70764516 0
7 5534 rs4458768 46976865 1 3.3782024888641074e-4 46976865 46976865 0
7 3894 rs10252546 31934481 1 3.365333793406548e-4 31934481 31934481 0
7 8877 rs10953026 90550191 1 3.3530488074490867e-4 90550191 90550191 0
7 842 rs6463963 10113276 1 3.34248984472286e-4 10113276 10113276 0
7 14133 rs2002865 154694387 1 -3.3420094764406824e-4 154694387 154694387 0
7 9471 rs56204700 97821855 1 3.3386468290109896e-4 97821855 97821855 0
7 4875 rs1024595 39525669 1 -3.3381320357292693e-4 39525669 39525669 0
7 4861 rs2237400 39449983 1 -3.3289719723901843e-4 39449983 39449983 0
7 8528 rs4148735 87172881 2 -3.324358256022505e-4 87172881 87172881 0
7 5667 rs1851403 47891770 1 -3.313323016922405e-4 47891770 47891770 0
7 1455 rs6965481 13858654 1 3.3106814501003405e-4 13858654 13858654 0
7 12456 rs3112335 135376893 1 3.296525373520856e-4 135376893 135376893 0
7 13612 rs12531078 148620581 1 -3.293337161135549e-4 148620581 148620581 0
7 1397 rs6461020 13316411 1 3.287496623044873e-4 13316411 13316411 0
7 580 rs7785709 7938344 1 -3.2723163940651524e-4 7938344 7938344 0
7 257 rs12701044 3730909 1 -3.269932498837033e-4 3730909 3730909 0
7 3059 rs2717858 25207974 1 3.2640162736213173e-4 25207974 25207974 0
7 9704 rs6954825 101207035 1 -3.260709136984648e-4 101207035 101207035 0
7 12132 rs4731841 131761018 1 -3.2548121980677486e-4 131761018 131761018 0
7 8515 rs1002204 87141497 1 -3.2514934012606745e-4 87141497 87141497 0
7 10444 rs1723563 109790867 1 3.247204410834409e-4 109790867 109790867 0
7 7953 rs17154583 80522906 1 3.239455981253642e-4 80522906 80522906 0
7 13932 rs7800857 152707641 1 -3.2178952001073955e-4 152707641 152707641 0
7 1233 rs963323 12410112 1 -3.214286469846186e-4 12410112 12410112 0
7 11303 rs6945932 122566809 2 3.2125003508936634e-4 122566809 122566809 0
7 5233 rs1044141 43664280 1 -3.199006622137747e-4 43664280 43664280 0
7 10113 rs740309 105456869 1 -3.197496664218e-4 105456869 105456869 0
7 13790 rs758887 150634448 1 -3.187036285558551e-4 150634448 150634448 0
7 10430 rs10245119 109720986 1 -3.1847038742780084e-4 109720986 109720986 0
7 9769 rs3800939 102574715 1 -3.158693389661882e-4 102574715 102574715 0
7 4669 rs1721400 38060785 1 -3.152906821414764e-4 38060785 38060785 0
7 12474 rs7808197 135441131 1 -3.151796047155595e-4 135441131 135441131 0
7 2279 rs4721864 20093641 2 -3.1507984088822245e-4 20093641 20093641 0
7 5898 rs12668599 49360650 2 3.148026002363169e-4 49360650 49360650 0
7 11559 rs1419708 125321117 1 -3.14769941762589e-4 125321117 125321117 0
7 14397 rs4716535 157823810 1 3.135510041637764e-4 157823810 157823810 0
7 13485 rs851712 147528731 1 3.131137908762482e-4 147528731 147528731 0
7 2519 rs6963535 21628237 2 -3.1050435186098617e-4 21628237 21628237 0
7 12143 rs10258063 131828282 1 3.075610403575896e-4 131828282 131828282 0
7 5275 rs17551738 44083774 1 -3.063126881433787e-4 44083774 44083774 0
7 10892 rs3807986 116177825 1 -3.0537636792633984e-4 116177825 116177825 0
7 13674 rs10239759 149542524 1 -3.0518078093968374e-4 149542524 149542524 0
7 365 rs9655042 4869751 1 3.0440511407496133e-4 4869751 4869751 0
7 1693 rs12113594 15833180 1 3.0310727793320027e-4 15833180 15833180 0
7 11457 rs10435284 124085853 2 -3.0235245413994026e-4 124085853 124085853 0
7 5644 rs7797545 47823298 1 3.0215107318095713e-4 47823298 47823298 0
7 999 rs4454185 11349438 1 -3.0197744868850626e-4 11349438 11349438 0
7 10834 rs6968419 115823384 2 3.0153598010661687e-4 115823384 115823384 0
7 2499 rs10241028 21523137 1 3.0104381623402213e-4 21523137 21523137 0
7 8500 rs4148816 87087731 1 3.0087883896068947e-4 87087731 87087731 0
7 12442 rs3828955 135054371 1 2.9883629860989134e-4 135054371 135054371 0
7 2780 rs1001026 22932736 1 -2.9124862883777387e-4 22932736 22932736 0
7 7655 rs798324 77891692 1 -2.9071373274929414e-4 77891692 77891692 0
7 12421 rs17231212 134785741 2 -2.901874365079312e-4 134785741 134785741 0
7 397 rs4724701 5528883 1 -2.880575108189762e-4 5528883 5528883 0
7 638 rs6978212 8532844 2 2.871556112626e-4 8532844 8532844 0
7 9367 rs12056091 96758671 1 -2.854090709890813e-4 96758671 96758671 0
7 8860 rs7804518 90327751 1 -2.8538174680156793e-4 90327751 90327751 0
7 980 rs10486111 11266763 1 -2.8510335071963973e-4 11266763 11266763 0
7 14014 rs7801720 153397733 1 -2.84718015611468e-4 153397733 153397733 0
7 1421 rs2568632 13479783 1 2.8419575643836594e-4 13479783 13479783 0
7 6097 rs7803708 51148028 1 2.830253086195105e-4 51148028 51148028 0
7 10625 rs1051997 112756994 1 2.827794495354882e-4 112756994 112756994 0
7 8778 rs7780514 89848991 1 -2.8125092094126463e-4 89848991 89848991 0
7 4937 rs10486813 40728610 1 -2.8117787322104297e-4 40728610 40728610 0
7 3507 rs4719946 28716154 2 -2.811596205198581e-4 28716154 28716154 0
7 12730 rs4732330 138450098 2 -2.799804081839477e-4 138450098 138450098 0
7 4287 rs12111746 35572955 1 -2.7872164678235625e-4 35572955 35572955 0
7 4192 rs1468559 34523186 1 2.777545827189257e-4 34523186 34523186 0
7 5895 rs12718172 49348892 1 -2.768437911478394e-4 49348892 49348892 0
7 13077 rs7789906 143154643 1 -2.744428762920812e-4 143154643 143154643 0
7 10211 rs6466139 106580081 1 -2.735074946006023e-4 106580081 106580081 0
7 2477 rs7791199 21377337 1 2.7333038110163973e-4 21377337 21377337 0
7 2146 rs12669496 19048472 2 -2.7275886231217046e-4 19048472 19048472 0
7 11255 rs2120364 121818171 1 2.7256565359660365e-4 121818171 121818171 0
7 10111 rs1209199 105431876 1 2.7115960645134816e-4 105431876 105431876 0
7 8493 rs4148826 87074419 1 2.7115605040879405e-4 87074419 87074419 0
7 10138 rs117406926 105665004 1 2.709421342209133e-4 105665004 105665004 0
7 13197 rs1525461 144728291 1 2.707418139046747e-4 144728291 144728291 0
7 12400 rs3800739 134538147 1 -2.6921363096643944e-4 134538147 134538147 0
7 9959 rs11770570 103970510 1 -2.680776952114566e-4 103970510 103970510 0
7 395 rs12535397 5516293 1 -2.680305831564683e-4 5516293 5516293 0
7 13708 rs2293172 150269542 1 -2.679391813051049e-4 150269542 150269542 0
7 7553 rs5004556 77059517 1 -2.6678791346396733e-4 77059517 77059517 0
7 8503 rs2302387 87092185 1 2.6583555847860024e-4 87092185 87092185 0
7 2339 rs17143109 20618597 1 2.647292490627185e-4 20618597 20618597 0
7 2450 rs4383887 21283449 1 2.640326661205753e-4 21283449 21283449 0
7 9109 rs1575847 94470145 1 2.6360186604412305e-4 94470145 94470145 0
7 8773 rs6953127 89686698 1 -2.624596840391093e-4 89686698 89686698 0
7 1377 rs11984152 13176846 1 -2.6241492726006505e-4 13176846 13176846 0
7 4125 rs7457120 33899231 1 2.618822001781393e-4 33899231 33899231 0
7 3294 rs490366 26851805 1 2.608221295572935e-4 26851805 26851805 0
7 11958 rs940790 129645798 1 -2.5772457808163803e-4 129645798 129645798 0
7 7439 rs6964833 74101909 1 2.570791446928966e-4 74101909 74101909 0
7 2143 rs2023938 19036775 1 2.554145605752323e-4 19036775 19036775 0
7 4214 rs2609240 34684184 1 2.542433343845667e-4 34684184 34684184 0
7 12981 rs17162927 141970946 1 2.513192667402923e-4 141970946 141970946 0
7 12708 rs11762037 138077393 2 -2.509621635434532e-4 138077393 138077393 0
7 2303 rs3757724 20395067 1 2.4953055297801633e-4 20395067 20395067 0
7 5744 rs2222649 48294575 1 -2.4936365675427277e-4 48294575 48294575 0
7 3080 rs916893 25295346 2 -2.4875330174684994e-4 25295346 25295346 0
7 2309 rs1014038 20433107 1 2.4815873783466707e-4 20433107 20433107 0
7 3048 rs2717885 25174332 1 2.475985043846957e-4 25174332 25174332 0
7 3209 rs2893245 26352073 1 -2.4730070043476904e-4 26352073 26352073 0
7 8429 rs802427 86296335 1 2.46756802377144e-4 86296335 86296335 0
7 3423 rs17156078 27988689 1 -2.4391585336387749e-4 27988689 27988689 0
7 5445 rs11770622 46197266 1 -2.422662443977639e-4 46197266 46197266 0
7 4776 rs2116666 38721690 1 2.383134449395473e-4 38721690 38721690 0
7 597 rs37990 8027174 1 2.3783201402255945e-4 8027174 8027174 0
7 4941 rs1921752 40796618 1 2.3744995827991731e-4 40796618 40796618 0
7 12718 rs3778703 138396282 1 2.3595725459605853e-4 138396282 138396282 0
7 6432 rs10232192 53299136 1 2.35952278919978e-4 53299136 53299136 0
7 1533 rs6944740 14639749 1 2.357143713668712e-4 14639749 14639749 0
7 3610 rs7792461 29513395 1 -2.3568234945582373e-4 29513395 29513395 0
7 4509 rs6957997 37135479 1 -2.355751046634531e-4 37135479 37135479 0
7 14408 rs10256080 158019437 1 -2.3543423154028317e-4 158019437 158019437 0
7 6859 rs6460219 64453136 1 -2.351325920930448e-4 64453136 64453136 0
7 8099 rs10262899 82103053 1 2.346053582676984e-4 82103053 82103053 0
7 12172 rs7776974 131947817 1 -2.3442412222258465e-4 131947817 131947817 0
7 14371 rs6459804 157510195 1 2.3269598496729853e-4 157510195 157510195 0
7 10526 rs6959929 110849110 1 -2.32607839900586e-4 110849110 110849110 0
7 7081 rs1522499 68050119 1 -2.3225186850317535e-4 68050119 68050119 0
7 12207 rs13224271 132335088 1 2.3185398906208567e-4 132335088 132335088 0
7 5405 rs2471222 45735686 1 2.3155568068095972e-4 45735686 45735686 0
7 14060 rs756438 154083710 1 -2.310668421719661e-4 154083710 154083710 0
7 5082 rs3801220 42247876 1 2.30222999968328e-4 42247876 42247876 0
7 9088 rs10267474 94152988 2 2.2905583093626097e-4 94152988 94152988 0
7 10597 rs2529587 112102734 1 2.2847298911178295e-4 112102734 112102734 0
7 5806 rs4917021 48553615 1 2.2711639628197989e-4 48553615 48553615 0
7 2062 rs4490725 18172374 1 -2.2708802080523464e-4 18172374 18172374 0
7 14043 rs4278085 153992610 1 -2.2696884184526104e-4 153992610 153992610 0
7 7799 rs1406153 78932041 1 2.2692516744311715e-4 78932041 78932041 0
7 4464 rs6960795 36847304 1 -2.2634243958193607e-4 36847304 36847304 0
7 8129 rs9656532 82414933 1 2.255042547427976e-4 82414933 82414933 0
7 13614 rs10236808 148698474 2 -2.242595983651791e-4 148698474 148698474 0
7 431 rs2113628 6362978 1 2.2390436641498264e-4 6362978 6362978 0
7 517 rs2348033 7341918 1 -2.2337220355609657e-4 7341918 7341918 0
7 1901 rs847408 16965115 1 2.2302955642172268e-4 16965115 16965115 0
7 6677 rs11974368 55442775 1 2.20482128196547e-4 55442775 55442775 0
7 14230 rs4294053 155851624 1 2.202242494315231e-4 155851624 155851624 0
7 8498 rs1473154 87082042 1 -2.199688792725525e-4 87082042 87082042 0
7 13029 rs8177146 142563253 1 -2.1988653937373445e-4 142563253 142563253 0
7 11426 rs1540352 123836711 1 2.1769490758259167e-4 123836711 123836711 0
7 10776 rs10233079 114946569 2 -2.160929936556742e-4 114946569 114946569 0
7 13838 rs10231083 151119265 2 -2.156028231625615e-4 151119265 151119265 0
7 5084 rs3801232 42253313 1 -2.1208163738733896e-4 42253313 42253313 0
7 8770 rs4380852 89683536 1 2.103218300432922e-4 89683536 89683536 0
7 6157 rs2177628 51527696 2 -2.100011474563056e-4 51527696 51527696 0
7 3286 rs6967592 26663526 1 2.0981841638219832e-4 26663526 26663526 0
7 5154 rs10254637 43125193 1 2.0937260792642175e-4 43125193 43125193 0
7 349 rs7812186 4593385 1 2.0904006214907985e-4 4593385 4593385 0
7 804 rs161613 9853606 1 -2.048872792241548e-4 9853606 9853606 0
7 4296 rs10270008 35593568 2 2.0383944213522008e-4 35593568 35593568 0
7 10599 rs3095034 112135207 1 -2.0078070436130123e-4 112135207 112135207 0
7 6747 rs10248609 56262054 1 2.00746159875957e-4 56262054 56262054 0
7 12988 rs2960769 141988676 1 -1.9848055724643848e-4 141988676 141988676 0
7 786 rs535495 9743804 1 -1.9645994404233664e-4 9743804 9743804 0
7 10355 rs6978592 108262714 1 -1.9627451709855896e-4 108262714 108262714 0
7 11485 rs7795796 124298853 1 1.961596765093478e-4 124298853 124298853 0
7 317 rs12534827 4388142 1 -1.956788992795902e-4 4388142 4388142 0
7 13581 rs4726968 148087337 1 -1.955313141290786e-4 148087337 148087337 0
7 7947 rs12671126 80403185 1 -1.9454884559044687e-4 80403185 80403185 0
7 10816 rs10264545 115566788 1 -1.9421994713103688e-4 115566788 115566788 0
7 13163 rs6976400 144425718 1 -1.926099656342529e-4 144425718 144425718 0
7 1646 rs10499466 15537350 1 1.909862200875707e-4 15537350 15537350 0
7 6095 rs12719026 51145202 2 -1.904913395837553e-4 51145202 51145202 0
7 3735 rs11979875 30759776 1 1.902411939359306e-4 30759776 30759776 0
7 5266 rs61751727 43978084 1 1.8945516103698832e-4 43978084 43978084 0
7 12846 rs4236486 139992324 2 1.8765217015818795e-4 139992324 139992324 0
7 13670 rs1008335 149518961 1 1.8731801424225783e-4 149518961 149518961 0
7 8034 rs17155595 81498151 1 -1.8674631113267171e-4 81498151 81498151 0
7 10553 rs6979050 111392415 1 1.866519002463322e-4 111392415 111392415 0
7 6243 rs6592964 52126953 1 -1.857096896952407e-4 52126953 52126953 0
7 9077 rs2299418 94032325 1 1.8423437665025707e-4 94032325 94032325 0
7 9888 rs10277802 103562551 1 1.841569671446398e-4 103562551 103562551 0
7 10441 rs1722052 109782499 2 1.837401739045834e-4 109782499 109782499 0
7 13078 rs11760312 143161692 1 -1.8360825640611735e-4 143161692 143161692 0
7 12478 rs11761160 135480428 2 -1.834889968145288e-4 135480428 135480428 0
7 10836 rs2402053 115836797 1 1.8346228935575413e-4 115836797 115836797 0
7 1786 rs12666868 16388295 1 -1.834499396636386e-4 16388295 16388295 0
7 9123 rs854738 94615259 1 1.8316035229108655e-4 94615259 94615259 0
7 14090 rs747561 154406965 1 1.8294528664653773e-4 154406965 154406965 0
7 5553 rs10487763 47123823 1 -1.8208419589981135e-4 47123823 47123823 0
7 4985 rs6955172 41292492 2 -1.802982706776438e-4 41292492 41292492 0
7 7383 rs6460735 71966065 1 1.7967618967920627e-4 71966065 71966065 0
7 12389 rs1563046 134498297 1 1.7820168410693132e-4 134498297 134498297 0
7 1993 rs10230521 17650204 1 1.7785825694699371e-4 17650204 17650204 0
7 9358 rs1207731 96649356 1 -1.773278759319691e-4 96649356 96649356 0
7 6812 rs17139379 63688549 1 -1.771805093528136e-4 63688549 63688549 0
7 2792 rs10950938 23100220 1 1.7585632902296328e-4 23100220 23100220 0
7 11367 rs4147635 123179787 1 1.7580913554217446e-4 123179787 123179787 0
7 1476 rs2073533 14029739 1 -1.7484484189246883e-4 14029739 14029739 0
7 7122 rs2904188 68504050 1 1.7408781142072517e-4 68504050 68504050 0
7 4501 rs2392477 36985541 1 -1.7384186531959925e-4 36985541 36985541 0
7 9842 rs2299371 103358920 1 -1.7213271747352712e-4 103358920 103358920 0
7 5592 rs9876 47315291 1 1.718484937815978e-4 47315291 47315291 0
7 10791 rs9641540 115082872 1 1.717279912529358e-4 115082872 115082872 0
7 2122 rs12699985 18854401 1 1.680137620741602e-4 18854401 18854401 0
7 1835 rs1044983 16640300 1 -1.6785442363278415e-4 16640300 16640300 0
7 1293 rs1550392 12533736 1 -1.657604990044278e-4 12533736 12533736 0
7 10681 rs6969454 113433441 1 1.6529382965083277e-4 113433441 113433441 0
7 5164 rs6463166 43186431 1 1.6428248052624797e-4 43186431 43186431 0
7 3082 rs2107124 25299989 1 -1.6120686748103032e-4 25299989 25299989 0
7 6737 rs10499761 56193643 1 1.6087624391569034e-4 56193643 56193643 0
7 4305 rs1003247 35610162 1 -1.607024589386714e-4 35610162 35610162 0
7 11396 rs2109352 123463159 1 -1.6049015169443246e-4 123463159 123463159 0
7 13870 rs3934597 151466187 1 -1.5992073614408642e-4 151466187 151466187 0
7 4797 rs10085898 38870444 1 -1.59747592044035e-4 38870444 38870444 0
7 13281 rs1917936 145875065 1 1.5783555544425816e-4 145875065 145875065 0
7 10098 rs7809769 105241647 1 -1.5775264309929573e-4 105241647 105241647 0
7 9638 rs4729631 100635205 1 -1.5746512120772945e-4 100635205 100635205 0
7 4395 rs2041632 36466043 1 -1.5707990784363397e-4 36466043 36466043 0
7 592 rs12670535 7988091 1 1.565703304703526e-4 7988091 7988091 0
7 3038 rs10275560 25071824 1 1.5632019769628566e-4 25071824 25071824 0
7 8240 rs17158034 83369234 1 1.55400281039377e-4 83369234 83369234 0
7 7234 rs4717565 70397051 1 -1.540166840415372e-4 70397051 70397051 0
7 1838 rs523615 16641749 1 -1.5322358983288945e-4 16641749 16641749 0
7 3079 rs1011967 25290055 1 1.516961144473641e-4 25290055 25290055 0
7 9465 rs7807472 97734248 1 1.513170026112456e-4 97734248 97734248 0
7 12147 rs10954365 131855165 1 1.5126499566109932e-4 131855165 131855165 0
7 8630 rs10246107 88444133 1 1.5097467018016997e-4 88444133 88444133 0
7 13023 rs2367486 142492130 2 -1.5006450440744929e-4 142492130 142492130 0
7 6628 rs10899766 54950551 1 1.471347899534808e-4 54950551 54950551 0
7 14047 rs6464410 154037662 1 1.471069274907385e-4 154037662 154037662 0
7 11074 rs17141871 118569946 1 1.4702082662054582e-4 118569946 118569946 0
7 10501 rs6978082 110420611 1 1.4582529772668232e-4 110420611 110420611 0
7 7205 rs4718966 70040558 1 1.4503122879932348e-4 70040558 70040558 0
7 10108 rs672416 105376750 1 1.431725080969769e-4 105376750 105376750 0
7 3297 rs7804356 26891665 1 1.4257733711897018e-4 26891665 26891665 0
7 344 rs17134911 4565594 2 1.414327329278761e-4 4565594 4565594 0
7 8473 rs11773103 86821980 1 1.4131882008277513e-4 86821980 86821980 0
7 3615 rs1990593 29535325 1 1.406687701726706e-4 29535325 29535325 0
7 5763 rs17712647 48361784 1 -1.406099348628178e-4 48361784 48361784 0
7 7465 rs10231459 75529290 1 -1.401273003178493e-4 75529290 75529290 0
7 2280 rs6954985 20114589 1 -1.4000969844238595e-4 20114589 20114589 0
7 13972 rs11761744 153071114 1 -1.392727174747203e-4 153071114 153071114 0
7 220 rs17133292 3455249 1 1.3833198070372531e-4 3455249 3455249 0
7 12924 rs1181729 141124286 1 1.375405869527014e-4 141124286 141124286 0
7 11353 rs10278912 123037887 1 1.3747126737708826e-4 123037887 123037887 0
7 3506 rs16874653 28715056 1 1.3625918288662526e-4 28715056 28715056 0
7 1579 rs975689 14891202 1 1.3617389994524724e-4 14891202 14891202 0
7 2769 rs4644138 22882827 1 -1.3570421891289486e-4 22882827 22882827 0
7 746 rs2713328 9487409 1 -1.3311597461592247e-4 9487409 9487409 0
7 3979 rs13223936 32487376 1 -1.3295117988184534e-4 32487376 32487376 0
7 2155 rs10264031 19254640 1 -1.3068867092597548e-4 19254640 19254640 0
7 1977 rs12699858 17533687 1 1.304305880077306e-4 17533687 17533687 0
7 10289 rs1269627 107864951 1 -1.272893705483773e-4 107864951 107864951 0
7 9463 rs1799049 97691889 1 -1.2708171369952935e-4 97691889 97691889 0
7 6352 rs12534294 52751348 2 -1.2650383949723652e-4 52751348 52751348 0
7 11159 rs13221538 120768246 1 -1.2609836367235452e-4 120768246 120768246 0
7 12038 rs6467365 130887581 1 1.2576612333738715e-4 130887581 130887581 0
7 13027 rs7805607 142512803 1 1.2497951903538886e-4 142512803 142512803 0
7 4946 rs4723979 40868141 1 -1.2466763739624507e-4 40868141 40868141 0
7 3271 rs7800418 26606005 1 1.242880069170908e-4 26606005 26606005 0
7 6410 rs6973717 53174688 1 1.2367337759699467e-4 53174688 53174688 0
7 833 rs2906392 10073338 1 1.221579313400407e-4 10073338 10073338 0
7 5897 rs10253384 49359804 1 -1.2212598391464927e-4 49359804 49359804 0
7 9763 rs12669274 102076562 1 -1.1955774116657404e-4 102076562 102076562 0
7 9418 rs10486004 97242254 1 1.194050479972355e-4 97242254 97242254 0
7 9790 rs2528856 103142795 1 1.1912651454081974e-4 103142795 103142795 0
7 11897 rs2718107 128838659 1 -1.1743958591573075e-4 128838659 128838659 0
7 12974 rs1894317 141955128 1 -1.1695547585610197e-4 141955128 141955128 0
7 2785 rs7788668 22980638 1 -1.168797491749038e-4 22980638 22980638 0
7 106 rs2906142 2528599 1 1.1593539725423616e-4 2528599 2528599 0
7 8491 rs2230028 87056176 1 1.156904696331023e-4 87056176 87056176 0
7 12193 rs2241733 132130033 1 1.1495220485280012e-4 132130033 132130033 0
7 5642 rs6953528 47820962 2 -1.1422805966511316e-4 47820962 47820962 0
7 3359 rs11767145 27453637 1 -1.141671014220703e-4 27453637 27453637 0
7 13994 rs7777758 153278953 1 1.1361416704073008e-4 153278953 153278953 0
7 7172 rs10237984 69298131 1 -1.1238591763100382e-4 69298131 69298131 0
7 6549 rs2222689 54097645 1 1.1078526404373172e-4 54097645 54097645 0
7 11415 rs10270484 123732469 1 -1.1076477959559774e-4 123732469 123732469 0
7 8441 rs2299219 86417845 1 1.0911354839475602e-4 86417845 86417845 0
7 7397 rs17145713 72904810 1 1.0899445556409588e-4 72904810 72904810 0
7 13361 rs10952674 146867339 1 -1.0877477323063348e-4 146867339 146867339 0
7 10571 rs61159171 111642646 1 1.0656626025593862e-4 111642646 111642646 0
7 3643 rs1420117 29632309 1 -1.0572111216916748e-4 29632309 29632309 0
7 2028 rs2389852 17798958 1 -1.0540802461923928e-4 17798958 17798958 0
7 7033 rs17145184 67641115 1 1.053900933436221e-4 67641115 67641115 0
7 12640 rs1725021 136893320 1 -1.0431904571898229e-4 136893320 136893320 0
7 6194 rs6947810 51804814 1 1.0374124597919447e-4 51804814 51804814 0
7 2743 rs1608555 22807473 1 -1.0340271148780258e-4 22807473 22807473 0
7 11872 rs1472147 128503543 1 -1.018488002903945e-4 128503543 128503543 0
7 7442 rs1167827 75163169 1 -1.0176216647754264e-4 75163169 75163169 0
7 722 rs1581686 9212941 1 1.017154554780972e-4 9212941 9212941 0
7 10393 rs9691748 109086546 1 -9.601037035459234e-5 109086546 109086546 0
7 7128 rs12540557 68523481 1 9.542597770887392e-5 68523481 68523481 0
7 3480 rs10233653 28440320 1 -9.439965733943736e-5 28440320 28440320 0
7 1785 rs4146016 16386494 1 -9.26924728552868e-5 16386494 16386494 0
7 10250 rs2158839 107495091 1 -9.251666271471085e-5 107495091 107495091 0
7 4201 rs7802435 34543087 1 -9.227842411080463e-5 34543087 34543087 0
7 9061 rs10255086 93819103 1 -9.197058263142707e-5 93819103 93819103 0
7 8601 rs11971667 88324856 1 9.07642518478748e-5 88324856 88324856 0
7 1130 rs2355757 11938607 1 8.999182932102368e-5 11938607 11938607 0
7 10089 rs2258851 105110990 1 8.908481586463941e-5 105110990 105110990 0
7 10127 rs2240398 105556832 1 -8.826494500278304e-5 105556832 105556832 0
7 6211 rs10262259 51955274 1 -8.790863607678441e-5 51955274 51955274 0
7 3268 rs3948698 26600663 1 8.671582942001382e-5 26600663 26600663 0
7 11326 rs10236058 122783013 1 8.656972026266404e-5 122783013 122783013 0
7 1396 rs6954677 13315977 1 8.624958543684597e-5 13315977 13315977 0
7 11301 rs2428769 122542645 1 -8.572265537059715e-5 122542645 122542645 0
7 6305 rs6945518 52594753 1 8.466013680061125e-5 52594753 52594753 0
7 6788 rs1961354 57401925 1 -8.430535630561969e-5 57401925 57401925 0
7 13005 rs6961143 142222364 1 -8.393952112069955e-5 142222364 142222364 0
7 13683 rs9640161 150045910 1 -8.380603932224075e-5 150045910 150045910 0
7 8100 rs6467901 82132710 1 -8.298026547546916e-5 82132710 82132710 0
7 3494 rs216720 28575693 1 -8.270526373761785e-5 28575693 28575693 0
7 12453 rs4291211 135335373 1 8.18809694554996e-5 135335373 135335373 0
7 14126 rs3807285 154665152 1 -8.134995446531548e-5 154665152 154665152 0
7 12513 rs7804115 135704136 1 -8.13159279155611e-5 135704136 135704136 0
7 13198 rs1973815 144730377 1 -8.034111643651857e-5 144730377 144730377 0
7 11139 rs2525708 120558675 1 -7.981241599880778e-5 120558675 120558675 0
7 12791 rs11974162 139263879 1 7.871428176541843e-5 139263879 139263879 0
7 5429 rs7780838 46072124 1 -7.796837808614124e-5 46072124 46072124 0
7 1445 rs9655107 13725443 1 -7.537137505164983e-5 13725443 13725443 0
7 5083 rs1019043 42250418 2 -7.422418987483662e-5 42250418 42250418 0
7 2807 rs4304239 23495961 2 7.275846767055042e-5 23495961 23495961 0
7 10749 rs998903 114663499 1 -7.068119065189307e-5 114663499 114663499 0
7 371 rs300532 4942184 1 -7.003622194399548e-5 4942184 4942184 0
7 11528 rs1454124 124838438 1 -6.870872088097908e-5 124838438 124838438 0
7 10345 rs40847 108136099 1 6.858619420249264e-5 108136099 108136099 0
7 490 rs12702586 7211940 1 6.83713886596085e-5 7211940 7211940 0
7 1828 rs569022 16615490 1 6.8257952975779e-5 16615490 16615490 0
7 7450 rs757364 75287410 1 -6.745448699474182e-5 75287410 75287410 0
7 9368 rs12670377 96786625 1 6.65109257978594e-5 96786625 96786625 0
7 7421 rs2071307 73470714 1 6.537991663270644e-5 73470714 73470714 0
7 8891 rs802383 90630720 1 -6.395389551387593e-5 90630720 90630720 0
7 12577 rs10271343 136272383 1 6.28659994309997e-5 136272383 136272383 0
7 10178 rs41837 106266814 1 -6.221500055352228e-5 106266814 106266814 0
7 2603 rs12666072 21901593 1 -6.177596484689434e-5 21901593 21901593 0
7 9787 rs2711881 103135431 1 6.176196728525307e-5 103135431 103135431 0
7 7184 rs10248606 69675177 1 -5.994306727645168e-5 69675177 69675177 0
7 1479 rs10085723 14136740 1 -5.79806226054939e-5 14136740 14136740 0
7 474 rs2280918 7119469 2 5.77946614414189e-5 7119469 7119469 0
7 6656 rs940806 55279745 2 -5.734653182529984e-5 55279745 55279745 0
7 1474 rs7789916 14027557 1 -5.722329174391939e-5 14027557 14027557 0
7 14259 rs4716606 156220710 1 5.66880119384755e-5 156220710 156220710 0
7 13340 rs12703845 146571183 1 5.6364767904963546e-5 146571183 146571183 0
7 9303 rs6961784 96150473 2 5.6158357129364655e-5 96150473 96150473 0
7 681 rs10486267 8934617 1 5.556368743091925e-5 8934617 8934617 0
7 662 rs6944987 8835856 1 5.5444345944109743e-5 8835856 8835856 0
7 9799 rs2075040 103162847 1 5.4220356280545545e-5 103162847 103162847 0
7 5964 rs7780012 50438720 1 5.4041186106121765e-5 50438720 50438720 0
7 749 rs9918582 9537201 1 -5.367182761225577e-5 9537201 9537201 0
7 5903 rs12666784 49403143 1 -5.2865540165977936e-5 49403143 49403143 0
7 13039 rs4252372 142630534 1 -5.2863612525534815e-5 142630534 142630534 0
7 172 rs1073076 3149419 1 -5.1326442130147065e-5 3149419 3149419 0
7 12313 rs1643043 134013902 1 5.1124717863227114e-5 134013902 134013902 0
7 5749 rs17547816 48311658 1 5.0597692945430735e-5 48311658 48311658 0
7 10580 rs6466401 111782891 1 4.9570184651502776e-5 111782891 111782891 0
7 6184 rs10234700 51716684 1 -4.886827125446013e-5 51716684 51716684 0
7 3060 rs2717857 25207994 1 -4.864170095363799e-5 25207994 25207994 0
7 3352 rs6957441 27440190 1 -4.814939051560148e-5 27440190 27440190 0
7 13356 rs6973868 146759484 1 4.56873563097684e-5 146759484 146759484 0
7 8495 rs4148824 87075362 1 4.552463337874185e-5 87075362 87075362 0
7 10840 rs1055267 115850082 1 4.523449373054041e-5 115850082 115850082 0
7 1468 rs7790331 13991221 1 4.484211755273067e-5 13991221 13991221 0
7 1376 rs10227653 13086613 1 -4.450252605690259e-5 13086613 13086613 0
7 9131 rs1012367 94788164 1 -4.415144282758943e-5 94788164 94788164 0
7 12983 rs6976829 141971825 1 -4.3684821460656195e-5 141971825 141971825 0
7 7109 rs2079975 68372748 1 4.191183476794161e-5 68372748 68372748 0
7 12905 rs7458320 141007717 1 -4.173049126149759e-5 141007717 141007717 0
7 10104 rs846931 105326131 1 -4.159726107149976e-5 105326131 105326131 0
7 6631 rs2252586 54978924 2 4.151262685368469e-5 54978924 54978924 0
7 9979 rs1557689 104007886 1 4.128874222889226e-5 104007886 104007886 0
7 13562 rs1534702 147936803 1 -4.077146148727794e-5 147936803 147936803 0
7 9728 rs2906655 101569302 2 4.034532012387116e-5 101569302 101569302 0
7 9518 rs9986780 98376458 1 3.9975988009191546e-5 98376458 98376458 0
7 3783 rs17159921 31157200 1 -3.966334655926237e-5 31157200 31157200 0
7 9215 rs10238561 95241819 1 -3.926194725079168e-5 95241819 95241819 0
7 6666 rs2037701 55306579 1 3.893571143173114e-5 55306579 55306579 0
7 4422 rs11771672 36686829 1 -3.840098330828503e-5 36686829 36686829 0
7 1008 rs17164437 11377784 1 -3.7816957093667915e-5 11377784 11377784 0
7 1428 rs10242586 13497326 1 -3.646392090531573e-5 13497326 13497326 0
7 1365 rs17166539 12972685 1 3.615947648860338e-5 12972685 12972685 0
7 6635 rs11773818 55123968 1 3.5122637109915735e-5 55123968 55123968 0
7 6542 rs1405425 54041574 1 3.460834902772155e-5 54041574 54041574 0
7 13489 rs1177007 147546371 2 3.418289723177326e-5 147546371 147546371 0
7 7593 rs3807786 77668741 1 -3.314002603143767e-5 77668741 77668741 0
7 4948 rs7801303 40918070 1 3.266889334079726e-5 40918070 40918070 0
7 7913 rs10216027 80130531 1 -3.22637610061485e-5 80130531 80130531 0
7 3724 rs62636572 30634548 1 3.1452087386585215e-5 30634548 30634548 0
7 8333 rs1029563 84738495 1 -3.120486938823264e-5 84738495 84738495 0
7 3565 rs3793306 29314083 1 3.1184461218585545e-5 29314083 29314083 0
7 2310 rs6979136 20438006 1 -3.0723711889716186e-5 20438006 20438006 0
7 5939 rs1567278 50122310 1 3.0090427212888134e-5 50122310 50122310 0
7 14156 rs1657273 154880169 1 -2.9205389711794305e-5 154880169 154880169 0
7 13499 rs2538991 147579619 1 -2.8868231767477215e-5 147579619 147579619 0
7 6416 rs1357959 53254366 1 -2.806332842767016e-5 53254366 53254366 0
7 3620 rs10262722 29540205 1 -2.793575223740889e-5 29540205 29540205 0
7 169 rs3763496 3123248 2 -2.6601347377607743e-5 3123248 3123248 0
7 13131 rs34947817 143792991 1 2.6080590939465053e-5 143792991 143792991 0
7 1928 rs7805128 17106017 1 -2.4421202922320788e-5 17106017 17106017 0
7 14324 rs3802133 156936631 1 -2.2247973022616776e-5 156936631 156936631 0
7 12607 rs1378646 136635001 1 2.164773322159455e-5 136635001 136635001 0
7 5153 rs10224910 43125022 1 2.1265653863901974e-5 43125022 43125022 0
7 9040 rs10269012 93447327 1 1.9548516774106366e-5 93447327 93447327 0
7 5852 rs12531347 48944233 1 1.931689879436041e-5 48944233 48944233 0
7 185 rs4534049 3220990 2 -1.904249658428263e-5 3220990 3220990 0
7 13119 rs4726661 143716598 1 -1.8595550662844933e-5 143716598 143716598 0
7 13403 rs10500179 147054730 1 1.8219442244055517e-5 147054730 147054730 0
7 13196 rs7781772 144721441 1 -1.7764853228794334e-5 144721441 144721441 0
7 13195 rs7799590 144720781 1 1.764831306273833e-5 144720781 144720781 0
7 10292 rs1269629 107870631 1 -1.6483324792755717e-5 107870631 107870631 0
7 6140 rs2329727 51400718 1 -1.6182925986676204e-5 51400718 51400718 0
7 13019 rs6975391 142369835 1 1.577439612786211e-5 142369835 142369835 0
7 7428 rs6974767 73824052 1 1.5496780737877908e-5 73824052 73824052 0
7 10980 rs2402267 117497811 2 1.5381355347720725e-5 117497811 117497811 0
7 11545 rs10259429 125001250 1 -1.5370245883741208e-5 125001250 125001250 0
7 7411 rs13223593 73253772 1 -1.536815486571784e-5 73253772 73253772 0
7 10118 rs6947520 105503900 1 1.5343597540226984e-5 105503900 105503900 0
7 916 rs766653 10680663 1 -1.5106255022184376e-5 10680663 10680663 0
7 13224 rs3919487 144955976 1 1.4890441803659485e-5 144955976 144955976 0
7 11553 rs6952116 125232739 1 1.4202765526797378e-5 125232739 125232739 0
7 7456 rs4279521 75452584 1 1.3667877035076258e-5 75452584 75452584 0
7 166 rs12531570 3109177 1 -1.3513075462157837e-5 3109177 3109177 0
7 13751 rs7803700 150464171 1 -1.2985384647018604e-5 150464171 150464171 0
7 12062 rs3800678 131097134 1 -1.2945978152034565e-5 131097134 131097134 0
7 6946 rs4576304 67026320 1 -1.251548090413047e-5 67026320 67026320 0
7 9759 rs6947435 102032718 1 -1.246903323564174e-5 102032718 102032718 0
7 709 rs10486283 9072473 1 1.215590076534722e-5 9072473 9072473 0
7 13278 rs10248963 145833324 1 1.168868921653197e-5 145833324 145833324 0
7 6141 rs2329730 51413058 1 -1.0887806666072013e-5 51413058 51413058 0
7 11711 rs7796426 126637759 1 1.0706958761693103e-5 126637759 126637759 0
7 7376 rs2909989 71919202 1 9.453166421131944e-6 71919202 71919202 0
7 9293 rs2724041 96076927 1 9.164537642024724e-6 96076927 96076927 0
7 5308 rs17798255 44600376 1 8.534386878567045e-6 44600376 44600376 0
7 14427 rs10247026 158230595 1 -8.521262112101978e-6 158230595 158230595 0
7 9791 rs17152191 103143117 1 8.250674887060859e-6 103143117 103143117 0
7 13193 rs10226541 144711359 1 8.05570726883023e-6 144711359 144711359 0
7 10087 rs6947486 105076139 1 -7.4434921849052576e-6 105076139 105076139 0
7 12004 rs17562397 130329325 1 5.67136235651715e-6 130329325 130329325 0
7 6209 rs10240034 51954436 1 5.407297822901585e-6 51954436 51954436 0
7 9580 rs11974610 99527977 1 -4.571333720171826e-6 99527977 99527977 0
7 2818 rs4722242 23690640 1 -4.24731656305864e-6 23690640 23690640 0
7 12171 rs4731857 131947532 1 -4.106902723841183e-6 131947532 131947532 0
7 7506 rs2056708 76884226 1 3.2180930536142804e-6 76884226 76884226 0
7 9239 rs6967902 95509806 1 -2.962361469304717e-6 95509806 95509806 0
7 9878 rs3914132 103527369 2 -2.6941598754905843e-6 103527369 103527369 0
7 8869 rs3779568 90522559 1 1.4972159624368936e-6 90522559 90522559 0
7 10088 rs6970417 105076977 1 -2.800503595006805e-7 105076977 105076977 0
7 4507 rs17170842 37077758 1 -2.668585589107482e-7 37077758 37077758 0
7 7404 rs1128349 73097654 1 6.6674986879079675e-15 73097654 73097654 0
7 12765 rs10245175 138735734 1 5.001986712445602e-15 138735734 138735734 0
7 11197 rs11983078 121373997 1 9.335003633599314e-16 121373997 121373997 0
7 14372 rs6459805 157510294 1 6.025855403661055e-16 157510294 157510294 0
7 8874 rs3808243 90545844 1 5.527931538727183e-16 90545844 90545844 0
7 11194 rs11971841 121334164 1 4.845049666836721e-16 121334164 121334164 0
7 14445 rs1061735 158526455 1 2.074772709164663e-16 158526455 158526455 0
7 12452 rs12530845 135329978 1 1.3562810516785643e-16 135329978 135329978 0
7 13936 rs7781308 152737485 1 8.209195776151072e-17 152737485 152737485 0
7 10598 rs2708607 112109331 1 7.478606926205713e-17 112109331 112109331 0
