CHR Group SNP.lead BP.lead Size W BP.min BP.max BP.width
3 14597 rs10513547 159672597 2 0.15963585562303975 159672597 159672597 0
3 14612 rs485789 159730148 2 0.1042405815577972 159730148 159730148 0
3 10841 rs2293370 119219934 2 0.06120667510003644 119219934 119219934 0
3 14611 rs668998 159715551 2 0.05656394033703184 159715551 159715551 0
3 13016 rs10935453 141747640 1 0.04000517301127321 141747640 141747640 0
3 7265 rs6790743 70957896 1 -0.0363479444853579 70957896 70957896 0
3 14588 rs1675497 159582382 1 0.03390241728499896 159582382 159582382 0
3 14608 rs583911 159710390 1 0.03285131668873525 159710390 159710390 0
3 2947 rs4681018 25384461 1 0.02696206014934968 25384461 25384461 0
3 6608 rs9860730 64701146 1 -0.02645771808932805 64701146 64701146 0
3 14613 rs574808 159732983 1 0.02584564089173583 159732983 159732983 0
3 13631 rs6779678 149225903 1 0.02416034765816255 149225903 149225903 0
3 4384 rs9842265 39337941 1 0.02333933337662006 39337941 39337941 0
3 1941 rs6799397 16951768 2 -0.02242429572602389 16951768 16951768 0
3 14595 rs17810546 159665050 1 0.02224603394363081 159665050 159665050 0
3 3692 rs4282098 31928640 1 -0.0219940760767924 31928640 31928640 0
3 1842 rs538525 16376279 1 0.02100418631795909 16376279 16376279 0
3 1622 rs1865884 14411655 1 0.02087227540112536 14411655 14411655 0
3 11448 rs867805 124909866 1 0.02081941390843675 124909866 124909866 0
3 14619 rs9880646 159861147 1 0.02071556935644989 159861147 159861147 0
3 11099 rs2715267 121770858 1 0.0201960978863292 121770858 121770858 0
3 12624 rs10935263 137415813 2 0.02010788896830072 137415813 137415813 0
3 11106 rs9282641 121796768 1 0.02004896146501791 121796768 121796768 0
3 573 rs3804993 4750674 2 -0.01943994006159968 4750674 4750674 0
3 16078 rs6789946 177374031 1 0.01901277050618981 177374031 177374031 0
3 13617 rs11919764 149187235 2 0.01861638500869726 149187235 149187235 0
3 7291 rs9647400 71322227 1 0.01829145452823292 71322227 71322227 0
3 17129 rs7610017 189343424 1 0.01827245173536044 189343424 189343424 0
3 2756 rs4131864 23985809 1 0.01764148890899729 23985809 23985809 0
3 13669 rs2130319 149493646 1 0.01667698109881186 149493646 149493646 0
3 17304 rs9856076 190987344 2 0.01614484309572152 190987344 190987344 0
3 798 rs12491369 6789265 1 -0.01574223925901345 6789265 6789265 0
3 17436 rs7653308 192163051 2 -0.01555519533121099 192163051 192163051 0
3 7134 rs7635662 69421495 1 0.01551536914044747 69421495 69421495 0
3 13607 rs977333 149070226 1 -0.01524088907772036 149070226 149070226 0
3 5240 rs2710323 52815905 1 -0.01482906312926878 52815905 52815905 0
3 11093 rs9868257 121715319 1 -0.01477418677598714 121715319 121715319 0
3 14602 rs7610160 159686345 1 -0.01461098783373346 159686345 159686345 0
3 12828 rs1426033 139710090 2 0.0144313459326603 139710090 139710090 0
3 608 rs1874972 5319430 1 -0.01426670151285116 5319430 5319430 0
3 3902 rs1212278 34417269 1 -0.01388818183656011 34417269 34417269 0
3 17339 rs440266 191129438 1 -0.01349492764392434 191129438 191129438 0
3 7112 rs7611476 69269236 1 0.01336697810483274 69269236 69269236 0
3 3521 rs11924422 30677484 2 -0.01331841542826394 30677484 30677484 0
3 11677 rs2078637 127426999 1 -0.01317355782248064 127426999 127426999 0
3 17289 rs16866197 190877111 1 -0.01287880874972332 190877111 190877111 0
3 2949 rs12497123 25388313 2 -0.01286857703357757 25388313 25388313 0
3 6105 rs17031618 60543675 1 0.01250817888196073 60543675 60543675 0
3 6747 rs984038 65762252 1 -0.01222677760115228 65762252 65762252 0
3 9731 rs6779094 108081277 1 0.0119016645739811 108081277 108081277 0
3 7347 rs9829101 72037324 2 0.01165042637427168 72037324 72037324 0
3 8472 rs7639047 87173731 1 -0.01162005510197288 87173731 87173731 0
3 3446 rs1347287 30129784 1 0.01161706832421928 30129784 30129784 0
3 1319 rs17034817 11657278 1 0.01160158899221905 11657278 11657278 0
3 2054 rs6550461 18468523 1 -0.01140352446694624 18468523 18468523 0
3 13929 rs10513429 152368110 1 0.01103848161951315 152368110 152368110 0
3 15963 rs2046350 176014233 2 0.01072000019748586 176014233 176014233 0
3 15817 rs565334 174413915 1 0.01061937948029829 174413915 174413915 0
3 13635 rs10513353 149246213 1 -0.01042049727224967 149246213 149246213 0
3 3619 rs294282 31135969 1 0.01030023477466013 31135969 31135969 0
3 13489 rs6764882 147787204 1 -0.01027000668712958 147787204 147787204 0
3 13648 rs2117754 149363508 1 0.01015169102556513 149363508 149363508 0
3 11449 rs1464065 124910439 2 -0.01012768718476874 124910439 124910439 0
3 3419 rs3773108 29800913 2 0.01010408515057805 29800913 29800913 0
3 17050 rs1546736 188495948 1 0.0099527131719199 188495948 188495948 0
3 16095 rs6414476 177470638 2 -0.00981293095572824 177470638 177470638 0
3 11086 rs9829181 121663962 1 0.00977373694342881 121663962 121663962 0
3 15648 rs3136601 172226240 1 -0.00975469970217002 172226240 172226240 0
3 10821 rs6763561 119145512 2 0.00967931548925789 119145512 119145512 0
3 17459 rs4455277 192614308 1 0.00966842963311684 192614308 192614308 0
3 14344 rs2128535 156789192 2 0.00918232503659204 156789192 156789192 0
3 2739 rs7609845 23615762 1 0.00916886116927524 23615762 23615762 0
3 3813 rs4074418 33161165 1 -0.00912718630666253 33161165 33161165 0
3 7302 rs11712688 71379546 1 0.00912678355751735 71379546 71379546 0
3 8845 rs1497534 97935125 1 0.00906455127866098 97935125 97935125 0
3 17416 rs2049212 192020055 1 -0.00886405703679371 192020055 192020055 0
3 9215 rs16845761 102602750 1 0.00880912913400653 102602750 102602750 0
3 13215 rs990320 143796305 1 0.00877622350969337 143796305 143796305 0
3 16191 rs7433956 178381419 1 -0.00872580443599646 178381419 178381419 0
3 4907 rs2236938 45938939 1 -0.00871035218695851 45938939 45938939 0
3 11667 rs1868240 127209361 1 0.00866684304774485 127209361 127209361 0
3 14376 rs16827620 157138405 1 0.00855777438238501 157138405 157138405 0
3 3814 rs4074415 33161745 1 -0.00854768925695957 33161745 33161745 0
3 275 rs1868218 2309379 2 -0.00853919550700553 2309379 2309379 0
3 14411 rs11925333 157386185 1 0.00848771097341718 157386185 157386185 0
3 3350 rs9835541 29459473 1 0.00838180414555052 29459473 29459473 0
3 1868 rs2881514 16553680 1 -0.00834256238672144 16553680 16553680 0
3 13572 rs893979 148690841 1 -0.00826783228824036 148690841 148690841 0
3 16050 rs12629106 177095072 2 -0.00826651596822098 177095072 177095072 0
3 11731 rs9831089 128242205 1 0.00824297469960464 128242205 128242205 0
3 14367 rs9883822 157080331 1 0.00818819153054763 157080331 157080331 0
3 5242 rs1042779 52821011 1 0.00818275515541639 52821011 52821011 0
3 15542 rs11927009 170984600 2 0.00811777977961733 170984600 170984600 0
3 16969 rs6778044 187594092 1 -0.00809363152432332 187594092 187594092 0
3 2826 rs9878606 24633038 2 -0.00805910111063655 24633038 24633038 0
3 10748 rs6782002 118624631 1 0.00803551935705559 118624631 118624631 0
3 1166 rs697231 10346421 1 0.00802281344538377 10346421 10346421 0
3 16242 rs7645550 178968634 1 0.00796148473899599 178968634 178968634 0
3 14614 rs1075498 159756451 1 0.0078817059811023 159756451 159756451 0
3 8534 rs9826925 88206392 1 -0.00774177355592747 88206392 88206392 0
3 6656 rs1983357 64994295 1 -0.00768128829738993 64994295 64994295 0
3 6562 rs9874741 64341070 1 -0.00762849700874895 64341070 64341070 0
3 57 rs11707796 316417 1 0.00762380115042294 316417 316417 0
3 2686 rs7615823 23173734 1 -0.00753301929502743 23173734 23173734 0
3 1273 rs7625056 11157856 1 -0.00745860688594816 11157856 11157856 0
3 2560 rs6772631 22383444 2 0.00741493749182835 22383444 22383444 0
3 17692 rs2014220 196312124 2 -0.00730038926661497 196312124 196312124 0
3 3162 rs7639905 27976864 1 -0.00723905420903932 27976864 27976864 0
3 9498 rs1867189 105447746 2 0.00722194057664167 105447746 105447746 0
3 11465 rs9838753 125161022 2 -0.00719905246082523 125161022 125161022 0
3 15878 rs6769077 175061871 2 -0.00719804238992568 175061871 175061871 0
3 1629 rs6763180 14506279 1 0.00713779907032761 14506279 14506279 0
3 16386 rs1982808 182002353 1 -0.00709228855772517 182002353 182002353 0
3 5816 rs4681818 58184851 2 -0.00707433425416307 58184851 58184851 0
3 3379 rs3773026 29531977 1 -0.00702426618627944 29531977 29531977 0
3 4959 rs142971127 46717175 1 0.00700794472182419 46717175 46717175 0
3 11147 rs10934592 122135242 1 -0.00700439279757475 122135242 122135242 0
3 4748 rs4462942 43564157 1 -0.00700175933713228 43564157 43564157 0
3 14607 rs4680534 159698945 1 0.00682988599273604 159698945 159698945 0
3 9833 rs9868354 108840227 2 -0.0068168199747119 108840227 108840227 0
3 14412 rs963354 157393770 1 0.00677758176955638 157393770 157393770 0
3 6845 rs1001689 66843365 1 0.00674301027369539 66843365 66843365 0
3 2747 rs6767354 23784303 1 0.00673012482121864 23784303 23784303 0
3 2244 rs6550532 20507621 1 -0.00671427325935122 20507621 20507621 0
3 8891 rs3796139 98378701 1 -0.00665787106608788 98378701 98378701 0
3 13153 rs16853885 143310347 1 -0.00657401157647045 143310347 143310347 0
3 2942 rs9861454 25381636 1 0.00656699093139784 25381636 25381636 0
3 14767 rs9838303 161654395 1 0.00648521210468334 161654395 161654395 0
3 13146 rs10513210 143278231 1 0.00645019812529326 143278231 143278231 0
3 13769 rs3971191 151041513 1 0.00644897206498522 151041513 151041513 0
3 15493 rs475647 170465382 2 0.00641166989947241 170465382 170465382 0
3 9331 rs1612989 103798561 1 0.0063937321918723 103798561 103798561 0
3 571 rs6762644 4742276 1 -0.00635145714214575 4742276 4742276 0
3 11842 rs4688772 129432347 1 0.00628605610550972 129432347 129432347 0
3 7999 rs6783132 81534944 2 0.00628440512501401 81534944 81534944 0
3 13726 rs12638863 150533002 1 0.00612614746470256 150533002 150533002 0
3 4416 rs4676449 39828262 1 -0.00611549733810985 39828262 39828262 0
3 5241 rs3774354 52817675 1 0.00610698110443645 52817675 52817675 0
3 12199 rs6779839 132494523 1 0.00608162116233583 132494523 132494523 0
3 4901 rs7644870 45830886 1 -0.00607811283030126 45830886 45830886 0
3 5040 rs9834639 48659009 1 0.00604711630200744 48659009 48659009 0
3 9332 rs1731649 103801180 1 0.00601728789884001 103801180 103801180 0
3 15386 rs6783972 169209897 1 0.00600668127251058 169209897 169209897 0
3 17290 rs6793890 190881904 1 -0.00598448152105192 190881904 190881904 0
3 13605 rs7632041 149066126 2 0.00596804856376048 149066126 149066126 0
3 55 rs17273893 309363 1 -0.00593866550878283 309363 309363 0
3 6498 rs3816157 63999322 1 -0.00593635263970829 63999322 63999322 0
3 1156 rs2075352 10311939 1 0.00593477991523312 10311939 10311939 0
3 8486 rs11713655 87374853 1 0.00590408565683606 87374853 87374853 0
3 2945 rs4681047 25383258 2 0.00590242381197629 25383258 25383258 0
3 16651 rs7620519 184306559 1 0.00587714663349505 184306559 184306559 0
3 415 rs7633914 3527685 1 0.00586288164677233 3527685 3527685 0
3 2846 rs4077423 24751005 2 0.00581603265678441 24751005 24751005 0
3 13864 rs17283297 151724954 1 0.00579886016834668 151724954 151724954 0
3 13633 rs4681521 149230137 2 0.00576493252088996 149230137 149230137 0
3 10768 rs12486504 118800871 1 -0.0057551869146734 118800871 118800871 0
3 9810 rs4522770 108611057 1 0.0057551252286189 108611057 108611057 0
3 14791 rs7609974 161823150 1 -0.00569838179118063 161823150 161823150 0
3 6447 rs6766569 63489319 1 0.00569660903011911 63489319 63489319 0
3 1382 rs310766 12233482 1 0.0056532439315321 12233482 12233482 0
3 8949 rs2670338 99162536 1 0.00562207221755555 99162536 99162536 0
3 14020 rs955013 153099036 2 -0.00557493996223986 153099036 153099036 0
3 6346 rs6445293 62703006 1 -0.00557405106924725 62703006 62703006 0
3 17153 rs7619556 189552371 2 0.00555304669655191 189552371 189552371 0
3 1819 rs6804047 16245397 1 -0.00552416991616225 16245397 16245397 0
3 13321 rs3863994 145484110 1 -0.00531319000792079 145484110 145484110 0
3 3489 rs9866764 30404343 1 0.0052881994788203 30404343 30404343 0
3 17302 rs7637404 190981868 1 0.00524835253880208 190981868 190981868 0
3 14633 rs7641978 160328337 1 -0.0052100371463937 160328337 160328337 0
3 14152 rs7626254 154291973 1 0.00516289843157042 154291973 154291973 0
3 9129 rs2554962 101445118 2 -0.00510847974254266 101445118 101445118 0
3 16602 rs2231224 183901281 1 0.00509916402486082 183901281 183901281 0
3 3767 rs3888882 32497574 1 0.00508650499071309 32497574 32497574 0
3 7312 rs9828619 71626123 1 0.00506717278408531 71626123 71626123 0
3 10767 rs2117768 118800404 1 0.0050670735639208 118800404 118800404 0
3 5042 rs2276852 48666923 1 0.0050480888894733 48666923 48666923 0
3 7543 rs6795429 73967610 1 0.00501638197052755 73967610 73967610 0
3 2515 rs17641808 21943191 1 0.00501434677620304 21943191 21943191 0
3 4428 rs17067271 40003159 1 -0.00499047416345413 40003159 40003159 0
3 8966 rs6440719 99328500 2 0.00497235728853043 99328500 99328500 0
3 5908 rs2366696 59449029 2 -0.00496749009218289 59449029 59449029 0
3 7076 rs12714748 68955591 1 0.00494905710307509 68955591 68955591 0
3 1369 rs2618385 12050397 1 0.00493078536214586 12050397 12050397 0
3 8533 rs7432838 88190809 1 -0.00492183972075106 88190809 88190809 0
3 10743 rs1402578 118594133 1 -0.0049177893163023 118594133 118594133 0
3 5690 rs6803697 56831548 1 -0.00491202018791534 56831548 56831548 0
3 17671 rs4916483 195907653 1 -0.00489115473711969 195907653 195907653 0
3 9104 rs1484232 100895508 1 0.00485175178178285 100895508 100895508 0
3 15718 rs3844523 173322248 1 0.00483931304892959 173322248 173322248 0
3 2461 rs4858007 21753272 1 -0.00483743192269798 21753272 21753272 0
3 2733 rs10510538 23558000 1 -0.00479815988193562 23558000 23558000 0
3 1873 rs13081210 16595118 1 0.00477256229753252 16595118 16595118 0
3 3141 rs3806624 27764623 1 -0.00475993054315008 27764623 27764623 0
3 15370 rs7622799 169098992 1 -0.00474816510549546 169098992 169098992 0
3 13548 rs10935726 148515005 1 -0.0047425826848921 148515005 148515005 0
3 8848 rs4857374 98049409 1 0.0047342070543443 98049409 98049409 0
3 1437 rs7643321 12663233 1 0.00472595064920917 12663233 12663233 0
3 2437 rs1387822 21686466 1 -0.00470096923308152 21686466 21686466 0
3 13787 rs765281 151115991 1 -0.00469569791467769 151115991 151115991 0
3 869 rs983255 7555753 1 -0.00460248486557628 7555753 7555753 0
3 1956 rs1806555 17016794 1 0.00459832432160445 17016794 17016794 0
3 10242 rs11706932 112923015 1 0.00458371126954282 112923015 112923015 0
3 13219 rs13078077 143853149 1 0.00457451555749992 143853149 143853149 0
3 17682 rs36016914 196050862 1 -0.00445926963340521 196050862 196050862 0
3 10824 rs3195852 119157615 1 -0.00445899740176749 119157615 119157615 0
3 3354 rs9863789 29476873 1 0.00445818465816731 29476873 29476873 0
3 5691 rs1392702 56833979 1 0.00443918580717092 56833979 56833979 0
3 14184 rs16824794 155001447 1 0.00443442345153058 155001447 155001447 0
3 16849 rs3821799 186571486 1 -0.0044208076912823 186571486 186571486 0
3 16283 rs13064352 179515953 1 -0.00439589275292058 179515953 179515953 0
3 7308 rs9819066 71523110 1 -0.00439241396695991 71523110 71523110 0
3 16489 rs7623174 183234142 1 -0.00439103670194539 183234142 183234142 0
3 13152 rs727115 143294787 1 0.00438148318970328 143294787 143294787 0
3 911 rs11719723 7897220 1 -0.00435283715112276 7897220 7897220 0
3 422 rs2060642 3581077 1 -0.00431456252258228 3581077 3581077 0
3 5910 rs6803293 59452332 1 0.00430234676271559 59452332 59452332 0
3 7052 rs4855496 68652335 1 -0.00429670810810609 68652335 68652335 0
3 11732 rs7641386 128244662 1 0.00429643613928065 128244662 128244662 0
3 615 rs9311513 5432114 2 0.00428218242310706 5432114 5432114 0
3 5701 rs11130549 56880444 1 0.00427853857619202 56880444 56880444 0
3 11451 rs6801517 124918879 1 -0.00425924816890087 124918879 124918879 0
3 7516 rs3856583 73788701 1 -0.00425651471380661 73788701 73788701 0
3 4225 rs9877943 37914922 2 -0.00421487272652512 37914922 37914922 0
3 2753 rs2001209 23962646 1 0.00420742703588665 23962646 23962646 0
3 1004 rs7647092 8528431 1 0.00415951463324645 8528431 8528431 0
3 12664 rs6780412 137748979 1 0.00413533708353669 137748979 137748979 0
3 13105 rs9857832 142980880 1 -0.00412043183410021 142980880 142980880 0
3 16326 rs9818172 180022614 1 -0.00411473151982105 180022614 180022614 0
3 14449 rs9867453 157716366 1 0.00411254373099686 157716366 157716366 0
3 7232 rs4638930 70528833 1 0.00410390982897334 70528833 70528833 0
3 16871 rs257101 186778828 1 0.00407255989965837 186778828 186778828 0
3 5546 rs511843 55552815 1 -0.00406415137707361 55552815 55552815 0
3 274 rs9873966 2280235 1 -0.00403802678070564 2280235 2280235 0
3 16632 rs4912490 184161735 1 0.00403220381520892 184161735 184161735 0
3 11416 rs59232004 124738107 1 -0.00402615643920019 124738107 124738107 0
3 5445 rs17054227 54651208 1 0.00401460232103517 54651208 54651208 0
3 10204 rs3732814 112724336 1 0.00398751442180408 112724336 112724336 0
3 6490 rs6798742 63903759 1 -0.00398456504867588 63903759 63903759 0
3 10364 rs664244 114585716 1 0.00397806178609058 114585716 114585716 0
3 13102 rs990739 142926765 1 0.00394903838954825 142926765 142926765 0
3 3807 rs6780220 33087200 1 0.00394835303396509 33087200 33087200 0
3 6545 rs853275 64294523 1 -0.00393376172813511 64294523 64294523 0
3 3491 rs4955316 30415612 1 0.0039330522670074 30415612 30415612 0
3 12179 rs55825559 132221139 1 0.00393273586111635 132221139 132221139 0
3 13468 rs6796711 147341672 1 -0.00389536550717952 147341672 147341672 0
3 15586 rs3843979 171533283 1 -0.00386921875918474 171533283 171533283 0
3 643 rs1836579 5789520 1 0.00385301585374496 5789520 5789520 0
3 13547 rs6803439 148510797 1 -0.00383974439811796 148510797 148510797 0
3 16994 rs9843063 187719473 1 -0.00381795545386804 187719473 187719473 0
3 10805 rs7650193 119034756 1 -0.00379174351064802 119034756 119034756 0
3 1074 rs382530 9156817 1 0.00377702241091445 9156817 9156817 0
3 674 rs6791121 5926673 1 0.00375206151061692 5926673 5926673 0
3 3384 rs17023730 29535987 1 -0.0037520378365519 29535987 29535987 0
3 3609 rs7612515 31099579 1 -0.00374437929449483 31099579 31099579 0
3 16598 rs7432211 183819155 2 -0.00373493894952622 183819155 183819155 0
3 14609 rs2243131 159712058 1 0.00371398015094359 159712058 159712058 0
3 15188 rs34465133 167035332 1 -0.00370893251306081 167035332 167035332 0
3 6567 rs6445401 64396762 1 0.00369921936915186 64396762 64396762 0
3 10414 rs7638530 115441608 1 0.00369008591021661 115441608 115441608 0
3 7343 rs4365591 72021775 1 0.00367096440506348 72021775 72021775 0
3 7381 rs9870697 72505316 2 -0.00366404320140067 72505316 72505316 0
3 6639 rs2280587 64907334 1 0.00366369595622524 64907334 64907334 0
3 11469 rs3772213 125214402 1 0.00364519246452888 125214402 125214402 0
3 3744 rs3867381 32415114 1 -0.00363969980601707 32415114 32415114 0
3 16249 rs6776229 179015775 2 0.00363963783121348 179015775 179015775 0
3 7238 rs6762974 70595849 1 -0.00363757884178749 70595849 70595849 0
3 17256 rs9290953 190546144 1 -0.0036263295829095 190546144 190546144 0
3 16097 rs7634430 177474472 1 -0.00362464480086555 177474472 177474472 0
3 4396 rs816491 39555497 1 0.00362351505636631 39555497 39555497 0
3 4387 rs6806372 39445780 2 0.0036043871993526 39445780 39445780 0
3 4554 rs13068880 41471642 1 0.00358319187283183 41471642 41471642 0
3 11589 rs4679241 126135774 2 -0.00358151593485431 126135774 126135774 0
3 9765 rs11922147 108311784 1 0.003579250057848 108311784 108311784 0
3 2068 rs12106877 18709522 2 0.00357720809799113 18709522 18709522 0
3 4930 rs4683211 46345413 1 0.00356491448617256 46345413 46345413 0
3 9270 rs16846592 103388364 2 0.00356113158147876 103388364 103388364 0
3 7290 rs2280518 71318993 1 0.00354749944413452 71318993 71318993 0
3 15513 rs6444952 170628770 1 0.00354675409081033 170628770 170628770 0
3 14606 rs2366408 159696099 2 0.00352400961707117 159696099 159696099 0
3 8578 rs6777020 88665467 2 -0.00352254092433366 88665467 88665467 0
3 3768 rs164214 32498154 1 -0.00348216652747844 32498154 32498154 0
3 3564 rs1393749 30848365 1 0.00346653039767462 30848365 30848365 0
3 7264 rs9839462 70930264 1 0.00346329301303449 70930264 70930264 0
3 11143 rs4491840 122080747 2 -0.00343984769053474 122080747 122080747 0
3 1630 rs7610741 14506503 2 -0.00342745498608232 14506503 14506503 0
3 6638 rs2280585 64907284 2 0.0034104855126656 64907284 64907284 0
3 6445 rs11130935 63477970 1 0.00339327239226482 63477970 63477970 0
3 10897 rs4687887 119515585 1 0.00337364368564236 119515585 119515585 0
3 1946 rs9876137 16961265 1 0.00336076459350625 16961265 16961265 0
3 13583 rs17787392 148867126 1 0.00336027747130964 148867126 148867126 0
3 15986 rs2862481 176294153 1 0.00334284467298828 176294153 176294153 0
3 697 rs3941735 6089091 1 -0.00333495829453292 6089091 6089091 0
3 4319 rs11129806 38782737 1 0.00333453801308458 38782737 38782737 0
3 5467 rs4245919 54948936 1 0.00332404618411341 54948936 54948936 0
3 12194 rs747328 132443661 2 -0.00330550315710169 132443661 132443661 0
3 8933 rs2929443 99084862 1 -0.00329024245920015 99084862 99084862 0
3 12281 rs517255 133118054 1 -0.00327179925016659 133118054 133118054 0
3 7373 rs9682388 72354566 1 0.00326211603404731 72354566 72354566 0
3 2079 rs9824781 18800046 1 0.00326136170051996 18800046 18800046 0
3 3873 rs13080359 33956494 1 0.00325554116031205 33956494 33956494 0
3 581 rs9831960 4802573 1 -0.0032265968588296 4802573 4802573 0
3 1758 rs12490588 15694088 1 -0.00320184212139892 15694088 15694088 0
3 4516 rs10490823 41123735 1 0.00313993108399928 41123735 41123735 0
3 16902 rs35224605 187088923 1 0.00311825427202844 187088923 187088923 0
3 8473 rs9852738 87175298 1 0.0030907086286017 87175298 87175298 0
3 11739 rs4857911 128314776 1 0.00306936576282515 128314776 128314776 0
3 10737 rs9829595 118578547 1 -0.00306590562803825 118578547 118578547 0
3 9257 rs10804937 103308760 1 -0.00302685753956799 103308760 103308760 0
3 6737 rs6794189 65643473 1 -0.00302377890506578 65643473 65643473 0
3 9413 rs7432288 104652489 1 -0.00301463714162981 104652489 104652489 0
3 13703 rs9917701 150051590 1 -0.00300839269657718 150051590 150051590 0
3 15870 rs6768672 174940266 2 -0.00299695395950389 174940266 174940266 0
3 6446 rs7642916 63484923 1 0.00297770021586091 63484923 63484923 0
3 7357 rs4677092 72163948 2 0.00296695511976786 72163948 72163948 0
3 7707 rs6764089 77022269 1 -0.00296678841680747 77022269 77022269 0
3 12797 rs17394311 139517171 2 -0.00293441235399064 139517171 139517171 0
3 3800 rs4468931 33024472 1 -0.00291952825741838 33024472 33024472 0
3 16459 rs3732595 183029331 1 0.00291647097393404 183029331 183029331 0
3 8604 rs4368505 88978059 1 0.00291016451733813 88978059 88978059 0
3 3176 rs669607 28071444 1 0.00290888795538829 28071444 28071444 0
3 11657 rs4637240 127150025 1 -0.00290220305135112 127150025 127150025 0
3 590 rs9311419 4880671 1 0.00289552131615273 4880671 4880671 0
3 16776 rs4407400 185870197 1 0.0028620539673204 185870197 185870197 0
3 12772 rs16849220 139348518 2 -0.00286188935571734 139348518 139348518 0
3 11741 rs9864772 128316939 1 -0.0028511482311064 128316939 128316939 0
3 7511 rs9829115 73766044 1 0.00284052079352423 73766044 73766044 0
3 10094 rs13096825 111724401 2 0.00283574528730806 111724401 111724401 0
3 14185 rs10513474 155012313 1 -0.00282154719706093 155012313 155012313 0
3 5195 rs11927897 51929183 1 0.0028180490977034 51929183 51929183 0
3 8968 rs12486836 99331072 1 0.00281307563658512 99331072 99331072 0
3 52 rs435917 286552 1 0.00278009664592926 286552 286552 0
3 17708 rs35430440 196807928 1 -0.0027761639835984 196807928 196807928 0
3 10861 rs2247660 119334986 1 0.00277000666994393 119334986 119334986 0
3 17617 rs12495970 194928138 1 0.00276937820237986 194928138 194928138 0
3 383 rs3914769 3304982 1 0.00276736315439692 3304982 3304982 0
3 11676 rs9828443 127421486 1 0.00276385115366512 127421486 127421486 0
3 2789 rs7619754 24271599 1 0.00274823182515914 24271599 24271599 0
3 330 rs9942085 2697187 1 -0.00274486248015746 2697187 2697187 0
3 9210 rs6441682 102583687 1 -0.00274054079617524 102583687 102583687 0
3 2150 rs12636856 20136959 1 0.00273167687635349 20136959 20136959 0
3 8938 rs13325971 99105577 1 -0.00272427904291186 99105577 99105577 0
3 8525 rs6809560 87983041 1 0.00271076729262644 87983041 87983041 0
3 3508 rs7616969 30590213 2 0.0027047692322134 30590213 30590213 0
3 469 rs1561801 3850233 2 -0.00270265643837633 3850233 3850233 0
3 5235 rs11177 52721305 1 -0.00268103370441401 52721305 52721305 0
3 7174 rs6796248 69728231 1 0.00267113635277664 69728231 69728231 0
3 6402 rs4688376 63094473 1 0.00265074540559865 63094473 63094473 0
3 10658 rs12636589 117975155 1 -0.00264963247476655 117975155 117975155 0
3 7235 rs7627684 70575898 1 -0.00264518250276572 70575898 70575898 0
3 13496 rs4681394 147888040 1 -0.00262610348072941 147888040 147888040 0
3 7706 rs4855997 77014498 1 0.00262290823322053 77014498 77014498 0
3 3299 rs11927581 29068750 2 -0.00262283487036273 29068750 29068750 0
3 2299 rs13093281 20934496 1 -0.0026114618593155 20934496 20934496 0
3 12451 rs11928139 135045517 1 0.00260050335981484 135045517 135045517 0
3 13652 rs12494839 149386105 1 0.00259570678904689 149386105 149386105 0
3 15390 rs12630817 169232522 1 0.00258828761452318 169232522 169232522 0
3 17515 rs34307082 193336676 1 -0.0025785544218112 193336676 193336676 0
3 10575 rs1554333 116804591 1 -0.00255419670018924 116804591 116804591 0
3 1370 rs9822753 12075218 1 0.00254773090189367 12075218 12075218 0
3 8793 rs12489864 97322741 2 -0.00254633247424794 97322741 97322741 0
3 7354 rs10746538 72126831 1 0.00253908761519358 72126831 72126831 0
3 11319 rs555540 124166965 1 -0.00253785389567624 124166965 124166965 0
3 2816 rs11714673 24480540 1 -0.00250434059928609 24480540 24480540 0
3 5920 rs7615380 59570968 1 -0.00248517368574009 59570968 59570968 0
3 13197 rs9832471 143570871 1 -0.00248261119489951 143570871 143570871 0
3 11591 rs6791445 126142871 1 0.0024815359224525 126142871 126142871 0
3 2043 rs7641175 18311412 1 0.00248139885606061 18311412 18311412 0
3 8931 rs1157333 99071153 1 -0.00247699870978404 99071153 99071153 0
3 8640 rs6551407 89270605 1 0.002472456514304 89270605 89270605 0
3 15418 rs12630450 169480204 1 -0.00245884241821709 169480204 169480204 0
3 14510 rs340247 158601646 1 0.00245764344116235 158601646 158601646 0
3 2197 rs6770526 20299302 1 -0.00245174687337981 20299302 20299302 0
3 6457 rs7618831 63556309 1 -0.00244331806815767 63556309 63556309 0
3 14509 rs340251 158599864 1 0.00242547079753866 158599864 158599864 0
3 4056 rs9311120 35926289 1 0.00240843775418743 35926289 35926289 0
3 14177 rs16824641 154876320 1 0.00240737721108977 154876320 154876320 0
3 15753 rs9821957 173858380 1 0.00238669068140852 173858380 173858380 0
3 6658 rs1517925 64996333 1 -0.0023711158503653 64996333 64996333 0
3 1014 rs165172 8616128 1 -0.00236732188028556 8616128 8616128 0
3 2901 rs9872920 25054852 1 0.00235962878546125 25054852 25054852 0
3 3443 rs950752 30109355 1 -0.00235473951676443 30109355 30109355 0
3 16971 rs6444265 187605315 1 -0.00234458477453375 187605315 187605315 0
3 9982 rs2958089 111001016 2 -0.00233989975357571 111001016 111001016 0
3 14955 rs34924459 163661839 1 -0.00233395447420418 163661839 163661839 0
3 16241 rs1607237 178950297 1 0.00233009177059266 178950297 178950297 0
3 268 rs1153535 2254736 1 -0.0023279682178527 2254736 2254736 0
3 3830 rs12632512 33225343 1 0.00232713355267378 33225343 33225343 0
3 8889 rs7639655 98370840 1 0.00232613088269153 98370840 98370840 0
3 9566 rs10511256 106091518 1 -0.00231641983542135 106091518 106091518 0
3 14254 rs819867 155723064 1 0.00230773532424245 155723064 155723064 0
3 8006 rs13082939 81612216 1 0.00228480757965257 81612216 81612216 0
3 17026 rs16863233 188074777 1 0.00227341732342714 188074777 188074777 0
3 8887 rs4857405 98310966 2 -0.00223623420109289 98310966 98310966 0
3 2836 rs17015018 24708172 1 0.00222541272547087 24708172 24708172 0
3 10070 rs754914 111651285 1 -0.00222174927781928 111651285 111651285 0
3 10156 rs2131008 112250419 1 -0.00222171691208113 112250419 112250419 0
3 324 rs9849237 2675189 1 -0.00220587885995881 2675189 2675189 0
3 11681 rs3773142 127432605 1 0.00220118776520604 127432605 127432605 0
3 3515 rs4955245 30632802 1 -0.00219782673998472 30632802 30632802 0
3 7481 rs12486279 73699523 1 0.00219363709015854 73699523 73699523 0
3 13951 rs6773552 152515862 1 0.00219052413084061 152515862 152515862 0
3 3510 rs7613005 30594168 2 0.00218797414228977 30594168 30594168 0
3 11284 rs9289225 123536043 1 -0.00217847233521244 123536043 123536043 0
3 433 rs11713638 3671084 1 -0.00217374306169989 3671084 3671084 0
3 4811 rs3804580 44892033 1 -0.00216567972892855 44892033 44892033 0
3 9112 rs4683877 100921280 2 -0.00216237626779431 100921280 100921280 0
3 14151 rs7614327 154291478 1 0.00215247892951514 154291478 154291478 0
3 3582 rs7641301 30906417 1 0.00215129828571006 30906417 30906417 0
3 8132 rs9309921 82975102 1 -0.00215127524803461 82975102 82975102 0
3 10453 rs2199349 115908480 1 -0.00214075893533491 115908480 115908480 0
3 7588 rs6767471 74577921 1 0.00213162335826017 74577921 74577921 0
3 3908 rs719403 34544929 1 -0.00212711577093654 34544929 34544929 0
3 7738 rs2875436 77336156 1 -0.00212542899681875 77336156 77336156 0
3 8577 rs963736 88659709 1 -0.00212535138468576 88659709 88659709 0
3 16869 rs2268536 186756908 2 -0.00212368230198695 186756908 186756908 0
3 7767 rs10779982 77678306 1 0.00212153487763607 77678306 77678306 0
3 1696 rs6442494 15081352 1 0.00211126702716309 15081352 15081352 0
3 16235 rs7641889 178886609 1 0.00210480055159349 178886609 178886609 0
3 2099 rs9846656 19420687 1 0.00210374020665005 19420687 19420687 0
3 414 rs7641428 3527638 1 0.00210128731058495 3527638 3527638 0
3 8818 rs832100 97708955 1 -0.00209213195068202 97708955 97708955 0
3 3693 rs4334676 31945442 1 -0.00208747443435251 31945442 31945442 0
3 13128 rs9849797 143129061 1 0.0020701971234949 143129061 143129061 0
3 6383 rs9831668 62942458 2 0.00206099488504853 62942458 62942458 0
3 16111 rs2160835 177735032 1 -0.00205662384103314 177735032 177735032 0
3 3579 rs4955348 30904844 1 -0.00205307965140813 30904844 30904844 0
3 15669 rs6799845 172591359 1 0.00204463597779098 172591359 172591359 0
3 4079 rs1449991 36154313 1 -0.00203422266860866 36154313 36154313 0
3 7508 rs13060404 73756870 1 0.0020311464766542 73756870 73756870 0
3 4991 rs2227294 46902129 2 0.0020207347059635 46902129 46902129 0
3 3837 rs6800399 33281293 1 -0.00201439129801129 33281293 33281293 0
3 13711 rs9784335 150159767 1 -0.00201115172393533 150159767 150159767 0
3 10427 rs6763869 115582838 1 0.00199506560381673 115582838 115582838 0
3 7568 rs589344 74392917 1 0.00199188704194858 74392917 74392917 0
3 7803 rs17832529 78056120 1 -0.00199163766166806 78056120 78056120 0
3 5727 rs3968279 57187078 1 -0.00198971638380824 57187078 57187078 0
3 5365 rs12629593 54104178 1 0.00198114866664968 54104178 54104178 0
3 14541 rs10936176 158943008 1 -0.00197946232716007 158943008 158943008 0
3 13740 rs7634663 150778251 1 0.00197376568816042 150778251 150778251 0
3 8101 rs7632237 82720444 1 0.00197023112765211 82720444 82720444 0
3 16183 rs1477782 178364114 1 -0.00195660284720425 178364114 178364114 0
3 14142 rs11917011 154229004 1 -0.00195137915213555 154229004 154229004 0
3 16883 rs3864095 186937037 1 0.00194375637180755 186937037 186937037 0
3 11637 rs12495245 126992473 2 0.00194319415718837 126992473 126992473 0
3 16982 rs2248422 187668469 1 -0.00193462120542883 187668469 187668469 0
3 864 rs1868616 7505487 1 0.00193452653977754 7505487 7505487 0
3 15529 rs12486818 170795203 1 -0.00192434239277937 170795203 170795203 0
3 10926 rs9861883 119839546 1 -0.00191749402728517 119839546 119839546 0
3 17100 rs9863664 189220896 1 -0.0019146980817969 189220896 189220896 0
3 3901 rs1191624 34415876 1 0.00191316141343649 34415876 34415876 0
3 1094 rs17050225 9353007 1 -0.00191112681827526 9353007 9353007 0
3 6488 rs2292662 63897215 2 0.00190935346856025 63897215 63897215 0
3 11223 rs13094003 122680141 1 0.00190549813458442 122680141 122680141 0
3 6972 rs7642515 67908896 1 0.00190323807522007 67908896 67908896 0
3 10035 rs4349472 111507848 1 -0.00189679221017989 111507848 111507848 0
3 17089 rs6771859 189159352 1 -0.00189095373894706 189159352 189159352 0
3 3806 rs4679074 33082656 1 0.00188430936625112 33082656 33082656 0
3 4194 rs1863594 37593767 1 -0.00186678108926606 37593767 37593767 0
3 6743 rs704463 65753176 2 0.00186563103222911 65753176 65753176 0
3 7082 rs6785239 69001402 1 -0.00186197765582543 69001402 69001402 0
3 5524 rs358783 55335095 2 0.00186163494962443 55335095 55335095 0
3 5492 rs358067 55100492 1 -0.00186101600743302 55100492 55100492 0
3 3733 rs9875310 32348195 2 0.00185179186856988 32348195 32348195 0
3 13650 rs7616812 149365500 1 0.00184840954243665 149365500 149365500 0
3 11419 rs2981548 124742610 1 -0.00184400052609075 124742610 124742610 0
3 14014 rs16822470 152987718 2 0.00183707177286323 152987718 152987718 0
3 14322 rs13070271 156577669 1 -0.00183444176532688 156577669 156577669 0
3 16446 rs580116 182872446 1 0.00183430779134271 182872446 182872446 0
3 4675 rs146063264 42599171 1 0.00182526436349677 42599171 42599171 0
3 17017 rs9867814 187877584 2 0.00182348053214636 187877584 187877584 0
3 11350 rs621260 124352070 1 0.00182170915236758 124352070 124352070 0
3 11748 rs4384970 128446412 1 -0.00181759481331611 128446412 128446412 0
3 9256 rs9811968 103307672 1 -0.00181290630724876 103307672 103307672 0
3 13151 rs6763515 143293348 1 -0.00180490253200481 143293348 143293348 0
3 15948 rs2067613 175907342 1 0.00179571781113879 175907342 175907342 0
3 15909 rs6764422 175285857 1 0.00179556076478284 175285857 175285857 0
3 5947 rs17358517 59685732 1 0.00178899412249136 59685732 59685732 0
3 7353 rs9840945 72121884 1 0.0017839748161519 72121884 72121884 0
3 9502 rs2289746 105455955 1 -0.00178256308265383 105455955 105455955 0
3 3738 rs13075542 32398024 2 -0.00178073454890638 32398024 32398024 0
3 8904 rs2119187 98594499 1 -0.00177091929604572 98594499 98594499 0
3 13182 rs1349001 143482873 1 -0.00176229510745788 143482873 143482873 0
3 12993 rs12106890 141519874 1 -0.00175735817419092 141519874 141519874 0
3 14468 rs62288347 158408032 1 -0.00175146080202393 158408032 158408032 0
3 14956 rs9872873 163665217 1 0.00174606816679595 163665217 163665217 0
3 2537 rs11914361 22076137 1 -0.00174071372614884 22076137 22076137 0
3 308 rs17194406 2488631 1 -0.00172559339426693 2488631 2488631 0
3 17680 rs11919443 196048895 1 0.0017221267616922 196048895 196048895 0
3 9478 rs16851279 105266274 2 -0.00172172121218904 105266274 105266274 0
3 3509 rs7648418 30591844 2 0.00172080234838367 30591844 30591844 0
3 6200 rs11716449 61454724 1 0.0017144514996163 61454724 61454724 0
3 2397 rs11914832 21508433 2 0.00171403325391211 21508433 21508433 0
3 16979 rs7651910 187655626 1 -0.00171372202771183 187655626 187655626 0
3 7626 rs4856011 76225482 1 0.00171104417426297 76225482 76225482 0
3 149 rs17038909 1467145 1 -0.00170537467391405 1467145 1467145 0
3 16617 rs1687230 184003194 1 0.00170162382750588 184003194 184003194 0
3 602 rs3864055 5135571 1 -0.00170094595594411 5135571 5135571 0
3 10766 rs4449310 118799682 1 -0.00169730097872888 118799682 118799682 0
3 2268 rs4292253 20605302 2 -0.00169312414528492 20605302 20605302 0
3 13349 rs1553977 145660362 1 0.00169289107010939 145660362 145660362 0
3 9854 rs2699975 108970719 1 0.00168502999093007 108970719 108970719 0
3 15646 rs2041692 172215637 1 -0.00168001760225756 172215637 172215637 0
3 978 rs6796806 8195676 1 0.00166920469511871 8195676 8195676 0
3 10822 rs3732421 119150089 1 -0.0016686828845654 119150089 119150089 0
3 11144 rs9834317 122089359 2 0.00166494187025765 122089359 122089359 0
3 15611 rs6445047 171937014 1 0.00166457182078081 171937014 171937014 0
3 3802 rs4074708 33044642 1 -0.00166211649467198 33044642 33044642 0
3 982 rs13318406 8212656 1 0.00165640882832966 8212656 8212656 0
3 14874 rs9682116 162486664 1 0.00165231242169885 162486664 162486664 0
3 3809 rs9883177 33123354 1 -0.0016511298186824 33123354 33123354 0
3 17460 rs3952738 192614483 1 -0.00164456605737281 192614483 192614483 0
3 3168 rs11129307 28017377 2 0.0016412161168397 28017377 28017377 0
3 1883 rs17272614 16670272 1 0.00163668507058059 16670272 16670272 0
3 16999 rs10937330 187738766 2 -0.00162590341498832 187738766 187738766 0
3 10327 rs2683792 114097441 1 -0.00162590194125864 114097441 114097441 0
3 13840 rs6783779 151503359 1 -0.00162574065337093 151503359 151503359 0
3 16035 rs6784900 176647385 2 -0.00162125533558762 176647385 176647385 0
3 16592 rs6443940 183794436 1 -0.00160951784709882 183794436 183794436 0
3 14329 rs7650127 156642634 2 0.00160893190445161 156642634 156642634 0
3 15416 rs7644900 169372156 1 0.0016085612805014 169372156 169372156 0
3 1841 rs581152 16370675 1 -0.00160494011291366 16370675 16370675 0
3 11993 rs3749393 131082393 1 0.00160291871191498 131082393 131082393 0
3 2706 rs6550742 23226298 1 -0.00160200795307492 23226298 23226298 0
3 1827 rs2271077 16261420 1 -0.00159134308224968 16261420 16261420 0
3 3445 rs966357 30114021 1 0.00158305690132446 30114021 30114021 0
3 13561 rs4681161 148609045 1 0.00158031339571078 148609045 148609045 0
3 1101 rs7613389 9473202 1 -0.00157948361241156 9473202 9473202 0
3 2760 rs4589882 24000496 1 0.00156013444945396 24000496 24000496 0
3 5588 rs7614271 56027803 1 -0.0015562899682156 56027803 56027803 0
3 6270 rs6785475 61989945 1 -0.00155421030202319 61989945 61989945 0
3 17540 rs1472075 193706323 2 -0.00154947691467756 193706323 193706323 0
3 15752 rs7619523 173850819 1 0.00154076400465643 173850819 173850819 0
3 14121 rs357473 153895147 1 0.00152999216596284 153895147 153895147 0
3 17554 rs6763011 194066332 1 -0.00151331047476711 194066332 194066332 0
3 10588 rs6800555 117045006 2 -0.00150957852299408 117045006 117045006 0
3 15591 rs4894786 171645174 1 -0.00150929303779365 171645174 171645174 0
3 9175 rs11720464 101968917 1 0.00150523977250287 101968917 101968917 0
3 16124 rs2863110 177864536 1 -0.00150138079938894 177864536 177864536 0
3 10863 rs17203235 119355411 1 -0.00149360851527705 119355411 119355411 0
3 13039 rs28910271 142269075 1 0.00149100131453895 142269075 142269075 0
3 2997 rs2114456 25984884 1 -0.00148850693689753 25984884 25984884 0
3 1479 rs11719364 13192364 1 0.00148831798220288 13192364 13192364 0
3 15874 rs6443300 174985106 1 -0.00148595363682644 174985106 174985106 0
3 9849 rs6807870 108950809 2 0.0014857190367116 108950809 108950809 0
3 11136 rs9985440 122010681 1 -0.00147763642496397 122010681 122010681 0
3 17053 rs3856921 188550579 1 0.00147147678337603 188550579 188550579 0
3 16762 rs6768604 185704345 1 -0.00146758919812639 185704345 185704345 0
3 1863 rs3815962 16535229 1 0.00146532916976946 16535229 16535229 0
3 14233 rs358733 155485302 1 0.00146122483030632 155485302 155485302 0
3 7100 rs12714750 69139300 1 -0.00145043056801514 69139300 69139300 0
3 15857 rs2861997 174875574 1 -0.00144767467426418 174875574 174875574 0
3 10337 rs7615798 114274333 1 0.00144620357537509 114274333 114274333 0
3 5828 rs6445975 58370177 2 -0.00144438785134575 58370177 58370177 0
3 17074 rs6765588 188916053 1 0.00143927202081306 188916053 188916053 0
3 14636 rs4679904 160340896 2 0.00143649237396662 160340896 160340896 0
3 13202 rs11710441 143671319 1 0.00143541254357743 143671319 143671319 0
3 3991 rs17693703 35334398 1 0.00142991173696008 35334398 35334398 0
3 12586 rs3912119 137047713 1 -0.0014262556317879 137047713 137047713 0
3 17311 rs150503 191020976 1 -0.00142356919316248 191020976 191020976 0
3 5755 rs6445887 57457440 1 -0.00142318021313251 57457440 57457440 0
3 16504 rs17621407 183393037 1 0.00141569859439263 183393037 183393037 0
3 17259 rs6444462 190554485 2 0.0014119499995516 190554485 190554485 0
3 7183 rs6777363 69843971 2 -0.00141182464685368 69843971 69843971 0
3 3725 rs13317353 32316115 1 0.00140953406410189 32316115 32316115 0
3 4958 rs77367607 46712490 1 -0.00140769345119064 46712490 46712490 0
3 7769 rs1163750 77698442 1 -0.0014003135183749 77698442 77698442 0
3 17728 rs13099091 197121593 1 0.00139847402985438 197121593 197121593 0
3 11743 rs1126828 128344786 1 0.00138272089264142 128344786 128344786 0
3 8582 rs9832715 88672567 1 -0.00137961589310824 88672567 88672567 0
3 3448 rs9863443 30137032 1 -0.00137958698014767 30137032 30137032 0
3 3736 rs9682322 32395940 1 -0.00137646286405729 32395940 32395940 0
3 11729 rs7629415 128241100 1 -0.00137534095382227 128241100 128241100 0
3 11003 rs373188 120511490 2 0.0013643151278822 120511490 120511490 0
3 4939 rs883740 46538515 1 0.00136276221883669 46538515 46538515 0
3 4329 rs4420804 38812708 1 0.0013610899950242 38812708 38812708 0
3 14 rs1016162 143982 1 -0.00135776514856757 143982 143982 0
3 328 rs1479544 2687527 1 -0.00135632280378422 2687527 2687527 0
3 1266 rs6442216 11004944 1 0.00135605424547338 11004944 11004944 0
3 14472 rs9847482 158434137 1 -0.00135565938673485 158434137 158434137 0
3 6894 rs6549776 67245703 1 -0.00134616103645932 67245703 67245703 0
3 16846 rs864265 186554292 2 -0.00134365098479878 186554292 186554292 0
3 3481 rs1002661 30388919 1 0.00134175824806978 30388919 30388919 0
3 14211 rs6806485 155370090 1 -0.00134100702711041 155370090 155370090 0
3 13797 rs2172248 151174010 1 0.00134064191279537 151174010 151174010 0
3 13555 rs3772589 148574505 2 0.00133998801355411 148574505 148574505 0
3 6047 rs13317933 60283702 1 0.00133837090888265 60283702 60283702 0
3 17522 rs533857 193527389 1 0.00133067937360036 193527389 193527389 0
3 14358 rs7613866 156964032 1 -0.00132785294142163 156964032 156964032 0
3 13782 rs3732765 151090424 1 0.00132102673610232 151090424 151090424 0
3 17396 rs1014940 191748772 1 0.0013138859185554 191748772 191748772 0
3 16981 rs2590453 187667808 1 0.00130771790191259 187667808 187667808 0
3 2319 rs924224 21086158 1 -0.00130377067036852 21086158 21086158 0
3 11098 rs2255214 121770539 1 -0.0013011621796401 121770539 121770539 0
3 14125 rs355748 153964496 1 -0.00129571104326688 153964496 153964496 0
3 1919 rs9842776 16791642 1 -0.00129448040724197 16791642 16791642 0
3 10216 rs1574478 112829996 1 -0.00129113840306129 112829996 112829996 0
3 1781 rs1466072 15939311 1 -0.0012902550665439 15939311 15939311 0
3 14143 rs1519568 154240489 1 -0.00128427551166878 154240489 154240489 0
3 13094 rs3755740 142836966 1 0.00128284358795728 142836966 142836966 0
3 10062 rs7645666 111631591 1 -0.00128114287865212 111631591 111631591 0
3 9948 rs1473828 110360918 1 -0.0012729093483135 110360918 110360918 0
3 12221 rs6777507 132634780 1 -0.00127241041430831 132634780 132634780 0
3 7466 rs3213822 73540081 1 -0.00126975733469569 73540081 73540081 0
3 1309 rs6794414 11635778 1 0.00126762719686928 11635778 11635778 0
3 11950 rs16830494 130361856 1 -0.0012645149284401 130361856 130361856 0
3 7325 rs6549411 71880648 2 0.00126250872326931 71880648 71880648 0
3 17487 rs73888252 193036783 1 0.0012618932980071201 193036783 193036783 0
3 3492 rs7653262 30443869 2 0.00126020148054758 30443869 30443869 0
3 7584 rs7427025 74543312 1 -0.00125884758839279 74543312 74543312 0
3 4462 rs12486603 40195302 1 0.00125573197325979 40195302 40195302 0
3 7222 rs1522335 70375780 1 -0.00125330595391073 70375780 70375780 0
3 17173 rs13096237 189775242 1 0.00125294746964261 189775242 189775242 0
3 8556 rs2344953 88532215 2 -0.00125030848361567 88532215 88532215 0
3 12223 rs9862640 132642209 1 -0.00124366361783231 132642209 132642209 0
3 3391 rs35911 29573549 1 -0.00124329351877527 29573549 29573549 0
3 14826 rs12488584 162159287 1 0.0012402159832601 162159287 162159287 0
3 69 rs1531913 565961 1 0.00123474448418797 565961 565961 0
3 8784 rs1029282 96738205 1 -0.00123403395813362 96738205 96738205 0
3 121 rs9823491 1218279 1 -0.00123322835996456 1218279 1218279 0
3 4458 rs939075 40165048 1 0.00123174102164487 40165048 40165048 0
3 1342 rs4684808 11822616 1 -0.00123015988883162 11822616 11822616 0
3 9445 rs9863924 104773065 1 0.00122753456129025 104773065 104773065 0
3 4388 rs3772146 39448204 2 0.00122662272190482 39448204 39448204 0
3 2721 rs7610906 23494496 1 0.00122224434097962 23494496 23494496 0
3 955 rs3912448 8041502 1 0.00122198510334041 8041502 8041502 0
3 8054 rs9813907 82145477 1 -0.00121963920315875 82145477 82145477 0
3 5714 rs17057692 57128214 1 -0.00121963689800499 57128214 57128214 0
3 4378 rs11710546 39306219 1 -0.00121726167771712 39306219 39306219 0
3 15707 rs9290468 172986183 2 -0.00121429027725237 172986183 172986183 0
3 4511 rs384934 41114867 1 0.00121423604679727 41114867 41114867 0
3 1231 rs973188 10746274 1 -0.00121058663202938 10746274 10746274 0
3 16371 rs9840545 181484270 1 0.00120918451271165 181484270 181484270 0
3 6765 rs9823801 65952671 1 0.00120738096411675 65952671 65952671 0
3 7048 rs1398072 68643676 1 -0.00120582918795887 68643676 68643676 0
3 8741 rs7615218 95773241 1 0.00120398033321625 95773241 95773241 0
3 6813 rs6769418 66677341 1 0.00120385550987649 66677341 66677341 0
3 16623 rs2230570 184045410 1 -0.00120172146767291 184045410 184045410 0
3 3317 rs2048896 29244234 1 -0.00120148049208308 29244234 29244234 0
3 2077 rs9284846 18790702 1 0.00120109324711388 18790702 18790702 0
3 15889 rs10460885 175180353 1 0.00120104921343393 175180353 175180353 0
3 5517 rs6772225 55276518 1 0.00119679012131767 55276518 55276518 0
3 2552 rs10513640 22231144 1 -0.0011937241417913 22231144 22231144 0
3 16924 rs16862258 187262106 1 -0.00118529739533634 187262106 187262106 0
3 9855 rs2943701 108971725 1 0.00118518232134272 108971725 108971725 0
3 966 rs9864388 8144521 1 -0.00118437474242253 8144521 8144521 0
3 276 rs2044602 2315400 1 -0.00117453549653613 2315400 2315400 0
3 14973 rs10513609 164092986 1 -0.00116869851853994 164092986 164092986 0
3 16101 rs13322501 177593124 1 0.00115620854214682 177593124 177593124 0
3 16694 rs2269228 184930238 1 -0.00115396240921909 184930238 184930238 0
3 9462 rs1438552 105062595 2 -0.00114893384004788 105062595 105062595 0
3 12650 rs988140 137637478 1 -0.00114889533800601 137637478 137637478 0
3 2813 rs9310740 24422751 1 -0.00114482946735071 24422751 24422751 0
3 13567 rs67572210 148673739 1 0.00114367840516172 148673739 148673739 0
3 1375 rs308971 12116620 1 0.00113706400930619 12116620 12116620 0
3 3326 rs11129360 29371836 1 0.00113090371317732 29371836 29371836 0
3 7627 rs13099689 76400751 1 -0.00112914789225144 76400751 76400751 0
3 10742 rs7625775 118590563 1 0.00112844732890091 118590563 118590563 0
3 15008 rs9810313 164588702 1 -0.00112728480978073 164588702 164588702 0
3 12545 rs4678285 136781083 1 0.00112667607657721 136781083 136781083 0
3 15848 rs9836841 174814920 1 0.00112614635597261 174814920 174814920 0
3 3167 rs11710076 28014302 1 -0.00112076381146454 28014302 28014302 0
3 3169 rs12632457 28020552 1 0.00111918633295085 28020552 28020552 0
3 6228 rs1320232 61661311 2 -0.00111863776830267 61661311 61661311 0
3 15728 rs7640492 173514219 1 -0.00111473034773187 173514219 173514219 0
3 16751 rs2002675 185629568 1 -0.00111105222746648 185629568 185629568 0
3 15630 rs493789 172131456 1 0.00111093683338406 172131456 172131456 0
3 7369 rs4677138 72347479 1 0.0011094716803112 72347479 72347479 0
3 8434 rs725579 86603154 1 -0.00110789458898392 86603154 86603154 0
3 6137 rs1447927 60787599 2 0.0011069938180452 60787599 60787599 0
3 4810 rs3804583 44884647 1 -0.00110139318403178 44884647 44884647 0
3 12787 rs11713380 139435050 1 -0.00109816318982086 139435050 139435050 0
3 278 rs1720201 2338231 1 -0.00109741290684646 2338231 2338231 0
3 6033 rs17062363 60130721 1 -0.00109604156701153 60130721 60130721 0
3 14620 rs6775552 159871249 2 -0.00109578825655319 159871249 159871249 0
3 1377 rs160208 12159294 1 0.00109412688067493 12159294 12159294 0
3 15486 rs1011295 170362619 1 -0.001088606966056 170362619 170362619 0
3 13571 rs6764973 148686636 1 -0.00108603735577215 148686636 148686636 0
3 13367 rs9289713 145824025 1 0.00108538519156526 145824025 145824025 0
3 1090 rs2600164 9312398 2 -0.00108369706114562 9312398 9312398 0
3 3719 rs11922351 32171920 1 -0.00107909620773076 32171920 32171920 0
3 1967 rs17272796 17077268 1 0.00107793018797803 17077268 17077268 0
3 8781 rs1507383 96516039 1 -0.00107672535740858 96516039 96516039 0
3 7304 rs7644066 71382085 1 0.0010688620064555 71382085 71382085 0
3 5733 rs4681977 57388346 2 -0.00105701929055564 57388346 57388346 0
3 12373 rs12487946 134486080 1 -0.00105634844001809 134486080 134486080 0
3 16516 rs1378909 183545750 1 0.00105479012645537 183545750 183545750 0
3 4263 rs171248 38363393 1 0.00105132222781988 38363393 38363393 0
3 6833 rs9843859 66804504 1 -0.00104944068829114 66804504 66804504 0
3 18 rs17050452 149179 1 -0.0010484160643147 149179 149179 0
3 9698 rs7622560 107744023 2 -0.00104735042900093 107744023 107744023 0
3 5672 rs61743979 56649256 1 0.0010437893962405 56649256 56649256 0
3 15346 rs16853318 168932906 1 0.00104218121772957 168932906 168932906 0
3 2876 rs10510553 24966768 1 0.00103992991727773 24966768 24966768 0
3 7309 rs9828629 71530346 2 -0.0010392470562303 71530346 71530346 0
3 2693 rs4547724 23187727 2 -0.00103505653079836 23187727 23187727 0
3 8368 rs79233583 86052689 1 -0.00103423397863785 86052689 86052689 0
3 17599 rs7623698 194719238 1 -0.00103037293425017 194719238 194719238 0
3 5044 rs12107418 48689787 1 0.001028269853452 48689787 48689787 0
3 17437 rs9832414 192234311 1 -0.00102804708009138 192234311 192234311 0
3 4931 rs11711054 46345611 1 -0.00102786548879736 46345611 46345611 0
3 8474 rs1497418 87176414 1 0.00102118167874471 87176414 87176414 0
3 14351 rs12487629 156852205 2 0.00101689122527566 156852205 156852205 0
3 4224 rs6794868 37887360 1 -0.00101323147311091 37887360 37887360 0
3 16455 rs884910 183017385 1 0.00101275105471311 183017385 183017385 0
3 9915 rs9812947 109944669 1 -0.00101202710326827 109944669 109944669 0
3 2779 rs6769403 24148622 1 0.00101156353716932 24148622 24148622 0
3 16719 rs12632248 185139913 1 -0.00100968315011175 185139913 185139913 0
3 15659 rs2302815 172365832 1 -0.00100924944268754 172365832 172365832 0
3 4424 rs6776086 39964074 1 -0.00100895911342666 39964074 39964074 0
3 9664 rs17204920 107346018 1 -0.00100840245081065 107346018 107346018 0
3 6927 rs9851908 67515392 1 9.991460702513963e-4 67515392 67515392 0
3 1544 rs729639 13826854 1 9.991128502964957e-4 13826854 13826854 0
3 11767 rs9810890 128652553 1 9.955303313567085e-4 128652553 128652553 0
3 1096 rs13068999 9396030 1 -9.92276141457933e-4 9396030 9396030 0
3 13722 rs144597450 150398311 1 9.908094860813957e-4 150398311 150398311 0
3 11398 rs9968182 124601972 1 -9.902302084662746e-4 124601972 124601972 0
3 17030 rs9851525 188152306 1 9.893451432940543e-4 188152306 188152306 0
3 13401 rs1079370 146262883 1 -9.866737179112914e-4 146262883 146262883 0
3 13298 rs2695775 145287372 1 -9.843854232554114e-4 145287372 145287372 0
3 5486 rs3773559 55062415 1 -9.812020273139992e-4 55062415 55062415 0
3 15806 rs9812312 174152030 2 -9.806505077159598e-4 174152030 174152030 0
3 12092 rs2035095 131639140 1 9.805756896200902e-4 131639140 131639140 0
3 14557 rs9871574 159098996 2 -9.751933401686998e-4 159098996 159098996 0
3 7095 rs9809889 69087412 1 9.720844387879012e-4 69087412 69087412 0
3 6819 rs17045018 66755179 1 9.706602227590878e-4 66755179 66755179 0
3 8817 rs1492030 97697528 1 9.686825741268362e-4 97697528 97697528 0
3 999 rs11718095 8495335 2 9.684886444946288e-4 8495335 8495335 0
3 3671 rs9681121 31664171 1 -9.67734869550036e-4 31664171 31664171 0
3 3353 rs7640471 29462116 1 9.640140275161388e-4 29462116 29462116 0
3 15280 rs16852525 168363205 1 9.638918140336692e-4 168363205 168363205 0
3 11737 rs6798431 128303373 2 -9.609008947473628e-4 128303373 128303373 0
3 3525 rs13081020 30687969 2 -9.6070522395761e-4 30687969 30687969 0
3 17070 rs7625652 188881548 1 9.595981606429462e-4 188881548 188881548 0
3 8000 rs7649028 81546416 1 -9.579876881490696e-4 81546416 81546416 0
3 10192 rs4682123 112597706 1 9.544246189001498e-4 112597706 112597706 0
3 1455 rs7626624 12806123 1 9.524227011118182e-4 12806123 12806123 0
3 16517 rs10937152 183552998 1 9.510829283143796e-4 183552998 183552998 0
3 5839 rs4681875 58595823 1 9.472294798714826e-4 58595823 58595823 0
3 17586 rs4677746 194514108 1 9.470975666651912e-4 194514108 194514108 0
3 16664 rs10513799 184549539 1 -9.436513608990112e-4 184549539 184549539 0
3 1570 rs2227999 14199908 1 9.39291375621444e-4 14199908 14199908 0
3 17152 rs2037128 189548862 2 -9.370554018443131e-4 189548862 189548862 0
3 9261 rs1511647 103345913 1 -9.368469427306496e-4 103345913 103345913 0
3 3805 rs7613051 33065339 1 -9.343959156518514e-4 33065339 33065339 0
3 3550 rs812124 30775963 1 -9.318289822777988e-4 30775963 30775963 0
3 15310 rs13089423 168726724 1 9.269562070651377e-4 168726724 168726724 0
3 11595 rs11717788 126176885 1 9.25203019528116e-4 126176885 126176885 0
3 2541 rs1463579 22106715 1 -9.23918218308405e-4 22106715 22106715 0
3 7715 rs6769992 77168168 1 -9.231116536607896e-4 77168168 77168168 0
3 13310 rs9834043 145370402 1 9.229190480590148e-4 145370402 145370402 0
3 3532 rs1864615 30699782 2 9.222905243270696e-4 30699782 30699782 0
3 4284 rs3922844 38624253 1 -9.174564584789952e-4 38624253 38624253 0
3 13400 rs1061307 146262344 1 -9.163250325457388e-4 146262344 146262344 0
3 2791 rs7636335 24280948 1 -9.1408507515e-4 24280948 24280948 0
3 6898 rs1490271 67345223 1 9.135155083812304e-4 67345223 67345223 0
3 16323 rs1404743 179873285 1 9.107894917839552e-4 179873285 179873285 0
3 2040 rs13076743 18235724 1 -9.09951596190516e-4 18235724 18235724 0
3 6251 rs623808 61850134 1 9.096028205466228e-4 61850134 61850134 0
3 12731 rs9884065 138736641 1 -9.093606580237348e-4 138736641 138736641 0
3 10758 rs39688 118742848 2 -9.09296334749853e-4 118742848 118742848 0
3 11738 rs6772849 128306418 1 -9.090428182437384e-4 128306418 128306418 0
3 17369 rs12629883 191400380 2 9.071210883182512e-4 191400380 191400380 0
3 759 rs9810593 6534200 1 -9.068377619420684e-4 6534200 6534200 0
3 11952 rs1022033 130364523 1 -9.049072412587418e-4 130364523 130364523 0
3 16775 rs3732940 185867637 1 9.041349535860488e-4 185867637 185867637 0
3 12634 rs17548687 137521204 1 9.03470197877472e-4 137521204 137521204 0
3 3808 rs35289681 33110383 1 8.95378921834625e-4 33110383 33110383 0
3 13154 rs6771556 143310941 2 -8.953409813836523e-4 143310941 143310941 0
3 708 rs17215946 6206901 1 -8.943013889071009e-4 6206901 6206901 0
3 14037 rs17735715 153186265 2 8.942340466135307e-4 153186265 153186265 0
3 16866 rs4686836 186729365 1 8.932892406056939e-4 186729365 186729365 0
3 17502 rs902192 193111865 1 8.92502883647848e-4 193111865 193111865 0
3 16246 rs10936997 178985197 1 8.871088212516821e-4 178985197 178985197 0
3 7226 rs9833791 70453579 1 8.866368646029334e-4 70453579 70453579 0
3 16761 rs9840713 185682129 1 8.857693326353864e-4 185682129 185682129 0
3 9540 rs767150 105807750 1 -8.855241619387605e-4 105807750 105807750 0
3 15505 rs13063927 170582888 1 -8.852941668171573e-4 170582888 170582888 0
3 11886 rs2034663 130089271 1 -8.816579072103415e-4 130089271 130089271 0
3 9602 rs4895039 106523235 1 8.793115880181883e-4 106523235 106523235 0
3 6808 rs13096446 66488134 1 8.779898412678245e-4 66488134 66488134 0
3 2084 rs9832559 18847711 1 -8.758700681826264e-4 18847711 18847711 0
3 14972 rs11915959 164090980 1 -8.746532644218095e-4 164090980 164090980 0
3 8876 rs6797035 98281078 1 8.703710930966222e-4 98281078 98281078 0
3 10606 rs9289087 117438965 1 -8.6980027511858e-4 117438965 117438965 0
3 14798 rs10513578 161853873 1 -8.68916104812212e-4 161853873 161853873 0
3 11096 rs12106790 121767054 1 -8.670615703169942e-4 121767054 121767054 0
3 6456 rs11711276 63554424 1 -8.668634695943773e-4 63554424 63554424 0
3 2056 rs1513755 18530979 1 8.604339654704821e-4 18530979 18530979 0
3 9671 rs2049339 107471699 1 -8.56652018691908e-4 107471699 107471699 0
3 8846 rs1497546 98034526 1 8.564580408843498e-4 98034526 98034526 0
3 15900 rs6762530 175203769 1 -8.51408688228913e-4 175203769 175203769 0
3 15612 rs7428410 171943473 2 -8.500567130775589e-4 171943473 171943473 0
3 16857 rs9290841 186666546 1 8.484652079363685e-4 186666546 186666546 0
3 9123 rs3846087 101211487 1 8.481640095499854e-4 101211487 101211487 0
3 2909 rs13327067 25105266 1 8.480213929553526e-4 25105266 25105266 0
3 10201 rs9288967 112717319 1 8.47272183537033e-4 112717319 112717319 0
3 2428 rs6780177 21647818 1 8.425474479196416e-4 21647818 21647818 0
3 6981 rs6548962 68121791 1 8.418379869240577e-4 68121791 68121791 0
3 609 rs924358 5327270 1 -8.414934922281007e-4 5327270 5327270 0
3 1798 rs897204 16096066 1 8.342814221572062e-4 16096066 16096066 0
3 5674 rs10510787 56657257 1 8.339865172619764e-4 56657257 56657257 0
3 17280 rs2063421 190801723 1 8.321719640210435e-4 190801723 190801723 0
3 17455 rs9858084 192563219 1 -8.293473885461238e-4 192563219 192563219 0
3 4418 rs6797988 39835211 1 8.288606747311186e-4 39835211 39835211 0
3 10797 rs6438515 118996122 1 8.277918505496505e-4 118996122 118996122 0
3 14366 rs16827528 157078151 2 8.27247111615516e-4 157078151 157078151 0
3 15877 rs4894713 175042776 1 -8.268013913225339e-4 175042776 175042776 0
3 13592 rs9827666 148962041 1 8.256228063115697e-4 148962041 148962041 0
3 3825 rs4678497 33213119 1 -8.255217136070334e-4 33213119 33213119 0
3 9266 rs2398878 103372647 1 -8.220738213109318e-4 103372647 103372647 0
3 1092 rs2600192 9317758 1 -8.203520159587932e-4 9317758 9317758 0
3 14622 rs9853972 159877251 1 -8.188014037431911e-4 159877251 159877251 0
3 9811 rs12497925 108612271 1 8.167152056019412e-4 108612271 108612271 0
3 14495 rs6792827 158545195 2 8.164757671836936e-4 158545195 158545195 0
3 13224 rs6763060 143992630 1 8.086253534273641e-4 143992630 143992630 0
3 5099 rs4855882 49715354 1 -8.074190183423001e-4 49715354 49715354 0
3 6386 rs6770985 63006593 1 -8.070297838665879e-4 63006593 63006593 0
3 10599 rs12631137 117383588 1 -8.046284084762981e-4 117383588 117383588 0
3 756 rs7621178 6497148 1 -8.04521098026945e-4 6497148 6497148 0
3 5836 rs4511910 58590284 1 8.040503101609381e-4 58590284 58590284 0
3 3127 rs2643823 27646114 1 8.036938815077141e-4 27646114 27646114 0
3 6893 rs4347959 67231601 1 -8.017757411502069e-4 67231601 67231601 0
3 7963 rs17018517 81148588 1 8.014313307208775e-4 81148588 81148588 0
3 10026 rs6784441 111478337 1 7.966023437834735e-4 111478337 111478337 0
3 7993 rs9853372 81481169 2 7.915278759048211e-4 81481169 81481169 0
3 13606 rs7623431 149066998 1 -7.870529354171828e-4 149066998 149066998 0
3 1209 rs808933 10528910 1 7.861276423690399e-4 10528910 10528910 0
3 7393 rs17010036 72678769 1 7.859523608771928e-4 72678769 72678769 0
3 6347 rs1506746 62704180 1 7.830231930987794e-4 62704180 62704180 0
3 17018 rs1711001 187879004 1 -7.805840926949962e-4 187879004 187879004 0
3 9894 rs12489624 109575764 1 -7.785409141259396e-4 109575764 109575764 0
3 7776 rs11922844 77742421 1 7.775647190114177e-4 77742421 77742421 0
3 9992 rs2634553 111050246 2 7.771946394424948e-4 111050246 111050246 0
3 2535 rs2008355 22055043 1 -7.756329090374636e-4 22055043 22055043 0
3 1903 rs10510461 16741105 1 -7.686449107896374e-4 16741105 16741105 0
3 12571 rs10513028 136905916 1 -7.681948059869552e-4 136905916 136905916 0
3 3881 rs3924979 34039268 1 7.666216647576106e-4 34039268 34039268 0
3 605 rs12493379 5310024 1 -7.652504376281444e-4 5310024 5310024 0
3 6103 rs2594264 60514736 1 -7.642576696828513e-4 60514736 60514736 0
3 8810 rs831878 97632716 1 -7.630070492636101e-4 97632716 97632716 0
3 7331 rs11721070 71922307 1 -7.627320795048338e-4 71922307 71922307 0
3 10881 rs7638068 119430289 1 7.615213162775138e-4 119430289 119430289 0
3 10072 rs712507 111655389 2 -7.554806763462351e-4 111655389 111655389 0
3 1103 rs3898760 9495119 1 -7.526060768843912e-4 9495119 9495119 0
3 5824 rs13075746 58293867 1 -7.525895076260903e-4 58293867 58293867 0
3 15229 rs12492208 167692392 1 -7.508535868650555e-4 167692392 167692392 0
3 13764 rs2242353 151012497 1 7.476623384637818e-4 151012497 151012497 0
3 11650 rs4247199 127103555 1 -7.42626355510165e-4 127103555 127103555 0
3 3103 rs3755652 27472936 1 7.415831136585905e-4 27472936 27472936 0
3 7391 rs8179915 72663045 1 7.410522937345003e-4 72663045 72663045 0
3 4791 rs7635417 44074449 1 -7.407420572627596e-4 44074449 44074449 0
3 17732 rs6788537 197161849 1 -7.383513905986304e-4 197161849 197161849 0
3 6648 rs11924641 64948958 1 7.361483112869613e-4 64948958 64948958 0
3 760 rs1551523 6542046 1 7.3457714591315e-4 6542046 6542046 0
3 5227 rs10510759 52607288 1 -7.334943114110824e-4 52607288 52607288 0
3 4187 rs2507941 37536056 1 7.329198365876613e-4 37536056 37536056 0
3 14145 rs1160335 154258918 1 7.287392834320396e-4 154258918 154258918 0
3 249 rs2600062 2047418 1 -7.269234878283579e-4 2047418 2047418 0
3 17039 rs16863396 188232680 1 -7.2311937935324e-4 188232680 188232680 0
3 11215 rs1011151 122638589 1 -7.214989817012129e-4 122638589 122638589 0
3 9358 rs2399009 104060810 1 -7.210642885714211e-4 104060810 104060810 0
3 1459 rs906673 12898941 1 -7.182323610163456e-4 12898941 12898941 0
3 10079 rs4682068 111680469 1 7.179861271828231e-4 111680469 111680469 0
3 10507 rs9863866 116320333 2 7.167790856817059e-4 116320333 116320333 0
3 7713 rs12185957 77165296 2 7.14755297622427e-4 77165296 77165296 0
3 3654 rs1353327 31502960 1 7.127149893954796e-4 31502960 31502960 0
3 1787 rs1454776 16009044 1 7.122052665844648e-4 16009044 16009044 0
3 8878 rs1461161 98284283 1 -7.103461808993288e-4 98284283 98284283 0
3 2822 rs2196438 24585522 1 7.09978447373272e-4 24585522 24585522 0
3 2479 rs12633231 21807679 1 7.081093283481042e-4 21807679 21807679 0
3 6452 rs949553 63543254 2 -7.03569264386508e-4 63543254 63543254 0
3 16320 rs6806193 179778368 1 7.004633998416207e-4 179778368 179778368 0
3 4467 rs2679813 40234623 1 -7.004162456222151e-4 40234623 40234623 0
3 15651 rs3774315 172231986 1 -6.984466788315182e-4 172231986 172231986 0
3 11188 rs1266994 122412755 1 6.977579597204897e-4 122412755 122412755 0
3 7465 rs7635547 73539192 1 -6.972430270718694e-4 73539192 73539192 0
3 9080 rs9880062 100598675 2 -6.966419390080396e-4 100598675 100598675 0
3 4522 rs4437116 41161343 1 6.954801008154084e-4 41161343 41161343 0
3 13609 rs13314474 149084352 1 -6.936840103831974e-4 149084352 149084352 0
3 15590 rs9873456 171629269 2 6.92563772941469e-4 171629269 171629269 0
3 8125 rs11929458 82950402 1 -6.924998920476963e-4 82950402 82950402 0
3 16023 rs12630639 176590693 1 -6.917896850347063e-4 176590693 176590693 0
3 531 rs314416 4317445 1 -6.881861341903034e-4 4317445 4317445 0
3 13823 rs12630593 151374176 1 6.862091586328607e-4 151374176 151374176 0
3 2793 rs9840296 24284924 1 -6.848822388478726e-4 24284924 24284924 0
3 10717 rs13083186 118356071 1 -6.846026106350266e-4 118356071 118356071 0
3 5490 rs358493 55072187 1 6.823868982855021e-4 55072187 55072187 0
3 596 rs908072 5041215 2 -6.806237262047704e-4 5041215 5041215 0
3 8934 rs2700667 99085806 1 -6.768428894901423e-4 99085806 99085806 0
3 14521 rs340260 158634689 2 6.766650940461072e-4 158634689 158634689 0
3 12041 rs9850812 131460681 1 6.761669076929271e-4 131460681 131460681 0
3 9879 rs10511276 109316638 1 6.75112578831241e-4 109316638 109316638 0
3 7285 rs9840529 71208815 1 -6.748033526227428e-4 71208815 71208815 0
3 1271 rs11128537 11092828 1 6.715697683291342e-4 11092828 11092828 0
3 12217 rs6439371 132610752 1 -6.71562708355387e-4 132610752 132610752 0
3 15908 rs4243412 175282048 2 6.683107985480948e-4 175282048 175282048 0
3 13350 rs6791029 145684438 1 -6.674980190691049e-4 145684438 145684438 0
3 3471 rs1433994 30272520 1 -6.671663684851661e-4 30272520 30272520 0
3 9544 rs6437646 105857527 1 -6.661115741515305e-4 105857527 105857527 0
3 10368 rs4682165 114622323 1 6.640090023748983e-4 114622323 114622323 0
3 4795 rs1034967 44088348 1 -6.591456165750663e-4 44088348 44088348 0
3 13741 rs6440717 150792444 1 6.556625393550088e-4 150792444 150792444 0
3 12352 rs9827878 134225969 1 6.551232856269779e-4 134225969 134225969 0
3 8651 rs7637670 89493167 1 -6.545217558021732e-4 89493167 89493167 0
3 1940 rs1348109 16949514 1 -6.530029960710886e-4 16949514 16949514 0
3 3511 rs973404 30594586 2 -6.525916725154757e-4 30594586 30594586 0
3 11282 rs28497577 123512627 1 6.523498953671991e-4 123512627 123512627 0
3 14350 rs2086667 156836517 1 6.508084089394251e-4 156836517 156836517 0
3 2704 rs3922891 23217338 1 -6.506431446714269e-4 23217338 23217338 0
3 2994 rs4334607 25944830 1 -6.504354496518463e-4 25944830 25944830 0
3 6174 rs7617424 61177577 1 6.488649717309458e-4 61177577 61177577 0
3 11146 rs3749213 122133830 2 6.484498732465656e-4 122133830 122133830 0
3 14362 rs6769530 157029522 1 -6.470999798803108e-4 157029522 157029522 0
3 7620 rs3892905 76043296 1 6.466357476784591e-4 76043296 76043296 0
3 16048 rs7431825 177057139 1 -6.458842233079236e-4 177057139 177057139 0
3 7315 rs9872923 71697761 1 -6.44135305843903e-4 71697761 71697761 0
3 5880 rs7372490 59367296 1 6.428329267290741e-4 59367296 59367296 0
3 13037 rs7618253 142222584 1 6.424929418663787e-4 142222584 142222584 0
3 17231 rs759783 190330777 1 -6.352414457556641e-4 190330777 190330777 0
3 54 rs432685 298171 1 -6.272548670558254e-4 298171 298171 0
3 7443 rs791443 73331002 1 6.26648740842631e-4 73331002 73331002 0
3 3884 rs9832504 34094330 1 -6.264796948867246e-4 34094330 34094330 0
3 252 rs9878112 2074515 1 6.251125965506053e-4 2074515 2074515 0
3 5757 rs10510792 57469357 1 6.236663775490442e-4 57469357 57469357 0
3 15307 rs4955628 168714015 1 -6.205151974215568e-4 168714015 168714015 0
3 5500 rs4955830 55179991 1 6.19961066409527e-4 55179991 55179991 0
3 16478 rs10937129 183151660 1 6.188104151216966e-4 183151660 183151660 0
3 3819 rs12631761 33201336 1 -6.184434880853166e-4 33201336 33201336 0
3 11268 rs2720320 123258001 1 -6.183212320993445e-4 123258001 123258001 0
3 7079 rs6768792 68967085 1 -6.168724050497742e-4 68967085 68967085 0
3 16073 rs4241484 177316085 2 -6.158015576116484e-4 177316085 177316085 0
3 912 rs4684558 7897821 2 6.136962249136828e-4 7897821 7897821 0
3 7327 rs2322165 71895073 1 -6.11902054623976e-4 71895073 71895073 0
3 10741 rs12486625 118588401 2 -6.106440403542547e-4 118588401 118588401 0
3 13474 rs6777677 147443667 1 -6.090366315574511e-4 147443667 147443667 0
3 15763 rs2861668 173927196 1 6.087481593028439e-4 173927196 173927196 0
3 3610 rs1485924 31104770 1 -6.086377276292695e-4 31104770 31104770 0
3 1867 rs11128793 16551795 2 6.080904691427745e-4 16551795 16551795 0
3 7612 rs1527529 74841608 1 6.063336804334502e-4 74841608 74841608 0
3 5977 rs12497400 59986922 1 -6.061257174998285e-4 59986922 59986922 0
3 13316 rs6764100 145464550 1 -6.026799771109562e-4 145464550 145464550 0
3 6611 rs6795735 64705365 1 -6.012599237465269e-4 64705365 64705365 0
3 14532 rs7610202 158731993 1 6.010793745232881e-4 158731993 158731993 0
3 17048 rs4686492 188436575 2 5.952885019913853e-4 188436575 188436575 0
3 17226 rs7652346 190312433 1 5.952159402294438e-4 190312433 190312433 0
3 11015 rs390950 120583633 1 5.943814476076067e-4 120583633 120583633 0
3 9680 rs6802043 107538740 1 -5.916886334687394e-4 107538740 107538740 0
3 2321 rs1874654 21092440 1 5.911779053709423e-4 21092440 21092440 0
3 17014 rs9852144 187842721 1 -5.907118780625241e-4 187842721 187842721 0
3 9791 rs4146282 108497048 1 -5.904444142000767e-4 108497048 108497048 0
3 2824 rs9310745 24601911 1 5.892505164779061e-4 24601911 24601911 0
3 12921 rs2871615 140642733 1 5.878203599854082e-4 140642733 140642733 0
3 10168 rs820553 112470586 1 5.874941983029086e-4 112470586 112470586 0
3 4781 rs1404481 44006666 1 -5.834753684699132e-4 44006666 44006666 0
3 3417 rs10510625 29766028 1 5.818727552329032e-4 29766028 29766028 0
3 15846 rs11928561 174791319 1 5.815993801064533e-4 174791319 174791319 0
3 9637 rs697963 107078487 1 -5.809673644333321e-4 107078487 107078487 0
3 6162 rs12108196 61042317 1 5.781535703951842e-4 61042317 61042317 0
3 4108 rs6550414 36316371 1 5.781279335160269e-4 36316371 36316371 0
3 15385 rs7652987 169198024 1 5.78062177901221e-4 169198024 169198024 0
3 13040 rs28897764 142281298 1 5.754193674169046e-4 142281298 142281298 0
3 13761 rs9863983 151007310 1 -5.750124023229329e-4 151007310 151007310 0
3 87 rs1403919 857458 1 -5.743536954262304e-4 857458 857458 0
3 5351 rs3733082 53914093 1 -5.699719284165082e-4 53914093 53914093 0
3 11285 rs3863980 123587569 1 -5.696794497260477e-4 123587569 123587569 0
3 2315 rs958635 21072043 1 5.678543142357534e-4 21072043 21072043 0
3 3245 rs922290 28758697 1 5.638246156485834e-4 28758697 28758697 0
3 473 rs17037518 3885609 2 5.631057347280448e-4 3885609 3885609 0
3 16143 rs3816843 178195183 1 5.627092032678362e-4 178195183 178195183 0
3 1810 rs2730351 16215900 1 -5.609002507138715e-4 16215900 16215900 0
3 6908 rs7629435 67405492 1 5.604658153791112e-4 67405492 67405492 0
3 15723 rs901884 173487044 1 -5.59813800311767e-4 173487044 173487044 0
3 1223 rs1541957 10652299 1 5.586754898726052e-4 10652299 10652299 0
3 13459 rs1027695 147215564 1 -5.579706245914112e-4 147215564 147215564 0
3 10478 rs1712999 116131936 2 -5.549829184759494e-4 116131936 116131936 0
3 1852 rs1864259 16433519 2 5.546109900104436e-4 16433519 16433519 0
3 10215 rs5028175 112829890 1 -5.536166827755483e-4 112829890 112829890 0
3 16912 rs2653315 187160825 1 -5.523095748115805e-4 187160825 187160825 0
3 7670 rs7623289 76672692 1 -5.511212098160611e-4 76672692 76672692 0
3 15564 rs6445008 171241012 1 -5.500832154713059e-4 171241012 171241012 0
3 13820 rs1402740 151370083 1 5.473710403031402e-4 151370083 151370083 0
3 1968 rs7652293 17077731 1 5.473400295769268e-4 17077731 17077731 0
3 14119 rs1727949 153875713 1 5.454038199833355e-4 153875713 153875713 0
3 17230 rs4571225 190324454 1 -5.411704847515066e-4 190324454 190324454 0
3 1677 rs4685218 14894140 1 5.404145937683532e-4 14894140 14894140 0
3 15217 rs13093535 167526429 1 -5.392465807482001e-4 167526429 167526429 0
3 17544 rs7628703 193801183 1 5.360151773040715e-4 193801183 193801183 0
3 9604 rs939452 106529642 1 5.35471068730747e-4 106529642 106529642 0
3 11016 rs322458 120585315 1 5.354408240558979e-4 120585315 120585315 0
3 319 rs11718965 2609657 1 -5.330956189272936e-4 2609657 2609657 0
3 13262 rs7433333 144850047 1 -5.314014091555394e-4 144850047 144850047 0
3 9808 rs11715374 108607015 1 -5.290683533389222e-4 108607015 108607015 0
3 14352 rs13064954 156854742 1 -5.270975570066893e-4 156854742 156854742 0
3 8806 rs9865499 97560465 1 5.249898550544305e-4 97560465 97560465 0
3 10182 rs1387015 112528969 1 -5.243040302398873e-4 112528969 112528969 0
3 1729 rs6782980 15499713 1 -5.228047040674264e-4 15499713 15499713 0
3 3416 rs9310908 29745863 1 5.214931072925136e-4 29745863 29745863 0
3 13728 rs4679984 150542825 1 -5.213075558970226e-4 150542825 150542825 0
3 7077 rs3925004 68963500 1 5.197574585203096e-4 68963500 68963500 0
3 15197 rs9841174 167184878 1 5.196795952871956e-4 167184878 167184878 0
3 10574 rs9289067 116803821 1 5.185932870193233e-4 116803821 116803821 0
3 16755 rs2551372 185643454 1 5.129909541653119e-4 185643454 185643454 0
3 8877 rs6778616 98282957 1 5.126128880047841e-4 98282957 98282957 0
3 8 rs9311804 121226 1 -5.101183701772618e-4 121226 121226 0
3 6462 rs7646965 63598974 1 -5.095140510474616e-4 63598974 63598974 0
3 1368 rs2618390 12047854 1 5.047582967338817e-4 12047854 12047854 0
3 3298 rs9830779 29067676 1 5.046080808547862e-4 29067676 29067676 0
3 11633 rs7627541 126980437 1 5.038711449934866e-4 126980437 126980437 0
3 2573 rs1966824 22471639 1 5.029683607452786e-4 22471639 22471639 0
3 6023 rs9311749 60095604 1 -5.007732370873254e-4 60095604 60095604 0
3 5734 rs9311646 57393243 1 5.001923515783791e-4 57393243 57393243 0
3 2918 rs17516267 25141279 1 5.000050116915092e-4 25141279 25141279 0
3 14320 rs62273959 156570680 1 4.998091425310075e-4 156570680 156570680 0
3 16260 rs7428403 179180937 1 4.982570834735122e-4 179180937 179180937 0
3 432 rs4685669 3667994 2 -4.970337330767688e-4 3667994 3667994 0
3 14147 rs2314058 154277932 2 4.964164881428025e-4 154277932 154277932 0
3 1118 rs2290305 9871030 1 -4.947757317778069e-4 9871030 9871030 0
3 10521 rs9817566 116470835 1 -4.939380101490698e-4 116470835 116470835 0
3 6223 rs12632973 61594700 1 -4.92561783775509e-4 61594700 61594700 0
3 9032 rs1036769 100122081 1 -4.920005930709854e-4 100122081 100122081 0
3 563 rs2029665 4665565 1 -4.913745576611672e-4 4665565 4665565 0
3 1257 rs17033650 10962423 1 -4.912522013773744e-4 10962423 10962423 0
3 2914 rs6772970 25113247 1 4.903164437252656e-4 25113247 25113247 0
3 1568 rs3731143 14197546 1 4.885875971606731e-4 14197546 14197546 0
3 13150 rs6763202 143293012 1 4.8678471180759153e-4 143293012 143293012 0
3 6881 rs6805111 67095678 1 -4.842469809506891e-4 67095678 67095678 0
3 8965 rs1849496 99328145 1 -4.8406342666104896e-4 99328145 99328145 0
3 5743 rs9850744 57416701 1 4.817079340703269e-4 57416701 57416701 0
3 9079 rs6778625 100596371 1 -4.815203618908931e-4 100596371 100596371 0
3 183 rs7630359 1754872 1 4.8068703085044886e-4 1754872 1754872 0
3 9113 rs6762738 100923230 1 4.776648677469412e-4 100923230 100923230 0
3 1265 rs7642251 11004257 1 4.7716862447003144e-4 11004257 11004257 0
3 6616 rs7638389 64729892 1 4.7620911756031425e-4 64729892 64729892 0
3 14862 rs12492947 162396246 1 -4.7438455408203167e-4 162396246 162396246 0
3 12232 rs9876198 132685783 1 4.723283393787194e-4 132685783 132685783 0
3 9514 rs1867194 105542435 1 -4.690673645986461e-4 105542435 105542435 0
3 11599 rs34025926 126219627 1 4.689640414487379e-4 126219627 126219627 0
3 17751 rs36078463 197579466 1 4.6829501684759686e-4 197579466 197579466 0
3 15029 rs3828419 164906806 1 4.647905153254845e-4 164906806 164906806 0
3 9268 rs6772983 103379682 1 -4.61368592887892e-4 103379682 103379682 0
3 10186 rs6773083 112536584 1 4.6019676589022457e-4 112536584 112536584 0
3 9569 rs6773325 106126869 1 -4.5940628077642266e-4 106126869 106126869 0
3 11421 rs4404487 124746347 1 4.58448400578851e-4 124746347 124746347 0
3 13739 rs1703802 150748151 1 4.580862574576983e-4 150748151 150748151 0
3 5239 rs34986855 52780205 1 4.5710477115667785e-4 52780205 52780205 0
3 16788 rs1981783 186054149 1 4.567140351713826e-4 186054149 186054149 0
3 11441 rs515234 124888287 1 -4.565773246430608e-4 124888287 124888287 0
3 17587 rs4677749 194526266 1 4.553888262534835e-4 194526266 194526266 0
3 16723 rs2377497 185147163 1 -4.5500040116459547e-4 185147163 185147163 0
3 2175 rs7620481 20196571 1 4.546914718702057e-4 20196571 20196571 0
3 7089 rs11128107 69047612 1 4.54648923887898e-4 69047612 69047612 0
3 13788 rs10935844 151128895 1 4.5400339270226217e-4 151128895 151128895 0
3 4239 rs9866441 38096361 1 4.527877472582478e-4 38096361 38096361 0
3 16379 rs6788528 181932928 1 -4.511478136304017e-4 181932928 181932928 0
3 6048 rs10510836 60288428 1 -4.505358161024968e-4 60288428 60288428 0
3 2023 rs11928474 17977785 1 4.4978737742837945e-4 17977785 17977785 0
3 6957 rs6806285 67708813 1 4.4801668219916654e-4 67708813 67708813 0
3 2963 rs1153589 25554363 1 4.479603130570726e-4 25554363 25554363 0
3 11201 rs17212608 122493677 1 4.4622706548204513e-4 122493677 122493677 0
3 7451 rs7619189 73363151 1 4.462169186393001e-4 73363151 73363151 0
3 9594 rs2953303 106312262 1 -4.447149102566932e-4 106312262 106312262 0
3 6351 rs9836677 62709377 1 4.441759833705461e-4 62709377 62709377 0
3 14977 rs892765 164170151 1 -4.42476000668166e-4 164170151 164170151 0
3 5852 rs11130670 58658454 1 -4.418558648280488e-4 58658454 58658454 0
3 15002 rs9831395 164553575 1 -4.412105939050982e-4 164553575 164553575 0
3 3801 rs9854470 33024773 1 -4.411143897878147e-4 33024773 33024773 0
3 8401 rs1512917 86315425 1 4.3761843862869833e-4 86315425 86315425 0
3 9870 rs1947963 109091955 1 4.371733014902208e-4 109091955 109091955 0
3 696 rs6770246 6061053 1 -4.359934453926117e-4 6061053 6061053 0
3 1626 rs4685160 14476497 1 4.347719966989171e-4 14476497 14476497 0
3 5092 rs1352889 49652148 1 -4.3307496873416014e-4 49652148 49652148 0
3 11733 rs4857855 128260550 1 -4.2976692628931624e-4 128260550 128260550 0
3 15382 rs16853722 169150632 1 4.289836671548146e-4 169150632 169150632 0
3 8733 rs9814870 95688843 2 -4.2762967771737507e-4 95688843 95688843 0
3 2780 rs1667765 24169361 1 -4.2703044670747815e-4 24169361 24169361 0
3 6604 rs4234678 64679365 1 -4.246650584768249e-4 64679365 64679365 0
3 14240 rs3804769 155571275 1 -4.2410265716758656e-4 155571275 155571275 0
3 14016 rs9824588 153022780 2 -4.2374569346450474e-4 153022780 153022780 0
3 3490 rs1495591 30414405 1 -4.234253195645488e-4 30414405 30414405 0
3 59 rs2272522 361508 1 -4.223909574015467e-4 361508 361508 0
3 1777 rs1947147 15903002 1 -4.204497775056412e-4 15903002 15903002 0
3 16451 rs684174 182912282 1 -4.2002161534740126e-4 182912282 182912282 0
3 3864 rs12493220 33901914 1 4.191418731195361e-4 33901914 33901914 0
3 14085 rs10513453 153640591 1 -4.1834028815778584e-4 153640591 153640591 0
3 13251 rs6791012 144492294 1 -4.181428335645197e-4 144492294 144492294 0
3 16007 rs1490047 176501869 1 -4.131517036233076e-4 176501869 176501869 0
3 9310 rs9826326 103559931 1 4.119586785449737e-4 103559931 103559931 0
3 8130 rs13099031 82972073 1 -4.117392037606778e-4 82972073 82972073 0
3 8400 rs17027064 86314704 1 -4.100061278587548e-4 86314704 86314704 0
3 11318 rs624450 124165217 1 -4.087220315212933e-4 124165217 124165217 0
3 13441 rs17564921 146889655 1 4.0848228489609434e-4 146889655 146889655 0
3 11404 rs17309622 124634998 1 -4.079165181989248e-4 124634998 124634998 0
3 9287 rs2608432 103465219 1 -4.074896428089518e-4 103465219 103465219 0
3 3217 rs1461803 28699121 1 4.067798076688945e-4 28699121 28699121 0
3 12576 rs2880858 136949826 1 4.058258737146497e-4 136949826 136949826 0
3 4382 rs41535248 39307962 1 -4.038751149422347e-4 39307962 39307962 0
3 1380 rs1867012 12188243 1 -4.0324751613047833e-4 12188243 12188243 0
3 8052 rs7639102 82127705 1 -4.00838464406386e-4 82127705 82127705 0
3 15943 rs6796072 175874225 1 -3.9695920340807663e-4 175874225 175874225 0
3 5246 rs3617 52833805 1 -3.967418537972144e-4 52833805 52833805 0
3 17409 rs9875942 191906419 1 3.958934619180417e-4 191906419 191906419 0
3 6848 rs989343 66854987 1 -3.941670108496326e-4 66854987 66854987 0
3 7630 rs7638155 76412145 1 -3.9399673518628807e-4 76412145 76412145 0
3 4460 rs9878321 40174858 1 -3.891769524778504e-4 40174858 40174858 0
3 8971 rs1567784 99342155 1 -3.882612829013383e-4 99342155 99342155 0
3 16488 rs2971458 183215287 1 3.8389989492404854e-4 183215287 183215287 0
3 17232 rs9813227 190340177 1 3.82629381872611e-4 190340177 190340177 0
3 3035 rs17018481 26693662 1 3.813571854336062e-4 26693662 26693662 0
3 3166 rs6781471 28011628 1 -3.81321729062867e-4 28011628 28011628 0
3 15315 rs974942 168746694 1 -3.802162226168923e-4 168746694 168746694 0
3 15971 rs12489250 176048311 1 3.7932164975082287e-4 176048311 176048311 0
3 6234 rs9311830 61729301 1 -3.781521856028981e-4 61729301 61729301 0
3 15953 rs1921476 175929674 1 -3.7798156370383545e-4 175929674 175929674 0
3 11452 rs6766250 124919384 2 -3.775859042979729e-4 124919384 124919384 0
3 1992 rs17043571 17447410 1 -3.774281561237542e-4 17447410 17447410 0
3 15950 rs4894505 175920884 1 3.7691051524093314e-4 175920884 175920884 0
3 14786 rs7615033 161719141 1 -3.7680293402383096e-4 161719141 161719141 0
3 7764 rs10514734 77604690 2 -3.762166732919158e-4 77604690 77604690 0
3 1995 rs4627740 17467578 1 -3.761727571731308e-4 17467578 17467578 0
3 12324 rs6763132 133644169 1 -3.761174450139479e-4 133644169 133644169 0
3 6531 rs10510915 64194547 1 3.755514768542014e-4 64194547 64194547 0
3 4228 rs9826388 37961683 1 -3.753428589481044e-4 37961683 37961683 0
3 17221 rs1559018 190297083 1 -3.7429810732951226e-4 190297083 190297083 0
3 1983 rs79960281 17349498 1 3.72803956447912e-4 17349498 17349498 0
3 13610 rs1918124 149088062 1 3.725660318316516e-4 149088062 149088062 0
3 462 rs6805805 3781719 1 3.721026591583916e-4 3781719 3781719 0
3 2089 rs9830798 18866539 1 -3.7171546254198193e-4 18866539 18866539 0
3 12349 rs4974496 134063742 1 -3.694893966152502e-4 134063742 134063742 0
3 13982 rs13070843 152724407 1 3.6759296441491216e-4 152724407 152724407 0
3 2778 rs7612158 24109112 1 3.6746551610896425e-4 24109112 24109112 0
3 5695 rs13062174 56858686 1 3.673742455153773e-4 56858686 56858686 0
3 11685 rs3773161 127500291 1 3.650645716474639e-4 127500291 127500291 0
3 7352 rs9874496 72071821 1 -3.650369482586095e-4 72071821 72071821 0
3 15904 rs2161045 175206119 1 -3.6353872683063e-4 175206119 175206119 0
3 11325 rs9859074 124222935 1 3.623619015843682e-4 124222935 124222935 0
3 6104 rs2594257 60523330 1 -3.617960991324465e-4 60523330 60523330 0
3 15446 rs1684885 169958552 1 3.61507175488188e-4 169958552 169958552 0
3 3007 rs6772506 26116590 1 -3.610872227927648e-4 26116590 26116590 0
3 1850 rs4685330 16417485 1 3.5986603894335817e-4 16417485 16417485 0
3 7067 rs1014405 68901094 1 -3.5973032336752986e-4 68901094 68901094 0
3 15672 rs1353868 172661239 1 -3.58460093248607e-4 172661239 172661239 0
3 1623 rs13058781 14468767 1 -3.578261715854978e-4 14468767 14468767 0
3 1429 rs1466835 12579944 1 -3.5753412466706813e-4 12579944 12579944 0
3 3817 rs61743461 33195309 2 3.553718526362311e-4 33195309 33195309 0
3 13116 rs7619769 143090003 1 3.5512018296733454e-4 143090003 143090003 0
3 1662 rs4685211 14745383 2 3.533452898949197e-4 14745383 14745383 0
3 13206 rs9879081 143706302 1 -3.533215614744458e-4 143706302 143706302 0
3 7152 rs1001498 69516320 1 -3.526607086256592e-4 69516320 69516320 0
3 12059 rs1513385 131561519 1 3.5250101696794443e-4 131561519 131561519 0
3 16795 rs4374519 186193569 1 -3.501769388841605e-4 186193569 186193569 0
3 5339 rs6801605 53876218 1 3.498524090576213e-4 53876218 53876218 0
3 6892 rs11128459 67226757 1 -3.465954670430295e-4 67226757 67226757 0
3 2443 rs1320292 21701712 2 -3.437466831109047e-4 21701712 21701712 0
3 2690 rs9825994 23181557 1 3.419585480235163e-4 23181557 23181557 0
3 13737 rs9840169 150721400 2 3.418066487873118e-4 150721400 150721400 0
3 17573 rs116803428 194338399 1 -3.417684281881805e-4 194338399 194338399 0
3 12339 rs7615471 133784988 2 3.416845117916186e-4 133784988 133784988 0
3 2060 rs336610 18650015 1 -3.40309212145171e-4 18650015 18650015 0
3 13204 rs7631704 143690416 1 3.39542317618941e-4 143690416 143690416 0
3 15514 rs9874863 170633001 1 -3.3936678126061823e-4 170633001 170633001 0
3 8809 rs831882 97630426 1 -3.3769776136829505e-4 97630426 97630426 0
3 8150 rs6779777 83651289 1 -3.365895944267672e-4 83651289 83651289 0
3 16638 rs9878757 184189633 1 3.3559008196445587e-4 184189633 184189633 0
3 15749 rs9854235 173769511 2 3.3491322507721446e-4 173769511 173769511 0
3 8728 rs6809092 95635762 1 3.348378740422384e-4 95635762 95635762 0
3 15147 rs1403779 166304564 1 3.34577389316171e-4 166304564 166304564 0
3 2329 rs9834000 21174761 1 3.3348370035341863e-4 21174761 21174761 0
3 1653 rs12497747 14642278 1 -3.3228513198136766e-4 14642278 14642278 0
3 9373 rs2673468 104178878 1 -3.3226422817781906e-4 104178878 104178878 0
3 7545 rs6763279 74112758 1 3.322446746626503e-4 74112758 74112758 0
3 675 rs12233495 5938105 1 3.3150871545359394e-4 5938105 5938105 0
3 2498 rs2620535 21905595 2 3.312550105496253e-4 21905595 21905595 0
3 6556 rs9826722 64316392 1 -3.307580404542284e-4 64316392 64316392 0
3 2189 rs1567200 20256157 1 -3.2999536791601447e-4 20256157 20256157 0
3 14945 rs10513603 163595897 1 -3.2984606899974403e-4 163595897 163595897 0
3 2022 rs9814647 17967203 1 -3.2778064347255807e-4 17967203 17967203 0
3 1355 rs378603 11992489 1 3.2580136560517154e-4 11992489 11992489 0
3 4415 rs867384 39823489 2 -3.254060730513734e-4 39823489 39823489 0
3 7037 rs2175266 68539713 1 -3.2432149033126667e-4 68539713 68539713 0
3 16368 rs10513779 181254051 1 -3.2429055421055844e-4 181254051 181254051 0
3 13125 rs6440168 143106228 1 3.240784675383416e-4 143106228 143106228 0
3 15391 rs7613029 169233179 1 3.2290522428002485e-4 169233179 169233179 0
3 3909 rs997334 34545151 1 -3.2270876268412766e-4 34545151 34545151 0
3 5039 rs2228561 48628014 1 3.2137995505337146e-4 48628014 48628014 0
3 6603 rs11929329 64677505 1 -3.204050481030817e-4 64677505 64677505 0
3 13754 rs3773614 150917000 1 3.187582524027485e-4 150917000 150917000 0
3 2402 rs10510513 21561725 1 3.184398153539436e-4 21561725 21561725 0
3 1076 rs986119 9211356 1 3.1787964800085797e-4 9211356 9211356 0
3 1061 rs1703127 9068858 1 3.1669168350269007e-4 9068858 9068858 0
3 2438 rs1352646 21689964 1 3.1651581561884835e-4 21689964 21689964 0
3 14369 rs4680359 157085697 1 3.158543138658018e-4 157085697 157085697 0
3 6345 rs304202 62700227 1 -3.148854060426549e-4 62700227 62700227 0
3 3526 rs13086588 30688757 1 -3.139626611163359e-4 30688757 30688757 0
3 11105 rs2681408 121783983 1 -3.1362274747656805e-4 121783983 121783983 0
3 14852 rs9290128 162310379 1 -3.132275262573527e-4 162310379 162310379 0
3 6072 rs6783454 60388900 1 -3.127534811868879e-4 60388900 60388900 0
3 5245 rs2535629 52833219 2 3.100639165875912e-4 52833219 52833219 0
3 754 rs267501 6491868 1 3.0987751982495176e-4 6491868 6491868 0
3 10183 rs16860075 112530890 2 3.0929978523262173e-4 112530890 112530890 0
3 984 rs984474 8272203 1 3.0897546756678684e-4 8272203 8272203 0
3 125 rs4684830 1260260 1 3.089111163305593e-4 1260260 1260260 0
3 4917 rs10433607 46172708 1 -3.073009718820883e-4 46172708 46172708 0
3 16486 rs2662767 183212393 1 -3.0583287684550996e-4 183212393 183212393 0
3 5304 rs936450 53634426 2 -3.05323033901868e-4 53634426 53634426 0
3 2100 rs1442198 19428314 1 3.0379521167476044e-4 19428314 19428314 0
3 64 rs7628476 398423 1 -3.028525634666605e-4 398423 398423 0
3 12453 rs12695621 135047462 1 3.010305245894586e-4 135047462 135047462 0
3 8940 rs1481544 99113228 1 3.0083950724858755e-4 99113228 99113228 0
3 4390 rs6781117 39463436 1 -3.003389964087937e-4 39463436 39463436 0
3 14033 rs7651209 153174119 2 -2.960871284827286e-4 153174119 153174119 0
3 6882 rs4561768 67127674 1 -2.958591869717245e-4 67127674 67127674 0
3 7807 rs1917091 78166986 1 -2.9477293262333696e-4 78166986 78166986 0
3 635 rs9841751 5700132 1 -2.9467592362579883e-4 5700132 5700132 0
3 5337 rs6445606 53856050 1 -2.942961126532505e-4 53856050 53856050 0
3 5917 rs4679493 59527322 1 -2.942154912541196e-4 59527322 59527322 0
3 17659 rs11926771 195656731 1 2.936272342669557e-4 195656731 195656731 0
3 2138 rs2929401 20096735 1 -2.935394619981924e-4 20096735 20096735 0
3 12994 rs36009541 141535558 1 2.9231237538193254e-4 141535558 141535558 0
3 4645 rs6801844 42279085 1 2.9138711433437817e-4 42279085 42279085 0
3 399 rs11129561 3434542 1 -2.88816605226079e-4 3434542 3434542 0
3 4242 rs6775473 38109174 2 -2.883711577395511e-4 38109174 38109174 0
3 14838 rs1478137 162262746 1 -2.864825031612944e-4 162262746 162262746 0
3 3493 rs7620526 30447161 1 -2.818729068723949e-4 30447161 30447161 0
3 15666 rs4894576 172399955 1 -2.8149403434480036e-4 172399955 172399955 0
3 5045 rs12107252 48691316 1 2.812946829516895e-4 48691316 48691316 0
3 12231 rs7653397 132685171 1 2.804340630446359e-4 132685171 132685171 0
3 11437 rs16836571 124876757 1 -2.800308693733652e-4 124876757 124876757 0
3 16094 rs6443496 177470593 1 2.7817861441539873e-4 177470593 177470593 0
3 3694 rs11712058 31946673 1 -2.77041560741479e-4 31946673 31946673 0
3 4752 rs2054554 43600596 1 -2.7684513578306704e-4 43600596 43600596 0
3 9204 rs12330616 102424474 1 2.7540177056166085e-4 102424474 102424474 0
3 14374 rs1378796 157131788 1 -2.747143638076298e-4 157131788 157131788 0
3 1918 rs2167062 16785673 1 -2.743991729416052e-4 16785673 16785673 0
3 6100 rs2017941 60500549 1 2.732719322826677e-4 60500549 60500549 0
3 13079 rs2707975 142611657 1 -2.731438168234136e-4 142611657 142611657 0
3 8753 rs6809124 95871672 1 2.7291145989725106e-4 95871672 95871672 0
3 13260 rs7632966 144806160 1 2.725156000921898e-4 144806160 144806160 0
3 1316 rs892935 11647173 1 -2.7238444912117333e-4 11647173 11647173 0
3 16984 rs9820070 187687074 1 -2.723216008603107e-4 187687074 187687074 0
3 2163 rs7626405 20176848 1 -2.700999887582239e-4 20176848 20176848 0
3 4375 rs4676487 39303147 2 -2.698677259472656e-4 39303147 39303147 0
3 4353 rs3796127 39150397 1 -2.6970987776784536e-4 39150397 39150397 0
3 15417 rs16854335 169461571 1 2.6897973963471825e-4 169461571 169461571 0
3 3482 rs9838682 30390867 1 2.686736570673892e-4 30390867 30390867 0
3 4400 rs816504 39613992 1 -2.684738004504581e-4 39613992 39613992 0
3 11691 rs6439099 127631561 1 -2.6846211871934205e-4 127631561 127631561 0
3 5807 rs12632456 58118555 1 -2.6757664659089064e-4 58118555 58118555 0
3 14803 rs9823100 161913373 1 -2.65514921540765e-4 161913373 161913373 0
3 16321 rs1522122 179829075 2 -2.645219888829514e-4 179829075 179829075 0
3 16816 rs16860974 186387299 1 2.635307917249124e-4 186387299 186387299 0
3 5214 rs61734638 52394055 1 -2.634042482298986e-4 52394055 52394055 0
3 2845 rs4585139 24748506 1 2.633829304702888e-4 24748506 24748506 0
3 11682 rs3773146 127435191 1 2.6300540396187976e-4 127435191 127435191 0
3 12582 rs9851969 137012388 1 -2.605848578537228e-4 137012388 137012388 0
3 11052 rs3772130 121344140 1 2.597994957696594e-4 121344140 121344140 0
3 11983 rs3965152 130954093 1 -2.591042516342353e-4 130954093 130954093 0
3 4395 rs816488 39553788 1 2.5863847433955255e-4 39553788 39553788 0
3 13706 rs7621019 150123479 1 -2.5823001627398837e-4 150123479 150123479 0
3 123 rs17035505 1250634 1 2.582102812639927e-4 1250634 1250634 0
3 1315 rs2276749 11643465 1 2.582042761853975e-4 11643465 11643465 0
3 3398 rs3773084 29606334 1 2.57825353454933e-4 29606334 29606334 0
3 12259 rs3897016 132856691 1 -2.575095381751456e-4 132856691 132856691 0
3 622 rs17746899 5492484 1 2.566507049806397e-4 5492484 5492484 0
3 17407 rs975121 191897218 1 -2.5466260768542955e-4 191897218 191897218 0
3 1596 rs13072044 14305341 1 2.5381738323355864e-4 14305341 14305341 0
3 9950 rs4234398 110399313 1 -2.5203632180511e-4 110399313 110399313 0
3 3021 rs11719046 26466680 1 -2.516677751129644e-4 26466680 26466680 0
3 13587 rs16861588 148896820 1 2.5073445394040346e-4 148896820 148896820 0
3 8579 rs7646260 88668147 1 -2.5046487498299274e-4 88668147 88668147 0
3 10774 rs10049288 118864912 1 -2.502173468072679e-4 118864912 118864912 0
3 15859 rs9985272 174879330 1 -2.497728585840716e-4 174879330 174879330 0
3 5014 rs777016 47936671 1 2.488909454682627e-4 47936671 47936671 0
3 10846 rs7628626 119244421 1 -2.4590701143619614e-4 119244421 119244421 0
3 12988 rs11921607 141512513 1 2.4573468016777275e-4 141512513 141512513 0
3 13304 rs7633943 145316935 1 -2.4516194315715744e-4 145316935 145316935 0
3 10627 rs7433883 117563473 1 2.4485118299813295e-4 117563473 117563473 0
3 4357 rs1274971 39161464 1 -2.4370828518316e-4 39161464 39161464 0
3 17107 rs10513838 189232641 1 2.4214668097292944e-4 189232641 189232641 0
3 6301 rs168371 62052829 1 2.417498290402614e-4 62052829 62052829 0
3 6310 rs6764475 62184407 1 2.4137440362633e-4 62184407 62184407 0
3 14144 rs11915244 154252288 1 2.411482855077285e-4 154252288 154252288 0
3 14635 rs17505069 160336211 1 -2.3961436105298037e-4 160336211 160336211 0
3 8785 rs13434261 96838442 1 -2.3948576130796524e-4 96838442 96838442 0
3 13236 rs16855401 144126216 1 -2.3818266601627892e-4 144126216 144126216 0
3 17080 rs9820403 189027921 1 -2.3735225338278177e-4 189027921 189027921 0
3 7209 rs17787105 70268860 1 -2.3697268052466584e-4 70268860 70268860 0
3 10110 rs16859207 111824279 1 -2.368398426706306e-4 111824279 111824279 0
3 7596 rs1880966 74733670 1 -2.3312564162506275e-4 74733670 74733670 0
3 6853 rs10049470 66868827 1 2.3170882091864763e-4 66868827 66868827 0
3 12267 rs12490128 132908793 1 2.3155772814368548e-4 132908793 132908793 0
3 8222 rs6794880 84451512 1 -2.311507419117436e-4 84451512 84451512 0
3 9499 rs9876767 105449793 1 2.3097840343696833e-4 105449793 105449793 0
3 7667 rs17014431 76639128 1 -2.303406483802445e-4 76639128 76639128 0
3 10331 rs7428451 114123929 1 -2.2875979337245745e-4 114123929 114123929 0
3 2460 rs957590 21752155 1 2.2734386733988993e-4 21752155 21752155 0
3 948 rs6443145 7986779 1 -2.231586179745431e-4 7986779 7986779 0
3 16588 rs6762938 183773771 1 -2.218269978906967e-4 183773771 183773771 0
3 13315 rs2459140 145443355 1 2.214292795127474e-4 145443355 145443355 0
3 14632 rs6797357 160327589 2 2.2057274700621412e-4 160327589 160327589 0
3 1942 rs1372072 16955259 2 2.2054763223837423e-4 16955259 16955259 0
3 15465 rs9290392 170185361 1 -2.1843146810784575e-4 170185361 170185361 0
3 11453 rs9833435 124926054 1 -2.1832930498765903e-4 124926054 124926054 0
3 8623 rs9869874 89076055 1 2.1752669001961537e-4 89076055 89076055 0
3 3523 rs1155705 30686414 2 2.174232050742898e-4 30686414 30686414 0
3 11375 rs13082230 124478734 1 -2.1618200028388092e-4 124478734 124478734 0
3 1944 rs1441039 16959319 2 -2.1591107786859943e-4 16959319 16959319 0
3 6142 rs2736744 60806310 1 2.158615798010076e-4 60806310 60806310 0
3 9906 rs2701578 109714119 1 2.1414101913949643e-4 109714119 109714119 0
3 6106 rs6805296 60544132 1 2.1414074386879293e-4 60544132 60544132 0
3 5998 rs7615432 60065257 1 -2.1238619636765625e-4 60065257 60065257 0
3 8936 rs1383847 99093509 1 -2.123026393893323e-4 99093509 99093509 0
3 9375 rs7653621 104187485 1 -2.1202690554654956e-4 104187485 104187485 0
3 1461 rs35319679 12962074 1 -2.1086763969833776e-4 12962074 12962074 0
3 11640 rs13067156 127002066 1 2.1078190059599624e-4 127002066 127002066 0
3 4448 rs13326962 40087181 2 2.098812679744859e-4 40087181 40087181 0
3 11424 rs2948821 124792303 1 -2.090042301695132e-4 124792303 124792303 0
3 482 rs2633820 3915943 1 2.087879152224876e-4 3915943 3915943 0
3 6179 rs12497257 61211945 2 2.0835360179571777e-4 61211945 61211945 0
3 15400 rs12631412 169262998 2 -2.078439326064496e-4 169262998 169262998 0
3 14150 rs11921298 154289811 1 2.0761405832220935e-4 154289811 154289811 0
3 8493 rs6776212 87438524 1 2.0741800785576648e-4 87438524 87438524 0
3 11232 rs11709496 122809400 2 -2.0735429687097985e-4 122809400 122809400 0
3 2823 rs9838720 24590744 1 -2.0711233066567729e-4 24590744 24590744 0
3 7482 rs12630646 73700990 1 2.0629950516095995e-4 73700990 73700990 0
3 10225 rs4528911 112851081 1 2.0592084422239157e-4 112851081 112851081 0
3 15537 rs7618166 170915666 1 2.0580141112465795e-4 170915666 170915666 0
3 9695 rs1344877 107737386 1 -2.0567943225995784e-4 107737386 107737386 0
3 2547 rs17647602 22143159 1 -2.055191864638992e-4 22143159 22143159 0
3 1591 rs10510427 14287703 1 2.046139045453478e-4 14287703 14287703 0
3 8119 rs13325164 82922156 1 -2.043296612431298e-4 82922156 82922156 0
3 8761 rs4857185 95912089 1 2.0391170437044303e-4 95912089 95912089 0
3 2571 rs7614013 22465345 1 -2.038678724863885e-4 22465345 22465345 0
3 16410 rs12696498 182521143 1 -2.0178364304989976e-4 182521143 182521143 0
3 933 rs6764732 7951324 1 -2.002588733969104e-4 7951324 7951324 0
3 6278 rs1544420 62007307 1 -1.9965266764332336e-4 62007307 62007307 0
3 2435 rs7619318 21673600 2 -1.9656435626010452e-4 21673600 21673600 0
3 7399 rs9814581 72734318 1 -1.9455529844282217e-4 72734318 72734318 0
3 9097 rs1507437 100819755 1 1.9450556453822144e-4 100819755 100819755 0
3 16520 rs12638094 183565559 1 -1.9414448103810856e-4 183565559 183565559 0
3 13186 rs6808041 143506434 1 1.9314824970674956e-4 143506434 143506434 0
3 2663 rs711710 22998569 1 -1.9295516774299316e-4 22998569 22998569 0
3 9940 rs16856946 110210285 1 -1.9292078824051468e-4 110210285 110210285 0
3 8379 rs6549077 86196341 1 1.9286376479191983e-4 86196341 86196341 0
3 4125 rs1879545 36596036 1 1.9120449106969684e-4 36596036 36596036 0
3 15650 rs3136597 172228544 1 1.910575112980238e-4 172228544 172228544 0
3 13364 rs16857836 145752473 1 -1.9023854573202008e-4 145752473 145752473 0
3 7328 rs937661 71897255 1 1.8994071233099737e-4 71897255 71897255 0
3 15826 rs9290515 174495959 1 1.888663803366759e-4 174495959 174495959 0
3 15824 rs9850617 174467001 1 -1.8839362626424283e-4 174467001 174467001 0
3 6055 rs1882898 60310376 1 1.883420957085465e-4 60310376 60310376 0
3 11982 rs3737999 130947273 1 1.8684865788147015e-4 130947273 130947273 0
3 8918 rs7639737 98820050 1 -1.8665169645137004e-4 98820050 98820050 0
3 1480 rs357161 13207536 1 -1.8512907017005336e-4 13207536 13207536 0
3 11224 rs9816759 122688170 2 -1.839421427816596e-4 122688170 122688170 0
3 17408 rs9848565 191901623 1 1.8265156136228563e-4 191901623 191901623 0
3 12180 rs9833627 132242642 1 1.826326826092465e-4 132242642 132242642 0
3 13826 rs16863561 151377532 1 1.8243957247348716e-4 151377532 151377532 0
3 11464 rs4679393 125154388 1 1.8242045793624896e-4 125154388 125154388 0
3 11857 rs938196 129658706 1 1.797551518620618e-4 129658706 129658706 0
3 10795 rs16829641 118993976 1 -1.7975514790839414e-4 118993976 118993976 0
3 11054 rs2070180 121351338 1 1.7698067492105863e-4 121351338 121351338 0
3 12002 rs11923992 131190769 1 -1.7691802753135033e-4 131190769 131190769 0
3 9247 rs4856155 103210144 1 -1.7631051791240935e-4 103210144 103210144 0
3 14971 rs13070763 164088664 1 1.762863290455414e-4 164088664 164088664 0
3 15352 rs7634654 169004819 1 -1.7557700615778964e-4 169004819 169004819 0
3 6273 rs739984 62000317 1 -1.753749805286681e-4 62000317 62000317 0
3 12412 rs36039 134755591 1 1.7402416113610812e-4 134755591 134755591 0
3 2052 rs13321420 18428450 1 -1.7276961267943588e-4 18428450 18428450 0
3 1885 rs7647846 16675127 1 1.724027167761965e-4 16675127 16675127 0
3 7483 rs12493161 73703393 1 1.7204617274765442e-4 73703393 73703393 0
3 9974 rs2932054 110978898 1 1.6809984203883097e-4 110978898 110978898 0
3 15259 rs9879751 168132678 1 -1.6771041977383492e-4 168132678 168132678 0
3 5393 rs7432602 54246298 1 1.663684351957772e-4 54246298 54246298 0
3 6811 rs6802463 66637645 1 1.662558170189337e-4 66637645 66637645 0
3 3749 rs6790078 32442272 1 -1.6441122877740056e-4 32442272 32442272 0
3 5327 rs3774573 53799960 1 -1.6415020808088526e-4 53799960 53799960 0
3 967 rs931298 8145637 1 -1.6388224101928565e-4 8145637 8145637 0
3 7322 rs9873991 71850562 1 -1.6182858799152297e-4 71850562 71850562 0
3 1060 rs421041 9066853 1 1.6086023453857842e-4 9066853 9066853 0
3 6615 rs17727064 64714182 1 -1.6065012617174146e-4 64714182 64714182 0
3 1756 rs2004783 15691455 1 -1.6058591262785966e-4 15691455 15691455 0
3 11450 rs702043 124911288 1 1.6028331926707303e-4 124911288 124911288 0
3 9579 rs10933853 106189032 1 1.5994975678968688e-4 106189032 106189032 0
3 16663 rs6443997 184533531 1 -1.5991165652290185e-4 184533531 184533531 0
3 4230 rs9835886 37969001 1 -1.585885573542007e-4 37969001 37969001 0
3 13261 rs7433098 144815506 1 -1.576361782412517e-4 144815506 144815506 0
3 12191 rs6794496 132401600 1 -1.5713987583599267e-4 132401600 132401600 0
3 4101 rs10510682 36298225 1 1.5625866104182563e-4 36298225 36298225 0
3 17008 rs17808817 187763947 1 -1.556421182216126e-4 187763947 187763947 0
3 4356 rs1274972 39161456 1 -1.5513283733740413e-4 39161456 39161456 0
3 4922 rs7652290 46299765 1 1.5419580388298588e-4 46299765 46299765 0
3 14031 rs10433456 153130204 2 -1.5291226971649355e-4 153130204 153130204 0
3 12587 rs9865890 137050194 1 -1.5279606103278486e-4 137050194 137050194 0
3 10278 rs1486894 113211513 1 -1.5260111059794658e-4 113211513 113211513 0
3 2219 rs6768597 20419583 1 -1.5249251122833468e-4 20419583 20419583 0
3 9703 rs327154 107862959 1 1.5245169602742738e-4 107862959 107862959 0
3 2907 rs11129178 25099021 1 1.5192607180217153e-4 25099021 25099021 0
3 3040 rs6776559 26725121 1 -1.5102932610527598e-4 26725121 26725121 0
3 9612 rs11914364 106722004 1 1.508352106271816e-4 106722004 106722004 0
3 2317 rs1532461 21083986 1 1.5034043824180824e-4 21083986 21083986 0
3 9668 rs9875732 107461731 1 1.4961717179129717e-4 107461731 107461731 0
3 16269 rs2339844 179322385 1 -1.493584672603382e-4 179322385 179322385 0
3 13756 rs9289834 150943539 1 -1.4927235706813086e-4 150943539 150943539 0
3 430 rs4684400 3657425 1 -1.4863993881778013e-4 3657425 3657425 0
3 8479 rs17024019 87257423 1 -1.480204741402659e-4 87257423 87257423 0
3 13296 rs6440359 145286224 1 -1.471667254709301e-4 145286224 145286224 0
3 7207 rs7430272 70258762 2 1.469370537635717e-4 70258762 70258762 0
3 13725 rs12495611 150531601 1 1.454359714087358e-4 150531601 150531601 0
3 3148 rs6770919 27817956 1 -1.4350994639166116e-4 27817956 27817956 0
3 6940 rs2078020 67619472 1 -1.4136075932651935e-4 67619472 67619472 0
3 5555 rs1495360 55760165 2 -1.4099939806291455e-4 55760165 55760165 0
3 2767 rs6550829 24038687 1 1.4047473761037217e-4 24038687 24038687 0
3 15497 rs7616004 170547447 1 1.4029870425222676e-4 170547447 170547447 0
3 9411 rs11713106 104595338 1 -1.3920458317029724e-4 104595338 104595338 0
3 11279 rs2605419 123414429 1 -1.3912894026924834e-4 123414429 123414429 0
3 788 rs4686090 6747535 1 -1.387737667185044e-4 6747535 6747535 0
3 8678 rs2055025 94059437 1 -1.3869802419830203e-4 94059437 94059437 0
3 11103 rs17203397 121781426 1 -1.3805274550110657e-4 121781426 121781426 0
3 14492 rs3765083 158537443 1 1.3745432176071596e-4 158537443 158537443 0
3 12581 rs9853224 137002382 1 -1.3551343936765202e-4 137002382 137002382 0
3 6778 rs2306499 66311773 1 -1.3450909622876548e-4 66311773 66311773 0
3 1788 rs10510444 16010476 1 -1.3450308543071733e-4 16010476 16010476 0
3 13395 rs2738908 146246892 1 1.34357701735442e-4 146246892 146246892 0
3 12337 rs10935090 133698349 1 -1.3406553908583082e-4 133698349 133698349 0
3 13708 rs10935800 150149696 1 -1.3220243825674415e-4 150149696 150149696 0
3 10744 rs1521293 118618170 1 1.317307024874765e-4 118618170 118618170 0
3 14967 rs686697 163938800 1 -1.3169516585679475e-4 163938800 163938800 0
3 2843 rs3934760 24746641 1 -1.3094072635106796e-4 24746641 24746641 0
3 4789 rs1608730 44068577 1 -1.3075390983357716e-4 44068577 44068577 0
3 1792 rs10510445 16022885 1 -1.2965454331058645e-4 16022885 16022885 0
3 17091 rs9290890 189196565 1 -1.293188150360145e-4 189196565 189196565 0
3 7825 rs11921317 78510592 1 1.2876121636952193e-4 78510592 78510592 0
3 2332 rs6792663 21227977 1 1.2740662885555717e-4 21227977 21227977 0
3 13387 rs7621072 146062910 1 1.2699034823875148e-4 146062910 146062910 0
3 2403 rs7646837 21562716 1 -1.2673877146458809e-4 21562716 21562716 0
3 6641 rs1851676 64910843 1 -1.257967871781233e-4 64910843 64910843 0
3 4948 rs939421 46576081 1 1.239971484175145e-4 46576081 46576081 0
3 8989 rs652026 99442809 1 -1.2350458284121477e-4 99442809 99442809 0
3 3883 rs4373023 34077223 1 1.2239164316353636e-4 34077223 34077223 0
3 9628 rs7651766 106938456 1 1.2218015571122232e-4 106938456 106938456 0
3 5708 rs6445846 57076196 1 1.2174002977649252e-4 57076196 57076196 0
3 3469 rs6779483 30258522 1 1.2168568355931982e-4 30258522 30258522 0
3 7597 rs6549636 74734628 1 -1.203729506282982e-4 74734628 74734628 0
3 8214 rs6548950 84333614 1 -1.1998627388389285e-4 84333614 84333614 0
3 653 rs920063 5847660 1 -1.1977123866632164e-4 5847660 5847660 0
3 166 rs13320862 1631265 1 -1.1894872166777788e-4 1631265 1631265 0
3 9379 rs2961210 104249817 1 -1.1765866989950408e-4 104249817 104249817 0
3 6565 rs2052150 64355896 1 -1.1655609933982674e-4 64355896 64355896 0
3 15511 rs2271998 170625806 1 -1.1416599459107854e-4 170625806 170625806 0
3 1470 rs413245 13112931 1 1.1396057453985186e-4 13112931 13112931 0
3 2192 rs6791471 20275948 1 -1.1372989701222337e-4 20275948 20275948 0
3 6249 rs13096099 61844106 1 -1.1346862395247362e-4 61844106 61844106 0
3 13375 rs3762685 145938619 1 1.1318102802300064e-4 145938619 145938619 0
3 9614 rs1528313 106796923 1 1.127698428002254e-4 106796923 106796923 0
3 9258 rs9820695 103331483 1 -1.126937715841867e-4 103331483 103331483 0
3 15515 rs7645615 170648237 1 1.1201825960900032e-4 170648237 170648237 0
3 11227 rs6791346 122762440 2 -1.1076656070297628e-4 122762440 122762440 0
3 4598 rs61745795 41759288 1 -1.09797332922231e-4 41759288 41759288 0
3 10034 rs3922703 111501097 1 -1.0808296661401664e-4 111501097 111501097 0
3 8532 rs7432826 88190768 1 -1.074766294141756e-4 88190768 88190768 0
3 1786 rs1869627 16004488 1 -1.0600323023401892e-4 16004488 16004488 0
3 10450 rs7651707 115901347 1 -1.0476434621966232e-4 115901347 115901347 0
3 6646 rs4688219 64944033 1 -1.0284569464977934e-4 64944033 64944033 0
3 2701 rs7619223 23208008 1 1.015062687237959e-4 23208008 23208008 0
3 10220 rs1797617 112836352 1 1.0087669691341168e-4 112836352 112836352 0
3 3349 rs1561374 29458092 1 1.0087091316556546e-4 29458092 29458092 0
3 13659 rs13064993 149403563 1 9.971017496744436e-5 149403563 149403563 0
3 3914 rs6783456 34593849 1 -9.936469472861518e-5 34593849 34593849 0
3 865 rs779710 7511375 1 -9.887908479289094e-5 7511375 7511375 0
3 2439 rs9864367 21692359 1 -9.882637064462508e-5 21692359 21692359 0
3 892 rs162722 7770147 1 9.86470831914896e-5 7770147 7770147 0
3 4505 rs6599132 41039907 1 9.825438045592991e-5 41039907 41039907 0
3 4465 rs1574138 40232469 1 -9.746576903670016e-5 40232469 40232469 0
3 9886 rs1184781 109429313 1 9.743601353914144e-5 109429313 109429313 0
3 14304 rs1983205 156300190 1 -9.690435295131008e-5 156300190 156300190 0
3 13103 rs4839629 142927446 2 -9.476956749178314e-5 142927446 142927446 0
3 13889 rs11705943 152025423 1 9.473697145878005e-5 152025423 152025423 0
3 2814 rs9852824 24422989 1 -9.413418028591387e-5 24422989 24422989 0
3 5144 rs2236953 50424182 1 -9.406989587221608e-5 50424182 50424182 0
3 3831 rs4621286 33226976 1 9.382667281415124e-5 33226976 33226976 0
3 1615 rs749855 14387154 1 9.354048142126048e-5 14387154 14387154 0
3 13873 rs1025197 151878714 1 9.302160707801654e-5 151878714 151878714 0
3 9455 rs7626224 104907697 1 -9.284404315771008e-5 104907697 104907697 0
3 13245 rs1164316 144343866 1 -9.27671249377048e-5 144343866 144343866 0
3 6809 rs3845895 66490125 2 9.215887328107633e-5 66490125 66490125 0
3 1806 rs10510446 16189021 1 9.20300244321137e-5 16189021 16189021 0
3 6371 rs2175717 62782972 1 -9.156693700830768e-5 62782972 62782972 0
3 8801 rs9853330 97527233 1 9.038432743919392e-5 97527233 97527233 0
3 8606 rs9864351 88985151 1 8.960421612997328e-5 88985151 88985151 0
3 9031 rs12696105 100112816 1 -8.846344026472388e-5 100112816 100112816 0
3 5552 rs815466 55671759 1 8.79448478592989e-5 55671759 55671759 0
3 10117 rs4560270 111981332 1 -8.788976200935564e-5 111981332 111981332 0
3 13002 rs9810380 141606244 1 -8.746572561757967e-5 141606244 141606244 0
3 7810 rs9871109 78245085 1 8.704371996955012e-5 78245085 78245085 0
3 1646 rs4449299 14598965 1 8.610675975153633e-5 14598965 14598965 0
3 13983 rs1464593 152737318 2 -8.585495210518387e-5 152737318 152737318 0
3 13384 rs7645100 145988231 1 -8.548635212931804e-5 145988231 145988231 0
3 13275 rs11716171 145114811 1 8.354941844947682e-5 145114811 145114811 0
3 4364 rs9311208 39208697 1 8.35192306377234e-5 39208697 39208697 0
3 5896 rs10510808 59408242 1 8.302298063893624e-5 59408242 59408242 0
3 10061 rs1282948 111631564 1 8.289951951492382e-5 111631564 111631564 0
3 2703 rs6799137 23214269 2 8.021469017059017e-5 23214269 23214269 0
3 7861 rs7638321 78865306 1 -8.008268279155083e-5 78865306 78865306 0
3 1789 rs9869915 16011708 1 7.801797257161979e-5 16011708 16011708 0
3 9290 rs2608430 103466610 1 -7.761986853902514e-5 103466610 103466610 0
3 3672 rs7627284 31672157 1 -7.742675180740355e-5 31672157 31672157 0
3 701 rs6792001 6106251 1 7.643365436707004e-5 6106251 6106251 0
3 6720 rs10866073 65516835 1 7.59209289220075e-5 65516835 65516835 0
3 16851 rs11716002 186613364 1 7.544137613212459e-5 186613364 186613364 0
3 4389 rs4016652 39461037 1 7.513013161904633e-5 39461037 39461037 0
3 3728 rs9835916 32343840 2 -7.435193150548587e-5 32343840 32343840 0
3 14995 rs9881897 164399225 1 7.431044672871375e-5 164399225 164399225 0
3 3420 rs7637304 29808408 1 -7.208431769277325e-5 29808408 29808408 0
3 17588 rs4677642 194529917 1 7.186182192330033e-5 194529917 194529917 0
3 15216 rs55872908 167512569 1 -7.100332613872543e-5 167512569 167512569 0
3 11592 rs11711483 126143297 1 6.949328807415804e-5 126143297 126143297 0
3 5431 rs2251788 54604188 1 -6.886357808723762e-5 54604188 54604188 0
3 16591 rs9869582 183786678 1 -6.798284433156628e-5 183786678 183786678 0
3 3913 rs1402246 34589121 2 6.798185249423276e-5 34589121 34589121 0
3 1025 rs9817913 8836063 1 6.735723356792157e-5 8836063 8836063 0
3 11283 rs17373884 123534283 1 -6.613568540169546e-5 123534283 123534283 0
3 17504 rs1489930 193157924 1 -6.589390277957892e-5 193157924 193157924 0
3 2187 rs4132121 20240219 2 6.588233638865511e-5 20240219 20240219 0
3 13649 rs6779455 149364473 1 -6.572061481525715e-5 149364473 149364473 0
3 3177 rs427221 28075985 2 6.563200875324545e-5 28075985 28075985 0
3 7314 rs6782714 71684845 1 -6.524259526104401e-5 71684845 71684845 0
3 2383 rs9873271 21435989 1 -6.454246316067834e-5 21435989 21435989 0
3 2612 rs3915080 22711509 1 6.408959943537215e-5 22711509 22711509 0
3 12825 rs1834498 139693440 1 -6.31636965631828e-5 139693440 139693440 0
3 17203 rs16865457 190169443 1 -6.230496764373045e-5 190169443 190169443 0
3 5945 rs7633596 59678338 1 -6.21467651536448e-5 59678338 59678338 0
3 1590 rs6802240 14285238 2 6.122451595811339e-5 14285238 14285238 0
3 641 rs9311642 5773145 1 6.073420634400675e-5 5773145 5773145 0
3 12687 rs774813 137899898 1 6.0022112539303176e-5 137899898 137899898 0
3 4919 rs13098911 46235201 1 -5.9644514497021274e-5 46235201 46235201 0
3 9984 rs13083225 111003863 1 5.9021376584293144e-5 111003863 111003863 0
3 6529 rs696018 64184956 1 -5.889030990444147e-5 64184956 64184956 0
3 7395 rs9865835 72727279 1 -5.887729679032048e-5 72727279 72727279 0
3 13603 rs7622141 149062515 1 5.544208208482946e-5 149062515 149062515 0
3 10438 rs6778817 115775346 1 -5.48727862799683e-5 115775346 115775346 0
3 8346 rs11713930 85851198 1 5.479784163579428e-5 85851198 85851198 0
3 5812 rs13092880 58149417 1 -5.478895207145561e-5 58149417 58149417 0
3 11422 rs7629128 124788634 1 5.4438450478031874e-5 124788634 124788634 0
3 9488 rs1157 105295461 1 5.3298084517544205e-5 105295461 105295461 0
3 8716 rs7620512 95146114 1 -5.31911847384394e-5 95146114 95146114 0
3 3389 rs3773050 29554121 1 5.0018294252435367e-5 29554121 29554121 0
3 11209 rs12638324 122607098 1 -4.963991784118256e-5 122607098 122607098 0
3 3558 rs2062775 30811589 1 -4.876843230568684e-5 30811589 30811589 0
3 16049 rs9873211 177082829 1 -4.860593263243413e-5 177082829 177082829 0
3 1663 rs17040196 14745857 1 4.8154123923233654e-5 14745857 14745857 0
3 16991 rs9860469 187710426 1 -4.805917412934255e-5 187710426 187710426 0
3 3179 rs1156909 28126595 1 4.760655112083092e-5 28126595 28126595 0
3 1102 rs2596937 9480906 1 -4.7533211653223567e-5 9480906 9480906 0
3 11431 rs2981514 124844922 1 4.733545177567338e-5 124844922 124844922 0
3 11862 rs4688834 129668219 1 4.690029951332657e-5 129668219 129668219 0
3 9694 rs709488 107700952 1 4.631339872230545e-5 107700952 107700952 0
3 11149 rs3762637 122145324 1 4.629847508611016e-5 122145324 122145324 0
3 16967 rs10049107 187592796 1 4.6087401603170466e-5 187592796 187592796 0
3 7605 rs9846280 74805509 1 4.608131362693086e-5 74805509 74805509 0
3 16865 rs6791737 186724553 1 4.4033873145888074e-5 186724553 186724553 0
3 9293 rs2608429 103466838 1 -4.400279293131287e-5 103466838 103466838 0
3 2390 rs9700 21460201 1 4.312035369160947e-5 21460201 21460201 0
3 8590 rs1483480 88857169 1 4.2713427091061555e-5 88857169 88857169 0
3 12724 rs12107422 138652077 1 4.188022583490718e-5 138652077 138652077 0
3 2243 rs4858208 20506446 1 4.145451327476928e-5 20506446 20506446 0
3 10185 rs11918522 112535057 1 4.06824685648076e-5 112535057 112535057 0
3 10200 rs1488193 112681585 1 -4.013678063657012e-5 112681585 112681585 0
3 17555 rs7642341 194096787 1 3.839962241725715e-5 194096787 194096787 0
3 4572 rs1630957 41559534 1 3.756276205429164e-5 41559534 41559534 0
3 7830 rs4680992 78551628 1 3.706452588517104e-5 78551628 78551628 0
3 9730 rs3792332 108081217 1 3.5483315016429885e-5 108081217 108081217 0
3 16916 rs9846911 187218336 1 -3.538580236321569e-5 187218336 187218336 0
3 7606 rs13092130 74813623 1 3.455856077245149e-5 74813623 74813623 0
3 7813 rs9309793 78307694 1 -3.454751458515881e-5 78307694 78307694 0
3 3885 rs985463 34110517 1 -3.354040773750277e-5 34110517 34110517 0
3 17597 rs711993 194680000 2 3.2563041921434416e-5 194680000 194680000 0
3 16647 rs4912500 184227700 1 3.140444408719618e-5 184227700 184227700 0
3 4240 rs9840792 38106932 1 3.0559322314076514e-5 38106932 38106932 0
3 9913 rs9882207 109936074 1 -2.952835014241933e-5 109936074 109936074 0
3 11330 rs332414 124247149 1 -2.941440145852199e-5 124247149 124247149 0
3 3577 rs6774917 30903008 1 -2.9287931308738437e-5 30903008 30903008 0
3 17430 rs11711838 192078887 1 2.8955657009453213e-5 192078887 192078887 0
3 8602 rs7625470 88959990 1 -2.8752521838641125e-5 88959990 88959990 0
3 3154 rs9817112 27827733 1 2.8681033981656565e-5 27827733 27827733 0
3 1427 rs299629 12576846 1 -2.8453023311840112e-5 12576846 12576846 0
3 9693 rs4855614 107661951 1 -2.5861521500339584e-5 107661951 107661951 0
3 13559 rs12489516 148597612 1 -2.5398561853350096e-5 148597612 148597612 0
3 8898 rs13091236 98500511 1 2.536198815730586e-5 98500511 98500511 0
3 15224 rs9839556 167630772 1 2.4903054401510164e-5 167630772 167630772 0
3 13223 rs3853594 143961616 1 2.4398860546982048e-5 143961616 143961616 0
3 2610 rs4858046 22709578 1 -2.3322393713565776e-5 22709578 22709578 0
3 12655 rs1429762 137661849 1 2.2146570275317912e-5 137661849 137661849 0
3 592 rs1514453 4946028 1 2.172860243562935e-5 4946028 4946028 0
3 15494 rs9836242 170491996 1 2.1672891212915788e-5 170491996 170491996 0
3 16271 rs61760203 179408054 1 2.108555597949042e-5 179408054 179408054 0
3 11423 rs2981493 124789658 1 2.100208818081224e-5 124789658 124789658 0
3 2489 rs9850363 21839871 1 2.0683781655621243e-5 21839871 21839871 0
3 12188 rs6776500 132366498 1 1.947620791421187e-5 132366498 132366498 0
3 11037 rs4676677 121160369 1 1.943353429375016e-5 121160369 121160369 0
3 3303 rs12630295 29121556 1 1.8985057626039135e-5 29121556 29121556 0
3 12193 rs2369832 132437390 2 1.891874163167809e-5 132437390 132437390 0
3 10749 rs2160052 118641879 1 1.8753722341672928e-5 118641879 118641879 0
3 9865 rs1163447 109056751 1 1.8623204134707457e-5 109056751 109056751 0
3 6382 rs9311853 62941248 1 1.8161950183817625e-5 62941248 62941248 0
3 1381 rs11924163 12210153 1 1.7536740985945856e-5 12210153 12210153 0
3 9850 rs6805141 108950879 2 -1.678498973335352e-5 108950879 108950879 0
3 16204 rs7612370 178428502 1 -1.666463778936053e-5 178428502 178428502 0
3 12660 rs3773770 137738930 1 1.5983135914370913e-5 137738930 137738930 0
3 8917 rs9833346 98810191 1 -1.5200081042960696e-5 98810191 98810191 0
3 8075 rs9831660 82492458 1 1.478985938531248e-5 82492458 82492458 0
3 16525 rs953419 183585883 1 -1.4354207655647028e-5 183585883 183585883 0
3 7994 rs17018940 81502116 2 -1.4346730213002413e-5 81502116 81502116 0
3 11653 rs2084400 127120924 1 1.4209339462421184e-5 127120924 127120924 0
3 11611 rs9637365 126370166 2 1.3839118102392096e-5 126370166 126370166 0
3 9250 rs16846300 103215012 1 -1.3186629776798062e-5 103215012 103215012 0
3 7269 rs12636225 70976765 1 1.2992719123426402e-5 70976765 70976765 0
3 9817 rs6437807 108633112 1 -1.2592900788115874e-5 108633112 108633112 0
3 4342 rs6763211 38981758 1 -1.2502219380896595e-5 38981758 38981758 0
3 16756 rs2251407 185654924 2 1.240159741506656e-5 185654924 185654924 0
3 17101 rs9809592 189221832 1 -1.2361507437029776e-5 189221832 189221832 0
3 12651 rs16847595 137638468 1 -1.2205623191124375e-5 137638468 137638468 0
3 3178 rs170934 28079085 2 1.2161562799025056e-5 28079085 28079085 0
3 12653 rs1991560 137652905 1 1.123875772531286e-5 137652905 137652905 0
3 15451 rs1039929 170010234 1 -1.1024118524000246e-5 170010234 170010234 0
3 3017 rs11129227 26207425 1 -8.600146140315502e-6 26207425 26207425 0
3 3290 rs9828929 29044226 1 8.493258602247111e-6 29044226 29044226 0
3 13775 rs7644001 151053898 1 8.166215549919943e-6 151053898 151053898 0
3 8903 rs7615856 98587977 1 -7.48607663769211e-6 98587977 98587977 0
3 17223 rs3773963 190307448 1 7.475226675383457e-6 190307448 190307448 0
3 10782 rs9840317 118909159 1 -7.248929072534567e-6 118909159 118909159 0
3 17438 rs9843820 192238709 1 -6.438887539390455e-6 192238709 192238709 0
3 14049 rs13321012 153354747 1 4.9476962510332445e-6 153354747 153354747 0
3 504 rs1110797 4031655 1 -3.62398891517686e-6 4031655 4031655 0
3 12475 rs10512967 135254047 1 3.608956182579836e-6 135254047 135254047 0
3 10189 rs16860145 112556393 1 2.888219841957943e-6 112556393 112556393 0
3 6761 rs264695 65905920 1 1.9758180389002086e-6 65905920 65905920 0
3 13778 rs7615865 151073033 1 1.2345646945426951e-6 151073033 151073033 0
3 12878 rs1427781 140173355 1 -8.401510616646733e-7 140173355 140173355 0
3 11623 rs6778560 126839508 1 4.062154391051279e-7 126839508 126839508 0
3 610 rs9311480 5332265 1 -2.694038145880745e-7 5332265 5332265 0
3 8679 rs6804969 94082837 1 -1.330018254934933e-7 94082837 94082837 0
3 12798 rs6789124 139530894 1 1.1834357810153646e-8 139530894 139530894 0
3 4397 rs864643 39555580 1 1.9619002475281857e-15 39555580 39555580 0
3 11744 rs7647337 128347196 1 7.921365134611822e-16 128347196 128347196 0
3 9500 rs9880861 105449986 1 7.036027364640221e-17 105449986 105449986 0
3 13660 rs13065308 149403573 1 4.6501808801050966e-17 149403573 149403573 0
3 9812 rs12637387 108613253 1 4.046339268054142e-17 108613253 108613253 0
