CHR Group SNP.lead BP.lead Size W BP.min BP.max BP.width
1 1655 rs3790566 67814440 6 0.25136458295281716 67811356 67856021 44665
1 3040 rs3761959 157669278 2 0.05193430495202923 157657842 157670816 12974
1 2784 rs10924106 117053745 2 0.04790106533678008 117053745 117104215 50470
1 4763 rs2036775 229377038 2 0.04064775806063863 229377014 229377038 24
1 4187 rs3024505 206939904 3 0.0397539255833386 206939904 206946897 6993
1 12 rs3748816 2526746 6 0.02977258817194671 2513216 2713327 200111
1 4457 rs12089054 216800699 3 -0.0291943274599407 216783528 216800699 17171
1 4018 rs3767498 201020727 2 0.02856204963580155 201016646 201025682 9036
1 3664 rs1689797 182150978 2 0.02819014657002191 182150978 182173711 22733
1 658 rs12401982 24372971 2 0.02698559443233059 24372971 24385997 13026
1 4387 rs340839 214161820 2 0.02661278176836413 214159256 214161820 2564
1 533 rs1416819 20193622 1 0.02470785759716589 20183342 20200990 17648
1 4610 rs2260032 222105479 2 -0.02467405637311862 222100948 222111006 10058
1 3588 rs6680476 178676965 1 0.02345434993340978 178669915 178676965 7050
1 4275 rs2272866 209929453 2 0.02218181015638819 209929453 209939599 10146
1 1255 rs4927084 54760066 1 0.02185540971090953 54760066 54760066 0
1 1587 rs12409333 65417839 3 0.02149925680623423 65389835 65427476 37641
1 3278 rs10918196 165448157 2 -0.02140062770581401 165440194 165448157 7963
1 2715 rs2476601 114377568 2 0.02136458762485237 114243899 114394689 150790
1 486 rs2743208 19017855 1 0.02050289851406223 19017855 19017855 0
1 2238 rs497511 94523113 1 -0.02008404677941095 94523113 94531324 8211
1 4959 rs10797557 234754829 1 0.01986875860403233 234754829 234754829 0
1 3201 rs10917640 162881307 1 -0.01976655274848452 162879038 162887988 8950
1 1643 rs2991356 67305306 2 -0.01965734401893928 67305306 67327894 22588
1 4168 rs708727 205767885 6 0.01928405643318476 205762406 205801872 39466
1 4611 rs6604694 222172405 1 -0.01919911388420291 222152402 222172405 20003
1 4014 rs11584383 200935866 1 0.01909492156332674 200906473 200938029 31556
1 4535 rs601175 219141960 2 0.01908103033232381 219106550 219143598 37048
1 2406 rs12746449 101589082 2 -0.01884448725906356 101573408 101589082 15674
1 3856 rs1323292 192541021 4 0.01797645911233752 192536813 192544795 7982
1 2570 rs12039852 109075236 1 0.01791366570171822 109075236 109075236 0
1 2009 rs10782813 84116142 1 -0.01775033383157916 84093357 84116142 22785
1 1658 rs11209099 67982128 1 -0.0176000563280976 67980297 67982128 1831
1 2 rs2649588 1314015 1 0.01755877549209567 1314015 1314015 0
1 4166 rs1772145 205695695 3 0.01749062333146628 205676263 205725028 48765
1 3134 rs489286 160722550 1 -0.01733189381985777 160722550 160723517 967
1 4355 rs17019556 212846165 2 0.01692921472047687 212844187 212846609 2422
1 2210 rs1886684 92975938 1 -0.01650617945560067 92975938 93160902 184964
1 5247 rs9943068 242946169 1 0.01649983831932303 242940149 242946169 6020
1 4556 rs4240926 219983926 2 0.01647830843619265 219980552 219984995 4443
1 3194 rs2684874 162797691 2 -0.01614522411479871 162793865 162802615 8750
1 2199 rs10493860 92212703 2 0.01613756282525909 92212703 92224815 12112
1 5289 rs12404604 244829280 2 0.01605332999786598 244829280 244829280 0
1 2382 rs2640911 100331265 1 0.01586686024913568 100312175 100335977 23802
1 2627 rs4839417 111018598 3 0.01573451579908758 111018598 111018874 276
1 4016 rs12081096 200998358 1 -0.01558182057262675 200972454 200998819 26365
1 4670 rs3949347 225582816 2 0.01556483674882952 225565015 225607144 42129
1 3095 rs3027056 159186231 2 -0.01542878344373159 159183713 159196765 13052
1 1213 rs11205983 53102133 1 0.01528063564086714 53102133 53102133 0
1 23 rs6670328 3219950 3 0.0151677914152184 3214732 3219950 5218
1 920 rs727005 36281336 3 0.01513932237562334 36195372 36281336 85964
1 4652 rs6698799 224806555 1 0.01497093704601835 224806555 224817330 10775
1 3686 rs10911269 183134719 1 0.01495926726773056 183134719 183148228 13509
1 2404 rs1543421 101315934 1 0.01483491208779824 101276544 101338482 61938
1 2298 rs321270 96457002 3 0.01479874796706245 96414335 96458324 43989
1 4459 rs2211118 216864218 1 0.01466048612812572 216854126 216872461 18335
1 3821 rs7541423 190501742 1 -0.01438267052477177 190485034 190514183 29149
1 3039 rs10908583 157641683 3 0.01431625881899996 157619889 157648543 28654
1 2491 rs2034525 105574256 1 0.01427088067526742 105569132 105593913 24781
1 2647 rs1418426 111498111 2 -0.01424821957171743 111466053 111498111 32058
1 823 rs7555715 31183812 2 0.01417967636091553 31176942 31184368 7426
1 4354 rs3123537 212811947 1 0.01405011322903565 212811947 212811947 0
1 2878 rs1390510 147031323 1 0.0140276269402571 147031323 147048600 17277
1 3937 rs12134279 197781198 4 0.01401796478888379 197727298 197781198 53900
1 3589 rs4652319 178709966 6 -0.01394041861533665 178709966 178854330 144364
1 2899 rs267738 150940625 2 0.01368871864285142 150856153 150958836 102683
1 4192 rs1150258 207074905 1 -0.01366711768379974 207074905 207080565 5660
1 4277 rs17389541 209987172 1 0.01353328593434893 209955848 209989270 33422
1 1913 rs159665 80403167 2 0.01344375211223319 80386090 80446510 60420
1 824 rs4949294 31235936 2 0.01338681050319574 31231680 31235936 4256
1 3014 rs2644623 156862126 1 0.01318010346203739 156862126 156869047 6921
1 5373 rs1691255 247065472 2 0.01317620550232839 247065472 247084953 19481
1 1620 rs17451451 66388153 3 -0.01303532065376808 66371682 66388153 16471
1 3000 rs2296373 156386787 2 0.01299661094829404 156374256 156386787 12531
1 4195 rs11120211 207276379 2 0.01285468621066864 207276379 207286381 10002
1 1648 rs11806560 67558275 3 -0.01281985970427928 67551209 67584335 33126
1 3016 rs822431 156902281 4 0.01236867809038065 156901888 156934893 33005
1 3489 rs10489267 173170152 4 0.01232757450354401 173153468 173170152 16684
1 2767 rs10923633 116391331 1 0.01232129815779802 116391331 116391331 0
1 1799 rs696702 75072038 3 -0.0123104146238749 75055419 75072038 16619
1 2179 rs164898 91569689 1 0.01225327551005994 91566457 91569689 3232
1 3090 rs3026935 159117690 1 -0.0122144854339118 159117690 159117690 0
1 2049 rs17124345 85726103 1 0.01221078512550434 85712287 85727335 15048
1 4112 rs16852826 204068110 1 -0.01215748917559904 204068110 204069838 1728
1 2644 rs1494324 111415841 1 -0.01186802704711212 111415841 111417915 2074
1 3936 rs2488401 197702401 2 -0.01184884879130397 197611682 197702401 90719
1 4602 rs10863652 221923042 3 0.01181508755316518 221915967 221935951 19984
1 5 rs2459994 2024064 1 0.01168722814072778 2024064 2024064 0
1 26 rs2493291 3329384 2 0.01160139959898744 3328659 3329384 725
1 1835 rs4949624 76732617 1 -0.01159617095789251 76732617 76732617 0
1 4391 rs1660368 214407335 2 0.01158187939613657 214403709 214408966 5257
1 588 rs2275363 21940555 2 -0.01156798530776841 21940555 21940555 0
1 1323 rs2096086 56744527 1 0.01155993416440926 56725516 56744527 19011
1 2226 rs2893248 94160787 1 0.01154604396417932 94160787 94160787 0
1 4233 rs710420 208593803 1 -0.01151950971241084 208593803 208606109 12306
1 4901 rs6687497 233279256 1 0.0114273016654015 233279256 233279256 0
1 2695 rs6658555 113098534 5 0.01137231747621539 113089006 113190807 101801
1 3612 rs551607 179903031 1 -0.01130273002466338 179903031 179903031 0
1 1037 rs12067645 41425864 1 0.01127503195676767 41425864 41447366 21502
1 5171 rs10802917 241148960 1 0.01117221975606547 241145243 241152090 6847
1 4108 rs2366009 204011313 2 -0.01099135290223638 204011313 204015718 4405
1 4385 rs340840 214127887 1 0.01087984137467084 214127887 214140993 13106
1 161 rs6698548 7317541 2 -0.01081757739482395 7317541 7318534 993
1 241 rs2480777 10597551 2 0.01080102176936741 10597551 10638604 41053
1 1909 rs17103753 80270404 2 0.01072518152992147 80239307 80279906 40599
1 3490 rs2205960 173191475 4 0.01060444584639968 173191475 173236065 44590
1 969 rs11210870 38449910 2 0.01060009659438416 38449910 38452059 2149
1 1683 rs10493438 68687697 1 -0.01057481990219644 68686391 68692642 6251
1 3396 rs12731646 169090660 2 0.01049091478050837 169090660 169099483 8823
1 2400 rs11583008 101085094 1 0.01037444018213743 101084542 101107748 23206
1 2962 rs4240872 154436195 5 0.01036112082784336 154436195 154438084 1889
1 3892 rs2131386 194679220 5 -0.01026372132067311 194635480 194683991 48511
1 131 rs571655 5965455 1 -0.0102546091370003 5940243 5983114 42871
1 1184 rs10888618 49196334 3 -0.01025186550591535 49190234 49196334 6100
1 1501 rs17379608 62673365 3 0.01014884857932545 62672546 62677050 4504
1 3154 rs2099684 161500130 1 -0.01002252191693349 161500130 161500130 0
1 2234 rs486879 94478425 3 0.00996691425088697 94471075 94478425 7350
1 2512 rs17016826 106687949 2 0.00994986891213257 106649808 106687949 38141
1 4564 rs6541127 220401009 3 -0.00992076458866375 220393414 220448330 54916
1 3135 rs528095 160738146 1 0.00984513740286547 160738146 160738146 0
1 2284 rs12061105 95881126 1 -0.00983002966403789 95865533 95884729 19196
1 4286 rs587203 210463786 2 0.00981526843982966 210458861 210463786 4925
1 2898 rs10305751 150783458 3 0.00979527960341322 150727394 150816886 89492
1 613 rs1033455 22554625 2 -0.00977284176829209 22549729 22569226 19497
1 3261 rs1343316 165018803 1 -0.00975588797209014 165018803 165018803 0
1 4724 rs16848112 227934750 2 -0.0097311456560124 227912474 227954677 42203
1 851 rs34885668 32842319 2 -0.00968859317509732 32842319 32842319 0
1 2976 rs6699043 154913021 2 -0.00965906640315221 154913021 154944156 31135
1 3934 rs10494755 197480986 2 0.00952542755911134 197463936 197488569 24633
1 231 rs1220405 9922245 1 -0.00952360499890226 9922245 9922245 0
1 973 rs883220 38616871 3 0.00946343162356764 38616871 38645708 28837
1 5228 rs10926744 242619825 1 0.0094603443802474 242619825 242619825 0
1 4682 rs2234922 226026406 3 -0.00938274870713094 226026406 226046974 20568
1 4167 rs10900524 205748309 2 -0.00925976472672048 205738251 205752665 14414
1 4668 rs12032942 225512083 8 -0.00921598415237776 225511905 225541372 29467
1 3638 rs3827706 181160271 1 0.00920905050025027 181160271 181160271 0
1 3337 rs1737487 167523387 1 -0.00920672897963906 167523387 167530546 7159
1 4762 rs342834 229351259 1 0.00914866693083206 229351259 229367115 15856
1 127 rs1890191 5887140 1 0.00914751496124748 5887140 5887140 0
1 3089 rs2814779 159098713 1 0.00911740583307808 159098713 159099908 1195
1 843 rs34341430 32259791 1 -0.00911586605377381 32252615 32259791 7176
1 1654 rs12568764 67740835 1 0.00909994527088718 67740835 67760140 19305
1 193 rs11589993 8284497 2 0.00909821735067321 8278929 8285186 6257
1 203 rs4418632 8994112 2 0.00900872393563727 8991141 8994112 2971
1 4285 rs138733991 210415570 1 0.008913824012289 210413739 210433351 19612
1 830 rs10914251 31510263 2 0.00890986042147877 31413972 31539051 125079
1 524 rs3748748 20018195 2 0.00883318325213099 20017738 20020994 3256
1 2884 rs1908627 147260765 1 -0.00883116276026956 147254569 147264252 9683
1 3411 rs2272920 169799880 1 -0.00881127638597471 169761107 169834216 73109
1 5163 rs12744536 240977964 2 -0.00879679039171434 240977252 240977964 712
1 2633 rs1769207 111093653 3 0.00874023389552172 111092596 111100562 7966
1 2810 rs6681882 118224778 1 -0.00854562490643806 118210899 118224778 13879
1 2915 rs2495396 151744928 4 0.0085344342483961 151744928 151773167 28239
1 1117 rs4233496 45763650 4 0.00842917222018599 45710771 45763753 52982
1 4204 rs17045328 207652176 2 -0.00840286979290951 207646322 207653395 7073
1 1780 rs1475064 73882478 3 0.00838997130395357 73766431 73882880 116449
1 3708 rs2296713 183909717 2 -0.00835879369632152 183886016 183910160 24144
1 4257 rs10863764 209400118 1 -0.00834261964589762 209397138 209400118 2980
1 4810 rs4259658 230872906 2 -0.0082072617493286 230872906 230878561 5655
1 835 rs12132682 31955089 2 0.00817661116516522 31953898 31976017 22119
1 4725 rs12565154 228027310 1 -0.00815921931435 228024977 228027310 2333
1 3285 rs12065621 165639264 2 0.00813217184646512 165625023 165648710 23687
1 4431 rs12141500 215921956 2 0.00812919377682493 215914751 215921956 7205
1 3038 rs2758620 157605501 2 -0.00810789323216139 157556532 157608122 51590
1 197 rs4908760 8526142 3 -0.00802086180221944 8526142 8586563 60421
1 1237 rs4575030 54024808 2 0.00795013572504611 54024808 54029856 5048
1 3333 rs16859085 167453334 1 0.00787065726485166 167453334 167455145 1811
1 1268 rs17110749 55048190 2 -0.00785242203923369 55048190 55059295 11105
1 2956 rs7521837 154252860 1 -0.00783741824740143 154179679 154252860 73181
1 730 rs7532866 26741544 2 0.00783154091505207 26741106 26743903 2797
1 3769 rs10494593 187158671 1 0.00779220154637116 187095959 187173215 77256
1 2495 rs4325188 105700935 3 0.00778583017679251 105700935 105700950 15
1 4989 rs35714220 236176845 1 0.0077326596052267 236175327 236195181 19854
1 3868 rs6694727 193369701 2 0.0077309487196618 193369701 193424164 54463
1 3751 rs10798035 186050417 1 0.00765224605098496 186048208 186050417 2209
1 4165 rs4951256 205652705 1 -0.00762364126065605 205648707 205662977 14270
1 2832 rs1779416 119453869 2 0.00762159839681578 119452758 119464710 11952
1 4969 rs908319 235062181 1 0.0075786080923817 235062181 235062181 0
1 4825 rs6697412 231246212 1 -0.00757158755723595 231246212 231255781 9569
1 2420 rs1948369 101938561 4 -0.00756870026455084 101919802 101938561 18759
1 1596 rs2375754 65611633 2 -0.00751962345261689 65608909 65611633 2724
1 1991 rs11163556 83173367 2 -0.00747960137557379 83173367 83205734 32367
1 2278 rs1160318 95703444 1 -0.00746969764803531 95690269 95709939 19670
1 1854 rs3928852 77214000 2 -0.00742531124802036 77214000 77217180 3180
1 3665 rs10494545 182200659 2 0.00737933784707915 182177802 182200659 22857
1 1038 rs2268677 41542504 7 0.00734580522397004 41482976 41582006 99030
1 214 rs7524046 9307033 4 0.00733005581613851 9292282 9307033 14751
1 1586 rs12563017 65381861 2 0.00727756658996807 65381861 65381861 0
1 4887 rs10910594 232831301 1 0.00723261682518548 232831301 232831301 0
1 3409 rs3917410 169701108 1 -0.00721005255911707 169671088 169701108 30020
1 1846 rs315014 77033959 1 0.00719442205026749 77030764 77033959 3195
1 1695 rs6694935 68963397 1 -0.00719357684881019 68948280 68974292 26012
1 3054 rs11264900 158045749 1 -0.00718073508864332 158045749 158050627 4878
1 5250 rs12407970 243004669 2 -0.00715694124683127 243003189 243034750 31561
1 697 rs311426 25358211 1 0.00713429482620968 25354020 25358211 4191
1 1295 rs1807871 55780821 3 0.00708904120196696 55764492 55781281 16789
1 3213 rs2292276 163292362 1 -0.00705240079820245 163292362 163313880 21518
1 4895 rs41304133 233121884 1 0.00703233466723002 233119951 233134086 14135
1 1197 rs1110220 50815397 1 0.00701575269258035 50815397 50815397 0
1 4794 rs11806158 230521031 2 0.00700625281058767 230496808 230523609 26801
1 3958 rs9803750 198644124 3 0.00700040294580908 198644124 198658856 14732
1 4177 rs7549189 206635295 4 0.00698868416425102 206617682 206635295 17613
1 1325 rs3005897 56786595 2 0.00695163738676474 56783425 56794965 11540
1 1064 rs608277 42702344 3 -0.00694034115040701 42644770 42797765 152995
1 707 rs742391 25525711 2 0.00692395266947063 25525711 25525711 0
1 3816 rs815330 190164775 2 -0.00685856293594219 190117274 190201724 84450
1 4686 rs4369199 226280915 1 0.00682566705054924 226266029 226285151 19122
1 3169 rs1572495 162099301 1 0.00680191004581023 162092110 162112650 20540
1 3777 rs1938515 187402854 1 -0.00678112761793888 187379326 187402854 23528
1 1306 rs7555929 56075918 3 -0.0067460674538336 56066503 56078416 11913
1 4079 rs12123211 202944639 1 -0.00673552416124605 202944639 202948992 4353
1 1651 rs7517847 67681669 4 -0.00672472031887696 67670213 67681669 11456
1 931 rs10752589 37001923 1 -0.00666253340414797 37000433 37007987 7554
1 4800 rs17658982 230716785 1 -0.00664720950212926 230706768 230716785 10017
1 2437 rs2889234 102742475 1 0.00663970785114283 102714517 102743350 28833
1 2033 rs9724696 85246297 1 0.00663941772672403 85246297 85246297 0
1 5378 rs61730460 247267269 1 -0.00663120841045724 247252836 247267269 14433
1 998 rs4147761 39467615 4 -0.00661977508209234 39467615 39518006 50391
1 3730 rs78444298 184672098 2 0.00660408450470592 184667731 184728874 61143
1 942 rs484017 37303737 2 0.00659713561727563 37303737 37303737 0
1 4304 rs6540619 210862656 1 -0.00659686754582001 210848224 210862656 14432
1 2352 rs4908084 99310398 1 -0.00655294210029922 99280693 99310566 29873
1 1385 rs17117233 58743154 3 -0.00654316143991318 58722310 58743499 21189
1 5216 rs737133 242322870 3 0.00645351221260459 242304648 242324399 19751
1 2465 rs7552098 104576954 2 -0.00645124439275406 104573697 104611637 37940
1 5142 rs6679031 240490119 2 0.00641222722126921 240481762 240495826 14064
1 2258 rs1027307 95173343 1 0.00640146222061944 95173343 95177368 4025
1 4336 rs2970582 212080831 1 0.00639583696814688 212080831 212092918 12087
1 2677 rs4838932 112505378 2 -0.00636921575727679 112505214 112506564 1350
1 1821 rs5745343 76273805 4 0.00632057239177164 76252011 76289004 36993
1 2368 rs12409296 99853467 2 0.00631927753705055 99853467 99913450 59983
1 2237 rs1801581 94512565 1 -0.00631771524902712 94512565 94512565 0
1 3932 rs949571 197313189 1 0.00627727529143015 197313189 197329535 16346
1 2595 rs12023963 110084827 2 -0.00624410483867013 110082886 110084827 1941
1 2931 rs10888510 152681835 1 0.00624185606678792 152681835 152697338 15503
1 3096 rs12072644 159215287 1 -0.0062271021948374 159215287 159244893 29606
1 3272 rs10489743 165353548 1 -0.00620973478147805 165353548 165353548 0
1 1515 rs12130333 63191777 1 -0.00618313542583996 63191577 63199272 7695
1 400 rs16852052 16201502 3 -0.00616195118639007 16134072 16263452 129380
1 2912 rs1891592 151554503 5 0.00615399950162847 151542176 151554503 12327
1 521 rs1320978 19947973 1 0.00613967979103975 19945189 19963047 17858
1 2864 rs647596 146535394 1 0.00611773396797586 146508934 146535394 26460
1 217 rs9442562 9367908 2 0.00608344505098828 9367908 9371099 3191
1 2188 rs1983170 91986482 4 0.00607958696084987 91980447 92011467 31020
1 4434 rs11120677 216034050 3 -0.00605851900536255 216003557 216035149 31592
1 4708 rs12033364 226965174 1 0.00602497821654905 226965174 226965174 0
1 69 rs977271 4625696 1 -0.00601088102643375 4614822 4625696 10874
1 1116 rs6666806 45466927 1 0.0060092836190493 45416900 45479709 62809
1 3311 rs558843 166634216 1 0.00600369378806709 166607463 166656798 49335
1 4408 rs3748697 214820099 1 0.00598034634948661 214814059 214820933 6874
1 3426 rs12044570 170443579 5 0.00597199604622322 170391041 170446678 55637
1 882 rs911216 34375199 1 0.00591354006954064 34375199 34375199 0
1 940 rs1472823 37220721 1 -0.00588996583429362 37220721 37220721 0
1 61 rs10915535 4491460 3 0.00588852811536546 4486522 4493215 6693
1 2641 rs724032 111334391 1 -0.00584425599144184 111315241 111342490 27249
1 819 rs544789 31083478 1 0.00583347724216417 31080612 31088967 8355
1 4402 rs17733739 214637808 1 -0.00582258990858162 214632398 214637808 5410
1 2435 rs2022858 102608577 2 0.00580398567640973 102601950 102632935 30985
1 1652 rs41313262 67705900 2 0.0057912742641229 67685116 67705958 20842
1 2600 rs11102001 110299691 2 0.00579071115565624 110299691 110300441 750
1 732 rs11247963 26855401 2 0.0057782853208079 26855401 26855401 0
1 3455 rs11800358 171647475 1 -0.00576541884594044 171640888 171647475 6587
1 4376 rs1588374 213873500 1 0.00576282932164416 213866694 213873500 6806
1 3957 rs6686725 198618707 2 0.00574757131860927 198609305 198634997 25692
1 1024 rs7511983 40966167 2 0.00574548217388964 40960619 41032059 71440
1 3724 rs7531736 184409965 2 -0.00573157200284526 184408478 184409965 1487
1 79 rs763238 4743704 2 0.00570814729124251 4738058 4743704 5646
1 3981 rs17652603 199633712 1 0.00569893998081156 199610237 199636944 26707
1 3896 rs339567 194842734 2 0.00567433020254519 194839289 194842734 3445
1 4815 rs12731961 230923313 2 -0.00567078946841818 230922951 230925464 2513
1 677 rs185511 24857086 1 0.00563106739497336 24857086 24864576 7490
1 5341 rs9660719 246003671 1 0.00560828567732451 245999838 246003671 3833
1 3052 rs7552600 158029021 1 0.00559770700770096 158029021 158029021 0
1 634 rs10465543 23134218 2 -0.0055794772277548 23134218 23140700 6482
1 2619 rs615204 110759796 1 0.00555288268691151 110759796 110759796 0
1 566 rs12404655 20943195 1 -0.00552704043392033 20940463 20968011 27548
1 4217 rs16808 208190623 1 -0.00549387169886976 208184956 208190623 5667
1 1387 rs12726314 58792030 2 -0.00548995818368886 58792030 58794017 1987
1 3418 rs12145587 170188108 4 0.00543357124833219 170174046 170188108 14062
1 221 rs2095904 9447371 2 0.00541441602946885 9441040 9447371 6331
1 699 rs12403541 25382556 3 0.00541328092985092 25375468 25384533 9065
1 913 rs12030047 35160305 2 0.00540493321519473 35157991 35170887 12896
1 4258 rs1553623 209460346 1 -0.0054021217106287 209460346 209501407 41061
1 4392 rs6682783 214418139 1 0.00537396446504227 214418139 214420735 2596
1 1454 rs11808039 61303553 6 0.00534047846935885 61274442 61307277 32835
1 1168 rs2073293 48570133 1 0.00528780349612994 48564267 48570133 5866
1 4271 rs2072941 209811595 3 0.00527647178696563 209807782 209811595 3813
1 813 rs6673363 30933736 2 -0.00525852061951296 30920818 30933736 12918
1 4561 rs2647447 220175777 3 0.00524914805471889 220175777 220214212 38435
1 4088 rs946261 203157873 1 0.00524803438553836 203157873 203157873 0
1 4142 rs114050151 205027790 3 -0.00524750821547988 205027737 205034552 6815
1 2468 rs7532317 104736156 3 -0.00520026491920899 104727130 104736156 9026
1 2320 rs7513333 97663530 1 0.00518051965459737 97635212 97672838 37626
1 4913 rs10797465 233633819 1 0.00518047753598065 233633819 233633819 0
1 1952 rs12026119 81759170 2 0.00515468473016243 81756972 81759170 2198
1 4710 rs6659113 226996412 3 -0.00511799880794306 226996412 227087243 90831
1 744 rs7531313 27782390 5 0.00508917000762055 27773902 27800482 26580
1 3439 rs115870779 171107688 2 -0.00503879691649473 171104052 171117113 13061
1 2857 rs11249433 121280613 1 0.00503251536358882 121164607 121280613 116006
1 3952 rs4357560 198393988 3 -0.00502066467252379 198393988 198431973 37985
1 4735 rs61730829 228565329 1 0.00501598227085578 228558892 228565329 6437
1 1858 rs1004878 77324640 3 -0.00500769219832518 77282567 77324640 42073
1 372 rs6667220 15347640 2 0.00497685163970371 15346330 15347640 1310
1 3938 rs10922306 197823360 4 0.00497594744715932 197811282 197823360 12078
1 4944 rs12136778 234436023 2 -0.00495637540692589 234435865 234439134 3269
1 2463 rs4434842 104492118 1 -0.00493654814755767 104492118 104502333 10215
1 2464 rs1330408 104546820 2 0.00490654552051752 104529736 104562381 32645
1 4674 rs2615060 225873612 1 0.00488685577752515 225872632 225886318 13686
1 674 rs6670829 24751920 1 0.00486695325330815 24710405 24755438 45033
1 1540 rs7522426 63821329 2 -0.00486645928360634 63818393 63821329 2936
1 2650 rs10494129 111787072 6 0.00486640954375397 111773600 111787072 13472
1 675 rs11249117 24780356 3 -0.00483648301285984 24764689 24780356 15667
1 1447 rs10889175 60901523 3 -0.00481209270854267 60901523 60975097 73574
1 4429 rs4655420 215884095 3 -0.00479780517550487 215878243 215886975 8732
1 5292 rs2365958 244921530 1 0.00479169500443983 244921530 244921530 0
1 667 rs7524076 24508710 2 -0.00477837867985648 24508710 24508710 0
1 1823 rs1770878 76456329 1 0.00476846448951591 76391646 76456329 64683
1 917 rs4411101 35571417 2 0.00476675817347281 35497529 35571417 73888
1 3316 rs2075982 166929527 4 -0.00476232100209764 166856059 166929527 73468
1 565 rs558946 20935358 2 -0.00476027695757425 20933278 20935358 2080
1 3088 rs1057027 159002377 3 0.00473874542680667 159001593 159021506 19913
1 5267 rs10927118 244229199 1 0.00472397296641135 244229199 244229199 0
1 457 rs4920428 18425601 2 0.00469333519816245 18425601 18427031 1430
1 16 rs12022429 2919942 1 0.00468515188976605 2919942 2919942 0
1 4305 rs1934621 210898549 2 -0.00468217498866703 210893635 210903194 9559
1 5095 rs9428802 239144913 1 -0.0046669867290993 239144913 239144913 0
1 338 rs9803674 14490497 1 0.00465852068999066 14487284 14496787 9503
1 4754 rs7538164 229182292 4 0.00464900339566097 229181697 229203703 22006
1 1148 rs6695969 47927545 2 0.004631862606935 47924275 47938129 13854
1 3084 rs139161219 158943483 1 0.0046023587207424 158943483 158943483 0
1 1950 rs1195854 81698720 1 0.00458513095929084 81698720 81705577 6857
1 4406 rs2807653 214763986 2 0.00457933927038758 214756410 214763986 7576
1 889 rs9425986 34541724 1 0.00451547342227787 34541724 34564936 23212
1 2459 rs1406135 103764640 1 0.00451428090990538 103764640 103764640 0
1 2271 rs10493881 95428051 1 0.00451091320587749 95428051 95429120 1069
1 40 rs7522140 4017137 1 -0.00448418049476888 4017137 4017137 0
1 1199 rs12065210 50942784 2 -0.00444729317454774 50907438 50945526 38088
1 3752 rs41317489 186092103 1 0.00443323345302018 186092103 186126099 33996
1 4430 rs17620843 215891174 2 -0.00442625801760545 215891174 215912320 21146
1 686 rs11249141 24932733 3 -0.00442452084023822 24927001 24932733 5732
1 4044 rs654897 201530119 1 -0.00441003220373822 201530119 201530119 0
1 5221 rs425246 242404260 1 0.00439044472670433 242393905 242404260 10355
1 4681 rs3753658 226012686 6 0.00437924045351687 226012614 226015116 2502
1 547 rs10916761 20637374 2 0.00437260376622431 20632407 20637374 4967
1 5282 rs3102460 244576717 3 0.00434668598775052 244576717 244612252 35535
1 307 rs2999878 13786622 2 0.00433189062533874 13783354 13787005 3651
1 1067 rs10890196 42902866 1 -0.00432958512483267 42898843 43008018 109175
1 763 rs2503011 29558468 4 -0.00431915003850159 29464954 29569212 104258
1 4814 rs11122597 230913184 3 0.00430279259125721 230904935 230917513 12578
1 3284 rs6681 165619079 4 0.00428637089756284 165604991 165619079 14088
1 4074 rs4950949 202810562 1 0.00426579451604108 202810562 202810562 0
1 369 rs12409399 15317488 1 -0.00425072227909414 15317488 15320449 2961
1 874 rs9943159 34213077 2 -0.00424318081699333 34202162 34213077 10915
1 3290 rs4656467 165871705 2 -0.00422940226661606 165860813 165873392 12579
1 353 rs10927460 14870568 1 -0.00420576041542527 14870568 14876032 5464
1 2640 rs343791 111301623 5 -0.00419831298812497 111288116 111311541 23425
1 1335 rs7539051 57042954 2 0.00419266630617281 57036017 57057316 21299
1 1790 rs717830 74376663 2 -0.00419089738872491 74376663 74389575 12912
1 1973 rs1926840 82463594 1 -0.00417704744294038 82447191 82492195 45004
1 4523 rs2047163 218708603 1 -0.00417676381309622 218708603 218719400 10797
1 1883 rs11811709 78714834 2 0.00416976580301016 78708393 78714834 6441
1 2422 rs3844029 101976237 1 -0.00416595864414526 101961142 101995341 34199
1 4953 rs3951276 234633308 1 0.00414445966722142 234633308 234636595 3287
1 2434 rs12029863 102586209 3 0.00414017921821297 102562640 102587593 24953
1 3946 rs4409685 198066365 1 -0.00413914082782706 198051161 198068767 17606
1 3499 rs12080769 173470458 1 -0.00413391875062922 173470458 173475612 5154
1 3699 rs3754515 183562782 2 0.00411127432494054 183562782 183562782 0
1 4393 rs9970083 214457286 1 -0.00409496448971733 214457286 214466932 9646
1 954 rs12075954 37847280 2 -0.00408905546881043 37847280 37853334 6054
1 2176 rs355644 91504195 1 0.00407232376672162 91504195 91517927 13732
1 983 rs4284229 38850304 2 0.00406582368257296 38848996 38861996 13000
1 3923 rs12065463 196464754 1 0.00405078151336225 196433870 196525314 91444
1 450 rs620547 18231349 1 -0.0040345139681137 18225521 18231349 5828
1 586 rs829391 21921058 2 -0.00400505626674405 21914362 21921736 7374
1 4690 rs11800726 226523560 1 0.00399367502575022 226521192 226523560 2368
1 4428 rs2820699 215863578 1 -0.00399095272634609 215860464 215868952 8488
1 689 rs3131513 25193155 1 0.00396971372263466 25193155 25199722 6567
1 2981 rs7517162 155086905 1 -0.00395820502647181 155058663 155086905 28242
1 3265 rs10494434 165117237 2 0.00394916037414947 165117237 165121286 4049
1 5286 rs7540302 244775026 1 0.00394460632775828 244775026 244785995 10969
1 4122 rs2942133 204369875 2 0.00394262688111657 204369875 204369875 0
1 770 rs927727 29793205 1 0.00391854962308224 29793205 29793205 0
1 3921 rs12409953 196234932 2 0.00390908585993078 196186750 196281802 95052
1 329 rs12118400 14290847 4 -0.00388815075864292 14290847 14297220 6373
1 827 rs12756105 31313417 1 -0.0038836882272473 31313417 31313417 0
1 2954 rs2072704 153935543 1 0.00387014016311067 153865536 153954646 89110
1 3161 rs35284289 161736209 1 0.00384720111210956 161736209 161814020 77811
1 2215 rs11164854 93443043 2 0.00383649587675981 93430926 93466960 36034
1 4227 rs6704329 208461343 1 -0.00383602317109356 208461343 208477423 16080
1 1463 rs1419336 61477603 1 0.003815682708054 61477603 61477603 0
1 629 rs12734877 22977883 4 0.00378502255841052 22971892 22989745 17853
1 3477 rs2859228 172613241 2 0.00378074696902448 172613241 172621538 8297
1 4163 rs2185811 205596870 2 0.00378071969752588 205588637 205602553 13916
1 4972 rs7554192 235523067 4 -0.00378007496357308 235359879 235523067 163188
1 3106 rs2808630 159680868 1 0.00376491573178793 159647988 159700039 52051
1 1267 rs1755588 55044940 1 0.00375802332970461 55044940 55046392 1452
1 192 rs390468 8274018 1 0.00375119977702717 8274018 8274018 0
1 160 rs4908610 7311260 1 -0.00375067284774695 7269283 7311260 41977
1 3020 rs7521824 157102939 4 -0.00375035542435281 157095470 157118421 22951
1 3416 rs7354854 170126618 2 0.00374387296316966 170103732 170135760 32028
1 612 rs7552560 22547290 2 -0.00374368465652893 22537071 22547290 10219
1 3138 rs2274910 160852046 1 -0.00373802407012693 160846284 160878913 32629
1 2552 rs17019810 108268801 2 0.00372366320113308 108258265 108288220 29955
1 1688 rs12039098 68765106 1 0.00371209660361689 68757334 68773120 15786
1 5252 rs2802722 243498533 2 -0.00370537782290586 243454014 243498533 44519
1 21 rs2455099 3181415 1 -0.00369925147075728 3177480 3181415 3935
1 2615 rs17025426 110645327 1 -0.00368747572780588 110640235 110650174 9939
1 703 rs11588172 25421990 2 0.00367511519330644 25421990 25421990 0
1 2414 rs10782833 101848337 1 -0.00366618588448745 101847845 101848719 874
1 4474 rs12731437 217187026 3 -0.00364403507565999 217177525 217195463 17938
1 5068 rs6672666 238432884 1 -0.00362269959550533 238432884 238442713 9829
1 4349 rs10779581 212695787 4 -0.00361239363101022 212693423 212719366 25943
1 1207 rs17394584 52034812 1 0.00358557665769926 52026384 52035058 8674
1 4967 rs908329 235051501 2 -0.00352876161924509 235048988 235053101 4113
1 1018 rs10889285 40800486 1 0.00352338498251465 40800486 40800486 0
1 4943 rs628407 234432465 1 0.00347959249625016 234432465 234432465 0
1 5398 rs10802515 247647970 2 -0.00345593278187269 247636518 247666977 30459
1 496 rs2024727 19274525 2 0.00341123743398314 19274525 19274525 0
1 3815 rs1418808 190104227 3 0.00340596622874145 190099810 190104227 4417
1 921 rs636832 36363475 1 0.00340284839992808 36363475 36363475 0
1 2676 rs11102362 112496701 3 -0.00338583220095376 112496701 112499034 2333
1 3307 rs2172714 166452024 4 -0.00337843213249888 166451443 166458160 6717
1 2579 rs61754640 109446750 2 0.00337656787047889 109440215 109479978 39763
1 5211 rs12568965 242070731 1 0.00336483627058583 242070731 242070731 0
1 5012 rs4659695 236796979 3 0.00336259432444778 236796979 236803753 6774
1 4251 rs10863739 209162928 5 0.00331950475687005 209149149 209195248 46099
1 3127 rs6427528 160516308 3 -0.00331493897650965 160507016 160519240 12224
1 3893 rs995805 194707591 2 -0.00331225902159591 194702869 194713249 10380
1 2566 rs538717 108739705 1 0.00329865421364804 108737586 108741065 3479
1 934 rs4653210 37074351 1 0.00328654959314886 37074351 37074351 0
1 4993 rs16833337 236284300 2 0.00328175526580522 236284300 236284300 0
1 2668 rs17028610 112349568 1 -0.0032810361649043 112349568 112349568 0
1 3374 rs6662401 168553057 1 0.00327788162945707 168552192 168563895 11703
1 5121 rs17606620 240102885 1 0.00327177929727733 240102885 240102885 0
1 2165 rs10922869 90993868 1 0.00326647368406118 90973861 90996474 22613
1 3294 rs6680282 165998608 3 -0.00326316075774235 165967961 165998608 30647
1 3675 rs266511 182497021 3 -0.00326253701303248 182496829 182497021 192
1 3280 rs422264 165499520 1 0.00321539857807258 165480347 165499520 19173
1 3874 rs6697603 193722542 1 -0.00321425337590512 193709733 193741207 31474
1 688 rs10903108 25188940 2 -0.00318733765475578 25188064 25188940 876
1 925 rs10493076 36914747 3 -0.00318635864095979 36886117 36926946 40829
1 3776 rs12033946 187348438 1 0.00318117389586537 187333447 187355994 22547
1 724 rs12138368 26520292 1 -0.00315771857054377 26517267 26527255 9988
1 273 rs148957324 11733846 1 -0.00314907395067927 11733846 11733846 0
1 2341 rs11165996 98799369 2 -0.00313917538088362 98799369 98799369 0
1 1040 rs2154319 41745770 2 -0.00313672764579692 41745770 41745770 0
1 4914 rs1497090 233659290 1 -0.00313651750692936 233655782 233661003 5221
1 3422 rs12404913 170254142 1 0.0031364045257805 170237860 170254142 16282
1 4353 rs3122713 212799870 2 0.00312682117931916 212799139 212799870 731
1 3571 rs12737338 177811939 2 -0.0031249867714551 177806838 177822050 15212
1 2119 rs17130324 88683432 1 -0.00312435505320779 88683432 88717534 34102
1 5001 rs1445295 236481036 2 -0.00311709166165469 236465416 236494471 29055
1 2635 rs4839069 111137811 1 0.00310427753447352 111137811 111141682 3871
1 2903 rs4971007 151108137 2 -0.00309680938770918 151062957 151117010 54053
1 3943 rs6667378 198000253 2 -0.00309316539294459 198000253 198000533 280
1 1419 rs1470407 59714992 4 0.00309209969704383 59703738 59731843 28105
1 1641 rs1566246 67245275 2 0.00309001038118422 67231916 67245275 13359
1 4284 rs17757020 210396557 2 0.0030542924472067 210381257 210399652 18395
1 126 rs9308476 5880466 2 -0.00304836836806179 5880466 5880466 0
1 2070 rs4631724 86587726 2 -0.00302541022472063 86577829 86587726 9897
1 3640 rs2332203 181266420 3 -0.00301094562741331 181230769 181274415 43646
1 3417 rs17349942 170167702 2 -0.00300633183460292 170141722 170168182 26460
1 1632 rs17128891 66903583 2 -0.00300356571927727 66887451 66903583 16132
1 5424 rs73141283 248309356 3 -0.00299776717262738 248285441 248322906 37465
1 4545 rs11804949 219648119 2 -0.00299606863765834 219636951 219657163 20212
1 5319 rs819876 245555664 3 0.00298658261317648 245550394 245563382 12988
1 484 rs6703076 18934081 2 0.00298525843177445 18932744 18934081 1337
1 922 rs3767703 36555758 2 0.0029649724209221 36549157 36581978 32821
1 1707 rs4650137 69685100 2 0.00296299676039633 69659840 69685100 25260
1 762 rs3003628 29390728 5 -0.00295633232639292 29319480 29443723 124243
1 3971 rs1325187 199217307 2 0.00294518552605126 199217307 199234743 17436
1 2006 rs4243779 84032625 1 -0.00294361531990785 84032625 84039480 6855
1 2764 rs4074536 116310967 1 0.00294055028027296 116301565 116310967 9402
1 247 rs7514751 10762432 1 0.00293004112114871 10762432 10762432 0
1 3130 rs11265461 160630143 1 0.0029278829571976 160616703 160630143 13440
1 2859 rs4636400 145444556 1 0.00292671541712965 145444556 145444556 0
1 787 rs10914549 30332121 1 -0.00288642131252666 30328390 30344788 16398
1 1329 rs11206816 56932035 3 -0.00288196956940497 56914341 56932035 17694
1 1390 rs1213661 58830178 1 -0.00287967048306711 58827079 58853893 26814
1 4919 rs1693224 233739918 1 0.0028620110601875 233738342 233743103 4761
1 4296 rs12759944 210674600 1 0.00283688253908124 210660195 210674600 14405
1 2254 rs3885983 95110447 2 0.00282161703996935 95107254 95110447 3193
1 333 rs7414562 14359780 5 0.00281843004466887 14358807 14372163 13356
1 2928 rs7530609 152526812 1 -0.00281269215739872 152526812 152530510 3698
1 651 rs2811946 23902416 1 0.00281123112298147 23895154 23902416 7262
1 1881 rs11799753 78634053 1 -0.00280886998197291 78623626 78666990 43364
1 1458 rs1414277 61409064 1 -0.00280137728397498 61409064 61409064 0
1 2747 rs7542599 115782754 5 -0.00279752433430467 115782754 115800949 18195
1 437 rs4920374 17872028 1 -0.00278357629357502 17872028 17872028 0
1 2202 rs2129975 92282080 1 -0.00275976771007047 92282080 92309916 27836
1 4164 rs12039255 205609010 1 0.00275182385864598 205607227 205615442 8215
1 4596 rs925944 221741182 1 -0.0027477159583044 221741182 221753645 12463
1 4492 rs265120 217592945 1 0.00274200002870376 217592945 217604654 11709
1 2383 rs28730701 100340782 3 -0.00274000157101227 100340782 100358200 17418
1 3928 rs41299623 197073196 1 0.00273772787963649 196995848 197077516 81668
1 4197 rs45574833 207300070 1 -0.00273732109793422 207300070 207305588 5518
1 4971 rs6586361 235119382 1 0.0027344731723949 235119382 235119382 0
1 4244 rs17013392 208968409 2 0.00272658473007591 208959316 208971963 12647
1 2612 rs390923 110499669 2 -0.00272613569846993 110499669 110503433 3764
1 1626 rs12135034 66646184 1 0.00272542806342702 66646184 66663239 17055
1 1622 rs12085651 66440553 1 -0.00272057031959346 66426100 66457244 31144
1 3625 rs4652519 180549164 1 -0.00271775325904441 180534407 180549164 14757
1 4390 rs1147673 214402313 1 0.00271552289757306 214395861 214402313 6452
1 1897 rs11162631 79572535 2 -0.0027087672429525 79550458 79572535 22077
1 4650 rs1499294 224752508 2 0.00270168762234165 224752508 224753137 629
1 62 rs1674877 4496659 2 -0.0026933560340942 4496256 4510840 14584
1 2744 rs4367784 115685684 1 0.00269107128436673 115683469 115697580 14111
1 2586 rs1052878 109745618 2 -0.00269087847751261 109745618 109759776 14158
1 599 rs139500146 22165963 1 0.00268906901035114 22165963 22169325 3362
1 3059 rs3181029 158219965 2 -0.00268295809997801 158219965 158220291 326
1 5035 rs6683160 237390732 2 0.00268120571467665 237382689 237390732 8043
1 848 rs680328 32438234 2 0.00267757862196016 32438231 32438234 3
1 4785 rs6703306 230351829 2 -0.00266678374374741 230341905 230351829 9924
1 3276 rs466639 165394882 1 -0.00266118468479577 165394882 165409095 14213
1 3224 rs13374982 163772455 1 0.00264853343636828 163772455 163805912 33457
1 5099 rs10495437 239297423 1 0.00264785926938771 239283303 239297423 14120
1 4265 rs17014649 209682162 1 -0.00264298156038679 209656906 209685058 28152
1 4770 rs3811474 229772932 1 -0.00264224837584548 229772932 229799638 26706
1 3229 rs16824651 164059430 4 0.00263872401233986 164001513 164060002 58489
1 792 rs267720 30497242 1 0.00263763704574167 30487342 30497242 9900
1 4818 rs12093178 231066697 1 -0.0026371259390848 231041558 231066782 25224
1 2902 rs41266605 151009208 2 0.00263490315822996 151006691 151021509 14818
1 4711 rs10916066 227098588 2 -0.00262276334429149 227090500 227098588 8088
1 4119 rs17333794 204282936 1 -0.00262135033889913 204263809 204282936 19127
1 4779 rs6663181 230187526 2 -0.00261095223593119 230187526 230187526 0
1 3916 rs1597732 195954813 1 0.00260893042652231 195927451 195956629 29178
1 1925 rs7529438 80735096 1 0.00259953449932178 80735096 80735096 0
1 3476 rs10912080 172603411 3 -0.00257623468162986 172498216 172603940 105724
1 1899 rs1872859 79659418 1 -0.00257535340570286 79659418 79659418 0
1 237 rs1002076 10438892 2 -0.00256889624621912 10353112 10451799 98687
1 1723 rs12025135 70138465 2 -0.00256200653337595 70138465 70155099 16634
1 978 rs1543632 38747960 1 -0.00255855182531396 38738105 38750042 11937
1 4595 rs9725646 221685360 1 0.00255807724923063 221681574 221694627 13053
1 3467 rs633995 172186729 1 -0.0025551009123316 172186729 172186729 0
1 3575 rs10158522 177938712 2 0.00254656735432714 177938437 177965223 26786
1 1399 rs12040053 58926395 1 -0.00254102093379944 58923511 58934546 11035
1 3517 rs11802001 175290855 1 0.00253764362423366 175286396 175298757 12361
1 4940 rs12024374 234384658 4 -0.00253569430775998 234382599 234390172 7573
1 1271 rs2117262 55089880 2 0.00251611747496014 55089708 55103945 14237
1 4807 rs2479131 230818841 3 -0.00251255575575647 230818841 230837808 18967
1 1775 rs11209998 73114150 1 0.00250742866267166 73114150 73114150 0
1 1793 rs17094900 74648408 1 -0.00250176111955226 74648408 74710450 62042
1 3056 rs980937 158140205 2 0.00249262893717431 158140205 158140205 0
1 452 rs7340046 18312084 1 -0.00248433432310785 18297407 18312084 14677
1 1768 rs2821248 72575560 1 0.00248329177128744 72571364 72611715 40351
1 2995 rs41265043 156314497 1 0.00248094710790703 156314440 156335111 20671
1 2829 rs1570816 119291382 2 -0.00247449456593911 119256519 119293640 37121
1 1044 rs2801962 41878988 2 0.0024643107580583 41861383 41879081 17698
1 2923 rs11204971 152259078 2 -0.00245955347142593 152165878 152281745 115867
1 1346 rs582317 57413768 1 -0.00245236804077699 57413768 57416335 2567
1 1028 rs11208727 41170670 1 0.0024446903623754402 41139341 41204569 65228
1 1236 rs11206170 54010926 2 0.00244459915430777 54005060 54010926 5866
1 4019 rs142356235 201046058 1 0.00243604672577098 201044097 201052199 8102
1 3109 rs61823162 159785413 2 0.0024319608331447 159782181 159785425 3244
1 2827 rs2884876 119153514 1 0.002421114967521 119129814 119160266 30452
1 1870 rs4949802 77876353 2 0.00241861976618598 77871803 77886499 14696
1 3122 rs7521304 160342015 1 0.0024094699701328 160342015 160342944 929
1 3330 rs953809 167403625 2 0.00240003417307665 167399734 167408073 8339
1 3296 rs4074017 166036621 2 0.00239473195241616 166027277 166044090 16813
1 2756 rs17556126 115998480 1 -0.00238504124014542 115998480 116011901 13421
1 240 rs2056417 10581658 1 0.00237925784012859 10567658 10584672 17014
1 1852 rs1498365 77149849 2 0.00237618058902054 77146173 77187595 41422
1 2425 rs17426819 102194625 4 -0.00237077235108304 102189250 102201705 12455
1 404 rs1010069 16352937 1 0.00236722629326835 16352937 16358085 5148
1 2815 rs12058607 118421109 1 -0.00236577298462619 118355412 118504265 148853
1 1013 rs12118846 40553444 3 0.0023639824843691 40551745 40573134 21389
1 657 rs12744386 24168019 3 0.00236028637557501 24148365 24168019 19654
1 4335 rs2298095 211917176 2 -0.00234931233423629 211914587 211920427 5840
1 3253 rs10753650 164836322 2 -0.00234250702805364 164829035 164836521 7486
1 2250 rs2762509 95025421 1 -0.00233928016435792 95025421 95025421 0
1 2546 rs12408799 108099343 1 -0.00233668773362104 108095617 108143883 48266
1 4878 rs3795366 232650750 4 0.00232990233562031 232650750 232658615 7865
1 3853 rs1892148 192418962 1 -0.00231654182412326 192417416 192430085 12669
1 4270 rs2076222 209791929 1 -0.00230696034927987 209786078 209797253 11175
1 3196 rs1912453 162821291 1 0.00230610100239078 162819508 162821291 1783
1 4141 rs9787334 205023316 2 -0.00230561528580325 205019226 205023316 4090
1 4618 rs1906273 222595058 1 -0.00230103652733239 222595058 222595058 0
1 3546 rs10753141 176816437 1 -0.00229009196063599 176816410 176872334 55924
1 4802 rs853459 230725824 2 0.00228524888056898 230725720 230747290 21570
1 5167 rs390488 241068852 2 0.0022747167730038 241068852 241078810 9958
1 4278 rs11584081 209997448 1 0.00226587564241729 209996542 210020971 24429
1 2193 rs1555890 92160886 1 0.00224463135033359 92154088 92163174 9086
1 4027 rs11801154 201188328 1 0.00224080763872644 201176651 201188328 11677
1 2388 rs499479 100612675 1 -0.0022402686680636 100598866 100693294 94428
1 4830 rs6700950 231340433 1 -0.00223712945007201 231340433 231342857 2424
1 2449 rs2616009 103409558 1 0.00222762697519666 103409558 103409558 0
1 3890 rs3009382 194537085 3 -0.00222617625561605 194530914 194560463 29549
1 4073 rs2362916 202763850 2 -0.00221717678192234 202694072 202780530 86458
1 316 rs4662010 14001018 1 -0.00221437810733265 14001018 14032007 30989
1 5140 rs6673167 240448434 1 0.00220536139674833 240445596 240456751 11155
1 2096 rs12402858 87845112 2 0.00220178762684811 87845112 87857993 12881
1 1051 rs17363834 42076607 1 0.00220082930424285 42076607 42083369 6762
1 179 rs707460 7838691 2 -0.00219840466439788 7823085 7838691 15606
1 4604 rs6680316 221956626 2 -0.00218172798511798 221951794 221973909 22115
1 1900 rs7555545 79741744 3 0.00217986898121802 79729175 79755185 26010
1 2190 rs10874794 92045585 2 0.00217805950642979 92045585 92055995 10410
1 2982 rs4971079 155130391 1 -0.00217750082196863 155106697 155132836 26139
1 2543 rs11185115 107982992 1 -0.0021764323807657 107980407 107990065 9658
1 410 rs12740413 16515879 1 0.00217266881923043 16515805 16531263 15458
1 668 rs4649203 24519920 1 0.00216177502056623 24518643 24519920 1277
1 2659 rs3393 112042149 2 -0.00215924342385439 112042131 112046557 4426
1 1602 rs12086738 65807412 4 0.00215125902078964 65803765 65808281 4516
1 2054 rs7521189 85889596 2 -0.00214919047268312 85874495 85899128 24633
1 3955 rs16843430 198574902 2 0.00213537184506553 198574902 198574902 0
1 3013 rs1888861 156797961 1 -0.00213433558087421 156796697 156805803 9106
1 2800 rs10923228 117750686 3 0.00213015366727655 117749809 117773202 23393
1 4631 rs71644745 223816383 1 -0.00212509581931492 223816383 223816383 0
1 560 rs678980 20911404 2 0.00212502311172044 20907051 20911830 4779
1 2774 rs74884121 116675909 1 -0.00211957289777528 116657911 116675909 17998
1 690 rs4649036 25217346 2 -0.00211218694551447 25208160 25217346 9186
1 4923 rs1693210 233800613 4 0.00210130960921667 233796651 233813072 16421
1 573 rs10493004 21442736 2 0.00209810711246917 21324933 21442736 117803
1 1895 rs1571991 79471959 2 0.00209703136582966 79471959 79490302 18343
1 3623 rs4651067 180494062 2 0.00209410709471414 180472298 180510172 37874
1 4054 rs1032524 201790826 1 -0.00208574563539801 201790270 201884952 94682
1 5174 rs12088961 241212923 4 -0.00208374517590111 241202525 241212923 10398
1 3033 rs1970101 157402470 1 -0.00208041654777159 157402121 157406190 4069
1 4568 rs12408337 220622474 2 0.00207825923592953 220599845 220622474 22629
1 2139 rs6682580 89876211 3 0.00206771594960358 89842042 89928190 86148
1 346 rs7527767 14718957 1 -0.0020664846571595 14718957 14718957 0
1 3679 rs10797788 182623509 1 0.00206252949046534 182613666 182626738 13072
1 5297 rs7524543 245116281 1 -0.00205747412880461 245116281 245116281 0
1 1021 rs11208057 40885832 1 0.00205209551905908 40885832 40885832 0
1 295 rs7546794 12336147 2 -0.002052030295755 12316584 12391953 75369
1 1093 rs11210892 44100084 5 0.00205006409901745 44092027 44137257 45230
1 4475 rs11572427 217199613 1 -0.00203963606193951 217199613 217222233 22620
1 3576 rs12074053 177974569 3 -0.00203753180749886 177971147 177991255 20108
1 2799 rs4659126 117675943 1 -0.00201747142532065 117643482 117675943 32461
1 68 rs12080165 4596700 1 0.00199496087199609 4596700 4606471 9771
1 5412 rs7513527 248018426 1 0.00199336554790541 248012296 248018426 6130
1 3940 rs1909507 197919693 3 0.00198987689086665 197897332 197919693 22361
1 811 rs12029866 30885349 2 0.00197486906254376 30885210 30887894 2684
1 2913 rs1211981 151632646 3 -0.00196576683676026 151575756 151632646 56890
1 5036 rs11587851 237401055 1 0.00196265698923525 237401055 237401055 0
1 1455 rs7532404 61335153 2 -0.00195853756488483 61321009 61335153 14144
1 1308 rs1499676 56102040 1 0.00195792276378378 56099371 56119747 20376
1 1976 rs6687277 82575142 2 0.00193875770508049 82575142 82577274 2132
1 3152 rs35327240 161398568 2 -0.00193873062198991 161398477 161398568 91
1 5193 rs1544190 241586834 1 -0.0019299042629698 241586834 241586834 0
1 3181 rs2282397 162344102 1 0.00192279355915456 162344102 162344102 0
1 888 rs3131529 34514486 2 0.0019058128835671 34514486 34525105 10619
1 1371 rs852801 58321909 3 -0.00189528238734834 58314187 58346207 32020
1 3493 rs1342038 173301516 2 0.0018902341192826 173301516 173301516 0
1 4704 rs17522524 226829990 2 0.00188907526561069 226829990 226836190 6200
1 140 rs61740145 6531124 2 0.00188829032480932 6531124 6531124 0
1 4060 rs4131469 201970748 2 0.00188590695000057 201970748 201970748 0
1 1139 rs3766198 47281780 1 0.00188572075491958 47280859 47321982 41123
1 5306 rs6671796 245358619 1 0.00188394283977932 245358619 245358619 0
1 4091 rs871850 203253226 2 0.00187692948298711 203244113 203260756 16643
1 4330 rs6670986 211809647 3 -0.00187691173880083 211806784 211809647 2863
1 542 rs12139100 20501582 1 0.0018612319291183 20487743 20501582 13839
1 4560 rs2647468 220168633 1 0.00185869680560148 220156704 220168633 11929
1 3297 rs4074897 166086171 1 0.00185618940562771 166065145 166098961 33816
1 208 rs765617 9121782 2 -0.00185435902778122 9116743 9129945 13202
1 1147 rs17103253 47916965 1 -0.0018263448081087 47889417 47916965 27548
1 1468 rs7544358 61733856 1 0.00182475783503636 61733856 61733856 0
1 293 rs630542 12206866 2 -0.00181292039414218 12206866 12217852 10986
1 4055 rs1390398 201891254 1 0.00181135899815468 201888969 201892257 3288
1 3692 rs2276879 183273751 2 -0.00180715413412219 183273751 183279029 5278
1 1053 rs12141084 42117737 1 0.00180660323045429 42105488 42117737 12249
1 4808 rs2071404 230850940 5 0.00180406278582385 230843714 230850940 7226
1 4948 rs2175593 234529570 1 -0.00180273589678755 234521118 234529570 8452
1 2481 rs17021671 105083405 1 0.00179845573048143 105076810 105113849 37039
1 3908 rs12073625 195730565 2 0.00179498905349259 195686601 195730565 43964
1 2683 rs12026840 112617049 1 -0.00177499572912853 112613028 112628860 15832
1 4365 rs12036568 213636801 1 0.00177448091941349 213617738 213636801 19063
1 3740 rs10911725 185395182 1 -0.00177214856910112 185389564 185395182 5618
1 2926 rs6696556 152430842 3 0.00176471383575414 152411090 152434009 22919
1 1727 rs12028771 70272063 1 -0.00176260805685208 70272063 70272063 0
1 2270 rs2148366 95420286 1 0.00175928620244257 95412967 95421315 8348
1 4583 rs11806418 221110866 1 -0.0017458643026336 221095599 221111780 16181
1 2361 rs302802 99636921 1 0.00173556470383828 99610153 99636921 26768
1 1867 rs4949653 77822519 2 -0.00172878783294962 77803129 77822519 19390
1 2643 rs6676798 111393436 2 -0.00172877366172154 111393436 111397316 3880
1 739 rs537951 27374218 1 -0.00172301601917454 27372443 27377401 4958
1 1670 rs6588283 68299797 2 0.00172077928556383 68278542 68324416 45874
1 2537 rs1762506 107656356 1 0.00171753696435673 107656356 107658862 2506
1 53 rs351619 4368819 2 -0.00171540556568149 4368819 4368819 0
1 5014 rs10925193 236829348 1 0.0017106971971709 236818787 236839326 20539
1 4507 rs902351 218204746 2 -0.00170960272923648 218198668 218220411 21743
1 2289 rs661595 96051831 2 -0.00170801368261529 96051831 96072754 20923
1 3656 rs199922 181735033 1 0.00170775909248715 181735033 181741301 6268
1 1725 rs6424593 70223922 1 -0.00170372749161695 70207079 70223922 16843
1 4313 rs12134819 211202705 1 0.00170327556985885 211135613 211202705 67092
1 3763 rs7519192 186862419 3 -0.00170112481448747 186862419 186927369 64950
1 3324 rs7540969 167103023 1 -0.00170072539084163 167103023 167103023 0
1 5148 rs1572417 240586392 2 -0.00168780925130752 240586392 240589117 2725
1 4340 rs4325202 212351181 1 -0.00168677884624367 212350975 212358109 7134
1 1405 rs2811893 59162148 1 -0.00168213257032602 59162148 59180394 18246
1 2636 rs3887820 111148080 2 0.00168134478554819 111148080 111158530 10450
1 1795 rs1022915 74907002 1 -0.00167864173297652 74907002 74907002 0
1 716 rs35019869 26131638 1 0.00167704307773362 26131638 26131638 0
1 1005 rs6703320 40145297 2 0.00166844688222603 40145297 40145297 0
1 5258 rs10927046 243801190 1 -0.00166518383900203 243720473 243821364 100891
1 3812 rs1320748 189960204 1 0.00166301568661791 189959917 189962502 2585
1 534 rs10916668 20233086 1 -0.00166185849440738 20233051 20248709 15658
1 4570 rs13376101 220667154 1 0.00165528312276034 220625992 220667154 41162
1 4388 rs1223798 214347831 2 -0.00165438093103387 214318748 214355392 36644
1 4506 rs7546902 218147297 1 0.00165222919212724 218147297 218162375 15078
1 2371 rs6656134 100017701 2 0.00165203891190608 99994648 100019269 24621
1 5155 rs16840284 240680957 1 0.00164232863127403 240678302 240680957 2655
1 383 rs4644485 15566803 1 0.00164187291430343 15566803 15566803 0
1 3660 rs4523491 181999723 2 0.0016371436754702 181954718 182013486 58768
1 4226 rs2801193 208425671 2 0.00163594748988115 208419288 208425671 6383
1 2914 rs8480 151733335 2 -0.0016349275388671 151701345 151735576 34231
1 5151 rs10754705 240613766 1 0.0016317067411363 240612857 240613766 909
1 1052 rs6664724 42093821 1 0.00162622932740833 42093821 42099583 5762
1 2666 rs3754026 112283838 1 0.00162521637713527 112283838 112309331 25493
1 4034 rs10800775 201336386 2 0.00162225809807434 201330429 201345487 15058
1 14 rs2045332 2842319 1 -0.00162007555923972 2842270 2853759 11489
1 3969 rs6684332 199150453 1 0.00161931287897191 199136768 199150453 13685
1 2521 rs7514699 106972853 1 -0.00161378727891846 106972853 106972853 0
1 3482 rs12066143 172814855 2 0.00161215219347108 172814855 172814855 0
1 3036 rs115493285 157485504 1 0.00161007435078327 157485504 157485504 0
1 1016 rs6600323 40743727 4 0.00160432569685486 40722795 40759231 36436
1 2648 rs11102208 111610738 2 0.00160251626150529 111557266 111610738 53472
1 857 rs10914632 33361287 1 0.00159952887410659 33361287 33409551 48264
1 773 rs6677824 29867677 1 -0.00159610169309579 29865107 29867677 2570
1 846 rs11805047 32336784 1 -0.001592491452465 32336784 32336784 0
1 3164 rs2490420 161964536 3 -0.00158467553404563 161957719 161967681 9962
1 230 rs7550295 9804693 1 -0.00158171719909789 9804693 9842576 37883
1 2486 rs6679989 105235777 1 -0.00157521627167128 105235357 105278514 43157
1 4600 rs6604665 221869434 1 -0.00156798040032456 221869434 221883496 14062
1 2066 rs17128651 86465736 1 -0.00156702681759309 86457334 86466085 8751
1 401 rs848194 16285342 1 0.00156259389445514 16267147 16285342 18195
1 1627 rs519044 66756717 2 -0.00156148468592977 66736001 66766222 30221
1 1409 rs9436174 59321745 1 0.00156109454504214 59321745 59330763 9018
1 1541 rs4915899 63844736 1 -0.00154737337895143 63844736 63844736 0
1 4764 rs35006651 229462625 1 -0.00154677823230315 229431916 229462625 30709
1 1128 rs6683116 46975773 3 0.00154670610819132 46967890 46981536 13646
1 3404 rs6678795 169533266 1 -0.00154401869235164 169530837 169557734 26897
1 3917 rs12145838 196057313 1 0.00154264759852241 196032605 196057313 24708
1 1701 rs7541833 69184038 1 0.00153993944141958 69184038 69249132 65094
1 118 rs945322 5684301 1 -0.00153923609485183 5680572 5684301 3729
1 3198 rs2032049 162833401 1 0.0015375601343383 162832406 162833401 995
1 769 rs4654349 29781221 1 0.00153662360753472 29780757 29783755 2998
1 3463 rs10489730 172003493 1 -0.00153454178181393 171977284 172019718 42434
1 2315 rs11584817 97325914 1 -0.00153438552117177 97316690 97330233 13543
1 3945 rs1233828 198042715 1 -0.00153029644318529 198042715 198043697 982
1 487 rs9439731 19059471 2 -0.00152281050646848 19059471 19059471 0
1 5265 rs10927101 244173872 1 -0.00152198639950285 244170455 244173872 3417
1 3032 rs3845580 157386936 3 0.0015193950209553 157385496 157388083 2587
1 5070 rs12142622 238476102 1 0.00151280229298965 238471915 238476102 4187
1 5045 rs1817410 237760083 1 -0.00151098718916379 237755076 237760083 5007
1 5404 rs1144815 247781569 1 0.00150917537640064 247778888 247781569 2681
1 3267 rs10753668 165218792 1 0.00150883276060516 165199023 165218792 19769
1 4567 rs12754802 220539533 4 -0.00150519582648371 220539533 220568157 28624
1 2365 rs1456169 99733964 3 -0.00149836368799875 99723764 99748324 24560
1 1450 rs1381170 61162222 2 0.0014928730003131 61157162 61162222 5060
1 4788 rs12757317 230419308 1 0.00148716232602942 230419308 230422031 2723
1 1482 rs6699079 62082189 1 -0.00148558423179992 62080228 62082800 2572
1 4078 rs2232842 202935911 2 -0.00147940336842755 202919851 202935911 16060
1 4367 rs320379 213677091 1 0.00147767016329407 213677091 213677091 0
1 1920 rs11162940 80605894 1 0.00145674295433857 80567175 80605894 38719
1 2812 rs1419369 118276152 2 0.00145602801841197 118249041 118276535 27494
1 1514 rs10789117 63072265 3 -0.00145580746978375 62931632 63133930 202298
1 180 rs10462018 7879627 2 -0.00145344978264527 7845695 7881780 36085
1 5173 rs662023 241186585 2 -0.00144951293213147 241186056 241186923 867
1 3613 rs6425606 180071987 2 -0.00144944614417375 179929388 180075388 146000
1 2596 rs6537837 110119732 2 0.00144611673878719 110119732 110151395 31663
1 1776 rs12072171 73197081 1 0.00144365227924052 73197081 73236826 39745
1 977 rs2480697 38733788 2 -0.00144305139837427 38733788 38733788 0
1 2951 rs4845563 153629026 1 -0.00143753982023931 153622220 153660989 38769
1 3800 rs4551597 188764543 2 -0.00143557600227228 188764543 188764543 0
1 4720 rs16847833 227626662 1 -0.00143477344364388 227622011 227637092 15081
1 1663 rs11585171 68055347 1 0.00142936294620821 68055347 68055347 0
1 4234 rs12089705 208622869 1 -0.00142905705539471 208622869 208622869 0
1 3617 rs10913945 180169108 1 0.0014261009469155 180167644 180177266 9622
1 65 rs6681032 4563129 2 -0.00142568618255709 4558933 4567165 8232
1 1940 rs11576605 81336822 1 0.0014248776427094 81336283 81336822 539
1 149 rs2063313 6936375 2 -0.00141784223742864 6903599 6972393 68794
1 5230 rs10926748 242633878 2 0.00141479829708865 242633259 242653512 20253
1 3756 rs76602544 186368092 1 0.00141074566023029 186273994 186368092 94098
1 903 rs705197 34844836 1 0.00140621775159613 34839501 34844836 5335
1 3146 rs4073054 161200487 3 0.00140063248476185 161193683 161202605 8922
1 1972 rs12758555 82387711 1 -0.00139542781376303 82387711 82422200 34489
1 1327 rs12133338 56871540 1 0.00139534327769735 56870834 56873524 2690
1 3840 rs4450071 191823868 1 -0.00139041238064572 191775629 191823868 48239
1 1361 rs11207039 57923439 2 0.00138764935870569 57917398 57936193 18795
1 5172 rs575226 241161648 1 -0.00138082006116642 241161648 241161648 0
1 3834 rs7515438 191199033 1 -0.00138076452227242 191153510 191199033 45523
1 1785 rs12145301 74170796 1 0.00137878054124559 74166048 74175290 9242
1 396 rs6697813 15951743 2 -0.00137862545279655 15930869 15986868 55999
1 3087 rs1101993 158996895 1 0.00137851850405512 158996895 158998665 1770
1 2120 rs1295491 88740865 1 -0.00137763647588309 88738404 88740865 2461
1 999 rs11205665 39590824 2 -0.00137723199898022 39583686 39703847 120161
1 737 rs12755215 27333622 2 0.00137650084729839 27332466 27333622 1156
1 1966 rs571361 82126526 2 0.00136687230010905 82126526 82144781 18255
1 2194 rs2296620 92174563 2 -0.00136465183742209 92172608 92174563 1955
1 3066 rs9651033 158434049 1 -0.00135987683559237 158434049 158435928 1879
1 1017 rs3737821 40768344 2 0.00135816475865873 40768344 40768344 0
1 1257 rs12564882 54794930 1 -0.0013558416339174 54794819 54794930 111
1 3817 rs12724000 190351677 3 -0.00134823025065186 190256835 190351677 94842
1 2901 rs3738480 150990825 1 -0.00134769448517943 150990825 150997723 6898
1 4242 rs17259916 208937403 2 -0.00134493369186362 208935974 208942499 6525
1 4206 rs2182911 207660071 1 -0.00133203266063349 207660071 207670928 10857
1 1927 rs3014987 80823037 1 -0.00133009800556211 80823037 80838880 15843
1 3190 rs988383 162625756 1 -0.00132227363013996 162625020 162639552 14532
1 5377 rs12141826 247200639 1 0.00132030414592275 247196539 247226344 29805
1 5409 rs1493257 247980864 1 0.00131904602697578 247972002 247980864 8862
1 2825 rs10494210 119045932 1 0.00131130314584613 119029958 119048181 18223
1 5199 rs2050516 241706533 1 -0.00130690272264182 241704726 241708059 3333
1 335 rs4662105 14448184 2 -0.00130568519797668 14448184 14449136 952
1 4647 rs6426110 224511533 6 -0.00130435395838459 224454099 224541645 87546
1 2989 rs915178 155978725 1 -0.00129999529336636 155978725 156011444 32719
1 5406 rs61730474 247875313 5 0.00129669931412686 247874551 247881348 6797
1 2717 rs7519860 114482520 1 0.00129569152183721 114457769 114493583 35814
1 1382 rs1342876 58578612 1 -0.00129568942692874 58574925 58578612 3687
1 5294 rs10927330 244997953 2 0.00128720187533002 244997953 244997953 0
1 5414 rs12404622 248035778 1 -0.0012743122175865101 248032168 248035778 3610
1 3712 rs1926868 183955574 2 -0.00127349838651112 183952936 183966166 13230
1 1969 rs9285611 82183055 4 -0.00127235139629379 82181580 82199372 17792
1 958 rs10493078 37909488 1 -0.00126617397666078 37902331 37909488 7157
1 3789 rs2192114 187835370 2 0.00126470725136864 187812024 187835370 23346
1 5287 rs6676542 244802142 1 0.0012620364856366 244796154 244802705 6551
1 19 rs7518255 3086464 4 0.00125950238699225 3072692 3086464 13772
1 4198 rs12091603 207314356 1 -0.00125636095220912 207314356 207360067 45711
1 1605 rs913199 65871062 1 0.00125619862233602 65871062 65874037 2975
1 3041 rs2873413 157737504 1 -0.00125393929781388 157718325 157737504 19179
1 3078 rs919477 158772845 1 -0.0012480217093406 158772845 158772845 0
1 4130 rs6689270 204699500 1 -0.00124183392153996 204682411 204705517 23106
1 5003 rs6695464 236548122 2 0.00123913892139851 236546386 236548122 1736
1 4516 rs1338445 218439928 1 -0.00123897607577955 218439928 218439928 0
1 4488 rs2646811 217476282 2 0.00123483430070643 217471995 217476282 4287
1 4985 rs4660126 236077778 2 0.00123150758685975 236066991 236077778 10787
1 5368 rs6683786 246840223 1 0.00123109711175849 246840223 246844066 3843
1 5410 rs4925724 247991609 2 0.0012230861861098 247986129 248001566 15437
1 1649 rs11209003 67601132 1 -0.00122235977842726 67599657 67601132 1475
1 1679 rs17130529 68614320 2 -0.00121915439818401 68614320 68631502 17182
1 847 rs10493050 32378540 1 -0.00121473446639968 32371442 32378540 7098
1 381 rs549 15546825 1 -0.00121398266481992 15542621 15550525 7904
1 2746 rs1040605 115759830 1 -0.00121043288138228 115734091 115759830 25739
1 1002 rs4660293 40028180 3 -0.00120903454465965 40026043 40050568 24525
1 3591 rs16853619 179043939 1 -0.00120825156366659 178989464 179043939 54475
1 1760 rs1591382 72150052 1 -0.0012064666201935 72090075 72150052 59977
1 5067 rs10737820 238386642 1 -0.00120255779933628 238383296 238388463 5167
1 11 rs2494428 2339074 2 0.001200401217293 2333031 2339074 6043
1 2977 rs141845046 154987704 1 0.0011988083592002 154987704 155007302 19598
1 5327 rs12401628 245767834 2 -0.00119855289467745 245766651 245767834 1183
1 4159 rs12035825 205499495 1 0.00119655232082444 205499495 205499495 0
1 3379 rs2064300 168625843 2 -0.00119494770761485 168625843 168633890 8047
1 4368 rs320424 213703223 2 -0.00119399426494937 213703223 213703223 0
1 5372 rs4926465 246968455 1 0.00118888795963694 246968455 246973283 4828
1 532 rs10737482 20173858 2 0.00118287249012081 20171860 20173858 1998
1 4504 rs966209 218108088 1 0.00118167286517541 218108088 218108164 76
1 1557 rs285367 64461019 2 -0.00118142995519123 64459519 64484485 24966
1 5374 rs1691234 247106126 1 0.00117364611418111 247098587 247107000 8413
1 3341 rs761079 167614675 1 -0.00116904499477199 167611826 167615368 3542
1 562 rs10916824 20918912 1 0.00115824222150368 20916791 20918912 2121
1 4861 rs9308491 232310039 1 -0.0011561952885122 232307419 232311020 3601
1 28 rs3806164 3380057 1 0.00115482118597655 3380057 3380057 0
1 2905 rs55877187 151230929 2 -0.00115216781074667 151230929 151316324 85395
1 3182 rs34001279 162367103 2 -0.00114302324111826 162356487 162367103 10616
1 2200 rs12090296 92242568 1 -0.00113605841575061 92242568 92249817 7249
1 4609 rs10863667 222087406 2 0.00113531253475978 222084135 222093006 8871
1 4157 rs6681714 205468289 1 0.00113351261885038 205468289 205472184 3895
1 2972 rs11264268 154796520 1 -0.00113279672330258 154796520 154796712 192
1 4912 rs6687124 233619908 1 -0.00113261821684003 233599529 233619908 20379
1 3070 rs41273523 158612719 2 -0.00113261129674549 158580069 158614667 34598
1 259 rs2076655 11289161 1 -0.0011241257409457 11289161 11318236 29075
1 4537 rs10495128 219182624 1 0.0011200286030016 219176608 219222948 46340
1 818 rs525813 31058914 1 0.00111847070937363 31058914 31062295 3381
1 3956 rs12127588 198595506 1 -0.00111777979049641 198595506 198595506 0
1 3157 rs16856590 161687220 1 0.0011172917177227 161684569 161687261 2692
1 96 rs1459766 5160731 1 -0.00111697694589362 5158857 5160731 1874
1 2467 rs12067399 104654614 1 -0.00111676260091862 104640211 104690071 49860
1 3369 rs858099 168426153 2 0.00111374578809051 168426153 168426153 0
1 5376 rs4384270 247162628 1 -0.00111207528217907 247156066 247173682 17616
1 584 rs10917006 21864206 3 0.00111131381760395 21864206 21885195 20989
1 373 rs4520412 15359967 2 0.00110611320306551 15352820 15359967 7147
1 611 rs2807348 22533106 1 0.00110351427634832 22522927 22533106 10179
1 595 rs61749350 22030884 3 0.00110172924787778 22030189 22127992 97803
1 4642 rs7517868 224251666 1 0.0011010417440948 224251666 224251666 0
1 881 rs7528354 34366411 1 -0.00109491008220419 34362665 34369245 6580
1 2166 rs6690040 91061122 4 0.00109475835234842 91010959 91062107 51148
1 4615 rs2378522 222301317 1 -0.00108579119418577 222301317 222301317 0
1 4001 rs17690120 200286231 1 -0.00108530930458407 200286231 200286231 0
1 5114 rs2841037 239934541 2 -0.00108502644866087 239934541 239934541 0
1 4442 rs6419476 216236311 1 0.00108247677750463 216235074 216236311 1237
1 4030 rs1772847 201278862 3 -0.00107899630687952 201278862 201298352 19490
1 2384 rs6577148 100383005 1 -0.00107547940184103 100361925 100387939 26014
1 1792 rs17094777 74507315 2 -0.00107372196260485 74506942 74561386 54444
1 4208 rs10779353 207837590 1 0.00107297063700695 207820612 207875175 54563
1 1136 rs594387 47213386 2 0.00107292988790337 47212694 47214785 2091
1 2472 rs12034300 104851904 3 -0.0010707329135857 104851904 104860634 8730
1 3492 rs10912583 173280999 1 0.00107058948145943 173278169 173284199 6030
1 264 rs2922240 11493832 2 -0.00106740669729727 11493832 11493832 0
1 3104 rs984553 159599414 1 0.00106673342423722 159595682 159599414 3732
1 2620 rs814318 110788825 2 -0.00106525854050891 110788825 110788825 0
1 4036 rs4128458 201355522 2 0.0010645032432919 201355522 201359697 4175
1 503 rs2273046 19566296 1 0.00106341600048961 19563900 19568972 5072
1 4532 rs878394 219073958 1 -0.00106233734060264 219068248 219073958 5710
1 3101 rs6702567 159517860 3 -0.00106164819424351 159479781 159517860 38079
1 671 rs41268753 24669457 2 -0.00106118281371838 24669457 24669457 0
1 802 rs6685389 30709585 1 -0.00105945135871093 30706530 30720817 14287
1 1623 rs7530150 66513674 2 0.00105394482229331 66496108 66539046 42938
1 1060 rs654961 42444975 1 -0.00105120638737699 42424108 42487523 63415
1 4083 rs4950914 203041457 2 -0.0010484273705975 203021762 203041457 19695
1 1928 rs1549555 80858466 2 -0.0010431557878249 80858466 80858466 0
1 4381 rs11120217 213978359 1 -0.00104311111087824 213977989 213985718 7729
1 3511 rs10489328 175113118 1 0.00103852033900201 175113118 175125036 11918
1 4827 rs765265 231276007 1 0.00103845093291572 231270636 231277763 7127
1 4822 rs10864662 231191803 2 0.00103744872136167 231191803 231200830 9027
1 4653 rs6661853 224820448 1 -0.00103641562246222 224820448 224822482 2034
1 146 rs7549198 6709610 1 0.00103430224088271 6698390 6709610 11220
1 2350 rs12138303 99160827 2 -0.00103044499208799 99141448 99186605 45157
1 1769 rs12748679 72644585 2 0.00102304828324253 72628347 72644585 16238
1 3728 rs10797982 184622136 1 0.00102294799415063 184622136 184622136 0
1 196 rs301806 8482078 3 -0.00102261042158179 8422676 8488565 65889
1 522 rs3790756 19996232 2 -0.00102042717219509 19992513 19999645 7132
1 3949 rs72731918 198225478 1 0.00101961917892118 198207105 198254389 47284
1 1162 rs10890507 48309587 2 -0.00101889086137893 48309587 48343224 33637
1 3502 rs10912735 174128140 1 -0.00101755081580567 173987798 174209978 222180
1 114 rs9660967 5581798 1 0.00101564354300323 5580192 5581798 1606
1 4734 rs4653946 228546242 1 0.0010156232455313 228525008 228550429 25421
1 509 rs214336 19678473 1 -0.00101529669933301 19672376 19678473 6097
1 3302 rs12095056 166337053 1 0.00101238282918422 166331478 166337053 5575
1 4656 rs12025142 224876101 1 0.00100838966011604 224874931 224886492 11561
1 4240 rs1166868 208813119 1 -0.00100649328637585 208813119 208813119 0
1 3685 rs61749262 183101582 1 -0.0010020322159321 183071024 183101582 30558
1 3982 rs1346680 199772234 1 -9.92827406919029e-4 199764832 199782570 17738
1 755 rs12090855 28874969 1 -9.912727766045583e-4 28733993 28901455 167462
1 3156 rs12135523 161678254 1 -9.881832354258831e-4 161676394 161678254 1860
1 1397 rs10889092 58915024 1 -9.869471227536742e-4 58915024 58915024 0
1 3364 rs7512951 168309388 1 9.863587318470664e-4 168309388 168309388 0
1 2637 rs2640492 111170099 1 9.854069482279823e-4 111166960 111173886 6926
1 1221 rs1288404 53557484 3 9.830125618026644e-4 53542793 53558366 15573
1 2519 rs4915122 106896377 1 -9.823345385275115e-4 106881800 106896377 14577
1 2478 rs12041707 104989780 2 9.805001381806308e-4 104989780 104989780 0
1 5073 rs7540190 238534722 2 9.799828165464894e-4 238533500 238534722 1222
1 854 rs419145 33179156 1 -9.789863412678415e-4 33179156 33187046 7890
1 1990 rs389112 83172684 2 9.78512204446678e-4 83144687 83172684 27997
1 185 rs12068202 7961294 1 9.764154703791994e-4 7961206 7961294 88
1 3553 rs11577465 177129230 1 9.739160832202336e-4 177097442 177136117 38675
1 1585 rs310219 65315298 5 9.70856704583558e-4 65309002 65356951 47949
1 337 rs17353931 14476490 2 9.68177873348232e-4 14473805 14477944 4139
1 4065 rs3922999 202091660 1 9.574791693511286e-4 202087936 202095590 7654
1 1595 rs17127359 65593407 1 -9.568005365712868e-4 65593407 65593407 0
1 2775 rs4132850 116778274 1 -9.560556240301898e-4 116768898 116779318 10420
1 4500 rs12405333 218044052 1 -9.520291594228544e-4 218030584 218044052 13468
1 4797 rs6671466 230656763 1 -9.497740375628147e-4 230654458 230656763 2305
1 4024 rs16847947 201150096 1 -9.416791896137531e-4 201150096 201150096 0
1 4443 rs1544299 216264388 1 9.384721597028352e-4 216258213 216269176 10963
1 4126 rs898388 204500257 1 -9.356787634454976e-4 204500257 204551830 51573
1 5382 rs17720872 247364063 1 9.331424027548752e-4 247349364 247366435 17071
1 3061 rs7547997 158341273 1 9.31751216423776e-4 158330242 158341273 11031
1 853 rs3954228 33100815 2 -9.304753257659668e-4 33100815 33161212 60397
1 3883 rs2584256 194084297 1 -9.250053381858952e-4 194080827 194084297 3470
1 1009 rs17570439 40324210 2 9.227199418214374e-4 40302463 40325764 23301
1 1158 rs6660568 48082491 1 9.21249102187546e-4 48081679 48085268 3589
1 4749 rs1341715 229018916 1 9.181391728815948e-4 229018195 229018916 721
1 3766 rs1160832 187013915 1 9.157995565380864e-4 187013915 187013915 0
1 1804 rs3931020 75235317 1 9.14101169943933e-4 75190452 75252764 62312
1 3420 rs1412787 170208724 1 -9.120188982794878e-4 170208425 170208724 299
1 1056 rs17373758 42259133 2 9.111696825647486e-4 42245081 42261889 16808
1 1061 rs4660600 42513929 1 9.101136895229504e-4 42513929 42551252 37323
1 2714 rs61742849 114226143 1 9.073903387485044e-4 114080071 114233871 153800
1 2538 rs17505643 107697660 1 -9.011904099315698e-4 107676684 107697660 20976
1 2850 rs12030925 120247782 2 -9.008847153582558e-4 120229117 120263018 33901
1 3683 rs6681606 182878158 3 8.990870172854003e-4 182784022 182878158 94136
1 2654 rs17027501 111905989 1 -8.985606008144606e-4 111897335 111905989 8654
1 2153 rs1329644 90575147 2 -8.929712738831872e-4 90575147 90575147 0
1 513 rs6661421 19755204 1 8.925386817547887e-4 19747496 19766326 18830
1 4409 rs438034 214830617 1 -8.914763510407313e-4 214830617 214833425 2808
1 5137 rs12037713 240394879 1 8.902509194005882e-4 240383334 240402395 19061
1 2026 rs17111283 85014989 1 -8.838316992333351e-4 85003568 85020649 17081
1 2664 rs4839154 112156965 1 8.811376560284034e-4 112140475 112156965 16490
1 5356 rs12128836 246349328 1 8.804782165996326e-4 246330385 246349328 18943
1 36 rs6662706 3732596 1 8.783318276176386e-4 3732596 3748513 15917
1 3671 rs12136955 182358944 1 -8.779987284936886e-4 182335422 182372452 37030
1 5170 rs6690744 241133560 1 -8.768133240680952e-4 241133560 241133704 144
1 5264 rs692981 244165607 1 8.730176172668917e-4 244160904 244168236 7332
1 3150 rs11585941 161312656 2 8.698029093104545e-4 161312656 161370985 58329
1 86 rs6426440 4914910 1 8.594661393174222e-4 4906783 4928187 21404
1 3175 rs7528328 162247779 1 8.579889976116026e-4 162247296 162254664 7368
1 5026 rs11583513 237199183 2 8.566791213091771e-4 237194523 237200616 6093
1 1062 rs11210587 42580407 1 -8.540161916445469e-4 42565366 42580407 15041
1 3273 rs283698 165375835 1 8.501612370572532e-4 165375835 165377552 1717
1 2323 rs6692946 97748929 2 8.483785500621476e-4 97748929 97771947 23018
1 4558 rs11118454 220077320 1 8.469817052400476e-4 220075257 220078828 3571
1 1222 rs3766775 53567546 2 -8.394840123850047e-4 53564586 53570659 6073
1 4118 rs4338423 204231164 1 -8.34953563905285e-4 204198209 204242056 43847
1 424 rs2454163 17487951 2 -8.317750738127839e-4 17485653 17487951 2298
1 4021 rs10753891 201100482 1 8.314328691136827e-4 201092550 201100482 7932
1 4090 rs2494295 203218176 2 8.207720310537819e-4 203207520 203238568 31048
1 3260 rs7542261 164999850 1 -8.180189270847734e-4 164999850 165016712 16862
1 288 rs12029016 12128498 1 -8.173634260259721e-4 12128498 12128498 0
1 3886 rs1972217 194263168 2 -8.15528500313924e-4 194258816 194308202 49386
1 3232 rs1337376 164159503 7 8.149679897721598e-4 164151402 164175199 23797
1 3153 rs4657039 161462728 1 8.148785197210678e-4 161462728 161472158 9430
1 3072 rs28568406 158687163 1 -8.085590034992672e-4 158647522 158698532 51010
1 4697 rs7524430 226693542 1 -8.059699134166448e-4 226683251 226702300 19049
1 1800 rs730645 75118172 2 8.053076724784914e-4 75118172 75121016 2844
1 1898 rs10489655 79653433 2 -8.052066683533817e-4 79593296 79653433 60137
1 3071 rs35948326 158624528 1 8.039145629978649e-4 158624528 158626378 1850
1 2325 rs10875076 97837564 2 8.030753570515677e-4 97833918 97850697 16779
1 1198 rs7525764 50844697 1 -7.981775016379902e-4 50838990 50871847 32857
1 4733 rs75280352 228464303 1 7.971963073544121e-4 228464248 228509427 45179
1 2100 rs1888732 87987841 2 7.95463263387031e-4 87979762 88001013 21251
1 3507 rs10489329 175022406 1 7.934606829907993e-4 175022406 175057782 35376
1 2883 rs2047280 147236233 1 -7.92449702648222e-4 147236233 147236233 0
1 1338 rs9803799 57180072 1 7.906226032952263e-4 57180072 57180072 0
1 4472 rs10492958 217124015 1 -7.863408763634398e-4 217124015 217132018 8003
1 537 rs4655020 20295022 2 -7.86094780852436e-4 20292006 20296319 4313
1 926 rs3918003 36931373 1 7.833290702595591e-4 36929988 36931373 1385
1 321 rs9287293 14208571 1 7.807169595435694e-4 14208571 14208571 0
1 5109 rs12086449 239612814 1 7.801642995324358e-4 239612814 239626755 13941
1 1667 rs604043 68145819 3 -7.742584460903112e-4 68128130 68147774 19644
1 2819 rs1938263 118796804 1 7.679254825338382e-4 118784987 118796804 11817
1 1866 rs10493603 77768778 1 -7.656593599998553e-4 77756532 77778608 22076
1 3584 rs6659392 178598873 1 -7.653697933658912e-4 178594196 178611633 17437
1 3677 rs1144566 182569626 1 7.631510610824237e-4 182554557 182569626 15069
1 332 rs12566758 14338807 1 -7.631441774289315e-4 14338807 14338807 0
1 472 rs12566510 18705694 2 7.616056577178732e-4 18705694 18709741 4047
1 3058 rs691314 158183942 1 7.609539198323562e-4 158168563 158215299 46736
1 3470 rs2757491 172266801 1 -7.605594369857846e-4 172266801 172279021 12220
1 4455 rs17042811 216725118 1 -7.550217586400241e-4 216714314 216725118 10804
1 1675 rs198866 68551909 1 -7.549700663846721e-4 68551909 68551909 0
1 4876 rs10910527 232599189 1 7.521837395915721e-4 232584061 232599189 15128
1 5388 rs2386551 247554949 1 7.49381853365667e-4 247552084 247554949 2865
1 3542 rs12061205 176554721 1 -7.462137539968716e-4 176547669 176566350 18681
1 3403 rs6037 169513583 1 -7.45332010830518e-4 169497820 169513583 15763
1 4834 rs480902 231531627 4 7.436703638047568e-4 231520802 231550168 29366
1 3673 rs497915 182406654 1 -7.42982136816997e-4 182406654 182406654 0
1 3443 rs4631734 171220236 3 -7.377371234772748e-4 171214880 171220236 5356
1 1285 rs6682884 55474325 1 7.36167538001874e-4 55474325 55474325 0
1 320 rs7537478 14192950 1 7.341356662622833e-4 14190669 14192950 2281
1 5369 rs7526237 246898134 2 7.312297287827834e-4 246886265 246907206 20941
1 1019 rs209587 40825600 1 -7.312263013748645e-4 40823379 40825600 2221
1 1506 rs41309173 62740264 1 -7.310254763482496e-4 62732421 62745478 13057
1 2353 rs1482144 99334672 1 -7.240964813538262e-4 99318835 99348900 30065
1 1411 rs6664131 59396262 1 7.234582412596164e-4 59396262 59396262 0
1 1770 rs2815749 72814783 1 7.163324902393342e-4 72750353 72826172 75819
1 2452 rs7523441 103496620 1 7.160359446307917e-4 103491461 103517428 25967
1 2638 rs2797537 111193595 1 7.158079706279946e-4 111193595 111219344 25749
1 56 rs639739 4389262 1 7.153885756024496e-4 4384056 4389262 5206
1 3624 rs7513944 180523777 1 -7.153478141920033e-4 180523777 180523777 0
1 2286 rs684448 95956363 1 7.148346051324855e-4 95947234 95967757 20523
1 608 rs16826658 22485871 1 -7.14340310596771e-4 22485871 22485871 0
1 2763 rs7518005 116284944 1 7.133036790759543e-4 116283343 116297758 14415
1 548 rs4590651 20652798 3 7.124606737622635e-4 20652798 20680718 27920
1 1170 rs13376323 48639798 1 7.046692796057386e-4 48639798 48672401 32603
1 3309 rs12030083 166546775 3 7.013187481581343e-4 166544158 166573473 29315
1 5342 rs10924363 246023137 1 -6.993589488031811e-4 246020370 246026685 6315
1 2127 rs1760206 89069023 1 6.985055632763786e-4 89045338 89116300 70962
1 4297 rs4537555 210677551 2 -6.981937150814978e-4 210677551 210688180 10629
1 1771 rs2613507 72834503 1 6.958645478366169e-4 72834503 72834503 0
1 2524 rs4440890 107110129 2 6.947265924434397e-4 107107254 107119787 12533
1 3672 rs6659412 182398201 1 -6.907094995853371e-4 182397765 182398201 436
1 1074 rs6674019 43353134 1 6.905035020021888e-4 43353134 43353134 0
1 3055 rs12088518 158073254 1 6.85834410632702e-4 158073254 158073254 0
1 242 rs7552996 10642793 1 -6.853981884915873e-4 10642793 10642793 0
1 3788 rs6664686 187757027 1 6.797306036290788e-4 187757027 187757027 0
1 4337 rs3010004 212152173 2 6.775849451064894e-4 212152173 212274413 122240
1 1163 rs1603530 48411729 1 -6.725392772106863e-4 48359634 48411729 52095
1 2038 rs4907110 85371265 1 6.662193103070275e-4 85366164 85371391 5227
1 461 rs12126587 18478269 2 6.63350950223979e-4 18476187 18478269 2082
1 1138 rs4646481 47271538 4 -6.632822149837447e-4 47265677 47279175 13498
1 2429 rs7528218 102344571 1 -6.628212770767755e-4 102344571 102344571 0
1 4032 rs12126907 201312033 1 6.62179822064164e-4 201310733 201312033 1300
1 5325 rs1771492 245728083 1 6.616173530324401e-4 245728083 245728083 0
1 808 rs12072075 30807199 2 -6.5934461755362e-4 30807199 30830957 23758
1 473 rs4920492 18719844 1 -6.586785613493223e-4 18719844 18730305 10461
1 2787 rs797999 117293763 1 -6.585309991227403e-4 117293763 117293763 0
1 2107 rs305447 88202958 1 -6.549094934938154e-4 88195672 88213827 18155
1 5196 rs947307 241633007 1 6.53355785227464e-4 241633007 241633007 0
1 1813 rs1249838 75818720 1 -6.526982783960059e-4 75818341 75819102 761
1 836 rs10493048 31993870 1 6.522413547814046e-4 31977350 32009650 32300
1 3299 rs6659816 166185037 3 -6.521525473165958e-4 166169203 166228386 59183
1 5249 rs12077185 242973892 1 -6.517052648894042e-4 242973892 242989157 15265
1 2082 rs1882753 86965419 2 6.516583478780409e-4 86959173 86965419 6246
1 478 rs2992753 18808292 6 -6.505752243379048e-4 18804144 18808292 4148
1 5379 rs7521596 247308691 1 -6.477822294764291e-4 247305873 247336726 30853
1 1304 rs6588562 56027175 1 6.45154176973821e-4 56015915 56042151 26236
1 4922 rs2282428 233786170 2 6.436576287498935e-4 233786170 233788316 2146
1 2686 rs6537730 112773825 1 6.405061273654531e-4 112732671 112773948 41277
1 3292 rs4657493 165917109 1 6.37723753246177e-4 165917032 165917109 77
1 3231 rs12032907 164130919 1 -6.370840082402579e-4 164130919 164144117 13198
1 2862 rs12724816 145639324 1 -6.365899429789012e-4 145639324 145639324 0
1 2436 rs3008763 102647938 2 6.356183626596856e-4 102647938 102694690 46752
1 491 rs6685177 19156866 1 -6.292567752456711e-4 19147761 19160236 12475
1 5355 rs3845512 246308279 1 -6.268259709128567e-4 246303128 246319900 16772
1 4605 rs6604673 221991112 1 6.265207064316287e-4 221991112 222003328 12216
1 3960 rs12403075 198721192 2 -6.263155573377702e-4 198692364 198721192 28828
1 1085 rs10493115 43707283 1 6.258514376537812e-4 43705961 43707283 1322
1 200 rs12135416 8910347 1 6.25814527476486e-4 8906301 8910347 4046
1 2750 rs10858072 115847392 1 6.251189636116176e-4 115846221 115857251 11030
1 3115 rs2789428 159959505 1 6.247262083007094e-4 159959505 159959505 0
1 3391 rs2146194 168954614 1 6.245242213791213e-4 168952479 168961407 8928
1 428 rs9803868 17578553 1 6.236193394138459e-4 17578553 17593316 14763
1 649 rs2075995 23847464 2 -6.236077001128596e-4 23839769 23848042 8273
1 3587 rs12407833 178657038 1 -6.227110418627235e-4 178652372 178661629 9257
1 2646 rs4839586 111439902 2 -6.194084197826457e-4 111437129 111459847 22718
1 3119 rs7551983 160129495 1 -6.181084863925203e-4 160129495 160129495 0
1 2306 rs326910 96851552 2 -6.165567973972848e-4 96827409 96854358 26949
1 1099 rs6429644 44487280 1 6.127046460868872e-4 44487280 44487280 0
1 1561 rs12025819 64612395 3 6.081968407605704e-4 64612395 64614011 1616
1 3022 rs11264631 157176781 1 6.070550620183473e-4 157176781 157176781 0
1 2897 rs11204675 150570985 1 -6.067418263998005e-4 150551327 150599849 48522
1 2074 rs7536402 86664322 1 6.045984008029613e-4 86664081 86664322 241
1 3075 rs11810781 158729713 1 6.039440200098147e-4 158729346 158737004 7658
1 1101 rs7519215 44532725 1 6.038628576475449e-4 44529157 44535401 6244
1 5293 rs9662967 244957186 1 6.024731034072449e-4 244957186 244957186 0
1 2161 rs17131031 90854258 1 6.003371737505788e-4 90826932 90893517 66585
1 4486 rs4498862 217439859 1 6.000184584755915e-4 217421415 217439859 18444
1 1433 rs11207523 60302414 1 5.998537875618908e-4 60299125 60359156 60031
1 446 rs491778 18164285 2 -5.991089252359412e-4 18158156 18165276 7120
1 539 rs656110 20397240 1 -5.987644020238184e-4 20373391 20397240 23849
1 2381 rs6689305 100268991 1 5.98121239170053e-4 100268991 100275417 6426
1 1916 rs11162903 80486347 1 5.960411109922854e-4 80483974 80514706 30732
1 1926 rs1776290 80749361 2 5.955799822172815e-4 80739543 80770605 31062
1 1842 rs6691403 76934790 1 -5.93321319029706e-4 76927674 76934790 7116
1 845 rs7518553 32315147 1 5.905076431295281e-4 32311335 32315147 3812
1 1731 rs10493471 70543349 1 -5.90161782934272e-4 70541127 70565511 24384
1 585 rs3200254 21894735 6 -5.895976527781302e-4 21889635 21896767 7132
1 5195 rs7540470 241625863 1 5.862819793116892e-4 241625863 241625863 0
1 1708 rs2249487 69715220 1 5.842231238428469e-4 69711165 69715220 4055
1 3585 rs2761476 178625499 2 -5.836172780164132e-4 178617359 178626526 9167
1 5305 rs4658446 245352307 1 -5.827032731548314e-4 245352307 245352307 0
1 3459 rs12091786 171768793 3 5.810888465051002e-4 171740946 171774483 33537
1 3667 rs2985431 182269701 2 -5.77852565210248e-4 182259826 182269701 9875
1 4951 rs10910440 234605102 1 -5.717890708119521e-4 234601529 234605102 3573
1 4207 rs677066 207773991 3 -5.699674477707372e-4 207748793 207803595 54802
1 1696 rs12136612 68990480 1 -5.694281968387727e-4 68982335 68993460 11125
1 2154 rs7552852 90597198 1 5.683268635198296e-4 90597198 90597198 0
1 3773 rs12027998 187268646 1 -5.664337441320025e-4 187258353 187282394 24041
1 3742 rs232298 185455790 1 5.65875182302014e-4 185453884 185455790 1906
1 1150 rs517384 47952663 1 -5.65188484951472e-4 47948764 47955790 7026
1 4169 rs1891460 205814497 1 -5.6451401141629e-4 205814497 205857654 43157
1 4031 rs2365648 201299785 1 -5.644574576973403e-4 201299470 201299852 382
1 2944 rs821427 153275977 1 5.638688001716204e-4 153271621 153277423 5802
1 4139 rs3892248 204947702 1 -5.583814243434683e-4 204946764 204955416 8652
1 3682 rs10797793 182746231 1 5.551261163408022e-4 182740586 182746231 5645
1 2515 rs12568304 106792422 1 5.541733692948573e-4 106781612 106792422 10810
1 2071 rs17128866 86591141 2 -5.532522948178812e-4 86591036 86603942 12906
1 1631 rs11208847 66866041 1 5.51378091704005e-4 66866041 66866041 0
1 141 rs3935435 6572175 1 -5.51325109036495e-4 6572175 6572175 0
1 4397 rs1472444 214554980 2 -5.500979958843141e-4 214554966 214558658 3692
1 4185 rs10863766 206825605 2 -5.500860268130672e-4 206813737 206841857 28120
1 2172 rs1725384 91260076 1 5.482994571355031e-4 91251325 91260076 8751
1 1300 rs11206606 55939228 1 -5.462957891039342e-4 55920490 55939994 19504
1 1220 rs1288386 53535478 1 5.451570398225257e-4 53535478 53535499 21
1 4829 rs9431660 231311867 1 5.445910211234266e-4 231311867 231316174 4307
1 4831 rs524331 231355070 1 5.431704750422015e-4 231345300 231355070 9770
1 5279 rs4658627 244511176 1 5.4012748210325e-4 244511176 244511176 0
1 2961 rs4845625 154422067 2 -5.385311966583167e-4 154422067 154430092 8025
1 5291 rs10927306 244885285 1 -5.374382346758738e-4 244885285 244885285 0
1 4672 rs576861 225744337 1 5.374069227250943e-4 225665284 225744337 79053
1 4612 rs2800860 222183226 2 -5.364978632496256e-4 222183226 222211329 28103
1 4468 rs1436900 217058479 1 5.355370439796413e-4 217058479 217058479 0
1 2018 rs2812452 84576203 3 5.313548827243575e-4 84548284 84597396 49112
1 2507 rs790970 106249145 1 -5.300051702674009e-4 106243448 106274703 31255
1 2602 rs7524737 110332816 1 -5.277532694584646e-4 110332816 110332816 0
1 257 rs12142107 11097867 1 -5.27655169777198e-4 11072117 11097867 25750
1 1936 rs7411120 81161881 2 -5.261024972638629e-4 81161337 81181741 20404
1 2955 rs139838869 154072601 1 5.247295912553218e-4 153992734 154123523 130789
1 746 rs10902678 28268573 1 -5.209752658682526e-4 28257209 28268573 11364
1 2599 rs12059276 110273541 1 5.14731951244772e-4 110260742 110283785 23043
1 2881 rs999095 147210227 2 -5.119355070152191e-4 147194005 147210965 16960
1 2142 rs6685584 90067602 1 -5.102725894927849e-4 90067602 90067602 0
1 2110 rs2503273 88273790 1 5.101473318091626e-4 88273790 88273790 0
1 4577 rs7537305 220956012 1 5.0928568984328e-4 220956012 220964537 8525
1 552 rs10799633 20740016 1 5.089890016486822e-4 20736532 20745485 8953
1 5096 rs9428818 239171877 1 5.089322912874835e-4 239166229 239184630 18401
1 2185 rs10801851 91747006 2 -5.070150441640917e-4 91730806 91784088 53282
1 1102 rs6682866 44578764 2 5.055307105283923e-4 44559401 44581738 22337
1 2817 rs35290515 118535211 1 -5.054449672324257e-4 118530065 118565953 35888
1 1758 rs357233 72012933 1 5.038787822802897e-4 71992530 72015414 22884
1 3067 rs61739693 158449749 2 -5.015293837054257e-4 158446532 158511445 64913
1 3647 rs12402123 181490018 1 5.009826799014015e-4 181489802 181506539 16737
1 255 rs2003046 11032827 1 4.988105550501468e-4 11032827 11046855 14028
1 1576 rs6660732 65031000 1 -4.981144184029817e-4 65016681 65031202 14521
1 3484 rs4916288 172884872 1 -4.972999320554596e-4 172881827 172898402 16575
1 2295 rs17114164 96293810 1 4.971272749168284e-4 96279245 96296938 17693
1 2867 rs2354432 146693229 1 -4.970411749416015e-4 146656040 146693429 37389
1 3954 rs2249320 198484427 2 -4.955752058330231e-4 198469162 198520125 50963
1 1532 rs1498934 63561813 1 -4.952409438204683e-4 63561813 63570551 8738
1 2416 rs7549900 101857117 1 4.945397205517922e-4 101857117 101857117 0
1 3857 rs6701700 192556309 2 -4.943224790653645e-4 192556309 192559646 3337
1 3865 rs842796 192902415 1 4.932634141713005e-4 192902415 192902415 0
1 157 rs970973 7202190 1 -4.916512158357232e-4 7196659 7208217 11558
1 1778 rs6660036 73390986 1 4.88037343139518e-4 73361805 73426137 64332
1 1410 rs6661505 59356826 1 -4.8579940764377174e-4 59355900 59368947 13047
1 4550 rs17006225 219822453 1 4.855647229112011e-4 219822453 219838104 15651
1 2015 rs12728368 84290288 4 -4.8410296349392313e-4 84290288 84310193 19905
1 1919 rs4618922 80563300 2 4.837045391883875e-4 80556815 80563570 6755
1 1348 rs34341631 57489239 1 4.8276358489741456e-4 57489239 57489239 0
1 3107 rs11265265 159713556 2 -4.817051146161481e-4 159713556 159723619 10063
1 4228 rs1499577 208511351 2 -4.778982380565016e-4 208511351 208515347 3996
1 4531 rs2133045 219005972 1 -4.7737550287058625e-4 218992800 219020707 27907
1 3121 rs150330307 160160801 1 -4.7243568656564017e-4 160160801 160160801 0
1 1705 rs955093 69588193 1 4.7035276001237535e-4 69551411 69613294 61883
1 2255 rs10782987 95119790 1 4.693695586275411e-4 95119790 95120228 438
1 405 rs5257 16373124 1 -4.677384226267384e-4 16373124 16375510 2386
1 4665 rs610607 225428825 2 4.6737973131070576e-4 225340241 225463772 123531
1 3804 rs421604 189548411 1 4.6678602849313966e-4 189548411 189550445 2034
1 1326 rs12120105 56829637 1 -4.6655532778971134e-4 56826300 56852267 25967
1 376 rs2235789 15442058 1 -4.65231906070278e-4 15438990 15446168 7178
1 4881 rs1931597 232720466 1 -4.606235199912496e-4 232720466 232723174 2708
1 3210 rs2841993 163111066 1 4.6052720866172496e-4 163104848 163126417 21569
1 2681 rs10857922 112591009 1 4.605064226942005e-4 112590049 112591674 1625
1 4625 rs11261279 223627024 1 -4.597262994109015e-4 223612428 223632045 19617
1 4095 rs10800925 203365232 1 -4.590317422808371e-4 203351887 203365232 13345
1 4529 rs12026846 218940944 1 -4.589510764640304e-4 218938961 218940944 1983
1 3505 rs16847706 174983207 1 -4.5887055687006737e-4 174971682 174983207 11525
1 864 rs7531293 33947467 3 4.5862950311381054e-4 33936347 33962741 26394
1 276 rs2274976 11850927 1 -4.572026317786008e-4 11836450 11856378 19928
1 4816 rs9970333 230954785 2 4.5607252063047387e-4 230936770 230959250 22480
1 2806 rs320348 118133639 1 -4.55817428199296e-4 118131205 118133639 2434
1 3641 rs9803794 181309400 2 -4.526826712797082e-4 181296112 181309400 13288
1 3211 rs4657252 163157126 1 4.5240418318982486e-4 163149325 163157126 7801
1 297 rs7521256 12600396 1 4.471060222608955e-4 12600396 12600396 0
1 397 rs6692555 16012657 1 4.44638873286102e-4 15993338 16048005 54667
1 4540 rs11118275 219497096 1 4.421057253288731e-4 219482935 219497096 14161
1 3825 rs16832598 190635780 1 -4.4157958793996385e-4 190632794 190664289 31495
1 3363 rs1008680 168285045 1 -4.375020855126547e-4 168278264 168300075 21811
1 3035 rs6680515 157463366 1 4.3634001245677754e-4 157463366 157463366 0
1 4569 rs6694188 220624026 1 -4.3631378957149827e-4 220624026 220624026 0
1 2705 rs10494150 113668344 2 -4.3547517209847474e-4 113657092 113676486 19394
1 970 rs6600436 38469500 1 4.3523666719384746e-4 38469500 38469500 0
1 1105 rs803371 44666345 1 4.351975518468634e-4 44653861 44751710 97849
1 2924 rs6587667 152329852 1 -4.33921199685535e-4 152316590 152372035 55445
1 3355 rs10489202 167903079 2 -4.318793293900984e-4 167903079 168018840 115761
1 3989 rs3790844 200007432 1 4.306655272157227e-4 200007432 200007432 0
1 685 rs12353957 24922056 1 4.306083743605472e-4 24922056 24922129 73
1 3998 rs3861927 200199414 2 4.305491196872747e-4 200199414 200204364 4950
1 5154 rs2185285 240674472 1 4.302400558014219e-4 240674472 240674472 0
1 135 rs6703057 6187086 2 4.283300746203704e-4 6187086 6190215 3129
1 4894 rs9424612 233040857 1 -4.2416773400254384e-4 233040790 233046677 5887
1 277 rs7537765 11887303 1 -4.2325155334815465e-4 11862778 11887303 24525
1 1891 rs12037077 79350364 3 -4.222705810824312e-4 79325216 79351342 26126
1 4786 rs1923950 230384970 1 4.1411354749868086e-4 230365641 230398445 32804
1 411 rs35196193 16577794 1 4.095906938926165e-4 16561179 16653299 92120
1 2128 rs6699417 89123443 1 -4.0832881802737935e-4 89123443 89123443 0
1 1167 rs6679531 48524180 2 4.0761393498179807e-4 48524180 48532672 8492
1 385 rs572953 15609117 1 4.021654316186627e-4 15606453 15610004 3551
1 2887 rs903784 147364099 1 -4.020900008500889e-4 147357928 147364099 6171
1 665 rs10903038 24491058 1 -4.006061369031226e-4 24485941 24491058 5117
1 5049 rs11583646 237806819 1 3.987024076563419e-4 237806819 237815546 8727
1 720 rs2736831 26357656 2 3.9816083621343183e-4 26357656 26376607 18951
1 3498 rs7540065 173449036 2 3.9725969818878507e-4 173391208 173457599 66391
1 783 rs17262748 30257664 1 -3.967906979859264e-4 30257664 30257664 0
1 4370 rs17021090 213781198 1 -3.956627002734806e-4 213781198 213781198 0
1 431 rs1748020 17668609 1 3.908935038154604e-4 17668609 17674537 5928
1 5307 rs10802198 245366662 1 -3.901047417282747e-4 245366662 245367534 872
1 1383 rs6667829 58610928 1 -3.8954269373242e-4 58591848 58621964 30116
1 4346 rs4951446 212620938 1 3.892630786815818e-4 212610755 212620938 10183
1 4205 rs6690215 207656050 1 -3.87755920892103e-4 207656050 207658145 2095
1 2000 rs323973 83535877 2 3.863686785033696e-4 83535877 83586063 50186
1 2318 rs11165779 97564650 3 -3.852202014909501e-4 97526732 97580323 53591
1 1428 rs12027119 60152685 1 -3.850078121161587e-4 60152685 60162291 9606
1 4396 rs72757962 214551420 1 3.8397031594512865e-4 214536061 214551420 15359
1 1815 rs6658825 75974819 2 3.8056277957980217e-4 75941966 75982426 40460
1 3909 rs10494731 195736595 1 3.8050156443292184e-4 195736595 195736595 0
1 3927 rs41310132 196928188 1 3.7961010304803533e-4 196928188 196929310 1122
1 4927 rs4649249 233939035 1 -3.7876138431548864e-4 233926128 233944143 18015
1 4347 rs7544479 212660681 1 -3.779244247263814e-4 212656471 212670994 14523
1 3846 rs7543417 192088044 1 -3.7508909249496633e-4 192047263 192089215 41952
1 5423 rs6695603 248145644 1 3.742852825909428e-4 248145644 248148188 2544
1 3425 rs6427247 170380480 1 -3.731573682101574e-4 170380480 170380480 0
1 4688 rs12402078 226355373 1 3.7290769457496293e-4 226343585 226360795 17210
1 5208 rs1342872 241980222 1 -3.727035955522778e-4 241980222 242000788 20566
1 3395 rs1040502 169088132 2 -3.720624284942694e-4 169087665 169088947 1282
1 2239 rs554931 94557357 2 3.715693421895078e-4 94544233 94557434 13201
1 2533 rs4244120 107480854 2 3.7126956189051233e-4 107480854 107481837 983
1 1388 rs2794651 58807475 1 -3.681248136030609e-4 58802060 58807475 5415
1 5071 rs17528326 238494665 1 3.671587854814396e-4 238477828 238504813 26985
1 4597 rs11118771 221773994 1 -3.662372114350698e-4 221773994 221773994 0
1 596 rs4654986 22138198 1 -3.6600517836214567e-4 22138198 22138198 0
1 5038 rs2275288 237433524 1 -3.658856714091077e-4 237433524 237446556 13032
1 2749 rs910330 115835500 2 3.646106974135024e-4 115833581 115837709 4128
1 2012 rs4636482 84190263 1 -3.638990928132403e-4 84181060 84220313 39253
1 439 rs10788679 17916962 1 -3.63560367487005e-4 17916962 17916962 0
1 4106 rs2810589 203898120 1 -3.612288157517706e-4 203898120 203923829 25709
1 3155 rs4657090 161662484 1 -3.6111145299515534e-4 161651064 161662484 11420
1 379 rs16851387 15518792 3 3.596457887665997e-4 15509852 15520987 11135
1 963 rs6687329 38127154 1 3.593867208134051e-4 38127154 38127154 0
1 2273 rs7527765 95470811 2 3.592742570546686e-4 95470811 95536715 65904
1 1032 rs963377 41297411 1 -3.5853409170243626e-4 41297411 41297411 0
1 2039 rs1325278 85400182 1 3.5851391676571724e-4 85396158 85402997 6839
1 4444 rs421821 216282495 1 3.579896907611866e-4 216277327 216282495 5168
1 1223 rs3766792 53590423 1 -3.5688341287089676e-4 53590423 53590423 0
1 4374 rs11120179 213825023 3 -3.5576934719831375e-4 213817311 213825023 7712
1 1538 rs10493344 63734114 2 3.554952535851265e-4 63688381 63753736 65355
1 4035 rs2799686 201347315 1 -3.5544038556879184e-4 201347315 201347315 0
1 2496 rs10881267 105719943 1 -3.5504709603065174e-4 105717631 105728264 10633
1 1715 rs9326089 69909410 1 -3.5472141402779816e-4 69909410 69909512 102
1 1353 rs155294 57658036 1 3.543152714232269e-4 57656501 57666901 10400
1 3678 rs1287813 182590802 1 -3.535953976657748e-4 182589427 182596728 7301
1 2259 rs1146267 95220161 1 3.521562936952995e-4 95207524 95223872 16348
1 2055 rs530006 85913508 2 3.5113617469126183e-4 85904338 85918329 13991
1 55 rs12408012 4379687 1 -3.4951899708327613e-4 4379687 4379687 0
1 3595 rs7531307 179302003 1 3.4929265001770954e-4 179267783 179302003 34220
1 3703 rs4652825 183793323 1 -3.4846628623944964e-4 183792288 183793323 1035
1 2195 rs2029354 92181670 2 -3.4812262362849756e-4 92181478 92181670 192
1 870 rs1874045 34071525 1 -3.4665418506683876e-4 34071525 34071898 373
1 3915 rs7537893 195915909 2 -3.464493561386412e-4 195915909 195916887 978
1 3744 rs7536974 185498284 1 -3.4583758966738116e-4 185498284 185500084 1800
1 2528 rs12085613 107294677 1 -3.4439583898743654e-4 107259785 107299512 39727
1 2573 rs2184083 109261971 1 3.422067538009905e-4 109260034 109266523 6489
1 2828 rs2360627 119188329 1 3.3989806427948683e-4 119161408 119253471 92063
1 2945 rs2987760 153283495 2 -3.387910707447366e-4 153279696 153321584 41888
1 2189 rs7536573 92030967 1 -3.3778814157993007e-4 92030967 92031009 42
1 1451 rs10889197 61206485 3 3.370504245675558e-4 61192181 61206485 14304
1 2672 rs605604 112433863 1 3.370487889712053e-4 112428953 112437344 8391
1 2441 rs12060427 102922025 1 3.342160383813174e-4 102922025 102939690 17665
1 962 rs11264082 38122012 1 3.330661423181843e-4 38117142 38122012 4870
1 4140 rs2802809 204969586 1 -3.326357832766957e-4 204969586 204971485 1899
1 181 rs228654 7897228 2 -3.325934723156464e-4 7887493 7909737 22244
1 2554 rs17020088 108351812 1 -3.323737964123367e-4 108351812 108366016 14204
1 1784 rs11210325 74139105 2 3.322315812930511e-4 74135123 74139105 3982
1 1330 rs4912291 56941387 1 -3.3058571729818357e-4 56941387 56955386 13999
1 4449 rs12134474 216446653 1 3.279468212576906e-4 216446653 216455107 8454
1 1469 rs2243874 61757024 1 -3.2791258455395795e-4 61757024 61757024 0
1 3953 rs4915287 198453920 1 3.2768641596054947e-4 198453920 198457080 3160
1 2553 rs17020055 108336533 1 -3.2575919953111386e-4 108302922 108336533 33611
1 380 rs6429728 15540685 1 3.2273886191863633e-4 15537122 15540685 3563
1 1634 rs699252 66941200 1 3.2199619056399835e-4 66941200 66959434 18234
1 1932 rs3737936 81006304 1 3.2135011686544525e-4 80985935 81007960 22025
1 117 rs9439587 5679808 1 -3.2124401108280133e-4 5679441 5679808 367
1 1151 rs12123884 47960631 1 -3.2058973422621165e-4 47960253 47968050 7797
1 216 rs916380 9341038 1 3.2013085127870233e-4 9341038 9341038 0
1 863 rs4361958 33796554 2 -3.1990118272692705e-4 33796554 33873511 76957
1 2704 rs7169 113455099 1 -3.185981434350111e-4 113449627 113502552 52925
1 42 rs12068729 4091650 2 -3.1786400393685855e-4 4091650 4092949 1299
1 4862 rs1888602 232318225 1 3.174878713267051e-4 232314505 232322821 8316
1 1180 rs320025 49080074 3 3.1697763536298745e-4 49076438 49082023 5585
1 3269 rs7554002 165287003 1 -3.1613316647176017e-4 165286141 165297703 11562
1 4664 rs3128652 225268346 1 -3.156696635827444e-4 225178198 225289188 110990
1 4608 rs11579212 222072819 2 -3.1480883110852507e-4 222072819 222078600 5781
1 2994 rs10908496 156264000 2 -3.1429489399671277e-4 156235120 156264000 28880
1 701 rs443523 25403783 1 -3.119395717139266e-4 25403783 25403783 0
1 3979 rs16845170 199557306 1 3.107529624865644e-4 199557306 199557306 0
1 4136 rs17336419 204876966 1 -3.0893690123254226e-4 204876966 204885134 8168
1 627 rs12128546 22937094 1 -3.0884840620524443e-4 22934644 22937818 3174
1 2196 rs4658260 92184673 1 -3.0871661934963435e-4 92184673 92191534 6861
1 4401 rs4465172 214608879 1 -3.079717348791856e-4 214608879 214630757 21878
1 3298 rs987131 166136474 1 3.070265162228078e-4 166130218 166136474 6256
1 2497 rs4384283 105739503 1 3.063736969018434e-4 105731788 105748581 16793
1 3462 rs6673009 171901805 1 -3.062882863550824e-4 171901805 171927696 25891
1 2085 rs2231592 87031656 1 3.029016044650886e-4 87031656 87044583 12927
1 698 rs380939 25370521 3 3.0041237930212813e-4 25364652 25370521 5869
1 3873 rs2149178 193681625 3 -3.0019216631564156e-4 193655428 193695077 39649
1 1309 rs2671258 56146450 1 2.9921726891650897e-4 56143209 56163458 20249
1 3951 rs6702048 198327168 1 2.990065166917071e-4 198310293 198333063 22770
1 3736 rs12040650 184986725 1 -2.9813054165720246e-4 184986725 185123630 136905
1 1430 rs2179662 60213519 1 2.976566140948149e-4 60213519 60213519 0
1 3237 rs12043375 164365846 1 2.953689745988128e-4 164349646 164365846 16200
1 3386 rs1885555 168851940 1 -2.876201737454198e-4 168829991 168863309 33318
1 3412 rs10800485 169847146 2 2.87141485556446e-4 169847146 169847146 0
1 1617 rs17448446 66217402 1 2.86858309193141e-4 66217402 66242820 25418
1 2401 rs4584412 101181576 1 2.856928834502793e-4 101181576 101183825 2249
1 4150 rs4951199 205313647 1 -2.8567265790610156e-4 205313647 205318983 5336
1 2471 rs11185408 104792257 1 2.8539595331137274e-4 104792257 104818575 26318
1 1231 rs6656566 53878651 2 -2.842028396442199e-4 53877199 53881081 3882
1 1389 rs12145683 58817583 3 -2.8259679031518437e-4 58811791 58825601 13810
1 1082 rs12118791 43661707 1 -2.7996884310500374e-4 43638436 43663376 24940
1 2476 rs2132960 104959536 1 -2.7639264250210835e-4 104954365 104959857 5492
1 37 rs12082157 3811810 1 2.758012013304582e-4 3803755 3811810 8055
1 1095 rs1502907 44258040 1 -2.751660461943787e-4 44252908 44295047 42139
1 1766 rs10518395 72482645 1 2.7427996375934413e-4 72458685 72500375 41690
1 1650 rs6588247 67649344 1 -2.735652613041698e-4 67605134 67659896 54762
1 2144 rs17130851 90145252 1 2.72010648543381e-4 90132069 90145252 13183
1 3899 rs10921706 194929606 4 2.7157858706443284e-4 194924039 194993511 69472
1 3526 rs2179158 175585503 1 -2.7113588311193453e-4 175581146 175585503 4357
1 1152 rs2506985 47986452 1 2.709937079510608e-4 47981663 47986452 4789
1 3570 rs4081367 177790062 1 -2.6977358743255443e-4 177788008 177790062 2054
1 4964 rs4626924 234909298 1 2.6945101956043935e-4 234909298 234909298 0
1 2160 rs12118850 90821777 1 2.6895337344664936e-4 90816109 90825188 9079
1 2895 rs13294 150484987 1 -2.682462717599302e-4 150466925 150484987 18062
1 3390 rs12048750 168922582 3 2.67937296109566e-4 168913482 168932500 19018
1 3147 rs11584174 161212453 3 2.666675278718887e-4 161204538 161215212 10674
1 2205 rs7551956 92441120 1 -2.6433555160413225e-4 92416821 92472723 55902
1 1160 rs2282361 48240005 2 -2.638992502176471e-4 48236425 48240005 3580
1 2423 rs1484315 102080843 1 2.6376773071445323e-4 102080843 102087717 6874
1 3895 rs6702232 194760481 1 -2.635718952024604e-4 194760481 194802115 41634
1 2856 rs2793830 120466108 3 2.6344749088424177e-4 120437884 120505532 67648
1 4152 rs6664679 205340269 1 -2.62959446579261e-4 205336875 205343648 6773
1 3778 rs1938512 187422872 1 2.626723458147735e-4 187416536 187435132 18596
1 817 rs2377367 31027917 2 -2.6061919760625516e-4 31013426 31045509 32083
1 4691 rs747658 226551178 1 -2.600901065743412e-4 226542049 226578047 35998
1 1049 rs12043801 41971227 1 -2.5849999044496355e-4 41971227 41971227 0
1 4998 rs10924694 236358092 1 -2.5753872318920343e-4 236357391 236358092 701
1 5358 rs12404422 246441421 1 2.5576729557375683e-4 246441421 246441421 0
1 2079 rs385437 86822231 1 -2.556986619427348e-4 86822231 86896541 74310
1 1247 rs637590 54461703 1 2.540253233008124e-4 54443867 54468166 24299
1 993 rs10789469 39166802 1 -2.531412099598846e-4 39166802 39166802 0
1 5166 rs2796742 241042131 2 2.517492122121464e-4 241042131 241047490 5359
1 1551 rs2819130 64231541 3 -2.499462393270959e-4 64209711 64231541 21830
1 3978 rs6691743 199531025 1 2.4910501290703455e-4 199471616 199534908 63292
1 402 rs10927875 16299312 1 2.4798250684897446e-4 16299312 16324233 24921
1 2614 rs10127659 110619665 2 2.479618820088907e-4 110609288 110619665 10377
1 4254 rs6692331 209256181 3 2.4721212309822965e-4 209239811 209256181 16370
1 2048 rs11161557 85701071 1 -2.468087222940778e-4 85686552 85709133 22581
1 54 rs351615 4370385 1 2.454272969058618e-4 4370385 4376816 6431
1 1929 rs1427239 80892408 1 -2.4404598742318925e-4 80892408 80892408 0
1 1730 rs984950 70459886 1 -2.434338648005413e-4 70419661 70459886 40225
1 5218 rs12135329 242347587 1 2.4303147287044183e-4 242344395 242350414 6019
1 1887 rs1333969 79090654 1 2.410443754893604e-4 79079566 79107140 27574
1 1556 rs285339 64442169 1 -2.409107909795774e-4 64381917 64442169 60252
1 59 rs7418714 4446996 1 2.4008125173213073e-4 4441089 4456277 15188
1 3195 rs6679069 162813651 1 -2.3994219787127212e-4 162813432 162813651 219
1 1183 rs320050 49174405 1 2.3942267625387363e-4 49174405 49179498 5093
1 1113 rs12088087 45170012 1 -2.3921214231756877e-4 45170012 45170012 0
1 4541 rs6704463 219547825 1 2.3868721867410024e-4 219530826 219557811 26985
1 1498 rs10889294 62630362 1 -2.368678477198953e-4 62630362 62635116 4754
1 3452 rs235864 171588583 1 -2.366788557519902e-4 171588583 171592869 4286
1 3377 rs761093 168610581 1 -2.3632177775657245e-4 168607373 168610817 3444
1 1126 rs4660347 46913300 1 -2.351738714726186e-4 46905802 46923102 17300
1 152 rs7543753 7078364 2 2.3354288494697897e-4 7055024 7079762 24738
1 3148 rs12093075 161263380 2 2.3318268828922132e-4 161239471 161263380 23909
1 3726 rs1339563 184503803 2 -2.3144428843244075e-4 184488963 184541602 52639
1 3313 rs12073480 166711398 1 -2.3137549995079672e-4 166711398 166758737 47339
1 4481 rs12040162 217293917 1 2.2810520549235145e-4 217290281 217293917 3636
1 3658 rs476093 181787259 1 2.275107016485042e-4 181778329 181816509 38180
1 2687 rs2998359 112780618 1 2.2433766328515723e-4 112779668 112787396 7728
1 2701 rs11102555 113400990 1 2.2417657076746045e-4 113384015 113400990 16975
1 4751 rs991304 229091234 1 -2.241419490044252e-4 229091234 229100829 9595
1 1217 rs515857 53336859 1 -2.2374870259957055e-4 53233374 53340824 107450
1 1000 rs2252410 39744607 1 -2.235787712218456e-4 39731550 39906659 175109
1 1874 rs3104467 77971047 1 2.232002522847553e-4 77971047 77980235 9188
1 4464 rs10218498 216965834 3 2.2314050624594375e-4 216962893 216965834 2941
1 1802 rs10493547 75151932 2 2.2276923590491064e-4 75151932 75151932 0
1 3225 rs884518 163836720 1 -2.2250678354831456e-4 163836720 163836720 0
1 4253 rs6685963 209222499 3 -2.217134564253928e-4 209222499 209234358 11859
1 648 rs1198433 23756695 1 -2.216077683165331e-4 23756695 23794914 38219
1 3389 rs882126 168907072 1 2.2082038296855944e-4 168907072 168907072 0
1 1045 rs3856254 41883722 1 -2.2074172410482617e-4 41883722 41883722 0
1 3718 rs4650656 184148645 2 2.2070037603713345e-4 184145642 184177245 31603
1 2535 rs17496332 107546375 1 -2.201875207635059e-4 107546375 107553330 6955
1 2610 rs17025223 110490341 1 -2.1994064961259235e-4 110478803 110490341 11538
1 506 rs12133034 19622270 1 2.1992838167976257e-4 19618601 19627876 9275
1 2967 rs10494301 154701218 1 -2.1962997025951888e-4 154701218 154701218 0
1 4949 rs750813 234557918 2 -2.1871746032584144e-4 234557918 234557918 0
1 119 rs6690868 5701323 2 2.169527086867259e-4 5701323 5707091 5768
1 3287 rs10918271 165704732 1 2.1666814770980044e-4 165687205 165704732 17527
1 2183 rs620760 91633434 1 -2.156325467285604e-4 91632172 91633434 1262
1 5422 rs4451578 248138217 1 2.1555737850404731e-4 248138217 248138531 314
1 5343 rs9287193 246047468 1 -2.127812832091862e-4 246042392 246047468 5076
1 371 rs4661561 15341055 1 -2.1229171782734808e-4 15339960 15341055 1095
1 3806 rs532905 189620278 2 2.1171030370450907e-4 189600151 189639180 39029
1 1076 rs2297977 43415288 1 -2.102609122307829e-4 43410859 43440201 29342
1 3593 rs3210839 179069429 2 -2.090538237166579e-4 179069429 179130359 60930
1 4017 rs12132696 201004512 2 2.0903663984791273e-4 201003606 201012484 8878
1 3565 rs2181263 177670577 1 2.0892552291077788e-4 177670577 177690971 20394
1 3266 rs1891927 165138246 1 2.0886247311377977e-4 165132051 165158705 26654
1 1039 rs11209615 41640110 2 2.085835639148004e-4 41594798 41691323 96525
1 2089 rs1886632 87610246 1 2.081852596760032e-4 87608534 87628868 20334
1 4191 rs2243191 207015957 1 -2.0804731789409765e-4 207009910 207035647 25737
1 1539 rs2367270 63775056 1 -2.078694112236207e-4 63775056 63775056 0
1 5263 rs7511723 244155946 1 -2.07098138532251e-4 244155946 244155946 0
1 1256 rs6694281 54769520 1 2.063718176079322e-4 54769520 54769520 0
1 3538 rs150935097 176175819 1 -2.047954886379391e-4 176001496 176175819 174323
1 5149 rs12139890 240603534 1 2.0472565517060888e-4 240600551 240603534 2983
1 5000 rs2477586 236384941 1 -2.0404264759402748e-4 236384941 236413446 28505
1 4957 rs4920259 234689664 1 2.028903871801267e-4 234689664 234689664 0
1 2040 rs541897 85438243 1 2.0284422777152716e-4 85420044 85438243 18199
1 2405 rs3737580 101360215 4 -2.0199291355227705e-4 101348100 101415707 67607
1 5101 rs10925832 239321213 2 2.0194353212272785e-4 239316750 239321213 4463
1 2518 rs1330226 106843175 1 -2.017647199564549e-4 106843175 106870121 26946
1 2291 rs585463 96143185 1 -2.0141295731482929e-4 96143185 96145968 2783
1 2699 rs4385708 113331258 1 2.0113416479751244e-4 113313563 113331258 17695
1 2037 rs7512497 85335709 1 2.0107207205374145e-4 85335709 85340005 4296
1 3397 rs12728466 169112703 2 2.0040605127867364e-4 169103323 169121811 18488
1 4752 rs778532 229128091 1 1.9980872221176063e-4 229128091 229128091 0
1 3904 rs2119441 195392852 1 1.9938272889193385e-4 195366376 195393642 27266
1 2957 rs6672010 154292161 2 -1.990720252960587e-4 154291718 154314408 22690
1 1058 rs2993120 42350837 3 -1.9821789754851112e-4 42330585 42350837 20252
1 3318 rs7555095 167003539 1 -1.9802767580426463e-4 166997021 167017409 20388
1 4158 rs16855698 205483124 1 -1.974338506364517e-4 205483124 205483124 0
1 2130 rs13376108 89350741 1 1.967174310333852e-4 89322809 89350741 27932
1 285 rs7550536 12067044 1 -1.9584210371810547e-4 12059412 12067044 7632
1 4006 rs6688734 200535312 1 1.9483771938198915e-4 200531693 200575794 44101
1 5336 rs2791362 245911746 1 1.9454133484880152e-4 245911746 245920863 9117
1 4891 rs4649410 232972001 2 1.930205890186725e-4 232972001 232972001 0
1 1528 rs6694848 63503606 1 1.9294241919130096e-4 63503606 63503606 0
1 1274 rs6588528 55156881 1 -1.9232641800621345e-4 55156881 55156881 0
1 2357 rs309083 99416102 1 -1.9231211607068267e-4 99413725 99416102 2377
1 5152 rs12403071 240620131 2 1.9120467533896828e-4 240620131 240620131 0
1 18 rs2817178 3047252 1 1.9118445930007573e-4 3047252 3047252 0
1 4812 rs1890350 230894365 1 1.8913379141527356e-4 230894323 230895340 1017
1 1603 rs10889546 65851759 1 1.8775325416315849e-4 65835302 65851759 16457
1 1006 rs481423 40183922 1 1.8700034601685367e-4 40183922 40194903 10981
1 2247 rs12742802 94629643 3 -1.859537822797798e-4 94629643 94657769 28126
1 3642 rs667586 181372624 1 -1.858445537386186e-4 181372624 181372624 0
1 974 rs1564119 38657884 1 -1.84780524790478e-4 38657551 38667704 10153
1 2355 rs1329465 99383364 1 -1.845445006590694e-4 99373498 99383364 9866
1 5007 rs653740 236644617 1 1.8417609696091053e-4 236634875 236644617 9742
1 3758 rs7542810 186532231 1 1.836908473504778e-4 186532231 186599524 67293
1 4986 rs10927083 236109373 1 1.832987199764388e-4 236105308 236109373 4065
1 2428 rs769163 102304152 1 -1.8292668367832928e-4 102304094 102304152 58
1 5122 rs1124375 240127293 1 1.8168554582312493e-4 240121828 240134191 12363
1 3807 rs10919787 189775505 1 -1.7987035463852167e-4 189772005 189775505 3500
1 1765 rs10518394 72442018 1 -1.7936313535850515e-4 72402880 72442018 39138
1 3353 rs203848 167849327 1 1.7812390618723048e-4 167845787 167849414 3627
1 3987 rs4465241 199963622 2 1.7791777188289867e-4 199963622 199971261 7639
1 2068 rs17128768 86507592 1 1.767843241231286e-4 86479771 86512536 32765
1 1070 rs10493113 43158510 1 1.746546724565341e-4 43110276 43158510 48234
1 10 rs2840532 2327815 1 1.7309400540295997e-4 2327075 2327815 740
1 1935 rs17105288 81137243 1 -1.725046778386919e-4 81137243 81145829 8586
1 3784 rs10798137 187699152 2 1.7243039519823498e-4 187689619 187713440 23821
1 2632 rs12748140 111080468 1 1.7170084517203408e-4 111080468 111084964 4496
1 2682 rs12566649 112606027 1 1.692844969207567e-4 112597532 112610318 12786
1 3410 rs12035144 169749154 1 1.6927098878845504e-4 169749154 169756389 7235
1 886 rs12563211 34486225 1 1.6875096460333613e-4 34477581 34486225 8644
1 4413 rs11587867 215006939 1 -1.6788026141683306e-4 215005621 215024396 18775
1 4553 rs10157552 219911743 3 -1.6693411745957168e-4 219911743 219931448 19705
1 5162 rs6677808 240933445 1 -1.6687228535799053e-4 240933445 240962372 28927
1 2204 rs17576372 92366174 1 -1.6600453773550806e-4 92358371 92393939 35568
1 1391 rs338934 58857666 1 1.6561488903386648e-4 58857598 58859197 1599
1 471 rs10465918 18701899 1 1.649588851221329e-4 18693245 18701899 8654
1 2649 rs1282275 111629571 1 1.6332762121754076e-4 111629571 111684276 54705
1 3303 rs4542197 166364063 2 -1.6192405492868517e-4 166364063 166364063 0
1 1173 rs6684996 48758458 1 1.604973516766657e-4 48731646 48841815 110169
1 239 rs6667629 10524467 1 -1.597991322636396e-4 10524467 10563492 39025
1 4359 rs4951651 213080601 1 -1.597249363832634e-4 213064209 213088494 24285
1 975 rs6685558 38687060 1 -1.5915283255536026e-4 38687060 38695702 8642
1 1092 rs2077652 44045919 1 1.5877839208091902e-4 44045294 44076019 30725
1 929 rs11263901 36960626 1 -1.5855048056281825e-4 36957831 36960626 2795
1 186 rs34781518 8074334 1 1.5659269219466223e-4 7999602 8074334 74732
1 2674 rs12119724 112468814 1 -1.5626730259933047e-4 112464376 112468814 4438
1 1819 rs1846233 76159354 1 -1.559477314209404e-4 76154750 76227022 72272
1 1360 rs11207036 57904853 1 -1.5547759893779232e-4 57904853 57909581 4728
1 1816 rs211699 76025003 2 -1.544297077315681e-4 75998695 76025003 26308
1 3554 rs12128612 177158631 1 1.5304592030918122e-4 177158631 177162809 4178
1 3918 rs11579497 196061711 1 -1.5235942725141128e-4 196061711 196061711 0
1 2421 rs1361812 101939689 1 -1.5090140103361788e-4 101939689 101952173 12484
1 2765 rs12039739 116333111 1 1.5020760134654528e-4 116320833 116333773 12940
1 4282 rs7543674 210355442 2 -1.490627242876697e-4 210347417 210357399 9982
1 5241 rs6429370 242856566 1 1.4903281004815367e-4 242855782 242856905 1123
1 339 rs10754914 14507739 1 -1.486464301338326e-4 14507739 14507739 0
1 2218 rs12067005 93543119 1 -1.4856309948804507e-4 93543119 93559071 15952
1 1022 rs12568089 40921238 1 -1.4799281426684671e-4 40921145 40923019 1874
1 5367 rs6426312 246766435 1 1.4767532872929774e-4 246755124 246805265 50141
1 2559 rs4915093 108572106 1 1.456199366270914e-4 108554161 108576267 22106
1 4013 rs7554511 200877562 3 -1.4391900149236716e-4 200877562 200896708 19146
1 5078 rs7532779 238636362 1 -1.4330481730333682e-4 238636362 238636362 0
1 5050 rs16835705 237908911 1 1.4293514358285623e-4 237908911 237921596 12685
1 4929 rs12086015 233976729 1 1.4228947019760617e-4 233957343 233976729 19386
1 3279 rs4657449 165465281 1 -1.421345870930564e-4 165465281 165465281 0
1 3731 rs12750174 184765000 1 -1.4194854885707237e-4 184756235 184777880 21645
1 875 rs474474 34238283 1 1.4179194065652964e-4 34238283 34238852 569
1 138 rs7529205 6473294 1 -1.4177972709583664e-4 6461530 6481623 20093
1 4875 rs6678031 232574330 1 1.4079604859750013e-4 232568041 232574921 6880
1 1087 rs1556581 43772190 1 -1.396502225781838e-4 43772190 43774437 2247
1 781 rs920600 30222525 1 1.3918478570735298e-4 30204943 30226827 21884
1 46 rs10915445 4197642 1 -1.3877208532450848e-4 4197035 4202818 5783
1 3518 rs16848281 175322842 1 -1.387564851378411e-4 175322842 175326303 3461
1 1974 rs12125527 82503980 1 -1.3506065696696184e-4 82503816 82517645 13829
1 4617 rs17461806 222584505 2 1.3497026340068667e-4 222584505 222584505 0
1 5009 rs10754573 236677586 1 1.3461246927025307e-4 236677586 236677586 0
1 2373 rs6689789 100079760 1 -1.3390517893701082e-4 100079760 100087162 7402
1 3889 rs4291483 194407083 2 1.3371218309097977e-4 194407083 194416810 9727
1 3442 rs7529080 171205078 3 1.3237821624019898e-4 171172147 171205078 32931
1 2870 rs4950394 146767149 1 -1.3008780226473536e-4 146767062 146767908 846
1 3739 rs7553686 185364104 5 -1.2936125782903008e-4 185347488 185364454 16966
1 395 rs11583306 15860803 2 -1.2907158309698413e-4 15821673 15904318 82645
1 841 rs3818788 32158374 1 -1.282202621955217e-4 32158374 32158374 0
1 1253 rs11544199 54661262 1 -1.272999418058815e-4 54661150 54661262 112
1 1249 rs6694397 54566310 1 -1.2690843476698623e-4 54505437 54575746 70309
1 3650 rs7511748 181545037 1 -1.2655153544358986e-4 181541159 181568770 27611
1 1844 rs4949632 76976522 1 1.2645052457340984e-4 76976522 76976522 0
1 4851 rs11584798 232066277 1 1.2584630352633602e-4 232066277 232078614 12337
1 654 rs7515510 23988361 1 1.258261438178351e-4 23988361 23994201 5840
1 4759 rs9701452 229290907 1 1.2568364002701362e-4 229290907 229301909 11002
1 4932 rs13374030 234066006 1 -1.2561124198092534e-4 234063801 234068161 4360
1 1980 rs1281614 82843604 1 -1.2557663144921295e-4 82843604 82843604 0
1 4322 rs12140949 211676238 1 1.241212814784946e-4 211663221 211676378 13157
1 4214 rs614732 208112125 1 1.2384132057196545e-4 208112125 208127490 15365
1 530 rs3806308 20142866 3 1.23401678485252e-4 20142681 20144332 1651
1 567 rs3753834 20988911 1 1.2333603445650125e-4 20972111 20988911 16800
1 2427 rs1470438 102239205 1 -1.229710065144237e-4 102235679 102243101 7422
1 976 rs6702480 38715252 1 -1.2284693793517302e-4 38715252 38721663 6411
1 2921 rs3124314 152037515 1 -1.2135585243706089e-4 152034430 152141674 107244
1 1470 rs2806440 61786398 1 -1.2079681350261172e-4 61786398 61791863 5465
1 593 rs3738091 21997282 1 -1.1957242591326448e-4 21997282 22000026 2744
1 4950 rs111283864 234565176 1 1.192907651157886e-4 234565176 234582720 17544
1 4010 rs7535122 200672699 1 1.181708238225785e-4 200672410 200682721 10311
1 268 rs2076469 11584164 1 -1.180242739988132e-4 11578973 11584164 5191
1 1995 rs876339 83340310 1 1.1799228548791132e-4 83331118 83340310 9192
1 1104 rs2485652 44595410 1 -1.1793266732940289e-4 44595410 44595410 0
1 3764 rs2307198 186946912 2 -1.1644597878435974e-4 186946386 186951429 5043
1 3519 rs16848353 175341548 1 -1.1525533098510133e-4 175336530 175352218 15688
1 4902 rs2477863 233282323 1 -1.1465966374554208e-4 233282210 233282323 113
1 850 rs10914540 32715821 1 -1.1243361156840472e-4 32715821 32715821 0
1 939 rs12123067 37196958 1 1.114615945443161e-4 37196958 37202097 5139
1 3042 rs145252437 157771966 1 -1.108855947776273e-4 157771966 157771966 0
1 1229 rs12083302 53803639 1 1.1009611674649965e-4 53786149 53810030 23881
1 2448 rs12121498 103380128 1 -1.0907740351243516e-4 103371544 103384610 13066
1 1601 rs6677968 65776702 1 1.09029149672348e-4 65776702 65783231 6529
1 4312 rs1501555 211097125 1 -1.07543105195693e-4 211085683 211117197 31514
1 3081 rs2518544 158876921 1 1.070027138413008e-4 158873211 158891391 18180
1 375 rs9943244 15395881 1 1.0532586596892572e-4 15395881 15395881 0
1 1568 rs705551 64737015 1 1.0527850046774136e-4 64737015 64747636 10621
1 2562 rs501273 108654328 2 -1.0490758741266116e-4 108644704 108658838 14134
1 3125 rs11585691 160420036 1 -1.0439482963700285e-4 160407840 160420036 12196
1 3051 rs7527735 158023515 1 1.040517303476858e-4 158023515 158023515 0
1 1156 rs1108866 48060089 1 1.0364010222693844e-4 48057890 48060089 2199
1 5127 rs10926087 240206985 2 -1.0345392824879062e-4 240188406 240207793 19387
1 3863 rs4140450 192845807 2 -1.0249870856745136e-4 192818018 192845807 27789
1 4256 rs2970556 209377775 2 1.0232524514929832e-4 209336246 209380481 44235
1 2173 rs1335718 91279915 1 -1.0123645050953792e-4 91265543 91293921 28378
1 4718 rs3014295 227605738 1 1.0104762625074168e-4 227598169 227617761 19592
1 2488 rs4483421 105341180 1 9.96467495684609e-5 105341180 105341180 0
1 4178 rs1930438 206643106 1 -9.871902525975477e-5 206643106 206643106 0
1 1745 rs1327461 71306749 1 -9.848701827065106e-5 71288661 71306749 18088
1 1317 rs11206704 56444449 1 9.813213584182684e-5 56444449 56448410 3961
1 944 rs6687320 37430363 1 -9.387369142406976e-5 37430266 37430363 97
1 5402 rs10802523 247745313 2 -9.253407291225787e-5 247745227 247745313 86
1 1492 rs1332631 62496360 1 -9.192897174167956e-5 62492215 62501371 9156
1 174 rs17031113 7617484 1 8.95256129741945e-5 7617484 7617484 0
1 1751 rs481940 71442457 1 8.78583010350235e-5 71442206 71458162 15956
1 4773 rs670054 229888337 1 8.710297081905589e-5 229863007 229888337 25330
1 4559 rs6700061 220098329 1 8.492460835094795e-5 220082150 220098329 16179
1 445 rs4920642 18128532 1 8.443864626494861e-5 18119601 18128532 8931
1 4295 rs7530369 210647296 1 8.299878028201207e-5 210641438 210652685 11247
1 2983 rs35154152 155172725 1 -8.244700293822855e-5 155149718 155197462 47744
1 1412 rs2764933 59435778 2 8.232019102607862e-5 59435778 59435778 0
1 5375 rs55762230 247151487 1 8.225375366790684e-5 247142532 247151557 9025
1 4505 rs12404476 218111556 1 8.194072748991536e-5 218111556 218127794 16238
1 389 rs4661330 15687059 1 8.19404750700614e-5 15687059 15687059 0
1 3271 rs12057296 165342963 1 -8.131323928310594e-5 165340884 165342963 2079
1 5262 rs559080 244096047 1 8.064716316095917e-5 244096047 244102151 6104
1 2021 rs315552 84795283 1 7.997960949005378e-5 84795283 84810396 15113
1 1164 rs6676465 48457543 1 -7.857464378082972e-5 48442182 48457543 15361
1 1043 rs10889959 41849735 1 -7.781453191906619e-5 41839822 41849735 9913
1 544 rs2097532 20551745 1 -7.675039518519607e-5 20551745 20551745 0
1 1029 rs727145 41272533 1 7.57917838402726e-5 41272533 41276073 3540
1 3050 rs6686246 158009712 1 7.317803429694358e-5 158009712 158009712 0
1 3783 rs11800915 187684427 1 7.280603535979642e-5 187651919 187687844 35925
1 549 rs1886740 20695831 1 7.196353514062534e-5 20685997 20703026 17029
1 2506 rs790995 106228100 1 7.118299944492162e-5 106210496 106234318 23822
1 3407 rs1569475 169623680 1 7.093380479987147e-5 169591080 169623680 32600
1 3483 rs2157453 172863948 1 -7.074021848600609e-5 172852118 172863948 11830
1 2155 rs10157978 90624605 1 -7.030173665256676e-5 90607718 90631849 24131
1 1066 rs4660630 42864868 1 -6.948437229376262e-5 42856160 42880516 24356
1 1187 rs7520784 49240957 1 6.913236365699226e-5 49232075 49250039 17964
1 4803 rs12031571 230766155 1 -6.890157633963058e-5 230758605 230768037 9432
1 294 rs945439 12248942 1 6.720108817234132e-5 12248942 12253062 4120
1 1863 rs6688757 77550946 1 -6.642929601825995e-5 77550431 77655651 105220
1 2527 rs10494048 107195059 1 -6.638379031677228e-5 107195059 107233800 38741
1 1020 rs16827275 40870545 3 6.593064073476327e-5 40827598 40876113 48515
1 1497 rs11207909 62607786 1 6.522180891826388e-5 62603544 62607786 4242
1 490 rs7549129 19119606 2 -6.402194523089197e-5 19119606 19119606 0
1 4658 rs1010735 224915429 1 6.354718559665108e-5 224915429 224916593 1164
1 4837 rs1765777 231731742 1 6.341265711741503e-5 231727447 231731742 4295
1 1589 rs17127211 65467547 1 -6.250306317583153e-5 65467547 65467547 0
1 3345 rs10918751 167702255 1 6.1656273151456e-5 167697059 167702255 5196
1 5119 rs10495447 240051340 1 -6.109905411551744e-5 240045908 240051340 5432
1 4389 rs7546551 214374770 1 -6.068716959702256e-5 214363164 214393540 30376
1 2548 rs17019602 108188858 2 5.935254516553493e-5 108176009 108191927 15918
1 3431 rs12040328 170755811 2 5.795629331731972e-5 170744889 170773031 28142
1 1593 rs17127323 65571312 1 -5.7320982482652966e-5 65571312 65571312 0
1 2879 rs1344 147119273 1 -5.648586533524998e-5 147119273 147132740 13467
1 1633 rs699267 66920451 1 5.504896899535198e-5 66915125 66931240 16115
1 3240 rs10918018 164474258 1 -5.475087721191665e-5 164474258 164474258 0
1 4903 rs12033759 233303958 2 5.434517615371688e-5 233303958 233342220 38262
1 156 rs4908443 7179721 1 -5.363932044248066e-5 7177744 7179721 1977
1 852 rs10914577 33034876 1 5.294789795283931e-5 32975903 33062554 86651
1 1001 rs710915 39952745 1 -5.278449572078013e-5 39952745 39952822 77
1 2016 rs6694752 84389960 1 -5.270478707582018e-5 84384825 84451820 66995
1 1978 rs17489092 82755843 3 -5.189019515332814e-5 82744600 82787818 43218
1 3551 rs7519595 177074669 1 5.1772049217269005e-5 177074669 177074669 0
1 540 rs11573219 20402767 2 5.170743774436236e-5 20402767 20410795 8028
1 2351 rs4908025 99225068 1 5.112449669272577e-5 99199954 99242767 42813
1 4621 rs17577025 223449017 1 4.994660522684479e-5 223449017 223458980 9963
1 3323 rs61748781 167097070 1 -4.887106088429295e-5 167096931 167097070 139
1 460 rs9329469 18473343 1 4.838934153767847e-5 18461490 18473343 11853
1 4499 rs11578620 217985428 1 -4.754002693181911e-5 217985428 218018956 33528
1 1876 rs34535037 78098403 1 -4.732903895182502e-5 78022217 78225880 203663
1 1270 rs115445569 55085608 1 4.731587550610275e-5 55085499 55085608 109
1 351 rs12138326 14845459 1 -4.486657450457314e-5 14841189 14845459 4270
1 3449 rs4579793 171394212 1 -4.4717198296641815e-5 171388916 171398925 10009
1 4811 rs6541330 230884363 1 -4.460873344949347e-5 230883073 230886191 3118
1 2285 rs17113575 95917695 2 -4.412692298900123e-5 95897424 95929401 31977
1 1818 rs1332783 76092166 1 4.365547412593839e-5 76080162 76092166 12004
1 3725 rs2207526 184432880 1 -4.286307651838005e-5 184426822 184442196 15374
1 3780 rs7535036 187492543 1 4.211941751689479e-5 187492543 187501925 9382
1 964 rs12732675 38135687 1 -4.1777586789851406e-5 38134606 38135687 1081
1 1442 rs1381888 60667904 1 4.138379460272656e-5 60619579 60691588 72009
1 980 rs12748758 38769144 1 4.12311078960877e-5 38769077 38774882 5805
1 5326 rs1620343 245745337 1 -4.092792638055367e-5 245739589 245745337 5748
1 2444 rs10493982 103171983 3 4.074086039598611e-5 103145383 103176592 31209
1 956 rs2745481 37866343 1 -4.0641509624031146e-5 37864911 37867275 2364
1 2575 rs1149155 109349019 4 3.924666889121601e-5 109349019 109356362 7343
1 2489 rs6657845 105484805 1 -3.9073260044468296e-5 105484805 105518136 33331
1 2201 rs284142 92256626 1 -3.8393976809796294e-5 92256626 92273644 17018
1 3734 rs4651243 184922863 1 -3.809357909895112e-5 184920174 184937385 17211
1 3085 rs856142 158957703 1 3.799294419471632e-5 158944584 158959450 14866
1 2477 rs11184168 104974603 1 -3.756210760927346e-5 104974603 104981506 6903
1 1993 rs17506890 83267708 1 -3.606837335311211e-5 83263047 83267708 4661
1 1923 rs952603 80683606 1 -3.579021306048445e-5 80683370 80685710 2340
1 2869 rs11239953 146717564 1 3.4383402016909765e-5 146716517 146757923 41406
1 1849 rs544606 77112051 1 -3.339206220691526e-5 77093530 77112051 18521
1 4522 rs3009947 218689155 2 3.3354359709757104e-5 218643940 218691314 47374
1 408 rs4661359 16513153 1 -3.201293142079506e-5 16505320 16513153 7833
1 1362 rs2691465 57956702 1 3.126124706095166e-5 57945943 57956702 10759
1 589 rs7354914 21953287 1 3.08496986840502e-5 21949462 21953436 3974
1 4784 rs678050 230313911 1 3.0705800354714556e-5 230313911 230324067 10156
1 3867 rs1769999 193291213 1 -3.061080924003944e-5 193282883 193305723 22840
1 5251 rs3003542 243087106 1 3.0002940427941116e-5 243086195 243087106 911
1 1107 rs1890948 44929865 1 2.9790610289460984e-5 44925508 44929865 4357
1 3876 rs12036144 193824708 1 2.8698012516902434e-5 193788485 193824708 36223
1 3149 rs4657015 161272441 1 2.8157178276552193e-5 161272441 161272441 0
1 4742 rs2295256 228874049 2 -2.790094103328294e-5 228849601 228880466 30865
1 2534 rs17443102 107516208 1 2.7440910096729317e-5 107506014 107528432 22418
1 2162 rs10922863 90925169 1 -2.724756430758517e-5 90910074 90926514 16440
1 5357 rs2878079 246390090 4 -2.723902771865276e-5 246374741 246414404 39663
1 4061 rs55729978 201981774 1 2.5360250077702647e-5 201981774 201986418 4644
1 742 rs11247639 27679692 2 2.4867694954852235e-5 27679692 27679797 105
1 3086 rs9887904 158978596 1 2.4614938139458043e-5 158978596 158978596 0
1 5083 rs624912 238741253 1 -2.39853244282256e-5 238729070 238741253 12183
1 758 rs2236861 29139756 1 1.9646822912086385e-5 29123013 29139756 16743
1 1967 rs11163349 82148070 1 1.9631754589200853e-5 82147289 82162001 14712
1 4995 rs6689258 236296079 1 -1.952406243215446e-5 236296079 236296079 0
1 2795 rs3767780 117574023 1 1.8483592977135167e-5 117573173 117574023 850
1 340 rs565765 14512986 1 -1.8369251789756145e-5 14511349 14525531 14182
1 4193 rs61729352 207134104 3 -1.831229262923116e-5 207106478 207134104 27626
1 3100 rs4325129 159462381 1 1.739221560660351e-5 159441628 159463301 21673
1 2072 rs11161755 86616271 1 1.7182399552925985e-5 86609969 86621256 11287
1 1786 rs17576753 74245076 1 -1.6125884084045882e-5 74245076 74251125 6049
1 1733 rs3180401 70616830 1 -1.576910129682245e-5 70615141 70715884 100743
1 5269 rs10927137 244288473 1 -1.5080736221897494e-5 244275252 244288525 13273
1 772 rs4078312 29815645 1 -1.4741252024603186e-5 29815645 29815645 0
1 5051 rs10802632 237928221 1 1.4740890558338116e-5 237928221 237928320 99
1 5391 rs3738447 247588960 2 -1.326452542520897e-5 247584075 247588960 4885
1 3512 rs2269650 175129691 2 -1.3034264532574852e-5 175129691 175142462 12771
1 5207 rs952084 241946294 1 1.2707492552109853e-5 241946294 241956436 10142
1 5075 rs10925637 238560794 1 1.1976655001112204e-5 238558150 238560794 2644
1 1584 rs6676160 65221842 1 -1.1755184429173204e-5 65190713 65294331 103618
1 1542 rs2273122 63871758 1 -1.141613723745202e-5 63871758 63914117 42359
1 1012 rs6681804 40543019 1 1.1315671412018518e-5 40499302 40543425 44123
1 1145 rs6690084 47794706 1 -1.1143926027550404e-5 47726087 47820192 94105
1 1364 rs12733015 58019733 1 -1.0766395177003422e-5 57996397 58019733 23336
1 5090 rs10925760 238930859 1 -1.0641091870932992e-5 238930859 238930859 0
1 5280 rs4658633 244517238 1 1.0583521368146117e-5 244516334 244524345 8011
1 1888 rs7524036 79158657 1 9.872237181603223e-6 79131805 79182561 50756
1 1401 rs232828 59047175 1 -9.793361574151978e-6 59042181 59056326 14145
1 5371 rs7551836 246960463 1 9.65581743298179e-6 246960463 246963019 2556
1 1088 rs839769 43872067 1 -9.444219690937772e-6 43805240 43901916 96676
1 2360 rs3889240 99601609 1 9.34958669334887e-6 99597328 99601609 4281
1 3942 rs12561995 197976444 1 9.239393491794569e-6 197976444 197982554 6110
1 1746 rs6664305 71321740 1 -8.36159143126758e-6 71321740 71332220 10480
1 5284 rs3003222 244713825 3 8.20951954565467e-6 244689029 244715439 26410
1 204 rs3765966 9011722 1 8.013769131644834e-6 9009406 9011722 2316
1 3603 rs7413636 179689532 1 -7.24582022496776e-6 179689532 179689532 0
1 1880 rs6666954 78578177 1 5.4798927611894425e-6 78574129 78604614 30485
1 3203 rs2343508 162896697 1 4.419683831137328e-6 162896697 162925886 29189
1 4410 rs1511047 214863137 1 -2.9003548985442355e-6 214863137 214863137 0
1 2754 rs7552722 115921355 1 2.489784635495383e-6 115921355 115921355 0
1 3860 rs41300867 192627431 1 2.3916169422417487e-6 192627431 192696582 69151
1 3562 rs1321776 177481182 1 -1.9609283589345424e-6 177465236 177481182 15946
1 2950 rs4845552 153479998 2 1.2451802005635968e-6 153479998 153479998 0
1 2855 rs3009186 120380990 1 3.800215719623807e-7 120380990 120422838 41848
