CHR Group SNP.lead BP.lead Size W BP.min BP.max BP.width
11 11919 rs4938573 118741842 2 0.13546334813624472 118741842 118741842 0
11 6001 rs647152 64109118 1 -0.06925296884968463 64109118 64109118 0
11 25 rs10398 308180 1 0.04364758164022418 308180 308180 0
11 41 rs11246262 680647 1 0.03559748614960684 680647 680647 0
11 13013 rs10893900 128502222 2 -0.03489514036967309 128502222 128502222 0
11 185 rs10766497 2987303 1 0.03307059447286827 2987303 2987303 0
11 3885 rs693163 35074665 1 -0.03278102003172412 35074665 35074665 0
11 7709 rs551450 82508987 2 -0.032017199902478 82508987 82508987 0
11 205 rs10466385 3170174 1 0.03190011714688095 3170174 3170174 0
11 6347 rs3829241 68855363 1 0.02957289154966342 68855363 68855363 0
11 11921 rs523604 118755738 2 0.0288717196365074 118755738 118755738 0
11 5515 rs2218868 57925977 1 0.02812806054278809 57925977 57925977 0
11 5369 rs1792509 56670810 1 0.02783770397886583 56670810 56670810 0
11 11916 rs2155433 118612921 1 -0.02711157153864032 118612921 118612921 0
11 11099 rs7128353 111538875 1 0.02581584280622811 111538875 111538875 0
11 10154 rs1711399 102460777 1 0.02455038734215509 102460777 102460777 0
11 11087 rs4938534 111275133 1 0.02291611996274998 111275133 111275133 0
11 1409 rs7101677 11427040 2 0.02109555444671651 11427040 11427040 0
11 11238 rs4590907 113263370 2 -0.02072460377510771 113263370 113263370 0
11 10691 rs17106453 106987630 1 -0.02023477732583588 106987630 106987630 0
11 5467 rs1424752 57479848 1 0.01982958982295009 57479848 57479848 0
11 36 rs1124816 619671 1 -0.01961364075802076 619671 619671 0
11 8260 rs61735303 86663296 1 -0.01960408687215507 86663296 86663296 0
11 2144 rs4353250 18323517 1 0.01958104276647764 18323517 18323517 0
11 10201 rs3740938 102587062 1 0.01944106535972475 102587062 102587062 0
11 11357 rs454802 114089104 1 0.01923108365494684 114089104 114089104 0
11 12984 rs7932088 128317168 1 0.01901649605097682 128317168 128317168 0
11 2811 rs11820608 23776103 1 0.0187344371587129 23776103 23776103 0
11 11663 rs11216126 116617240 1 -0.01841964968298359 116617240 116617240 0
11 7139 rs949220 78400319 1 0.01824240385094015 78400319 78400319 0
11 1821 rs1993116 14910234 2 -0.01813883993436405 14910234 14910234 0
11 13191 rs7937282 130224945 1 -0.01748993360523634 130224945 130224945 0
11 52 rs6597981 803017 1 -0.01737600629375998 803017 803017 0
11 11899 rs12274926 118295117 1 -0.0173566553034109 118295117 118295117 0
11 1809 rs138600084 14632507 1 0.01734433422888563 14632507 14632507 0
11 220 rs7931660 3400334 1 0.01722363283793725 3400334 3400334 0
11 8536 rs11018452 88804060 1 -0.01690641099402713 88804060 88804060 0
11 5706 rs117801657 60183189 2 0.01633747588301613 60183189 60183189 0
11 9239 rs1255150 95519243 1 -0.01599731188372041 95519243 95519243 0
11 920 rs10732509 7488872 1 0.01589100606625183 7488872 7488872 0
11 4971 rs896331 45415035 1 0.01581478474012485 45415035 45415035 0
11 4374 rs7952564 40013964 1 0.01509250516273558 40013964 40013964 0
11 9229 rs948075 95437738 1 0.01487384402441774 95437738 95437738 0
11 3302 rs939505 28714139 1 -0.0146777541192698 28714139 28714139 0
11 3353 rs2793476 29370702 1 0.01446264760275014 29370702 29370702 0
11 9031 rs1138800 93862493 1 0.01443525832684314 93862493 93862493 0
11 12963 rs1793327 128088935 1 0.01423321419373689 128088935 128088935 0
11 9558 rs6589444 98254968 1 -0.01401449816958625 98254968 98254968 0
11 11877 rs656308 118031206 2 -0.01389156332557732 118031206 118031206 0
11 2379 rs1036923 20488453 1 0.01389018600512088 20488453 20488453 0
11 12966 rs573624 128145470 1 -0.01378399322440852 128145470 128145470 0
11 106 rs34134444 1972143 2 0.0137306520356167 1972143 1972143 0
11 8378 rs7949449 87808350 2 0.01359670489684089 87808350 87808350 0
11 13516 rs11223397 133083333 1 -0.01331590621564185 133083333 133083333 0
11 8419 rs3888798 88027209 2 -0.01328635735954805 88027209 88027209 0
11 9224 rs7947022 95377259 1 -0.01322393432460672 95377259 95377259 0
11 11078 rs12146590 111241110 1 0.01312496721660533 111241110 111241110 0
11 8365 rs4517540 87678532 1 0.01304305660856334 87678532 87678532 0
11 2050 rs2074310 17421886 1 -0.01303208437692913 17421886 17421886 0
11 4011 rs262418 36025118 1 -0.01293126224732272 36025118 36025118 0
11 13697 rs931932 134671308 1 -0.01290365601399328 134671308 134671308 0
11 11787 rs495118 117434728 1 -0.01288278573737252 117434728 117434728 0
11 9927 rs11224313 100472288 1 0.0128456145259992 100472288 100472288 0
11 13208 rs2640215 130426387 1 0.01282848519841648 130426387 130426387 0
11 1056 rs4758051 8238639 1 -0.01262334899285749 8238639 8238639 0
11 1485 rs4757595 12005270 1 -0.01255339023864957 12005270 12005270 0
11 4572 rs1605655 42418577 1 0.01245638836758683 42418577 42418577 0
11 2629 rs324172 21952288 1 -0.01240334537220762 21952288 21952288 0
11 4551 rs10501281 41966359 2 0.01239603477313717 41966359 41966359 0
11 8398 rs11822787 87905860 1 -0.01234715107994449 87905860 87905860 0
11 12460 rs12576449 123971044 1 0.0122947515951126 123971044 123971044 0
11 6340 rs12803642 68771755 2 0.0121823716446762 68771755 68771755 0
11 3045 rs11029058 26009705 2 0.01214888322090576 26009705 26009705 0
11 5703 rs4938939 60160838 1 -0.0121172820826082 60160838 60160838 0
11 6394 rs7108119 69150850 1 -0.01208614173875677 69150850 69150850 0
11 5111 rs10838681 47275064 2 -0.01207002396332277 47275064 47275064 0
11 3909 rs353634 35185056 2 -0.01186987349714326 35185056 35185056 0
11 9687 rs12789966 99041999 1 0.01173731479699703 99041999 99041999 0
11 3741 rs12294809 34431506 1 0.01167785396054881 34431506 34431506 0
11 6021 rs3759053 64323080 1 -0.01166797214546731 64323080 64323080 0
11 8176 rs10898501 86285825 2 0.01164065521906161 86285825 86285825 0
11 5906 rs544978 62685230 1 0.01160028249096842 62685230 62685230 0
11 761 rs117368891 6661600 1 0.01157690573985328 6661600 6661600 0
11 38 rs7395429 643348 1 0.01156846438787655 643348 643348 0
11 7375 rs11232169 80207247 2 0.01152880327016249 80207247 80207247 0
11 1457 rs11604515 11761553 2 -0.01150101547964257 11761553 11761553 0
11 6252 rs10736660 67419855 2 0.01142504037595847 67419855 67419855 0
11 6250 rs2509712 67408090 1 0.01119859667030868 67408090 67408090 0
11 782 rs7931228 6766102 1 0.01114555153038795 6766102 6766102 0
11 1959 rs1356647 16219341 1 -0.01112554291379942 16219341 16219341 0
11 11191 rs7129926 112862901 1 0.01106206000438239 112862901 112862901 0
11 7481 rs1350422 81009680 1 0.01099884917689429 81009680 81009680 0
11 302 rs3750992 4621323 2 0.01098711220388313 4621323 4621323 0
11 1520 rs3763822 12225752 1 -0.01098318543664893 12225752 12225752 0
11 8880 rs3847535 92558024 1 -0.01093183604842786 92558024 92558024 0
11 3879 rs497582 34991727 2 0.01088729947701136 34991727 34991727 0
11 706 rs11040316 6043277 1 0.01085666191772105 6043277 6043277 0
11 4024 rs3740962 36103381 1 -0.01074187383617047 36103381 36103381 0
11 13263 rs1894188 131030927 1 0.01071507891001569 131030927 131030927 0
11 9223 rs1255522 95376448 2 -0.01067529103561659 95376448 95376448 0
11 6749 rs653263 73670645 1 0.0105271755561924 73670645 73670645 0
11 6342 rs2846196 68782223 2 0.01051172451860578 68782223 68782223 0
11 12760 rs10893499 126241979 1 -0.01042648496940676 126241979 126241979 0
11 6373 rs10896451 69016893 1 0.01041194587633758 69016893 69016893 0
11 12570 rs4078355 124931334 1 0.01039478918628649 124931334 124931334 0
11 1674 rs16912392 13211208 1 -0.01038211739599355 13211208 13211208 0
11 9539 rs7939072 98130056 2 0.01028647172499463 98130056 98130056 0
11 4881 rs835784 44863818 1 0.01028525483616532 44863818 44863818 0
11 5049 rs4755349 46237731 1 0.01022949339029105 46237731 46237731 0
11 7217 rs471435 79077745 2 -0.01018444949821962 79077745 79077745 0
11 5984 rs2286612 63994230 1 0.01016868093260571 63994230 63994230 0
11 6962 rs689095 75914087 1 -0.01014457097239119 75914087 75914087 0
11 4865 rs4755884 44763401 1 0.01013557997616969 44763401 44763401 0
11 3966 rs649640 35508918 1 0.01011630322990513 35508918 35508918 0
11 1463 rs10458871 11798389 1 -0.0100953997290615 11798389 11798389 0
11 1206 rs12223505 9691765 1 0.01001572908520615 9691765 9691765 0
11 8436 rs16913876 88102739 2 0.00991378211337155 88102739 88102739 0
11 5478 rs1877008 57731168 1 0.00985984666939472 57731168 57731168 0
11 5970 rs614397 63883985 2 0.00985582291766822 63883985 63883985 0
11 6990 rs6592632 76116366 1 0.00983473808760563 76116366 76116366 0
11 9409 rs7112003 96899834 1 0.00982831633463468 96899834 96899834 0
11 6590 rs7115931 71072120 1 -0.00980462069247614 71072120 71072120 0
11 3600 rs3858454 32473626 1 -0.00976350234518716 32473626 32473626 0
11 13636 rs1048761 134124124 2 0.00975520984212516 134124124 134124124 0
11 1840 rs4597047 15191412 2 0.00972629287605229 15191412 15191412 0
11 11100 rs10891288 111552053 1 0.00969963161444448 111552053 111552053 0
11 7373 rs7929328 80202876 1 -0.00966994440388239 80202876 80202876 0
11 6948 rs7111334 75637567 1 -0.00964766500019405 75637567 75637567 0
11 13409 rs7934599 132156872 1 0.00962566218378762 132156872 132156872 0
11 13068 rs10488729 128962670 1 0.00959850537804497 128962670 128962670 0
11 7473 rs10501500 80986806 1 -0.00946637841499671 80986806 80986806 0
11 574 rs75620804 5475505 1 -0.00943232415119839 5475505 5475505 0
11 4213 rs1563951 37182945 1 0.00941412099672898 37182945 37182945 0
11 4857 rs12420889 44657500 1 0.00934317593869916 44657500 44657500 0
11 3771 rs1535721 34500079 1 0.00930029583448569 34500079 34500079 0
11 7079 rs11237353 77714746 1 -0.00924876990287091 77714746 77714746 0
11 10829 rs425538 108219339 1 0.00924591983355527 108219339 108219339 0
11 9935 rs947866 100509529 2 0.00920888123512437 100509529 100509529 0
11 10081 rs11224983 101585195 1 0.00917359909613927 101585195 101585195 0
11 6432 rs657315 69332712 1 -0.0090141804145785 69332712 69332712 0
11 7685 rs1939640 82251050 1 -0.00901031819006734 82251050 82251050 0
11 8040 rs11234465 85605334 1 0.00900523448499339 85605334 85605334 0
11 8044 rs1445496 85624978 1 -0.00893261097779183 85624978 85624978 0
11 5964 rs12575710 63849330 2 0.00893044866132477 63849330 63849330 0
11 10249 rs10502009 102821404 1 -0.00890808876210316 102821404 102821404 0
11 2970 rs10742072 25196853 1 -0.00889359775918502 25196853 25196853 0
11 1484 rs7396140 11996757 1 -0.00876346028562419 11996757 11996757 0
11 6471 rs7947135 69875759 1 0.00874591463482699 69875759 69875759 0
11 4736 rs12418410 43496797 1 -0.00868206492252692 43496797 43496797 0
11 5172 rs2930195 47993504 1 0.00868156863795243 47993504 47993504 0
11 10450 rs4755031 104274535 1 -0.00865825820568789 104274535 104274535 0
11 3732 rs11824839 34332320 2 0.00865075025846335 34332320 34332320 0
11 8100 rs11603604 86070817 1 0.00863359415965894 86070817 86070817 0
11 7010 rs7127747 76412663 2 -0.00856280983621114 76412663 76412663 0
11 261 rs979942 4185595 1 0.00853901343156202 4185595 4185595 0
11 13440 rs2212487 132398054 2 0.00849647398079032 132398054 132398054 0
11 11008 rs190125 110663056 1 -0.00840585395692244 110663056 110663056 0
11 6697 rs1783585 72889018 1 0.00839560534471258 72889018 72889018 0
11 8851 rs689349 92201077 2 0.00837353483088174 92201077 92201077 0
11 6303 rs7123564 68362164 2 0.00833089701380956 68362164 68362164 0
11 721 rs325609 6221249 1 0.00829734375276321 6221249 6221249 0
11 1529 rs2012580 12237135 1 -0.00829166949373443 12237135 12237135 0
11 8790 rs7951876 91560288 1 0.00824739045128967 91560288 91560288 0
11 2145 rs1140047 18327684 1 -0.00821021248290507 18327684 18327684 0
11 3471 rs16921067 30658947 1 -0.00815366985341847 30658947 30658947 0
11 3762 rs12270780 34460711 1 0.00811778684104947 34460711 34460711 0
11 6193 rs3737525 66306355 2 0.00809532879730872 66306355 66306355 0
11 11241 rs7118900 113266821 1 0.00809272870678758 113266821 113266821 0
11 13012 rs4937362 128492739 1 -0.0079867585147554 128492739 128492739 0
11 1975 rs17470624 16445649 1 0.0079768930923375 16445649 16445649 0
11 11880 rs678957 118050855 2 -0.00796292939816251 118050855 118050855 0
11 12081 rs17124570 120805056 2 0.00794705482486134 120805056 120805056 0
11 7380 rs2123140 80223644 1 -0.00788976758753391 80223644 80223644 0
11 4962 rs11601710 45389225 1 -0.00783965309338025 45389225 45389225 0
11 8177 rs949351 86290278 1 0.00781232940204983 86290278 86290278 0
11 12708 rs3740912 125891269 1 0.0078123120588153 125891269 125891269 0
11 1159 rs1136966 9042331 1 -0.00780341191863143 9042331 9042331 0
11 3098 rs35317037 26587018 1 0.00779815499112322 26587018 26587018 0
11 4636 rs11037133 42929738 2 -0.00779547356940516 42929738 42929738 0
11 13125 rs7933972 129438975 1 0.00774970889524938 129438975 129438975 0
11 8825 rs11019822 91854828 1 0.00771884163008305 91854828 91854828 0
11 9917 rs1502275 100433972 1 0.00770732103432975 100433972 100433972 0
11 11838 rs11216668 117878559 1 -0.00764775235565818 117878559 117878559 0
11 694 rs116908319 5989282 1 0.00759271085263991 5989282 5989282 0
11 12999 rs11221332 128380974 1 0.00758199730102235 128380974 128380974 0
11 3288 rs2585807 28532658 1 -0.00753939496084953 28532658 28532658 0
11 1350 rs2896570 11095452 1 -0.00752655558828596 11095452 11095452 0
11 12778 rs3903109 126346426 1 -0.00751036992820437 126346426 126346426 0
11 906 rs12786812 7441554 1 -0.00750432280933024 7441554 7441554 0
11 181 rs3987740 2895800 2 0.00749542236504798 2895800 2895800 0
11 11160 rs4472967 112482107 1 -0.00744799849480023 112482107 112482107 0
11 8393 rs1426929 87894645 1 -0.00743132343610766 87894645 87894645 0
11 6052 rs3741392 64701030 1 -0.00730603003014917 64701030 64701030 0
11 10417 rs12277818 104002442 1 -0.00729116337679249 104002442 104002442 0
11 9518 rs667679 97915543 1 0.00726041846436197 97915543 97915543 0
11 367 rs10500632 4925933 1 -0.00720895995423239 4925933 4925933 0
11 7922 rs12294169 84334329 1 0.00719030025138882 84334329 84334329 0
11 4164 rs1383349 36938773 1 -0.00713897941395256 36938773 36938773 0
11 9764 rs10790789 99411774 2 -0.0071198570493215 99411774 99411774 0
11 12097 rs1939004 120920649 1 0.00711581867936883 120920649 120920649 0
11 6606 rs3763856 71125345 1 -0.00711427125374598 71125345 71125345 0
11 2234 rs7930821 19142695 1 -0.00700088098258586 19142695 19142695 0
11 7129 rs10793334 78278792 1 -0.00698371007784002 78278792 78278792 0
11 13544 rs6590705 133334522 1 0.0069800388094817 133334522 133334522 0
11 12959 rs7933438 128041582 2 0.0069718138749608 128041582 128041582 0
11 6384 rs4930673 69052682 1 -0.00696604367699815 69052682 69052682 0
11 13269 rs1113928 131097709 1 0.0069624493313278 131097709 131097709 0
11 3227 rs1387144 27635319 1 0.00694024793350918 27635319 27635319 0
11 455 rs10837582 5228708 1 0.00692739539468928 5228708 5228708 0
11 1744 rs7925707 13940895 1 0.00690171884021929 13940895 13940895 0
11 12123 rs687560 121076285 1 0.00687695775733907 121076285 121076285 0
11 13298 rs12421680 131350968 1 -0.00687377212176987 131350968 131350968 0
11 13414 rs61746413 132204951 1 0.00679421691046431 132204951 132204951 0
11 6251 rs2514029 67408241 2 -0.00677657402830889 67408241 67408241 0
11 6214 rs735498 66676995 1 0.00677468299653823 66676995 66676995 0
11 5652 rs574700 59855483 1 0.00676783215231262 59855483 59855483 0
11 8996 rs625359 93570633 1 0.00673967439191515 93570633 93570633 0
11 2991 rs2172582 25724484 2 0.0067155763630971 25724484 25724484 0
11 9531 rs11214023 97984374 2 0.00671484883674783 97984374 97984374 0
11 11376 rs606671 114271207 1 -0.00670439356595613 114271207 114271207 0
11 10763 rs7950899 107552110 2 0.00670050596189709 107552110 107552110 0
11 9439 rs9666795 97324604 1 0.00654342285078246 97324604 97324604 0
11 9225 rs10765758 95395607 1 -0.00652300622037722 95395607 95395607 0
11 10888 rs12278001 109243629 1 -0.00651046906777605 109243629 109243629 0
11 4611 rs10837908 42715836 1 -0.00650178308824684 42715836 42715836 0
11 152 rs2237869 2537751 1 -0.00648898484351243 2537751 2537751 0
11 3156 rs10767592 27062338 1 0.00647264802837238 27062338 27062338 0
11 1407 rs2403511 11399283 1 -0.00645582789644026 11399283 11399283 0
11 4103 rs11600757 36473784 1 0.00637957816302058 36473784 36473784 0
11 1242 rs2278629 10183975 1 -0.00635249343606487 10183975 10183975 0
11 6719 rs640655 73365157 1 0.00627047430550088 73365157 73365157 0
11 6891 rs658573 75075866 1 -0.00621177705090896 75075866 75075866 0
11 8527 rs598758 88635135 1 -0.006157212435741 88635135 88635135 0
11 12716 rs4448703 125972495 1 -0.00612170025626893 125972495 125972495 0
11 11171 rs7938281 112676385 2 0.00611502433920196 112676385 112676385 0
11 2306 rs7934251 19893621 1 0.00609609116105261 19893621 19893621 0
11 5821 rs2727261 61712131 1 -0.00608985837693504 61712131 61712131 0
11 10063 rs2508736 101469434 1 0.0060848050397432 101469434 101469434 0
11 10546 rs11226774 105441422 1 -0.00608468005312271 105441422 105441422 0
11 8773 rs11019587 91390397 1 0.00599735446930369 91390397 91390397 0
11 6337 rs2602814 68761422 1 0.00596883821200698 68761422 68761422 0
11 6103 rs35487354 65366882 1 0.0059387483011339 65366882 65366882 0
11 1161 rs3829273 9048668 1 0.00592256941912265 9048668 9048668 0
11 10138 rs2846848 102180563 2 -0.0059218687854247 102180563 102180563 0
11 2006 rs367992 16862657 1 0.00589204699746999 16862657 16862657 0
11 10950 rs2051466 110241999 1 0.00582476024018807 110241999 110241999 0
11 10839 rs74911261 108357137 2 0.00576440485478845 108357137 108357137 0
11 996 rs1600970 7754959 1 0.00575401085769982 7754959 7754959 0
11 4126 rs957162 36713826 1 -0.00574099161931378 36713826 36713826 0
11 9199 rs7102184 95222374 1 -0.00572821447427825 95222374 95222374 0
11 3901 rs353558 35161670 1 -0.00571801403713313 35161670 35161670 0
11 11598 rs490592 116298367 1 0.00566511769422474 116298367 116298367 0
11 2107 rs211146 17981047 1 0.00566179406679942 17981047 17981047 0
11 5134 rs61897432 47431703 1 0.00561108950061616 47431703 47431703 0
11 5766 rs11230563 60776209 1 -0.00561088281384813 60776209 60776209 0
11 9226 rs10437579 95398352 2 -0.00559763086593615 95398352 95398352 0
11 8388 rs1386327 87871538 1 -0.00556619330348096 87871538 87871538 0
11 8804 rs7107272 91682680 2 -0.00551268546651037 91682680 91682680 0
11 10415 rs11226185 103991641 1 -0.00546203423530736 103991641 103991641 0
11 13005 rs4245079 128420926 2 0.00544916419144701 128420926 128420926 0
11 2861 rs7926241 24357146 1 -0.00543245766042156 24357146 24357146 0
11 13001 rs11221335 128385906 1 0.00541759370441138 128385906 128385906 0
11 9916 rs6590793 100424060 2 0.00539176012837563 100424060 100424060 0
11 11206 rs11214484 112962999 1 0.00538277403142714 112962999 112962999 0
11 1018 rs16933394 7902813 1 0.00538228615642445 7902813 7902813 0
11 9438 rs921561 97319496 1 0.00534883435928064 97319496 97319496 0
11 2436 rs17232722 20678604 1 0.00534086455800296 20678604 20678604 0
11 793 rs670151 6791151 1 0.00532363144610905 6791151 6791151 0
11 3217 rs7934816 27518920 1 0.00530558461179969 27518920 27518920 0
11 7381 rs2443973 80226010 2 -0.00530492126903743 80226010 80226010 0
11 10618 rs953816 106288554 2 0.0053009420278701 106288554 106288554 0
11 13497 rs11223331 132892624 1 -0.00529769697203698 132892624 132892624 0
11 6741 rs12294934 73581908 1 -0.00526137299808501 73581908 73581908 0
11 3948 rs12294219 35374512 1 -0.00522876167585607 35374512 35374512 0
11 1904 rs1385162 15689391 2 -0.00517551050930915 15689391 15689391 0
11 13390 rs11222955 132021146 1 0.0051397499563535 132021146 132021146 0
11 584 rs12576842 5488533 2 -0.00512532435945383 5488533 5488533 0
11 12528 rs11219709 124434217 1 -0.00506453844134283 124434217 124434217 0
11 5579 rs675757 58478039 1 -0.00502926219810551 58478039 58478039 0
11 1344 rs7946997 11069843 1 0.00501830148164415 11069843 11069843 0
11 1716 rs7948130 13624089 1 0.00501366043936447 13624089 13624089 0
11 6618 rs10898193 71197083 1 0.00498931610625706 71197083 71197083 0
11 11075 rs4514461 111226943 1 0.00497911066715287 111226943 111226943 0
11 7944 rs11234221 84574040 2 0.004930364119655 84574040 84574040 0
11 960 rs11041489 7653867 2 0.00490844733153394 7653867 7653867 0
11 12300 rs9943547 123026014 1 -0.00490406133006592 123026014 123026014 0
11 8898 rs3847554 92668826 2 -0.00489585891732204 92668826 92668826 0
11 9110 rs628715 94363720 1 0.0048856402414777 94363720 94363720 0
11 6645 rs1784257 72007984 1 0.00486733204527104 72007984 72007984 0
11 12761 rs11220462 126243952 1 -0.00484494474107854 126243952 126243952 0
11 1366 rs2403456 11177814 1 -0.00483359820803139 11177814 11177814 0
11 8908 rs621310 92783339 1 0.00482002842645596 92783339 92783339 0
11 6895 rs12271945 75085563 1 -0.00480833551282811 75085563 75085563 0
11 3686 rs831630 33743019 2 0.00477581261360753 33743019 33743019 0
11 12522 rs12417780 124426284 1 -0.00476622476794533 124426284 124426284 0
11 9018 rs2460055 93764151 1 -0.00475992217831496 93764151 93764151 0
11 9172 rs10831329 95022652 1 -0.00475037542646287 95022652 95022652 0
11 2137 rs7950019 18278912 1 0.00474349093147891 18278912 18278912 0
11 5864 rs7925016 62043929 1 0.00474037029938436 62043929 62043929 0
11 3415 rs7121585 30059736 1 0.00472642869449646 30059736 30059736 0
11 3823 rs1858169 34813187 2 -0.00469397795260876 34813187 34813187 0
11 3558 rs714317 32146195 1 -0.00468599736105089 32146195 32146195 0
11 35 rs936469 606749 1 0.00463336116374253 606749 606749 0
11 7289 rs17138705 79366322 2 0.00462690601183324 79366322 79366322 0
11 5594 rs11229889 59020419 1 0.00461463972052553 59020419 59020419 0
11 781 rs11040997 6764859 1 0.00460936940155342 6764859 6764859 0
11 5129 rs11570067 47366095 1 0.0046068358077726 47366095 47366095 0
11 7174 rs11237714 78800073 1 -0.00458614724505802 78800073 78800073 0
11 8983 rs1939560 93311765 1 0.00454768305567771 93311765 93311765 0
11 10082 rs7949939 101591191 1 -0.00453061179010697 101591191 101591191 0
11 1910 rs7108738 15710084 1 0.00452611750309334 15710084 15710084 0
11 1462 rs2054117 11796897 1 -0.00452415809880715 11796897 11796897 0
11 11228 rs17174409 113146033 1 -0.00451424021365191 113146033 113146033 0
11 11879 rs651825 118042713 1 -0.00450025533203891 118042713 118042713 0
11 1746 rs2271155 13943228 1 0.00448744569266282 13943228 13943228 0
11 4013 rs262426 36041260 1 0.00447473645712925 36041260 36041260 0
11 967 rs11607941 7670752 2 0.00446507917882797 7670752 7670752 0
11 13480 rs1395504 132729167 2 -0.00443542731587141 132729167 132729167 0
11 10424 rs11226207 104022906 1 0.00440831524291356 104022906 104022906 0
11 5710 rs17542525 60201527 1 0.00440573296339776 60201527 60201527 0
11 3158 rs7107938 27071118 2 0.00434248144466066 27071118 27071118 0
11 1205 rs10840285 9690013 1 0.00433674958132983 9690013 9690013 0
11 2116 rs7950705 18073039 2 0.00433590492173559 18073039 18073039 0
11 13300 rs4937631 131356267 1 -0.00432715802227488 131356267 131356267 0
11 3320 rs12792701 28988343 2 -0.00431301576391279 28988343 28988343 0
11 12084 rs11218070 120816711 2 0.00425720929429418 120816711 120816711 0
11 10309 rs12419850 103342939 2 0.00425260751885382 103342939 103342939 0
11 12330 rs12574747 123383072 2 0.0042350361049146 123383072 123383072 0
11 4497 rs7943825 41212670 1 -0.00423235256185943 41212670 41212670 0
11 5115 rs1449627 47290984 2 -0.00422338563610965 47290984 47290984 0
11 5823 rs1109748 61722645 1 -0.00422005421461488 61722645 61722645 0
11 772 rs1466974 6719027 1 -0.00420988069124752 6719027 6719027 0
11 6611 rs7944926 71165625 1 0.00418091669266844 71165625 71165625 0
11 13077 rs1031063 129082414 1 -0.00417808480760716 129082414 129082414 0
11 9148 rs658272 94833262 1 0.00414510577699566 94833262 94833262 0
11 3464 rs16920925 30574638 1 0.00414291951032197 30574638 30574638 0
11 3777 rs836141 34537316 2 0.00413691789197348 34537316 34537316 0
11 6208 rs35532855 66457681 1 0.00412809808345627 66457681 66457681 0
11 10043 rs4396256 101330807 2 -0.00408223039629107 101330807 101330807 0
11 7876 rs2000961 83854792 1 -0.0040721158512957 83854792 83854792 0
11 12852 rs610505 126883696 1 -0.00406624628794306 126883696 126883696 0
11 9060 rs7950328 94099615 1 -0.00404844015550763 94099615 94099615 0
11 2459 rs12270521 20855440 1 0.00404182249344107 20855440 20855440 0
11 7121 rs7396701 78202699 1 -0.0040253672852214 78202699 78202699 0
11 10247 rs11826440 102810078 1 0.00401630776600548 102810078 102810078 0
11 2285 rs1364795 19711993 1 0.00400595604856774 19711993 19711993 0
11 245 rs7951076 3890853 2 -0.00399721473166071 3890853 3890853 0
11 6979 rs11236689 76004313 1 -0.00397183687274259 76004313 76004313 0
11 8248 rs1939108 86573310 2 -0.00395595839846768 86573310 86573310 0
11 2654 rs12793010 22436299 2 -0.00394932532168257 22436299 22436299 0
11 13004 rs4937342 128398309 1 -0.00393138810581713 128398309 128398309 0
11 13416 rs520420 132207239 1 0.00391578701773811 132207239 132207239 0
11 5526 rs1376486 57956832 1 -0.00391381620900086 57956832 57956832 0
11 3552 rs117017377 32119904 2 -0.00390147546552588 32119904 32119904 0
11 8367 rs28514468 87686425 1 0.00387050548410978 87686425 87686425 0
11 2504 rs2040315 21129269 1 0.00386812826724538 21129269 21129269 0
11 5033 rs3736508 45975130 1 0.00386447396395211 45975130 45975130 0
11 11264 rs4611239 113364271 1 -0.0038595049914219 113364271 113364271 0
11 8910 rs620131 92803568 1 0.00383737910976632 92803568 92803568 0
11 12949 rs11221163 128001331 1 0.00383361195686391 128001331 128001331 0
11 907 rs11041372 7441737 1 -0.00382497205087031 7441737 7441737 0
11 12793 rs484820 126467667 1 0.00379895656604474 126467667 126467667 0
11 8340 rs10501651 87527561 1 0.00378759862863528 87527561 87527561 0
11 3660 rs1883916 33578510 2 -0.003773062805359 33578510 33578510 0
11 3580 rs6484569 32378306 1 0.00374614549757837 32378306 32378306 0
11 4411 rs1440123 40476768 1 -0.00374305048969842 40476768 40476768 0
11 11612 rs2102405 116348168 1 0.00370603949214101 116348168 116348168 0
11 231 rs55719530 3690558 1 -0.00369331417600677 3690558 3690558 0
11 11305 rs1318296 113599224 1 -0.00366979231956737 113599224 113599224 0
11 12950 rs1425877 128002456 1 0.00365307368165378 128002456 128002456 0
11 13305 rs386795 131396444 1 0.00364991510641275 131396444 131396444 0
11 5565 rs117028468 58206714 1 0.0036497830785129602 58206714 58206714 0
11 311 rs7925271 4664657 1 -0.00364681988703512 4664657 4664657 0
11 9198 rs10831357 95221480 2 -0.00363397408788558 95221480 95221480 0
11 9763 rs7943142 99410690 1 0.00361961317625121 99410690 99410690 0
11 6472 rs7929885 69883969 2 -0.00358100898623956 69883969 69883969 0
11 13464 rs1945948 132602521 2 -0.00353175102572122 132602521 132602521 0
11 13134 rs2087888 129540690 1 0.00351148786022507 129540690 129540690 0
11 99 rs3740627 1754400 2 0.00349917327715969 1754400 1754400 0
11 8324 rs10898702 87184717 1 -0.00347905870256574 87184717 87184717 0
11 5851 rs3900954 61975131 1 -0.00346561502740841 61975131 61975131 0
11 9714 rs970321 99112911 1 0.00345867061321856 99112911 99112911 0
11 8179 rs4405344 86303090 1 0.00345783270516031 86303090 86303090 0
11 7707 rs10792641 82489754 1 0.00343489504198072 82489754 82489754 0
11 5434 rs7107352 57145633 1 -0.00343076393169823 57145633 57145633 0
11 2907 rs906882 24642587 1 0.00342678682581503 24642587 24642587 0
11 6737 rs7104794 73538698 1 -0.00341237271641314 73538698 73538698 0
11 1396 rs4909979 11319245 1 0.00341142031381644 11319245 11319245 0
11 6865 rs4944992 74864280 2 0.00340826608157081 74864280 74864280 0
11 255 rs1662172 4117155 1 0.0034043389431171 4117155 4117155 0
11 9258 rs7943261 95767956 1 -0.00340042971690101 95767956 95767956 0
11 8180 rs4319536 86303136 1 0.00339327209137852 86303136 86303136 0
11 4849 rs16937996 44559898 1 0.003376712939712 44559898 44559898 0
11 3169 rs4597027 27235715 1 0.00336277738849124 27235715 27235715 0
11 10832 rs227055 108261261 1 0.00335005230056845 108261261 108261261 0
11 3567 rs764669 32302799 1 -0.00334565052956204 32302799 32302799 0
11 1714 rs11022886 13584585 1 0.003334239607672 13584585 13584585 0
11 8284 rs589193 86891077 2 -0.0033059193345434 86891077 86891077 0
11 12074 rs7105363 120687069 2 0.00329771071698279 120687069 120687069 0
11 4495 rs717112 41162903 1 0.00327961889770167 41162903 41162903 0
11 5533 rs1823598 57973199 1 -0.00325752185940683 57973199 57973199 0
11 4719 rs7934456 43238542 1 -0.00325205021741754 43238542 43238542 0
11 1261 rs12577015 10424509 1 -0.00325034354751658 10424509 10424509 0
11 599 rs2227271 5528918 1 -0.00324690180357586 5528918 5528918 0
11 852 rs6578828 7113134 2 -0.00319396503135024 7113134 7113134 0
11 8069 rs11234532 85772636 1 0.0031869258797662 85772636 85772636 0
11 7384 rs12362447 80263120 1 0.00317318887598262 80263120 80263120 0
11 8292 rs577675 86971548 1 0.0031656912426292 86971548 86971548 0
11 8431 rs217070 88067394 1 0.00315713273915515 88067394 88067394 0
11 2910 rs16912971 24654654 1 -0.00314584064346887 24654654 24654654 0
11 2498 rs7120935 21079942 1 -0.00314400413366054 21079942 21079942 0
11 3501 rs601305 31066467 1 -0.00311350504155935 31066467 31066467 0
11 10031 rs1218927 101194447 1 -0.00310257962555422 101194447 101194447 0
11 12191 rs17126035 121897762 1 -0.00309936672757456 121897762 121897762 0
11 3652 rs1998305 33472945 1 -0.00305349063618696 33472945 33472945 0
11 6936 rs531117 75456134 1 0.00304897205758887 75456134 75456134 0
11 12227 rs12420917 122477025 1 -0.00304727551510986 122477025 122477025 0
11 7555 rs1075167 81434293 1 0.00303530043665701 81434293 81434293 0
11 6014 rs7104498 64266244 1 -0.00301168012824881 64266244 64266244 0
11 2143 rs7128017 18319180 1 -0.00299223404309911 18319180 18319180 0
11 9145 rs1039750 94809826 1 0.00297808016695072 94809826 94809826 0
11 11337 rs17116334 113961762 1 0.00296549883399682 113961762 113961762 0
11 7729 rs7123485 82563803 1 -0.00293956119190775 82563803 82563803 0
11 4516 rs11036390 41430746 1 -0.00293464204974374 41430746 41430746 0
11 10616 rs7110917 106270964 1 -0.00291452929569973 106270964 106270964 0
11 4621 rs4237638 42873011 1 -0.00291005703882112 42873011 42873011 0
11 4562 rs11036673 42083016 1 0.00290975462611554 42083016 42083016 0
11 9842 rs12790700 99837846 1 -0.0029083197777775 99837846 99837846 0
11 2572 rs10766829 21542570 1 -0.0028842981933279 21542570 21542570 0
11 5765 rs2237997 60772090 1 -0.0028689496921794 60772090 60772090 0
11 13611 rs641501 133941046 1 -0.00285695327173132 133941046 133941046 0
11 13719 rs1871265 134869557 1 0.00285398407996559 134869557 134869557 0
11 7915 rs6592191 84279862 1 -0.0028490277580725098 84279862 84279862 0
11 13107 rs10894029 129228519 1 0.00283513839361365 129228519 129228519 0
11 759 rs2072651 6637504 1 0.00283435683885795 6637504 6637504 0
11 4746 rs11037574 43726211 1 0.00283227914381273 43726211 43726211 0
11 2004 rs10766352 16857686 1 0.00282502092436861 16857686 16857686 0
11 11224 rs584427 113103996 1 -0.00281299878072684 113103996 113103996 0
11 11310 rs2459969 113638374 2 -0.00281014737941349 113638374 113638374 0
11 3975 rs16926171 35540677 1 0.00280674002637335 35540677 35540677 0
11 155 rs11826873 2541165 1 -0.00279982715399346 2541165 2541165 0
11 6507 rs947781 70212755 1 0.0027909297142301 70212755 70212755 0
11 11522 rs10502205 115416391 2 -0.00279067383983627 115416391 115416391 0
11 11058 rs10891240 111140462 1 0.00278802551488984 111140462 111140462 0
11 1455 rs4910407 11700694 1 0.00278533467641121 11700694 11700694 0
11 11915 rs10892279 118611781 1 0.00278453633451277 118611781 118611781 0
11 5264 rs4939542 55729751 1 -0.00277293197030737 55729751 55729751 0
11 6588 rs11233249 71060426 1 -0.00276654407926392 71060426 71060426 0
11 5277 rs1384060 56087321 2 0.00276192615093763 56087321 56087321 0
11 7474 rs2085557 80992153 1 0.0027414227004281 80992153 80992153 0
11 3893 rs7131078 35110118 1 0.00273448965502485 35110118 35110118 0
11 10764 rs11212323 107554267 1 0.00272831017790739 107554267 107554267 0
11 5022 rs1562455 45776968 1 0.00272716262413863 45776968 45776968 0
11 9710 rs7103056 99088047 2 -0.00270224153694047 99088047 99088047 0
11 8760 rs2514299 91287525 1 0.00270020705558903 91287525 91287525 0
11 8061 rs666682 85739838 1 -0.00268871815873578 85739838 85739838 0
11 12333 rs7927176 123395864 1 -0.00268593301546322 123395864 123395864 0
11 3455 rs1336516 30511811 1 0.00267707849904266 30511811 30511811 0
11 6718 rs7952228 73364673 1 0.00267400007789184 73364673 73364673 0
11 10977 rs1971356 110432204 2 -0.00267256220969969 110432204 110432204 0
11 7182 rs11237719 78830648 1 -0.00266228554068333 78830648 78830648 0
11 160 rs2283169 2580299 1 0.00265710905979491 2580299 2580299 0
11 8767 rs2678420 91344352 1 0.0026542242105793 91344352 91344352 0
11 4472 rs10768653 40961066 1 0.00265203304922128 40961066 40961066 0
11 12295 rs12286925 123001223 1 -0.00262897669940425 123001223 123001223 0
11 3784 rs836104 34573817 1 -0.0026183997203301098 34573817 34573817 0
11 6232 rs11601325 67227006 1 0.00261450732452511 67227006 67227006 0
11 6195 rs11227527 66313026 1 -0.00261016768588767 66313026 66313026 0
11 3297 rs4923554 28676838 1 0.00260553170013751 28676838 28676838 0
11 987 rs10839849 7721870 1 0.00259671509239756 7721870 7721870 0
11 7427 rs2948381 80821706 1 0.00258468763786413 80821706 80821706 0
11 12840 rs631562 126852438 1 0.00255987590481092 126852438 126852438 0
11 10615 rs9285795 106264835 1 -0.00253454245637232 106264835 106264835 0
11 1317 rs7112994 10994559 1 0.00253311370109603 10994559 10994559 0
11 4642 rs12576580 42942840 1 -0.0025285386683033 42942840 42942840 0
11 7372 rs7945761 80196298 1 -0.00252799055526802 80196298 80196298 0
11 11596 rs526151 116236775 1 0.00250668771080457 116236775 116236775 0
11 304 rs931811 4623788 1 -0.0025058052924365 4623788 4623788 0
11 8793 rs10830780 91604194 1 0.0025046970584374 91604194 91604194 0
11 10740 rs117249984 107375422 2 0.00250452772599119 107375422 107375422 0
11 8226 rs1075702 86461180 2 0.00249979307802376 86461180 86461180 0
11 10958 rs3759018 110299437 1 -0.00247777425840023 110299437 110299437 0
11 4731 rs770765 43307196 1 -0.00247314370272152 43307196 43307196 0
11 1776 rs7116296 14113759 2 -0.00246951852644895 14113759 14113759 0
11 1929 rs7112764 15858203 1 0.0024528533879556 15858203 15858203 0
11 4558 rs908211 42060072 1 0.00245161003458025 42060072 42060072 0
11 2283 rs7931824 19614747 1 0.00245157011501696 19614747 19614747 0
11 2088 rs7483847 17692011 1 0.00244623897900047 17692011 17692011 0
11 2019 rs2040859 17148177 2 -0.00244267864984216 17148177 17148177 0
11 720 rs325614 6217152 1 0.0024360225480205 6217152 6217152 0
11 13465 rs1105289 132640356 1 -0.00243227794172646 132640356 132640356 0
11 7180 rs7114639 78825885 1 -0.00243046637233022 78825885 78825885 0
11 8175 rs7940549 86282679 2 -0.00242251417394739 86282679 86282679 0
11 3110 rs7110072 26661690 2 -0.0024175450215954 26661690 26661690 0
11 6565 rs2919721 70953650 2 -0.002408745685136 70953650 70953650 0
11 9576 rs17132136 98406723 1 -0.00240688998263287 98406723 98406723 0
11 2235 rs12798330 19184916 1 0.002381601174049 19184916 19184916 0
11 13008 rs11221388 128475001 1 0.00237742477733493 128475001 128475001 0
11 4224 rs1822934 37439348 1 0.00237560967274418 37439348 37439348 0
11 5862 rs11602047 62032425 1 -0.00237381620404365 62032425 62032425 0
11 13654 rs12577387 134368252 2 0.00237168426874529 134368252 134368252 0
11 9525 rs580557 97957369 1 0.00237035034518436 97957369 97957369 0
11 6187 rs2305535 66272237 1 0.00236178349940113 66272237 66272237 0
11 164 rs12277672 2619963 1 -0.0023548592989443 2619963 2619963 0
11 5048 rs2863720 46235626 1 -0.00234925022640983 46235626 46235626 0
11 9400 rs17275283 96841814 1 -0.00234723752521709 96841814 96841814 0
11 3536 rs12419837 31922718 2 0.00234358379286835 31922718 31922718 0
11 11618 rs4936353 116397649 2 0.0023361976329938 116397649 116397649 0
11 8770 rs707319 91365548 1 0.0023347253375337 91365548 91365548 0
11 3368 rs645286 29517230 1 0.00232917270927854 29517230 29517230 0
11 9633 rs12278762 98781993 2 0.00232739912000961 98781993 98781993 0
11 7280 rs2156671 79319999 1 -0.0023213346507906 79319999 79319999 0
11 5512 rs1868881 57901176 1 0.00231423795896961 57901176 57901176 0
11 9930 rs12284327 100497485 1 -0.00231076324812229 100497485 100497485 0
11 1298 rs10840473 10715721 1 0.0022905435725252 10715721 10715721 0
11 13337 rs11222791 131652336 1 -0.0022899405966102 131652336 131652336 0
11 9109 rs1940640 94360812 1 0.00228020429899749 94360812 94360812 0
11 3094 rs10501053 26576725 1 0.00227040483213166 26576725 26576725 0
11 1124 rs4929915 8824418 1 0.00225189984927153 8824418 8824418 0
11 4231 rs12291143 37556022 1 -0.0022361719730371 37556022 37556022 0
11 5516 rs7130768 57926106 2 -0.00222844287183962 57926106 57926106 0
11 9318 rs483905 96023427 1 0.0022163466600171 96023427 96023427 0
11 2741 rs4923083 23288324 2 0.00221286682241966 23288324 23288324 0
11 10414 rs10895575 103982862 1 -0.00220928198992151 103982862 103982862 0
11 2079 rs2190453 17533397 1 0.00220786583346779 17533397 17533397 0
11 10026 rs1938985 101172115 1 -0.00220398194923721 101172115 101172115 0
11 10828 rs227064 108207393 1 0.00219703380208059 108207393 108207393 0
11 13286 rs11606643 131213874 2 -0.00219170334453347 131213874 131213874 0
11 9410 rs10895052 96900556 2 -0.00217498363340669 96900556 96900556 0
11 11451 rs10891792 114870096 1 0.00217372668668823 114870096 114870096 0
11 4543 rs11500415 41926727 1 0.00215799893445916 41926727 41926727 0
11 13142 rs12416704 129616272 1 0.00215584746544091 129616272 129616272 0
11 9067 rs12270338 94147464 2 -0.00215553397581341 94147464 94147464 0
11 2680 rs1499244 22798431 2 0.00215354865884863 22798431 22798431 0
11 6349 rs1060435 68855595 1 0.00212772038732365 68855595 68855595 0
11 4016 rs4547071 36052138 1 -0.00212153294610267 36052138 36052138 0
11 12251 rs12287912 122675193 1 -0.00211827987689864 122675193 122675193 0
11 9449 rs10895894 97400945 1 -0.0021123013581864 97400945 97400945 0
11 6534 rs12363289 70445161 1 0.00210817555545802 70445161 70445161 0
11 2245 rs2702705 19379879 2 -0.00208709663703213 19379879 19379879 0
11 1364 rs1875775 11172701 2 -0.00206502279796706 11172701 11172701 0
11 13180 rs959354 130009581 1 0.00206006829901477 130009581 130009581 0
11 3817 rs7924717 34776331 1 -0.00204283696145054 34776331 34776331 0
11 150 rs2011750 2534483 2 -0.00204054737454468 2534483 2534483 0
11 12843 rs541783 126864588 1 0.00203101961652946 126864588 126864588 0
11 13313 rs2324510 131469762 1 -0.00202504396618989 131469762 131469762 0
11 8789 rs764571 91553124 1 0.00201815098364825 91553124 91553124 0
11 13656 rs4606492 134381569 2 -0.00201167729699408 134381569 134381569 0
11 5753 rs117566381 60638753 1 -0.00199662261027122 60638753 60638753 0
11 11001 rs7951655 110604293 1 0.00199546837067699 110604293 110604293 0
11 3541 rs797370 31983665 1 0.0019942604325808 31983665 31983665 0
11 6226 rs6591239 66991617 1 0.00199265425797237 66991617 66991617 0
11 1348 rs1486531 11088815 1 0.00198826395056386 11088815 11088815 0
11 5915 rs57743826 62763226 1 0.00198332010186775 62763226 62763226 0
11 13022 rs615671 128594875 1 0.00198040580266125 128594875 128594875 0
11 10512 rs1847293 104979669 1 0.00197462492520617 104979669 104979669 0
11 1980 rs7937011 16499623 1 -0.00197394489343975 16499623 16499623 0
11 13244 rs1347281 130908989 1 0.00197291376820096 130908989 130908989 0
11 11863 rs948466 117966100 1 -0.00196532847320816 117966100 117966100 0
11 12770 rs4937128 126292596 1 -0.00196246846058839 126292596 126292596 0
11 12393 rs7131308 123762718 1 -0.0019616711224008 123762718 123762718 0
11 2982 rs11028735 25524191 1 -0.00195765889404037 25524191 25524191 0
11 8046 rs12805520 85630411 1 -0.00194348555704857 85630411 85630411 0
11 1403 rs901554 11354393 2 0.00193822871292951 11354393 11354393 0
11 3398 rs11030828 29822057 1 -0.00193804632667104 29822057 29822057 0
11 11770 rs11216430 117376111 2 -0.00193389046641893 117376111 117376111 0
11 5768 rs12293191 60806747 1 -0.00192256645711271 60806747 60806747 0
11 12968 rs12786743 128159029 1 -0.0019170944389943 128159029 128159029 0
11 9959 rs7126324 100633303 1 0.001893913443456 100633303 100633303 0
11 8518 rs530782 88566485 1 0.00189061944894909 88566485 88566485 0
11 6024 rs2078267 64334114 1 -0.00187680054579267 64334114 64334114 0
11 11098 rs542275 111431614 1 0.00186637329375983 111431614 111431614 0
11 2029 rs1330 17316029 1 -0.00186420992510765 17316029 17316029 0
11 421 rs2445333 5080234 1 0.00185974755209963 5080234 5080234 0
11 5879 rs2509979 62204613 1 0.00185909331028712 62204613 62204613 0
11 9508 rs4590838 97867665 1 -0.00185342819774486 97867665 97867665 0
11 4218 rs10836719 37302238 1 -0.00184375626716233 37302238 37302238 0
11 12178 rs11218429 121736671 1 -0.00183541918400503 121736671 121736671 0
11 13493 rs10894637 132871336 1 -0.00183424546120733 132871336 132871336 0
11 3423 rs7123626 30325865 1 -0.00182674118606228 30325865 30325865 0
11 5095 rs12417519 47129397 1 -0.00182194482961575 47129397 47129397 0
11 11766 rs549289 117358220 1 -0.00181942021670404 117358220 117358220 0
11 4904 rs7483442 45076544 1 -0.00181540259147921 45076544 45076544 0
11 30 rs11821341 460303 1 0.00181181268948595 460303 460303 0
11 145 rs11604487 2493966 1 -0.00180493989221016 2493966 2493966 0
11 11664 rs11216129 116620256 1 0.00179835167328414 116620256 116620256 0
11 6512 rs592501 70269777 1 0.00179638159735023 70269777 70269777 0
11 2258 rs17594372 19471443 1 0.00179511416418301 19471443 19471443 0
11 4891 rs10838382 44920626 1 -0.0017938250324449 44920626 44920626 0
11 3390 rs10835567 29795932 1 -0.00179105767562647 29795932 29795932 0
11 10204 rs11225394 102595413 1 -0.00178316043874449 102595413 102595413 0
11 735 rs7924933 6509393 1 0.0017734997386635 6509393 6509393 0
11 10117 rs1470196 101880373 1 0.00175903992900549 101880373 101880373 0
11 5817 rs3815045 61669946 1 -0.00175743813109807 61669946 61669946 0
11 7258 rs7931162 79198096 1 0.00175523735894328 79198096 79198096 0
11 11742 rs12286525 117116450 1 -0.00175009902778589 117116450 117116450 0
11 5956 rs10897449 63592621 1 0.00174835576531271 63592621 63592621 0
11 12520 rs10893251 124414746 1 0.00174794877336503 124414746 124414746 0
11 8219 rs7129626 86416932 1 0.00174709404786356 86416932 86416932 0
11 8829 rs10830888 91951447 1 -0.00174676050268011 91951447 91951447 0
11 3726 rs10836178 34282229 1 -0.00173871115228959 34282229 34282229 0
11 4351 rs769866 39749305 1 -0.00173582683285613 39749305 39749305 0
11 8089 rs10898458 85968037 1 0.00173408042055891 85968037 85968037 0
11 6798 rs597113 74123832 1 -0.00172914547074917 74123832 74123832 0
11 12243 rs12804711 122634267 1 -0.00172177672898714 122634267 122634267 0
11 11625 rs551141 116480631 1 0.00171953756651699 116480631 116480631 0
11 4335 rs12575539 39512930 1 -0.001717595683318 39512930 39512930 0
11 4851 rs1429554 44577468 1 0.00171256568277961 44577468 44577468 0
11 7181 rs10793362 78829575 1 0.0016860666401763 78829575 78829575 0
11 1596 rs12292638 12625227 1 0.00167434424496466 12625227 12625227 0
11 12762 rs7940893 126246076 1 -0.00167094943424215 126246076 126246076 0
11 6617 rs3829251 71194559 1 0.00167010008121963 71194559 71194559 0
11 5470 rs541245 57545948 1 0.00166774510510902 57545948 57545948 0
11 12792 rs10893545 126466129 1 0.00166734966239912 126466129 126466129 0
11 12125 rs665035 121083812 1 -0.00166614686610906 121083812 121083812 0
11 1084 rs7929500 8424590 1 -0.00166276295951536 8424590 8424590 0
11 4811 rs3107275 44104981 1 0.00166125020839103 44104981 44104981 0
11 11665 rs12292921 116621963 1 0.00166025877155569 116621963 116621963 0
11 8397 rs1426926 87903141 2 -0.00165733648861958 87903141 87903141 0
11 11077 rs7118200 111233450 1 -0.00165634342577866 111233450 111233450 0
11 10162 rs2509024 102499087 1 -0.00165306657140254 102499087 102499087 0
11 6117 rs642803 65560620 1 -0.00164509352061231 65560620 65560620 0
11 4158 rs7104698 36873565 1 -0.00164498993449601 36873565 36873565 0
11 11707 rs11216210 116848329 1 0.00164384416596964 116848329 116848329 0
11 3951 rs1923298 35384432 1 0.0016401170287163 35384432 35384432 0
11 11231 rs7103866 113164768 1 0.00163351214960992 113164768 113164768 0
11 8041 rs10501600 85609559 2 0.00162936857607343 85609559 85609559 0
11 6182 rs2279865 66203025 1 -0.00161734397171441 66203025 66203025 0
11 10260 rs11225514 102877513 1 -0.0015992163714294 102877513 102877513 0
11 11992 rs507622 119764234 2 -0.00159809934242542 119764234 119764234 0
11 7697 rs1790710 82338312 1 -0.00159806717195136 82338312 82338312 0
11 1121 rs4929912 8816695 2 -0.00159792042200748 8816695 8816695 0
11 2147 rs4150579 18357180 1 -0.00158775519031154 18357180 18357180 0
11 8503 rs1499172 88512538 1 -0.00157256254748787 88512538 88512538 0
11 1920 rs11023714 15785074 2 0.00155843437953466 15785074 15785074 0
11 8352 rs1939194 87583124 1 0.0015559963120726 87583124 87583124 0
11 13547 rs7927989 133356488 1 0.00154886651045532 133356488 133356488 0
11 9061 rs4753598 94101013 2 -0.00153953952684913 94101013 94101013 0
11 3394 rs12361299 29806246 1 -0.00153337201709064 29806246 29806246 0
11 6461 rs10751234 69843887 1 -0.00153131594342182 69843887 69843887 0
11 6999 rs1892951 76300956 1 -0.00151264011969013 76300956 76300956 0
11 13071 rs3862648 128975246 1 0.00149397500205391 128975246 128975246 0
11 9123 rs11020909 94426502 1 0.00148650191036424 94426502 94426502 0
11 5744 rs12803813 60578205 2 0.00148247126190048 60578205 60578205 0
11 6674 rs3781913 72373496 2 -0.00148019121471217 72373496 72373496 0
11 2665 rs1514094 22555632 1 -0.00147973658446942 22555632 22555632 0
11 9548 rs4753908 98174837 1 -0.00147488103561197 98174837 98174837 0
11 10614 rs4755149 106255343 1 -0.00147285830749493 106255343 106255343 0
11 2046 rs8192690 17414570 2 0.00147194943497013 17414570 17414570 0
11 5541 rs10896717 57990457 2 -0.00147036843338915 57990457 57990457 0
11 13094 rs4261298 129167003 1 0.00146447371192932 129167003 129167003 0
11 3181 rs3929244 27355031 1 -0.00145810343196608 27355031 27355031 0
11 12317 rs11219115 123199567 1 0.0014501900049596 123199567 123199567 0
11 5998 rs4930702 64089874 1 -0.00144000377713699 64089874 64089874 0
11 13679 rs11601492 134539450 1 -0.00143990876171932 134539450 134539450 0
11 13593 rs329649 133765666 1 -0.00143959349015265 133765666 133765666 0
11 10827 rs599558 108177538 2 -0.00143685128751325 108177538 108177538 0
11 1281 rs7948666 10580684 1 -0.00143104308836754 10580684 10580684 0
11 1656 rs10766040 13124064 1 0.00143089882746779 13124064 13124064 0
11 11825 rs1892903 117669619 1 0.0014258779237309 117669619 117669619 0
11 1905 rs7128738 15692228 1 -0.00142203802729088 15692228 15692228 0
11 4523 rs899036 41682910 1 0.00141694412469939 41682910 41682910 0
11 6878 rs1676891 74949403 1 0.0014129750900153 74949403 74949403 0
11 2257 rs4756999 19468769 2 -0.00141091615037516 19468769 19468769 0
11 6583 rs6592055 71053385 1 -0.00140920635342828 71053385 71053385 0
11 13437 rs672649 132388319 1 0.00140391111884493 132388319 132388319 0
11 12559 rs7937347 124814152 2 0.00140310814323677 124814152 124814152 0
11 2016 rs11024102 17008605 2 0.00139997870955321 17008605 17008605 0
11 34 rs4963128 589564 1 -0.00139315226597442 589564 589564 0
11 11717 rs10892068 116928546 2 0.00138784553368371 116928546 116928546 0
11 12831 rs2282507 126763379 1 0.00138468801765308 126763379 126763379 0
11 7272 rs10899651 79287376 1 -0.00138231783641542 79287376 79287376 0
11 5037 rs3929339 46086727 1 0.00138148845533248 46086727 46086727 0
11 12989 rs4937334 128335578 2 -0.00137673073785247 128335578 128335578 0
11 3783 rs3847603 34571836 2 0.00136921246063658 34571836 34571836 0
11 6613 rs12800438 71171003 1 -0.00136830296807177 71171003 71171003 0
11 6748 rs634771 73668842 2 0.00135260786644829 73668842 73668842 0
11 12567 rs4936969 124890396 2 -0.00134878521157772 124890396 124890396 0
11 9855 rs12281896 99923002 1 -0.0013482814471807 99923002 99923002 0
11 8099 rs1955189 86070096 1 0.001345228914315 86070096 86070096 0
11 11005 rs1449699 110610453 1 0.00132972389397745 110610453 110610453 0
11 1639 rs11022626 13086274 1 0.00132841885545903 13086274 13086274 0
11 7376 rs11232171 80207466 2 -0.00132742012234655 80207466 80207466 0
11 10537 rs2510183 105405416 1 0.0013211393106767 105405416 105405416 0
11 11164 rs12419219 112566028 1 0.00131689771117926 112566028 112566028 0
11 13552 rs4937792 133455155 1 -0.00131257667136413 133455155 133455155 0
11 3262 rs1404950 27970856 1 -0.00130576858120515 27970856 27970856 0
11 7219 rs493524 79080606 1 -0.00130536665608317 79080606 79080606 0
11 6901 rs1894213 75159408 2 0.00130522336573524 75159408 75159408 0
11 1515 rs6485561 12208393 1 -0.00130484996543291 12208393 12208393 0
11 13099 rs12289132 129200363 1 0.00130315596064778 129200363 129200363 0
11 8302 rs2212616 87034696 1 -0.00129912658182412 87034696 87034696 0
11 13322 rs2739287 131531000 1 0.00129829200465265 131531000 131531000 0
11 2095 rs3802970 17821182 1 -0.00129774396843412 17821182 17821182 0
11 2503 rs2138599 21114308 1 -0.00129359945501103 21114308 21114308 0
11 11101 rs11213985 111581521 1 0.00128702547002538 111581521 111581521 0
11 210 rs4758483 3222869 1 -0.00128637233202362 3222869 3222869 0
11 5407 rs9943582 57005067 1 0.00128527154731826 57005067 57005067 0
11 3714 rs11032492 34039096 1 -0.00128495954040604 34039096 34039096 0
11 3709 rs7941248 33925975 2 -0.00128287592365384 33925975 33925975 0
11 10369 rs12576536 103653871 1 -0.00128102614501228 103653871 103653871 0
11 1827 rs7948017 15000384 1 0.00127797971951462 15000384 15000384 0
11 4609 rs10768851 42692619 1 -0.00127715459004468 42692619 42692619 0
11 707 rs4758369 6045931 1 0.00127713258337451 6045931 6045931 0
11 12777 rs111418068 126343227 1 0.00127676470074485 126343227 126343227 0
11 4619 rs7938181 42864284 1 0.00127421125549227 42864284 42864284 0
11 2356 rs16905974 20314643 1 0.00127255178580037 20314643 20314643 0
11 11955 rs619180 119366947 1 -0.00127031722742142 119366947 119366947 0
11 8144 rs663208 86193234 2 0.00126363276380376 86193234 86193234 0
11 6060 rs35251366 64854812 1 -0.00126011084488956 64854812 64854812 0
11 2284 rs4757009 19671524 1 -0.0012598144074283 19671524 19671524 0
11 13618 rs10791345 134012013 1 0.0012430718116838 134012013 134012013 0
11 1971 rs2174163 16427972 1 0.00123857781999146 16427972 16427972 0
11 3367 rs481303 29512184 2 -0.0012301543465372 29512184 29512184 0
11 9718 rs12283068 99160502 1 -0.00122380050099112 99160502 99160502 0
11 6352 rs921675 68869034 2 -0.00122164314888869 68869034 68869034 0
11 2295 rs11819786 19787053 2 -0.00121952285781492 19787053 19787053 0
11 6978 rs747925 76004202 1 0.00120846177912485 76004202 76004202 0
11 9949 rs2298611 100582941 1 -0.00120435089148925 100582941 100582941 0
11 3113 rs4278475 26694812 2 -0.00120372118888635 26694812 26694812 0
11 8643 rs12805608 90233427 1 0.00119670286120334 90233427 90233427 0
11 4520 rs1463068 41611349 1 0.00119665319032841 41611349 41611349 0
11 2240 rs4237740 19281653 1 0.00119334248913592 19281653 19281653 0
11 1381 rs4910278 11232260 1 -0.00119319835292044 11232260 11232260 0
11 9320 rs543104 96025709 2 -0.00118895700924832 96025709 96025709 0
11 5653 rs1441585 59855711 1 0.00118532103723733 59855711 59855711 0
11 6949 rs6592618 75711897 1 -0.00118271134724144 75711897 75711897 0
11 3523 rs7942007 31835418 1 -0.00118025665276719 31835418 31835418 0
11 12952 rs4937298 128005842 2 -0.00117944634794833 128005842 128005842 0
11 2383 rs10833348 20546402 1 -0.00117577969668249 20546402 20546402 0
11 7661 rs4540849 82085113 1 0.00116481984603977 82085113 82085113 0
11 211 rs11025909 3223297 1 0.00116054958363563 3223297 3223297 0
11 13238 rs2298566 130750642 1 0.0011595670714475 130750642 130750642 0
11 1833 rs1894128 15098067 1 0.00115771181576799 15098067 15098067 0
11 9417 rs1908242 96935094 1 0.00115692440110891 96935094 96935094 0
11 5109 rs2242261 47266808 1 -0.00115262956071555 47266808 47266808 0
11 7818 rs6592150 83562296 1 -0.00115185362625185 83562296 83562296 0
11 11902 rs572126 118359161 1 0.00114822353111587 118359161 118359161 0
11 5796 rs198475 61526071 1 -0.00114535383118503 61526071 61526071 0
11 12228 rs12422102 122483315 2 0.00114394771966325 122483315 122483315 0
11 11922 rs3922 118765600 1 0.00113673555760643 118765600 118765600 0
11 230 rs2271586 3659993 1 0.00113130275835841 3659993 3659993 0
11 7451 rs7102845 80916798 1 0.00113102299513247 80916798 80916798 0
11 11004 rs1375718 110608950 1 0.0011297989367897 110608950 110608950 0
11 8722 rs12785311 90906453 1 0.00112634017124992 90906453 90906453 0
11 1327 rs6484589 11011562 1 -0.00112491317231285 11011562 11011562 0
11 4521 rs1463075 41631862 1 0.00112479638298349 41631862 41631862 0
11 1669 rs16924750 13185226 1 -0.00111287033043347 13185226 13185226 0
11 7935 rs10501570 84417846 1 -0.00111064592027453 84417846 84417846 0
11 4850 rs10838304 44573235 1 0.00111029376537916 44573235 44573235 0
11 6742 rs1122373 73588240 2 0.00110963867979818 73588240 73588240 0
11 9274 rs10501841 95834531 1 0.00110465068965954 95834531 95834531 0
11 9921 rs11224302 100456604 1 0.00110294493751369 100456604 100456604 0
11 4375 rs968845 40029625 1 -0.00110125467781759 40029625 40029625 0
11 3264 rs4604867 28012505 1 -0.00109765313821115 28012505 28012505 0
11 5138 rs10742805 47454701 1 -0.00109723882758978 47454701 47454701 0
11 1472 rs4376903 11818120 1 0.00109600310608517 11818120 11818120 0
11 3418 rs4923621 30147285 1 -0.00109517298387448 30147285 30147285 0
11 13114 rs2860290 129291462 1 -0.00109503616947965 129291462 129291462 0
11 12566 rs4612816 124874382 1 -0.00108817140275659 124874382 124874382 0
11 2073 rs6486374 17513389 1 -0.00107968634827538 17513389 17513389 0
11 12182 rs10892786 121803041 1 0.00107545939987427 121803041 121803041 0
11 7088 rs17825668 77815059 1 0.00107518375046067 77815059 77815059 0
11 6977 rs2371933 75979986 1 -0.00107432331354929 75979986 75979986 0
11 11553 rs1784964 115563555 1 0.00107431623963961 115563555 115563555 0
11 1645 rs2583125 13095393 1 -0.00107189457973047 13095393 13095393 0
11 247 rs10835262 3916506 1 -0.00106599368289869 3916506 3916506 0
11 9597 rs7944933 98540929 1 0.00106509398826035 98540929 98540929 0
11 3461 rs6484488 30552900 1 0.00105807996938934 30552900 30552900 0
11 9271 rs61749253 95826485 1 0.00105450528746085 95826485 95826485 0
11 7338 rs10897559 79848654 1 -0.00105237028636878 79848654 79848654 0
11 5633 rs12421628 59785647 1 -0.00105203039107022 59785647 59785647 0
11 2501 rs10833455 21099887 1 0.00104991022026512 21099887 21099887 0
11 10863 rs2553761 108754443 1 -0.00104338411409169 108754443 108754443 0
11 10844 rs2640758 108429200 1 -0.00103914225023439 108429200 108429200 0
11 5884 rs117162358 62344743 1 0.00103446650948973 62344743 62344743 0
11 5976 rs2096706 63924446 2 0.00103443727049324 63924446 63924446 0
11 7482 rs2514466 81011841 1 0.00103403221143252 81011841 81011841 0
11 6732 rs11235880 73435296 1 -0.00103111827608819 73435296 73435296 0
11 1717 rs10500796 13698833 1 0.00102987632537223 13698833 13698833 0
11 2115 rs1079785 18072273 2 -0.00102442802729212 18072273 18072273 0
11 4728 rs1353461 43266834 2 0.00102379229186429 43266834 43266834 0
11 4330 rs7944994 39322214 1 0.0010228902128627 39322214 39322214 0
11 12328 rs2846300 123375792 1 0.00102232389610364 123375792 123375792 0
11 827 rs1491823 6948139 1 -0.00102137937660156 6948139 6948139 0
11 11153 rs7109000 112435333 1 0.00102015154685395 112435333 112435333 0
11 3617 rs7102857 32822434 1 0.00101742681802767 32822434 32822434 0
11 10340 rs1481971 103473579 1 0.00101354909638368 103473579 103473579 0
11 10483 rs10791730 104688549 1 0.0010094956917558 104688549 104688549 0
11 7672 rs17143592 82194775 1 -0.00100196976636118 82194775 82194775 0
11 10358 rs10895511 103552188 1 -0.00100165558222291 103552188 103552188 0
11 723 rs3750944 6239344 1 9.998196284948988e-4 6239344 6239344 0
11 709 rs7930953 6088712 1 -9.99767431523976e-4 6088712 6088712 0
11 37 rs116176428 621826 1 9.965809806903024e-4 621826 621826 0
11 7043 rs7121629 76840798 2 9.951863018193225e-4 76840798 76840798 0
11 1995 rs217765 16799044 1 -9.888170392341516e-4 16799044 16799044 0
11 3945 rs7127824 35373851 1 -9.85820414499339e-4 35373851 35373851 0
11 3154 rs7939644 27060940 1 -9.840726958125442e-4 27060940 27060940 0
11 8371 rs16914161 87790526 2 9.836464585635757e-4 87790526 87790526 0
11 11639 rs12805061 116553025 1 -9.792242857706666e-4 116553025 116553025 0
11 7916 rs1940072 84286016 1 -9.756652564804432e-4 84286016 84286016 0
11 1019 rs7928132 7904380 1 9.756009918121424e-4 7904380 7904380 0
11 9388 rs585732 96780465 2 9.652986037438514e-4 96780465 96780465 0
11 9447 rs1962941 97371996 1 9.626101237321554e-4 97371996 97371996 0
11 2081 rs7128086 17538539 1 -9.6195919625993e-4 17538539 17538539 0
11 1655 rs7126761 13122553 1 9.589829062707906e-4 13122553 13122553 0
11 9900 rs11223581 100173537 1 9.568175799185674e-4 100173537 100173537 0
11 6012 rs615311 64258505 1 9.564215446491896e-4 64258505 64258505 0
11 3141 rs12275693 27015407 1 9.5446418879918e-4 27015407 27015407 0
11 13302 rs6590583 131383662 1 9.529001947451688e-4 131383662 131383662 0
11 1077 rs7108135 8402917 2 9.50049956723988e-4 8402917 8402917 0
11 8830 rs12786200 91979018 1 9.470852611616072e-4 91979018 91979018 0
11 13085 rs10894010 129120117 1 9.462467175157174e-4 129120117 129120117 0
11 1285 rs2162044 10655609 1 9.434988605376588e-4 10655609 10655609 0
11 9436 rs979406 97297218 2 -9.404460938342348e-4 97297218 97297218 0
11 12988 rs2230004 128333503 2 -9.341697810988596e-4 128333503 128333503 0
11 8199 rs10501627 86351500 2 -9.307411230271578e-4 86351500 86351500 0
11 12914 rs10893691 127338676 1 -9.266631123337948e-4 127338676 127338676 0
11 10418 rs11226193 104005970 1 9.265225735513752e-4 104005970 104005970 0
11 6683 rs1531865 72437398 2 -9.261737560633666e-4 72437398 72437398 0
11 7308 rs679598 79660947 1 9.163205177391764e-4 79660947 79660947 0
11 13392 rs4128547 132028281 1 9.142331692762216e-4 132028281 132028281 0
11 10330 rs716273 103417868 1 9.099370043706916e-4 103417868 103417868 0
11 4542 rs7128743 41925699 2 9.080319171632431e-4 41925699 41925699 0
11 6222 rs11227678 66842469 1 9.046041324693836e-4 66842469 66842469 0
11 3878 rs511776 34987357 1 9.030384463022354e-4 34987357 34987357 0
11 8972 rs7114771 93239907 1 -8.923791019507887e-4 93239907 93239907 0
11 6632 rs35844388 71701763 1 8.863368530080976e-4 71701763 71701763 0
11 13629 rs12573858 134064675 1 -8.823902298030889e-4 134064675 134064675 0
11 221 rs7102231 3402477 1 8.803392992384505e-4 3402477 3402477 0
11 12449 rs12271236 123938580 2 -8.801987399493168e-4 123938580 123938580 0
11 10196 rs11225389 102576468 1 -8.789807646925827e-4 102576468 102576468 0
11 11170 rs321117 112656595 1 8.777307542360942e-4 112656595 112656595 0
11 5861 rs11604814 62027308 1 8.771928890301791e-4 62027308 62027308 0
11 5571 rs7945889 58376735 1 -8.760570500688108e-4 58376735 58376735 0
11 12851 rs521381 126883622 1 8.744783678121548e-4 126883622 126883622 0
11 10684 rs11212024 106947600 1 8.721116359354944e-4 106947600 106947600 0
11 7087 rs10899436 77795571 1 8.673124341921594e-4 77795571 77795571 0
11 8871 rs1792363 92445462 2 -8.620167043013374e-4 92445462 92445462 0
11 6122 rs1204772 65581579 2 -8.615068049893746e-4 65581579 65581579 0
11 5741 rs11230466 60528162 1 -8.563238070661696e-4 60528162 60528162 0
11 12392 rs10502281 123756623 1 -8.538075647279399e-4 123756623 123756623 0
11 566 rs11037444 5462085 1 -8.513963905402986e-4 5462085 5462085 0
11 12800 rs569694 126500495 1 8.512897047077974e-4 126500495 126500495 0
11 1236 rs16907355 10019879 1 -8.510366431266783e-4 10019879 10019879 0
11 209 rs4758480 3218709 1 8.496915915774594e-4 3218709 3218709 0
11 1394 rs7114163 11317948 1 -8.476543551569923e-4 11317948 11317948 0
11 11363 rs10128580 114115298 2 8.468506164558158e-4 114115298 114115298 0
11 2645 rs11026505 22334571 1 8.46706240697106e-4 22334571 22334571 0
11 12173 rs1944683 121641496 1 8.463329803414787e-4 121641496 121641496 0
11 12093 rs536333 120860200 1 -8.431243586531233e-4 120860200 120860200 0
11 528 rs7935520 5410334 1 -8.393349344137334e-4 5410334 5410334 0
11 5513 rs2443426 57922678 1 -8.392574424768599e-4 57922678 57922678 0
11 4913 rs6485597 45186029 1 8.358677497506408e-4 45186029 45186029 0
11 11677 rs623908 116640368 1 -8.305907895009834e-4 116640368 116640368 0
11 13725 rs7120419 134893915 1 -8.304026295296099e-4 134893915 134893915 0
11 13242 rs11222410 130833994 1 -8.290678534996051e-4 130833994 130833994 0
11 10748 rs4754231 107426129 1 8.288591609640692e-4 107426129 107426129 0
11 5117 rs4752977 47300429 1 -8.272304292569182e-4 47300429 47300429 0
11 6963 rs94111 75915139 1 -8.2700006515088e-4 75915139 75915139 0
11 10821 rs623860 108106782 2 8.244834476185732e-4 108106782 108106782 0
11 7136 rs1792134 78360169 1 8.211103120064648e-4 78360169 78360169 0
11 49 rs7478765 752059 1 -8.166343751803794e-4 752059 752059 0
11 13461 rs1939518 132582971 1 8.154857974313808e-4 132582971 132582971 0
11 9108 rs12276362 94356914 2 -8.133670762634627e-4 94356914 94356914 0
11 7026 rs11236938 76507403 1 -8.126077826709338e-4 76507403 76507403 0
11 8902 rs6483210 92714595 1 -8.110142766812066e-4 92714595 92714595 0
11 12807 rs10790820 126583203 1 -8.107517100409666e-4 126583203 126583203 0
11 6218 rs12419173 66766754 1 8.090153615734726e-4 66766754 66766754 0
11 5608 rs17153770 59224738 1 -8.08959986617923e-4 59224738 59224738 0
11 12148 rs297494 121291294 1 8.07708248132593e-4 121291294 121291294 0
11 754 rs11825154 6568290 1 8.018999618197617e-4 6568290 6568290 0
11 6382 rs11605162 69050867 1 8.016524319939435e-4 69050867 69050867 0
11 1488 rs872575 12038860 1 -8.00194249651437e-4 12038860 12038860 0
11 6525 rs11236708 70424188 2 7.992064607042393e-4 70424188 70424188 0
11 1118 rs931756 8735662 2 7.989597119606427e-4 8735662 8735662 0
11 7946 rs17147761 84605753 1 -7.984992413001723e-4 84605753 84605753 0
11 1034 rs2136907 7973233 1 -7.966170030863113e-4 7973233 7973233 0
11 12186 rs1231186 121830239 1 -7.965970634949181e-4 121830239 121830239 0
11 698 rs4354673 6007613 1 7.96546784726036e-4 6007613 6007613 0
11 7415 rs11232407 80659466 1 -7.933340326894145e-4 80659466 80659466 0
11 10953 rs10891096 110262743 2 -7.916423122940938e-4 110262743 110262743 0
11 856 rs4758162 7119010 1 -7.906095226400813e-4 7119010 7119010 0
11 4292 rs1481294 38604075 1 7.890940253159525e-4 38604075 38604075 0
11 5929 rs4963361 62870326 1 -7.873598482728946e-4 62870326 62870326 0
11 2587 rs1945549 21625898 1 -7.854123453044749e-4 21625898 21625898 0
11 690 rs11039856 5973494 1 7.845557686194892e-4 5973494 5973494 0
11 9453 rs11226986 97425287 1 -7.844424850231057e-4 97425287 97425287 0
11 1288 rs11042909 10668522 1 7.830841359180391e-4 10668522 10668522 0
11 10266 rs61898615 103019260 1 -7.815075648635192e-4 103019260 103019260 0
11 3721 rs1883959 34234145 1 7.797035279339048e-4 34234145 34234145 0
11 9586 rs11216155 98481393 1 7.793994396203049e-4 98481393 98481393 0
11 6960 rs882151 75904137 1 7.782606802083518e-4 75904137 75904137 0
11 10956 rs12575797 110287537 1 -7.74763296497374e-4 110287537 110287537 0
11 561 rs1391619 5455929 1 7.717711461091065e-4 5455929 5455929 0
11 5128 rs10769253 47362339 1 -7.717651954671852e-4 47362339 47362339 0
11 7684 rs1939641 82250265 1 -7.699666832326857e-4 82250265 82250265 0
11 3723 rs2755176 34265140 1 7.675980788843338e-4 34265140 34265140 0
11 56 rs7941920 876755 1 7.662043862366127e-4 876755 876755 0
11 70 rs12363494 1262189 1 -7.647690927157628e-4 1262189 1262189 0
11 888 rs10769780 7367095 1 -7.634537520970586e-4 7367095 7367095 0
11 12837 rs583795 126848207 1 -7.625790302848943e-4 126848207 126848207 0
11 12126 rs10892689 121088158 1 -7.62165782870169e-4 121088158 121088158 0
11 13562 rs4468364 133485401 1 -7.620381946973627e-4 133485401 133485401 0
11 167 rs231359 2694606 1 -7.61393790175378e-4 2694606 2694606 0
11 8240 rs12786875 86490580 1 7.612178703582173e-4 86490580 86490580 0
11 8991 rs62622500 93408743 1 7.6026578394647e-4 93408743 93408743 0
11 8524 rs666229 88612116 1 7.587606624276154e-4 88612116 88612116 0
11 9724 rs12576370 99191617 1 7.570049887347976e-4 99191617 99191617 0
11 13045 rs675482 128726594 1 7.559711867266537e-4 128726594 128726594 0
11 9939 rs7107791 100553728 1 -7.550067491765638e-4 100553728 100553728 0
11 4181 rs333822 37020611 1 7.525404735602929e-4 37020611 37020611 0
11 4405 rs1020579 40280436 1 7.45652328618041e-4 40280436 40280436 0
11 5412 rs590240 57024830 1 7.444310810009815e-4 57024830 57024830 0
11 32 rs2613996 470331 1 -7.442479090744035e-4 470331 470331 0
11 13032 rs2284787 128653289 1 -7.431460201871111e-4 128653289 128653289 0
11 5588 rs7946908 58766266 1 7.397400497586828e-4 58766266 58766266 0
11 2077 rs7104083 17530484 1 7.396982030217571e-4 17530484 17530484 0
11 2857 rs10500976 24335921 1 -7.378228743009669e-4 24335921 24335921 0
11 4933 rs2863178 45272453 1 -7.358313126955806e-4 45272453 45272453 0
11 10813 rs7931681 108004798 1 7.352883503381769e-4 108004798 108004798 0
11 6964 rs663907 75923069 1 -7.351691851723004e-4 75923069 75923069 0
11 4036 rs7117000 36147644 1 -7.33614701725307e-4 36147644 36147644 0
11 10889 rs17109617 109248945 2 -7.331824699127533e-4 109248945 109248945 0
11 13717 rs10894919 134835852 1 7.315949246223235e-4 134835852 134835852 0
11 6687 rs7122044 72462634 1 7.245748807603021e-4 72462634 72462634 0
11 5093 rs7117404 47127153 1 -7.233851206110488e-4 47127153 47127153 0
11 12024 rs2508490 120099679 1 -7.216619573729305e-4 120099679 120099679 0
11 3533 rs10488687 31919540 1 -7.212292299371391e-4 31919540 31919540 0
11 2212 rs7109068 19072151 1 -7.200393867404082e-4 19072151 19072151 0
11 13133 rs12418958 129539589 2 7.199371028531552e-4 129539589 129539589 0
11 7053 rs1130059 77090939 1 7.193982425774875e-4 77090939 77090939 0
11 6436 rs546597 69351911 1 7.183451355228538e-4 69351911 69351911 0
11 10142 rs634814 102359477 1 -7.181655337913653e-4 102359477 102359477 0
11 7085 rs117003832 77775352 1 -7.181046325631473e-4 77775352 77775352 0
11 7926 rs6592194 84360096 2 -7.108965819988905e-4 84360096 84360096 0
11 7047 rs11237145 76954812 1 7.092002966902404e-4 76954812 76954812 0
11 389 rs17339295 4961547 2 7.038605178410711e-4 4961547 4961547 0
11 13334 rs11819970 131607351 1 7.01534651513296e-4 131607351 131607351 0
11 8082 rs2888903 85854176 2 -6.993900981195939e-4 85854176 85854176 0
11 4179 rs10768240 37002821 1 -6.987558724717866e-4 37002821 37002821 0
11 4023 rs7126914 36093636 1 6.979012323589885e-4 36093636 36093636 0
11 5017 rs2593734 45748110 1 6.968655615757234e-4 45748110 45748110 0
11 5030 rs7925824 45929961 1 6.919944133658353e-4 45929961 45929961 0
11 11984 rs4938724 119672156 1 6.916578214799094e-4 119672156 119672156 0
11 7417 rs10897741 80727242 1 -6.915546104338558e-4 80727242 80727242 0
11 11080 rs4283016 111248640 1 6.907536718037981e-4 111248640 111248640 0
11 11578 rs1894070 116076882 1 6.894206605308643e-4 116076882 116076882 0
11 7279 rs2187445 79319964 1 -6.875689378396451e-4 79319964 79319964 0
11 3555 rs689176 32134761 1 -6.872983781731202e-4 32134761 32134761 0
11 2036 rs10832781 17396517 1 6.851559918977427e-4 17396517 17396517 0
11 12026 rs7936665 120147254 1 6.837775435747852e-4 120147254 120147254 0
11 8909 rs521754 92802210 1 -6.810710197007643e-4 92802210 92802210 0
11 6985 rs6592630 76060528 1 6.793237225892378e-4 76060528 76060528 0
11 824 rs10839658 6942476 1 -6.769883080161643e-4 6942476 6942476 0
11 11387 rs670668 114436944 1 -6.768841824080605e-4 114436944 114436944 0
11 12555 rs4254088 124805619 1 6.724982494452202e-4 124805619 124805619 0
11 2041 rs8175351 17408496 1 -6.722141842788134e-4 17408496 17408496 0
11 7388 rs2373551 80346212 1 6.718458415958357e-4 80346212 80346212 0
11 4786 rs17795583 44036397 1 6.692662308929857e-4 44036397 44036397 0
11 13708 rs2169860 134781624 1 6.689079055955912e-4 134781624 134781624 0
11 12319 rs2714061 123283795 1 6.687980272980263e-4 123283795 123283795 0
11 11508 rs7943417 115300499 1 -6.672349056327968e-4 115300499 115300499 0
11 3763 rs524154 34463760 1 6.646562402239558e-4 34463760 34463760 0
11 9095 rs1939139 94307002 1 6.644249627236454e-4 94307002 94307002 0
11 3304 rs10835395 28741136 1 6.624277085871232e-4 28741136 28741136 0
11 6621 rs2155425 71217959 1 6.604767247993555e-4 71217959 71217959 0
11 9587 rs7102022 98483202 1 6.596136857464791e-4 98483202 98483202 0
11 6672 rs3781926 72350595 1 -6.592630585792953e-4 72350595 72350595 0
11 1448 rs9919560 11590971 1 -6.591974501118089e-4 11590971 11590971 0
11 13514 rs1835725 133037241 1 6.546071217188845e-4 133037241 133037241 0
11 1291 rs3993279 10670992 1 6.536944328231124e-4 10670992 10670992 0
11 3272 rs12272419 28110151 1 -6.53327288307678e-4 28110151 28110151 0
11 12718 rs12421177 126026645 1 6.527761061735972e-4 126026645 126026645 0
11 1474 rs4243942 11822718 1 6.524152043804553e-4 11822718 11822718 0
11 6747 rs637028 73660546 1 -6.50256372608382e-4 73660546 73660546 0
11 9506 rs7928741 97833177 1 -6.500543210446795e-4 97833177 97833177 0
11 13175 rs7938772 129969902 1 -6.498753061641521e-4 129969902 129969902 0
11 4114 rs867803 36618883 1 -6.440867892711597e-4 36618883 36618883 0
11 3542 rs224644 31985157 1 6.440759444093995e-4 31985157 31985157 0
11 9253 rs2509092 95718000 1 -6.420053427049748e-4 95718000 95718000 0
11 11667 rs2075295 116628401 1 6.417130051672733e-4 116628401 116628401 0
11 631 rs61756355 5632018 1 6.405984866791886e-4 5632018 5632018 0
11 554 rs58283839 5443969 1 -6.405075283340792e-4 5443969 5443969 0
11 10208 rs10791591 102605579 1 -6.400703829192195e-4 102605579 102605579 0
11 11695 rs533556 116741572 2 -6.398210134993421e-4 116741572 116741572 0
11 12922 rs356256 127445359 2 6.345400165024009e-4 127445359 127445359 0
11 1435 rs7935113 11535880 1 -6.339646553274797e-4 11535880 11535880 0
11 8520 rs7938157 88588641 1 6.32355246160889e-4 88588641 88588641 0
11 5749 rs565539 60602297 1 -6.281013787584938e-4 60602297 60602297 0
11 13470 rs7350477 132673205 1 6.265930445024381e-4 132673205 132673205 0
11 12050 rs1574249 120500130 1 -6.263870751798167e-4 120500130 120500130 0
11 13389 rs7937053 132015077 1 -6.257902849951377e-4 132015077 132015077 0
11 10513 rs7934144 104979884 1 -6.257583409349475e-4 104979884 104979884 0
11 6013 rs7940108 64266200 1 6.227888043864548e-4 64266200 64266200 0
11 11163 rs1459658 112565534 2 6.214231277881276e-4 112565534 112565534 0
11 7463 rs6591948 80938972 1 6.207263446443565e-4 80938972 80938972 0
11 10339 rs4754967 103471509 1 6.184406027999216e-4 103471509 103471509 0
11 6459 rs902867 69840704 1 -6.17945957842627e-4 69840704 69840704 0
11 10412 rs11226163 103980501 1 -6.175455331987568e-4 103980501 103980501 0
11 2364 rs4757053 20351011 1 6.155075508038216e-4 20351011 20351011 0
11 9522 rs11213783 97919121 1 6.115593372764058e-4 97919121 97919121 0
11 7565 rs12294805 81486744 1 6.113730669189463e-4 81486744 81486744 0
11 8250 rs12796995 86576421 1 -6.09753386351867e-4 86576421 86576421 0
11 4120 rs12271660 36661723 1 -6.097500628113005e-4 36661723 36661723 0
11 12941 rs1812931 127735165 1 -6.083004394860186e-4 127735165 127735165 0
11 4575 rs1903727 42427853 1 6.071161925899766e-4 42427853 42427853 0
11 4389 rs2953310 40137543 1 6.064415920026649e-4 40137543 40137543 0
11 13561 rs4937802 133484254 1 -6.050272712114851e-4 133484254 133484254 0
11 10161 rs2009659 102498113 1 -6.043843721360673e-4 102498113 102498113 0
11 12720 rs10501858 126030615 1 6.017326075179734e-4 126030615 126030615 0
11 3167 rs10835128 27226591 1 -5.998723265816163e-4 27226591 27226591 0
11 11151 rs1945106 112397326 1 -5.99009111461715e-4 112397326 112397326 0
11 8348 rs9666479 87572490 1 5.97727036030722e-4 87572490 87572490 0
11 3731 rs2955957 34328563 1 5.963021474796053e-4 34328563 34328563 0
11 3326 rs7938205 29049887 1 -5.912755346933048e-4 29049887 29049887 0
11 9806 rs4323834 99592885 1 5.897187474113406e-4 99592885 99592885 0
11 3282 rs11030281 28360360 1 -5.88186891414162e-4 28360360 28360360 0
11 5280 rs10896271 56113575 1 -5.881546401304933e-4 56113575 56113575 0
11 7225 rs534842 79091605 1 5.875974500108158e-4 79091605 79091605 0
11 8774 rs11019589 91399103 1 -5.861146956666225e-4 91399103 91399103 0
11 222 rs7127562 3583753 1 -5.860239417049916e-4 3583753 3583753 0
11 11903 rs537975 118362869 1 5.85630638099675e-4 118362869 118362869 0
11 544 rs1391612 5427118 1 -5.848276487597762e-4 5427118 5427118 0
11 921 rs4076396 7490236 1 5.833897506664044e-4 7490236 7490236 0
11 5777 rs3741260 61282504 1 -5.789589380683351e-4 61282504 61282504 0
11 9135 rs6483377 94674106 1 5.775321588434885e-4 94674106 94674106 0
11 11256 rs4436578 113306765 1 -5.75411818558948e-4 113306765 113306765 0
11 8787 rs4384350 91527559 1 -5.747855263535295e-4 91527559 91527559 0
11 7632 rs581701 81885721 2 5.734749673466403e-4 81885721 81885721 0
11 6812 rs7944514 74301192 1 5.729098867824258e-4 74301192 74301192 0
11 131 rs7941585 2281501 1 5.723687035296984e-4 2281501 2281501 0
11 2787 rs10500960 23539065 1 -5.719290798802571e-4 23539065 23539065 0
11 8047 rs7107455 85642444 1 -5.718808778659749e-4 85642444 85642444 0
11 10947 rs7930181 110227864 1 5.692412195639597e-4 110227864 110227864 0
11 2600 rs764949 21667334 1 5.686777164584262e-4 21667334 21667334 0
11 6575 rs1617603 71031696 2 -5.654122107616432e-4 71031696 71031696 0
11 3877 rs7119807 34979548 1 5.652406074885187e-4 34979548 34979548 0
11 8716 rs10734146 90864328 1 5.640256305567532e-4 90864328 90864328 0
11 11104 rs647080 111609174 1 5.626103631722379e-4 111609174 111609174 0
11 7551 rs17142789 81422622 1 5.603146961143396e-4 81422622 81422622 0
11 4121 rs61753861 36680719 1 5.597464188407531e-4 36680719 36680719 0
11 4468 rs11036142 40915304 1 -5.59479302440106e-4 40915304 40915304 0
11 10967 rs10891123 110354193 2 5.59472592788597e-4 110354193 110354193 0
11 1786 rs11023150 14245688 1 5.590242748534756e-4 14245688 14245688 0
11 4082 rs606442 36409826 1 -5.582563036348684e-4 36409826 36409826 0
11 9064 rs3740864 94112883 1 -5.582149878195399e-4 94112883 94112883 0
11 4469 rs10768645 40915339 1 -5.559151342816129e-4 40915339 40915339 0
11 13592 rs651067 133762135 1 5.54505022984937e-4 133762135 133762135 0
11 4585 rs11036893 42466106 1 5.5325236027174e-4 42466106 42466106 0
11 1900 rs729418 15615679 1 -5.51969314906269e-4 15615679 15615679 0
11 2484 rs10833419 20995172 1 -5.506437254038887e-4 20995172 20995172 0
11 10644 rs11824629 106632370 1 -5.495537320727208e-4 106632370 106632370 0
11 1642 rs16911996 13087407 1 -5.491678323551758e-4 13087407 13087407 0
11 5763 rs7929471 60765553 1 -5.476021869715989e-4 60765553 60765553 0
11 1460 rs7951610 11785883 2 5.42740326549783e-4 11785883 11785883 0
11 6032 rs7932775 64367862 1 5.411388824902391e-4 64367862 64367862 0
11 1521 rs6485578 12227681 1 -5.389812575557792e-4 12227681 12227681 0
11 3710 rs2181165 33943644 1 5.382264781518856e-4 33943644 33943644 0
11 9173 rs498018 95024932 1 5.32318724953015e-4 95024932 95024932 0
11 10571 rs2155338 105840364 1 5.321523952432476e-4 105840364 105840364 0
11 12448 rs1453652 123935438 1 5.29361390833955e-4 123935438 123935438 0
11 11840 rs2512152 117887757 1 -5.260169804437141e-4 117887757 117887757 0
11 4737 rs4755714 43534268 1 -5.258342698461502e-4 43534268 43534268 0
11 8160 rs1006586 86226645 1 -5.240546255385009e-4 86226645 86226645 0
11 11561 rs10502208 115743487 1 5.216256589049254e-4 115743487 115743487 0
11 8121 rs3741005 86123556 1 -5.215866819640883e-4 86123556 86123556 0
11 2485 rs1400373 20999558 1 -5.204258020978231e-4 20999558 20999558 0
11 1120 rs4929911 8816495 1 -5.195720614041365e-4 8816495 8816495 0
11 11716 rs723955 116925042 1 5.180420542916701e-4 116925042 116925042 0
11 10976 rs716950 110429104 1 -5.155949284775496e-4 110429104 110429104 0
11 8855 rs3911565 92278522 1 -5.155173017207472e-4 92278522 92278522 0
11 3050 rs10767484 26027163 1 5.13536904950353e-4 26027163 26027163 0
11 11763 rs538847 117335722 1 -5.10697563519273e-4 117335722 117335722 0
11 8080 rs7942719 85837369 1 -5.083691158960142e-4 85837369 85837369 0
11 6094 rs674485 65197393 1 -5.071062473460764e-4 65197393 65197393 0
11 11372 rs7927378 114233785 1 -5.043331507205604e-4 114233785 114233785 0
11 9235 rs10831415 95466159 1 5.028348659540359e-4 95466159 95466159 0
11 2467 rs7128766 20908913 1 5.001020883356484e-4 20908913 20908913 0
11 1848 rs16931247 15243593 1 4.993648842883284e-4 15243593 15243593 0
11 13527 rs11223437 133193153 1 -4.971844696281782e-4 133193153 133193153 0
11 6536 rs11236898 70463510 1 4.951043679425322e-4 70463510 70463510 0
11 10251 rs640198 102825091 1 4.94591743237094e-4 102825091 102825091 0
11 2314 rs7950088 19985501 1 -4.910433160538848e-4 19985501 19985501 0
11 13024 rs1939236 128602827 1 4.903509848845314e-4 128602827 128602827 0
11 13569 rs6590725 133534203 1 -4.902578404138579e-4 133534203 133534203 0
11 7660 rs1514621 82081904 2 -4.895923417739141e-4 82081904 82081904 0
11 6994 rs12278256 76155555 1 -4.883323601549153e-4 76155555 76155555 0
11 2487 rs10833428 21012786 1 -4.880792782549203e-4 21012786 21012786 0
11 4169 rs1825015 36960292 1 4.8718978036003426e-4 36960292 36960292 0
11 9306 rs722146 95961591 1 -4.862495168095501e-4 95961591 95961591 0
11 7257 rs12271629 79197184 1 -4.8315422773439017e-4 79197184 79197184 0
11 5761 rs3019544 60751923 1 -4.828336124362975e-4 60751923 60751923 0
11 10819 rs183459 108089197 1 4.827931084873319e-4 108089197 108089197 0
11 2784 rs11826112 23531129 1 -4.826476409442117e-4 23531129 23531129 0
11 8316 rs10898685 87110152 1 -4.818966315389468e-4 87110152 87110152 0
11 752 rs4282961 6554941 1 4.810327109006556e-4 6554941 6554941 0
11 9655 rs11218323 98951110 1 4.78965617300176e-4 98951110 98951110 0
11 7314 rs642770 79688804 1 4.77102371486921e-4 79688804 79688804 0
11 12312 rs10892995 123155262 1 -4.752838989749377e-4 123155262 123155262 0
11 9882 rs4754673 100020880 1 4.738523092462713e-4 100020880 100020880 0
11 7972 rs17148028 84867510 1 -4.7195509833729174e-4 84867510 84867510 0
11 727 rs6578750 6294394 1 4.719062874579493e-4 6294394 6294394 0
11 6900 rs482503 75158433 2 4.7178869706416534e-4 75158433 75158433 0
11 10236 rs501371 102748450 1 4.716477053579443e-4 102748450 102748450 0
11 8392 rs302653 87894630 1 4.711582825890889e-4 87894630 87894630 0
11 12892 rs2618195 127164405 2 4.708995183412993e-4 127164405 127164405 0
11 1698 rs16912751 13362291 1 -4.695282744426459e-4 13362291 13362291 0
11 1408 rs10765846 11422607 2 4.6785794225344065e-4 11422607 11422607 0
11 13196 rs2242312 130275346 1 4.674630474247168e-4 130275346 130275346 0
11 2490 rs4923264 21041504 1 -4.668385824367638e-4 21041504 21041504 0
11 2669 rs173063 22727764 1 -4.644017860057982e-4 22727764 22727764 0
11 5110 rs2167079 47270255 1 4.6118387781732376e-4 47270255 47270255 0
11 783 rs1354803 6768561 1 -4.6031205989171696e-4 6768561 6768561 0
11 659 rs11604371 5747303 1 4.599689781917409e-4 5747303 5747303 0
11 12285 rs11218921 122890439 1 4.597083085686838e-4 122890439 122890439 0
11 8349 rs12226885 87574807 2 4.594845396051573e-4 87574807 87574807 0
11 11755 rs522383 117286064 1 4.5933580633828266e-4 117286064 117286064 0
11 2311 rs7118085 19947749 1 4.590106575890776e-4 19947749 19947749 0
11 1661 rs4757108 13131002 1 -4.574300485272548e-4 13131002 13131002 0
11 12804 rs10790817 126508121 2 4.5682160400117806e-4 126508121 126508121 0
11 5808 rs174570 61597212 1 4.555463373436661e-4 61597212 61597212 0
11 10518 rs1842893 105023559 1 -4.5455589033594705e-4 105023559 105023559 0
11 5465 rs150928534 57464253 1 -4.543410233714411e-4 57464253 57464253 0
11 1459 rs874651 11779374 1 4.537342603862903e-4 11779374 11779374 0
11 6062 rs11539360 64880743 1 -4.527930284429606e-4 64880743 64880743 0
11 7259 rs4073501 79216085 1 4.516052126761508e-4 79216085 79216085 0
11 10632 rs17105855 106460931 1 -4.504315527663427e-4 106460931 106460931 0
11 11154 rs7105881 112456221 1 4.490638891254441e-4 112456221 112456221 0
11 9282 rs1939470 95845917 1 -4.48151714725776e-4 95845917 95845917 0
11 138 rs16928078 2320013 1 4.4724917768363385e-4 2320013 2320013 0
11 7933 rs11234135 84412257 1 -4.471287418988967e-4 84412257 84412257 0
11 6746 rs10160362 73650922 1 -4.4684429534050895e-4 73650922 73650922 0
11 7243 rs11237845 79174139 1 -4.460389168519088e-4 79174139 79174139 0
11 7455 rs11232525 80923036 1 -4.460272750260522e-4 80923036 80923036 0
11 3180 rs11029928 27319188 1 4.453795779796038e-4 27319188 27319188 0
11 13362 rs574322 131821000 1 -4.447797323123389e-4 131821000 131821000 0
11 1173 rs9888257 9185077 1 -4.447384445773912e-4 9185077 9185077 0
11 10816 rs12787445 108034124 2 4.426624748494674e-4 108034124 108034124 0
11 4355 rs1395919 39772957 1 -4.4198203630001903e-4 39772957 39772957 0
11 9071 rs13447720 94165326 1 -4.417380079304833e-4 94165326 94165326 0
11 11674 rs2187126 116635784 1 -4.398554487449258e-4 116635784 116635784 0
11 7131 rs10501429 78279790 1 -4.3973218808289504e-4 78279790 78279790 0
11 10126 rs12420608 101992349 1 4.397063534903469e-4 101992349 101992349 0
11 13455 rs10894589 132493026 1 -4.395950785061411e-4 132493026 132493026 0
11 308 rs11033126 4659858 1 -4.353747808506189e-4 4659858 4659858 0
11 2223 rs16936115 19108683 1 -4.351434409730272e-4 19108683 19108683 0
11 140 rs11022157 2322829 1 -4.349366048154585e-4 2322829 2322829 0
11 2246 rs4353249 19420097 1 4.33639315908186e-4 19420097 19420097 0
11 9478 rs925425 97620700 1 -4.3337142910424383e-4 97620700 97620700 0
11 10939 rs1792783 110177371 1 4.322849848466671e-4 110177371 110177371 0
11 1058 rs110419 8252853 1 4.305688445832414e-4 8252853 8252853 0
11 3519 rs2177482 31802357 1 -4.2822073565859783e-4 31802357 31802357 0
11 5935 rs1939749 62910849 1 4.279242606111054e-4 62910849 62910849 0
11 54 rs35567200 830044 1 4.263815505259827e-4 830044 830044 0
11 8344 rs2514133 87564240 1 -4.257908883389807e-4 87564240 87564240 0
11 4583 rs12789680 42448612 1 -4.255997750090636e-4 42448612 42448612 0
11 9213 rs1939877 95308992 1 -4.247756991241817e-4 95308992 95308992 0
11 10803 rs4028250 107841291 1 -4.2452398649905925e-4 107841291 107841291 0
11 3051 rs1387493 26034283 1 4.2237355307376114e-4 26034283 26034283 0
11 1342 rs1386158 11060903 1 4.2098821026069174e-4 11060903 11060903 0
11 4960 rs4755319 45381346 1 4.1900842031609737e-4 45381346 45381346 0
11 2089 rs10766419 17708585 1 -4.174995460440593e-4 17708585 17708585 0
11 7448 rs7114393 80915510 1 4.170574314014651e-4 80915510 80915510 0
11 5801 rs102275 61557803 1 4.163693505408081e-4 61557803 61557803 0
11 5769 rs175110 60824609 1 4.1601756007931195e-4 60824609 60824609 0
11 3068 rs7930530 26303474 1 4.155465167166973e-4 26303474 26303474 0
11 6736 rs11235911 73517259 1 -4.1306947370008985e-4 73517259 73517259 0
11 3819 rs1396885 34805210 1 -4.119324948684439e-4 34805210 34805210 0
11 3540 rs224597 31979424 1 4.112163523577324e-4 31979424 31979424 0
11 11313 rs1713676 113660576 1 -4.081830173980712e-4 113660576 113660576 0
11 6449 rs734102 69624482 1 4.080691396133876e-4 69624482 69624482 0
11 8508 rs10501685 88531621 1 -4.0765735930935936e-4 88531621 88531621 0
11 1621 rs17411627 12933933 1 -4.040770004659393e-4 12933933 12933933 0
11 1123 rs4929914 8824388 1 4.0370533530208614e-4 8824388 8824388 0
11 7078 rs921383 77710841 1 -4.0269492236928554e-4 77710841 77710841 0
11 8860 rs1791554 92301650 1 4.0037148521888743e-4 92301650 92301650 0
11 1740 rs12271326 13925480 1 3.997338180448991e-4 13925480 13925480 0
11 9457 rs11827713 97477422 1 -3.99121065828219e-4 97477422 97477422 0
11 9701 rs7952041 99069209 1 -3.98898786790304e-4 99069209 99069209 0
11 9656 rs17132928 98951650 1 3.9603981657894015e-4 98951650 98951650 0
11 8216 rs2512988 86414027 1 3.959291661567416e-4 86414027 86414027 0
11 2249 rs4550206 19450893 1 3.9396128679352336e-4 19450893 19450893 0
11 9554 rs722941 98247743 1 -3.925989993268333e-4 98247743 98247743 0
11 3988 rs12806627 35623483 1 3.9070710212798447e-4 35623483 35623483 0
11 4620 rs4132365 42867577 1 -3.904024696756586e-4 42867577 42867577 0
11 6189 rs11227501 66274072 1 -3.8988253417019785e-4 66274072 66274072 0
11 11923 rs663003 118823148 1 -3.8874637722896994e-4 118823148 118823148 0
11 1514 rs901291 12205793 1 -3.869896751646435e-4 12205793 12205793 0
11 13597 rs1106561 133777388 1 3.866974206454744e-4 133777388 133777388 0
11 1290 rs4909943 10670073 1 3.8577879046926354e-4 10670073 10670073 0
11 12993 rs7122859 128350686 2 3.850525030704117e-4 128350686 128350686 0
11 2483 rs11025839 20989375 1 -3.849867786302908e-4 20989375 20989375 0
11 10145 rs1954850 102378560 2 -3.822663099865872e-4 102378560 102378560 0
11 232 rs6578411 3695972 1 -3.819331686342557e-4 3695972 3695972 0
11 6477 rs12361305 69933614 1 3.818366903768717e-4 69933614 69933614 0
11 9197 rs11821606 95197220 1 3.807200468207613e-4 95197220 95197220 0
11 3295 rs12577364 28658030 1 -3.8063769377626167e-4 28658030 28658030 0
11 8072 rs536841 85787824 1 -3.806116729149265e-4 85787824 85787824 0
11 3725 rs10836174 34278873 1 -3.801439423369203e-4 34278873 34278873 0
11 3114 rs10767567 26701172 1 3.786194805692932e-4 26701172 26701172 0
11 1774 rs1881512 14103801 1 3.784208395567195e-4 14103801 14103801 0
11 6811 rs7941941 74273958 1 -3.783988155080328e-4 74273958 74273958 0
11 1647 rs10831954 13099336 1 -3.771908516824412e-4 13099336 13099336 0
11 3000 rs12420001 25753192 1 -3.769635543267024e-4 25753192 25753192 0
11 9178 rs552910 95080421 1 3.765324438716449e-4 95080421 95080421 0
11 10815 rs11212525 108016014 1 -3.742139100743951e-4 108016014 108016014 0
11 9975 rs3847566 100701493 2 3.74047899736132e-4 100701493 100701493 0
11 11445 rs1403944 114738157 1 -3.736173893164319e-4 114738157 114738157 0
11 12870 rs11220790 126992504 1 -3.724566370811077e-4 126992504 126992504 0
11 9480 rs1039951 97624373 2 -3.7176961029946904e-4 97624373 97624373 0
11 7431 rs10897755 80839482 1 3.6556509272278126e-4 80839482 80839482 0
11 3443 rs549272 30463110 1 -3.6413565000147465e-4 30463110 30463110 0
11 4119 rs1498339 36661443 1 -3.6271380727926993e-4 36661443 36661443 0
11 7466 rs10501498 80942489 1 -3.6242907451096266e-4 80942489 80942489 0
11 9454 rs11227014 97431300 1 -3.611463329932584e-4 97431300 97431300 0
11 6504 rs3781648 70190058 1 3.600889886285011e-4 70190058 70190058 0
11 4243 rs10501184 37688849 1 3.5971992263990956e-4 37688849 37688849 0
11 643 rs10838517 5695743 1 3.597131541111986e-4 5695743 5695743 0
11 13194 rs1021205 130271209 1 -3.5933494158264605e-4 130271209 130271209 0
11 7371 rs11232161 80195131 1 -3.5852076297920903e-4 80195131 80195131 0
11 9625 rs2219636 98766571 1 3.58389374303085e-4 98766571 98766571 0
11 8919 rs78676517 92895920 1 3.5735661416470187e-4 92895920 92895920 0
11 3669 rs761435 33617771 1 3.558998182478098e-4 33617771 33617771 0
11 1356 rs1503930 11129275 1 -3.554728503213677e-4 11129275 11129275 0
11 13086 rs7941048 129122558 1 3.548280676681356e-4 129122558 129122558 0
11 11753 rs527056 117285549 1 3.548146257057246e-4 117285549 117285549 0
11 8336 rs2186664 87439615 1 -3.548095250461815e-4 87439615 87439615 0
11 2663 rs925633 22525081 1 3.5276761591576406e-4 22525081 22525081 0
11 11509 rs220836 115301871 1 -3.526815367405203e-4 115301871 115301871 0
11 3803 rs286873 34702158 1 -3.5116680079329076e-4 34702158 34702158 0
11 6225 rs4542419 66970597 1 3.470383247395365e-4 66970597 66970597 0
11 3452 rs2242144 30504621 1 3.4624877346110447e-4 30504621 30504621 0
11 4346 rs1676681 39740619 1 -3.4576573756850794e-4 39740619 39740619 0
11 13299 rs7951332 131355411 1 3.441371908031301e-4 131355411 131355411 0
11 7367 rs1037399 80147284 2 -3.438895176653972e-4 80147284 80147284 0
11 286 rs17311688 4562644 1 -3.438726063535399e-4 4562644 4562644 0
11 3691 rs11032363 33765683 1 3.437772507037498e-4 33765683 33765683 0
11 2370 rs7934372 20419028 1 3.4277323599893973e-4 20419028 20419028 0
11 2409 rs2241941 20623023 1 3.4105227728075077e-4 20623023 20623023 0
11 6380 rs7122786 69029210 1 3.406051936279051e-4 69029210 69029210 0
11 3818 rs2136509 34796804 2 3.4050517670875316e-4 34796804 34796804 0
11 11230 rs17513907 113155980 1 -3.3699594304628167e-4 113155980 113155980 0
11 2681 rs7941772 22801465 2 3.367773547100504e-4 22801465 22801465 0
11 11749 rs564674 117227519 1 -3.365401313561505e-4 117227519 117227519 0
11 4159 rs986996 36874579 1 -3.343237037479264e-4 36874579 36874579 0
11 2666 rs1399103 22567197 1 3.32188649262695e-4 22567197 22567197 0
11 11103 rs585149 111595189 1 3.320083530121937e-4 111595189 111595189 0
11 7177 rs12419002 78816852 1 3.264411264891925e-4 78816852 78816852 0
11 5959 rs10897464 63718663 1 -3.2639039399068407e-4 63718663 63718663 0
11 4187 rs4756367 37050438 1 3.2604480605564866e-4 37050438 37050438 0
11 410 rs2445278 5064092 1 -3.259697893765792e-4 5064092 5064092 0
11 7613 rs656948 81752743 1 -3.2499794561119936e-4 81752743 81752743 0
11 4453 rs4132508 40744768 1 3.242444459844558e-4 40744768 40744768 0
11 7242 rs1912702 79173082 1 3.238759565485084e-4 79173082 79173082 0
11 13631 rs1031381 134088682 1 3.2365638949781634e-4 134088682 134088682 0
11 6914 rs663660 75262141 1 -3.235413147657274e-4 75262141 75262141 0
11 8659 rs12275422 90377982 1 -3.232344221527225e-4 90377982 90377982 0
11 8857 rs586699 92289734 2 3.194999817428934e-4 92289734 92289734 0
11 8337 rs12795300 87440486 1 -3.168040448907942e-4 87440486 87440486 0
11 6581 rs10897992 71050928 1 -3.1664756742787566e-4 71050928 71050928 0
11 12115 rs686882 121023992 2 3.157327126631182e-4 121023992 121023992 0
11 11057 rs949280 111111747 1 3.156213003106482e-4 111111747 111111747 0
11 6474 rs10897924 69921329 1 -3.135688846877792e-4 69921329 69921329 0
11 449 rs11602279 5209592 1 3.097866831207674e-4 5209592 5209592 0
11 12076 rs4430518 120723433 1 -3.082151538723747e-4 120723433 120723433 0
11 5019 rs895722 45751600 1 3.032262466302419e-4 45751600 45751600 0
11 13571 rs11604563 133546652 1 -3.0192629771776526e-4 133546652 133546652 0
11 12849 rs11220708 126883293 1 -2.9835494834567014e-4 126883293 126883293 0
11 3838 rs12292993 34859944 1 -2.982976981550443e-4 34859944 34859944 0
11 4397 rs10742530 40229937 2 2.981112368479936e-4 40229937 40229937 0
11 9830 rs17618560 99801380 1 2.977006686320489e-4 99801380 99801380 0
11 1835 rs1945614 15102765 1 -2.976684978371993e-4 15102765 15102765 0
11 11562 rs569462 115753077 2 2.971898648460637e-4 115753077 115753077 0
11 8594 rs10501713 89953013 1 -2.966565730056185e-4 89953013 89953013 0
11 1000 rs1157039 7843317 1 2.965245173998707e-4 7843317 7843317 0
11 1168 rs3751052 9072140 1 2.957019327552247e-4 9072140 9072140 0
11 3876 rs11539202 34969112 1 2.9534117916950726e-4 34969112 34969112 0
11 1289 rs7940646 10669228 1 -2.9460733109991724e-4 10669228 10669228 0
11 8079 rs4944558 85829867 1 2.938617039571465e-4 85829867 85829867 0
11 11610 rs7110240 116343848 1 -2.919392760758378e-4 116343848 116343848 0
11 5547 rs7111538 58034651 1 2.9175144530279516e-4 58034651 58034651 0
11 2054 rs1801261 17436865 1 -2.916911572183931e-4 17436865 17436865 0
11 11106 rs1633471 111690331 2 -2.9165166740870716e-4 111690331 111690331 0
11 12936 rs6590281 127719538 1 2.9114505687103027e-4 127719538 127719538 0
11 12889 rs11220845 127128729 1 -2.9083649948719747e-4 127128729 127128729 0
11 2080 rs2237960 17538048 1 -2.8976567747774777e-4 17538048 17538048 0
11 11406 rs11215158 114568942 1 -2.8853313365689935e-4 114568942 114568942 0
11 10948 rs11213366 110227924 1 2.8791652316632085e-4 110227924 110227924 0
11 9168 rs646667 94915978 1 2.871206305971255e-4 94915978 94915978 0
11 1065 rs10840020 8339894 1 -2.8665799770693807e-4 8339894 8339894 0
11 13601 rs3802920 133787001 1 2.8665183839961e-4 133787001 133787001 0
11 6058 rs35982635 64802388 1 -2.86459795940451e-4 64802388 64802388 0
11 923 rs80215761 7507174 1 -2.862499659054945e-4 7507174 7507174 0
11 11898 rs4290266 118285995 1 -2.84031857270054e-4 118285995 118285995 0
11 12382 rs2155363 123717248 1 -2.8208797888966614e-4 123717248 123717248 0
11 5742 rs931861 60559805 1 2.810939875114037e-4 60559805 60559805 0
11 6856 rs2851097 74842197 1 -2.810925827570081e-4 74842197 74842197 0
11 10447 rs12366084 104249254 1 -2.804041318067578e-4 104249254 104249254 0
11 212 rs10833462 3226221 1 2.776771593936883e-4 3226221 3226221 0
11 2684 rs7111546 22829757 1 -2.770026448757284e-4 22829757 22829757 0
11 12098 rs10502245 120923495 1 2.76969774220603e-4 120923495 120923495 0
11 2541 rs11025965 21234023 1 -2.7663143524756065e-4 21234023 21234023 0
11 12620 rs548181 125461709 1 2.759018745265656e-4 125461709 125461709 0
11 3690 rs831594 33765213 2 2.75549270538158e-4 33765213 33765213 0
11 7350 rs7483049 80011790 1 2.755384132221077e-4 80011790 80011790 0
11 6566 rs2119510 70969719 1 -2.751716263931617e-4 70969719 70969719 0
11 7253 rs2510506 79190783 1 -2.747294667046682e-4 79190783 79190783 0
11 3739 rs5026710 34428362 2 -2.7442547363453287e-4 34428362 34428362 0
11 12510 rs7934631 124323660 1 -2.734775288323671e-4 124323660 124323660 0
11 4288 rs7934284 38577786 1 2.725461995545418e-4 38577786 38577786 0
11 2601 rs1945546 21669202 1 -2.7244003373141934e-4 21669202 21669202 0
11 11150 rs10891380 112397104 1 2.715574271744312e-4 112397104 112397104 0
11 9189 rs538592 95101147 1 2.7051295100532016e-4 95101147 95101147 0
11 6445 rs10737157 69572684 1 2.7034244009180287e-4 69572684 69572684 0
11 8717 rs7937047 90869057 1 -2.6806106374710676e-4 90869057 90869057 0
11 8758 rs12288731 91260969 1 2.679356596575686e-4 91260969 91260969 0
11 11342 rs926075 114000727 1 -2.667887716122885e-4 114000727 114000727 0
11 2849 rs7941806 24248805 1 2.6569154090982347e-4 24248805 24248805 0
11 5971 rs3751120 63884453 1 2.6469298455764295e-4 63884453 63884453 0
11 9268 rs12365545 95813021 1 -2.6438542872642465e-4 95813021 95813021 0
11 2474 rs3740874 20939655 1 -2.641870062121204e-4 20939655 20939655 0
11 12866 rs10893626 126950908 1 -2.6239048476008e-4 126950908 126950908 0
11 2177 rs4073915 18796480 1 -2.6108572944463673e-4 18796480 18796480 0
11 13564 rs4494315 133491908 2 2.6103625978032483e-4 133491908 133491908 0
11 11951 rs2195525 119235404 1 -2.597979616559639e-4 119235404 119235404 0
11 13525 rs7122854 133168523 1 2.595223070433489e-4 133168523 133168523 0
11 5458 rs2848630 57356907 1 -2.593739274138099e-4 57356907 57356907 0
11 4584 rs12795715 42449785 1 -2.590197607667589e-4 42449785 42449785 0
11 9717 rs12421122 99154402 1 2.572992989403022e-4 99154402 99154402 0
11 4911 rs7929875 45152825 1 2.5589126867169075e-4 45152825 45152825 0
11 6635 rs541022 71783056 1 2.5559857479024757e-4 71783056 71783056 0
11 5325 rs151301846 56380971 1 -2.555074249333952e-4 56380971 56380971 0
11 11341 rs17116453 114000357 1 -2.554612971400378e-4 114000357 114000357 0
11 1325 rs732392 11007971 1 2.550098527688541e-4 11007971 11007971 0
11 10155 rs1612069 102468035 1 2.548468010350696e-4 102468035 102468035 0
11 7436 rs2514502 80846781 1 2.526607891203212e-4 80846781 80846781 0
11 6827 rs11825804 74378871 1 2.5073846895317677e-4 74378871 74378871 0
11 2437 rs10466424 20681439 1 -2.502571049579439e-4 20681439 20681439 0
11 13523 rs4937761 133155735 1 2.499253198277171e-4 133155735 133155735 0
11 4233 rs10836750 37561201 1 2.49397214763177e-4 37561201 37561201 0
11 3619 rs11826269 33036294 1 -2.475665942619281e-4 33036294 33036294 0
11 10020 rs568157 101024282 1 -2.471259950354459e-4 101024282 101024282 0
11 6627 rs7924834 71644333 1 -2.4710616691204465e-4 71644333 71644333 0
11 8223 rs2433435 86453700 1 -2.467608132992985e-4 86453700 86453700 0
11 8073 rs541458 85788351 1 2.45974808849568e-4 85788351 85788351 0
11 12951 rs1940363 128002947 1 2.456011202167466e-4 128002947 128002947 0
11 2607 rs1459873 21753111 1 2.4507613927297076e-4 21753111 21753111 0
11 9242 rs12275165 95565840 1 -2.4282295714545647e-4 95565840 95565840 0
11 3937 rs3794089 35324660 1 -2.4210869580190052e-4 35324660 35324660 0
11 7183 rs10899592 78833535 1 -2.420894717147073e-4 78833535 78833535 0
11 5952 rs7944411 63242556 1 2.4150948537270955e-4 63242556 63242556 0
11 6465 rs7935198 69864128 1 -2.4071195414815375e-4 69864128 69864128 0
11 1705 rs307245 13481999 1 2.4070410234843724e-4 13481999 13481999 0
11 6300 rs7119422 68331154 1 -2.4062528259193012e-4 68331154 68331154 0
11 3347 rs17513662 29303887 1 2.4037610752257991e-4 29303887 29303887 0
11 12372 rs10750240 123677614 1 2.3924903667475132e-4 123677614 123677614 0
11 18 rs11601356 249131 1 2.3862409199563447e-4 249131 249131 0
11 1551 rs903213 12345459 1 -2.381395970885592e-4 12345459 12345459 0
11 12853 rs1944622 126883747 2 -2.3810920906539875e-4 126883747 126883747 0
11 733 rs10500671 6460026 1 -2.378230319680197e-4 6460026 6460026 0
11 3997 rs1408154 35861029 1 -2.3694161648626645e-4 35861029 35861029 0
11 3742 rs12294378 34434761 1 2.3629812926789957e-4 34434761 34434761 0
11 4496 rs7933937 41173522 1 2.358701711542513e-4 41173522 41173522 0
11 13626 rs11606866 134039963 1 2.352599129194474e-4 134039963 134039963 0
11 3789 rs713509 34598177 1 2.3412157157197335e-4 34598177 34598177 0
11 7141 rs642378 78414040 1 -2.3334554209789515e-4 78414040 78414040 0
11 1785 rs10832235 14244240 1 2.327126310057118e-4 14244240 14244240 0
11 6564 rs2919732 70932944 1 2.322961464310153e-4 70932944 70932944 0
11 2720 rs1384464 23217814 1 2.3089983632443783e-4 23217814 23217814 0
11 194 rs12281847 3048245 1 2.3007927726620745e-4 3048245 3048245 0
11 2796 rs7122954 23564329 1 2.2949937508394785e-4 23564329 23564329 0
11 1667 rs11022681 13164269 1 -2.2902351420508787e-4 13164269 13164269 0
11 2401 rs12418677 20594890 1 -2.2837134287783135e-4 20594890 20594890 0
11 11978 rs10790342 119630418 1 2.2792622043107984e-4 119630418 119630418 0
11 6128 rs34891773 65631361 1 2.273514328061218e-4 65631361 65631361 0
11 11344 rs4936290 114009255 1 -2.269115049258901e-4 114009255 114009255 0
11 1171 rs7128469 9142797 1 -2.256858615739922e-4 9142797 9142797 0
11 9605 rs12793263 98653719 1 2.24014386403222e-4 98653719 98653719 0
11 2076 rs4757536 17515143 1 -2.2332521892328227e-4 17515143 17515143 0
11 9311 rs1978763 95991923 1 -2.2235879089559237e-4 95991923 95991923 0
11 8093 rs11234604 86013380 1 -2.2223303423806137e-4 86013380 86013380 0
11 2515 rs1945319 21165872 1 2.2162768116903417e-4 21165872 21165872 0
11 9238 rs1255161 95494313 1 -2.1998897777727455e-4 95494313 95494313 0
11 13485 rs7127891 132789046 2 -2.1996954623206607e-4 132789046 132789046 0
11 12236 rs7943438 122568946 1 -2.197115218812247e-4 122568946 122568946 0
11 10690 rs11212035 106987593 1 -2.1919884890827656e-4 106987593 106987593 0
11 3046 rs12277478 26009964 2 -2.185916410071841e-4 26009964 26009964 0
11 4970 rs11038430 45406740 1 2.18535194083708e-4 45406740 45406740 0
11 3655 rs2756276 33525405 1 -2.1838411973108045e-4 33525405 33525405 0
11 8973 rs11020388 93240847 1 -2.1791626122027912e-4 93240847 93240847 0
11 10209 rs4121365 102606130 2 2.1722109534835532e-4 102606130 102606130 0
11 5397 rs143192258 56954985 2 2.1711093937521776e-4 56954985 56954985 0
11 11839 rs2512149 117881601 1 -2.1524533271054857e-4 117881601 117881601 0
11 6243 rs1138272 67353579 1 -2.1458931762538745e-4 67353579 67353579 0
11 11381 rs11214997 114324312 1 2.1446020193028576e-4 114324312 114324312 0
11 1895 rs11023633 15577295 1 2.136961252099629e-4 15577295 15577295 0
11 1527 rs12807026 12230672 1 -2.1358068696746357e-4 12230672 12230672 0
11 9384 rs10750384 96769519 1 2.125850329803839e-4 96769519 96769519 0
11 7005 rs11236828 76360404 2 -2.11566913097627e-4 76360404 76360404 0
11 5917 rs948979 62783826 1 2.1156220567201777e-4 62783826 62783826 0
11 2471 rs7116897 20930997 1 -2.0990516184835653e-4 20930997 20930997 0
11 12894 rs2013156 127170773 1 2.091970292713013e-4 127170773 127170773 0
11 13615 rs1783814 134007108 1 -2.0896025151955576e-4 134007108 134007108 0
11 2282 rs10741780 19599971 1 2.0892373914890887e-4 19599971 19599971 0
11 5759 rs78193365 60709520 1 -2.0846414973201225e-4 60709520 60709520 0
11 4557 rs9787747 42047336 1 -2.08151701000052e-4 42047336 42047336 0
11 13495 rs7938283 132877919 1 -2.0798923816829615e-4 132877919 132877919 0
11 9202 rs6483426 95233592 1 -2.071135235277192e-4 95233592 95233592 0
11 8333 rs11235296 87435016 2 2.0631254456610095e-4 87435016 87435016 0
11 10583 rs17093811 105921935 1 -2.059960839669892e-4 105921935 105921935 0
11 10478 rs1200649 104632721 1 -2.0563498423017723e-4 104632721 104632721 0
11 2460 rs10833399 20862685 1 2.0398977895497871e-4 20862685 20862685 0
11 12116 rs2155369 121038810 2 2.0398080947007464e-4 121038810 121038810 0
11 1814 rs10741654 14748052 1 -2.03888934045778e-4 14748052 14748052 0
11 2360 rs10500875 20343326 1 -2.038438851915598e-4 20343326 20343326 0
11 8311 rs4471448 87083324 1 -2.025978063504998e-4 87083324 87083324 0
11 11711 rs10502224 116870480 1 -1.995096318968095e-4 116870480 116870480 0
11 9929 rs17095235 100495553 1 -1.9808260379873712e-4 100495553 100495553 0
11 6430 rs567488 69318518 1 -1.978578537869076e-4 69318518 69318518 0
11 196 rs451041 3060725 1 1.9678658699377185e-4 3060725 3060725 0
11 4409 rs11035794 40370881 1 -1.964483901628048e-4 40370881 40370881 0
11 8779 rs12420217 91429707 1 -1.960872429009465e-4 91429707 91429707 0
11 13233 rs1944147 130691920 2 1.9539298887362336e-4 130691920 130691920 0
11 31 rs7935013 467339 1 1.9429228558088328e-4 467339 467339 0
11 11382 rs10891672 114333434 1 1.939909535299776e-4 114333434 114333434 0
11 7001 rs17160155 76322550 1 -1.9375290270442512e-4 76322550 76322550 0
11 6508 rs10466703 70218548 1 1.932347781889054e-4 70218548 70218548 0
11 3722 rs911498 34240676 2 1.920223747564e-4 34240676 34240676 0
11 6801 rs7789 74166320 1 -1.9185752982616057e-4 74166320 74166320 0
11 624 rs7117257 5614275 1 -1.9120815322745257e-4 5614275 5614275 0
11 1320 rs7126238 11004821 1 -1.9119926805659897e-4 11004821 11004821 0
11 1974 rs2174164 16443567 2 1.9076702140801067e-4 16443567 16443567 0
11 5357 rs4938842 56605222 1 -1.906954761389237e-4 56605222 56605222 0
11 459 rs4910736 5258989 1 -1.9053450139115975e-4 5258989 5258989 0
11 7054 rs508662 77099018 1 1.8979930914587564e-4 77099018 77099018 0
11 343 rs4382897 4823689 1 1.8928962951512035e-4 4823689 4823689 0
11 3614 rs7112453 32583695 1 -1.886316879581339e-4 32583695 32583695 0
11 6708 rs7941359 73158119 1 1.8791790140981567e-4 73158119 73158119 0
11 4526 rs10768726 41708034 1 1.8659261203056413e-4 41708034 41708034 0
11 1013 rs10500702 7895876 2 1.855329827634435e-4 7895876 7895876 0
11 8911 rs559902 92804066 1 1.8487481309310805e-4 92804066 92804066 0
11 3941 rs7102331 35348532 1 1.847309856219576e-4 35348532 35348532 0
11 6371 rs4930670 69001252 1 1.8410861711756196e-4 69001252 69001252 0
11 10328 rs10459005 103416881 1 1.8191573269882516e-4 103416881 103416881 0
11 5508 rs3853676 57893967 1 1.8185930314416971e-4 57893967 57893967 0
11 1819 rs117913124 14900931 1 1.8177865914605307e-4 14900931 14900931 0
11 3137 rs12279221 26962816 1 -1.812785302380982e-4 26962816 26962816 0
11 4672 rs1546009 43044239 1 -1.8090097620273711e-4 43044239 43044239 0
11 11801 rs7946890 117494945 1 -1.8072828960964652e-4 117494945 117494945 0
11 9319 rs2509000 96024021 1 -1.807068479688205e-4 96024021 96024021 0
11 7003 rs11236821 76351565 1 1.7996715129192528e-4 76351565 76351565 0
11 2121 rs35525096 18108512 1 1.7938620975219984e-4 18108512 18108512 0
11 5348 rs17550900 56518769 1 -1.7926277078225992e-4 56518769 56518769 0
11 4182 rs333805 37043351 1 1.7818445216208538e-4 37043351 37043351 0
11 6725 rs7126049 73383382 1 1.780819932761357e-4 73383382 73383382 0
11 11456 rs7122390 114915469 1 -1.7779149176289864e-4 114915469 114915469 0
11 6872 rs78825186 74883559 1 1.755410180624709e-4 74883559 74883559 0
11 4112 rs34629171 36614561 1 1.7412423049632748e-4 36614561 36614561 0
11 1489 rs2896596 12039278 1 -1.7223132771072787e-4 12039278 12039278 0
11 4644 rs1387312 42948762 1 -1.6750583487947797e-4 42948762 42948762 0
11 13608 rs724095 133897382 1 1.6727802282883423e-4 133897382 133897382 0
11 10578 rs1939810 105886989 1 -1.6641627207345254e-4 105886989 105886989 0
11 1495 rs16910421 12070665 2 -1.661238302906624e-4 12070665 12070665 0
11 8429 rs217067 88064750 1 1.6426333915051005e-4 88064750 88064750 0
11 213 rs11025930 3226934 1 -1.642540583015986e-4 3226934 3226934 0
11 4825 rs10838249 44293529 1 1.6388397070892394e-4 44293529 44293529 0
11 8636 rs7130307 90209402 1 1.6385351957990177e-4 90209402 90209402 0
11 7867 rs7108582 83831259 1 -1.6335203622811994e-4 83831259 83831259 0
11 6003 rs538147 64129722 1 -1.6055952963432124e-4 64129722 64129722 0
11 5882 rs12803112 62209586 1 -1.6034556337806506e-4 62209586 62209586 0
11 9234 rs4298858 95452492 1 -1.5896598185416306e-4 95452492 95452492 0
11 3131 rs79461805 26885197 1 1.5885841343965613e-4 26885197 26885197 0
11 9307 rs475892 95969863 1 -1.5832934468258816e-4 95969863 95969863 0
11 8759 rs2138996 91273962 1 -1.571324502071841e-4 91273962 91273962 0
11 12569 rs4617604 124915118 1 1.5561055750179577e-4 124915118 124915118 0
11 6686 rs12272109 72453850 1 1.5388542460080735e-4 72453850 72453850 0
11 2082 rs10832804 17599093 1 -1.5378182800940436e-4 17599093 17599093 0
11 1595 rs12277767 12624678 1 1.5354416890767634e-4 12624678 12624678 0
11 1415 rs9988868 11469752 1 -1.5352201241828242e-4 11469752 11469752 0
11 8704 rs1406397 90801491 1 1.5346002461199575e-4 90801491 90801491 0
11 2678 rs1499242 22793809 1 -1.532079730699174e-4 22793809 22793809 0
11 1877 rs12420460 15418219 1 -1.5320265043486305e-4 15418219 15418219 0
11 13607 rs627455 133887799 2 1.531684506204975e-4 133887799 133887799 0
11 4502 rs11036286 41226338 1 -1.5253734402214636e-4 41226338 41226338 0
11 645 rs4992800 5702462 1 1.500600802351907e-4 5702462 5702462 0
11 9243 rs553998 95603439 2 1.4955351467483592e-4 95603439 95603439 0
11 12442 rs4936890 123914742 1 1.490563943179593e-4 123914742 123914742 0
11 1644 rs3109943 13094968 1 -1.48990551473515e-4 13094968 13094968 0
11 8832 rs947938 91988838 1 1.4877391711413124e-4 91988838 91988838 0
11 55 rs6682 870446 1 1.4798812911381574e-4 870446 870446 0
11 241 rs7931756 3792657 1 1.4782622378317942e-4 3792657 3792657 0
11 12960 rs11221187 128043547 1 -1.475279756605334e-4 128043547 128043547 0
11 13267 rs1793789 131086041 1 1.4712770202585793e-4 131086041 131086041 0
11 9514 rs627814 97899297 1 -1.471196814732399e-4 97899297 97899297 0
11 4455 rs11036058 40764896 1 1.447204007350465e-4 40764896 40764896 0
11 4350 rs10837222 39748212 1 1.4459760850528433e-4 39748212 39748212 0
11 8145 rs664613 86193603 2 -1.4432024035376082e-4 86193603 86193603 0
11 7825 rs11233774 83591243 1 1.4399557456680945e-4 83591243 83591243 0
11 11193 rs2155289 112885081 1 1.435934824887888e-4 112885081 112885081 0
11 7199 rs568082 79018805 1 -1.422018170158598e-4 79018805 79018805 0
11 8822 rs10830834 91815601 1 1.4186737835812158e-4 91815601 91815601 0
11 12971 rs10450612 128224634 1 -1.4161968404360087e-4 128224634 128224634 0
11 876 rs12799959 7320535 2 -1.4144995562772353e-4 7320535 7320535 0
11 3825 rs1858167 34816531 1 -1.3999861787519888e-4 34816531 34816531 0
11 3946 rs7111949 35373874 1 -1.3794782971265454e-4 35373874 35373874 0
11 8815 rs2511420 91780853 2 1.3740092290466744e-4 91780853 91780853 0
11 10989 rs11822684 110484253 1 1.373032104463106e-4 110484253 110484253 0
11 12636 rs506504 125525195 1 -1.370896807185061e-4 125525195 125525195 0
11 59 rs6421967 983966 2 1.370763037300495e-4 983966 983966 0
11 7325 rs7123693 79763387 1 1.3620760815293728e-4 79763387 79763387 0
11 4504 rs1352230 41257362 1 -1.3617319692069602e-4 41257362 41257362 0
11 9992 rs61995873 100863319 1 -1.3530785228134956e-4 100863319 100863319 0
11 6231 rs60969594 67203442 1 1.3321254304671806e-4 67203442 67203442 0
11 12086 rs2298725 120823608 2 -1.3257395327256178e-4 120823608 120823608 0
11 12146 rs7122660 121262795 1 1.3198457376880214e-4 121262795 121262795 0
11 5207 rs17800968 48384631 1 -1.305780243088279e-4 48384631 48384631 0
11 6307 rs12365708 68512543 1 1.3053046211745765e-4 68512543 68512543 0
11 8937 rs3019210 93059444 1 1.3006083858949633e-4 93059444 93059444 0
11 12354 rs655756 123585960 1 -1.2948739152647063e-4 123585960 123585960 0
11 2630 rs324258 21968847 1 -1.2869012017042064e-4 21968847 21968847 0
11 6595 rs17161455 71094472 1 -1.2814423350019597e-4 71094472 71094472 0
11 12455 rs4376916 123952618 1 -1.2772416309951337e-4 123952618 123952618 0
11 2109 rs211095 17988860 1 -1.2766376385066103e-4 17988860 17988860 0
11 2078 rs1076311 17532597 2 -1.2480206551425166e-4 17532597 17532597 0
11 13039 rs10893922 128701032 1 1.2367450256101805e-4 128701032 128701032 0
11 3727 rs16925360 34282979 1 -1.2305112587930936e-4 34282979 34282979 0
11 96 rs10769560 1714061 1 1.2294934588750556e-4 1714061 1714061 0
11 13139 rs6590414 129597056 1 1.225322851107691e-4 129597056 129597056 0
11 4822 rs7108942 44290126 1 1.2241946865970511e-4 44290126 44290126 0
11 11552 rs1784965 115563433 1 1.2235244080916635e-4 115563433 115563433 0
11 2005 rs383623 16858229 1 1.2190958328492036e-4 16858229 16858229 0
11 12456 rs3741108 123952703 1 1.2121106926546942e-4 123952703 123952703 0
11 3281 rs1351787 28190747 1 -1.2119357740624555e-4 28190747 28190747 0
11 11905 rs11552421 118430519 1 1.2064428177657272e-4 118430519 118430519 0
11 8389 rs302669 87876812 1 -1.2041732715510156e-4 87876812 87876812 0
11 6029 rs72922827 64358795 1 1.2022097597320946e-4 64358795 64358795 0
11 13205 rs1733439 130412175 1 1.189142590275316e-4 130412175 130412175 0
11 12245 rs11218814 122664228 1 1.1866271099154816e-4 122664228 122664228 0
11 9956 rs11224426 100615623 1 -1.1863200011993194e-4 100615623 100615623 0
11 11346 rs2852796 114053768 1 1.1819672792270752e-4 114053768 114053768 0
11 1425 rs2403515 11507915 1 -1.1802744882069552e-4 11507915 11507915 0
11 12009 rs648067 119949927 1 -1.150668039946674e-4 119949927 119949927 0
11 153 rs736609 2538580 1 1.1503484077651308e-4 2538580 2538580 0
11 5519 rs2122801 57934480 1 -1.1499087940383625e-4 57934480 57934480 0
11 8879 rs3847534 92556824 1 -1.1275440635284528e-4 92556824 92556824 0
11 13361 rs543997 131820016 1 -1.119976330698615e-4 131820016 131820016 0
11 7878 rs1869472 83878075 1 -1.1089174312138931e-4 83878075 83878075 0
11 11258 rs11214606 113309869 2 1.103760291108682e-4 113309869 113309869 0
11 7875 rs1014066 83849515 1 -1.0901820905804284e-4 83849515 83849515 0
11 11003 rs6589170 110607482 1 1.0889753285939688e-4 110607482 110607482 0
11 342 rs7939275 4821120 1 -1.0833970048149697e-4 4821120 4821120 0
11 843 rs61063081 7059981 1 1.0831688362044112e-4 7059981 7059981 0
11 425 rs11035402 5081289 1 -1.068153827506626e-4 5081289 5081289 0
11 11386 rs11215037 114403674 1 -1.0549937088315713e-4 114403674 114403674 0
11 5116 rs326214 47298360 1 1.0363578000406464e-4 47298360 47298360 0
11 9808 rs7942402 99593788 2 1.0323234136863229e-4 99593788 99593788 0
11 9437 rs2044986 97315831 2 -1.0319673855565573e-4 97315831 97315831 0
11 13201 rs1493300 130355706 1 -1.028219784414846e-4 130355706 130355706 0
11 11216 rs4936267 113056323 1 -1.0278866746693824e-4 113056323 113056323 0
11 10135 rs11225161 102070494 1 -1.024981006550199e-4 102070494 102070494 0
11 7397 rs7949324 80413739 1 -1.0113331837223612e-4 80413739 80413739 0
11 5957 rs928948 63639881 1 1.010039665649889e-4 63639881 63639881 0
11 6554 rs1198802 70735085 1 -1.0029844701682034e-4 70735085 70735085 0
11 4014 rs1016215 36041753 1 1.0010699588248952e-4 36041753 36041753 0
11 2320 rs6483627 20001650 1 -1.0009854865552154e-4 20001650 20001650 0
11 2817 rs10834232 23926630 1 9.939201438367903e-5 23926630 23926630 0
11 3229 rs7116850 27645530 2 9.856720966370336e-5 27645530 27645530 0
11 159 rs4539307 2573121 1 9.837628353604503e-5 2573121 2573121 0
11 8557 rs1393350 89011046 1 -9.79944408387972e-5 89011046 89011046 0
11 178 rs2237892 2839751 2 9.754147025091592e-5 2839751 2839751 0
11 8074 rs561655 85800279 1 9.7370274162747e-5 85800279 85800279 0
11 5969 rs599549 63879654 1 -9.697419032483256e-5 63879654 63879654 0
11 6835 rs11236225 74424075 1 9.605398469763576e-5 74424075 74424075 0
11 2569 rs11026120 21533812 1 -9.403341807453078e-5 21533812 21533812 0
11 12795 rs471302 126471989 1 9.37620242740372e-5 126471989 126471989 0
11 4701 rs7949504 43152325 1 -9.321057967133648e-5 43152325 43152325 0
11 13044 rs7925428 128724209 1 9.28043102760148e-5 128724209 128724209 0
11 8745 rs6483110 91047120 1 9.103600133892382e-5 91047120 91047120 0
11 5160 rs7941404 47712213 1 -9.038978426085064e-5 47712213 47712213 0
11 12340 rs2852732 123447713 1 8.956223345060201e-5 123447713 123447713 0
11 13357 rs920139 131793993 1 8.87757169915561e-5 131793993 131793993 0
11 6470 rs11237212 69875274 2 -8.80450747700575e-5 69875274 69875274 0
11 3529 rs10835824 31904417 1 -8.77288994064166e-5 31904417 31904417 0
11 12582 rs10893336 125023928 1 -8.696879744079646e-5 125023928 125023928 0
11 2024 rs476890 17209962 1 8.606237163905836e-5 17209962 17209962 0
11 2996 rs7938971 25751372 1 8.544351864315765e-5 25751372 25751372 0
11 8050 rs2077815 85672383 1 8.490932745420039e-5 85672383 85672383 0
11 10651 rs7929737 106700046 1 -8.484105031770231e-5 106700046 106700046 0
11 11169 rs161130 112654974 1 8.455377019854822e-5 112654974 112654974 0
11 13596 rs329674 133776948 1 8.412791414624881e-5 133776948 133776948 0
11 1332 rs7123407 11029062 1 8.363567428684891e-5 11029062 11029062 0
11 3657 rs4755689 33545255 1 -8.340241843171565e-5 33545255 33545255 0
11 13660 rs4936241 134432050 1 8.332987195622451e-5 134432050 134432050 0
11 7178 rs7935464 78817097 1 8.2972205227776e-5 78817097 78817097 0
11 7617 rs489784 81771621 1 -8.16782278915957e-5 81771621 81771621 0
11 7870 rs11233914 83842477 1 8.142342439645935e-5 83842477 83842477 0
11 13518 rs12418625 133101524 2 -8.075114371975222e-5 133101524 133101524 0
11 6006 rs559928 64150370 2 8.059269249420455e-5 64150370 64150370 0
11 1686 rs7123257 13312254 2 8.027745370212419e-5 13312254 13312254 0
11 3230 rs6416056 27646745 1 7.931759224480622e-5 27646745 27646745 0
11 6351 rs2305498 68866914 1 -7.806278748219788e-5 68866914 68866914 0
11 2251 rs2702642 19451784 1 7.698659200854891e-5 19451784 19451784 0
11 13600 rs901035 133784499 2 7.533910836329997e-5 133784499 133784499 0
11 9248 rs16922748 95704425 1 -7.493498644312232e-5 95704425 95704425 0
11 4878 rs7124825 44856227 1 7.476619611319922e-5 44856227 44856227 0
11 8091 rs7931249 85986047 1 -7.393730132386611e-5 85986047 85986047 0
11 2883 rs7925550 24515523 1 -7.363420552811126e-5 24515523 24515523 0
11 57 rs12416812 888632 2 7.336262580898264e-5 888632 888632 0
11 10079 rs7116268 101558350 1 -7.288505523674132e-5 101558350 101558350 0
11 2707 rs7119653 23132261 1 -7.262523623240658e-5 23132261 23132261 0
11 2170 rs4561190 18739358 1 -7.250848244542607e-5 18739358 18739358 0
11 6224 rs6591235 66950374 1 7.195178404829218e-5 66950374 66950374 0
11 12893 rs2012959 127170383 1 7.181608700924267e-5 127170383 127170383 0
11 9115 rs10765692 94396718 1 -7.178215246751707e-5 94396718 94396718 0
11 7195 rs537355 78924501 1 7.127961176675544e-5 78924501 78924501 0
11 9402 rs11224253 96845364 1 7.055011420321967e-5 96845364 96845364 0
11 4533 rs723562 41799496 2 7.05163796208251e-5 41799496 41799496 0
11 8239 rs12787853 86490519 1 -7.04374041046047e-5 86490519 86490519 0
11 3396 rs12290129 29815169 1 -7.028659805575022e-5 29815169 29815169 0
11 2138 rs1993373 18280635 1 7.008823586559215e-5 18280635 18280635 0
11 6720 rs7128512 73372299 1 6.97910564223461e-5 73372299 73372299 0
11 13672 rs3019650 134506483 1 -6.957563197932877e-5 134506483 134506483 0
11 6399 rs4426151 69174986 1 -6.956214133004497e-5 69174986 69174986 0
11 11400 rs7127218 114550760 1 -6.9553844600518e-5 114550760 114550760 0
11 11047 rs17539860 111068611 1 -6.865892420334037e-5 111068611 111068611 0
11 6304 rs111503828 68382119 1 -6.837623466281529e-5 68382119 68382119 0
11 5040 rs10769191 46157060 1 6.81903440828794e-5 46157060 46157060 0
11 2363 rs16906047 20349670 1 6.782290446760819e-5 20349670 20349670 0
11 1668 rs2197040 13182782 1 6.764390050513704e-5 13182782 13182782 0
11 11901 rs524936 118341921 1 6.71177007302888e-5 118341921 118341921 0
11 3738 rs7928060 34420930 1 -6.597701030922328e-5 34420930 34420930 0
11 2496 rs7937542 21061196 2 6.589248190567564e-5 21061196 21061196 0
11 13700 rs2155304 134705943 1 6.510782149178727e-5 134705943 134705943 0
11 13131 rs11221786 129534425 2 -6.339586217789586e-5 129534425 129534425 0
11 2323 rs2568118 20005452 2 -6.257811851959424e-5 20005452 20005452 0
11 12585 rs633745 125061792 1 -6.004204313859694e-5 125061792 125061792 0
11 7581 rs12289167 81548571 1 5.811473873111952e-5 81548571 81548571 0
11 2967 rs1374140 25145902 2 -5.7976872183488906e-5 25145902 25145902 0
11 11802 rs10790195 117496132 1 -5.793213643084253e-5 117496132 117496132 0
11 2216 rs7104546 19078457 1 5.768585607446346e-5 19078457 19078457 0
11 11769 rs7112940 117373432 2 -5.740266837160465e-5 117373432 117373432 0
11 9164 rs653118 94877438 1 5.605022751480731e-5 94877438 94877438 0
11 4898 rs2046657 45030050 2 5.524972389457479e-5 45030050 45030050 0
11 977 rs11601382 7706315 1 5.436865697543469e-5 7706315 7706315 0
11 8237 rs12802848 86489148 1 5.365482301721246e-5 86489148 86489148 0
11 4418 rs17407151 40538734 1 -5.315454530145723e-5 40538734 40538734 0
11 657 rs12285602 5740634 1 -5.313260640574639e-5 5740634 5740634 0
11 7447 rs7938364 80903884 1 5.2516313182425384e-5 80903884 80903884 0
11 6495 rs7930377 70032828 1 -5.222124094618224e-5 70032828 70032828 0
11 4910 rs7131444 45142471 1 5.1346013062105765e-5 45142471 45142471 0
11 11584 rs10790114 116098634 1 -5.014041748842696e-5 116098634 116098634 0
11 3069 rs11029518 26345407 1 4.955852592060954e-5 26345407 26345407 0
11 4358 rs2861726 39823867 1 -4.854425521924994e-5 39823867 39823867 0
11 2822 rs16911971 23997478 1 -4.8426303574549206e-5 23997478 23997478 0
11 5392 rs648409 56910484 1 4.840951948211995e-5 56910484 56910484 0
11 2049 rs2074312 17421790 1 -4.74551640648738e-5 17421790 17421790 0
11 803 rs61741824 6816792 1 4.689235178762543e-5 6816792 6816792 0
11 1452 rs10765879 11651418 1 4.669229427401414e-5 11651418 11651418 0
11 5281 rs10896272 56113593 1 -4.402665001002044e-5 56113593 56113593 0
11 13637 rs11223738 134128313 1 4.3956410646164375e-5 134128313 134128313 0
11 10659 rs10749881 106756696 1 -4.390216421274524e-5 106756696 106756696 0
11 7450 rs7102147 80916359 1 4.322961036568305e-5 80916359 80916359 0
11 7194 rs10899604 78909461 1 -4.27610366804186e-5 78909461 78909461 0
11 8119 rs11234643 86123041 1 -4.2387344265317635e-5 86123041 86123041 0
11 4604 rs7129198 42663401 2 -4.237387733158397e-5 42663401 42663401 0
11 1719 rs7926942 13739556 1 4.232487224149929e-5 13739556 13739556 0
11 10736 rs583790 107367741 2 4.222304170274367e-5 107367741 107367741 0
11 8234 rs11234804 86484146 1 4.195559092629737e-5 86484146 86484146 0
11 11352 rs12273315 114076935 2 4.168788524654788e-5 114076935 114076935 0
11 13332 rs12223773 131588545 1 -4.107537597072803e-5 131588545 131588545 0
11 4999 rs45476392 45670969 1 4.0893300164509286e-5 45670969 45670969 0
11 2682 rs12281140 22823334 1 -4.080610294646769e-5 22823334 22823334 0
11 763 rs1876301 6672457 1 -4.007455777674424e-5 6672457 6672457 0
11 8395 rs7950565 87900372 1 3.914208743568445e-5 87900372 87900372 0
11 5659 rs920573 59924959 1 3.736105114826119e-5 59924959 59924959 0
11 8294 rs12804243 86975706 2 3.6797298425365454e-5 86975706 86975706 0
11 11263 rs6589377 113355736 1 -3.65467917106266e-5 113355736 113355736 0
11 13429 rs11223079 132321504 1 3.558309057849763e-5 132321504 132321504 0
11 7096 rs1144764 77870486 1 3.5487222079184274e-5 77870486 77870486 0
11 2966 rs11824385 25144319 1 -3.540296593701539e-5 25144319 25144319 0
11 3204 rs4128868 27444517 1 -3.516807673646525e-5 27444517 27444517 0
11 2372 rs10734291 20435108 1 3.4979229896200016e-5 20435108 20435108 0
11 1355 rs924795 11128017 1 3.216530658887868e-5 11128017 11128017 0
11 13172 rs7116302 129945694 1 -3.1673909755984074e-5 129945694 129945694 0
11 8440 rs2457684 88139983 1 3.162777414617515e-5 88139983 88139983 0
11 2297 rs918988 19817809 1 -3.141601285907549e-5 19817809 19817809 0
11 8049 rs618679 85671702 1 3.1119837406970736e-5 85671702 85671702 0
11 5192 rs1566729 48164721 1 -3.071708743556716e-5 48164721 48164721 0
11 7535 rs1540176 81354835 1 -2.958841975623728e-5 81354835 81354835 0
11 2125 rs61733595 18158958 1 -2.9268843854007983e-5 18158958 18158958 0
11 7883 rs963259 83944122 2 -2.903884951865742e-5 83944122 83944122 0
11 13128 rs7936804 129474773 1 2.898406498798449e-5 129474773 129474773 0
11 1799 rs11023175 14302533 1 -2.8866481641906945e-5 14302533 14302533 0
11 5569 rs948562 58347765 1 -2.858229157968249e-5 58347765 58347765 0
11 6022 rs17300741 64331462 1 2.780444042118261e-5 64331462 64331462 0
11 13156 rs10894162 129781016 1 2.7641410573437416e-5 129781016 129781016 0
11 12387 rs4936856 123742298 1 2.741027257949223e-5 123742298 123742298 0
11 6383 rs3924679 69051076 1 -2.708770216277939e-5 69051076 69051076 0
11 11809 rs1892918 117531465 1 2.69894764889893e-5 117531465 117531465 0
11 7945 rs10501579 84598945 1 -2.6851446031732843e-5 84598945 84598945 0
11 8754 rs10830741 91228919 1 -2.66665625444044e-5 91228919 91228919 0
11 2995 rs7938917 25751144 1 2.556990098852068e-5 25751144 25751144 0
11 3387 rs722530 29776185 1 -2.4684400716114166e-5 29776185 29776185 0
11 1070 rs897111 8369415 1 -2.4671874401463343e-5 8369415 8369415 0
11 2406 rs7131598 20612269 1 2.4588538995586457e-5 20612269 20612269 0
11 7107 rs7117238 78040259 1 -2.4200206246973837e-5 78040259 78040259 0
11 12507 rs61736181 124294213 1 -2.3714152456554725e-5 124294213 124294213 0
11 9972 rs17573475 100690827 1 -2.357314721280642e-5 100690827 100690827 0
11 13135 rs11221802 129551393 1 2.339136947615181e-5 129551393 129551393 0
11 12741 rs12786155 126138453 1 -2.2808505664781876e-5 126138453 126138453 0
11 12609 rs11220057 125286956 1 -2.037327794019729e-5 125286956 125286956 0
11 9704 rs1841615 99077932 1 -2.0246118510224385e-5 99077932 99077932 0
11 6515 rs143595073 70331937 1 -1.9971579204535658e-5 70331937 70331937 0
11 9113 rs486244 94393285 1 1.988264099379829e-5 94393285 94393285 0
11 11388 rs550897 114442103 1 -1.930656939948149e-5 114442103 114442103 0
11 3847 rs11607986 34878809 1 1.899009817763158e-5 34878809 34878809 0
11 9330 rs4753751 96126361 1 1.8726003673363212e-5 96126361 96126361 0
11 1762 rs10766134 14058186 1 -1.7852088167890443e-5 14058186 14058186 0
11 3294 rs11030393 28648737 1 -1.761701775125143e-5 28648737 28648737 0
11 4875 rs10838364 44848821 1 -1.7307541600789748e-5 44848821 44848821 0
11 7081 rs7942125 77727139 1 1.702398596701835e-5 77727139 77727139 0
11 8831 rs7935097 91981960 1 1.653528337445033e-5 91981960 91981960 0
11 7435 rs12416782 80846625 1 -1.5248370673616728e-5 80846625 80846625 0
11 5112 rs11039149 47276675 1 1.5036664060655666e-5 47276675 47276675 0
11 7892 rs7121214 84022936 1 -1.473561618056125e-5 84022936 84022936 0
11 3313 rs4923583 28948495 1 1.4542567205207552e-5 28948495 28948495 0
11 7711 rs2510282 82522085 1 -1.3855361619842874e-5 82522085 82522085 0
11 391 rs2570583 4964302 1 -1.2631398237921728e-5 4964302 4964302 0
11 2668 rs7952704 22721656 2 -1.195818943013836e-5 22721656 22721656 0
11 7011 rs10899257 76415209 1 1.1910891232760358e-5 76415209 76415209 0
11 4202 rs11033958 37141853 2 -1.1559502759407472e-5 37141853 37141853 0
11 6018 rs10792438 64302526 1 -1.1518670100523436e-5 64302526 64302526 0
11 8098 rs11824612 86064757 1 -9.614957281027637e-6 86064757 86064757 0
11 10341 rs2408681 103474165 1 8.279435482548138e-6 103474165 103474165 0
11 11513 rs220859 115312071 1 7.729724642414584e-6 115312071 115312071 0
11 7241 rs7106671 79172339 1 7.23215127205738e-6 79172339 79172339 0
11 7255 rs2512639 79194337 1 -6.600328085950324e-6 79194337 79194337 0
11 5577 rs667933 58457495 1 -6.464930450114638e-6 58457495 58457495 0
11 7880 rs1377746 83899028 1 -6.407150138439043e-6 83899028 83899028 0
11 9932 rs7932851 100499866 1 4.776200234319066e-6 100499866 100499866 0
11 529 rs1498467 5410934 1 -4.532952723317774e-6 5410934 5410934 0
11 1149 rs2742502 8962764 1 -3.811781126911487e-6 8962764 8962764 0
11 10874 rs12576390 108912978 1 -2.971238175135483e-6 108912978 108912978 0
11 9116 rs561886 94397663 1 2.392325546562669e-6 94397663 94397663 0
11 11082 rs7111520 111249611 2 2.002133139075799e-6 111249611 111249611 0
11 1404 rs901555 11355344 1 1.6994892868436413e-6 11355344 11355344 0
11 13658 rs7936175 134391551 1 -5.671077461273219e-7 134391551 134391551 0
11 6612 rs12785878 71167449 1 4.1002210206761256e-15 71167449 71167449 0
11 8826 rs1496681 91863702 1 1.615934342330224e-15 91863702 91863702 0
11 10331 rs716274 103418158 1 2.1409276570140526e-16 103418158 103418158 0
11 2997 rs7939196 25751503 1 1.7643435413571267e-16 25751503 25751503 0
11 8827 rs11019826 91866003 1 1.3544793303468592e-16 91866003 91866003 0
11 11754 rs511549 117285684 1 8.060817804568652e-17 117285684 117285684 0
11 2998 rs7939236 25751647 1 4.630822943194557e-19 25751647 25751647 0
11 2999 rs11028880 25751898 1 4.630822943194557e-19 25751898 25751898 0
