CHR Group SNP.lead BP.lead Size W BP.min BP.max BP.width
10 868 rs61839660 6094697 1 0.03796133903287823 6094697 6094697 0
10 7620 rs9664184 75409967 1 0.03762624301398665 75409967 75409967 0
10 7471 rs7893748 73483976 1 0.03686930828265162 73483976 73483976 0
10 3998 rs593992 34536049 1 0.03396122955133584 34536049 34536049 0
10 6249 rs10821948 63809624 1 0.02969537210339778 63809624 63809624 0
10 1252 rs10795685 9017944 2 0.02889934636967966 9017944 9017944 0
10 10502 rs118161359 103906612 1 0.02759365886680518 103906612 103906612 0
10 3648 rs4301703 30813618 1 0.02522839818864184 30813618 30813618 0
10 6308 rs10761654 64405646 1 0.02437749579417559 64405646 64405646 0
10 4680 rs3850929 48584981 1 -0.02131530621724366 48584981 48584981 0
10 6320 rs224071 64508475 1 0.0207104552623822 64508475 64508475 0
10 9513 rs2488083 94535940 2 -0.02064457646875963 94535940 94535940 0
10 4381 rs2247979 43923728 1 -0.02012921015736656 43923728 43923728 0
10 10225 rs11189765 100470788 1 -0.01934871826450352 100470788 100470788 0
10 4781 rs10857650 50030023 1 0.01794044883859844 50030023 50030023 0
10 12482 rs2935695 123481200 2 -0.01781400338335748 123481200 123481200 0
10 12991 rs6597754 127948238 2 0.01761637438356398 127948238 127948238 0
10 10376 rs3818411 101960966 2 -0.0171079415292214 101960966 101960966 0
10 3790 rs2769202 32524898 2 0.01657992342402914 32524898 32524898 0
10 6295 rs10995208 64311230 1 -0.01580548130883278 64311230 64311230 0
10 13368 rs9804335 130247173 2 0.01568965759580804 130247173 130247173 0
10 13639 rs4750827 132547184 2 0.01567214708062371 132547184 132547184 0
10 7598 rs7901016 74637326 1 -0.01560889816571007 74637326 74637326 0
10 12793 rs10901761 126254468 1 -0.01503240788433508 126254468 126254468 0
10 4371 rs17158702 43754540 1 -0.0149799877265974 43754540 43754540 0
10 7075 rs2229498 70856852 2 -0.01467450342703913 70856852 70856852 0
10 12 rs12251997 554186 2 -0.01451700303989844 554186 554186 0
10 918 rs602756 6466280 1 0.01419723215235826 6466280 6466280 0
10 8373 rs11191331 83557187 1 0.01405936531442901 83557187 83557187 0
10 9384 rs11544145 92631778 1 0.01372075907562334 92631778 92631778 0
10 13791 rs9419406 133811201 1 0.01358202367112046 133811201 133811201 0
10 5766 rs3907689 58995327 1 -0.0135783300803048 58995327 58995327 0
10 6391 rs12259115 64993101 1 -0.01343189991265069 64993101 64993101 0
10 13160 rs10765017 129168894 1 0.01316741750951878 129168894 129168894 0
10 11275 rs10884919 111757791 2 0.01308756398276688 111757791 111757791 0
10 415 rs3816699 3155353 1 -0.01293400111750514 3155353 3155353 0
10 10042 rs2817708 98889713 1 0.0129234049478545 98889713 98889713 0
10 2154 rs10159475 16303374 1 -0.01280363500813047 16303374 16303374 0
10 4102 rs708424 36191613 1 0.01275226297342718 36191613 36191613 0
10 11359 rs9703807 112741551 2 -0.0127407508883588 112741551 112741551 0
10 13858 rs6537607 135284115 1 0.01273223556931581 135284115 135284115 0
10 5555 rs11004759 56916347 2 -0.01270557445281942 56916347 56916347 0
10 1925 rs7077526 14374370 1 -0.01262493021984051 14374370 14374370 0
10 534 rs12245875 3856293 2 -0.01232421089716656 3856293 3856293 0
10 3222 rs651134 27549961 1 0.01219385306074054 27549961 27549961 0
10 883 rs1541020 6165030 1 0.01212730074278951 6165030 6165030 0
10 6416 rs10509192 65417520 1 -0.01195192602113259 65417520 65417520 0
10 1072 rs719748 7731885 2 0.01179409604650331 7731885 7731885 0
10 9620 rs75139274 95278683 1 -0.01156532209212552 95278683 95278683 0
10 1248 rs827618 9003997 1 -0.01143789184037834 9003997 9003997 0
10 881 rs12251307 6123495 1 0.01143332018602355 6123495 6123495 0
10 11523 rs7075671 114501685 1 -0.0114245437704424 114501685 114501685 0
10 13406 rs561020 130566749 1 0.01140811991298737 130566749 130566749 0
10 12107 rs1247122 120426849 1 -0.01131747458729391 120426849 120426849 0
10 7044 rs72799515 70405541 1 0.01125775933188544 70405541 70405541 0
10 1674 rs2482069 12889696 1 0.01112800204978883 12889696 12889696 0
10 3647 rs11008080 30802799 1 -0.01110473522540732 30802799 30802799 0
10 1508 rs7073803 11185145 1 -0.01103815646365287 11185145 11185145 0
10 6302 rs17316874 64360090 1 0.01096879035236104 64360090 64360090 0
10 1133 rs7081521 8398914 1 0.01068115940088151 8398914 8398914 0
10 2791 rs5011832 21782842 2 0.0104023027910483 21782842 21782842 0
10 4294 rs590937 43149991 1 0.01028961711136316 43149991 43149991 0
10 2991 rs10741067 25120376 1 -0.0101786415135781 25120376 25120376 0
10 7881 rs10824534 79137838 1 -0.01014903165385781 79137838 79137838 0
10 1663 rs2493767 12835383 1 -0.01010006030618396 12835383 12835383 0
10 6183 rs16914850 63412639 1 -0.01009093470503468 63412639 63412639 0
10 5856 rs10826179 60151026 1 0.00997616148607136 60151026 60151026 0
10 1056 rs12771124 7631098 1 -0.00990101691981397 7631098 7631098 0
10 3639 rs303435 30731491 1 0.00988815752274989 30731491 30731491 0
10 7088 rs5030937 70975897 2 -0.00987555881657644 70975897 70975897 0
10 8501 rs7099749 84576414 1 0.00979950104618324 84576414 84576414 0
10 10007 rs3827867 98416324 2 0.00956361098336707 98416324 98416324 0
10 10710 rs2282092 106068471 1 0.00954448643103637 106068471 106068471 0
10 13159 rs11017615 129165450 1 0.00953772607356461 129165450 129165450 0
10 1025 rs4748675 7141150 1 0.00951214558952747 7141150 7141150 0
10 4026 rs2490817 34941134 2 -0.00946999053879551 34941134 34941134 0
10 2312 rs17136474 17391660 1 0.00942117845090649 17391660 17391660 0
10 4787 rs7922169 50045456 1 0.00930319853642284 50045456 50045456 0
10 5855 rs2306604 60148692 1 0.00918766880305459 60148692 60148692 0
10 4752 rs1904601 49920608 1 -0.00916226650754752 49920608 49920608 0
10 10371 rs11597390 101861435 2 0.00915578740835753 101861435 101861435 0
10 3575 rs10740811 30167754 1 -0.00909630491207025 30167754 30167754 0
10 2325 rs10904949 17439939 1 0.0090406771588917 17439939 17439939 0
10 8687 rs12781048 85956268 1 0.00903636327070602 85956268 85956268 0
10 13374 rs4750961 130273179 1 0.00900290576756658 130273179 130273179 0
10 4030 rs11009901 35020982 1 -0.00899967351447349 35020982 35020982 0
10 10506 rs1049455 103920475 1 0.00894382423841868 103920475 103920475 0
10 11855 rs180627 117773116 1 -0.00891327763094166 117773116 117773116 0
10 4904 rs8178991 50854637 1 -0.00891022913300318 50854637 50854637 0
10 9132 rs10509540 90023033 1 -0.00888618803964983 90023033 90023033 0
10 4743 rs1822861 49834326 1 0.00882579926107353 49834326 49834326 0
10 12514 rs2461224 123839549 1 0.00880459463516219 123839549 123839549 0
10 2329 rs4561106 17456574 1 0.00866903652050725 17456574 17456574 0
10 4960 rs10082515 52201167 1 0.00852460953699655 52201167 52201167 0
10 12913 rs297238 127316262 1 -0.00852342192980699 127316262 127316262 0
10 6111 rs1897368 62690415 1 -0.00851253767089149 62690415 62690415 0
10 5260 rs1917186 54799931 2 -0.00837885537290336 54799931 54799931 0
10 1343 rs871158 9988716 1 0.00835983513004173 9988716 9988716 0
10 12919 rs3740179 127483573 1 0.00828257218223996 127483573 127483573 0
10 3682 rs11008232 31050678 1 -0.00826905254747251 31050678 31050678 0
10 4792 rs2663052 50069395 1 0.00823988008002803 50069395 50069395 0
10 976 rs2439903 6831860 2 0.00823562343072564 6831860 6831860 0
10 39 rs11253543 1017325 2 -0.00819932965978029 1017325 1017325 0
10 1538 rs11257159 11578174 1 0.00819139258521997 11578174 11578174 0
10 7066 rs2429018 70799421 1 0.00816658089035648 70799421 70799421 0
10 3372 rs12098807 28613779 2 -0.00808984357450878 28613779 28613779 0
10 1302 rs1150013 9358590 2 -0.00800999291614656 9358590 9358590 0
10 4059 rs17582416 35287650 1 -0.00799032706266984 35287650 35287650 0
10 1547 rs10752230 11803185 1 0.00798117319644461 11803185 11803185 0
10 3297 rs7076276 28296076 1 0.00781991297674863 28296076 28296076 0
10 9617 rs10882256 95272834 1 -0.00776602558001958 95272834 95272834 0
10 13659 rs1655127 132693122 2 0.00766977441995064 132693122 132693122 0
10 2239 rs4747288 16988844 1 0.00766141576721531 16988844 16988844 0
10 1394 rs1324317 10594364 1 0.00763564021049648 10594364 10594364 0
10 7258 rs2394724 72121606 2 -0.00763462650597541 72121606 72121606 0
10 7893 rs697171 79216001 1 -0.00762478427919575 79216001 79216001 0
10 8287 rs9988765 82715797 1 0.00755422801520977 82715797 82715797 0
10 1874 rs744443 14122981 1 -0.00755119698388876 14122981 14122981 0
10 12471 rs2935713 123432188 2 -0.00747047673911974 123432188 123432188 0
10 4478 rs268289 44598146 2 -0.00741366242988523 44598146 44598146 0
10 4714 rs7896115 49730982 1 0.00741187402424114 49730982 49730982 0
10 13286 rs7089539 129816246 1 -0.00738372956412445 129816246 129816246 0
10 7773 rs1040936 78084407 1 0.00733057023957698 78084407 78084407 0
10 9929 rs41291608 97920278 1 0.00722664341339403 97920278 97920278 0
10 7099 rs7907176 71051643 1 -0.0071968602548986 71051643 71051643 0
10 3375 rs1249334 28630300 1 0.00718777625200425 28630300 28630300 0
10 3167 rs3006819 26718561 2 0.00708977151695826 26718561 26718561 0
10 3449 rs1908573 29230913 2 -0.00706690728277649 29230913 29230913 0
10 5341 rs12220253 55540806 1 -0.00705639739732709 55540806 55540806 0
10 13422 rs7904490 130783543 1 -0.00704388001419405 130783543 130783543 0
10 9850 rs7069574 97315349 2 0.00700517424541981 97315349 97315349 0
10 13158 rs11017614 129165419 1 0.00699355799781221 129165419 129165419 0
10 13216 rs7077174 129382253 1 -0.00697420562368582 129382253 129382253 0
10 8169 rs3851050 81882370 1 0.00696230036183443 81882370 81882370 0
10 11010 rs607523 108880521 1 0.00689561607630612 108880521 108880521 0
10 8003 rs1369752 80248755 1 -0.00687187528233599 80248755 80248755 0
10 6602 rs10822545 67183928 1 -0.00677736089982794 67183928 67183928 0
10 2890 rs16923552 23907200 1 -0.00676875457040445 23907200 23907200 0
10 7130 rs10823416 71417394 2 0.00674408870495291 71417394 71417394 0
10 4342 rs2066394 43481956 1 0.00672252170735772 43481956 43481956 0
10 12979 rs6597745 127895098 1 0.00667293197869714 127895098 127895098 0
10 6012 rs10994250 61961795 1 -0.00667219006993258 61961795 61961795 0
10 7895 rs612732 79238692 1 -0.00663668504713578 79238692 79238692 0
10 4721 rs1345111 49765063 1 -0.00660454808600752 49765063 49765063 0
10 412 rs2306301 3154339 2 0.00658205315720627 3154339 3154339 0
10 8174 rs2784774 81921553 2 -0.00653354655754568 81921553 81921553 0
10 10369 rs7899288 101848444 1 0.00653151483728769 101848444 101848444 0
10 13657 rs12217313 132684470 1 0.00650938648470209 132684470 132684470 0
10 12049 rs853576 119820073 2 0.00650169325541186 119820073 119820073 0
10 7089 rs5030938 70975916 1 -0.00648836770212026 70975916 70975916 0
10 13195 rs10830109 129305535 1 -0.00645291797937024 129305535 129305535 0
10 13318 rs2152143 129906980 2 0.00639247577939263 129906980 129906980 0
10 6476 rs2394083 66379344 1 -0.00639166264432445 66379344 66379344 0
10 3220 rs882475 27477821 2 -0.0063505069351699 27477821 27477821 0
10 4364 rs3004212 43642810 1 0.00625283733035177 43642810 43642810 0
10 11976 rs363294 119043554 2 0.00620332022736795 119043554 119043554 0
10 256 rs11597710 2256399 1 -0.00615098924237264 2256399 2256399 0
10 4085 rs2506109 35873645 1 0.00609363972888614 35873645 35873645 0
10 10995 rs822094 108718383 1 0.00604132909537716 108718383 108718383 0
10 3679 rs7097542 31042981 1 0.00600240139421456 31042981 31042981 0
10 12298 rs11199206 121950989 2 -0.00598770985057342 121950989 121950989 0
10 762 rs11253141 5422196 1 0.00595521060744696 5422196 5422196 0
10 12583 rs2249049 124226215 1 -0.00593067037231673 124226215 124226215 0
10 2787 rs12767504 21734014 2 -0.00592830780224616 21734014 21734014 0
10 12584 rs12571363 124230612 2 0.00589226480615729 124230612 124230612 0
10 8856 rs12772593 87005584 1 -0.00587925114177369 87005584 87005584 0
10 10 rs10904173 462885 2 -0.00586330059593131 462885 462885 0
10 5326 rs421811 55301663 2 -0.0058624913056723 55301663 55301663 0
10 13334 rs1329189 129998372 1 0.00584689363167213 129998372 129998372 0
10 12921 rs10510149 127495807 1 -0.00584454597550043 127495807 127495807 0
10 3082 rs10828853 25997959 1 -0.00579974001744105 25997959 25997959 0
10 13005 rs10901597 128025384 2 -0.0057980146595651 128025384 128025384 0
10 8920 rs17105979 87688537 1 0.00578395588554982 87688537 87688537 0
10 7486 rs3747862 73533177 1 0.00574184896919758 73533177 73533177 0
10 1128 rs946028 8348329 2 -0.00573025728456449 8348329 8348329 0
10 8054 rs753384 80591064 1 -0.0057261797887962 80591064 80591064 0
10 3093 rs12413953 26173695 1 0.00567696089272718 26173695 26173695 0
10 12669 rs705133 125210522 1 0.00567404527400753 125210522 125210522 0
10 875 rs12722489 6102012 1 0.00561973705147986 6102012 6102012 0
10 3417 rs1248999 29029736 1 -0.00559702279304552 29029736 29029736 0
10 2012 rs7921961 14778352 1 0.00555182097919289 14778352 14778352 0
10 6136 rs10509148 63169896 1 0.00549800972547605 63169896 63169896 0
10 4684 rs786772 48601573 1 -0.0054835829292424 48601573 48601573 0
10 2376 rs2357291 17704372 1 -0.00545578416068381 17704372 17704372 0
10 10771 rs7900775 106600343 1 0.00541537854368443 106600343 106600343 0
10 2673 rs11818220 20720920 1 -0.00540313214002674 20720920 20720920 0
10 3144 rs4749097 26483504 2 -0.00539533099784403 26483504 26483504 0
10 13790 rs11156481 133647554 1 -0.00539035461185643 133647554 133647554 0
10 4255 rs911176 37909366 1 0.00538347551004608 37909366 37909366 0
10 13820 rs10870302 134191738 1 -0.00534208558811632 134191738 134191738 0
10 3548 rs1539536 30014723 1 0.00530156627384716 30014723 30014723 0
10 5978 rs10994094 61728196 1 0.00527071023651057 61728196 61728196 0
10 1045 rs2255576 7514583 1 0.00526605068736577 7514583 7514583 0
10 8672 rs7923116 85827858 2 -0.00524264849568584 85827858 85827858 0
10 10135 rs531676 99637578 1 0.00524008134751938 99637578 99637578 0
10 2944 rs11814429 24430388 1 0.0051666653656196 24430388 24430388 0
10 6734 rs12776004 67993507 1 -0.00510421986865812 67993507 67993507 0
10 7669 rs7075439 76591158 1 0.00510372943854125 76591158 76591158 0
10 8093 rs17557872 80873608 1 0.00507470281293865 80873608 80873608 0
10 6691 rs4746541 67792573 1 0.00505148683167541 67792573 67792573 0
10 11974 rs10886051 118994479 1 0.00503553473163627 118994479 118994479 0
10 2672 rs7085871 20720261 1 -0.00499220138410587 20720261 20720261 0
10 4790 rs10745284 50065590 1 0.00497408516747818 50065590 50065590 0
10 9008 rs11202285 88743691 1 0.00494595263389213 88743691 88743691 0
10 2180 rs7097885 16506501 2 -0.00489901914952364 16506501 16506501 0
10 13792 rs9419138 133834146 1 -0.0048852039528452 133834146 133834146 0
10 2399 rs6482124 18298132 1 -0.00486107800337659 18298132 18298132 0
10 12808 rs12773846 126275914 1 -0.00481965674495169 126275914 126275914 0
10 11297 rs11195062 112036975 1 0.00474322714918356 112036975 112036975 0
10 920 rs2236380 6469817 1 -0.00470403703131257 6469817 6469817 0
10 12258 rs34239637 121556259 1 0.00469419423850561 121556259 121556259 0
10 4567 rs17156718 45126020 1 0.00465860832205491 45126020 45126020 0
10 6112 rs10509142 62773645 1 0.00465143653876604 62773645 62773645 0
10 13231 rs2154178 129452789 1 0.00462135210756406 129452789 129452789 0
10 7781 rs10824409 78115104 1 0.00462090987331076 78115104 78115104 0
10 10271 rs4917868 101251049 1 -0.00459735596105817 101251049 101251049 0
10 5814 rs12762414 59635840 1 -0.00459277046767041 59635840 59635840 0
10 13611 rs11017359 132387898 2 -0.0045598574663308 132387898 132387898 0
10 11308 rs17127304 112134500 2 -0.00450739159010172 112134500 112134500 0
10 8161 rs4478933 81811672 1 0.00448489737778342 81811672 81811672 0
10 12818 rs3781458 126343931 1 0.00447527381419419 126343931 126343931 0
10 9462 rs701846 93871066 1 -0.00441260808028488 93871066 93871066 0
10 11404 rs10885122 113042093 1 0.00440495284722591 113042093 113042093 0
10 3079 rs16926251 25970198 1 0.00438298985507732 25970198 25970198 0
10 4108 rs1066084 36257632 1 -0.00437761587190589 36257632 36257632 0
10 4793 rs12266359 50074767 1 0.00435921667334369 50074767 50074767 0
10 7335 rs1538373 72718265 1 0.00430713019000326 72718265 72718265 0
10 2169 rs7071889 16427107 1 0.00428972519879769 16427107 16427107 0
10 1824 rs4424567 13801269 2 -0.00425622925802066 13801269 13801269 0
10 3421 rs1762024 29050284 2 -0.00425099025977042 29050284 29050284 0
10 7855 rs7895375 78967887 1 -0.00424810763588451 78967887 78967887 0
10 13550 rs1028920 132059592 1 -0.00422129056315919 132059592 132059592 0
10 13653 rs4750840 132676766 2 -0.00420849620576589 132676766 132676766 0
10 13400 rs2767290 130470565 1 0.00419121066058893 130470565 130470565 0
10 8251 rs7908544 82424161 2 0.00418170590813208 82424161 82424161 0
10 5534 rs1349893 56701951 1 0.00417555464942221 56701951 56701951 0
10 6300 rs4508090 64329247 1 -0.00415452344130678 64329247 64329247 0
10 2261 rs3012499 17019013 1 0.00414621315697048 17019013 17019013 0
10 11534 rs11196152 114686805 1 0.00413727958068446 114686805 114686805 0
10 10939 rs7099596 108192651 1 -0.00402760658185284 108192651 108192651 0
10 4778 rs61742644 50018765 1 -0.00400378589135636 50018765 50018765 0
10 12840 rs7073257 126711633 1 -0.0039945295702481 126711633 126711633 0
10 283 rs11251149 2341947 1 0.00398428228172647 2341947 2341947 0
10 3404 rs11007191 28957854 1 0.00397430065861345 28957854 28957854 0
10 10839 rs10884126 107025028 2 0.00397407562190816 107025028 107025028 0
10 532 rs10508265 3839024 1 0.00396932993369998 3839024 3839024 0
10 8019 rs592242 80442471 1 -0.00392211791910422 80442471 80442471 0
10 961 rs17140077 6718305 1 -0.00390009100357178 6718305 6718305 0
10 9466 rs7087501 93930279 1 -0.00388002166109781 93930279 93930279 0
10 10067 rs12358777 99047159 1 0.00386367476462619 99047159 99047159 0
10 9027 rs11202455 89332144 1 -0.00385038906777402 89332144 89332144 0
10 1744 rs17152941 13258459 1 0.00378901397873203 13258459 13258459 0
10 8764 rs1891655 86387167 1 -0.003773369373633 86387167 86387167 0
10 10112 rs7093643 99350128 2 0.003763742859549 99350128 99350128 0
10 11321 rs1107442 112303595 2 0.00375939472053639 112303595 112303595 0
10 13460 rs476628 131041657 2 0.00374691202149015 131041657 131041657 0
10 12382 rs11815121 122719834 1 0.00374591136740789 122719834 122719834 0
10 5071 rs12414562 53385460 1 -0.00372314090185583 53385460 53385460 0
10 2844 rs11013153 23137898 1 0.00368982228056583 23137898 23137898 0
10 12162 rs2275111 120917445 1 0.00362121541445451 120917445 120917445 0
10 3487 rs478463 29467377 1 -0.00361560688971643 29467377 29467377 0
10 10126 rs17108378 99502897 2 0.00359587555155465 99502897 99502897 0
10 1484 rs1291843 11104819 1 -0.0035951276783201 11104819 11104819 0
10 6688 rs10509258 67783437 1 -0.00358243810346478 67783437 67783437 0
10 13291 rs7093446 129860813 1 -0.00357985970359097 129860813 129860813 0
10 9638 rs10509663 95440286 2 -0.00356914515941398 95440286 95440286 0
10 4576 rs2487504 45254830 1 -0.00353402050207816 45254830 45254830 0
10 8117 rs1250539 81037229 1 0.00352262062941979 81037229 81037229 0
10 6251 rs3740352 63835692 1 0.00351746933531103 63835692 63835692 0
10 7563 rs7069703 73970451 1 0.00349978686984757 73970451 73970451 0
10 7557 rs2306324 73848075 1 0.00347989850197845 73848075 73848075 0
10 11283 rs12573269 111941371 1 -0.00346510443153413 111941371 111941371 0
10 7671 rs7091085 76611849 2 0.00346093707828357 76611849 76611849 0
10 10432 rs140202357 102891390 1 0.00345449301098569 102891390 102891390 0
10 5460 rs11004362 56302374 1 -0.00343152178126941 56302374 56302374 0
10 7704 rs1259498 76986741 2 -0.00342919815549961 76986741 76986741 0
10 1549 rs2131265 11817835 1 -0.0034275725835345 11817835 11817835 0
10 4440 rs4948582 44435246 1 -0.00342030548075973 44435246 44435246 0
10 8123 rs7077812 81096071 1 -0.00340137069238789 81096071 81096071 0
10 9866 rs11592789 97375828 1 0.00340108427566267 97375828 97375828 0
10 3853 rs10827185 33372725 1 -0.00337855494364728 33372725 33372725 0
10 3405 rs10826489 28961432 1 0.00337769194070627 28961432 28961432 0
10 3474 rs2783436 29348259 1 -0.00337358198244097 29348259 29348259 0
10 2424 rs10828272 18441848 1 -0.00336759647836293 18441848 18441848 0
10 1706 rs604772 13056587 1 0.00336514801497375 13056587 13056587 0
10 1545 rs4750100 11795601 1 0.00335957752937552 11795601 11795601 0
10 406 rs3829910 3095281 1 0.00335233122066155 3095281 3095281 0
10 441 rs4242746 3202065 1 0.0033377574248047 3202065 3202065 0
10 11505 rs7919710 114169552 1 -0.00333326600919799 114169552 114169552 0
10 8960 rs2217223 88111630 2 0.00333253645731355 88111630 88111630 0
10 10740 rs1413712 106377686 1 -0.0033244555871301 106377686 106377686 0
10 8060 rs1981221 80640638 2 -0.00331953726996797 80640638 80640638 0
10 8252 rs7908701 82424293 1 0.00331276860912281 82424293 82424293 0
10 5821 rs12772513 59677013 1 -0.00329573318246164 59677013 59677013 0
10 2033 rs7087438 15009109 1 0.00327993999362245 15009109 15009109 0
10 12825 rs10901815 126435598 1 -0.0032774829686229 126435598 126435598 0
10 8004 rs7074960 80259796 1 -0.00326754543429173 80259796 80259796 0
10 7911 rs2619607 79334199 1 -0.00326618123594917 79334199 79334199 0
10 847 rs17320853 6000259 1 0.00325078900918541 6000259 6000259 0
10 7328 rs827340 72674069 2 0.0032497156064618 72674069 72674069 0
10 9844 rs10882611 97294813 1 0.00322368241481274 97294813 97294813 0
10 12555 rs150944464 124096014 1 0.00321644180417387 124096014 124096014 0
10 1582 rs10906097 12243821 1 0.0032122456380513 12243821 12243821 0
10 10526 rs2296590 104262628 2 0.00320165659294151 104262628 104262628 0
10 11004 rs12220840 108793878 1 -0.00320034498912212 108793878 108793878 0
10 7327 rs12253257 72657973 1 0.00318307503883346 72657973 72657973 0
10 11548 rs1923446 115002111 1 0.00317258360932167 115002111 115002111 0
10 13538 rs4750790 131941265 2 -0.00316429866625083 131941265 131941265 0
10 9816 rs17110707 97156908 1 0.00315769280625549 97156908 97156908 0
10 3471 rs2783612 29345673 1 -0.00315664840744887 29345673 29345673 0
10 2040 rs17156239 15079699 1 0.00315410826464508 15079699 15079699 0
10 2395 rs2437271 18276761 1 0.00314853970538541 18276761 18276761 0
10 257 rs11592542 2258513 1 -0.00314590659833936 2258513 2258513 0
10 7744 rs2057435 77674635 1 0.00313016647539677 77674635 77674635 0
10 11975 rs2532801 118994530 1 0.00311633093612282 118994530 118994530 0
10 13205 rs4750892 129352866 2 0.00310292660203454 129352866 129352866 0
10 12282 rs12259734 121808396 1 -0.00309485260909028 121808396 121808396 0
10 9345 rs10509605 92436384 1 0.00307807280277029 92436384 92436384 0
10 11765 rs7077074 116539304 1 0.00304818053638335 116539304 116539304 0
10 13302 rs3781303 129897791 1 0.00304752420362927 129897791 129897791 0
10 5928 rs16913885 61388368 1 0.00303296929731282 61388368 61388368 0
10 13863 rs7894111 135320016 1 0.00300964056095631 135320016 135320016 0
10 1146 rs7921806 8480488 1 -0.00300717529664873 8480488 8480488 0
10 2444 rs1613804 18515834 2 -0.00299509354304473 18515834 18515834 0
10 2994 rs7903234 25152621 1 -0.00298715784929195 25152621 25152621 0
10 13455 rs7916199 130939105 1 0.0029859172316208 130939105 130939105 0
10 7296 rs2024464 72467944 1 -0.00297907133415348 72467944 72467944 0
10 8094 rs11002826 80874092 1 0.00297777382617769 80874092 80874092 0
10 2784 rs12775448 21701220 1 -0.0029712249128939 21701220 21701220 0
10 10804 rs17790008 106845381 2 0.00296414064536462 106845381 106845381 0
10 3488 rs558468 29468441 1 -0.00295426892230065 29468441 29468441 0
10 62 rs10508203 1119203 1 0.00293423031462134 1119203 1119203 0
10 3536 rs11007684 29940723 1 -0.00289014387552306 29940723 29940723 0
10 13180 rs2229603 129249662 1 -0.00288544378372789 129249662 129249662 0
10 12378 rs12356763 122698414 1 0.0028838720244058 122698414 122698414 0
10 9593 rs2298156 95134850 1 0.00284596924112579 95134850 95134850 0
10 3535 rs1247451 29940460 1 -0.00282724115219052 29940460 29940460 0
10 1154 rs4747795 8534603 2 -0.00281153007572548 8534603 8534603 0
10 13869 rs6413419 135345675 1 0.00281151915147283 135345675 135345675 0
10 8120 rs7905321 81057833 1 -0.00278531309570053 81057833 81057833 0
10 7521 rs7919939 73680382 1 0.00278406335858537 73680382 73680382 0
10 9134 rs17110523 90031903 2 -0.00277208312622523 90031903 90031903 0
10 4386 rs2393938 44063812 1 -0.00277008629835886 44063812 44063812 0
10 13052 rs7902474 128405292 1 0.0027625953099446 128405292 128405292 0
10 11164 rs4917528 110262425 2 0.00273515830085528 110262425 110262425 0
10 13439 rs1377273 130860965 1 -0.00273195568024065 130860965 130860965 0
10 9492 rs4933731 94363993 1 0.0027276534264599 94363993 94363993 0
10 293 rs7089055 2368260 1 -0.00271502789835765 2368260 2368260 0
10 13211 rs1547321 129366558 2 0.00271263953945514 129366558 129366558 0
10 13443 rs2123425 130883170 1 -0.00270610817976283 130883170 130883170 0
10 10487 rs17114146 103401516 1 -0.00269889669939866 103401516 103401516 0
10 70 rs11250268 1159566 1 0.00269777758728916 1159566 1159566 0
10 4797 rs12777759 50090912 1 0.00269757727710398 50090912 50090912 0
10 834 rs907686 5900693 2 -0.00268682617141132 5900693 5900693 0
10 9830 rs1571131 97252314 1 0.00268522513879657 97252314 97252314 0
10 2628 rs11011740 20305855 1 0.002684382216814 20305855 20305855 0
10 13675 rs4488114 132802525 1 0.00267802449565461 132802525 132802525 0
10 3490 rs9971350 29483846 1 0.00267686202969494 29483846 29483846 0
10 3678 rs7924137 31040092 1 0.00266934645262953 31040092 31040092 0
10 8462 rs7088585 84180205 1 -0.00265120879305024 84180205 84180205 0
10 3100 rs4749090 26304072 1 0.00264589521230478 26304072 26304072 0
10 6233 rs7073837 63699895 2 0.00263665461478825 63699895 63699895 0
10 1556 rs7079747 11893971 2 -0.00263191522656233 11893971 11893971 0
10 11003 rs7078098 108793788 1 -0.00262241490258225 108793788 108793788 0
10 9936 rs2125062 97980721 1 -0.00261825224234108 97980721 97980721 0
10 891 rs3763700 6181709 2 0.00258774709714474 6181709 6181709 0
10 3857 rs2755997 33375191 1 -0.00254487170904984 33375191 33375191 0
10 8106 rs697238 80947668 1 -0.00252682872964248 80947668 80947668 0
10 3470 rs1763403 29343457 1 -0.00252318644607399 29343457 29343457 0
10 3534 rs12573620 29936332 1 -0.00251508128053205 29936332 29936332 0
10 4467 rs7898629 44562687 2 -0.00250565760162622 44562687 44562687 0
10 11005 rs950809 108795375 1 -0.00248450258699941 108795375 108795375 0
10 11006 rs10509826 108804840 1 0.00246488336653903 108804840 108804840 0
10 9181 rs1800682 90749963 1 0.00243607147196737 90749963 90749963 0
10 9738 rs1322179 96575242 1 -0.00242256113256236 96575242 96575242 0
10 9860 rs10882635 97348845 1 -0.00241230298522759 97348845 97348845 0
10 6866 rs4237311 68607338 1 -0.0023995391349345 68607338 68607338 0
10 10166 rs4919210 100088262 1 0.00239184292296957 100088262 100088262 0
10 7627 rs10824031 75509273 1 0.0023597129475303 75509273 75509273 0
10 1782 rs11258437 13569805 1 -0.00234805440081477 13569805 13569805 0
10 13372 rs9804317 130248926 1 -0.00234520437169812 130248926 130248926 0
10 341 rs11251392 2635863 1 0.00233517444232794 2635863 2635863 0
10 12315 rs2420699 122105511 1 -0.00233455026565787 122105511 122105511 0
10 974 rs2501685 6813216 1 -0.00232917477639503 6813216 6813216 0
10 6090 rs10761545 62418569 1 -0.00231288198620984 62418569 62418569 0
10 6246 rs4948496 63805617 1 -0.0022909668109774 63805617 63805617 0
10 3649 rs3105630 30830592 1 -0.00228661005612943 30830592 30830592 0
10 950 rs7904485 6664154 1 0.00228251190612379 6664154 6664154 0
10 10555 rs284861 104572276 1 0.00227976996809175 104572276 104572276 0
10 12815 rs11245321 126323279 1 -0.00227111420193669 126323279 126323279 0
10 4028 rs4339985 35016625 1 -0.00226583997272663 35016625 35016625 0
10 11226 rs4396209 111000911 1 0.00226468768027279 111000911 111000911 0
10 9753 rs10509680 96734339 1 0.00225482630091463 96734339 96734339 0
10 917 rs4750434 6465273 1 0.00224432997084631 6465273 6465273 0
10 10415 rs10883547 102627228 2 0.00223727728697749 102627228 102627228 0
10 10043 rs2817713 98896779 1 -0.00223532673014826 98896779 98896779 0
10 11203 rs12265218 110622649 1 -0.00222846114313263 110622649 110622649 0
10 2369 rs7358275 17661778 1 0.00222634441628519 17661778 17661778 0
10 9928 rs7081962 97919742 2 0.00222561981174291 97919742 97919742 0
10 2769 rs591652 21406933 2 0.00221536109840036 21406933 21406933 0
10 8660 rs4615965 85798580 2 -0.00221294751527307 85798580 85798580 0
10 2428 rs11012832 18445483 1 -0.00220044656394046 18445483 18445483 0
10 7297 rs10823600 72468097 2 -0.00216966250060562 72468097 72468097 0
10 782 rs11253250 5631737 1 0.00216660237357869 5631737 5631737 0
10 98 rs3793733 1421326 1 0.00216656760380441 1421326 1421326 0
10 8503 rs17100953 84621316 1 0.00216632570097737 84621316 84621316 0
10 3996 rs1121682 34492188 1 -0.00216487606109239 34492188 34492188 0
10 8110 rs16937032 80963517 1 0.00214526208782831 80963517 80963517 0
10 9828 rs549062 97222023 1 -0.00214165989937816 97222023 97222023 0
10 13804 rs11146274 134073886 1 0.00214122299976293 134073886 134073886 0
10 4357 rs17158508 43590280 2 -0.00213053473178231 43590280 43590280 0
10 6106 rs16915675 62647306 1 -0.00211507517039747 62647306 62647306 0
10 3549 rs7477689 30015800 1 -0.00210909554774149 30015800 30015800 0
10 9952 rs3789940 98085338 1 -0.00210762966360016 98085338 98085338 0
10 2902 rs6482316 23991074 2 -0.00208864840751495 23991074 23991074 0
10 8408 rs926929 83847988 1 0.00208810163279561 83847988 83847988 0
10 8963 rs7084928 88122516 1 -0.00208159988275011 88122516 88122516 0
10 9836 rs7912249 97272774 1 0.00206321655727354 97272774 97272774 0
10 949 rs1410135 6662135 1 0.0020619051943896 6662135 6662135 0
10 9266 rs10881687 91605122 2 -0.00205261741323197 91605122 91605122 0
10 11403 rs10749065 113040544 1 0.00205221418786724 113040544 113040544 0
10 8232 rs7914650 82325999 1 0.00204636743185088 82325999 82325999 0
10 11482 rs2255141 113933886 2 -0.0020442464454463 113933886 113933886 0
10 12593 rs2947594 124457452 1 -0.00204397912677048 124457452 124457452 0
10 6154 rs12267116 63307297 1 0.00203730832094877 63307297 63307297 0
10 3424 rs17759689 29054941 2 -0.00203478580332954 29054941 29054941 0
10 2849 rs3898027 23165066 1 0.00200551349287065 23165066 23165066 0
10 56 rs11250238 1089616 1 0.00200473210097542 1089616 1089616 0
10 1604 rs2399849 12499860 1 0.00200391421691875 12499860 12499860 0
10 7894 rs703261 79216423 1 -0.00199806786720483 79216423 79216423 0
10 7112 rs3829185 71149319 2 -0.00199708716231602 71149319 71149319 0
10 3275 rs7908497 27943467 1 -0.00199491921443954 27943467 27943467 0
10 10170 rs4919218 100111392 1 0.00198844374299048 100111392 100111392 0
10 3659 rs16931765 30887952 2 0.0019799730938528 30887952 30887952 0
10 12299 rs4376826 121952250 2 -0.00197719394128587 121952250 121952250 0
10 3302 rs12249305 28342740 1 -0.00196571010207479 28342740 28342740 0
10 11281 rs6584974 111928784 1 0.00196482156970053 111928784 111928784 0
10 11691 rs151591 115713566 1 0.00196428928516671 115713566 115713566 0
10 13493 rs11016864 131471398 1 -0.00195810225487792 131471398 131471398 0
10 8455 rs7078253 84136681 1 0.00195217415480583 84136681 84136681 0
10 11274 rs9630101 111738451 1 -0.00195076792010787 111738451 111738451 0
10 5854 rs1905455 60115223 1 0.00194156189304746 60115223 60115223 0
10 4385 rs7893169 44050715 1 -0.00194149717810042 44050715 44050715 0
10 4511 rs501120 44753867 1 0.00193098816798772 44753867 44753867 0
10 10360 rs4919416 101790389 1 0.00191553820564705 101790389 101790389 0
10 2202 rs11812463 16763204 1 -0.00191526463240212 16763204 16763204 0
10 1354 rs17147187 10121843 1 0.00189344118525324 10121843 10121843 0
10 10689 rs805657 105762591 1 -0.00189159053088335 105762591 105762591 0
10 10525 rs2296581 104242886 1 0.00188392810292542 104242886 104242886 0
10 1665 rs3818675 12858045 1 0.00187138638530059 12858045 12858045 0
10 4903 rs1917814 50853526 2 0.00184691508255416 50853526 50853526 0
10 2468 rs11014049 18686452 1 -0.00183008250974888 18686452 18686452 0
10 8085 rs2297922 80828245 1 -0.00182613313819542 80828245 80828245 0
10 3791 rs2031791 32531607 1 0.00182159747896147 32531607 32531607 0
10 292 rs7099701 2363832 1 0.00181282853737975 2363832 2363832 0
10 2166 rs4748282 16400072 1 0.00179056990558077 16400072 16400072 0
10 10273 rs4313504 101257478 2 -0.00178818885966763 101257478 101257478 0
10 3681 rs16931887 31046403 1 -0.00178717546362075 31046403 31046403 0
10 11171 rs11194176 110345230 1 -0.0017777506960179 110345230 110345230 0
10 6290 rs10509169 64276759 1 0.00177448087624657 64276759 64276759 0
10 186 rs11250880 1926697 1 0.00177160439752607 1926697 1926697 0
10 9117 rs6586120 89863761 1 0.00177046758826242 89863761 89863761 0
10 8882 rs1949058 87251652 1 0.00176896683607888 87251652 87251652 0
10 2874 rs11013364 23570792 1 -0.0017636515859941 23570792 23570792 0
10 11559 rs572679 115093617 1 -0.00176131592787796 115093617 115093617 0
10 4859 rs41301109 50534395 1 -0.00175832109745877 50534395 50534395 0
10 8921 rs7899924 87701479 2 -0.00175642983547454 87701479 87701479 0
10 11062 rs2083597 109375673 1 -0.00175566804379295 109375673 109375673 0
10 2452 rs1295881 18566529 2 -0.0017461366778084 18566529 18566529 0
10 65 rs7080072 1129527 1 0.0017315782461006 1129527 1129527 0
10 13179 rs10765102 129248077 1 -0.00172006707977516 129248077 129248077 0
10 6487 rs2139899 66459187 1 -0.00171838469252869 66459187 66459187 0
10 1353 rs715814 10117897 1 0.00171798910078942 10117897 10117897 0
10 5867 rs11006227 60459795 2 0.00171721321333358 60459795 60459795 0
10 11343 rs10885031 112498330 1 0.0017166307062339201 112498330 112498330 0
10 9009 rs2296063 88852942 1 0.00169976026083739 88852942 88852942 0
10 3973 rs224747 34230325 1 -0.00169869953320296 34230325 34230325 0
10 7711 rs2456251 77052632 2 0.00169630100440166 77052632 77052632 0
10 11792 rs808421 116802563 1 -0.00169477348390664 116802563 116802563 0
10 924 rs10796145 6474027 1 -0.0016941008541627 6474027 6474027 0
10 8409 rs1024193 83852321 1 0.00169227504719361 83852321 83852321 0
10 12656 rs7084808 125068696 1 -0.00169188406738674 125068696 125068696 0
10 434 rs3758630 3188071 1 0.00169105140846985 3188071 3188071 0
10 1551 rs4750112 11828686 2 -0.00168115559299097 11828686 11828686 0
10 7282 rs751644 72406967 1 0.0016644466036666 72406967 72406967 0
10 11291 rs17127170 111992222 1 0.0016593580916321 111992222 111992222 0
10 1595 rs7100726 12450495 1 -0.00165879538404372 12450495 12450495 0
10 8206 rs4934027 82035560 1 -0.00165585657944111 82035560 82035560 0
10 10934 rs17120734 108170803 2 0.0016472222459974 108170803 108170803 0
10 1778 rs2251555 13534851 2 0.00164537431706419 13534851 13534851 0
10 4337 rs947692 43451934 2 -0.00164425607789155 43451934 43451934 0
10 4411 rs11238713 44295539 1 -0.00164149859648107 44295539 44295539 0
10 10501 rs4919611 103894939 1 -0.00163961242165911 103894939 103894939 0
10 12917 rs10794018 127394788 1 0.00163638009751645 127394788 127394788 0
10 938 rs571715 6556554 1 0.0016327001134958 6556554 6556554 0
10 973 rs4747305 6813002 1 -0.00163131884433616 6813002 6813002 0
10 4351 rs3026713 43562479 1 -0.00162915908407252 43562479 43562479 0
10 7432 rs2394806 73290319 2 0.00162386772930245 73290319 73290319 0
10 1743 rs11814554 13255513 1 0.00161391017501906 13255513 13255513 0
10 6747 rs7097811 68014395 2 0.00160259007049204 68014395 68014395 0
10 11401 rs10749064 113040471 1 0.00159914486523804 113040471 113040471 0
10 13630 rs10734097 132514149 2 0.00159784672437357 132514149 132514149 0
10 3388 rs2153299 28752106 2 -0.00159563793509119 28752106 28752106 0
10 13766 rs10830053 133377136 1 -0.00159375435616668 133377136 133377136 0
10 12026 rs11198112 119564143 1 0.00159328655668723 119564143 119564143 0
10 777 rs11253227 5594362 2 0.00158865564522496 5594362 5594362 0
10 10421 rs11190812 102824292 1 0.00158611332464497 102824292 102824292 0
10 3473 rs2783434 29347220 1 0.00158282762514364 29347220 29347220 0
10 1954 rs10906682 14500774 2 -0.00157971073778259 14500774 14500774 0
10 8610 rs7900509 85358478 1 0.00157263831120801 85358478 85358478 0
10 12440 rs755698 123165700 2 -0.00157057758879718 123165700 123165700 0
10 9410 rs7908053 92934593 1 0.00155729583331706 92934593 92934593 0
10 13593 rs448669 132268933 1 0.00155441043423247 132268933 132268933 0
10 4412 rs10899912 44296893 1 -0.00153889845762567 44296893 44296893 0
10 3571 rs11007765 30116428 1 -0.00153876066159787 30116428 30116428 0
10 10980 rs10786972 108517729 1 -0.00153399399807096 108517729 108517729 0
10 5608 rs10763249 57492860 1 -0.00153364733961346 57492860 57492860 0
10 11574 rs6585220 115192329 1 0.00152459678305377 115192329 115192329 0
10 6809 rs1911291 68306814 1 -0.00152099974461669 68306814 68306814 0
10 1416 rs7919635 10690733 1 -0.00152092750085109 10690733 10690733 0
10 13312 rs1063535 129902281 1 0.00152001536999776 129902281 129902281 0
10 5133 rs12778630 53814383 1 0.00151462400230444 53814383 53814383 0
10 10750 rs4350297 106473048 1 -0.00150395194623828 106473048 106473048 0
10 5862 rs1427213 60255969 1 -0.00150029033033021 60255969 60255969 0
10 916 rs667899 6464156 1 0.00149319877527778 6464156 6464156 0
10 12990 rs6597753 127948079 2 -0.00148725523677141 127948079 127948079 0
10 11086 rs6584825 109509769 1 -0.00147624944885615 109509769 109509769 0
10 7959 rs1249150 79980507 1 0.00147532862884609 79980507 79980507 0
10 9680 rs10786152 95893514 2 0.00147465602860911 95893514 95893514 0
10 6212 rs12266520 63583730 1 0.00146397192527396 63583730 63583730 0
10 12948 rs2078114 127776336 1 0.00145993243800285 127776336 127776336 0
10 102 rs2820651 1471765 1 0.00145567922660537 1471765 1471765 0
10 1253 rs10905495 9018109 1 -0.00145007576996335 9018109 9018109 0
10 2626 rs7913119 20294352 1 -0.00144517971102356 20294352 20294352 0
10 2996 rs2478094 25161334 1 -0.00144264205220117 25161334 25161334 0
10 11972 rs363326 118990516 1 -0.0014401441604433 118990516 118990516 0
10 4807 rs17772611 50122109 1 0.00143868971388668 50122109 50122109 0
10 8316 rs11189282 83059717 1 0.00143257615015603 83059717 83059717 0
10 1703 rs12763563 13031971 1 0.00142847567029073 13031971 13031971 0
10 11619 rs3740530 115334124 1 -0.00142703844155331 115334124 115334124 0
10 3213 rs7914382 27265641 1 0.00141387603047954 27265641 27265641 0
10 8384 rs2224111 83744188 1 -0.00140889969849161 83744188 83744188 0
10 5849 rs2590289 60059641 1 -0.0014079123514193 60059641 60059641 0
10 7100 rs7897621 71056150 1 0.00140649712339757 71056150 71056150 0
10 7336 rs10999616 72719407 1 0.00140422935597911 72719407 72719407 0
10 2434 rs1888692 18453209 1 0.00140265782348067 18453209 18453209 0
10 8935 rs7921149 87909947 1 0.0014003049524891 87909947 87909947 0
10 9306 rs1329180 91930931 1 0.00139510678223949 91930931 91930931 0
10 11541 rs12243326 114788815 2 -0.00138767285452156 114788815 114788815 0
10 3650 rs7894785 30830837 1 -0.00138613144780305 30830837 30830837 0
10 4936 rs1865749 52013434 1 -0.00138116012176277 52013434 52013434 0
10 12594 rs10902929 124460069 2 -0.00138089055286805 124460069 124460069 0
10 6385 rs10733788 64917865 1 -0.00137544472692696 64917865 64917865 0
10 8017 rs1655627 80410110 1 0.00135802313480841 80410110 80410110 0
10 3700 rs3006603 31210609 1 0.00134999224261915 31210609 31210609 0
10 12344 rs10886730 122394214 1 0.00134780833525272 122394214 122394214 0
10 2025 rs7900873 14863864 1 -0.00134684772380389 14863864 14863864 0
10 824 rs2797501 5804531 1 -0.00134562832544272 5804531 5804531 0
10 3086 rs2442843 26056683 2 0.00134519091544419 26056683 26056683 0
10 9199 rs2211595 90843886 2 -0.00133699455817075 90843886 90843886 0
10 1580 rs2245590 12198884 1 0.00131960258759099 12198884 12198884 0
10 1529 rs2454797 11431693 1 0.00130297603839087 11431693 11431693 0
10 3168 rs1889692 26718723 2 -0.00130192923957277 26718723 26718723 0
10 3591 rs11007825 30223537 1 -0.00130142088553392 30223537 30223537 0
10 12853 rs12243317 126734419 1 -0.00130103409866711 126734419 126734419 0
10 10281 rs7899176 101289123 1 -0.00128301194656296 101289123 101289123 0
10 7905 rs816866 79313729 1 -0.00127933534027858 79313729 79313729 0
10 12260 rs3188055 121586882 1 0.00127234287825307 121586882 121586882 0
10 2485 rs11598027 18760635 1 0.00126313092493513 18760635 18760635 0
10 1528 rs4750051 11431354 1 -0.00125435770201148 11431354 11431354 0
10 8696 rs11200927 85984444 1 0.00124662156726902 85984444 85984444 0
10 9395 rs12777523 92811346 2 0.00124349443374269 92811346 92811346 0
10 5168 rs1919460 54037188 1 0.00124240653391062 54037188 54037188 0
10 3219 rs10764687 27475579 1 0.0012355501014726 27475579 27475579 0
10 6401 rs10509186 65207018 1 -0.0012285689273071 65207018 65207018 0
10 9315 rs943316 92081093 1 -0.00122813704046584 92081093 92081093 0
10 2270 rs11254325 17039809 1 0.00122362792514661 17039809 17039809 0
10 3819 rs56391924 32745248 1 -0.00122254538645195 32745248 32745248 0
10 8992 rs12251540 88443302 2 0.00120947988563079 88443302 88443302 0
10 1862 rs7901829 14073201 1 -0.0012090249832273 14073201 14073201 0
10 6079 rs7072678 62344769 1 0.00120818506366272 62344769 62344769 0
10 4187 rs10827697 37035679 1 0.00120610319664016 37035679 37035679 0
10 7934 rs1262002 79652154 1 -0.00120546452437274 79652154 79652154 0
10 10685 rs11191878 105716540 1 0.00120350629313042 105716540 105716540 0
10 2298 rs2038574 17241705 1 -0.00120101211345662 17241705 17241705 0
10 5976 rs7078432 61722273 1 -0.00120079642853597 61722273 61722273 0
10 2067 rs2138929 15294548 1 0.00119563886547831 15294548 15294548 0
10 13690 rs11017718 132901331 1 -0.00119439210530206 132901331 132901331 0
10 11488 rs11195874 114047787 1 0.0011909969498717 114047787 114047787 0
10 7325 rs827235 72601813 1 -0.00118939803102896 72601813 72601813 0
10 148 rs7072699 1692796 1 0.00118561075017102 1692796 1692796 0
10 9911 rs12775584 97732604 2 -0.00118262242724316 97732604 97732604 0
10 12085 rs12571492 120231835 1 0.00116770113290556 120231835 120231835 0
10 11936 rs2420330 118457481 1 0.00116183670361502 118457481 118457481 0
10 1257 rs1243438 9028677 1 0.00116124245045122 9028677 9028677 0
10 9402 rs17104921 92837261 1 -0.00115585810074075 92837261 92837261 0
10 11716 rs73365341 116064528 1 -0.00115018015979774 116064528 116064528 0
10 1090 rs2802457 7886084 1 0.00114546061560884 7886084 7886084 0
10 13830 rs76581191 134649709 1 -0.00114502390796149 134649709 134649709 0
10 627 rs11252571 4554674 1 0.00114392918433418 4554674 4554674 0
10 12774 rs11244602 126064956 1 0.00113799574853254 126064956 126064956 0
10 3800 rs950132 32624636 1 0.0011376363649143 32624636 32624636 0
10 8095 rs6480922 80913782 1 0.00113552817466007 80913782 80913782 0
10 931 rs3793727 6508377 1 -0.00113258435290113 6508377 6508377 0
10 5298 rs2133470 55137321 1 -0.00113212897116281 55137321 55137321 0
10 1641 rs1004247 12686487 1 -0.00112898139812237 12686487 12686487 0
10 2518 rs7076492 19027335 1 -0.00111990210596648 19027335 19027335 0
10 8391 rs7068239 83786851 1 0.00111195738565239 83786851 83786851 0
10 11902 rs17094717 118185623 1 0.00110928726007925 118185623 118185623 0
10 8163 rs10887450 81816940 1 -0.00110770506181152 81816940 81816940 0
10 11235 rs11194531 111041310 1 0.00110310898007802 111041310 111041310 0
10 6234 rs10994981 63708007 1 0.00110309767194129 63708007 63708007 0
10 1331 rs12774125 9766299 1 -0.00109970673228638 9766299 9766299 0
10 4079 rs3936503 35549257 1 -0.00109943457241299 35549257 35549257 0
10 6177 rs10821899 63383502 1 0.0010982558675018 63383502 63383502 0
10 1816 rs943101 13729426 1 0.00109810409479705 13729426 13729426 0
10 10671 rs11191839 105634895 1 0.00109473755495587 105634895 105634895 0
10 5999 rs11599447 61869059 1 -0.00108602886657511 61869059 61869059 0
10 9745 rs9332092 96696529 1 0.00108558713166653 96696529 96696529 0
10 4065 rs7900480 35338699 1 -0.00108493052763221 35338699 35338699 0
10 8239 rs7897697 82344060 1 0.00108151448760175 82344060 82344060 0
10 12858 rs7908461 126802394 1 -0.0010803736525455 126802394 126802394 0
10 8240 rs6586088 82344455 1 0.00108009718525512 82344455 82344455 0
10 10519 rs10786663 104064548 1 0.00107734450910656 104064548 104064548 0
10 9004 rs746677 88700638 1 -0.00107305451958257 88700638 88700638 0
10 9575 rs787679 95080747 1 0.00107297407599739 95080747 95080747 0
10 13533 rs2477970 131830899 1 -0.00106816989338502 131830899 131830899 0
10 1118 rs494602 8270890 1 0.00106713552358369 8270890 8270890 0
10 12285 rs4415675 121825959 1 0.00105964938154854 121825959 121825959 0
10 10817 rs13377154 106924979 2 0.00105743530845056 106924979 106924979 0
10 1001 rs2501683 6965134 1 0.00105695766220774 6965134 6965134 0
10 12231 rs196313 121383036 1 0.00104968397785578 121383036 121383036 0
10 6670 rs1670148 67677241 2 0.00104919240120414 67677241 67677241 0
10 1638 rs1409961 12608676 1 -0.00104841545799672 12608676 12608676 0
10 8109 rs703970 80953136 1 -0.00104833284109381 80953136 80953136 0
10 11969 rs363315 118969346 1 0.00104648074556655 118969346 118969346 0
10 4925 rs3123078 51524971 1 0.00104573619104622 51524971 51524971 0
10 3127 rs3817420 26357748 1 0.00104567702143939 26357748 26357748 0
10 1662 rs2482038 12835085 1 -0.00103931739204361 12835085 12835085 0
10 8183 rs2819944 81954395 1 -0.00103756870248334 81954395 81954395 0
10 13426 rs11016590 130786576 1 0.00103292926187303 130786576 130786576 0
10 2806 rs1926690 22471741 2 -0.00103054394923128 22471741 22471741 0
10 10770 rs4918129 106588976 1 0.00103053345556354 106588976 106588976 0
10 10888 rs4917447 107438736 1 -0.00103032790630898 107438736 107438736 0
10 5941 rs1171614 61469538 1 -0.00102983247132573 61469538 61469538 0
10 905 rs7077335 6315794 1 -0.00102586919053739 6315794 6315794 0
10 7249 rs4746992 72057163 1 -0.00102403787479493 72057163 72057163 0
10 9659 rs11187653 95530204 2 0.00102394618248202 95530204 95530204 0
10 3683 rs2050876 31053728 1 -0.00102318264411798 31053728 31053728 0
10 13275 rs11591839 129677202 1 -0.00102117419853352 129677202 129677202 0
10 750 rs1931669 5321569 2 0.00101840995813754 5321569 5321569 0
10 7712 rs1966054 77055853 1 -0.00101518613719128 77055853 77055853 0
10 9233 rs7918159 91201269 1 -0.00100735393024493 91201269 91201269 0
10 153 rs7073272 1710729 1 -0.00100686696179883 1710729 1710729 0
10 4237 rs12253170 37601063 1 0.00100662592997499 37601063 37601063 0
10 12119 rs17098018 120497952 2 0.00100052870796332 120497952 120497952 0
10 1919 rs1218335 14306078 1 9.998020641965005e-4 14306078 14306078 0
10 6168 rs1456285 63369632 1 9.989357405641363e-4 63369632 63369632 0
10 12177 rs7077176 121146290 2 -9.968498980585656e-4 121146290 121146290 0
10 7993 rs10824609 80206903 1 9.952900062862792e-4 80206903 80206903 0
10 2786 rs7899812 21725452 1 9.93818745534616e-4 21725452 21725452 0
10 1458 rs7085538 10874535 1 9.937457478086467e-4 10874535 10874535 0
10 8243 rs1878041 82349461 1 9.86474043442209e-4 82349461 82349461 0
10 13803 rs11146273 134073393 1 9.825759099067704e-4 134073393 134073393 0
10 9311 rs10219117 92022480 1 9.823760012368974e-4 92022480 92022480 0
10 1156 rs10752138 8538492 1 -9.815224836612203e-4 8538492 8538492 0
10 1544 rs2055040 11780837 1 9.765584690214178e-4 11780837 11780837 0
10 7699 rs11001309 76919273 1 9.7540039678077e-4 76919273 76919273 0
10 8701 rs4933987 85994719 2 9.654807821832636e-4 85994719 85994719 0
10 2477 rs10741061 18721204 1 9.641202340848464e-4 18721204 18721204 0
10 5276 rs16937220 54880387 1 -9.61753985538756e-4 54880387 54880387 0
10 8607 rs17102157 85318842 1 9.61122155572951e-4 85318842 85318842 0
10 8676 rs4244944 85844814 1 -9.541527206988393e-4 85844814 85844814 0
10 11576 rs1416134 115193523 1 9.462159279415464e-4 115193523 115193523 0
10 7605 rs7069878 74912004 1 -9.450336546409148e-4 74912004 74912004 0
10 12859 rs7908482 126802447 1 -9.448229417391444e-4 126802447 126802447 0
10 5339 rs12241129 55539871 2 -9.447210096906036e-4 55539871 55539871 0
10 5631 rs1572688 57690158 1 -9.44623535919749e-4 57690158 57690158 0
10 13854 rs7918164 135223323 1 -9.435608560384764e-4 135223323 135223323 0
10 9394 rs7905276 92811107 1 -9.406719264930797e-4 92811107 92811107 0
10 13692 rs4751329 132943161 1 -9.387520749054168e-4 132943161 132943161 0
10 6287 rs753518 64235506 2 -9.377929954175776e-4 64235506 64235506 0
10 8574 rs4362092 85062296 1 9.36970738846565e-4 85062296 85062296 0
10 4081 rs2504352 35671151 1 -9.356572418674036e-4 35671151 35671151 0
10 12496 rs10510102 123625190 1 9.337330428282984e-4 123625190 123625190 0
10 9812 rs61739184 97141487 1 -9.324936806550556e-4 97141487 97141487 0
10 8091 rs11002816 80858592 1 9.300453876740924e-4 80858592 80858592 0
10 13270 rs11816315 129634584 1 9.29981667709228e-4 129634584 129634584 0
10 11350 rs11195360 112633918 1 9.297008593731252e-4 112633918 112633918 0
10 8931 rs7918518 87861382 1 -9.097718033466252e-4 87861382 87861382 0
10 9074 rs12414218 89481779 1 9.08603606654554e-4 89481779 89481779 0
10 9197 rs2841016 90837919 1 9.085781301066294e-4 90837919 90837919 0
10 4476 rs11238850 44597898 1 -9.04268029288014e-4 44597898 44597898 0
10 9618 rs10882259 95274972 1 -9.037955559148516e-4 95274972 95274972 0
10 11369 rs11195417 112831994 2 -9.036436942506249e-4 112831994 112831994 0
10 4803 rs1913517 50119054 1 9.02819094991352e-4 50119054 50119054 0
10 12223 rs12246119 121328009 1 8.95786987064387e-4 121328009 121328009 0
10 8510 rs12250654 84646857 1 -8.930302092442196e-4 84646857 84646857 0
10 11441 rs6585111 113524371 2 8.877647346320059e-4 113524371 113524371 0
10 11723 rs1570224 116177609 1 -8.857554205908376e-4 116177609 116177609 0
10 12526 rs4752655 123897130 1 8.824819329246641e-4 123897130 123897130 0
10 12512 rs10788233 123815371 1 8.811367028018545e-4 123815371 123815371 0
10 10900 rs17119461 107516352 1 8.757465024740911e-4 107516352 107516352 0
10 7110 rs2305196 71144324 1 -8.731139917153395e-4 71144324 71144324 0
10 2631 rs2460594 20431361 1 8.703937805103763e-4 20431361 20431361 0
10 7064 rs3898314 70725128 1 8.691572848445871e-4 70725128 70725128 0
10 6415 rs2393992 65414090 1 -8.691343180481286e-4 65414090 65414090 0
10 6728 rs7067590 67969419 1 8.669031411297774e-4 67969419 67969419 0
10 7607 rs3763723 74927484 1 -8.647497596073224e-4 74927484 74927484 0
10 5869 rs1992657 60581614 1 8.645829583934832e-4 60581614 60581614 0
10 7791 rs10762726 78228126 1 -8.634273074092253e-4 78228126 78228126 0
10 9211 rs1051339 91007339 1 8.625715571620943e-4 91007339 91007339 0
10 7353 rs10762420 72813306 1 -8.605956460294107e-4 72813306 72813306 0
10 2224 rs45551835 16932384 1 -8.566640375340598e-4 16932384 16932384 0
10 2013 rs7921286 14778533 1 8.564068088194741e-4 14778533 14778533 0
10 6818 rs10997250 68346959 1 -8.556178404745969e-4 68346959 68346959 0
10 2609 rs7080901 20144397 1 -8.48361999029848e-4 20144397 20144397 0
10 9303 rs11186035 91901023 1 8.461210102480972e-4 91901023 91901023 0
10 11905 rs1431486 118193132 1 8.455589792618066e-4 118193132 118193132 0
10 3173 rs787068 26808561 1 8.45134261975827e-4 26808561 26808561 0
10 13616 rs11017378 132415345 1 -8.375614403544282e-4 132415345 132415345 0
10 8631 rs11200713 85628215 1 8.310545584349507e-4 85628215 85628215 0
10 11245 rs6584940 111239425 1 8.307429778265509e-4 111239425 111239425 0
10 1586 rs7068966 12277992 1 8.217332606853731e-4 12277992 12277992 0
10 3849 rs2666282 33361337 1 8.199121444445411e-4 33361337 33361337 0
10 12756 rs6597881 126007164 1 8.10006555770255e-4 126007164 126007164 0
10 2005 rs1410073 14734972 1 8.067360649483653e-4 14734972 14734972 0
10 3539 rs9888055 29955649 1 -8.050702052330128e-4 29955649 29955649 0
10 12506 rs10887046 123780784 1 8.043526746830454e-4 123780784 123780784 0
10 946 rs1327249 6651563 1 8.033996908151875e-4 6651563 6651563 0
10 11066 rs7905111 109393000 1 -8.01815472696721e-4 109393000 109393000 0
10 2152 rs1340132 16297598 1 -7.98874870381862e-4 16297598 16297598 0
10 3550 rs7078975 30016520 1 7.974668010639443e-4 30016520 30016520 0
10 11373 rs745557 112846298 1 7.961442928653689e-4 112846298 112846298 0
10 6639 rs10509235 67560490 1 7.944428917076503e-4 67560490 67560490 0
10 3702 rs7918150 31226772 1 -7.88177358623077e-4 31226772 31226772 0
10 3190 rs11015236 26993080 2 -7.880623719375016e-4 26993080 26993080 0
10 9977 rs2861580 98208287 1 7.856083240739239e-4 98208287 98208287 0
10 13237 rs11018255 129468831 1 -7.811403411255233e-4 129468831 129468831 0
10 12740 rs4929810 125750120 1 -7.808407204362353e-4 125750120 125750120 0
10 6782 rs2456737 68155334 1 7.771311063613158e-4 68155334 68155334 0
10 10272 rs12261087 101252165 1 7.766546618566286e-4 101252165 101252165 0
10 11370 rs17128356 112832225 1 7.762107150069452e-4 112832225 112832225 0
10 12073 rs11198411 120188362 1 -7.751818305889891e-4 120188362 120188362 0
10 7200 rs3858154 71598059 1 7.735276850155863e-4 71598059 71598059 0
10 4069 rs4934533 35359619 1 -7.729245605625558e-4 35359619 35359619 0
10 1085 rs12770829 7842900 1 -7.707383151623844e-4 7842900 7842900 0
10 11221 rs10884712 110980065 1 -7.696252605044369e-4 110980065 110980065 0
10 10632 rs2986035 105233110 1 7.648725430930561e-4 105233110 105233110 0
10 10684 rs7913069 105714399 1 7.628704909820262e-4 105714399 105714399 0
10 3081 rs10764581 25996101 1 7.624203145643769e-4 25996101 25996101 0
10 8460 rs7073820 84177024 1 -7.619890695751647e-4 84177024 84177024 0
10 7378 rs11593534 73043016 2 -7.591844456100486e-4 73043016 73043016 0
10 5630 rs12782822 57683893 1 7.585999341705649e-4 57683893 57683893 0
10 5419 rs11004183 56015656 1 -7.56146135568901e-4 56015656 56015656 0
10 3418 rs1249003 29030691 1 -7.547769204903083e-4 29030691 29030691 0
10 11946 rs1900501 118536492 1 7.547428339332099e-4 118536492 118536492 0
10 7904 rs11002200 79298998 1 7.514530397082415e-4 79298998 79298998 0
10 10688 rs2476955 105758465 1 -7.513997416483096e-4 105758465 105758465 0
10 6197 rs4948286 63483828 1 -7.501689470832478e-4 63483828 63483828 0
10 6428 rs7916789 65568254 1 7.47973977128547e-4 65568254 65568254 0
10 1513 rs596406 11224665 1 -7.46212849030952e-4 11224665 11224665 0
10 10070 rs11189119 99067289 1 7.442510524640267e-4 99067289 99067289 0
10 13370 rs7912500 130248300 1 -7.417288564871879e-4 130248300 130248300 0
10 10048 rs2784921 98912996 1 -7.319272604342227e-4 98912996 98912996 0
10 12665 rs7916586 125162193 1 -7.296788480807973e-4 125162193 125162193 0
10 1820 rs2077150 13734850 2 -7.282616384852341e-4 13734850 13734850 0
10 11912 rs10787677 118238417 1 -7.278754528612546e-4 118238417 118238417 0
10 9613 rs7922093 95235408 1 -7.231763024652405e-4 95235408 95235408 0
10 13621 rs1176502 132448750 1 -7.229178872357094e-4 132448750 132448750 0
10 9063 rs12570024 89442697 1 -7.226337302466786e-4 89442697 89442697 0
10 4457 rs17154929 44524675 1 7.191723020472506e-4 44524675 44524675 0
10 13403 rs4750993 130518039 1 7.161476866757729e-4 130518039 130518039 0
10 8415 rs12249088 83922529 1 7.069620587170493e-4 83922529 83922529 0
10 12773 rs10901414 126062722 1 -7.033319155572024e-4 126062722 126062722 0
10 10637 rs7068070 105340059 1 -7.029689120885722e-4 105340059 105340059 0
10 5546 rs11004713 56817554 1 -7.020058032886926e-4 56817554 56817554 0
10 5889 rs9299588 60925428 1 6.982625746569173e-4 60925428 60925428 0
10 4066 rs1926554 35344969 1 -6.951756478480854e-4 35344969 35344969 0
10 13006 rs3847470 128030244 1 6.905554204738235e-4 128030244 128030244 0
10 13883 rs11593189 135365145 1 -6.903292322254699e-4 135365145 135365145 0
10 5916 rs1763885 61294973 1 6.891107627052084e-4 61294973 61294973 0
10 8245 rs17107222 82355408 1 6.885458537621984e-4 82355408 82355408 0
10 10396 rs1539089 102221424 1 6.883411826289624e-4 102221424 102221424 0
10 9737 rs12767583 96547463 1 -6.872396078290117e-4 96547463 96547463 0
10 4937 rs2574983 52019288 1 -6.858375289195445e-4 52019288 52019288 0
10 2838 rs11013139 23097537 1 6.844923977021004e-4 23097537 23097537 0
10 12939 rs10901528 127742255 1 6.804858523909326e-4 127742255 127742255 0
10 12464 rs1909669 123386254 1 -6.802711795457089e-4 123386254 123386254 0
10 7119 rs4745990 71273696 1 -6.769551447625142e-4 71273696 71273696 0
10 114 rs2676774 1553772 1 6.758277891240977e-4 1553772 1553772 0
10 7936 rs1366047 79704394 1 -6.696400362296176e-4 79704394 79704394 0
10 13360 rs11016216 130185535 1 6.687382544871381e-4 130185535 130185535 0
10 2770 rs10764307 21409757 1 6.678444038942624e-4 21409757 21409757 0
10 6381 rs871690 64894059 1 6.66884368379772e-4 64894059 64894059 0
10 1345 rs11256402 9995867 1 6.666066555372526e-4 9995867 9995867 0
10 9483 rs7078413 94290484 1 6.665112917257683e-4 94290484 94290484 0
10 5158 rs11001157 53958511 1 6.648169305684833e-4 53958511 53958511 0
10 1869 rs12250709 14089451 1 -6.63929852251904e-4 14089451 14089451 0
10 7303 rs1861519 72496131 1 6.627683907035511e-4 72496131 72496131 0
10 8471 rs2247247 84383277 1 6.618157112225145e-4 84383277 84383277 0
10 11550 rs4265536 115018340 1 -6.606713513827602e-4 115018340 115018340 0
10 12154 rs3858336 120877710 1 6.601532311526865e-4 120877710 120877710 0
10 9245 rs12412483 91349049 1 6.594960501945926e-4 91349049 91349049 0
10 1379 rs10905727 10510613 1 -6.580762770990698e-4 10510613 10510613 0
10 7599 rs7897191 74761503 1 -6.574092906544034e-4 74761503 74761503 0
10 4367 rs2505556 43666623 1 -6.55351315148253e-4 43666623 43666623 0
10 3765 rs10508768 32092377 1 6.552023588542912e-4 32092377 32092377 0
10 4060 rs2001893 35300623 1 6.537665717434409e-4 35300623 35300623 0
10 1846 rs2447026 14002143 1 -6.510408495036498e-4 14002143 14002143 0
10 2282 rs1907358 17109730 1 -6.444000515478686e-4 17109730 17109730 0
10 7191 rs2763335 71577422 2 6.440349092813236e-4 71577422 71577422 0
10 850 rs3136618 6001696 1 -6.373451321158727e-4 6001696 6001696 0
10 5438 rs4592338 56098424 1 6.372787196297111e-4 56098424 56098424 0
10 8673 rs7084533 85829322 1 -6.342216661793393e-4 85829322 85829322 0
10 11296 rs4918489 112034446 1 -6.330148768897887e-4 112034446 112034446 0
10 8647 rs17329709 85755077 1 6.309294174194155e-4 85755077 85755077 0
10 2760 rs11012506 21363291 1 -6.306102864623402e-4 21363291 21363291 0
10 11586 rs1077793 115214962 1 6.2849634791375e-4 115214962 115214962 0
10 5972 rs7914022 61661564 2 -6.277409471968354e-4 61661564 61661564 0
10 739 rs1931677 5285696 1 -6.273821997912108e-4 5285696 5285696 0
10 1007 rs870871 6997213 1 6.252307506318976e-4 6997213 6997213 0
10 4722 rs1345104 49765237 1 -6.238736728724685e-4 49765237 49765237 0
10 10345 rs2002109 101636648 1 -6.224995255923619e-4 101636648 101636648 0
10 6236 rs10821936 63723577 2 -6.223942803743783e-4 63723577 63723577 0
10 6615 rs7095596 67399447 1 -6.218543307175703e-4 67399447 67399447 0
10 7955 rs1149747 79955120 1 6.18932405806147e-4 79955120 79955120 0
10 1557 rs717800 11919872 2 -6.183489368896585e-4 11919872 11919872 0
10 11301 rs6584984 112082992 1 -6.178417548424249e-4 112082992 112082992 0
10 12149 rs4751691 120850164 1 6.176733021834345e-4 120850164 120850164 0
10 2959 rs10828627 24605003 1 6.157337402600399e-4 24605003 24605003 0
10 3314 rs10763642 28388150 1 6.156697467598403e-4 28388150 28388150 0
10 4258 rs289637 37923183 1 6.152002924376389e-4 37923183 37923183 0
10 3189 rs10829053 26992105 1 -6.145358776172105e-4 26992105 26992105 0
10 1171 rs4747801 8576294 1 -6.144562085365727e-4 8576294 8576294 0
10 13825 rs2819718 134404571 1 6.135701827087935e-4 134404571 134404571 0
10 3642 rs12779604 30790361 1 6.12177253773699e-4 30790361 30790361 0
10 12634 rs2495769 124957828 1 -6.045332098391159e-4 124957828 124957828 0
10 13767 rs10872807 133443512 1 6.029588372948114e-4 133443512 133443512 0
10 12747 rs7922403 125933075 1 6.028474371689796e-4 125933075 125933075 0
10 13670 rs3097970 132754334 1 -6.023995314986621e-4 132754334 132754334 0
10 3013 rs3808907 25242922 2 5.995928353802127e-4 25242922 25242922 0
10 2156 rs10904706 16324673 1 -5.993711061250864e-4 16324673 16324673 0
10 684 rs10795205 4899130 1 -5.941212000880247e-4 4899130 4899130 0
10 13178 rs869801 129245684 1 5.937072707134247e-4 129245684 129245684 0
10 2191 rs1052708 16553355 1 5.933676840281601e-4 16553355 16553355 0
10 10049 rs2784920 98913628 1 5.913415371392271e-4 98913628 98913628 0
10 11510 rs1325172 114358555 1 -5.904986206484973e-4 114358555 114358555 0
10 9072 rs2302404 89474072 1 5.875003156061578e-4 89474072 89474072 0
10 12422 rs11598592 123043389 2 -5.857696097053279e-4 123043389 123043389 0
10 5676 rs7916845 58468167 1 -5.852659947269144e-4 58468167 58468167 0
10 3875 rs2506144 33468456 1 5.841636532105032e-4 33468456 33468456 0
10 10455 rs644633 103050571 1 5.825890977150349e-4 103050571 103050571 0
10 2995 rs1971470 25158221 1 -5.820503945818831e-4 25158221 25158221 0
10 4446 rs4948591 44490414 1 -5.796774750112387e-4 44490414 44490414 0
10 11506 rs7904918 114169664 1 -5.771440701744084e-4 114169664 114169664 0
10 4772 rs4838650 49994270 1 5.75972737346315e-4 49994270 49994270 0
10 4279 rs11499092 42982645 1 -5.738401124242108e-4 42982645 42982645 0
10 835 rs907688 5900822 2 5.72350683321821e-4 5900822 5900822 0
10 7302 rs10999499 72495587 1 5.692529342849608e-4 72495587 72495587 0
10 11484 rs4306236 113980294 1 -5.689581520238326e-4 113980294 113980294 0
10 5560 rs7899074 56937693 1 5.687633828902949e-4 56937693 56937693 0
10 7589 rs11000413 74541864 1 -5.682948140931426e-4 74541864 74541864 0
10 9447 rs12255176 93657148 1 5.67459190999616e-4 93657148 93657148 0
10 12838 rs12781214 126702049 1 -5.665521280597836e-4 126702049 126702049 0
10 7507 rs4747204 73598889 1 -5.663682347039013e-4 73598889 73598889 0
10 1517 rs12098246 11277613 1 5.658668854549218e-4 11277613 11277613 0
10 1613 rs2768436 12534093 1 -5.641969625374838e-4 12534093 12534093 0
10 4275 rs2505860 42907201 2 -5.637255052241657e-4 42907201 42907201 0
10 8585 rs10736265 85124375 2 -5.61302079744658e-4 85124375 85124375 0
10 10510 rs7083450 103984060 1 -5.607202052393112e-4 103984060 103984060 0
10 989 rs10905035 6883788 1 5.562431359131206e-4 6883788 6883788 0
10 6754 rs4548513 68040325 2 -5.546088041109689e-4 68040325 68040325 0
10 4657 rs10736370 48366054 1 5.536815893968187e-4 48366054 48366054 0
10 7713 rs1149718 77064320 1 5.534942576425576e-4 77064320 77064320 0
10 13665 rs10829844 132721599 1 5.529616170049561e-4 132721599 132721599 0
10 5177 rs1194722 54193818 1 5.522968550115877e-4 54193818 54193818 0
10 218 rs12218258 2008013 1 5.517717757662822e-4 2008013 2008013 0
10 9161 rs4934425 90609718 1 5.514793995748506e-4 90609718 90609718 0
10 11096 rs10509848 109562967 1 5.494667186165535e-4 109562967 109562967 0
10 7510 rs4746097 73616575 1 5.487867658058919e-4 73616575 73616575 0
10 6083 rs1009410 62354797 1 -5.475293230527945e-4 62354797 62354797 0
10 3629 rs11008005 30639220 1 5.465102008632746e-4 30639220 30639220 0
10 11511 rs1536081 114365647 1 -5.440783220144289e-4 114365647 114365647 0
10 5103 rs16925357 53731491 1 5.44061520274094e-4 53731491 53731491 0
10 8119 rs12355688 81055626 1 -5.429144321597679e-4 81055626 81055626 0
10 9131 rs286492 90022647 1 -5.426971127941882e-4 90022647 90022647 0
10 9206 rs11203047 91001126 1 -5.421426386926795e-4 91001126 91001126 0
10 7465 rs3849958 73431596 1 5.413093593370427e-4 73431596 73431596 0
10 11317 rs5015510 112235106 1 -5.411573683099086e-4 112235106 112235106 0
10 4876 rs3750749 50684228 1 5.403137444202632e-4 50684228 50684228 0
10 6235 rs7090445 63721176 1 5.394052551668303e-4 63721176 63721176 0
10 13047 rs7921680 128390001 1 -5.392685699960745e-4 128390001 128390001 0
10 10005 rs7905024 98384147 1 5.375203308268719e-4 98384147 98384147 0
10 4896 rs1917820 50772362 1 -5.35583886780771e-4 50772362 50772362 0
10 5930 rs12356193 61413353 2 -5.351533598703753e-4 61413353 61413353 0
10 8156 rs10887336 81764081 1 -5.321358061423087e-4 81764081 81764081 0
10 4644 rs10466245 46031747 1 -5.312084520980644e-4 46031747 46031747 0
10 11742 rs11196791 116333974 2 -5.281765522782422e-4 116333974 116333974 0
10 7533 rs11000122 73722023 1 5.274022509468469e-4 73722023 73722023 0
10 11347 rs4918600 112584451 1 -5.272022648627162e-4 112584451 112584451 0
10 5263 rs1917173 54810396 1 -5.20760463783722e-4 54810396 54810396 0
10 7382 rs7069294 73046625 1 -5.167371987434164e-4 73046625 73046625 0
10 1175 rs7084731 8578965 1 -5.150626581036817e-4 8578965 8578965 0
10 1437 rs11596743 10776143 1 5.125513391895936e-4 10776143 10776143 0
10 13882 rs1536826 135357239 1 5.121788759599799e-4 135357239 135357239 0
10 828 rs7900361 5856984 1 5.12051539835361e-4 5856984 5856984 0
10 4711 rs11101355 49723037 1 5.117601676741869e-4 49723037 49723037 0
10 10353 rs10883429 101699304 1 5.116969077099145e-4 101699304 101699304 0
10 5179 rs1194742 54213550 1 -5.101184591997285e-4 54213550 54213550 0
10 8682 rs11200905 85939031 1 -5.094379563045718e-4 85939031 85939031 0
10 2940 rs2067701 24326623 1 -5.094216202192695e-4 24326623 24326623 0
10 12633 rs10902896 124957196 1 -5.081219991902883e-4 124957196 124957196 0
10 3690 rs12572052 31119770 1 -5.060019875606697e-4 31119770 31119770 0
10 11690 rs180950 115707967 2 5.042876419904124e-4 115707967 115707967 0
10 5666 rs7070694 58326495 1 5.036367850244966e-4 58326495 58326495 0
10 862 rs4749926 6085312 2 5.022545690124267e-4 6085312 6085312 0
10 4751 rs2377624 49920297 1 -5.021838959079913e-4 49920297 49920297 0
10 13018 rs10510159 128191368 1 -5.01903816780009e-4 128191368 128191368 0
10 6309 rs4537656 64406802 1 -5.018171989919719e-4 64406802 64406802 0
10 11967 rs2619111 118966996 1 -5.010621626553368e-4 118966996 118966996 0
10 7189 rs7088833 71573154 1 5.003264831950336e-4 71573154 71573154 0
10 420 rs7086721 3163068 1 4.949870406756264e-4 3163068 3163068 0
10 1768 rs12257870 13430150 1 -4.94377238596558e-4 13430150 13430150 0
10 3089 rs2437399 26119044 1 4.943244345149454e-4 26119044 26119044 0
10 2962 rs11014053 24647899 1 4.936495971217211e-4 24647899 24647899 0
10 11161 rs10509872 110242036 2 4.905444310336583e-4 110242036 110242036 0
10 7476 rs56181447 73498355 1 -4.895167936576144e-4 73498355 73498355 0
10 11748 rs17092237 116417012 1 4.893451759183046e-4 116417012 116417012 0
10 1898 rs7919543 14230471 1 -4.891970131367023e-4 14230471 14230471 0
10 6825 rs4746611 68393666 1 4.887639701530511e-4 68393666 68393666 0
10 9239 rs303181 91257302 1 4.859710599921351e-4 91257302 91257302 0
10 2088 rs4750656 15533081 1 -4.8424249257454616e-4 15533081 15533081 0
10 5556 rs1838454 56916788 1 -4.799456611478207e-4 56916788 56916788 0
10 9126 rs640906 89957190 1 -4.797459219450546e-4 89957190 89957190 0
10 4165 rs16936996 36714828 1 -4.746994294820126e-4 36714828 36714828 0
10 911 rs7917676 6390107 1 -4.746987445369697e-4 6390107 6390107 0
10 2429 rs11012833 18445599 1 -4.728335933200796e-4 18445599 18445599 0
10 13022 rs7916733 128240277 1 -4.713783058155789e-4 128240277 128240277 0
10 12857 rs1152690 126796382 1 4.673650293773073e-4 126796382 126796382 0
10 8058 rs730324 80616150 1 4.580754512294444e-4 80616150 80616150 0
10 13048 rs11245105 128390546 2 4.578096088145446e-4 128390546 128390546 0
10 4382 rs2492405 43931825 1 -4.5608197718850167e-4 43931825 43931825 0
10 13845 rs12413155 134810401 1 4.556285687188086e-4 134810401 134810401 0
10 5936 rs7094971 61449564 1 -4.550825441265194e-4 61449564 61449564 0
10 12683 rs7907856 125245356 1 4.544194522113877e-4 125245356 125245356 0
10 13609 rs9299876 132386550 1 4.536616465198098e-4 132386550 132386550 0
10 3308 rs11006851 28378354 1 -4.536431847029561e-4 28378354 28378354 0
10 8412 rs11192702 83909020 1 -4.516468319439419e-4 83909020 83909020 0
10 4612 rs7903517 45530453 1 -4.499708412911965e-4 45530453 45530453 0
10 12244 rs35434411 121429394 1 -4.47792530920552e-4 121429394 121429394 0
10 7332 rs880314 72706707 1 4.473140533234526e-4 72706707 72706707 0
10 9033 rs7894717 89363781 1 -4.4657152939675743e-4 89363781 89363781 0
10 10429 rs11190831 102873339 1 4.453088786805294e-4 102873339 102873339 0
10 12153 rs17098456 120874802 1 -4.446233388684411e-4 120874802 120874802 0
10 5321 rs4935078 55294187 1 -4.427779723306584e-4 55294187 55294187 0
10 9430 rs1418159 93362627 1 -4.4018268271469e-4 93362627 93362627 0
10 833 rs907685 5900332 2 -4.397884732287641e-4 5900332 5900332 0
10 13155 rs9663318 129128317 1 -4.394829837955228e-4 129128317 129128317 0
10 823 rs2275774 5799613 1 4.3919086964429007e-4 5799613 5799613 0
10 7616 rs16930700 75324903 1 4.370085501542306e-4 75324903 75324903 0
10 2981 rs2249911 24837715 1 4.349304510028244e-4 24837715 24837715 0
10 7052 rs1007042 70616973 2 -4.3353794115261966e-4 70616973 70616973 0
10 8890 rs10887503 87316082 1 -4.30703580787804e-4 87316082 87316082 0
10 13678 rs2051113 132822263 1 4.304555543750459e-4 132822263 132822263 0
10 8667 rs2350142 85813875 1 -4.291546503434046e-4 85813875 85813875 0
10 7644 rs2227552 75669319 1 -4.2645366320680754e-4 75669319 75669319 0
10 2099 rs1057969 15638751 1 -4.260242703201275e-4 15638751 15638751 0
10 4922 rs11812185 51045216 1 -4.250722945825477e-4 51045216 51045216 0
10 1142 rs2454062 8464847 1 4.243464386169396e-4 8464847 8464847 0
10 4057 rs6481928 35236444 1 -4.240625030188804e-4 35236444 35236444 0
10 11517 rs7073681 114466256 1 4.220809722802083e-4 114466256 114466256 0
10 3177 rs7074426 26900228 1 -4.211493749411544e-4 26900228 26900228 0
10 3522 rs12413724 29842681 1 4.1988149903676426e-4 29842681 29842681 0
10 3651 rs906232 30831940 2 -4.190958612021639e-4 30831940 30831940 0
10 1 rs2448378 273344 1 4.187610088569188e-4 273344 273344 0
10 3621 rs2462021 30490704 1 -4.179729857283178e-4 30490704 30490704 0
10 4613 rs10047345 45537344 1 -4.163705961377953e-4 45537344 45537344 0
10 13585 rs7096096 132194040 1 -4.114666516566454e-4 132194040 132194040 0
10 6499 rs1227230 66582806 1 -4.112150166054648e-4 66582806 66582806 0
10 6395 rs12355784 65121565 1 -4.110490418655334e-4 65121565 65121565 0
10 11360 rs1927159 112746735 1 -4.096458055982496e-4 112746735 112746735 0
10 6238 rs10821938 63724773 1 -4.0959721138478087e-4 63724773 63724773 0
10 6756 rs7907021 68048196 2 4.088905633328504e-4 68048196 68048196 0
10 1694 rs928339 12984272 1 4.08197530223245e-4 12984272 12984272 0
10 9595 rs117595198 95147609 1 4.071184829597911e-4 95147609 95147609 0
10 6390 rs41274072 64974156 1 -4.0564554151383296e-4 64974156 64974156 0
10 9108 rs6586116 89826130 1 4.025565233558772e-4 89826130 89826130 0
10 4941 rs2842084 52068298 1 4.023447383525571e-4 52068298 52068298 0
10 11512 rs6585163 114381720 1 -4.021095627521919e-4 114381720 114381720 0
10 6162 rs10994819 63346285 1 4.010765078360788e-4 63346285 63346285 0
10 12114 rs3824821 120448570 1 -4.0090263451904247e-4 120448570 120448570 0
10 9645 rs1326224 95459267 1 4.008192723786735e-4 95459267 95459267 0
10 7132 rs2812500 71420172 2 4.0028144331129024e-4 71420172 71420172 0
10 3545 rs11007714 30012843 1 -3.997141477271224e-4 30012843 30012843 0
10 7722 rs7896671 77213302 1 -3.991147492246615e-4 77213302 77213302 0
10 8517 rs7079963 84666953 1 3.964145814547652e-4 84666953 84666953 0
10 4621 rs7915972 45834375 1 -3.963052612770792e-4 45834375 45834375 0
10 1087 rs7904875 7852628 1 3.957934588560074e-4 7852628 7852628 0
10 11681 rs17235094 115610004 1 -3.95092098554507e-4 115610004 115610004 0
10 10533 rs10883759 104412049 1 -3.9473090538637767e-4 104412049 104412049 0
10 3654 rs2292194 30843179 1 3.931476839000443e-4 30843179 30843179 0
10 12566 rs4598609 124158293 1 -3.930933114702593e-4 124158293 124158293 0
10 9139 rs10509543 90072352 1 -3.92387959260026e-4 90072352 90072352 0
10 8246 rs6586106 82372300 1 -3.903233307625573e-4 82372300 82372300 0
10 12367 rs1254148 122585600 1 3.90087914284772e-4 122585600 122585600 0
10 13042 rs10751572 128372802 1 3.873352297867474e-4 128372802 128372802 0
10 2075 rs7083529 15396751 2 3.849515317114331e-4 15396751 15396751 0
10 9138 rs12572813 90069353 2 3.82666466118372e-4 90069353 90069353 0
10 7520 rs1009986 73667572 1 3.822096704324299e-4 73667572 73667572 0
10 1000 rs10905064 6962623 1 -3.819165956037056e-4 6962623 6962623 0
10 7399 rs780682 73124160 1 -3.8168136365537646e-4 73124160 73124160 0
10 7111 rs1867971 71145486 1 3.78126886289048e-4 71145486 71145486 0
10 560 rs7895964 4002033 1 3.774504401166375e-4 4002033 4002033 0
10 11402 rs10787318 113040493 1 3.7697089858486273e-4 113040493 113040493 0
10 8608 rs1359266 85330074 1 -3.756177223522253e-4 85330074 85330074 0
10 11724 rs10885565 116178891 2 -3.7525311805489326e-4 116178891 116178891 0
10 10295 rs2111325 101362751 1 3.7477517956400135e-4 101362751 101362751 0
10 1895 rs11258899 14186840 2 3.7318328558024415e-4 14186840 14186840 0
10 9940 rs10882754 97993942 1 3.7156200539065e-4 97993942 97993942 0
10 12216 rs11198992 121280443 1 3.709854307499861e-4 121280443 121280443 0
10 7285 rs10999459 72422431 1 3.7094850339892016e-4 72422431 72422431 0
10 1360 rs991956 10171642 1 -3.691634081407964e-4 10171642 10171642 0
10 3290 rs35242712 28224075 1 3.680965907830435e-4 28224075 28224075 0
10 10296 rs7092699 101365302 1 -3.673578641978846e-4 101365302 101365302 0
10 10639 rs902991 105342900 1 -3.670623671288603e-4 105342900 105342900 0
10 12778 rs11245086 126163164 2 -3.6644428469687697e-4 126163164 126163164 0
10 8880 rs1912282 87214408 1 3.662783655409904e-4 87214408 87214408 0
10 7887 rs10762759 79200117 1 -3.649965914072349e-4 79200117 79200117 0
10 13786 rs11156470 133590090 1 3.637263255057664e-4 133590090 133590090 0
10 7657 rs7924176 76295789 1 3.604851645950694e-4 76295789 76295789 0
10 9547 rs11596790 94968665 1 3.5950083628208553e-4 94968665 94968665 0
10 7992 rs12261821 80177764 1 -3.5895441950387335e-4 80177764 80177764 0
10 580 rs1325998 4092494 1 3.5800523259673343e-4 4092494 4092494 0
10 10013 rs687562 98485105 1 3.5776746047969457e-4 98485105 98485105 0
10 12115 rs10510046 120453168 1 -3.5707615483389474e-4 120453168 120453168 0
10 7294 rs10762398 72463045 1 -3.5599697063631755e-4 72463045 72463045 0
10 1562 rs11257434 11977300 1 3.551591067858808e-4 11977300 11977300 0
10 7532 rs4537681 73710885 1 -3.5339386260610067e-4 73710885 73710885 0
10 2641 rs11011862 20491011 2 -3.533898593595314e-4 20491011 20491011 0
10 7122 rs297046 71312821 1 -3.530773480425664e-4 71312821 71312821 0
10 8906 rs12098525 87501765 1 -3.4981146418965297e-4 87501765 87501765 0
10 7156 rs6480424 71488223 1 -3.4757302885201366e-4 71488223 71488223 0
10 47 rs1044261 1065710 1 -3.4751126455507197e-4 1065710 1065710 0
10 7853 rs1131824 78944590 1 -3.4696132426196967e-4 78944590 78944590 0
10 7330 rs10509325 72704144 1 3.4294681185433344e-4 72704144 72704144 0
10 8582 rs11198250 85108139 1 3.395640919161677e-4 85108139 85108139 0
10 546 rs10795093 3939728 1 3.3915006825616345e-4 3939728 3939728 0
10 9445 rs7085519 93643195 2 3.3895529237918786e-4 93643195 93643195 0
10 13285 rs7085243 129803120 2 3.3890342326022444e-4 129803120 129803120 0
10 716 rs1937923 5159883 1 -3.386024758054307e-4 5159883 5159883 0
10 12054 rs6585474 119943660 1 3.363095061253866e-4 119943660 119943660 0
10 9703 rs12766693 96058730 1 3.34365434380942e-4 96058730 96058730 0
10 11160 rs2210723 110233497 1 3.3378314085057327e-4 110233497 110233497 0
10 1367 rs10905707 10321874 1 -3.3348126207593544e-4 10321874 10321874 0
10 12208 rs4751731 121243198 1 -3.314219119799776e-4 121243198 121243198 0
10 6228 rs2675607 63633467 1 -3.310618508216564e-4 63633467 63633467 0
10 3972 rs743107 34209459 2 3.3024245601237913e-4 34209459 34209459 0
10 2724 rs6482146 20994847 1 3.290269457636716e-4 20994847 20994847 0
10 8940 rs17320915 87968625 1 3.290140293387133e-4 87968625 87968625 0
10 12036 rs1936298 119641986 1 -3.269097506351983e-4 119641986 119641986 0
10 4746 rs7897333 49910210 1 3.2597581526498036e-4 49910210 49910210 0
10 247 rs12776254 2154862 2 -3.2278754948650653e-4 2154862 2154862 0
10 6665 rs10509245 67667884 1 3.2233593365682203e-4 67667884 67667884 0
10 8568 rs4628623 85034994 1 3.219067385080503e-4 85034994 85034994 0
10 11537 rs7901275 114732906 1 3.202076180358072e-4 114732906 114732906 0
10 10821 rs12250847 106933181 1 -3.178843489456941e-4 106933181 106933181 0
10 10484 rs11191055 103354182 1 -3.1712198625924735e-4 103354182 103354182 0
10 11002 rs4918280 108790758 1 3.167483059495547e-4 108790758 108790758 0
10 2948 rs11013962 24495586 1 3.155582963412551e-4 24495586 24495586 0
10 12572 rs7913140 124181137 1 -3.154101902781387e-4 124181137 124181137 0
10 7288 rs10999463 72431602 1 3.153709158674722e-4 72431602 72431602 0
10 7221 rs16927265 71849772 1 3.151379356929494e-4 71849772 71849772 0
10 7229 rs2271696 71874683 1 -3.1457371412045175e-4 71874683 71874683 0
10 9837 rs10882607 97274838 2 -3.1431312597631666e-4 97274838 97274838 0
10 9429 rs11597974 93360330 1 -3.140317980600688e-4 93360330 93360330 0
10 701 rs11252887 5065248 1 3.1400082405417656e-4 5065248 5065248 0
10 2517 rs7096907 19026841 1 -3.139955803533411e-4 19026841 19026841 0
10 10443 rs792724 102955557 1 3.135420558290887e-4 102955557 102955557 0
10 12844 rs3781409 126715629 1 3.123221061982921e-4 126715629 126715629 0
10 9089 rs10887766 89755075 1 3.0940676670198806e-4 89755075 89755075 0
10 13338 rs10829379 130105852 1 3.0639073967375586e-4 130105852 130105852 0
10 1274 rs10490944 9143511 1 3.056413222597515e-4 9143511 9143511 0
10 7401 rs780692 73129458 1 -3.033242023370555e-4 73129458 73129458 0
10 12517 rs4752642 123846288 1 -3.0270209033627824e-4 123846288 123846288 0
10 9681 rs932764 95895940 1 3.005293811907036e-4 95895940 95895940 0
10 6799 rs1911343 68257630 1 2.9877136287147584e-4 68257630 68257630 0
10 7377 rs2894147 73000943 1 2.982989492231709e-4 73000943 73000943 0
10 9835 rs12247017 97270729 1 -2.9294078923153716e-4 97270729 97270729 0
10 10634 rs17737062 105269873 1 -2.918150899531808e-4 105269873 105269873 0
10 6646 rs10996742 67624255 1 2.9172334766100125e-4 67624255 67624255 0
10 6605 rs2800210 67193355 1 2.912853418838156e-4 67193355 67193355 0
10 6203 rs2248518 63511789 1 2.90528970571898e-4 63511789 63511789 0
10 8128 rs10740498 81147948 1 2.896361653841513e-4 81147948 81147948 0
10 912 rs947474 6390450 2 2.883743079234928e-4 6390450 6390450 0
10 11549 rs7914029 115010255 1 2.8786973818256255e-4 115010255 115010255 0
10 11249 rs10884798 111303358 1 2.875409533393617e-4 111303358 111303358 0
10 7733 rs12261071 77605724 1 -2.868963003502696e-4 77605724 77605724 0
10 12151 rs2271359 120864601 2 2.8611800841496217e-4 120864601 120864601 0
10 4510 rs535176 44747059 1 2.838618994311169e-4 44747059 44747059 0
10 1330 rs1926222 9761738 1 2.836427397596768e-4 9761738 9761738 0
10 4645 rs1982795 46041227 1 -2.8265179071707686e-4 46041227 46041227 0
10 2026 rs7099185 14864846 1 -2.8192117950722503e-4 14864846 14864846 0
10 8114 rs11002892 81011589 1 -2.8162187031120973e-4 81011589 81011589 0
10 11918 rs10510022 118285633 1 2.815944885067971e-4 118285633 118285633 0
10 7728 rs7899719 77448435 1 2.8105448163481074e-4 77448435 77448435 0
10 5107 rs2454564 53736306 2 2.796797463432569e-4 53736306 53736306 0
10 12009 rs181632 119364995 1 2.7939268450140336e-4 119364995 119364995 0
10 9045 rs11592638 89399224 1 -2.7815164621692267e-4 89399224 89399224 0
10 9991 rs11188795 98254309 1 2.7763968929464864e-4 98254309 98254309 0
10 10249 rs7098469 100741465 1 2.739647564396846e-4 100741465 100741465 0
10 3425 rs787110 29056223 1 -2.736889864594826e-4 29056223 29056223 0
10 8082 rs11002793 80801482 1 -2.7310594348258063e-4 80801482 80801482 0
10 7445 rs10823804 73380904 1 2.724055914895637e-4 73380904 73380904 0
10 6211 rs12247913 63576349 1 -2.7179512990037206e-4 63576349 63576349 0
10 3932 rs11009407 33786642 1 -2.7141151592358016e-4 33786642 33786642 0
10 2863 rs11013292 23400393 1 2.688852927159612e-4 23400393 23400393 0
10 12349 rs2997238 122494719 1 -2.6669156133629e-4 122494719 122494719 0
10 11539 rs7903146 114758349 1 -2.6642866364512646e-4 114758349 114758349 0
10 4094 rs946558 36035048 1 2.663290681263685e-4 36035048 36035048 0
10 12816 rs7088656 126324077 1 2.6503043678306705e-4 126324077 126324077 0
10 12121 rs4319431 120515182 1 -2.63490472997064e-4 120515182 120515182 0
10 9616 rs10882254 95270665 1 -2.6346349266416816e-4 95270665 95270665 0
10 7106 rs11596587 71113988 1 2.6157566692773814e-4 71113988 71113988 0
10 12444 rs7894494 123198136 1 2.614137853872674e-4 123198136 123198136 0
10 4975 rs7904833 52279428 1 -2.6118010369567235e-4 52279428 52279428 0
10 3760 rs11008620 32029264 1 2.604103480814709e-4 32029264 32029264 0
10 11273 rs17095355 111735750 1 -2.5892593063057577e-4 111735750 111735750 0
10 394 rs1909675 2990680 2 -2.5791897722897346e-4 2990680 2990680 0
10 12843 rs3781411 126715436 1 -2.559461748620371e-4 126715436 126715436 0
10 3041 rs16925917 25755263 1 -2.5555533251735076e-4 25755263 25755263 0
10 13853 rs1049951 135184126 1 -2.552861495477657e-4 135184126 135184126 0
10 2490 rs12784387 18804689 1 2.551296360630227e-4 18804689 18804689 0
10 10347 rs2490763 101645498 1 -2.5479700384129655e-4 101645498 101645498 0
10 12754 rs12411939 125996970 1 -2.546498843875973e-4 125996970 125996970 0
10 12476 rs4752582 123443605 1 -2.5441034894969867e-4 123443605 123443605 0
10 9195 rs7919067 90830160 1 -2.5409511710190746e-4 90830160 90830160 0
10 11934 rs12263233 118452921 2 -2.5344246595973346e-4 118452921 118452921 0
10 3469 rs7893339 29337888 1 2.5275110199165515e-4 29337888 29337888 0
10 6080 rs16915157 62346638 1 2.526998402260988e-4 62346638 62346638 0
10 11768 rs808275 116566550 1 -2.525997942164145e-4 116566550 116566550 0
10 7826 rs4980118 78715622 1 -2.524141277520778e-4 78715622 78715622 0
10 3486 rs495219 29466058 1 2.5195328285917436e-4 29466058 29466058 0
10 6645 rs10822661 67623011 1 -2.5151878969604087e-4 67623011 67623011 0
10 13600 rs7922997 132324968 1 2.506345396490623e-4 132324968 132324968 0
10 12045 rs7069291 119692335 1 2.495748928295362e-4 119692335 119692335 0
10 4282 rs11239627 42999636 1 -2.4660973863811265e-4 42999636 42999636 0
10 3284 rs10508727 28025771 1 -2.4655349226709264e-4 28025771 28025771 0
10 249 rs10903680 2173156 1 -2.458878196127778e-4 2173156 2173156 0
10 11909 rs1897515 118221256 2 -2.449229385330606e-4 118221256 118221256 0
10 3677 rs7077990 31038752 1 2.445442255024063e-4 31038752 31038752 0
10 5340 rs12783120 55539954 1 2.443555002721871e-4 55539954 55539954 0
10 9192 rs11202952 90825718 2 -2.4428198900149073e-4 90825718 90825718 0
10 4607 rs7080655 45503474 1 -2.4305208399341585e-4 45503474 45503474 0
10 481 rs964162 3535233 1 -2.4293045168980772e-4 3535233 3535233 0
10 4025 rs563507 34817988 1 2.404936835539947e-4 34817988 34817988 0
10 13543 rs766532 131991689 2 2.3977988045635224e-4 131991689 131991689 0
10 6237 rs10821937 63723909 1 2.39556200869438e-4 63723909 63723909 0
10 208 rs10160165 1973370 2 -2.3868792046351537e-4 1973370 1973370 0
10 9254 rs201927435 91404388 1 2.3854102355831656e-4 91404388 91404388 0
10 4378 rs41307500 43871158 1 2.3445949248464544e-4 43871158 43871158 0
10 3514 rs1054767 29774578 1 -2.3406340374236415e-4 29774578 29774578 0
10 7849 rs573712 78919640 1 2.3263204550963147e-4 78919640 78919640 0
10 1387 rs12572320 10566260 2 2.323056033709827e-4 10566260 10566260 0
10 104 rs10508209 1479049 1 2.321138808081204e-4 1479049 1479049 0
10 3602 rs2505083 30335122 1 2.3154590081928204e-4 30335122 30335122 0
10 8041 rs637446 80530708 1 -2.315094403825356e-4 80530708 80530708 0
10 5023 rs10508935 52866503 1 -2.312626693683915e-4 52866503 52866503 0
10 5899 rs284598 61060828 1 -2.3100388910036497e-4 61060828 61060828 0
10 9268 rs7079714 91611861 1 -2.30601103177529e-4 91611861 91611861 0
10 6304 rs4745856 64374948 1 -2.287653199880808e-4 64374948 64374948 0
10 12169 rs4752269 121037952 2 2.2800579825297867e-4 121037952 121037952 0
10 10469 rs17760556 103138615 1 -2.277799358693485e-4 103138615 103138615 0
10 1384 rs12571685 10564423 1 2.271303955964896e-4 10564423 10564423 0
10 12181 rs11198905 121153108 1 -2.253593412559406e-4 121153108 121153108 0
10 11398 rs10885117 113022555 1 2.239987102180123e-4 113022555 113022555 0
10 8702 rs11200933 85997105 1 -2.2387001174809635e-4 85997105 85997105 0
10 8403 rs2881607 83809837 1 2.234811371268733e-4 83809837 83809837 0
10 559 rs2031573 4001897 1 -2.232405507365978e-4 4001897 4001897 0
10 388 rs7923826 2983047 1 2.2269080812957592e-4 2983047 2983047 0
10 8292 rs10882439 82738570 1 2.217895356191846e-4 82738570 82738570 0
10 288 rs10794901 2351551 1 -2.191367707228184e-4 2351551 2351551 0
10 8598 rs7074730 85195261 1 2.1856957791336907e-4 85195261 85195261 0
10 7772 rs2758964 78079619 1 2.1844090345212976e-4 78079619 78079619 0
10 12712 rs1991396 125455123 1 2.180748057494069e-4 125455123 125455123 0
10 1553 rs17150863 11831111 1 -2.179377465622954e-4 11831111 11831111 0
10 29 rs9124 858022 2 2.174105110519318e-4 858022 858022 0
10 1945 rs17155248 14449211 1 2.1720148718608069e-4 14449211 14449211 0
10 4519 rs1159931 44806042 1 -2.1666059240341395e-4 44806042 44806042 0
10 2823 rs1326341 22908894 1 -2.14910065286998e-4 22908894 22908894 0
10 9569 rs10882215 95064137 2 -2.1453970217153348e-4 95064137 95064137 0
10 2233 rs2271462 16982061 1 -2.1396019325041143e-4 16982061 16982061 0
10 13707 rs4259751 133142938 1 2.1230358779344153e-4 133142938 133142938 0
10 3579 rs2989430 30194164 1 -2.10673870461454e-4 30194164 30194164 0
10 6853 rs4746638 68578970 1 2.0984005579655933e-4 68578970 68578970 0
10 3403 rs10826486 28950841 1 2.0964598735896597e-4 28950841 28950841 0
10 5903 rs1380558 61102036 1 2.0919897602410543e-4 61102036 61102036 0
10 9653 rs7098209 95475470 1 -2.0842188440410144e-4 95475470 95475470 0
10 8581 rs4329627 85106420 1 -2.080800648085484e-4 85106420 85106420 0
10 1018 rs12415884 7015440 1 -2.0728533397950275e-4 7015440 7015440 0
10 9185 rs7920305 90760225 1 -2.070705220360234e-4 90760225 90760225 0
10 2840 rs7091463 23110797 1 2.0537698983834216e-4 23110797 23110797 0
10 4042 rs4638261 35116998 1 -2.042679608804991e-4 35116998 35116998 0
10 8675 rs7474895 85844192 1 2.03933963779818e-4 85844192 85844192 0
10 86 rs4880802 1280409 1 -2.0122743797147848e-4 1280409 1280409 0
10 11368 rs7085088 112799928 1 1.9847488628971845e-4 112799928 112799928 0
10 12075 rs10886244 120192326 1 -1.9788687939954896e-4 120192326 120192326 0
10 2061 rs10906841 15203275 1 -1.9715503752576225e-4 15203275 15203275 0
10 1357 rs7090158 10136768 1 -1.967040427950046e-4 10136768 10136768 0
10 8562 rs10787673 84947472 1 -1.9649408825145697e-4 84947472 84947472 0
10 8916 rs7895100 87683328 1 1.9621943352050611e-4 87683328 87683328 0
10 5197 rs1000219 54442734 1 -1.9579578526638771e-4 54442734 54442734 0
10 11214 rs11194431 110918774 1 -1.9555459324571757e-4 110918774 110918774 0
10 12304 rs1929666 121983126 1 1.9475856272430547e-4 121983126 121983126 0
10 2885 rs12260319 23863296 1 1.9433422697125635e-4 23863296 23863296 0
10 7082 rs3781569 70941113 1 1.9342911667872268e-4 70941113 70941113 0
10 8596 rs11594838 85191870 1 -1.931312219587989e-4 85191870 85191870 0
10 10781 rs2451499 106632655 1 -1.9299326489674872e-4 106632655 106632655 0
10 10669 rs10786772 105610326 1 1.929760498636652e-4 105610326 105610326 0
10 2402 rs2488132 18329818 1 -1.9267833610279463e-4 18329818 18329818 0
10 12617 rs13353058 124750722 1 -1.9047622912278503e-4 124750722 124750722 0
10 10615 rs11191666 105127278 1 1.892103359812251e-4 105127278 105127278 0
10 6625 rs17808647 67478601 1 1.8895589287241677e-4 67478601 67478601 0
10 13070 rs6597823 128546740 2 1.8567026932853135e-4 128546740 128546740 0
10 4942 rs2842085 52068751 2 -1.8414651223022508e-4 52068751 52068751 0
10 2857 rs35798093 23250826 1 -1.8326149446491695e-4 23250826 23250826 0
10 2771 rs2279311 21463833 1 -1.8316476942823004e-4 21463833 21463833 0
10 923 rs11258747 6472891 1 1.822222191416813e-4 6472891 6472891 0
10 6458 rs2067653 65902327 1 -1.8174637519175407e-4 65902327 65902327 0
10 1476 rs10795839 10982646 1 -1.800388207326916e-4 10982646 10982646 0
10 4348 rs17432714 43526023 1 -1.7931385168268692e-4 43526023 43526023 0
10 9546 rs7070947 94967076 1 1.786896873350583e-4 94967076 94967076 0
10 7666 rs10824236 76527573 1 -1.785364051309315e-4 76527573 76527573 0
10 3215 rs12359281 27353007 1 -1.7651943854511988e-4 27353007 27353007 0
10 1478 rs6602471 10990421 1 1.7599353337160352e-4 10990421 10990421 0
10 4756 rs7072606 49933974 1 1.7561795530461954e-4 49933974 49933974 0
10 5886 rs12268935 60901336 1 -1.7481822153220407e-4 60901336 60901336 0
10 1378 rs1819232 10509715 1 1.7472397599581756e-4 10509715 10509715 0
10 11688 rs239865 115685187 1 1.7427725660440995e-4 115685187 115685187 0
10 9434 rs4933676 93367341 1 1.7410957129553644e-4 93367341 93367341 0
10 7614 rs11000645 75162263 2 1.7410090950492076e-4 75162263 75162263 0
10 12946 rs985461 127769545 2 1.7356419850158566e-4 127769545 127769545 0
10 7731 rs12242030 77529218 1 -1.7338132109830372e-4 77529218 77529218 0
10 8 rs4242758 426966 1 1.732816867458177e-4 426966 426966 0
10 3261 rs1908274 27906212 1 1.7250175189330183e-4 27906212 27906212 0
10 430 rs6901 3180227 1 1.722995074665937e-4 3180227 3180227 0
10 6560 rs950997 66992649 1 -1.7165957638169352e-4 66992649 66992649 0
10 9981 rs7083245 98221417 1 -1.7117158172651734e-4 98221417 98221417 0
10 1585 rs11257608 12269343 1 1.704146115212286e-4 12269343 12269343 0
10 9411 rs7098577 92937921 1 -1.7020851303117384e-4 92937921 92937921 0
10 8548 rs11197219 84847268 1 1.7010959926519562e-4 84847268 84847268 0
10 13129 rs11016829 129022223 1 1.691412229036489e-4 129022223 129022223 0
10 12986 rs6597750 127943038 1 -1.688343958170909e-4 127943038 127943038 0
10 13415 rs765934 130744348 1 -1.6875640407098806e-4 130744348 130744348 0
10 11626 rs7080536 115348046 1 1.686312115547008e-4 115348046 115348046 0
10 6013 rs6479700 61963759 1 1.6786798525697663e-4 61963759 61963759 0
10 4439 rs1408939 44427264 1 1.6766542903774907e-4 44427264 44427264 0
10 754 rs12570234 5382676 1 1.6672785595582264e-4 5382676 5382676 0
10 11679 rs10509985 115561171 1 1.6591606139606353e-4 115561171 115561171 0
10 12160 rs7912267 120900271 1 -1.650785159645006e-4 120900271 120900271 0
10 3300 rs12257232 28317101 1 1.639473323282496e-4 28317101 28317101 0
10 3057 rs7915074 25849998 1 1.615926376326168e-4 25849998 25849998 0
10 8379 rs6584400 83656526 1 -1.6156960703333595e-4 83656526 83656526 0
10 1071 rs7897216 7722848 1 1.615405542847085e-4 7722848 7722848 0
10 2109 rs7089517 15693659 1 -1.6077364301640516e-4 15693659 15693659 0
10 7844 rs2574784 78875741 1 1.6070941217409605e-4 78875741 78875741 0
10 5559 rs7086823 56937626 2 1.603670242840655e-4 56937626 56937626 0
10 6946 rs12355429 69285707 1 -1.6035023136625425e-4 69285707 69285707 0
10 11858 rs2530343 117851318 2 -1.595295105798989e-4 117851318 117851318 0
10 3970 rs12254866 34192113 1 -1.585191792790226e-4 34192113 34192113 0
10 9574 rs11187382 95077553 1 -1.5697651817767947e-4 95077553 95077553 0
10 2514 rs11593491 19025197 1 -1.5580052919039847e-4 19025197 19025197 0
10 2875 rs10828431 23623523 1 -1.5395436391053464e-4 23623523 23623523 0
10 3577 rs1929254 30186233 1 -1.537757975097297e-4 30186233 30186233 0
10 4590 rs10793562 45380472 1 -1.5311514496313703e-4 45380472 45380472 0
10 12994 rs4412676 127962700 1 -1.5231825031658734e-4 127962700 127962700 0
10 7026 rs7897986 70213168 1 -1.5227091698760667e-4 70213168 70213168 0
10 8685 rs11595894 85947294 2 1.5122699916419167e-4 85947294 85947294 0
10 10887 rs7072932 107425039 1 -1.5112665997768466e-4 107425039 107425039 0
10 3794 rs2104619 32561648 1 1.510906601575982e-4 32561648 32561648 0
10 6550 rs1397023 66956005 1 1.509223366757806e-4 66956005 66956005 0
10 10378 rs2230804 101977883 1 1.5082018000310755e-4 101977883 101977883 0
10 7291 rs10999467 72441228 1 -1.5041504519243312e-4 72441228 72441228 0
10 8599 rs11198735 85203737 1 1.501095993956744e-4 85203737 85203737 0
10 2363 rs1892338 17630620 2 -1.477499020786053e-4 17630620 17630620 0
10 8307 rs12414453 83006207 1 1.4694550259230086e-4 83006207 83006207 0
10 369 rs1334693 2828890 1 1.4623372589467557e-4 2828890 2828890 0
10 12627 rs7094941 124844651 1 -1.4583019480334718e-4 124844651 124844651 0
10 3274 rs7092214 27937752 1 1.4435655142378494e-4 27937752 27937752 0
10 8006 rs2019432 80312407 1 -1.435143873770044e-4 80312407 80312407 0
10 12182 rs11198906 121153291 1 -1.4331959271253009e-4 121153291 121153291 0
10 5982 rs10509116 61754080 1 1.418990784229409e-4 61754080 61754080 0
10 11278 rs7071509 111775849 1 1.4183887392278937e-4 111775849 111775849 0
10 3172 rs4749159 26789281 1 -1.414223727266534e-4 26789281 26789281 0
10 3489 rs1271994 29470176 1 -1.4136333430560754e-4 29470176 29470176 0
10 899 rs7092772 6306289 1 1.3921055723356923e-4 6306289 6306289 0
10 3012 rs10764514 25235781 1 -1.386115524328386e-4 25235781 25235781 0
10 5270 rs11003383 54860616 2 1.38302746071522e-4 54860616 54860616 0
10 5940 rs1171616 61468589 1 1.3768036216393656e-4 61468589 61468589 0
10 12025 rs1925283 119533345 1 -1.374148102221182e-4 119533345 119533345 0
10 6207 rs2448396 63529738 1 -1.368587213559559e-4 63529738 63529738 0
10 42 rs7920922 1028179 1 1.3677254436782177e-4 1028179 1028179 0
10 5815 rs2252080 59636838 1 1.3636280180084616e-4 59636838 59636838 0
10 1555 rs1998638 11873528 1 1.3605205151062756e-4 11873528 11873528 0
10 1515 rs4747894 11228833 1 -1.3536397760503116e-4 11228833 11228833 0
10 4383 rs12240317 44013866 1 1.3457690393950446e-4 44013866 44013866 0
10 12032 rs4751641 119587425 1 -1.335129752662907e-4 119587425 119587425 0
10 12769 rs7068637 126047857 1 -1.333603928478306e-4 126047857 126047857 0
10 4295 rs2473114 43183225 1 1.3275643081247357e-4 43183225 43183225 0
10 992 rs11254831 6913802 1 -1.322857673024936e-4 6913802 6913802 0
10 4374 rs2505516 43809825 1 1.3215285597301772e-4 43809825 43809825 0
10 4485 rs1994107 44652274 1 1.3200242945536462e-4 44652274 44652274 0
10 986 rs10458810 6863484 1 1.3166661888496103e-4 6863484 6863484 0
10 11664 rs3124738 115471773 1 -1.3106212404936723e-4 115471773 115471773 0
10 795 rs11259742 5647078 1 -1.2975520552428984e-4 5647078 5647078 0
10 6730 rs12256826 67974590 1 -1.2953178576882702e-4 67974590 67974590 0
10 1172 rs2646393 8576629 1 1.292084314497573e-4 8576629 8576629 0
10 7244 rs10999211 72012160 1 -1.2774654985991374e-4 72012160 72012160 0
10 6215 rs2588941 63588911 1 -1.2684125312805293e-4 63588911 63588911 0
10 11793 rs11197045 116828592 2 -1.2580456865565347e-4 116828592 116828592 0
10 285 rs10903740 2347825 1 -1.254475931389695e-4 2347825 2347825 0
10 9986 rs11188782 98236565 1 -1.2389681930160564e-4 98236565 98236565 0
10 12127 rs11596456 120572246 1 -1.2337147337569346e-4 120572246 120572246 0
10 6259 rs3125734 63958112 1 -1.2319866734837804e-4 63958112 63958112 0
10 8669 rs4933958 85821027 1 -1.2264070577376252e-4 85821027 85821027 0
10 2575 rs4433484 19689148 1 -1.2235411952520088e-4 19689148 19689148 0
10 3071 rs3802512 25890341 1 -1.22233502220203e-4 25890341 25890341 0
10 9897 rs3181115 97628170 1 -1.2111796126882746e-4 97628170 97628170 0
10 6348 rs10995356 64655913 1 1.200440119230586e-4 64655913 64655913 0
10 7092 rs10823320 70987060 1 -1.1877750911542612e-4 70987060 70987060 0
10 12215 rs7100441 121266607 2 1.1779208997578572e-4 121266607 121266607 0
10 12513 rs2459093 123818827 1 -1.1735558646928616e-4 123818827 123818827 0
10 1574 rs3740015 12131081 1 1.1704764715508292e-4 12131081 12131081 0
10 8749 rs7071304 86341766 1 -1.1700520252469636e-4 86341766 86341766 0
10 2192 rs2298126 16558985 1 1.1695445747390712e-4 16558985 16558985 0
10 9537 rs10882168 94929434 1 -1.1664606153461018e-4 94929434 94929434 0
10 4920 rs1258192 50994547 1 1.1632222633453084e-4 50994547 50994547 0
10 6963 rs7896711 69430998 1 1.1589394595998962e-4 69430998 69430998 0
10 1840 rs1343005 13968186 1 -1.1558273685097476e-4 13968186 13968186 0
10 244 rs1333203 2131912 2 1.1496265737466824e-4 2131912 2131912 0
10 6181 rs10994850 63407186 1 -1.1465902170064492e-4 63407186 63407186 0
10 11665 rs11196449 115480582 1 1.1430143710800004e-4 115480582 115480582 0
10 1232 rs12248916 8866290 1 -1.140301494062767e-4 8866290 8866290 0
10 4805 rs41283291 50121760 1 1.1265144825421104e-4 50121760 50121760 0
10 4166 rs2891552 36725466 1 -1.1228271536147249e-4 36725466 36725466 0
10 2259 rs7079269 17013295 1 1.1213375304484156e-4 17013295 17013295 0
10 461 rs7090790 3416737 2 1.1144644416998884e-4 3416737 3416737 0
10 11271 rs975442 111705895 1 -1.1081051280082718e-4 111705895 111705895 0
10 10144 rs2225693 99837301 1 1.0878212087650622e-4 99837301 99837301 0
10 11349 rs7919389 112606495 1 -1.0850584868793732e-4 112606495 112606495 0
10 11103 rs11193752 109624420 2 1.0768727725778578e-4 109624420 109624420 0
10 7814 rs846646 78515883 1 1.0632999432298456e-4 78515883 78515883 0
10 12152 rs11198781 120874259 2 1.06217922070401e-4 120874259 120874259 0
10 2976 rs7090837 24806631 1 1.0478996085853284e-4 24806631 24806631 0
10 11614 rs4918844 115319711 1 1.04040991029034e-4 115319711 115319711 0
10 956 rs11253853 6699236 1 1.0310107595983776e-4 6699236 6699236 0
10 10755 rs17185757 106529451 1 -1.024806860983701e-4 106529451 106529451 0
10 11831 rs11197430 117505905 1 -1.0139455372697546e-4 117505905 117505905 0
10 9735 rs4244285 96541616 1 -1.0116369842060292e-4 96541616 96541616 0
10 4252 rs2224371 37879010 1 -1.0109184279608158e-4 37879010 37879010 0
10 10114 rs4519024 99366769 1 1.002024239463634e-4 99366769 99366769 0
10 1995 rs11259266 14722720 1 1.0014053424713034e-4 14722720 14722720 0
10 6642 rs4379724 67618247 1 -1.0012200424691764e-4 67618247 67618247 0
10 4286 rs3758512 43019233 1 -9.978561000730916e-5 43019233 43019233 0
10 587 rs4881282 4135785 1 9.70547799501374e-5 4135785 4135785 0
10 524 rs7078384 3775054 1 9.690124549116964e-5 3775054 3775054 0
10 3516 rs1247696 29822032 1 -9.595945865180591e-5 29822032 29822032 0
10 13850 rs41317288 135010635 1 9.572069130816638e-5 135010635 135010635 0
10 2160 rs1413706 16347602 1 9.501616013084336e-5 16347602 16347602 0
10 8967 rs1863826 88141534 1 9.457673773331764e-5 88141534 88141534 0
10 6040 rs7895653 62143348 1 9.421936175453888e-5 62143348 62143348 0
10 13679 rs12416478 132846150 1 9.366748514065268e-5 132846150 132846150 0
10 4639 rs10900221 45988597 1 -9.3544651401421e-5 45988597 45988597 0
10 11552 rs12219131 115038675 1 -9.2245564788192e-5 115038675 115038675 0
10 12949 rs3781031 127783034 1 9.212623624766462e-5 127783034 127783034 0
10 7896 rs17412609 79239107 2 -9.12971205012006e-5 79239107 79239107 0
10 12564 rs12571218 124147588 1 -9.112767467916338e-5 124147588 124147588 0
10 1693 rs1475610 12979699 1 9.07255148768575e-5 12979699 12979699 0
10 13826 rs1133400 134459388 1 9.071193190580432e-5 134459388 134459388 0
10 12441 rs10788178 123184875 1 9.056642172200312e-5 123184875 123184875 0
10 6231 rs7091928 63655873 1 -8.960645781811246e-5 63655873 63655873 0
10 10361 rs4919418 101792441 1 8.959867167321784e-5 101792441 101792441 0
10 13860 rs1590821 135301270 1 8.78372926631e-5 135301270 135301270 0
10 3978 rs1740713 34289996 1 -8.76679590565445e-5 34289996 34289996 0
10 2670 rs1332551 20676808 2 8.719052677217981e-5 20676808 20676808 0
10 9322 rs10748546 92137272 1 8.681382520970711e-5 92137272 92137272 0
10 6591 rs1948853 67096744 1 8.672091557766003e-5 67096744 67096744 0
10 9390 rs7096430 92764460 1 8.662125435510951e-5 92764460 92764460 0
10 2401 rs2497789 18327731 1 8.628116970289599e-5 18327731 18327731 0
10 3824 rs2990986 32832214 1 -8.541430916489497e-5 32832214 32832214 0
10 2483 rs7893279 18745105 1 8.512113595858224e-5 18745105 18745105 0
10 11746 rs1333689 116390475 1 8.440008842415139e-5 116390475 116390475 0
10 11268 rs944968 111662938 1 8.415419905132255e-5 111662938 111662938 0
10 13835 rs7914850 134682058 1 8.283824625664417e-5 134682058 134682058 0
10 4012 rs17558405 34677699 2 8.200328304287297e-5 34677699 34677699 0
10 6687 rs6480128 67783133 1 -8.119642554402259e-5 67783133 67783133 0
10 13371 rs9804350 130248440 1 8.080499685617953e-5 130248440 130248440 0
10 3058 rs1414040 25853401 1 7.890464476980446e-5 25853401 25853401 0
10 5840 rs7073090 59943234 1 -7.85110438039603e-5 59943234 59943234 0
10 12013 rs855994 119407615 1 -7.813300610776577e-5 119407615 119407615 0
10 252 rs2095159 2197103 1 7.742409731643243e-5 2197103 2197103 0
10 8063 rs7907048 80687569 1 -7.737952676489076e-5 80687569 80687569 0
10 12826 rs4962696 126445630 1 7.617690760015413e-5 126445630 126445630 0
10 8461 rs7069578 84179887 1 7.606948708438313e-5 84179887 84179887 0
10 3501 rs11007522 29602336 2 -7.598528792658509e-5 29602336 29602336 0
10 1105 rs565371 8218069 1 7.589831828091501e-5 8218069 8218069 0
10 12515 rs11200385 123842523 1 -7.469831544561747e-5 123842523 123842523 0
10 9567 rs12767227 95051926 1 -7.444099565095987e-5 95051926 95051926 0
10 13438 rs10829565 130859801 1 -7.383612179514118e-5 130859801 130859801 0
10 3143 rs10828962 26480204 1 7.383432200684308e-5 26480204 26480204 0
10 2381 rs2764804 17754812 1 -7.361374859405731e-5 17754812 17754812 0
10 3017 rs7922657 25340998 1 -7.351374448928465e-5 25340998 25340998 0
10 6104 rs12266720 62638036 1 7.206851912960329e-5 62638036 62638036 0
10 8700 rs3814209 85992511 1 7.084403939971159e-5 85992511 85992511 0
10 7059 rs12266239 70638921 1 -7.08191215189764e-5 70638921 70638921 0
10 4107 rs771872 36253686 1 -7.066742335637739e-5 36253686 36253686 0
10 4220 rs1852491 37254098 1 7.014414343488175e-5 37254098 37254098 0
10 1692 rs12254466 12979679 1 -6.985058240388523e-5 12979679 12979679 0
10 8690 rs10749482 85972043 1 6.970148951595238e-5 85972043 85972043 0
10 6131 rs4948276 63155577 1 -6.939124791751544e-5 63155577 63155577 0
10 8264 rs7896067 82478836 1 6.915518360854513e-5 82478836 82478836 0
10 10059 rs793529 99004171 1 6.825364390327041e-5 99004171 99004171 0
10 1115 rs1538512 8255232 1 6.775269767868048e-5 8255232 8255232 0
10 7 rs12245012 423555 1 -6.670856001402895e-5 423555 423555 0
10 315 rs2458713 2530583 1 -6.66184894923519e-5 2530583 2530583 0
10 3546 rs10826682 30014073 1 6.63631480819495e-5 30014073 30014073 0
10 13755 rs12219278 133325470 1 -6.616881194845488e-5 133325470 133325470 0
10 11561 rs564782 115113013 1 6.584534200396863e-5 115113013 115113013 0
10 12690 rs1767106 125302062 1 6.544769597525122e-5 125302062 125302062 0
10 1784 rs4750379 13588521 1 6.538534572767342e-5 13588521 13588521 0
10 13865 rs6537609 135323084 1 6.537837674474254e-5 135323084 135323084 0
10 4343 rs3123728 43483971 1 6.52289541229115e-5 43483971 43483971 0
10 3318 rs11006885 28410989 1 -6.505457441616958e-5 28410989 28410989 0
10 12710 rs1878166 125447705 1 6.430113417868065e-5 125447705 125447705 0
10 5259 rs7074652 54770299 1 -6.359657575051583e-5 54770299 54770299 0
10 7810 rs2395428 78463810 1 6.228170478588277e-5 78463810 78463810 0
10 7743 rs877531 77649224 1 -6.220532116139153e-5 77649224 77649224 0
10 2599 rs7906876 19920934 1 6.132799491902804e-5 19920934 19920934 0
10 13842 rs12781609 134748331 1 -6.0005570061704905e-5 134748331 134748331 0
10 13043 rs4962587 128372997 1 5.822864485906823e-5 128372997 128372997 0
10 9971 rs7919721 98158494 1 5.76006442882751e-5 98158494 98158494 0
10 8122 rs12245462 81090350 1 5.556961290011475e-5 81090350 81090350 0
10 4274 rs4949008 42884169 1 5.553292204486972e-5 42884169 42884169 0
10 7809 rs2395423 78457990 2 5.509274532357975e-5 78457990 78457990 0
10 12827 rs7097254 126512248 1 -5.398114096752739e-5 126512248 126512248 0
10 13700 rs2918142 132992902 1 5.386929727828215e-5 132992902 132992902 0
10 6020 rs1340654 61998060 2 5.372274570350391e-5 61998060 61998060 0
10 4113 rs11010375 36328422 2 -5.3514750915292325e-5 36328422 36328422 0
10 535 rs11252118 3860167 1 5.280359525373971e-5 3860167 3860167 0
10 1048 rs2245658 7526447 1 5.2783060633524026e-5 7526447 7526447 0
10 4254 rs10508859 37908884 1 5.259294132928313e-5 37908884 37908884 0
10 6325 rs224108 64549611 1 5.1808844262007306e-5 64549611 64549611 0
10 3701 rs17229725 31216112 1 5.149193986311836e-5 31216112 31216112 0
10 6364 rs10509178 64725655 1 5.139614671783202e-5 64725655 64725655 0
10 13349 rs12777793 130124320 1 5.031153508279258e-5 130124320 130124320 0
10 13589 rs372813 132241197 1 5.018681246501444e-5 132241197 132241197 0
10 12423 rs9630106 123044383 1 -5.012796257341673e-5 123044383 123044383 0
10 9433 rs4329592 93366275 1 4.989134173170439e-5 93366275 93366275 0
10 10714 rs1981101 106147824 1 4.926404069392036e-5 106147824 106147824 0
10 6972 rs6480302 69816948 1 4.8794400568513866e-5 69816948 69816948 0
10 3141 rs1999240 26463130 1 4.837305661163005e-5 26463130 26463130 0
10 2971 rs3858220 24706471 1 -4.796734281770611e-5 24706471 24706471 0
10 9169 rs10887866 90671750 2 -4.764370864630721e-5 90671750 90671750 0
10 12101 rs1247157 120383625 1 -4.714557405428822e-5 120383625 120383625 0
10 9193 rs1937332 90826779 2 -4.6755795447601385e-5 90826779 90826779 0
10 4554 rs10900058 45026907 1 4.6673274090962646e-5 45026907 45026907 0
10 2937 rs10764445 24302480 1 4.6247758485800093e-5 24302480 24302480 0
10 12080 rs12220340 120214924 1 -4.603130078729605e-5 120214924 120214924 0
10 4268 rs176885 38402789 1 -4.594851816945254e-5 38402789 38402789 0
10 4931 rs3739979 52002980 2 4.582687483259678e-5 52002980 52002980 0
10 2280 rs9665553 17104173 1 -4.488204679130831e-5 17104173 17104173 0
10 10913 rs17119903 107725810 1 4.337991347011115e-5 107725810 107725810 0
10 11961 rs7088180 118917671 1 4.323229686457912e-5 118917671 118917671 0
10 12862 rs10510141 126818270 1 -4.295563849161502e-5 126818270 126818270 0
10 1081 rs2802460 7829037 1 4.290584924582409e-5 7829037 7829037 0
10 897 rs11257472 6277661 1 4.23423526103238e-5 6277661 6277661 0
10 2126 rs12262809 15835277 1 4.117840234504675e-5 15835277 15835277 0
10 6010 rs10821697 61939786 1 4.0101474052462975e-5 61939786 61939786 0
10 8606 rs10128261 85312966 1 3.997572343568974e-5 85312966 85312966 0
10 1927 rs11259022 14385164 1 3.9718802839749835e-5 14385164 14385164 0
10 8561 rs10509471 84947422 1 3.942347546338811e-5 84947422 84947422 0
10 1230 rs2991819 8854338 1 3.93879559012992e-5 8854338 8854338 0
10 5138 rs11594206 53871455 1 -3.915693864632211e-5 53871455 53871455 0
10 5719 rs12769674 58602006 1 -3.8208593975529024e-5 58602006 58602006 0
10 8294 rs2345221 82746127 1 3.7147314757325945e-5 82746127 82746127 0
10 2936 rs10764444 24300721 2 -3.6720514516858854e-5 24300721 24300721 0
10 7025 rs7905556 70197519 1 3.668583616608015e-5 70197519 70197519 0
10 7091 rs145939161 70987024 2 3.611321080990778e-5 70987024 70987024 0
10 6985 rs4300300 69947648 1 -3.586743734910919e-5 69947648 69947648 0
10 9612 rs1105340 95233856 1 -3.5609234726620096e-5 95233856 95233856 0
10 12100 rs1247158 120382875 1 3.3458631298372414e-5 120382875 120382875 0
10 9442 rs7072165 93565641 1 -3.325470177610875e-5 93565641 93565641 0
10 7482 rs3747869 73520632 2 -3.262153021789816e-5 73520632 73520632 0
10 11163 rs12242854 110259916 1 3.2594226368089936e-5 110259916 110259916 0
10 245 rs7096214 2134606 1 3.239021102386276e-5 2134606 2134606 0
10 8937 rs7912161 87923404 1 -3.228779843090222e-5 87923404 87923404 0
10 12364 rs3011373 122557286 1 3.208988442568214e-5 122557286 122557286 0
10 7428 rs7901112 73241440 1 3.207082953351903e-5 73241440 73241440 0
10 7710 rs1149713 77046740 1 -2.9667420230499953e-5 77046740 77046740 0
10 5039 rs2339710 53048551 1 -2.925053724350364e-5 53048551 53048551 0
10 10612 rs6584547 105065409 1 2.9043968360135984e-5 105065409 105065409 0
10 12941 rs11813508 127742994 2 2.903138286616652e-5 127742994 127742994 0
10 5833 rs1698425 59836753 1 2.8859602655905946e-5 59836753 59836753 0
10 5677 rs10509055 58472467 1 2.8407235091597076e-5 58472467 58472467 0
10 327 rs2388257 2584073 1 2.7146696559060913e-5 2584073 2584073 0
10 9164 rs7911566 90633056 1 2.6358465065937272e-5 90633056 90633056 0
10 5028 rs1904699 52909710 1 2.621108451989928e-5 52909710 52909710 0
10 12327 rs2463147 122215377 1 -2.605371978260165e-5 122215377 122215377 0
10 9985 rs2025453 98231449 1 -2.578614183089194e-5 98231449 98231449 0
10 13337 rs7914524 130104867 1 2.5279839806101664e-5 130104867 130104867 0
10 8372 rs10786676 83555806 1 2.485212385397977e-5 83555806 83555806 0
10 13362 rs11016227 130194517 1 -2.4639441660561367e-5 130194517 130194517 0
10 13756 rs10741259 133328670 1 -2.41652844890082e-5 133328670 133328670 0
10 637 rs7098007 4615355 1 -2.2987473047248307e-5 4615355 4615355 0
10 2930 rs12782619 24274773 1 -2.276871205334604e-5 24274773 24274773 0
10 13887 rs12257368 135370005 1 -2.2205642628654156e-5 135370005 135370005 0
10 11916 rs10787704 118278528 1 2.1677637883213463e-5 118278528 118278528 0
10 4788 rs2620905 50051011 1 -2.044345478821269e-5 50051011 50051011 0
10 10953 rs12262411 108244976 1 2.02447889672661e-5 108244976 108244976 0
10 11276 rs12569425 111758177 1 2.0037621352565325e-5 111758177 111758177 0
10 9441 rs11599407 93527604 1 -1.9992302477248148e-5 93527604 93527604 0
10 1745 rs2399955 13277571 1 -1.9559004685568628e-5 13277571 13277571 0
10 9931 rs10882731 97927958 1 -1.929071015893697e-5 97927958 97927958 0
10 2015 rs12244530 14793995 1 -1.917892067060054e-5 14793995 14793995 0
10 10933 rs1405043 108149479 1 -1.7623328824234836e-5 108149479 108149479 0
10 11540 rs4132670 114767771 1 -1.717168229154734e-5 114767771 114767771 0
10 5525 rs12415187 56619339 1 1.698901980244651e-5 56619339 56619339 0
10 3572 rs11812527 30126537 1 1.6668545994170547e-5 30126537 30126537 0
10 6954 rs10997727 69329472 1 -1.607697193754836e-5 69329472 69329472 0
10 5308 rs10825023 55199473 1 1.592513199243775e-5 55199473 55199473 0
10 4345 rs947699 43493897 1 1.5822781890310783e-5 43493897 43493897 0
10 10509 rs74501892 103938339 1 1.4863627688860168e-5 103938339 103938339 0
10 836 rs907689 5900973 1 -1.4771828150316023e-5 5900973 5900973 0
10 1563 rs3740025 11979002 1 1.4226221294895466e-5 11979002 11979002 0
10 8558 rs7090676 84944713 1 1.3634615778266236e-5 84944713 84944713 0
10 187 rs12354635 1934824 1 1.2896097568780044e-5 1934824 1934824 0
10 6740 rs4745895 67998370 1 1.236658624354674e-5 67998370 67998370 0
10 10957 rs6584753 108268806 1 -1.212937184382645e-5 108268806 108268806 0
10 929 rs636819 6499606 1 1.1911718601447276e-5 6499606 6499606 0
10 1328 rs10905597 9677810 1 1.1639370227927491e-5 9677810 9677810 0
10 4723 rs1838579 49767546 1 1.086289105909922e-5 49767546 49767546 0
10 8789 rs2498013 86552725 1 1.0777533101687278e-5 86552725 86552725 0
10 10563 rs1004467 104594507 1 1.05670085212871e-5 104594507 104594507 0
10 9010 rs1885932 88906925 1 9.655277637247244e-6 88906925 88906925 0
10 12094 rs17097793 120305542 1 -9.13328358001384e-6 120305542 120305542 0
10 2674 rs10828055 20747422 1 -8.929977959493438e-6 20747422 20747422 0
10 1741 rs35114749 13230915 1 8.658700276838152e-6 13230915 13230915 0
10 6242 rs11593907 63786554 2 -8.336206787454303e-6 63786554 63786554 0
10 9121 rs7069053 89886204 2 8.149738866195704e-6 89886204 89886204 0
10 1027 rs2247498 7193364 1 -7.550546631046553e-6 7193364 7193364 0
10 4724 rs2120910 49768432 2 -6.808512361405304e-6 49768432 49768432 0
10 3529 rs2505903 29892296 1 6.376997418217126e-6 29892296 29892296 0
10 2163 rs2130227 16378864 1 6.274763525726823e-6 16378864 16378864 0
10 2382 rs12221 17756596 1 6.06724935946223e-6 17756596 17756596 0
10 11498 rs1926564 114139896 1 5.553774097677825e-6 114139896 114139896 0
10 11853 rs180647 117767037 1 -3.6862036739341503e-6 117767037 117767037 0
10 9520 rs2068888 94839642 2 3.1319753406773847e-6 94839642 94839642 0
10 7147 rs2616131 71469397 1 -3.10601852790759e-6 71469397 71469397 0
10 9044 rs1324299 89393463 1 2.1467563961984418e-6 89393463 89393463 0
10 4573 rs7097094 45210690 1 -1.6217239588682722e-6 45210690 45210690 0
10 13445 rs2167743 130889679 1 -1.3816162404970534e-6 130889679 130889679 0
10 11968 rs2803827 118968222 1 1.1359332459844956e-6 118968222 118968222 0
10 8244 rs10881799 82349698 1 1.3316906515090418e-15 82349698 82349698 0
10 939 rs574521 6556854 1 3.830504020344574e-16 6556854 6556854 0
10 4086 rs2474755 35874895 1 3.4606908864093676e-16 35874895 35874895 0
10 8293 rs10882440 82738613 1 3.379937053912482e-16 82738613 82738613 0
10 8162 rs10887432 81812036 1 2.637238212248961e-16 81812036 81812036 0
10 11277 rs7069128 111760075 1 2.0036239465356271e-16 111760075 111760075 0
10 7960 rs1249148 79980813 1 1.998405825045603e-16 79980813 79980813 0
10 11269 rs7078789 111664595 1 1.5241588281006843e-16 111664595 111664595 0
10 3060 rs7911256 25856676 1 4.1375247517570785e-17 25856676 25856676 0
10 9494 rs10882088 94368588 1 4.122643207987344e-17 94368588 94368588 0
