CHR Group SNP.lead BP.lead Size W BP.min BP.max BP.width
6 5877 rs12529318 32434314 2 0.13139559426007635 32434314 32434314 0
6 5881 rs660895 32577380 2 0.12720129091512317 32577380 32577380 0
6 5889 rs7774434 32657578 1 0.08464504545031014 32657578 32657578 0
6 6342 rs9277489 33053942 1 0.07584342375450466 33053942 33053942 0
6 6353 rs2281389 33059796 2 0.0725629205619027 33059796 33059796 0
6 5101 rs2523544 31333562 1 0.06735871881679167 31333562 31333562 0
6 6432 rs2229784 33136310 1 -0.05741130628831829 33136310 33136310 0
6 6318 rs2308931 33036950 1 0.05277715316673065 33036950 33036950 0
6 4815 rs2233976 31079994 2 -0.04983822863478346 31079994 31079994 0
6 5903 rs3135006 32667119 1 0.04035171156369534 32667119 32667119 0
6 4813 rs1265054 31079643 1 -0.03708433802600617 31079643 31079643 0
6 5409 rs915653 31657047 1 0.03647841917974268 31657047 31657047 0
6 6971 rs9357239 37060809 1 0.03412804293450734 37060809 37060809 0
6 5092 rs2523608 31322559 1 0.03155014704758422 31322559 31322559 0
6 11216 rs9449802 84853623 1 -0.02699024888804604 84853623 84853623 0
6 16118 rs6912539 137108757 1 0.02684097296387482 137108757 137108757 0
6 7508 rs16894733 41460739 1 0.02597989604322137 41460739 41460739 0
6 15319 rs7738609 128295502 2 0.02551381327832059 128295502 128295502 0
6 16210 rs6920220 138006504 2 0.02538237149711497 138006504 138006504 0
6 3448 rs200486 27779506 2 -0.02535571354200117 27779506 27779506 0
6 15693 rs4897553 132234136 1 -0.02500048891145603 132234136 132234136 0
6 4824 rs3130553 31082285 1 0.02495833842830405 31082285 31082285 0
6 7791 rs660953 44645943 1 0.02478037528621281 44645943 44645943 0
6 6117 rs9357155 32809848 1 0.02470746130582853 32809848 32809848 0
6 1580 rs12529514 14096658 2 0.02413843982809765 14096658 14096658 0
6 2040 rs9297068 18353562 2 -0.02410645197096914 18353562 18353562 0
6 7646 rs3805931 43089429 1 0.02333750846432405 43089429 43089429 0
6 5647 rs1475961 32194609 1 0.02318370444974718 32194609 32194609 0
6 10712 rs10943608 79674929 1 0.02233370295102484 79674929 79674929 0
6 6425 rs3130161 33125858 1 0.02223985873043962 33125858 33125858 0
6 297 rs2165125 2934641 1 0.02205061307110667 2934641 2934641 0
6 7422 rs10807248 40844002 2 -0.02183771394096189 40844002 40844002 0
6 13324 rs535490 106564434 2 0.02178938619334267 106564434 106564434 0
6 6382 rs3117016 33095516 1 0.02063644219023517 33095516 33095516 0
6 18761 rs1893895 162440687 1 0.02006089584833845 162440687 162440687 0
6 7553 rs12208813 42025318 2 0.01956770662927209 42025318 42025318 0
6 17960 rs1293928 154640746 1 0.01951867421567775 154640746 154640746 0
6 17397 rs11963544 150549998 1 0.01946800688461619 150549998 150549998 0
6 1792 rs6933491 16268408 2 0.01906155213405712 16268408 16268408 0
6 6043 rs2071473 32782605 1 0.01903388420088438 32782605 32782605 0
6 11816 rs4707557 90362783 2 -0.01903132418192701 90362783 90362783 0
6 5229 rs4413654 31441349 1 0.0188398427599173 31441349 31441349 0
6 19497 rs3093024 167532793 2 -0.01871557719019659 167532793 167532793 0
6 16203 rs2327832 137973068 1 0.01846409814231446 137973068 137973068 0
6 16138 rs17066096 137452908 1 0.01833766138885735 137452908 137452908 0
6 8938 rs4715555 55448610 1 -0.01798132548197289 55448610 55448610 0
6 6287 rs423639 32987774 1 0.017499860417738 32987774 32987774 0
6 19074 rs206704 164528619 1 0.01747458171331853 164528619 164528619 0
6 6903 rs6457940 36663357 1 0.01702808686095149 36663357 36663357 0
6 11555 rs16878151 87730855 1 -0.01692368901247034 87730855 87730855 0
6 824 rs9406039 7528113 1 -0.01690200698218007 7528113 7528113 0
6 1827 rs236968 16583147 1 0.01676727328728802 16583147 16583147 0
6 710 rs9405920 6397716 1 0.01661925766740344 6397716 6397716 0
6 7266 rs1328388 39379854 1 0.01658397476250362 39379854 39379854 0
6 15656 rs7759504 132066501 1 -0.01639417688004861 132066501 132066501 0
6 2267 rs2457345 20089466 1 0.01604676990733871 20089466 20089466 0
6 7882 rs2179994 45991569 1 0.01604367536471006 45991569 45991569 0
6 11147 rs2149537 83698770 1 -0.0158025020684976 83698770 83698770 0
6 648 rs9405895 6042930 2 -0.01571912428500794 6042930 6042930 0
6 11063 rs4292570 82763865 1 -0.01550724299321542 82763865 82763865 0
6 17845 rs687508 153406657 1 0.01521522308496725 153406657 153406657 0
6 13332 rs9320151 106583964 1 0.01517634816348454 106583964 106583964 0
6 19338 rs10946116 166480503 2 -0.01482569840200835 166480503 166480503 0
6 3017 rs6940230 25247120 2 0.01481146058689853 25247120 25247120 0
6 16073 rs9376124 135979220 1 0.01469849402210768 135979220 135979220 0
6 16231 rs643177 138195693 2 -0.01466605996070755 138195693 138195693 0
6 5885 rs17212090 32650809 2 0.01458745147627044 32650809 32650809 0
6 9741 rs1321980 70003609 1 0.01451010748047765 70003609 70003609 0
6 15250 rs719727 127414838 1 0.01439678843199364 127414838 127414838 0
6 11494 rs6919366 87113172 1 0.01433966469242416 87113172 87113172 0
6 11095 rs9449501 83284573 2 0.01431867564335179 83284573 83284573 0
6 11156 rs9449593 83932731 2 0.0142595648507693 83932731 83932731 0
6 2603 rs10485010 22600492 2 0.01411616057106605 22600492 22600492 0
6 2900 rs116354434 24473399 1 -0.01391480859154501 24473399 24473399 0
6 6827 rs9368895 35913096 1 0.01388633158272959 35913096 35913096 0
6 13814 rs9384814 112207195 1 0.01376230749314993 112207195 112207195 0
6 15013 rs7749215 123869906 1 0.01365059336531162 123869906 123869906 0
6 6385 rs3130235 33097382 1 0.01360121855482673 33097382 33097382 0
6 2482 rs1322884 21753645 1 -0.01353905805566296 21753645 21753645 0
6 10411 rs9343469 77288517 2 -0.01348240371042693 77288517 77288517 0
6 7460 rs2803492 41191221 1 -0.01346145552701161 41191221 41191221 0
6 5652 rs495089 32197463 1 -0.0134021021087117 32197463 32197463 0
6 17278 rs6570947 149469655 2 0.01320755974574944 149469655 149469655 0
6 2381 rs11967068 20841593 1 -0.01313071201143305 20841593 20841593 0
6 15051 rs4310075 124332238 2 0.0130490890584372 124332238 124332238 0
6 11260 rs6935503 85234404 1 0.01299896685483166 85234404 85234404 0
6 16673 rs2128977 143846791 2 0.01297953040195013 143846791 143846791 0
6 11613 rs2307389 88318883 1 0.01287171421060333 88318883 88318883 0
6 12000 rs10944534 91994620 1 0.01284201124216492 91994620 91994620 0
6 11885 rs370409 90921740 1 0.01281314018150313 90921740 90921740 0
6 14519 rs12195334 119407563 1 -0.01255254485507131 119407563 119407563 0
6 10173 rs2073465 74229792 1 0.01250413734648164 74229792 74229792 0
6 8683 rs991286 54166054 1 0.01239037783172651 54166054 54166054 0
6 5608 rs2071292 32155948 2 -0.01193851626155591 32155948 32155948 0
6 6315 rs1054025 33035771 1 0.01184437286652663 33035771 33035771 0
6 17841 rs9479504 153404825 1 -0.01180823176139594 153404825 153404825 0
6 18990 rs9347738 163769090 1 0.01180321861804017 163769090 163769090 0
6 1825 rs236954 16570089 1 0.01176882086886704 16570089 16570089 0
6 13305 rs7766016 106282402 1 -0.01175763908764646 106282402 106282402 0
6 15834 rs11154704 133243910 1 -0.01175474169430037 133243910 133243910 0
6 1980 rs9297052 17919563 1 -0.01167580765612928 17919563 17919563 0
6 10389 rs6900948 76876104 1 0.01161366476213284 76876104 76876104 0
6 16373 rs632057 139834012 1 -0.01153838566282375 139834012 139834012 0
6 9407 rs9453597 66826432 1 0.01147889373555183 66826432 66826432 0
6 11840 rs9362681 90476452 1 0.01141831854109049 90476452 90476452 0
6 11776 rs2236204 90025112 2 0.01131639252828 90025112 90025112 0
6 6663 rs4713755 34135235 2 0.01124956812770606 34135235 34135235 0
6 1342 rs9470631 11976739 1 -0.01122504843133356 11976739 11976739 0
6 12238 rs1492964 94031097 1 0.01107047818468318 94031097 94031097 0
6 7875 rs3777594 45933157 2 0.01104776440501215 45933157 45933157 0
6 16336 rs9376387 139285630 1 0.01091767264003161 139285630 139285630 0
6 2036 rs9477700 18330781 1 0.0108675642912058 18330781 18330781 0
6 16618 rs765875 143185683 1 0.01083668152279004 143185683 143185683 0
6 1324 rs1883326 11818316 1 0.01078735934040852 11818316 11818316 0
6 13774 rs4947138 111960388 2 -0.01078114912104536 111960388 111960388 0
6 13351 rs633724 106734040 1 0.01074054898038987 106734040 106734040 0
6 9154 rs9294202 64138954 1 -0.01068706882851981 64138954 64138954 0
6 11684 rs990060 89074336 1 0.01062011211358409 89074336 89074336 0
6 5466 rs2763979 31794592 1 0.01060095593173924 31794592 31794592 0
6 5335 rs1800750 31542963 1 0.0105967120554924 31542963 31542963 0
6 5364 rs2242660 31597753 1 0.01057917402740578 31597753 31597753 0
6 17789 rs2623958 152841248 1 0.01057796537851826 152841248 152841248 0
6 13331 rs742108 106582920 1 0.01054120657623043 106582920 106582920 0
6 820 rs2876098 7374207 1 0.01051797351974009 7374207 7374207 0
6 1327 rs1569731 11825414 1 0.01046395158707219 11825414 11825414 0
6 3844 rs362511 29530850 1 0.01045761401464549 29530850 29530850 0
6 9639 rs4481397 69237307 1 -0.01036534421192837 69237307 69237307 0
6 6391 rs2294478 33098966 1 0.01026278348331103 33098966 33098966 0
6 8639 rs1409098 53882340 1 -0.01024246188963102 53882340 53882340 0
6 6736 rs2234044 35090097 1 -0.01019661386249916 35090097 35090097 0
6 1788 rs6926350 16209140 1 0.01017586836567153 16209140 16209140 0
6 19483 rs4709142 167407584 1 0.00998302655075263 167407584 167407584 0
6 13443 rs311218 107408585 1 0.00993250297218454 107408585 107408585 0
6 18108 rs9397861 156237804 1 -0.00991072407153605 156237804 156237804 0
6 5256 rs3132469 31456567 2 -0.00974038597653133 31456567 31456567 0
6 10892 rs1436876 81228527 2 -0.009545753293912 81228527 81228527 0
6 18345 rs6924755 159264974 1 0.0095220362171657 159264974 159264974 0
6 11109 rs287822 83397096 1 -0.00951060179993193 83397096 83397096 0
6 6875 rs2234080 36336764 1 0.00950357937212106 36336764 36336764 0
6 96 rs6597402 1049358 1 -0.00946235203725669 1049358 1049358 0
6 11377 rs9359645 85992024 1 -0.00941480091233871 85992024 85992024 0
6 17367 rs17054300 150370552 1 -0.00940429617670588 150370552 150370552 0
6 13357 rs3862833 106815036 1 -0.00939437305387728 106815036 106815036 0
6 5722 rs570963 32289594 1 0.00930541332552071 32289594 32289594 0
6 13153 rs10872782 104290530 2 0.00922941293455287 104290530 104290530 0
6 9889 rs1418677 71788265 1 0.00919983163801419 71788265 71788265 0
6 9918 rs7753757 72034337 2 0.00914973955734887 72034337 72034337 0
6 15493 rs1112847 130335109 1 -0.00914363513051893 130335109 130335109 0
6 4519 rs3094104 30609629 1 0.00914227714153835 30609629 30609629 0
6 14319 rs9489193 117769728 2 0.00911081366405184 117769728 117769728 0
6 100 rs9501682 1067284 1 0.00910947274012011 1067284 1067284 0
6 16327 rs1188873 139221850 2 0.00910170119659298 139221850 139221850 0
6 11948 rs1145743 91412651 1 0.00906424283155958 91412651 91412651 0
6 19565 rs902393 168463624 2 0.00900721874779438 168463624 168463624 0
6 9893 rs6936371 71882094 1 -0.00898688623447433 71882094 71882094 0
6 15195 rs584032 126165003 1 0.00897330671477817 126165003 126165003 0
6 4580 rs3130667 30743241 2 0.00886430781653907 30743241 30743241 0
6 7467 rs9296359 41205690 1 -0.00880330636593141 41205690 41205690 0
6 5145 rs6903496 31352774 1 0.0087177245467262 31352774 31352774 0
6 16015 rs11549504 135286230 1 0.00862335845787055 135286230 135286230 0
6 18730 rs7760443 162172718 2 0.00857378643179463 162172718 162172718 0
6 18475 rs3798201 160403788 1 -0.0084784248308155 160403788 160403788 0
6 9939 rs9346471 72137905 1 0.00844677258114376 72137905 72137905 0
6 7434 rs742493 40998167 1 0.00843918474016326 40998167 40998167 0
6 866 rs2068361 7736743 2 0.00833111487591222 7736743 7736743 0
6 5899 rs9275312 32665728 2 -0.00830034774826607 32665728 32665728 0
6 15955 rs6569937 134620673 2 0.00825949043916989 134620673 134620673 0
6 13329 rs9480642 106574892 1 0.00823932114511514 106574892 106574892 0
6 413 rs9328207 3944564 1 0.00808680163564425 3944564 3944564 0
6 9766 rs1817255 70305899 1 0.00805840278140981 70305899 70305899 0
6 7420 rs12196881 40828945 1 -0.00805546457578741 40828945 40828945 0
6 775 rs7738221 6908368 2 0.00803068651341428 6908368 6908368 0
6 4633 rs3095345 30822413 1 0.0080197470335388 30822413 30822413 0
6 6310 rs4551215 33025700 1 -0.00801670411446055 33025700 33025700 0
6 12314 rs515814 94845639 1 0.00795072130076186 94845639 94845639 0
6 18443 rs7754295 160061229 2 0.00794570432068185 160061229 160061229 0
6 4578 rs3130666 30740160 1 -0.00790913531845057 30740160 30740160 0
6 7000 rs9394438 37532103 1 -0.00787175784320607 37532103 37532103 0
6 10043 rs41265489 72809641 2 0.00785925482820136 72809641 72809641 0
6 479 rs4959299 4492079 1 0.00785164844042348 4492079 4492079 0
6 10380 rs1540999 76695323 1 0.00784332190533033 76695323 76695323 0
6 14082 rs7761443 114939097 1 -0.00782529659648535 114939097 114939097 0
6 16943 rs6914746 146127029 1 -0.00779793208645657 146127029 146127029 0
6 13435 rs908819 107307003 1 0.00778545314743916 107307003 107307003 0
6 9947 rs852961 72186990 2 0.00776773483159613 72186990 72186990 0
6 6925 rs7762245 36716229 1 0.00773373928430595 36716229 36716229 0
6 803 rs1334576 7211818 1 0.00771102372974113 7211818 7211818 0
6 5766 rs3129943 32338695 1 0.00770220890278788 32338695 32338695 0
6 13252 rs7769944 105547105 1 0.00769593838569491 105547105 105547105 0
6 9867 rs1716010 71595151 1 -0.00766068777285104 71595151 71595151 0
6 18472 rs9456484 160391189 2 -0.00764512745193954 160391189 160391189 0
6 6095 rs241439 32797537 2 -0.00755988468514075 32797537 32797537 0
6 14136 rs4304201 115940684 1 -0.00739431499796316 115940684 115940684 0
6 1637 rs9476591 14579439 1 0.0073854383771518 14579439 14579439 0
6 2244 rs1047014 19841493 1 0.00720500092183421 19841493 19841493 0
6 5824 rs3135363 32389648 2 0.00716943549721215 32389648 32389648 0
6 16726 rs1015340 144035357 1 0.00716589223890667 144035357 144035357 0
6 15857 rs2145351 133546689 1 -0.00709548835555908 133546689 133546689 0
6 2522 rs9350407 22021230 1 -0.00709314236056011 22021230 22021230 0
6 6103 rs1800454 32800412 1 -0.00709192328512874 32800412 32800412 0
6 10909 rs16892086 81366484 1 -0.00707661329067669 81366484 81366484 0
6 5909 rs11752643 32669373 1 0.0070730555569144 32669373 32669373 0
6 14562 rs7757317 119753856 1 0.00707190085373519 119753856 119753856 0
6 8450 rs2063643 52478364 1 -0.00702387057048829 52478364 52478364 0
6 5361 rs1046080 31595882 1 -0.00699988371387486 31595882 31595882 0
6 9508 rs1349813 67801858 1 0.00699643599577847 67801858 67801858 0
6 185 rs9328072 1828165 2 -0.00696087720610312 1828165 1828165 0
6 13344 rs6920944 106637575 1 0.00689828741311235 106637575 106637575 0
6 13040 rs1933992 103010088 1 0.00687581070987375 103010088 103010088 0
6 13200 rs12205194 104853317 1 -0.00686991292239967 104853317 104853317 0
6 13440 rs9384641 107399357 1 -0.00685339801201709 107399357 107399357 0
6 4180 rs3869070 30023868 1 0.00680440934223113 30023868 30023868 0
6 7548 rs6921368 41980666 2 0.00676815055952301 41980666 41980666 0
6 7682 rs1096699 43528441 2 0.0067032382485992 43528441 43528441 0
6 7444 rs12194477 41116774 1 -0.00669878794033507 41116774 41116774 0
6 11868 rs10806414 90665969 2 0.00664879787600429 90665969 90665969 0
6 16130 rs2153893 137295402 1 0.00664821708489364 137295402 137295402 0
6 14712 rs12193473 121260089 1 -0.00663775452853983 121260089 121260089 0
6 19537 rs7767627 167822221 2 0.00660285477930468 167822221 167822221 0
6 13222 rs2211033 104992395 2 0.0065845641182957 104992395 104992395 0
6 2044 rs10949509 18441624 1 0.00656502731834045 18441624 18441624 0
6 16244 rs666769 138415087 2 0.00655002596906088 138415087 138415087 0
6 2833 rs4582376 24167807 2 -0.00654246652022279 24167807 24167807 0
6 12045 rs1761783 92401171 1 0.00645714776850055 92401171 92401171 0
6 7257 rs9471080 39320088 2 0.00643049530228766 39320088 39320088 0
6 19451 rs2178806 167218762 2 0.00641625301164921 167218762 167218762 0
6 6733 rs820082 35031441 1 0.00640703203413752 35031441 35031441 0
6 17261 rs2153251 149405218 1 -0.00639885654462175 149405218 149405218 0
6 17959 rs1293927 154637393 1 0.00639838462976364 154637393 154637393 0
6 10410 rs4291070 77286644 1 -0.00639537237248774 77286644 77286644 0
6 10832 rs346343 80609413 1 -0.00634415366786403 80609413 80609413 0
6 5366 rs2272593 31601344 1 0.00633530565832146 31601344 31601344 0
6 18168 rs17087341 156690480 1 -0.00627476482593205 156690480 156690480 0
6 13012 rs17062729 102432315 1 0.00626576268319488 102432315 102432315 0
6 6687 rs13194133 34532922 1 0.00621107166534194 34532922 34532922 0
6 10976 rs6935142 81856665 2 0.00620159128506591 81856665 81856665 0
6 13383 rs3747787 106967778 2 -0.00618224629465517 106967778 106967778 0
6 12073 rs12526373 92669376 1 0.00617851036254239 92669376 92669376 0
6 6681 rs41312309 34498328 1 0.0061665072332831 34498328 34498328 0
6 19621 rs2255680 168927449 1 -0.00615810732356385 168927449 168927449 0
6 18380 rs4709266 159456266 1 -0.006156041312422 159456266 159456266 0
6 4022 rs1633005 29764472 2 0.00614222641555039 29764472 29764472 0
6 5925 rs1794275 32671248 1 0.00613348772235782 32671248 32671248 0
6 11862 rs292255 90643281 1 0.00611119432872778 90643281 90643281 0
6 16082 rs947583 136133659 2 -0.00610451444110103 136133659 136133659 0
6 14046 rs1011910 114417219 2 0.00608650416930654 114417219 114417219 0
6 15471 rs9375674 130216510 2 -0.00606649511959706 130216510 130216510 0
6 12150 rs9345259 93359457 1 0.00605933230926263 93359457 93359457 0
6 12200 rs1930934 93842533 1 -0.006047778801399 93842533 93842533 0
6 14797 rs6569208 121794106 2 -0.00603725262163248 121794106 121794106 0
6 13336 rs17586975 106591318 1 0.00602466626175422 106591318 106591318 0
6 756 rs3804490 6653139 1 0.00602300974133735 6653139 6653139 0
6 10946 rs12527737 81607383 2 -0.00602274310872198 81607383 81607383 0
6 1833 rs909788 16636461 1 0.00598232489412131 16636461 16636461 0
6 10134 rs12203617 73672548 1 0.00593493761819336 73672548 73672548 0
6 1576 rs9296918 14073320 1 0.00589669513129565 14073320 14073320 0
6 15690 rs9493120 132213001 1 0.0058712620035438 132213001 132213001 0
6 16616 rs728589 143172013 1 0.00585917545329925 143172013 143172013 0
6 9145 rs2459572 63993375 1 0.00584373960081044 63993375 63993375 0
6 865 rs1107495 7726057 2 0.00584352633925777 7726057 7726057 0
6 13511 rs17854547 108214694 1 0.00583805081342306 108214694 108214694 0
6 5370 rs1046089 31602967 2 -0.0058332946436008 31602967 31602967 0
6 3568 rs2531804 28411303 1 0.00582824613450268 28411303 28411303 0
6 8841 rs7756097 55034424 1 0.0058158257193674 55034424 55034424 0
6 18578 rs9365164 160856843 2 -0.00580292572098783 160856843 160856843 0
6 9457 rs6924193 67157506 1 0.00575480592563081 67157506 67157506 0
6 1809 rs10484361 16424289 1 -0.00574971914893691 16424289 16424289 0
6 510 rs2875955 4690760 1 -0.00568848875718304 4690760 4690760 0
6 14331 rs4946260 117822993 2 -0.00567390105224519 117822993 117822993 0
6 5354 rs2269475 31583931 1 -0.00562130340365364 31583931 31583931 0
6 2893 rs61748577 24454313 1 -0.00557588512448857 24454313 24454313 0
6 11916 rs6911698 91188927 2 0.00557302113288767 91188927 91188927 0
6 7778 rs561160 44579789 2 -0.00555179634690374 44579789 44579789 0
6 12213 rs1998577 93871629 1 -0.00552508912373322 93871629 93871629 0
6 11270 rs4438935 85286776 1 0.00552160461139786 85286776 85286776 0
6 13342 rs10484575 106631860 1 0.00549994595308824 106631860 106631860 0
6 2210 rs6910563 19610835 1 0.00548630503011762 19610835 19610835 0
6 16633 rs3804528 143400092 1 0.00548058432644364 143400092 143400092 0
6 19254 rs576853 165943163 2 -0.00547569626093426 165943163 165943163 0
6 15381 rs17056876 129483375 1 0.00547511997527182 129483375 129483375 0
6 16692 rs11155308 143917700 2 0.00545101531097025 143917700 143917700 0
6 19567 rs9364220 168490568 1 0.00544728631683208 168490568 168490568 0
6 2733 rs17412056 23493761 1 -0.00543656373210694 23493761 23493761 0
6 16442 rs661704 141174222 2 0.00542708510287803 141174222 141174222 0
6 1847 rs1359067 16696724 1 0.00541640482254992 16696724 16696724 0
6 4729 rs540165831 30981715 1 0.00540569262413468 30981715 30981715 0
6 14329 rs9320605 117817775 1 0.00536239677295544 117817775 117817775 0
6 6343 rs9277535 33054861 1 0.00534861488825748 33054861 33054861 0
6 13204 rs7756959 104867593 2 -0.00531748895884178 104867593 104867593 0
6 19278 rs7738923 166077866 1 0.00531123442691263 166077866 166077866 0
6 16635 rs7738387 143437284 1 0.00529870012376807 143437284 143437284 0
6 4912 rs3130503 31137165 1 0.00528277463732624 31137165 31137165 0
6 14102 rs4400248 115230047 1 0.0052814871144788 115230047 115230047 0
6 16119 rs17065704 137214826 1 0.00527622524671923 137214826 137214826 0
6 3852 rs1233399 29539482 1 0.00525804093793469 29539482 29539482 0
6 878 rs2326994 7810021 2 -0.00525272028086173 7810021 7810021 0
6 25 rs6918152 542159 1 0.00524797117330038 542159 542159 0
6 4991 rs7747738 31230924 1 0.00523342967154796 31230924 31230924 0
6 1859 rs3812227 16741886 2 -0.00519842984910018 16741886 16741886 0
6 15668 rs6934819 132095805 1 -0.00519620860140684 132095805 132095805 0
6 7689 rs945128 43710756 1 -0.00515899953444091 43710756 43710756 0
6 14554 rs742962 119713746 1 0.00515522470740673 119713746 119713746 0
6 13279 rs9398033 106009443 1 0.00515268487953376 106009443 106009443 0
6 15173 rs1342698 125940941 1 0.00511227208037315 125940941 125940941 0
6 11300 rs215939 85466286 2 0.00506682172133978 85466286 85466286 0
6 2535 rs17205146 22272753 1 -0.00505839061599018 22272753 22272753 0
6 19529 rs2981984 167767987 1 0.00502827647607341 167767987 167767987 0
6 17050 rs325129 147807143 1 0.00500819473195895 147807143 147807143 0
6 9977 rs720742 72321902 1 -0.00500129786453259 72321902 72321902 0
6 10092 rs2149528 73220254 1 0.00496367208852577 73220254 73220254 0
6 5375 rs35595439 31605016 1 0.00493503304532182 31605016 31605016 0
6 2836 rs1419228 24178306 1 -0.00492092535918741 24178306 24178306 0
6 9970 rs9358960 72279021 1 0.00491707291168922 72279021 72279021 0
6 14489 rs902780 119108363 2 -0.00485374625196037 119108363 119108363 0
6 11101 rs7356857 83337469 1 -0.00480709109850741 83337469 83337469 0
6 16211 rs636393 138007530 1 0.00480224454836163 138007530 138007530 0
6 17415 rs9397900 150665752 1 0.00480172082666797 150665752 150665752 0
6 16962 rs12200797 146615383 1 0.00479606743109101 146615383 146615383 0
6 19384 rs9365980 166661420 1 0.00478881551003577 166661420 166661420 0
6 8844 rs10456181 55040696 2 0.00475011948918389 55040696 55040696 0
6 15293 rs9491849 127945200 1 0.00473640925444294 127945200 127945200 0
6 14181 rs9320552 116310336 1 0.0047248939222947 116310336 116310336 0
6 10518 rs130060 78172750 1 -0.00471847573986644 78172750 78172750 0
6 1373 rs9380902 12201764 2 -0.00471148413506384 12201764 12201764 0
6 7955 rs220715 46884288 1 -0.00467637164458182 46884288 46884288 0
6 14925 rs9375186 123131515 1 0.00464939655432596 123131515 123131515 0
6 4545 rs2269702 30675135 2 0.00464910020470306 30675135 30675135 0
6 7027 rs11757695 37836673 1 -0.00464249637032472 37836673 37836673 0
6 6729 rs2177380 34980601 2 0.00462205915881074 34980601 34980601 0
6 8 rs7757906 412741 2 0.00460893264640075 412741 412741 0
6 7552 rs11967378 42018883 2 -0.00458112956076496 42018883 42018883 0
6 16851 rs9399525 145313726 1 0.00457546300453749 145313726 145313726 0
6 19547 rs35140809 168297647 1 0.0045555708781749 168297647 168297647 0
6 19570 rs6455484 168506045 1 0.00455403101621285 168506045 168506045 0
6 4554 rs9500864 30693232 1 0.00451879820826104 30693232 30693232 0
6 3265 rs806794 26200677 2 0.00450460841290141 26200677 26200677 0
6 18409 rs9365057 159808288 1 0.00447771420098836 159808288 159808288 0
6 16237 rs9389549 138343019 1 -0.00446503106061457 138343019 138343019 0
6 15158 rs9482645 125672037 2 0.00445918443406446 125672037 125672037 0
6 2534 rs6924146 22238088 1 0.00441517681802612 22238088 22238088 0
6 9793 rs3806014 70795455 1 0.00437793784142825 70795455 70795455 0
6 50 rs17136239 656343 1 0.00437060810331218 656343 656343 0
6 4965 rs3130685 31206206 2 0.00436420052619863 31206206 31206206 0
6 9129 rs4289625 63702477 1 0.00433050125633988 63702477 63702477 0
6 15835 rs6912746 133256495 1 -0.00431639852698322 133256495 133256495 0
6 9280 rs1995443 66061173 1 -0.00431049299673939 66061173 66061173 0
6 2229 rs6920825 19732492 2 0.00429806936682615 19732492 19732492 0
6 15764 rs9321348 132864548 2 -0.00427598614268552 132864548 132864548 0
6 8056 rs7740768 47788531 2 -0.00426410256211144 47788531 47788531 0
6 896 rs365936 7920904 1 0.00425883838153393 7920904 7920904 0
6 3020 rs9379751 25292214 2 0.0042514490213689 25292214 25292214 0
6 750 rs3789766 6618373 1 0.00425031010812401 6618373 6618373 0
6 8305 rs2397060 51611470 1 0.00424215661789025 51611470 51611470 0
6 2436 rs6937811 21233412 1 -0.0042340859323529 21233412 21233412 0
6 9153 rs1723535 64136886 1 0.00422312780345081 64136886 64136886 0
6 11913 rs1144157 91184183 1 0.00422293274518982 91184183 91184183 0
6 9074 rs7758052 57710238 1 0.0042118586774244 57710238 57710238 0
6 11626 rs2754266 88421485 1 -0.00411430238965222 88421485 88421485 0
6 17294 rs6935566 149566825 1 0.00411006954774864 149566825 149566825 0
6 8228 rs6940832 50980245 1 0.0041013892511414 50980245 50980245 0
6 608 rs6924018 5723227 1 0.0040905836279891104 5723227 5723227 0
6 15626 rs497082 131469461 1 -0.00407729491840923 131469461 131469461 0
6 1826 rs7770397 16573829 1 -0.00406040390273624 16573829 16573829 0
6 6055 rs2621323 32788707 1 0.00403411473165214 32788707 32788707 0
6 1337 rs11963539 11969231 1 0.00402389139127185 11969231 11969231 0
6 9748 rs9454732 70049915 1 -0.00398740067283329 70049915 70049915 0
6 16081 rs4896180 136109831 1 0.00396001824075104 136109831 136109831 0
6 9742 rs4602695 70013594 1 -0.0039512968478471 70013594 70013594 0
6 18575 rs388170 160853286 1 -0.0039450149472598 160853286 160853286 0
6 17808 rs578512 153124301 1 -0.00393482132591444 153124301 153124301 0
6 499 rs437875 4666878 2 -0.00392146051353017 4666878 4666878 0
6 7972 rs1873318 46966274 1 0.0039045606886974 46966274 46966274 0
6 31 rs2073009 572480 1 0.00388928070532081 572480 572480 0
6 3264 rs806792 26198916 1 0.00387131132755577 26198916 26198916 0
6 4528 rs3094097 30633875 1 0.00385006038580267 30633875 30633875 0
6 10895 rs10498923 81253907 1 0.0038338558405325 81253907 81253907 0
6 4785 rs2523882 31042217 1 -0.00382940234169507 31042217 31042217 0
6 17846 rs674882 153407553 2 -0.00382709730905003 153407553 153407553 0
6 13308 rs6934413 106328676 2 0.00382213281541945 106328676 106328676 0
6 17568 rs17080705 151340454 1 -0.00381276450452907 151340454 151340454 0
6 3268 rs806795 26205293 1 0.00380681275010889 26205293 26205293 0
6 13302 rs12660517 106255713 1 0.003802909524965 106255713 106255713 0
6 11553 rs1324433 87698758 1 0.00379963754830883 87698758 87698758 0
6 15434 rs929103 129993162 2 -0.00378847070617466 129993162 129993162 0
6 14829 rs12192653 122107994 1 -0.00378445347483575 122107994 122107994 0
6 2905 rs2760140 24481039 1 0.00378129999031812 24481039 24481039 0
6 7184 rs9380818 38964131 2 -0.0037807242042284 38964131 38964131 0
6 15801 rs2294758 133045812 1 0.00377727495807355 133045812 133045812 0
6 156 rs12527698 1648955 1 -0.00376857770388611 1648955 1648955 0
6 7598 rs3749898 42640726 1 0.00374427851650245 42640726 42640726 0
6 17093 rs13198106 148193929 1 -0.00371181049287104 148193929 148193929 0
6 445 rs13206717 4154018 2 0.00370062155667102 4154018 4154018 0
6 18503 rs34130495 160560824 1 -0.00369624454223684 160560824 160560824 0
6 1907 rs1408299 17154680 1 0.00367894048870556 17154680 17154680 0
6 16236 rs9376307 138283265 2 -0.00366675622766198 138283265 138283265 0
6 18109 rs9384394 156241520 1 -0.00365039445646032 156241520 156241520 0
6 8082 rs676219 48287248 1 0.00363678445928915 48287248 48287248 0
6 8083 rs584557 48288536 2 -0.00363581682114009 48288536 48288536 0
6 6307 rs441576 33008546 1 0.00363531054036048 33008546 33008546 0
6 65 rs9406006 776262 1 -0.00361318226736109 776262 776262 0
6 19045 rs6914455 164311616 2 0.0035644967645019 164311616 164311616 0
6 11027 rs194914 82432826 2 -0.00351402850526596 82432826 82432826 0
6 11396 rs545969 86092879 1 0.00348810851851368 86092879 86092879 0
6 16135 rs12214209 137378863 1 0.00347070617269542 137378863 137378863 0
6 15949 rs4896028 134539179 2 0.0034606511317396 134539179 134539179 0
6 4728 rs536070307 30981307 1 0.0034503315240173 30981307 30981307 0
6 11806 rs9451253 90321146 1 -0.00343964740597984 90321146 90321146 0
6 11914 rs1145724 91187510 1 0.00342710853117107 91187510 91187510 0
6 16956 rs2056994 146543192 1 -0.00342221008550531 146543192 146543192 0
6 3361 rs13219354 27185664 1 0.00341319344379268 27185664 27185664 0
6 3023 rs12055697 25303100 1 0.00340734158289789 25303100 25303100 0
6 16021 rs117966977 135358904 1 0.00339837969484803 135358904 135358904 0
6 17670 rs1285057 152103792 1 -0.00339769094033536 152103792 152103792 0
6 422 rs12110567 4016348 1 0.00339733695655717 4016348 4016348 0
6 15674 rs9388917 132136025 1 0.0033842538255475 132136025 132136025 0
6 17446 rs7769234 150751874 1 0.00338175950858448 150751874 150751874 0
6 6346 rs9277557 33056694 1 0.00336266613410269 33056694 33056694 0
6 10133 rs13206617 73663745 1 0.00335216753670141 73663745 73663745 0
6 17992 rs7744421 155094764 1 -0.00333548883477593 155094764 155094764 0
6 9308 rs9360139 66284186 1 0.00332684365031723 66284186 66284186 0
6 18679 rs3757037 161697400 1 0.0033100509049973 161697400 161697400 0
6 14685 rs9320772 121102335 1 -0.0032678749955867 121102335 121102335 0
6 9230 rs11752546 65447382 1 -0.00326063384177198 65447382 65447382 0
6 19510 rs7761658 167644277 1 0.00324019731982147 167644277 167644277 0
6 17442 rs9480384 150729878 1 -0.00323594679232032 150729878 150729878 0
6 7495 rs9394785 41320227 1 -0.00323414093067549 41320227 41320227 0
6 5928 rs9275524 32675109 1 0.00322136704569629 32675109 32675109 0
6 15731 rs1358771 132451644 1 -0.00321292401077115 132451644 132451644 0
6 13447 rs10457161 107505241 1 0.00320342455232182 107505241 107505241 0
6 16553 rs9376685 142629831 1 -0.00319728794440081 142629831 142629831 0
6 16799 rs2293536 144878337 1 0.00319360695963607 144878337 144878337 0
6 1815 rs9396676 16460906 1 0.00315617264039799 16460906 16460906 0
6 1499 rs6910418 13294866 1 0.00314598042690216 13294866 13294866 0
6 4805 rs2517485 31074101 1 0.00313697342864591 31074101 31074101 0
6 356 rs3813477 3398623 2 0.00312685208403138 3398623 3398623 0
6 6797 rs11756089 35452346 1 -0.0031222026866814 35452346 35452346 0
6 19612 rs2749250 168905499 2 0.00312011097841025 168905499 168905499 0
6 13554 rs471422 109138491 1 -0.00309571164179482 109138491 109138491 0
6 9000 rs2038144 56204780 1 -0.00309223352148503 56204780 56204780 0
6 12430 rs9493940 96218908 1 -0.00309189484218992 96218908 96218908 0
6 3055 rs7774567 25425526 1 0.00307236019704862 25425526 25425526 0
6 18347 rs10945563 159282859 2 -0.00306362099495029 159282859 159282859 0
6 11540 rs16879870 87531746 1 0.00305699173435443 87531746 87531746 0
6 7910 rs1527691 46542804 1 0.00304907005936456 46542804 46542804 0
6 2539 rs1341239 22304204 1 0.00304717353185922 22304204 22304204 0
6 18340 rs6455604 159215408 2 0.00303676017482455 159215408 159215408 0
6 5896 rs9357152 32664960 2 0.00303267957586877 32664960 32664960 0
6 15123 rs4540279 125023343 1 -0.00301656990537201 125023343 125023343 0
6 7179 rs17336909 38954145 1 0.00301587722694417 38954145 38954145 0
6 10119 rs7775641 73478625 2 -0.00301496737295542 73478625 73478625 0
6 13311 rs9386491 106350725 1 0.00300363463549389 106350725 106350725 0
6 2205 rs9348385 19548810 2 0.00299894049632461 19548810 19548810 0
6 252 rs1545849 2622911 1 -0.00299328779438017 2622911 2622911 0
6 2848 rs7774208 24228243 1 -0.00298144065291134 24228243 24228243 0
6 17569 rs472703 151341298 1 -0.00297812037274242 151341298 151341298 0
6 8085 rs7755638 48329809 1 -0.00297472090418873 48329809 48329809 0
6 16530 rs138994608 142400020 1 -0.00296986089542631 142400020 142400020 0
6 19271 rs3008014 166028906 1 -0.0029620573646809 166028906 166028906 0
6 16040 rs6569992 135452152 2 -0.00296070569838713 135452152 135452152 0
6 18658 rs3798917 161516831 1 -0.00295213328959773 161516831 161516831 0
6 6017 rs2621373 32765130 1 0.0029451983819941 32765130 32765130 0
6 19894 rs6909815 170814626 2 -0.00294056734582376 170814626 170814626 0
6 1119 rs9371028 10019083 1 -0.00292794017253096 10019083 10019083 0
6 17884 rs17084425 154042101 1 0.00292079873662767 154042101 154042101 0
6 11571 rs932742 87804685 1 0.00291867341836421 87804685 87804685 0
6 19430 rs7752989 167082896 1 0.0028952822652776 167082896 167082896 0
6 2785 rs12200455 23922624 1 -0.00289314807410568 23922624 23922624 0
6 13801 rs12526016 112127339 1 -0.00288759678750456 112127339 112127339 0
6 13546 rs1268160 109075953 1 0.00287544509314482 109075953 109075953 0
6 2043 rs7774742 18441067 1 -0.0028740558612958 18441067 18441067 0
6 14051 rs9488335 114465074 1 -0.00287027866702335 114465074 114465074 0
6 13016 rs2852608 102481399 2 -0.0028664602006556 102481399 102481399 0
6 6299 rs429073 33001735 2 -0.00286114131655573 33001735 33001735 0
6 1194 rs2076258 10876036 2 -0.00285275523213581 10876036 10876036 0
6 16131 rs4896224 137298126 1 0.00284746579229283 137298126 137298126 0
6 1591 rs853377 14175404 1 0.0028444120207956 14175404 14175404 0
6 8075 rs1325707 47963249 1 0.00284245122836697 47963249 47963249 0
6 16931 rs12526956 145872147 1 0.00283572751341606 145872147 145872147 0
6 1996 rs4716213 18052449 1 0.00283388721151322 18052449 18052449 0
6 15317 rs761332 128287848 2 -0.00282990262710118 128287848 128287848 0
6 16026 rs7776054 135418916 1 -0.00282953284676316 135418916 135418916 0
6 18257 rs9456774 158223703 1 -0.00282600569670768 158223703 158223703 0
6 19784 rs4236176 170070723 1 -0.0028150134242468 170070723 170070723 0
6 1558 rs4715723 13958654 2 0.00281046429523818 13958654 13958654 0
6 10084 rs1572208 73171594 1 0.00281009882808335 73171594 73171594 0
6 3092 rs10456324 25600968 1 0.00280891658304812 25600968 25600968 0
6 30 rs846167 570556 2 0.00280369307998485 570556 570556 0
6 11167 rs1143796 84005867 1 0.00279891199248063 84005867 84005867 0
6 16516 rs1884055 142175291 1 0.00279722977801355 142175291 142175291 0
6 18050 rs6919626 155766362 1 0.00279629317701464 155766362 155766362 0
6 6024 rs2621338 32776583 1 -0.00277234424252029 32776583 32776583 0
6 14809 rs9385199 121837314 1 -0.00276988514799671 121837314 121837314 0
6 16208 rs12202094 138001204 1 -0.00276898871222841 138001204 138001204 0
6 129 rs2252693 1277151 2 0.00273199039990266 1277151 1277151 0
6 11624 rs2754265 88410170 1 -0.00272874489796657 88410170 88410170 0
6 13808 rs7749147 112164313 1 0.00272723099461324 112164313 112164313 0
6 18922 rs11968371 163291953 2 0.00268951157485865 163291953 163291953 0
6 3028 rs2744303 25327149 1 0.00268553651923371 25327149 25327149 0
6 17983 rs1022404 154899702 1 0.00268485553024098 154899702 154899702 0
6 13806 rs11961774 112155473 1 0.00268073193892895 112155473 112155473 0
6 9595 rs9342679 68677034 1 -0.00267387052511443 68677034 68677034 0
6 6768 rs9658100 35356640 1 -0.00267218917010753 35356640 35356640 0
6 18242 rs9347482 158099736 1 -0.00266099430513341 158099736 158099736 0
6 9381 rs1484575 66656814 1 -0.002656685038599 66656814 66656814 0
6 15257 rs9491697 127456122 1 0.00264846033023609 127456122 127456122 0
6 19255 rs693437 165944280 2 -0.00264252642663278 165944280 165944280 0
6 2421 rs77152992 21065449 1 0.00262748288246981 21065449 21065449 0
6 2935 rs807531 24548972 1 0.0026141918340092 24548972 24548972 0
6 14235 rs140516625 116833053 1 0.00257265128662406 116833053 116833053 0
6 7322 rs1923474 39938471 1 0.00256641955418501 39938471 39938471 0
6 19812 rs9383480 170193459 1 0.00256524250681566 170193459 170193459 0
6 7687 rs7775611 43652770 1 0.00255798780827828 43652770 43652770 0
6 8695 rs1995768 54181882 2 0.00253014225043983 54181882 54181882 0
6 13278 rs9386455 106006230 1 0.00252207447337935 106006230 106006230 0
6 7957 rs6927483 46889577 1 0.00251837874609767 46889577 46889577 0
6 1385 rs1317584 12342789 1 -0.00251601985108444 12342789 12342789 0
6 15948 rs12662210 134447959 1 0.00251387313070263 134447959 134447959 0
6 6273 rs381218 32977420 2 -0.00251059796427463 32977420 32977420 0
6 11214 rs2480199 84802323 1 -0.00250552808909786 84802323 84802323 0
6 18244 rs941888 158101468 1 0.00250517861531375 158101468 158101468 0
6 19393 rs6925364 166830696 1 0.00249675163815505 166830696 166830696 0
6 13514 rs11754713 108300912 1 -0.00249554315091305 108300912 108300912 0
6 2 rs2235872 226015 1 -0.0024949213371337 226015 226015 0
6 13889 rs1606213 112818452 1 0.00248585927975871 112818452 112818452 0
6 8915 rs9464247 55313379 1 -0.00248226383544663 55313379 55313379 0
6 11680 rs9362478 88989087 2 -0.00248151619594696 88989087 88989087 0
6 2993 rs6918101 25027288 1 0.00247978339392127 25027288 25027288 0
6 17521 rs4449641 151036450 1 -0.00246298577868887 151036450 151036450 0
6 13454 rs2500585 107637582 1 0.00246163410551498 107637582 107637582 0
6 6061 rs2857103 32791299 1 0.00243153487432692 32791299 32791299 0
6 17512 rs275351 151015996 1 -0.00242796195358369 151015996 151015996 0
6 6081 rs241451 32796480 1 0.0024226088488517 32796480 32796480 0
6 6572 rs649775 33684313 1 0.00241990364176567 33684313 33684313 0
6 872 rs17673852 7763858 1 0.00240801534830828 7763858 7763858 0
6 892 rs3812162 7911702 2 -0.00240498817988869 7911702 7911702 0
6 645 rs640887 6037327 1 0.00239721814073488 6037327 6037327 0
6 3542 rs17312661 28300336 1 -0.00239144931600361 28300336 28300336 0
6 1583 rs35118414 14131854 1 0.00237173224218427 14131854 14131854 0
6 15350 rs7744000 129037359 1 0.00235786669067638 129037359 129037359 0
6 19317 rs7747429 166310842 2 -0.00234911903463333 166310842 166310842 0
6 15938 rs2811676 134327815 1 0.00234733669071269 134327815 134327815 0
6 10705 rs9448560 79479882 1 0.00234576839418246 79479882 79479882 0
6 16181 rs9402902 137848642 1 -0.00233400625868355 137848642 137848642 0
6 11237 rs9359587 85105960 1 0.00232666957235212 85105960 85105960 0
6 3335 rs9348747 27002406 2 0.00232010469520366 27002406 27002406 0
6 15791 rs9800525 132951260 1 -0.00231760592753914 132951260 132951260 0
6 609 rs2145980 5737122 1 0.00231576544669177 5737122 5737122 0
6 19310 rs11756707 166303168 1 -0.00231498160601928 166303168 166303168 0
6 19742 rs7741251 169763254 1 0.00231470687743923 169763254 169763254 0
6 3567 rs13190937 28411244 1 -0.00230420276276338 28411244 28411244 0
6 6570 rs542441 33675851 2 0.00230265842188925 33675851 33675851 0
6 13359 rs6568433 106829537 1 0.00228464136702714 106829537 106829537 0
6 375 rs1205017 3579754 1 0.00227465367403031 3579754 3579754 0
6 1165 rs533746 10388968 1 -0.00226824335100125 10388968 10388968 0
6 5797 rs28362680 32370816 1 -0.00224831251442191 32370816 32370816 0
6 11735 rs7746038 89743555 1 -0.00224658744540922 89743555 89743555 0
6 15574 rs4897466 131089467 1 0.00223760157164725 131089467 131089467 0
6 7393 rs9349160 40600642 1 -0.00223659838390474 40600642 40600642 0
6 15111 rs527307 124882382 1 -0.00223588282329938 124882382 124882382 0
6 2509 rs6909060 21986847 2 -0.00223558893427609 21986847 21986847 0
6 11243 rs11758635 85156895 1 -0.00223244845549438 85156895 85156895 0
6 16375 rs6903764 139851661 1 0.00222217803329887 139851661 139851661 0
6 6228 rs206786 32935179 1 0.00220830716106837 32935179 32935179 0
6 7421 rs870032 40839428 1 0.00220091779837574 40839428 40839428 0
6 2829 rs12211300 24161869 1 -0.00219742608144599 24161869 24161869 0
6 13648 rs9372248 110389926 1 -0.00219636786976766 110389926 110389926 0
6 11278 rs4349787 85354880 1 -0.00218331037871139 85354880 85354880 0
6 16438 rs1336370 140958047 1 0.0021827934792452 140958047 140958047 0
6 14214 rs45490498 116599859 1 -0.00218245512565976 116599859 116599859 0
6 15782 rs4631322 132917346 1 0.00217191818444164 132917346 132917346 0
6 17987 rs1996736 154946658 1 0.00217006021007569 154946658 154946658 0
6 14957 rs2195729 123590126 1 0.0021684766841623 123590126 123590126 0
6 14236 rs2250263 116834007 1 0.00216229828887001 116834007 116834007 0
6 14945 rs9385283 123343461 1 -0.00216181496741687 123343461 123343461 0
6 10970 rs310405 81800362 1 0.00215809136807644 81800362 81800362 0
6 12211 rs7774264 93867544 1 -0.00215381222198635 93867544 93867544 0
6 18982 rs10455922 163723545 1 0.0021398359341063 163723545 163723545 0
6 2846 rs1770909 24222452 1 -0.00213886146832304 24222452 24222452 0
6 15351 rs7754832 129039345 1 -0.0021313093173815 129039345 129039345 0
6 9080 rs74481685 62284240 2 -0.00212022535311673 62284240 62284240 0
6 6883 rs1061632 36457484 1 0.00211290836760673 36457484 36457484 0
6 15332 rs17460940 128813085 1 0.00210609024564857 128813085 128813085 0
6 1495 rs445714 13280958 1 -0.00209918456889918 13280958 13280958 0
6 7832 rs1321080 45358323 1 0.00209681790782767 45358323 45358323 0
6 9514 rs12662125 67848752 1 0.00208549643863154 67848752 67848752 0
6 157 rs2569844 1649347 1 0.00207872304482936 1649347 1649347 0
6 12903 rs241819 100910798 1 0.00206279978223305 100910798 100910798 0
6 11628 rs6902334 88441663 1 -0.00206247010247114 88441663 88441663 0
6 11348 rs6938017 85766507 1 -0.00206082755737066 85766507 85766507 0
6 19043 rs9456891 164309035 1 0.00205626976300196 164309035 164309035 0
6 15355 rs6569559 129141326 1 0.00205506807140403 129141326 129141326 0
6 9891 rs1857225 71829282 1 0.00205326490871514 71829282 71829282 0
6 11098 rs285989 83301415 1 -0.00205167393437795 83301415 83301415 0
6 15374 rs12190465 129383680 1 -0.00202527683881847 129383680 129383680 0
6 19176 rs12189587 165332257 1 -0.00202146345346293 165332257 165332257 0
6 15740 rs10484483 132647962 1 -0.00202142680134556 132647962 132647962 0
6 13505 rs17528372 108093657 1 -0.00201873248609515 108093657 108093657 0
6 14231 rs11544160 116784797 1 0.00200747574264376 116784797 116784797 0
6 2461 rs6911394 21350628 1 -0.00199796008670021 21350628 21350628 0
6 14227 rs9384978 116772664 1 0.00199648810243637 116772664 116772664 0
6 6659 rs11961715 34095696 1 0.00199359456514538 34095696 34095696 0
6 9297 rs6909236 66249610 1 0.00199038821357837 66249610 66249610 0
6 9875 rs9351798 71723119 1 0.00198457802098411 71723119 71723119 0
6 18111 rs4428513 156247138 2 0.00197864905581516 156247138 156247138 0
6 14100 rs4379324 115170045 1 -0.00197388239512705 115170045 115170045 0
6 12046 rs578427 92412150 1 0.00196766337771762 92412150 92412150 0
6 2141 rs1977368 19008948 1 -0.00196585754434168 19008948 19008948 0
6 13066 rs9322695 103467436 1 0.00195305633111151 103467436 103467436 0
6 16502 rs4896551 142032704 1 0.00195110532884368 142032704 142032704 0
6 1616 rs2223220 14441229 2 -0.00193574747369525 14441229 14441229 0
6 9531 rs12202269 67951164 1 -0.00192468553548222 67951164 67951164 0
6 16746 rs1884087 144258619 1 0.00190835707947623 144258619 144258619 0
6 14668 rs9387843 120874909 1 -0.00190416476088518 120874909 120874909 0
6 12901 rs17060534 100862051 1 -0.00190208739102087 100862051 100862051 0
6 6721 rs1535001 34927280 2 -0.0018995638862771 34927280 34927280 0
6 10382 rs17802413 76710341 1 0.00189756536301394 76710341 76710341 0
6 16806 rs11155366 144972270 1 0.00189535657737954 144972270 144972270 0
6 8501 rs7774904 52925277 1 -0.00188231960545798 52925277 52925277 0
6 11001 rs12213217 82195125 2 0.00187302621228159 82195125 82195125 0
6 2032 rs1324432 18300782 1 -0.00186421475558381 18300782 18300782 0
6 5703 rs34498363 32261630 1 -0.00186150896368743 32261630 32261630 0
6 6029 rs2621333 32778263 1 -0.00186121389615695 32778263 32778263 0
6 7683 rs3734690 43581586 1 0.00185495215783798 43581586 43581586 0
6 10785 rs12523953 80322860 2 0.00185242827617869 80322860 80322860 0
6 18470 rs1983633 160352497 2 -0.00185229655629304 160352497 160352497 0
6 18407 rs9355721 159805250 1 -0.00184773532878548 159805250 159805250 0
6 2211 rs6933602 19610858 1 0.00183582112126238 19610858 19610858 0
6 7956 rs172696 46885299 1 0.00182288254770529 46885299 46885299 0
6 19264 rs720701 166011637 1 -0.00181912061396135 166011637 166011637 0
6 6022 rs2621367 32768721 1 0.00181887211046254 32768721 32768721 0
6 19270 rs2983496 166026791 1 -0.00180187448396664 166026791 166026791 0
6 14054 rs6908717 114489321 1 0.00179421751928704 114489321 114489321 0
6 9532 rs9345994 67952979 1 0.00179369222553566 67952979 67952979 0
6 323 rs1885300 3029127 1 -0.00178672634881362 3029127 3029127 0
6 2426 rs6937439 21130870 1 0.00178410746783713 21130870 21130870 0
6 602 rs11962015 5618987 1 0.0017694921752321 5618987 5618987 0
6 14108 rs9387329 115733360 1 -0.00176712190761568 115733360 115733360 0
6 3447 rs200484 27775674 1 0.00175143527562213 27775674 27775674 0
6 1320 rs4711432 11799148 2 -0.00174433720367874 11799148 11799148 0
6 14958 rs11757138 123591424 1 -0.00174211187302203 123591424 123591424 0
6 2840 rs1856839 24193869 1 0.00173673646369746 24193869 24193869 0
6 14515 rs1889561 119335865 1 0.00173137346227743 119335865 119335865 0
6 18223 rs17088067 157398175 1 0.00172763084777785 157398175 157398175 0
6 16551 rs9376683 142626699 1 -0.00172710987155213 142626699 142626699 0
6 564 rs2432794 5391419 1 0.00172543633672523 5391419 5391419 0
6 19895 rs12198317 170819289 1 0.00171555116773988 170819289 170819289 0
6 18348 rs9457490 159299216 2 0.00170187269370485 159299216 159299216 0
6 4058 rs1611133 29809382 2 0.00170156312376135 29809382 29809382 0
6 18335 rs2129209 159155998 1 -0.00169207774272366 159155998 159155998 0
6 7934 rs9472830 46689762 1 0.00168850035821676 46689762 46689762 0
6 18051 rs9371891 155766944 2 -0.00168580624279107 155766944 155766944 0
6 8778 rs2063117 54632173 1 0.00168392317083475 54632173 54632173 0
6 7097 rs1937782 38629230 1 0.00167832299485944 38629230 38629230 0
6 7551 rs9369324 41993007 2 0.00167618003863087 41993007 41993007 0
6 5411 rs805274 31665194 1 -0.00166936721801786 31665194 31665194 0
6 8254 rs1327280 51252705 1 -0.00166878227623331 51252705 51252705 0
6 16508 rs6903549 142061431 1 -0.00166334057020685 142061431 142061431 0
6 17347 rs3798763 150211100 2 0.0016616056773058 150211100 150211100 0
6 19543 rs4129277 167832036 1 0.00165229733940011 167832036 167832036 0
6 9624 rs2786577 68950298 1 0.00165089458356353 68950298 68950298 0
6 1027 rs13209110 9139583 1 -0.00164982479793783 9139583 9139583 0
6 3569 rs13215804 28415572 1 -0.00164960294323341 28415572 28415572 0
6 15910 rs3777878 133821417 1 0.00164817271261105 133821417 133821417 0
6 18541 rs511215 160704943 2 0.00164663778163589 160704943 160704943 0
6 7401 rs9369228 40698365 1 -0.00164446743721393 40698365 40698365 0
6 13494 rs1728133 108035552 1 -0.00163648572885551 108035552 108035552 0
6 12886 rs6928245 100674018 1 -0.00163577835410823 100674018 100674018 0
6 1914 rs9465003 17213063 1 0.00162916486595614 17213063 17213063 0
6 14203 rs11153598 116486792 1 0.00162600790663713 116486792 116486792 0
6 16249 rs1931867 138440838 1 -0.00162151173696256 138440838 138440838 0
6 17290 rs7748981 149560966 1 0.00161973751982552 149560966 149560966 0
6 3024 rs4712905 25306732 1 0.00161862969303283 25306732 25306732 0
6 2516 rs11966463 22003895 2 0.00161814341106722 22003895 22003895 0
6 7030 rs2842510 37909084 1 0.00161756768088642 37909084 37909084 0
6 10158 rs12190643 73930950 1 0.00161563515437103 73930950 73930950 0
6 10805 rs9352767 80518249 1 -0.00160461973291644 80518249 80518249 0
6 9380 rs1903406 66656097 1 -0.00159483959912822 66656097 66656097 0
6 12491 rs17056459 96658670 2 -0.00159193004588542 96658670 96658670 0
6 66 rs6597267 795414 1 0.00159183526123344 795414 795414 0
6 18408 rs9365056 159807939 1 0.00159146717333742 159807939 159807939 0
6 16301 rs4896387 139025468 2 -0.00158437189067461 139025468 139025468 0
6 17326 rs112225 149786129 2 0.00158417483839582 149786129 149786129 0
6 8705 rs7758586 54239250 1 0.00157377186678059 54239250 54239250 0
6 6922 rs929051 36714491 1 -0.00157277993468947 36714491 36714491 0
6 495 rs1971444 4664262 1 -0.00157121407368802 4664262 4664262 0
6 9866 rs659925 71594785 1 -0.00157053803853239 71594785 71594785 0
6 15068 rs713214 124603503 1 0.00157021005245948 124603503 124603503 0
6 10741 rs4706776 80054021 1 -0.00156790200575597 80054021 80054021 0
6 14714 rs6917641 121264105 1 0.00156591837995912 121264105 121264105 0
6 12589 rs9320409 97530846 2 -0.00156418694993842 97530846 97530846 0
6 16233 rs610604 138199417 1 -0.00154939953255821 138199417 138199417 0
6 11297 rs1410172 85451301 1 -0.00154669456643346 85451301 85451301 0
6 7536 rs2479726 41898096 1 0.00154482948518947 41898096 41898096 0
6 5646 rs499691 32194339 1 -0.00154098820949827 32194339 32194339 0
6 7748 rs35623954 44270870 1 -0.00154095710288137 44270870 44270870 0
6 14127 rs10484732 115895089 1 0.00154034570004125 115895089 115895089 0
6 7343 rs1077330 40225869 1 0.00153999933456504 40225869 40225869 0
6 18318 rs317795 159085005 1 -0.00153946484188232 159085005 159085005 0
6 15110 rs535492 124863962 1 0.00153849818665536 124863962 124863962 0
6 520 rs966840 4734565 1 -0.00153230976078448 4734565 4734565 0
6 15007 rs9320941 123826573 1 -0.00153037684280085 123826573 123826573 0
6 16504 rs2024658 142041859 1 0.00152893757255704 142041859 142041859 0
6 11538 rs2026898 87497775 1 -0.00152759324994066 87497775 87497775 0
6 164 rs1962432 1680806 1 0.00152316158602393 1680806 1680806 0
6 11934 rs1556091 91344491 1 0.00152116945261597 91344491 91344491 0
6 6090 rs241443 32797115 2 -0.00152053027437178 32797115 32797115 0
6 19272 rs2983500 166034053 1 0.00151980567705174 166034053 166034053 0
6 6907 rs12528085 36668768 1 -0.00151224102223375 36668768 36668768 0
6 3411 rs4713106 27444714 1 0.00150811266712534 27444714 27444714 0
6 7037 rs4711522 37954692 1 0.00150147716787437 37954692 37954692 0
6 7685 rs6899628 43582584 1 0.00150031041518418 43582584 43582584 0
6 16195 rs6917072 137930302 1 0.00150018220095194 137930302 137930302 0
6 6734 rs820077 35033854 1 0.00149180743683346 35033854 35033854 0
6 1418 rs542119 12596998 1 0.00148664458792881 12596998 12596998 0
6 7944 rs6458525 46817982 1 -0.00148562747668621 46817982 46817982 0
6 1595 rs12191763 14188742 1 -0.0014850623590924 14188742 14188742 0
6 1349 rs9462378 12025801 1 0.00148195077550891 12025801 12025801 0
6 9888 rs12195809 71785901 1 -0.00147463401458282 71785901 71785901 0
6 11180 rs12190945 84162042 1 -0.00147185619273426 84162042 84162042 0
6 18757 rs1789993 162398976 2 -0.00146271790063873 162398976 162398976 0
6 9784 rs17766479 70681382 1 0.0014583221723613 70681382 70681382 0
6 11623 rs2754262 88405585 1 0.00145514184484032 88405585 88405585 0
6 14801 rs4946572 121809450 2 0.00144028445388971 121809450 121809450 0
6 15495 rs6569648 130349119 1 0.00143992256867906 130349119 130349119 0
6 13026 rs3849217 102670891 2 0.00143820616053598 102670891 102670891 0
6 13354 rs2763212 106760858 1 0.00143735033593424 106760858 106760858 0
6 6225 rs129653 32931536 1 -0.00143490446380234 32931536 32931536 0
6 14225 rs549262 116753995 1 0.00143355612954312 116753995 116753995 0
6 4221 rs1116221 30071330 1 -0.00142936118423811 30071330 30071330 0
6 19495 rs1015077 167526506 1 0.00141345167685969 167526506 167526506 0
6 634 rs2146448 5982090 1 0.00141219053103819 5982090 5982090 0
6 12865 rs12203515 100430062 1 -0.00141102545442322 100430062 100430062 0
6 3022 rs1883393 25297497 1 0.00141073500055371 25297497 25297497 0
6 2971 rs6930916 24881498 1 -0.00140583990458973 24881498 24881498 0
6 173 rs6909392 1689518 1 0.00140404593920649 1689518 1689518 0
6 19447 rs6913892 167199572 2 -0.00139584413838512 167199572 167199572 0
6 19244 rs1967290 165861013 1 0.00139431637374028 165861013 165861013 0
6 16510 rs12191465 142076325 1 -0.00138813841256383 142076325 142076325 0
6 18534 rs492315 160692694 1 0.00138792133988757 160692694 160692694 0
6 11078 rs11962648 82824374 1 -0.00138455616908263 82824374 82824374 0
6 13923 rs9384850 113231819 1 0.00138454485763942 113231819 113231819 0
6 15673 rs766592 132131601 1 0.00138376096574525 132131601 132131601 0
6 11893 rs2655387 90947998 1 0.00138241287539961 90947998 90947998 0
6 1017 rs17403999 9017266 1 0.00137987597738808 9017266 9017266 0
6 10050 rs2496551 72851032 1 -0.00137818909534759 72851032 72851032 0
6 18815 rs9365399 162735881 1 0.00137239748288938 162735881 162735881 0
6 6642 rs2495966 33922198 1 -0.00136689714825288 33922198 33922198 0
6 11240 rs2206985 85109688 1 0.00136346935292188 85109688 85109688 0
6 12978 rs479851 102045546 1 0.00136051093643018 102045546 102045546 0
6 18741 rs12111115 162266376 1 -0.00135569676486913 162266376 162266376 0
6 19394 rs6456083 166859572 1 0.00135448046891664 166859572 166859572 0
6 18925 rs7738903 163320074 1 0.00135017294013996 163320074 163320074 0
6 17295 rs7758080 149577079 1 -0.00135002842661814 149577079 149577079 0
6 8632 rs927795 53863915 2 0.00134459657935605 53863915 53863915 0
6 18974 rs4708985 163701950 2 0.00133940199055635 163701950 163701950 0
6 9111 rs9293882 63280866 1 -0.00133519668027481 63280866 63280866 0
6 6309 rs2116263 33025493 1 -0.0013336536234604 33025493 33025493 0
6 15475 rs7753901 130242858 1 0.0013336449235312 130242858 130242858 0
6 18461 rs4709370 160210061 1 -0.00132770484183513 160210061 160210061 0
6 13352 rs9486314 106734189 1 -0.00132607774570188 106734189 106734189 0
6 4264 rs1557608 30118582 2 0.00132430649872726 30118582 30118582 0
6 19245 rs7748041 165871066 2 0.00132093417431451 165871066 165871066 0
6 17382 rs4870302 150449865 1 0.00132074963175157 150449865 150449865 0
6 12835 rs7742890 100197285 1 -0.00131705485854887 100197285 100197285 0
6 7857 rs10498762 45743286 1 -0.00131393267094317 45743286 45743286 0
6 2358 rs4710943 20740019 1 -0.00130785168366998 20740019 20740019 0
6 14497 rs9489537 119220748 1 -0.00130592462595893 119220748 119220748 0
6 218 rs1883587 2374821 1 0.00130184323059643 2374821 2374821 0
6 7730 rs4714732 44000031 1 0.00129871716291246 44000031 44000031 0
6 18333 rs6455600 159146871 1 -0.00129128635944097 159146871 159146871 0
6 18382 rs2073138 159461931 1 -0.00128720358947953 159461931 159461931 0
6 9345 rs9453403 66491056 1 -0.00128397755755811 66491056 66491056 0
6 8896 rs16886684 55260356 1 -0.00128383383928326 55260356 55260356 0
6 11912 rs1353227 91176901 1 -0.00128114474118234 91176901 91176901 0
6 3302 rs13195509 26463660 1 0.00127673476430183 26463660 26463660 0
6 2204 rs9460376 19532627 1 0.00127520675753881 19532627 19532627 0
6 1066 rs9381380 9501859 1 0.00126664887869474 9501859 9501859 0
6 16423 rs505897 140444057 1 -0.00126607388117429 140444057 140444057 0
6 10098 rs1147570 73308513 1 0.00125781414753144 73308513 73308513 0
6 9620 rs777625 68898262 2 -0.00125258526094137 68898262 68898262 0
6 1416 rs7744797 12581921 1 0.00124477023269485 12581921 12581921 0
6 799 rs665723 7139064 1 0.00124132997246606 7139064 7139064 0
6 219 rs1883588 2374888 2 -0.00124088326358979 2374888 2374888 0
6 19116 rs7741687 165009476 1 -0.00123584978229774 165009476 165009476 0
6 3733 rs3094549 29355148 2 0.00123439951782576 29355148 29355148 0
6 16017 rs9376080 135315398 1 -0.00123116062510936 135315398 135315398 0
6 13773 rs10457242 111955435 1 0.00123040875675627 111955435 111955435 0
6 6046 rs2071472 32784620 1 0.00122726681985453 32784620 32784620 0
6 19429 rs6919949 167065891 1 0.00122515994846035 167065891 167065891 0
6 8736 rs10948828 54452797 1 0.00122484616810136 54452797 54452797 0
6 15291 rs9491839 127935568 1 0.00122226908830496 127935568 127935568 0
6 6091 rs241441 32797297 1 0.00121936837589286 32797297 32797297 0
6 7453 rs11962624 41176759 1 -0.00121821503978822 41176759 41176759 0
6 3288 rs9461249 26383386 1 -0.00121687055997227 26383386 26383386 0
6 19474 rs4710128 167282950 1 0.00121661014984049 167282950 167282950 0
6 17109 rs529563 148252713 2 0.00121446051492747 148252713 148252713 0
6 18032 rs1571766 155577823 1 0.00121017172821561 155577823 155577823 0
6 16377 rs6913354 139862246 1 0.00120503131713754 139862246 139862246 0
6 14856 rs2606645 122433255 1 0.00120462291392653 122433255 122433255 0
6 1699 rs2179168 15477030 1 0.00120295753584927 15477030 15477030 0
6 15472 rs9375677 130232043 1 -0.00120190953374613 130232043 130232043 0
6 7171 rs12203833 38937406 2 -0.0011974511699207 38937406 38937406 0
6 14330 rs11153664 117822251 1 -0.00119489676118571 117822251 117822251 0
6 6566 rs594223 33667965 2 0.00119194300061639 33667965 33667965 0
6 11493 rs9344606 87100844 1 0.00118691764049324 87100844 87100844 0
6 16729 rs7738300 144056863 1 0.0011867524134586201 144056863 144056863 0
6 8514 rs4487576 53072548 1 0.00118672534115232 53072548 53072548 0
6 4371 rs6905389 30319930 1 -0.00117973067263855 30319930 30319930 0
6 19498 rs3093023 167534290 1 -0.00117870126701093 167534290 167534290 0
6 10878 rs1341278 81038921 1 0.0011768950902277 81038921 81038921 0
6 17834 rs4599660 153367910 1 0.00117162940089551 153367910 153367910 0
6 15877 rs1336527 133635272 1 -0.0011704156458388 133635272 133635272 0
6 17113 rs646839 148258033 1 0.00116566865389989 148258033 148258033 0
6 2102 rs980959 18733216 1 -0.00116531548075287 18733216 18733216 0
6 18762 rs9364635 162442576 1 -0.00116381754394551 162442576 162442576 0
6 12097 rs11963376 92958861 1 -0.00116350826392973 92958861 92958861 0
6 12210 rs998776 93859659 1 -0.00116266803084128 93859659 93859659 0
6 14052 rs1889556 114479520 1 -0.00114843597497755 114479520 114479520 0
6 16512 rs2207236 142094949 1 -0.00114684066128423 142094949 142094949 0
6 16686 rs4142501 143904692 2 -0.0011423399978601 143904692 143904692 0
6 11017 rs10943827 82355980 1 0.00114011456424002 82355980 82355980 0
6 15254 rs1555091 127436645 1 0.00113799583112429 127436645 127436645 0
6 9838 rs564031 71008339 1 0.00113711344377359 71008339 71008339 0
6 19089 rs6915442 164663686 2 -0.00113567047824354 164663686 164663686 0
6 2533 rs16901634 22207220 1 0.00113182902590639 22207220 22207220 0
6 6878 rs664370 36393816 1 0.00113175069816819 36393816 36393816 0
6 6960 rs7772210 36936771 1 -0.00113047128095398 36936771 36936771 0
6 3546 rs9468344 28309569 1 -0.0011279252164104 28309569 28309569 0
6 1316 rs4713857 11761459 1 0.00112768121327526 11761459 11761459 0
6 3847 rs388234 29533295 1 0.00112762648031592 29533295 29533295 0
6 12738 rs12526079 99565215 1 0.00112150789361677 99565215 99565215 0
6 12092 rs12212424 92889890 1 0.00112126100029498 92889890 92889890 0
6 5393 rs7029 31629953 1 -0.00111964591385455 31629953 31629953 0
6 13853 rs2213840 112536990 1 -0.00111962695202075 112536990 112536990 0
6 16745 rs6570592 144258244 1 0.00111676061898452 144258244 144258244 0
6 13421 rs2077953 107158033 1 0.00111385824951305 107158033 107158033 0
6 13089 rs2187940 103791320 1 -0.00111166991289916 103791320 103791320 0
6 19853 rs2144667 170560679 1 -0.00111062155125662 170560679 170560679 0
6 9138 rs6922743 63967017 1 -0.00110988253933582 63967017 63967017 0
6 10625 rs7753704 78796899 1 -0.00110982871461906 78796899 78796899 0
6 19896 rs12207633 170847181 1 0.00110963642707486 170847181 170847181 0
6 6635 rs12523795 33876434 1 0.00110833397758061 33876434 33876434 0
6 11210 rs2497113 84767152 1 0.00110527193018143 84767152 84767152 0
6 136 rs11753773 1408677 1 -0.00110456407271516 1408677 1408677 0
6 10002 rs1932327 72454176 1 -0.0011035869351628 72454176 72454176 0
6 14561 rs1573046 119752825 1 0.00110271327064318 119752825 119752825 0
6 19539 rs4077196 167825895 2 0.0010990955890427 167825895 167825895 0
6 11492 rs9353399 87097985 1 -0.00109894575156134 87097985 87097985 0
6 11458 rs61875 86855532 1 0.00109840325778328 86855532 86855532 0
6 1661 rs4715925 14807697 1 0.00109760699285828 14807697 14807697 0
6 1398 rs6901053 12446475 2 -0.00109541130180608 12446475 12446475 0
6 2295 rs12205236 20470908 1 -0.00109487769913818 20470908 20470908 0
6 876 rs9379137 7788602 1 -0.0010920688618463 7788602 7788602 0
6 9460 rs9345837 67185712 1 -0.00109037376649874 67185712 67185712 0
6 3446 rs200479 27771684 1 -0.00108246069977225 27771684 27771684 0
6 2519 rs1928168 22017738 1 0.00108145820220428 22017738 22017738 0
6 9790 rs3793048 70784746 1 0.00108000995988727 70784746 70784746 0
6 8696 rs1058768 54186147 1 -0.00107867380568971 54186147 54186147 0
6 8295 rs2174861 51537351 1 0.0010687167587874 51537351 51537351 0
6 7686 rs3778492 43645833 1 0.00106729990879811 43645833 43645833 0
6 1607 rs6905081 14314883 1 -0.00106715886285138 14314883 14314883 0
6 8687 rs2297982 54172959 1 -0.00106682341665034 54172959 54172959 0
6 14918 rs9372715 123086188 1 0.00106439600376619 123086188 123086188 0
6 2480 rs12525631 21730840 1 0.00105897647086695 21730840 21730840 0
6 14419 rs6936121 118532883 1 -0.0010575622870324 118532883 118532883 0
6 17369 rs9478409 150385886 1 -0.00105553118625641 150385886 150385886 0
6 875 rs9328444 7785459 1 0.00105550881120301 7785459 7785459 0
6 15654 rs9483334 132051395 1 -0.00105533236362371 132051395 132051395 0
6 3057 rs301396 25466889 1 -0.00104793146895334 25466889 25466889 0
6 15465 rs9402186 130171667 1 0.00104703132902826 130171667 130171667 0
6 18245 rs675658 158101911 2 0.00104506384915368 158101911 158101911 0
6 17807 rs7767039 153119212 1 0.00104267855383016 153119212 153119212 0
6 12469 rs11156122 96444751 1 -0.00104155567748694 96444751 96444751 0
6 8824 rs7753268 54863080 1 0.00103980429479291 54863080 54863080 0
6 1970 rs4716191 17834316 1 -0.00103624785591738 17834316 17834316 0
6 14942 rs7762002 123323407 1 -0.0010308082070852 123323407 123323407 0
6 6682 rs11758426 34503338 1 0.00102597867983071 34503338 34503338 0
6 16348 rs17304375 139435878 1 0.00102167329315923 139435878 139435878 0
6 16728 rs7769992 144038185 1 0.00102146000536502 144038185 144038185 0
6 15398 rs12208401 129620506 2 0.00101306726776338 129620506 129620506 0
6 19125 rs903791 165115007 2 0.00101061552844936 165115007 165115007 0
6 19397 rs4710055 166886984 1 -0.00100607254486326 166886984 166886984 0
6 19132 rs6937046 165166241 2 -0.00100344660406966 165166241 165166241 0
6 808 rs9505086 7232186 1 0.00100101882289958 7232186 7232186 0
6 5230 rs12665745 31441901 1 9.99820157969286e-4 31441901 31441901 0
6 12278 rs9363108 94461990 1 -9.967996501614776e-4 94461990 94461990 0
6 5000 rs146911342 31237779 1 -9.941219872363011e-4 31237779 31237779 0
6 19717 rs2224645 169509800 1 9.914424246419116e-4 169509800 169509800 0
6 7236 rs2758873 39246856 1 -9.897508854507713e-4 39246856 39246856 0
6 14332 rs10782186 117823508 1 -9.883535822167798e-4 117823508 117823508 0
6 18488 rs3777406 160496055 1 -9.882974832493533e-4 160496055 160496055 0
6 5929 rs16898264 32677152 2 -9.88249896675126e-4 32677152 32677152 0
6 18008 rs7744915 155368063 1 9.862406613980134e-4 155368063 155368063 0
6 3885 rs1233374 29608694 1 9.854259792743667e-4 29608694 29608694 0
6 7271 rs6458116 39399659 1 -9.842652331859248e-4 39399659 39399659 0
6 7780 rs9472309 44580743 1 -9.788244290723975e-4 44580743 44580743 0
6 13201 rs7740010 104856170 1 9.757688940243484e-4 104856170 104856170 0
6 16334 rs6937089 139273129 1 9.716724404396178e-4 139273129 139273129 0
6 7826 rs9472451 45198796 1 -9.702971489751404e-4 45198796 45198796 0
6 7043 rs7765798 37986489 1 9.695557006969536e-4 37986489 37986489 0
6 11619 rs2754258 88396909 1 -9.69215380162434e-4 88396909 88396909 0
6 16016 rs12526072 135303356 1 -9.685906654656974e-4 135303356 135303356 0
6 8831 rs7746448 54930203 1 -9.662808239124588e-4 54930203 54930203 0
6 8172 rs488132 49696473 1 9.646091190877286e-4 49696473 49696473 0
6 17965 rs9397714 154705702 1 -9.5669097436441e-4 154705702 154705702 0
6 6611 rs13203745 33787746 1 -9.501147269771804e-4 33787746 33787746 0
6 2479 rs16885189 21729682 1 9.482821329722416e-4 21729682 21729682 0
6 7635 rs141065679 43017190 1 -9.469594688467564e-4 43017190 43017190 0
6 501 rs408884 4671240 1 9.448686418166036e-4 4671240 4671240 0
6 1858 rs598908 16740750 1 9.403207516158756e-4 16740750 16740750 0
6 16549 rs1953319 142583426 1 9.39115152135659e-4 142583426 142583426 0
6 14517 rs17080799 119380885 2 9.38170565476834e-4 119380885 119380885 0
6 604 rs2326632 5625287 1 -9.354251003529524e-4 5625287 5625287 0
6 17731 rs2635438 152506470 1 9.32971209272084e-4 152506470 152506470 0
6 12529 rs9398152 97063724 2 9.30582131617944e-4 97063724 97063724 0
6 6802 rs6911621 35529025 1 -9.221685627337308e-4 35529025 35529025 0
6 8353 rs1896978 51948935 1 -9.2068845813147e-4 51948935 51948935 0
6 16045 rs6922541 135482819 1 -9.175479634919111e-4 135482819 135482819 0
6 18384 rs926657 159463452 1 9.162802972255572e-4 159463452 159463452 0
6 16507 rs17071142 142054581 1 -9.10988376787458e-4 142054581 142054581 0
6 13292 rs11968354 106117591 1 9.097325321920472e-4 106117591 106117591 0
6 19439 rs12660310 167131911 2 -9.0775928945418e-4 167131911 167131911 0
6 2745 rs197988 23593375 1 9.059880926613314e-4 23593375 23593375 0
6 7712 rs833623 43898777 1 -9.006685420343838e-4 43898777 43898777 0
6 1122 rs2327221 10035875 1 -9.004480805484213e-4 10035875 10035875 0
6 12010 rs9294489 92096750 1 -8.99167239372461e-4 92096750 92096750 0
6 15053 rs9320971 124333162 1 -8.982585737624981e-4 124333162 124333162 0
6 3385 rs61746402 27293107 1 -8.95977182514119e-4 27293107 27293107 0
6 7018 rs742790 37696933 1 -8.955136416641536e-4 37696933 37696933 0
6 10848 rs16891457 80754346 1 8.952663516775927e-4 80754346 80754346 0
6 16087 rs1891362 136239179 2 -8.937936347792365e-4 136239179 136239179 0
6 10374 rs9352247 76645803 1 8.846119126109133e-4 76645803 76645803 0
6 621 rs1407793 5884859 2 8.829485500351066e-4 5884859 5884859 0
6 13015 rs7745267 102445951 1 8.789711467891705e-4 102445951 102445951 0
6 16518 rs9389954 142236407 1 -8.7746428545055e-4 142236407 142236407 0
6 831 rs2806225 7579412 1 -8.756379194179558e-4 7579412 7579412 0
6 10368 rs1280054 76540988 1 8.735801167838295e-4 76540988 76540988 0
6 7664 rs2756184 43234316 2 -8.717561582904234e-4 43234316 43234316 0
6 17091 rs501098 148185702 1 8.686951106482837e-4 148185702 148185702 0
6 16140 rs276467 137464218 1 8.684697753684242e-4 137464218 137464218 0
6 16215 rs10499196 138019666 1 -8.673232665826654e-4 138019666 138019666 0
6 9692 rs3798979 69681660 1 -8.664235434331731e-4 69681660 69681660 0
6 5931 rs9275572 32678999 1 8.661316720268202e-4 32678999 32678999 0
6 7428 rs7746902 40926958 2 -8.587540477883301e-4 40926958 40926958 0
6 5727 rs10484560 32298137 1 -8.565495112058303e-4 32298137 32298137 0
6 16727 rs1015341 144035464 1 -8.536190527929692e-4 144035464 144035464 0
6 16410 rs12193363 140233896 1 8.513152584542673e-4 140233896 140233896 0
6 16094 rs10080318 136293826 2 -8.435774656356855e-4 136293826 136293826 0
6 19611 rs2609333 168903232 1 8.386836888887373e-4 168903232 168903232 0
6 10423 rs1902852 77387073 2 -8.37270343989197e-4 77387073 77387073 0
6 8685 rs9474794 54167254 1 -8.357530431928582e-4 54167254 54167254 0
6 468 rs4959980 4456168 1 8.341021175128848e-4 4456168 4456168 0
6 423 rs723796 4031148 1 -8.335739682229133e-4 4031148 4031148 0
6 17088 rs9485225 148160266 1 -8.326419441687247e-4 148160266 148160266 0
6 17565 rs7752450 151301951 1 8.3055610071382e-4 151301951 151301951 0
6 10082 rs2789588 73143697 1 8.301039177092634e-4 73143697 73143697 0
6 19256 rs534467 165945767 1 -8.281726848572216e-4 165945767 165945767 0
6 6795 rs35080860 35443835 1 -8.239793715411149e-4 35443835 35443835 0
6 7729 rs9381279 43999697 1 8.237919172484492e-4 43999697 43999697 0
6 18038 rs9397238 155647047 1 -8.237494812958247e-4 155647047 155647047 0
6 2505 rs12210951 21936868 1 -8.216851571408012e-4 21936868 21936868 0
6 6825 rs2766597 35765043 1 8.204226329972411e-4 35765043 35765043 0
6 502 rs4960015 4672839 1 -8.202284020120225e-4 4672839 4672839 0
6 5093 rs2394985 31323557 1 -8.186529817703047e-4 31323557 31323557 0
6 9880 rs6455400 71741216 1 -8.170964619674748e-4 71741216 71741216 0
6 11554 rs11961178 87729868 1 -8.130001837867761e-4 87729868 87729868 0
6 6902 rs876581 36655445 1 8.112800450415236e-4 36655445 36655445 0
6 3672 rs7752270 29053998 1 8.091806698037336e-4 29053998 29053998 0
6 8010 rs11759777 47343809 1 8.086068739500436e-4 47343809 47343809 0
6 14006 rs1080429 114032142 1 -8.084739532972545e-4 114032142 114032142 0
6 1850 rs3812205 16699949 1 -8.081086375154366e-4 16699949 16699949 0
6 4992 rs2853961 31231989 1 8.072962398247187e-4 31231989 31231989 0
6 17779 rs17082709 152777095 1 8.048250196094776e-4 152777095 152777095 0
6 12328 rs436889 95003654 1 8.038649204483662e-4 95003654 95003654 0
6 10613 rs9361324 78684899 1 8.023713529594194e-4 78684899 78684899 0
6 13841 rs2072020 112460648 1 7.981616302177858e-4 112460648 112460648 0
6 8681 rs7754752 54164397 2 -7.972114954673121e-4 54164397 54164397 0
6 7306 rs9296308 39794653 1 7.958833981061167e-4 39794653 39794653 0
6 17393 rs877905 150532221 1 -7.899452018179378e-4 150532221 150532221 0
6 15125 rs1415766 125060716 1 -7.892517578595194e-4 125060716 125060716 0
6 6808 rs6926133 35579375 1 7.886126600761696e-4 35579375 35579375 0
6 12969 rs9386283 101997543 1 7.870350934506183e-4 101997543 101997543 0
6 9557 rs12192510 68111529 1 7.855403363970141e-4 68111529 68111529 0
6 10214 rs1437579 74542387 2 -7.850608352573627e-4 74542387 74542387 0
6 7815 rs6922660 45059674 1 7.848533784066351e-4 45059674 45059674 0
6 15734 rs1998075 132560968 2 -7.770389570611463e-4 132560968 132560968 0
6 7949 rs678312 46856100 1 -7.755960134202194e-4 46856100 46856100 0
6 15688 rs7754561 132212694 1 7.749767041858931e-4 132212694 132212694 0
6 1676 rs9370795 15143556 1 7.736223728214284e-4 15143556 15143556 0
6 1542 rs4715562 13777209 2 -7.72795161453e-4 13777209 13777209 0
6 14346 rs2501624 118053656 1 7.720164931497914e-4 118053656 118053656 0
6 877 rs13216391 7789943 1 -7.715868549310844e-4 7789943 7789943 0
6 5094 rs12528645 31323725 1 7.702201028339649e-4 31323725 31323725 0
6 16027 rs9399137 135419018 2 -7.69239722650318e-4 135419018 135419018 0
6 11422 rs41271629 86257229 1 7.691046440930407e-4 86257229 86257229 0
6 762 rs201053 6722492 1 7.671547016714791e-4 6722492 6722492 0
6 3383 rs41269261 27278179 1 -7.625852536632689e-4 27278179 27278179 0
6 8248 rs6915726 51217642 1 7.624118277771125e-4 51217642 51217642 0
6 7593 rs62414610 42559926 1 -7.606763268402786e-4 42559926 42559926 0
6 16425 rs2328026 140475571 1 -7.602355797397115e-4 140475571 140475571 0
6 16969 rs2941 146755132 1 -7.584593832306594e-4 146755132 146755132 0
6 6443 rs2076311 33145369 2 7.562538813180681e-4 33145369 33145369 0
6 15793 rs8192619 132966348 1 -7.55394698802877e-4 132966348 132966348 0
6 11479 rs9344586 86949255 1 -7.549276902033939e-4 86949255 86949255 0
6 14199 rs1064583 116446576 1 -7.540552043637178e-4 116446576 116446576 0
6 7621 rs2274515 42933526 1 -7.50780883591224e-4 42933526 42933526 0
6 17165 rs10499249 148569583 1 -7.502074701908692e-4 148569583 148569583 0
6 10947 rs12525920 81619103 1 -7.455510839032793e-4 81619103 81619103 0
6 11549 rs16878041 87666493 1 7.452841713883305e-4 87666493 87666493 0
6 6906 rs6906101 36667610 1 7.450202330180932e-4 36667610 36667610 0
6 1795 rs6914805 16281187 1 -7.443829043926053e-4 16281187 16281187 0
6 10253 rs9341461 74997693 1 -7.417873001042629e-4 74997693 74997693 0
6 15759 rs1591811 132842396 1 7.381534421220525e-4 132842396 132842396 0
6 2487 rs16885318 21832546 1 7.36330137276823e-4 21832546 21832546 0
6 12438 rs2799665 96309043 1 -7.36199018475211e-4 96309043 96309043 0
6 11459 rs220428 86857389 1 -7.357839619128309e-4 86857389 86857389 0
6 10577 rs11965779 78414494 1 -7.345855630588323e-4 78414494 78414494 0
6 6655 rs2451351 34061253 1 7.337990434303855e-4 34061253 34061253 0
6 13097 rs9377483 103862101 1 -7.337444123779365e-4 103862101 103862101 0
6 2711 rs7740800 23237776 1 7.336086611996459e-4 23237776 23237776 0
6 18236 rs9355853 158077053 1 7.329582382096333e-4 158077053 158077053 0
6 18165 rs7739135 156641429 1 7.327303050878818e-4 156641429 156641429 0
6 12100 rs1470357 92965688 1 7.325529790901885e-4 92965688 92965688 0
6 14960 rs1346920 123600707 1 -7.311625720529043e-4 123600707 123600707 0
6 13277 rs9372090 105991917 1 7.290505618939955e-4 105991917 105991917 0
6 18611 rs4252129 161152905 1 -7.2858645441497e-4 161152905 161152905 0
6 16079 rs7739804 136065411 1 7.276302269502731e-4 136065411 136065411 0
6 6675 rs6925243 34381937 1 7.271058193270955e-4 34381937 34381937 0
6 10973 rs12660400 81837758 1 7.270596146859678e-4 81837758 81837758 0
6 7835 rs7748231 45501552 1 -7.264163941774974e-4 45501552 45501552 0
6 7383 rs374336 40523970 1 -7.259669593568483e-4 40523970 40523970 0
6 14049 rs2271895 114437276 1 -7.232705518796449e-4 114437276 114437276 0
6 330 rs9392453 3086920 1 -7.217789935539708e-4 3086920 3086920 0
6 2845 rs1620407 24222074 1 -7.213555332875116e-4 24222074 24222074 0
6 17351 rs12209310 150226018 1 -7.148871252579275e-4 150226018 150226018 0
6 15833 rs11154703 133243774 1 -7.145710370711851e-4 133243774 133243774 0
6 8281 rs9381983 51412786 1 7.124368241034715e-4 51412786 51412786 0
6 9570 rs12207706 68384242 1 -7.104355232261287e-4 68384242 68384242 0
6 1113 rs13217591 9956562 1 7.098795713421912e-4 9956562 9956562 0
6 19885 rs4235988 170751904 1 -7.097715774247957e-4 170751904 170751904 0
6 10251 rs2029393 74981125 1 -7.082383487347138e-4 74981125 74981125 0
6 11386 rs313242 86057368 1 7.075805293059237e-4 86057368 86057368 0
6 15145 rs7764804 125450174 2 7.071507277307788e-4 125450174 125450174 0
6 18582 rs1810126 160872151 1 -7.038813263006848e-4 160872151 160872151 0
6 8997 rs4715607 56156125 1 7.03773676382126e-4 56156125 56156125 0
6 2585 rs883385 22523037 1 -7.037360243625453e-4 22523037 22523037 0
6 4397 rs970270 30347306 1 -7.0358545356859e-4 30347306 30347306 0
6 7930 rs1805018 46679303 1 -6.99093850586709e-4 46679303 46679303 0
6 6803 rs6924087 35531205 1 -6.989093665508047e-4 35531205 35531205 0
6 16232 rs2230926 138196066 1 6.988114953616764e-4 138196066 138196066 0
6 17867 rs11155901 153576121 1 -6.968188427493748e-4 153576121 153576121 0
6 16752 rs9403540 144292587 1 6.964333655508222e-4 144292587 144292587 0
6 16809 rs9376844 145025611 1 6.957591008126229e-4 145025611 145025611 0
6 17409 rs11760085 150591429 1 6.929634489101005e-4 150591429 150591429 0
6 19633 rs2342635 169002834 1 6.895171117449773e-4 169002834 169002834 0
6 13955 rs9488123 113582427 1 6.883566355451746e-4 113582427 113582427 0
6 1926 rs864280 17290619 2 6.868492900619015e-4 17290619 17290619 0
6 12085 rs7759851 92838614 1 6.819662787614089e-4 92838614 92838614 0
6 10621 rs9361346 78760724 1 -6.818659077006109e-4 78760724 78760724 0
6 262 rs9501873 2667689 1 6.814129260425541e-4 2667689 2667689 0
6 18476 rs6455678 160415341 1 6.805866294917898e-4 160415341 160415341 0
6 5493 rs9469069 31866418 1 6.802307912141179e-4 31866418 31866418 0
6 8036 rs115890838 47682212 1 -6.794099174637955e-4 47682212 47682212 0
6 17116 rs3861441 148264511 2 -6.782958830825853e-4 148264511 148264511 0
6 15070 rs7771967 124606520 1 6.776471690896596e-4 124606520 124606520 0
6 5398 rs805257 31634193 2 -6.774318463891871e-4 31634193 31634193 0
6 15780 rs9389008 132915398 1 6.725590714080082e-4 132915398 132915398 0
6 15140 rs9375383 125354154 1 6.719172856582503e-4 125354154 125354154 0
6 135 rs731394 1405284 2 -6.701249780604345e-4 1405284 1405284 0
6 11006 rs9294233 82271163 1 6.682095507475837e-4 82271163 82271163 0
6 16078 rs12201044 136064441 1 6.671497564820304e-4 136064441 136064441 0
6 16505 rs6913823 142047297 1 6.601179547066811e-4 142047297 142047297 0
6 13647 rs1564078 110337209 1 6.597127096436532e-4 110337209 110337209 0
6 13098 rs2399936 103885347 2 -6.584731077510463e-4 103885347 103885347 0
6 7947 rs220673 46841806 1 6.551914911029084e-4 46841806 46841806 0
6 15069 rs713215 124603670 1 6.548889128005903e-4 124603670 124603670 0
6 15295 rs675531 128040839 1 6.545866837674653e-4 128040839 128040839 0
6 12179 rs1572626 93582968 1 -6.531930234206377e-4 93582968 93582968 0
6 8774 rs17545325 54623801 1 6.524716189619262e-4 54623801 54623801 0
6 508 rs9504202 4684896 1 6.520145487368379e-4 4684896 4684896 0
6 16302 rs4895538 139034727 1 6.518953769998537e-4 139034727 139034727 0
6 15161 rs6904555 125763141 2 -6.515529178063107e-4 125763141 125763141 0
6 17111 rs510933 148255794 1 -6.487303721142639e-4 148255794 148255794 0
6 14683 rs12194792 121084577 1 -6.482455799463564e-4 121084577 121084577 0
6 11601 rs2300899 88187896 1 -6.448045559570271e-4 88187896 88187896 0
6 1571 rs9396467 14053646 1 6.445206932486462e-4 14053646 14053646 0
6 10409 rs9359208 77284830 1 -6.43088367076429e-4 77284830 77284830 0
6 19617 rs7740366 168915546 1 -6.417946499279566e-4 168915546 168915546 0
6 1555 rs1192057 13948389 2 6.404627668484589e-4 13948389 13948389 0
6 4623 rs3130785 30796738 1 -6.392453228995797e-4 30796738 30796738 0
6 13537 rs564376 109032000 1 6.34130647136344e-4 109032000 109032000 0
6 15708 rs233941 132319906 1 6.334670233464684e-4 132319906 132319906 0
6 7023 rs6929224 37746848 1 6.33010068771698e-4 37746848 37746848 0
6 13484 rs847015 108012831 2 6.300687783404697e-4 108012831 108012831 0
6 18501 rs4646275 160553007 2 -6.299862872058595e-4 160553007 160553007 0
6 8934 rs12201934 55412503 1 -6.277103950358552e-4 55412503 55412503 0
6 13441 rs311229 107399479 2 6.273108594494594e-4 107399479 107399479 0
6 4527 rs563492456 30632655 1 -6.253760786876169e-4 30632655 30632655 0
6 12427 rs4839992 96193945 1 6.252938375142623e-4 96193945 96193945 0
6 5284 rs3093998 31485174 1 6.241450595027969e-4 31485174 31485174 0
6 15452 rs9375664 130092678 2 -6.232007235417658e-4 130092678 130092678 0
6 6731 rs12204265 35008247 2 6.19550009809534e-4 35008247 35008247 0
6 16760 rs6929066 144402945 1 6.153222730025524e-4 144402945 144402945 0
6 19381 rs10946137 166651396 1 -6.147546159002763e-4 166651396 166651396 0
6 2462 rs6456419 21368617 1 -6.126052387191138e-4 21368617 21368617 0
6 10101 rs12200468 73351870 1 -6.12290181660065e-4 73351870 73351870 0
6 18660 rs12528950 161521039 1 -6.12258344170731e-4 161521039 161521039 0
6 14941 rs9372726 123305965 1 6.090868940884257e-4 123305965 123305965 0
6 1820 rs9477153 16522826 2 -6.090057830526114e-4 16522826 16522826 0
6 7506 rs728826 41443615 1 6.077354128185188e-4 41443615 41443615 0
6 13756 rs3204953 111628626 1 -6.057238463312992e-4 111628626 111628626 0
6 14944 rs12660608 123338514 1 -6.048930395474121e-4 123338514 123338514 0
6 13658 rs2334324 110617709 1 6.035058757523096e-4 110617709 110617709 0
6 17051 rs389674 147813016 1 5.988145343997492e-4 147813016 147813016 0
6 15614 rs9375796 131340998 1 5.97782934858838e-4 131340998 131340998 0
6 18456 rs9347340 160188891 1 5.961627332998181e-4 160188891 160188891 0
6 11866 rs12213272 90664582 1 -5.958053095085345e-4 90664582 90664582 0
6 17226 rs1384670 149200719 1 5.942206062388198e-4 149200719 149200719 0
6 15675 rs9493105 132138338 1 5.938131621787286e-4 132138338 132138338 0
6 13264 rs1149316 105756525 1 -5.931310427768056e-4 105756525 105756525 0
6 10125 rs9283796 73596433 2 5.930857777642366e-4 73596433 73596433 0
6 3341 rs13194491 27037080 1 -5.92828571583263e-4 27037080 27037080 0
6 1161 rs9466019 10356036 1 5.905035229855058e-4 10356036 10356036 0
6 9991 rs272213 72365557 1 -5.863916143747396e-4 72365557 72365557 0
6 15671 rs9493096 132103504 1 -5.786218391570311e-4 132103504 132103504 0
6 18078 rs12663232 156012352 1 -5.781666675834376e-4 156012352 156012352 0
6 15194 rs17708107 126163599 1 5.768621853160546e-4 126163599 126163599 0
6 12090 rs13202708 92859874 1 -5.753715619926819e-4 92859874 92859874 0
6 9792 rs12194223 70794142 1 5.690904091674793e-4 70794142 70794142 0
6 16747 rs1049846 144261480 1 5.686232761420742e-4 144261480 144261480 0
6 8968 rs12213017 55805282 1 5.667970171413511e-4 55805282 55805282 0
6 9788 rs11753925 70776980 1 5.665235862625597e-4 70776980 70776980 0
6 8153 rs12524967 49587227 2 -5.661304530380173e-4 49587227 49587227 0
6 2853 rs6923278 24247896 2 -5.652828423828502e-4 24247896 24247896 0
6 6665 rs1776897 34195011 1 -5.633516436141305e-4 34195011 34195011 0
6 12295 rs9354065 94652407 1 5.632088129564896e-4 94652407 94652407 0
6 15436 rs13203608 129993895 1 5.576911518452757e-4 129993895 129993895 0
6 6975 rs262902 37116078 1 5.565128572089578e-4 37116078 37116078 0
6 15422 rs6935162 129907587 1 5.561681397874247e-4 129907587 129907587 0
6 15861 rs6569872 133554452 1 -5.560086216683015e-4 133554452 133554452 0
6 8383 rs742552 52126705 1 -5.559982908699211e-4 52126705 52126705 0
6 17082 rs6916917 148127474 1 5.543460516216545e-4 148127474 148127474 0
6 2972 rs13192978 24885300 1 -5.531481397440485e-4 24885300 24885300 0
6 8526 rs2816364 53094839 1 5.505177145144647e-4 53094839 53094839 0
6 8390 rs9395780 52178604 1 -5.486037526507659e-4 52178604 52178604 0
6 7698 rs13211073 43768435 1 -5.44225155309551e-4 43768435 43768435 0
6 17021 rs1408575 147222900 1 5.433414477933201e-4 147222900 147222900 0
6 2341 rs979614 20662123 1 -5.423847009260215e-4 20662123 20662123 0
6 11728 rs9451101 89620255 1 5.414879804507248e-4 89620255 89620255 0
6 10160 rs6453660 73952103 1 5.396206486831802e-4 73952103 73952103 0
6 7672 rs4714684 43396856 1 -5.394843810366975e-4 43396856 43396856 0
6 7193 rs2235871 38985356 1 5.34550859011763e-4 38985356 38985356 0
6 24 rs6904638 541668 2 5.333320695282902e-4 541668 541668 0
6 19133 rs9456996 165182669 1 -5.323361801514274e-4 165182669 165182669 0
6 15777 rs3813354 132910634 1 5.285755448079679e-4 132910634 132910634 0
6 11612 rs4707380 88311975 1 -5.242178976193055e-4 88311975 88311975 0
6 1503 rs9296641 13298011 1 -5.241701038135396e-4 13298011 13298011 0
6 17313 rs9498335 149693784 1 5.237850968176097e-4 149693784 149693784 0
6 8912 rs1472641 55301723 1 -5.230067974476187e-4 55301723 55301723 0
6 10843 rs2230513 80717676 1 -5.220194930779935e-4 80717676 80717676 0
6 17869 rs1479438 153632118 1 -5.176668603273968e-4 153632118 153632118 0
6 8205 rs7757451 50318693 1 5.132299905315601e-4 50318693 50318693 0
6 19521 rs2072767 167719436 1 5.12461824497848e-4 167719436 167719436 0
6 12863 rs10499028 100352613 1 5.122316494208015e-4 100352613 100352613 0
6 14297 rs508278 117646772 1 5.104673263783364e-4 117646772 117646772 0
6 11859 rs4706352 90609718 1 5.098019830618357e-4 90609718 90609718 0
6 8642 rs10484652 53884210 2 -5.07547670529907e-4 53884210 53884210 0
6 13099 rs4945866 103889026 2 -5.063086855776624e-4 103889026 103889026 0
6 9868 rs592243 71596126 1 -5.049424685769591e-4 71596126 71596126 0
6 13402 rs898896 107063162 1 -5.038244597188375e-4 107063162 107063162 0
6 787 rs2765368 7013556 1 -5.031261990263126e-4 7013556 7013556 0
6 8629 rs1041148 53853589 1 5.024279347773391e-4 53853589 53853589 0
6 2629 rs4712708 22709603 1 -5.015361028713609e-4 22709603 22709603 0
6 18477 rs9295119 160422785 1 4.999910853567888e-4 160422785 160422785 0
6 9478 rs7747972 67403879 1 4.979462290766823e-4 67403879 67403879 0
6 17368 rs4869814 150382573 1 -4.961508309370377e-4 150382573 150382573 0
6 2186 rs9295432 19407446 1 -4.959498638269876e-4 19407446 19407446 0
6 9518 rs11968408 67877245 1 -4.929028422550176e-4 67877245 67877245 0
6 1374 rs17592421 12223922 1 4.919565157240764e-4 12223922 12223922 0
6 19446 rs9457204 167192368 1 4.912756414121497e-4 167192368 167192368 0
6 637 rs9379002 6012391 1 -4.911997027174667e-4 6012391 6012391 0
6 3970 rs9258206 29704237 1 4.910536268003819e-4 29704237 29704237 0
6 6751 rs6919534 35246903 1 -4.861072776651534e-4 35246903 35246903 0
6 2895 rs61748830 24454396 1 -4.846933770652182e-4 24454396 24454396 0
6 704 rs6597199 6343177 1 -4.813619937169206e-4 6343177 6343177 0
6 6666 rs2780226 34199092 1 -4.808592353512744e-4 34199092 34199092 0
6 19692 rs9346489 169326799 1 -4.795667259780654e-4 169326799 169326799 0
6 17144 rs4896956 148344667 1 -4.75284577153185e-4 148344667 148344667 0
6 15234 rs4273712 126964510 1 -4.681381794377697e-4 126964510 126964510 0
6 17667 rs6939683 152090324 1 4.6811694128051217e-4 152090324 152090324 0
6 11955 rs10485409 91505411 1 -4.671899867949682e-4 91505411 91505411 0
6 1900 rs4236170 17083865 1 4.668890656606375e-4 17083865 17083865 0
6 815 rs9505103 7272069 1 4.6618958679588206e-4 7272069 7272069 0
6 882 rs267184 7833429 1 4.657487915847488e-4 7833429 7833429 0
6 9922 rs828630 72043897 2 4.6555608703330705e-4 72043897 72043897 0
6 879 rs927407 7810128 1 -4.6384600721494985e-4 7810128 7810128 0
6 7842 rs2280227 45543530 1 -4.63696781071066e-4 45543530 45543530 0
6 6621 rs6905353 33813043 1 -4.635244657937076e-4 33813043 33813043 0
6 6647 rs4711374 34015765 1 4.60673511223612e-4 34015765 34015765 0
6 19229 rs4324759 165678438 1 4.600199940445887e-4 165678438 165678438 0
6 7203 rs4254984 39059679 1 4.5915925132420645e-4 39059679 39059679 0
6 8577 rs9367538 53506487 1 -4.56582445893473e-4 53506487 53506487 0
6 16873 rs4141953 145422462 1 4.548907456355257e-4 145422462 145422462 0
6 19569 rs902385 168491848 1 4.546177882457789e-4 168491848 168491848 0
6 18138 rs17186807 156468967 1 -4.544109493529948e-4 156468967 156468967 0
6 8275 rs4506043 51374756 1 -4.530202659893943e-4 51374756 51374756 0
6 10366 rs3798447 76536080 1 -4.529529053200679e-4 76536080 76536080 0
6 19168 rs9365808 165314143 1 -4.518915429566337e-4 165314143 165314143 0
6 12286 rs7765999 94568431 1 -4.513462326834909e-4 94568431 94568431 0
6 2228 rs7769632 19729381 1 4.509556940877739e-4 19729381 19729381 0
6 18903 rs6900416 163162060 2 -4.497981331289549e-4 163162060 163162060 0
6 894 rs6922018 7918311 1 4.481405025714283e-4 7918311 7918311 0
6 15116 rs635837 124910739 1 -4.4529636365694145e-4 124910739 124910739 0
6 16374 rs668459 139835689 2 4.4483350226421254e-4 139835689 139835689 0
6 1339 rs9296224 11972709 1 -4.444086772216111e-4 11972709 11972709 0
6 11575 rs1925690 87867063 1 -4.4433013442368274e-4 87867063 87867063 0
6 522 rs12665403 4737179 1 -4.439615421171118e-4 4737179 4737179 0
6 7954 rs1328957 46876243 1 -4.43471073138632e-4 46876243 46876243 0
6 5798 rs28362681 32370879 2 4.4329482130388753e-4 32370879 32370879 0
6 2432 rs1563728 21209999 1 4.409612216568084e-4 21209999 21209999 0
6 7202 rs10305492 39046794 1 4.404876602644149e-4 39046794 39046794 0
6 5416 rs2242653 31675765 1 -4.3872620755897507e-4 31675765 31675765 0
6 585 rs9405273 5524393 1 -4.387075438555228e-4 5524393 5524393 0
6 18178 rs9372001 156792873 1 4.377973510815478e-4 156792873 156792873 0
6 6653 rs2499711 34056726 1 -4.332081781234831e-4 34056726 34056726 0
6 8545 rs4712030 53317469 1 4.322213791981953e-4 53317469 53317469 0
6 16330 rs1044418 139229872 1 4.319402511730046e-4 139229872 139229872 0
6 1816 rs9396677 16466221 1 4.313644514448895e-4 16466221 16466221 0
6 16397 rs6912263 140017022 2 4.302454529256062e-4 140017022 140017022 0
6 8156 rs6934867 49599462 1 -4.2566519828116025e-4 49599462 49599462 0
6 1643 rs10484339 14598308 1 -4.2557056208803715e-4 14598308 14598308 0
6 8200 rs7750808 50125321 2 -4.2335128828417255e-4 50125321 50125321 0
6 18202 rs2095361 156963231 1 -4.233415990723275e-4 156963231 156963231 0
6 1340 rs913021 11972742 1 -4.214734934310828e-4 11972742 11972742 0
6 18759 rs9458430 162426517 1 4.212701681408302e-4 162426517 162426517 0
6 19861 rs2024694 170620572 1 -4.2066742835052465e-4 170620572 170620572 0
6 15802 rs79036037 133072571 1 -4.205391298948973e-4 133072571 133072571 0
6 6006 rs719654 32752139 1 -4.1909988696683866e-4 32752139 32752139 0
6 1417 rs16873023 12585656 1 4.188015660527383e-4 12585656 12585656 0
6 17130 rs17649567 148297083 1 4.1286643214195955e-4 148297083 148297083 0
6 7324 rs9369152 39962868 1 -4.125153504387698e-4 39962868 39962868 0
6 18118 rs9371951 156314920 1 -4.1191130609160534e-4 156314920 156314920 0
6 11503 rs1112672 87220776 1 -4.1070715662169094e-4 87220776 87220776 0
6 13666 rs964080 110710018 2 4.107065138749276e-4 110710018 110710018 0
6 3625 rs11754985 28711074 1 4.100365144418726e-4 28711074 28711074 0
6 10222 rs9447121 74754551 1 -4.099993864172772e-4 74754551 74754551 0
6 5385 rs3130050 31618761 1 -4.0930909843027295e-4 31618761 31618761 0
6 9797 rs3806022 70803453 1 4.06655194606173e-4 70803453 70803453 0
6 856 rs9392168 7649849 1 4.0496096579720995e-4 7649849 7649849 0
6 11324 rs2324765 85691102 1 -4.031671468199987e-4 85691102 85691102 0
6 19732 rs9717830 169663638 1 -4.019401569750901e-4 169663638 169663638 0
6 137 rs9405475 1441282 1 3.98572566015559e-4 1441282 1441282 0
6 2233 rs9350175 19756008 1 -3.974920059646925e-4 19756008 19756008 0
6 16292 rs6923972 138909661 1 3.957198127978984e-4 138909661 138909661 0
6 9294 rs7776123 66241604 2 3.955856271314818e-4 66241604 66241604 0
6 5004 rs5010528 31241032 1 3.945404448179498e-4 31241032 31241032 0
6 17844 rs9322409 153405793 1 3.942126806528518e-4 153405793 153405793 0
6 259 rs12203065 2666478 1 3.9158653536183914e-4 2666478 2666478 0
6 15758 rs7758170 132825982 1 -3.9082679246233153e-4 132825982 132825982 0
6 11837 rs6942026 90465626 1 -3.905805928048328e-4 90465626 90465626 0
6 10977 rs9443877 81859711 1 3.9025073303041775e-4 81859711 81859711 0
6 9543 rs13220457 68026073 1 3.8955454150042774e-4 68026073 68026073 0
6 399 rs6596999 3781719 1 3.895237809771997e-4 3781719 3781719 0
6 2646 rs4510658 22755319 1 -3.8687549143752686e-4 22755319 22755319 0
6 16437 rs17069974 140794431 2 3.866233708430035e-4 140794431 140794431 0
6 8473 rs588565 52792854 1 -3.861037493600915e-4 52792854 52792854 0
6 14598 rs1107378 120122478 1 -3.8231829959587673e-4 120122478 120122478 0
6 3633 rs209181 28792477 1 -3.817032855125065e-4 28792477 28792477 0
6 9237 rs4710286 65520297 1 -3.811666701238175e-4 65520297 65520297 0
6 7318 rs2475506 39911241 2 3.792689235394783e-4 39911241 39911241 0
6 17049 rs587008 147799122 1 3.78722861241268e-4 147799122 147799122 0
6 2406 rs4712572 20961061 1 -3.778622435703293e-4 20961061 20961061 0
6 16554 rs9496346 142669338 1 3.776616995768605e-4 142669338 142669338 0
6 13496 rs6568489 108039149 1 3.766746400387554e-4 108039149 108039149 0
6 9873 rs16869647 71707217 1 -3.759358114329504e-4 71707217 71707217 0
6 18771 rs6917371 162506568 2 -3.758101400753132e-4 162506568 162506568 0
6 13199 rs9404549 104852424 1 3.7579433164892066e-4 104852424 104852424 0
6 8979 rs12207650 55952234 1 -3.753567517144341e-4 55952234 55952234 0
6 8209 rs9349553 50715407 1 -3.7346383747041434e-4 50715407 50715407 0
6 19702 rs9364195 169410675 1 -3.720539049007534e-4 169410675 169410675 0
6 17985 rs11155986 154933171 1 -3.718946417126684e-4 154933171 154933171 0
6 16137 rs4895477 137444054 1 3.712514797765914e-4 137444054 137444054 0
6 11630 rs4707403 88466990 1 -3.701774120060995e-4 88466990 88466990 0
6 5880 rs477515 32569691 1 -3.6981694208094106e-4 32569691 32569691 0
6 19136 rs9365774 165208469 1 -3.692560765572234e-4 165208469 165208469 0
6 87 rs11755910 972155 1 3.6830867167583287e-4 972155 972155 0
6 6754 rs33959228 35259397 1 -3.6824047641293735e-4 35259397 35259397 0
6 1472 rs1223549 13171036 1 -3.66437295600216e-4 13171036 13171036 0
6 18832 rs9365410 162795058 1 3.660026028878541e-4 162795058 162795058 0
6 9971 rs12207816 72279876 2 -3.62477775376157e-4 72279876 72279876 0
6 13274 rs6912652 105981702 1 -3.620659205674989e-4 105981702 105981702 0
6 11019 rs1341230 82379575 1 3.61562994701023e-4 82379575 82379575 0
6 497 rs9328267 4665855 1 -3.601239360483653e-4 4665855 4665855 0
6 19613 rs2749251 168905583 1 3.589776935953517e-4 168905583 168905583 0
6 9691 rs3823064 69681617 1 3.588071901212546e-4 69681617 69681617 0
6 22 rs2493039 535668 1 3.583949703837042e-4 535668 535668 0
6 19049 rs7775629 164361544 1 3.575856321608211e-4 164361544 164361544 0
6 11815 rs34012596 90347511 1 3.5647512449826606e-4 90347511 90347511 0
6 7189 rs10484852 38977970 1 -3.5633798425065155e-4 38977970 38977970 0
6 5513 rs4151657 31917540 1 -3.5559402695944665e-4 31917540 31917540 0
6 2596 rs13196055 22564209 1 -3.545124596035274e-4 22564209 22564209 0
6 7779 rs9472308 44580672 1 3.537902179649533e-4 44580672 44580672 0
6 12676 rs2086512 99011501 1 3.531584373530073e-4 99011501 99011501 0
6 10485 rs13219813 77949743 1 -3.517922142250494e-4 77949743 77949743 0
6 2748 rs536104 23640863 1 3.517489389368167e-4 23640863 23640863 0
6 13694 rs3806970 110799548 1 -3.505967639872414e-4 110799548 110799548 0
6 2255 rs1202305 19922354 1 3.4933459482137756e-4 19922354 19922354 0
6 14659 rs4945660 120834919 2 -3.4856049820959655e-4 120834919 120834919 0
6 500 rs761181 4668941 1 -3.470275661607873e-4 4668941 4668941 0
6 15725 rs17061009 132399304 1 3.462475768078638e-4 132399304 132399304 0
6 4562 rs4713358 30716117 1 -3.435246125318107e-4 30716117 30716117 0
6 4736 rs9262495 30986527 1 3.3967861401792385e-4 30986527 30986527 0
6 16343 rs2498638 139397459 1 3.3419006171788763e-4 139397459 139397459 0
6 10150 rs9442891 73844174 1 3.3340354772805596e-4 73844174 73844174 0
6 15859 rs1338012 133550176 1 -3.317576374893533e-4 133550176 133550176 0
6 12340 rs457558 95057602 2 3.3099956016447015e-4 95057602 95057602 0
6 19715 rs833681 169506837 2 -3.306978874231772e-4 169506837 169506837 0
6 8942 rs9475382 55570809 2 -3.298719417487707e-4 55570809 55570809 0
6 7622 rs2274514 42934500 1 -3.29754486833833e-4 42934500 42934500 0
6 13338 rs1012894 106597639 1 3.2959877428121484e-4 106597639 106597639 0
6 6042 rs2071474 32782582 1 3.285460164910259e-4 32782582 32782582 0
6 19324 rs697462 166374108 1 3.244278705579451e-4 166374108 166374108 0
6 9952 rs9351817 72203005 1 3.231047104327809e-4 72203005 72203005 0
6 9881 rs1983678 71743738 1 3.214893298920738e-4 71743738 71743738 0
6 11419 rs6900270 86214507 1 3.2138792005306663e-4 86214507 86214507 0
6 8472 rs651733 52789828 1 -3.21018371579267e-4 52789828 52789828 0
6 19775 rs2494673 169994413 1 -3.204855647723716e-4 169994413 169994413 0
6 17439 rs13197942 150726097 1 -3.2021202848053185e-4 150726097 150726097 0
6 39 rs12530461 614353 1 3.1896721965514143e-4 614353 614353 0
6 1908 rs1408300 17154856 1 3.167477724693083e-4 17154856 17154856 0
6 6263 rs2581 32974401 1 3.1627435156117385e-4 32974401 32974401 0
6 7586 rs9369362 42462055 2 -3.1613625017502854e-4 42462055 42462055 0
6 48 rs9502388 654482 2 3.141897742911209e-4 654482 654482 0
6 10752 rs9294143 80111104 1 -3.125879803215688e-4 80111104 80111104 0
6 9 rs7749710 442410 1 3.121956729565857e-4 442410 442410 0
6 13358 rs17066910 106821393 1 3.1141151721096464e-4 106821393 106821393 0
6 7246 rs3734618 39284184 1 3.1135776818935973e-4 39284184 39284184 0
6 16591 rs10484588 142988837 1 3.107595612006449e-4 142988837 142988837 0
6 6935 rs916297 36737499 1 3.062680492174691e-4 36737499 36737499 0
6 17297 rs11968300 149580983 1 -3.055480591653341e-4 149580983 149580983 0
6 11354 rs6931497 85793173 1 -3.042270588634692e-4 85793173 85793173 0
6 11529 rs1325181 87439714 1 -3.02484504426841e-4 87439714 87439714 0
6 18235 rs6920753 158071161 1 -3.0225673013527715e-4 158071161 158071161 0
6 16212 rs602414 138011665 1 -3.0205741521110915e-4 138011665 138011665 0
6 11241 rs713170 85135586 1 -3.016216297662955e-4 85135586 85135586 0
6 17912 rs647303 154283209 1 -3.013815986070921e-4 154283209 154283209 0
6 10120 rs7740606 73489110 1 3.0109368555057995e-4 73489110 73489110 0
6 1016 rs9502754 8976039 1 3.0037771956666775e-4 8976039 8976039 0
6 1498 rs8541 13290238 1 -2.991500053815499e-4 13290238 13290238 0
6 12961 rs7754376 101982531 1 2.971370664106748e-4 101982531 101982531 0
6 7894 rs2584072 46188118 1 2.9688800900908073e-4 46188118 46188118 0
6 14246 rs117169123 116949359 1 -2.964530458080526e-4 116949359 116949359 0
6 9642 rs6455291 69283101 1 -2.9540068319954145e-4 69283101 69283101 0
6 11516 rs1538408 87338626 1 -2.9515231999472903e-4 87338626 87338626 0
6 2929 rs114422378 24535234 1 -2.947770909549923e-4 24535234 24535234 0
6 19471 rs7747434 167274198 1 2.943133532682327e-4 167274198 167274198 0
6 6231 rs683208 32937901 1 -2.935013401254863e-4 32937901 32937901 0
6 7834 rs6904353 45493083 1 2.9276237517927677e-4 45493083 45493083 0
6 1345 rs11961287 11986537 1 2.920370598362746e-4 11986537 11986537 0
6 17922 rs1799971 154360797 1 -2.908299851619621e-4 154360797 154360797 0
6 12333 rs386272 95022980 1 2.890810540226266e-4 95022980 95022980 0
6 2871 rs6942189 24429249 1 2.880532483628495e-4 24429249 24429249 0
6 16357 rs11155050 139651545 1 -2.8680491097769767e-4 139651545 139651545 0
6 641 rs9328341 6027082 1 -2.865869320478931e-4 6027082 6027082 0
6 2135 rs834362 18976445 1 2.8589885233875543e-4 18976445 18976445 0
6 8037 rs9369738 47682604 1 2.8472602913056234e-4 47682604 47682604 0
6 7221 rs6899384 39132435 1 2.8350580764374055e-4 39132435 39132435 0
6 1504 rs9296642 13298184 1 -2.834261081879082e-4 13298184 13298184 0
6 14927 rs9482300 123223696 1 -2.821047292575347e-4 123223696 123223696 0
6 1518 rs497505 13355485 1 -2.8012390430791e-4 13355485 13355485 0
6 17323 rs12192159 149767105 1 2.796490824976948e-4 149767105 149767105 0
6 8192 rs1970456 49823814 1 2.794376191390295e-4 49823814 49823814 0
6 7903 rs4711853 46457836 1 2.7941975064750036e-4 46457836 46457836 0
6 1804 rs881405 16381844 1 -2.787110083626778e-4 16381844 16381844 0
6 15612 rs1888959 131335324 1 2.7833430808740735e-4 131335324 131335324 0
6 457 rs9405724 4342127 1 -2.7733711483160414e-4 4342127 4342127 0
6 9273 rs9342464 66005888 1 2.756699297762472e-4 66005888 66005888 0
6 691 rs6597197 6253017 1 2.7542332249307696e-4 6253017 6253017 0
6 18507 rs41267797 160577011 1 -2.749509933640194e-4 160577011 160577011 0
6 16192 rs526676 137891497 2 -2.7471845742801e-4 137891497 137891497 0
6 10438 rs985454 77490717 1 -2.746244302227663e-4 77490717 77490717 0
6 18451 rs2842974 160159034 1 -2.740322644079215e-4 160159034 160159034 0
6 7618 rs1129187 42932200 1 -2.727497268608883e-4 42932200 42932200 0
6 3382 rs2281023 27277665 2 2.723926629450561e-4 27277665 27277665 0
6 15593 rs10457562 131189874 1 2.717508299196138e-4 131189874 131189874 0
6 19669 rs1040932 169175473 1 -2.70607897384331e-4 169175473 169175473 0
6 19337 rs4607409 166475713 1 -2.6991616489377456e-4 166475713 166475713 0
6 14959 rs12206156 123596860 1 -2.6959353638234657e-4 123596860 123596860 0
6 4063 rs2517879 29812974 1 2.692486912522278e-4 29812974 29812974 0
6 845 rs6908087 7617938 1 -2.692066300476187e-4 7617938 7617938 0
6 7773 rs618617 44568740 1 2.6914480625126976e-4 44568740 44568740 0
6 19207 rs12174875 165471482 1 2.6777262666571606e-4 165471482 165471482 0
6 130 rs1550198 1284697 1 2.677083013286771e-4 1284697 1284697 0
6 852 rs9392164 7643033 1 -2.6630230760581793e-4 7643033 7643033 0
6 10532 rs12211608 78218505 1 2.662509950349471e-4 78218505 78218505 0
6 1094 rs9476925 9806503 1 -2.657112670705796e-4 9806503 9806503 0
6 15625 rs543363 131451112 1 2.6564152318532953e-4 131451112 131451112 0
6 1133 rs13195786 10163968 1 2.6531768716456163e-4 10163968 10163968 0
6 7796 rs12205657 44680615 1 2.6250062652773874e-4 44680615 44680615 0
6 8525 rs7745600 53087535 1 2.623266699012262e-4 53087535 53087535 0
6 18795 rs6935949 162601116 1 -2.5969940777019723e-4 162601116 162601116 0
6 16238 rs4895508 138354180 1 2.5846047402460826e-4 138354180 138354180 0
6 14417 rs205944 118496796 1 -2.581747528109595e-4 118496796 118496796 0
6 18141 rs7749940 156490528 1 -2.5807521075701755e-4 156490528 156490528 0
6 12675 rs1481449 98971740 2 -2.579504816434797e-4 98971740 98971740 0
6 18668 rs1001422 161568354 1 -2.576287227070328e-4 161568354 161568354 0
6 4809 rs2844635 31075481 1 2.5599533316727894e-4 31075481 31075481 0
6 19253 rs569647 165932290 2 -2.5587011797797776e-4 165932290 165932290 0
6 67 rs7775255 798559 1 2.5548724525045795e-4 798559 798559 0
6 16567 rs17071819 142818428 1 2.5473288878467544e-4 142818428 142818428 0
6 15546 rs10485241 130856614 1 2.54689969266175e-4 130856614 130856614 0
6 18119 rs9384411 156315056 2 2.541109709269655e-4 156315056 156315056 0
6 15241 rs2151522 127210093 1 2.5410137721403265e-4 127210093 127210093 0
6 18650 rs12110787 161474966 1 -2.488797722269097e-4 161474966 161474966 0
6 10305 rs6918679 75532577 1 -2.488248102772562e-4 75532577 75532577 0
6 14687 rs2789074 121126482 1 -2.488204045409819e-4 121126482 121126482 0
6 16490 rs4513816 141992359 1 -2.484329193520221e-4 141992359 141992359 0
6 8013 rs4715004 47363213 1 -2.4834030309779236e-4 47363213 47363213 0
6 7925 rs41273658 46656557 1 2.4702059803271106e-4 46656557 46656557 0
6 1627 rs3817758 14540747 1 2.463415967555523e-4 14540747 14540747 0
6 19644 rs1885634 169075136 1 2.461186274352535e-4 169075136 169075136 0
6 12026 rs7747127 92263829 1 2.446781276598455e-4 92263829 92263829 0
6 10169 rs4708059 74209463 1 2.4429665315291903e-4 74209463 74209463 0
6 6809 rs7748266 35592744 1 2.4414552661354143e-4 35592744 35592744 0
6 14899 rs6914480 122949909 1 2.4397713802235677e-4 122949909 122949909 0
6 6445 rs9277934 33153528 1 2.4395025684887024e-4 33153528 33153528 0
6 18479 rs3798189 160435569 1 -2.4355672860316724e-4 160435569 160435569 0
6 13362 rs2353592 106863710 1 -2.420121288280982e-4 106863710 106863710 0
6 2208 rs2817297 19599795 1 2.417740323697422e-4 19599795 19599795 0
6 14827 rs6569227 122043606 1 2.4172776830807928e-4 122043606 122043606 0
6 15545 rs873146 130839788 1 2.4061360131607225e-4 130839788 130839788 0
6 9949 rs9351814 72193707 2 2.39202533311003e-4 72193707 72193707 0
6 12945 rs1415946 101846343 1 -2.37637858407102e-4 101846343 101846343 0
6 1297 rs9469705 11625711 1 2.374626855411949e-4 11625711 11625711 0
6 10523 rs1343491 78191262 1 -2.3691831202701937e-4 78191262 78191262 0
6 19276 rs2983516 166051508 1 -2.3667569019195832e-4 166051508 166051508 0
6 6758 rs2395617 35285720 2 -2.348712894848713e-4 35285720 35285720 0
6 44 rs9405865 625268 1 2.343634036924091e-4 625268 625268 0
6 15636 rs9483259 131684994 1 -2.3415264627956567e-4 131684994 131684994 0
6 7340 rs10947864 40217930 1 2.3378887873030512e-4 40217930 40217930 0
6 14915 rs11965644 123047590 1 2.336668785598225e-4 123047590 123047590 0
6 5327 rs2516312 31539435 2 2.3296033145758864e-4 31539435 31539435 0
6 13860 rs12209711 112624037 1 -2.32628040714264e-4 112624037 112624037 0
6 11694 rs11757661 89183580 1 2.3249357461344603e-4 89183580 89183580 0
6 8956 rs12195643 55754378 1 2.3238328267692477e-4 55754378 55754378 0
6 12172 rs1040155 93561150 2 -2.320663097504749e-4 93561150 93561150 0
6 561 rs1895646 5389729 1 2.308261056359907e-4 5389729 5389729 0
6 19602 rs6934805 168838791 1 2.3024125523812833e-4 168838791 168838791 0
6 19599 rs2147457 168810725 1 -2.300429583339565e-4 168810725 168810725 0
6 8176 rs2275597 49705182 1 -2.2996294783083992e-4 49705182 49705182 0
6 819 rs9505168 7327846 1 2.2723843244883057e-4 7327846 7327846 0
6 6717 rs6457797 34897174 1 -2.2629515031151183e-4 34897174 34897174 0
6 5499 rs644045 31883957 1 -2.257497992847763e-4 31883957 31883957 0
6 10115 rs9293911 73470432 1 2.2496137213671663e-4 73470432 73470432 0
6 19277 rs911028 166070424 1 -2.2394498397597536e-4 166070424 166070424 0
6 14341 rs210643 117901283 1 2.2294827730541113e-4 117901283 117901283 0
6 1029 rs12205137 9142017 1 -2.224600059151767e-4 9142017 9142017 0
6 3440 rs17749927 27669976 1 -2.2156692883410785e-4 27669976 27669976 0
6 19033 rs7752540 164260935 1 -2.2114548476414775e-4 164260935 164260935 0
6 11327 rs10806286 85697194 1 -2.1978594653254783e-4 85697194 85697194 0
6 15071 rs1851780 124627115 1 2.187794258226059e-4 124627115 124627115 0
6 17557 rs2073189 151258110 1 -2.184193443695827e-4 151258110 151258110 0
6 15810 rs12211425 133132500 1 -2.183420702554005e-4 133132500 133132500 0
6 15971 rs11154774 134847175 2 -2.1624630960794544e-4 134847175 134847175 0
6 11734 rs9359837 89739221 1 -2.1619686865155904e-4 89739221 89739221 0
6 17406 rs789501 150584385 1 2.1588398318099668e-4 150584385 150584385 0
6 14526 rs9372523 119460786 1 -2.158325881592968e-4 119460786 119460786 0
6 9344 rs12524044 66482647 1 -2.148649192167329e-4 66482647 66482647 0
6 9755 rs6940909 70184575 1 -2.137553346726883e-4 70184575 70184575 0
6 17156 rs13216119 148462046 1 -2.131255650102956e-4 148462046 148462046 0
6 12880 rs6908728 100619658 1 -2.1023963749714603e-4 100619658 100619658 0
6 9830 rs12194189 70949399 1 2.100948769101204e-4 70949399 70949399 0
6 2232 rs12197522 19752263 1 -2.0963511176374632e-4 19752263 19752263 0
6 11501 rs9342077 87219320 1 2.0891224147471564e-4 87219320 87219320 0
6 11627 rs2787942 88439383 1 -2.0718396668781551e-4 88439383 88439383 0
6 18797 rs11961127 162610330 1 -2.065214805703543e-4 162610330 162610330 0
6 15050 rs1022105 124329676 1 -2.0563942101959636e-4 124329676 124329676 0
6 17592 rs9397389 151629865 1 2.0539739692579053e-4 151629865 151629865 0
6 7339 rs16893089 40121489 1 -0.00020506626521736872 40121489 40121489 0
6 10387 rs6922651 76830541 1 -2.043957901232777e-4 76830541 76830541 0
6 14244 rs6568952 116932077 1 2.0412622167242448e-4 116932077 116932077 0
6 17772 rs9479313 152744750 1 2.038214940653581e-4 152744750 152744750 0
6 8016 rs1953310 47385461 1 2.030726878929876e-4 47385461 47385461 0
6 2860 rs146260219 24403411 1 2.026583583543053e-4 24403411 24403411 0
6 14689 rs2789019 121151328 2 -2.0201271585640224e-4 121151328 121151328 0
6 19750 rs408952 169812934 1 -2.0146249505153315e-4 169812934 169812934 0
6 13077 rs10484475 103614455 1 1.9979802110562625e-4 103614455 103614455 0
6 11537 rs12198149 87491157 1 1.9865269458660623e-4 87491157 87491157 0
6 7326 rs761801 39997176 1 -1.9786306706123824e-4 39997176 39997176 0
6 3881 rs29246 29588146 1 1.966226307329867e-4 29588146 29588146 0
6 17193 rs1147858 148838112 1 1.954382031917453e-4 148838112 148838112 0
6 8183 rs1019824 49730356 1 1.9445805137417832e-4 49730356 49730356 0
6 8185 rs1429599 49744632 1 1.944031394579962e-4 49744632 49744632 0
6 7571 rs61758087 42232509 2 1.9229204897400445e-4 42232509 42232509 0
6 17703 rs9371236 152306346 1 1.920242150756449e-4 152306346 152306346 0
6 1402 rs1999622 12488729 1 1.908283490505027e-4 12488729 12488729 0
6 2616 rs9366470 22678728 1 1.9036810648441073e-4 22678728 22678728 0
6 17753 rs111449472 152668211 1 1.902376235964896e-4 152668211 152668211 0
6 8843 rs9382460 55037484 1 1.8910895139124623e-4 55037484 55037484 0
6 17136 rs7767522 148326813 1 1.8897823417528815e-4 148326813 148326813 0
6 2197 rs6921277 19492819 1 -1.8855020858319057e-4 19492819 19492819 0
6 17308 rs556335 149670878 1 1.884018946557372e-4 149670878 149670878 0
6 6859 rs4713942 36227308 1 -1.873123960006797e-4 36227308 36227308 0
6 15286 rs9388584 127861239 1 -1.8708769683137727e-4 127861239 127861239 0
6 2427 rs9465991 21191928 1 1.8705282252168983e-4 21191928 21191928 0
6 9128 rs4710390 63665146 1 -1.867908685717754e-4 63665146 63665146 0
6 7657 rs11962520 43188600 1 1.865480263269721e-4 43188600 43188600 0
6 8201 rs12210112 50142856 1 1.857482248106028e-4 50142856 50142856 0
6 18798 rs1801474 162622197 1 1.8567932146386611e-4 162622197 162622197 0
6 5324 rs2857602 31533378 1 -1.848923002612502e-4 31533378 31533378 0
6 14013 rs954620 114082753 1 -1.8417074387266604e-4 114082753 114082753 0
6 19091 rs1408915 164670331 1 -1.837920971225034e-4 164670331 164670331 0
6 1137 rs6900553 10231925 1 -1.8306222930769095e-4 10231925 10231925 0
6 9764 rs6914524 70280617 1 -1.8262027140582287e-4 70280617 70280617 0
6 7362 rs6903068 40354316 1 1.818499063777844e-4 40354316 40354316 0
6 6480 rs2051625 33287183 1 -1.817404619593619e-4 33287183 33287183 0
6 13547 rs1146229 109099027 1 -1.8122133382686024e-4 109099027 109099027 0
6 18813 rs952388 162716541 1 1.8116593409449184e-4 162716541 162716541 0
6 1315 rs4713856 11761177 1 1.8103336196613432e-4 11761177 11761177 0
6 3012 rs1880269 25225513 2 1.7928332602051497e-4 25225513 25225513 0
6 9908 rs9455394 71963483 1 -1.792740333753415e-4 71963483 71963483 0
6 5902 rs9275328 32666822 1 1.7898135673366652e-4 32666822 32666822 0
6 12524 rs4839835 96894328 1 1.7857278349811404e-4 96894328 96894328 0
6 16300 rs4598095 139023312 1 -1.785417390431845e-4 139023312 139023312 0
6 14569 rs9481931 119785003 2 1.781909009799309e-4 119785003 119785003 0
6 7636 rs11558979 43029288 1 1.7801513169724248e-4 43029288 43029288 0
6 372 rs7760989 3496602 1 -1.775814651365692e-4 3496602 3496602 0
6 6845 rs9470219 36075219 1 1.7754213710692224e-4 36075219 36075219 0
6 3215 rs9295676 25928376 1 -1.7687168063424766e-4 25928376 25928376 0
6 13210 rs734724 104916564 1 -1.7668385468491436e-4 104916564 104916564 0
6 5551 rs17207923 32036788 1 1.763097435384878e-4 32036788 32036788 0
6 7255 rs9471078 39310635 1 1.762788284088539e-4 39310635 39310635 0
6 2333 rs9460540 20648762 1 -1.7588504551232397e-4 20648762 20648762 0
6 16557 rs11155242 142691549 1 -1.757451768486829e-4 142691549 142691549 0
6 9124 rs2208329 63458776 1 -1.7539129634197735e-4 63458776 63458776 0
6 6685 rs4713813 34530165 1 1.7525499560556374e-4 34530165 34530165 0
6 7781 rs9463003 44582923 1 1.7524877590908243e-4 44582923 44582923 0
6 13353 rs2787538 106735484 1 1.7310156247509774e-4 106735484 106735484 0
6 18902 rs6455848 163153238 1 1.7137669193973475e-4 163153238 163153238 0
6 10903 rs1377979 81344004 1 -1.7038023162052634e-4 81344004 81344004 0
6 6806 rs992105 35555183 1 1.6961995425283984e-4 35555183 35555183 0
6 352 rs981946 3371291 1 -1.6953515554502584e-4 3371291 3371291 0
6 8148 rs16879498 49580247 1 1.6910283548361775e-4 49580247 49580247 0
6 9116 rs10805968 63309588 1 -1.6902904783952803e-4 63309588 63309588 0
6 16399 rs10782270 140018024 1 -1.6875984256839427e-4 140018024 140018024 0
6 19589 rs6924059 168666768 1 1.683407907664777e-4 168666768 168666768 0
6 18877 rs13207671 162979056 1 -1.6830256523107668e-4 162979056 162979056 0
6 13017 rs995640 102482848 2 1.679740459978869e-4 102482848 102482848 0
6 9524 rs9360275 67895080 2 -1.6783816781976938e-4 67895080 67895080 0
6 1832 rs16878696 16634454 1 1.6761508644268225e-4 16634454 16634454 0
6 15554 rs4897445 130926413 1 1.675629440103575e-4 130926413 130926413 0
6 16085 rs9483891 136232029 1 1.675615501914658e-4 136232029 136232029 0
6 8240 rs2397030 51130487 1 -1.6731221216399603e-4 51130487 51130487 0
6 16788 rs4895643 144771845 1 -1.6637500572002048e-4 144771845 144771845 0
6 11609 rs7757636 88256092 1 -1.652785928971463e-4 88256092 88256092 0
6 2991 rs4712872 24990786 1 1.6481767400149363e-4 24990786 24990786 0
6 19475 rs9366069 167298751 2 -1.642220675306596e-4 167298751 167298751 0
6 2796 rs9295609 23979222 1 1.6391470967090717e-4 23979222 23979222 0
6 8175 rs597544 49703857 1 1.636378881275515e-4 49703857 49703857 0
6 4874 rs3094225 31113052 1 1.6341449897244164e-4 31113052 31113052 0
6 13356 rs683456 106799104 1 -1.623366657291496e-4 106799104 106799104 0
6 1751 rs10498686 16007935 1 -1.604247198180392e-4 16007935 16007935 0
6 6773 rs9462081 35376006 1 1.6032537813939578e-4 35376006 35376006 0
6 9263 rs9453211 65873577 1 1.5728910282198285e-4 65873577 65873577 0
6 1590 rs861208 14165108 1 -1.560104094828938e-4 14165108 14165108 0
6 757 rs760894 6656198 2 -1.5489232186123716e-4 6656198 6656198 0
6 8959 rs9396162 55766417 1 1.543659543874351e-4 55766417 55766417 0
6 13079 rs494028 103624808 1 1.539364926989486e-4 103624808 103624808 0
6 12075 rs13194228 92687036 1 -1.53727122295861e-4 92687036 92687036 0
6 18607 rs4252114 161143190 1 1.52368281395438e-4 161143190 161143190 0
6 16294 rs9484186 138929434 1 1.5216759706645073e-4 138929434 138929434 0
6 8084 rs6921664 48321410 1 -1.5169052217259646e-4 48321410 48321410 0
6 17224 rs7761991 149141278 1 -1.4991067425787068e-4 149141278 149141278 0
6 7825 rs6901786 45186173 1 1.4854293035600994e-4 45186173 45186173 0
6 10808 rs1590244 80540223 1 1.4825621491515505e-4 80540223 80540223 0
6 11184 rs12203860 84174401 1 1.4791389260618556e-4 84174401 84174401 0
6 16547 rs7745188 142580952 1 -1.469196611972653e-4 142580952 142580952 0
6 11229 rs7775689 85059075 1 -1.468644049286967e-4 85059075 85059075 0
6 7565 rs4711710 42138533 1 -1.4611690171672246e-4 42138533 42138533 0
6 18281 rs7755193 158644859 1 -1.4555606700338307e-4 158644859 158644859 0
6 6866 rs4713956 36275458 1 1.450182862102078e-4 36275458 36275458 0
6 3619 rs1954407 28695149 1 1.4479688745405131e-4 28695149 28695149 0
6 1743 rs6932716 15923323 1 1.442126236056298e-4 15923323 15923323 0
6 2441 rs1459044 21250287 1 1.440578341620068e-4 21250287 21250287 0
6 2822 rs12215160 24142938 1 1.4370944799082136e-4 24142938 24142938 0
6 7041 rs4711523 37978172 1 1.428030180373275e-4 37978172 37978172 0
6 8977 rs9370479 55937271 1 -1.427927635744568e-4 55937271 55937271 0
6 13022 rs3849205 102601177 1 1.4180957370396263e-4 102601177 102601177 0
6 19597 rs9456079 168783451 1 1.4139679270275957e-4 168783451 168783451 0
6 14662 rs4535586 120857815 1 -1.4073591059363244e-4 120857815 120857815 0
6 9569 rs12200729 68384198 1 -1.401728555001373e-4 68384198 68384198 0
6 14702 rs17082894 121221289 1 -1.3947773897649384e-4 121221289 121221289 0
6 260 rs12203132 2666549 2 -1.3934737246213308e-4 2666549 2666549 0
6 15142 rs497277 125376102 1 -1.3859988552828963e-4 125376102 125376102 0
6 14943 rs4243496 123326275 1 1.3840847917292478e-4 123326275 123326275 0
6 17671 rs543650 152110943 1 -1.3729460295291851e-4 152110943 152110943 0
6 481 rs6907555 4539480 1 1.3725563429528272e-4 4539480 4539480 0
6 11656 rs806365 88845949 1 -1.359996594568104e-4 88845949 88845949 0
6 15309 rs10484716 128175722 2 -1.3518526746417308e-4 128175722 128175722 0
6 18756 rs1789994 162396659 1 1.3499259020921447e-4 162396659 162396659 0
6 3395 rs2143062 27353852 1 -1.34382823285547e-4 27353852 27353852 0
6 13627 rs1096136 110016656 1 1.341648508778369e-4 110016656 110016656 0
6 2433 rs12201217 21211797 1 1.3395740930807214e-4 21211797 21211797 0
6 8121 rs503422 49337199 1 1.33064247937868e-4 49337199 49337199 0
6 19558 rs9455929 168399960 1 -1.3305552816824187e-4 168399960 168399960 0
6 16193 rs526077 137920217 1 1.316501551117467e-4 137920217 137920217 0
6 6097 rs241437 32797684 1 -1.3114035575674686e-4 32797684 32797684 0
6 263 rs9405575 2668872 1 1.3112655004528383e-4 2668872 2668872 0
6 2428 rs6926388 21204796 1 1.2953572154008082e-4 21204796 21204796 0
6 15128 rs9375372 125122731 2 1.2922574752556896e-4 125122731 125122731 0
6 15363 rs9482955 129236954 1 1.289283446296729e-4 129236954 129236954 0
6 11259 rs6936385 85228896 1 1.2888310941092047e-4 85228896 85228896 0
6 18500 rs1479355 160530626 1 -1.287287922528163e-4 160530626 160530626 0
6 11911 rs1145721 91168953 1 -1.285145234122083e-4 91168953 91168953 0
6 13293 rs845864 106132323 1 1.2834408228357773e-4 106132323 106132323 0
6 11085 rs9294254 82958246 1 1.2801269329917314e-4 82958246 82958246 0
6 12441 rs2785910 96332506 1 1.2622042891073407e-4 96332506 96332506 0
6 19783 rs41265385 170068086 1 1.2597364857535906e-4 170068086 170068086 0
6 514 rs3812183 4715882 1 1.2504438586387486e-4 4715882 4715882 0
6 13399 rs4946768 107027481 1 1.237285069389444e-4 107027481 107027481 0
6 6428 rs2235499 33129964 1 -1.22580319611089e-4 33129964 33129964 0
6 18107 rs9371942 156234522 1 1.2235753956881844e-4 156234522 156234522 0
6 13470 rs4440495 107906652 1 -1.2131096185715376e-4 107906652 107906652 0
6 7031 rs2842512 37909855 1 -1.2118250262016818e-4 37909855 37909855 0
6 12289 rs2801558 94623305 1 -1.2094999022969976e-4 94623305 94623305 0
6 1793 rs9477074 16269363 2 1.2074836599020708e-4 16269363 16269363 0
6 6852 rs2859131 36119657 1 1.204360298683502e-4 36119657 36119657 0
6 2419 rs201327 21046035 1 1.2003418447152184e-4 21046035 21046035 0
6 12878 rs2474251 100601918 1 -1.1966931039556492e-4 100601918 100601918 0
6 10038 rs9446555 72758831 1 -1.192612116563712e-4 72758831 72758831 0
6 15371 rs11154461 129368803 1 -1.1876633848261448e-4 129368803 129368803 0
6 10254 rs9360769 74998457 1 1.1822791028943548e-4 74998457 74998457 0
6 957 rs7453084 8352004 1 1.1690296008839968e-4 8352004 8352004 0
6 11539 rs6454568 87500445 1 -1.1647960271739088e-4 87500445 87500445 0
6 17455 rs4134337 150776874 1 -1.1602856341084304e-4 150776874 150776874 0
6 5516 rs2072633 31919578 1 -1.1572625541583846e-4 31919578 31919578 0
6 7859 rs7746680 45777347 1 -1.1254917606692032e-4 45777347 45777347 0
6 10397 rs7759390 77159742 1 -1.1237029386479626e-4 77159742 77159742 0
6 18987 rs4709708 163761520 1 1.1231664599939112e-4 163761520 163761520 0
6 15 rs11242909 477065 1 -1.1217291283391368e-4 477065 477065 0
6 1015 rs11751589 8975508 1 -1.1214504731430076e-4 8975508 8975508 0
6 13625 rs2145144 110007258 1 1.1137406932765342e-4 110007258 110007258 0
6 11648 rs677120 88675020 1 1.1131772259162386e-4 88675020 88675020 0
6 296 rs11242807 2906147 2 1.1119652060027027e-4 2906147 2906147 0
6 1698 rs2064100 15476048 1 1.1045302801092987e-4 15476048 15476048 0
6 9086 rs1715026 62515691 1 1.0978660992951723e-4 62515691 62515691 0
6 7821 rs1285019 45167672 2 1.0918252908582376e-4 45167672 45167672 0
6 14135 rs9400861 115937730 1 1.0884899542298608e-4 115937730 115937730 0
6 3875 rs740884 29574631 1 1.0876593608903783e-4 29574631 29574631 0
6 6048 rs2071470 32784753 1 1.086400947290176e-4 32784753 32784753 0
6 6778 rs2076167 35391787 2 1.0850269125660244e-4 35391787 35391787 0
6 17080 rs4121999 148105936 1 1.07599462873153e-4 148105936 148105936 0
6 12358 rs222557 95215845 1 -1.0659480923465065e-4 95215845 95215845 0
6 13613 rs9386813 109870688 1 -1.0622368036820535e-4 109870688 109870688 0
6 6954 rs707998 36925774 1 -1.0539193353529942e-4 36925774 36925774 0
6 4153 rs2240619 29975453 1 1.0526230774313628e-4 29975453 29975453 0
6 10179 rs382041 74307685 1 1.051769061464021e-4 74307685 74307685 0
6 2325 rs10484633 20631011 1 1.04964572585396e-4 20631011 20631011 0
6 10449 rs7742422 77571842 1 -1.0494516906467883e-4 77571842 77571842 0
6 7895 rs2799354 46190377 1 1.0477244608377522e-4 46190377 46190377 0
6 55 rs1890366 697754 1 -1.0439460829748847e-4 697754 697754 0
6 15596 rs6938586 131209404 1 1.0423766087591596e-4 131209404 131209404 0
6 7973 rs45598235 46977783 1 1.0396561495984312e-4 46977783 46977783 0
6 17230 rs9390633 149237490 1 -1.0362391564074364e-4 149237490 149237490 0
6 9940 rs1727638 72139572 2 -1.0323165238077072e-4 72139572 72139572 0
6 2486 rs6916032 21805714 1 1.0282618571270636e-4 21805714 21805714 0
6 10048 rs9351889 72825419 1 1.0259313858970944e-4 72825419 72825419 0
6 1802 rs9383153 16343056 1 1.019872827811709e-4 16343056 16343056 0
6 14101 rs11153523 115194099 1 1.0084679721492522e-4 115194099 115194099 0
6 16575 rs13217677 142921498 1 1.0015302330332456e-4 142921498 142921498 0
6 2230 rs9460408 19739943 1 9.960797738734856e-5 19739943 19739943 0
6 10639 rs6911371 78953246 1 9.950285354333868e-5 78953246 78953246 0
6 16850 rs9322015 145289421 1 9.74839038130686e-5 145289421 145289421 0
6 1358 rs6910367 12093331 1 -9.71590521952372e-5 12093331 12093331 0
6 17659 rs3020343 152054363 1 9.686000518343376e-5 152054363 152054363 0
6 5942 rs3873444 32682724 1 9.676711010589808e-5 32682724 32682724 0
6 17997 rs6934056 155279785 1 9.676474505990696e-5 155279785 155279785 0
6 10700 rs9352613 79424433 1 -9.632598217424304e-5 79424433 79424433 0
6 798 rs1285879 7137363 1 9.547063804074168e-5 7137363 7137363 0
6 11578 rs61744959 87970650 1 -9.543508281355118e-5 87970650 87970650 0
6 7703 rs943080 43826627 1 -9.438972882791968e-5 43826627 43826627 0
6 11865 rs3966851 90654861 1 -9.39474745702935e-5 90654861 90654861 0
6 7782 rs4714801 44584387 1 -9.353837510521914e-5 44584387 44584387 0
6 8170 rs36069724 49663567 1 -9.287359820482456e-5 49663567 49663567 0
6 3646 rs3763338 28894311 1 9.160952668958144e-5 28894311 28894311 0
6 6504 rs191549504 33411673 1 9.120090893786114e-5 33411673 33411673 0
6 10640 rs1377139 78955109 1 -9.118311661928232e-5 78955109 78955109 0
6 4802 rs2517403 31067009 1 9.105573165648173e-5 31067009 31067009 0
6 7169 rs10947767 38921240 1 9.058514828379718e-5 38921240 38921240 0
6 15492 rs1337775 130334365 1 -8.976150292195996e-5 130334365 130334365 0
6 17311 rs6911411 149688090 1 8.973078563933334e-5 149688090 149688090 0
6 16444 rs1856384 141214296 2 -8.840555519755059e-5 141214296 141214296 0
6 12259 rs12212828 94237476 1 -8.803476820061952e-5 94237476 94237476 0
6 13678 rs9487402 110746545 1 -8.783015500816347e-5 110746545 110746545 0
6 11383 rs9362180 86011079 2 8.700804881625536e-5 86011079 86011079 0
6 752 rs763405 6619698 1 8.588960863710522e-5 6619698 6619698 0
6 2431 rs9358397 21209227 1 -8.574624311662589e-5 21209227 21209227 0
6 8536 rs1429143 53264485 1 -8.5594982114066e-5 53264485 53264485 0
6 17615 rs17081341 151837570 1 8.492974996223762e-5 151837570 151837570 0
6 2795 rs16888397 23978607 1 8.437465615480482e-5 23978607 23978607 0
6 18860 rs4709612 162875706 1 -8.405506641371748e-5 162875706 162875706 0
6 2567 rs2153804 22499320 1 -8.374050030630621e-5 22499320 22499320 0
6 13390 rs1770718 106993015 1 -8.3218893687392e-5 106993015 106993015 0
6 18630 rs1247336 161377557 1 8.180499028424899e-5 161377557 161377557 0
6 18597 rs41272114 161006077 1 -8.087194661148313e-5 161006077 161006077 0
6 15555 rs9492657 130927023 1 8.073659993596902e-5 130927023 130927023 0
6 17810 rs9371645 153209197 1 -8.070645307308125e-5 153209197 153209197 0
6 16684 rs11155304 143903156 1 -8.034880025972395e-5 143903156 143903156 0
6 19391 rs9356478 166751416 2 -7.98559768972174e-5 166751416 166751416 0
6 245 rs1254722 2579405 1 -7.935734905930176e-5 2579405 2579405 0
6 15768 rs8192627 132874814 1 -7.932423568005764e-5 132874814 132874814 0
6 15455 rs17473162 130140120 1 7.926642274729633e-5 130140120 130140120 0
6 6530 rs530878 33551514 1 -7.913271837154754e-5 33551514 33551514 0
6 4723 rs1634719 30973165 1 7.609395578689935e-5 30973165 30973165 0
6 4563 rs567302900 30719909 2 -7.590395401445331e-5 30719909 30719909 0
6 8111 rs2516114 49162686 1 7.51072635890339e-5 49162686 49162686 0
6 6303 rs9277052 33005932 1 7.37479894698399e-5 33005932 33005932 0
6 15741 rs2876186 132728085 2 -7.288922121514475e-5 132728085 132728085 0
6 17364 rs11155700 150368264 1 7.264134540906086e-5 150368264 150368264 0
6 14793 rs6931977 121790695 1 -7.238729847488112e-5 121790695 121790695 0
6 6388 rs3129269 33097614 1 7.183888731472613e-5 33097614 33097614 0
6 6957 rs7755143 36933170 1 -7.161905711101597e-5 36933170 36933170 0
6 14800 rs6937659 121802312 1 7.105005060285632e-5 121802312 121802312 0
6 1411 rs6907466 12544251 1 7.097404443961831e-5 12544251 12544251 0
6 1401 rs2876273 12484118 1 7.011385101005336e-5 12484118 12484118 0
6 13413 rs34221917 107100396 1 -6.982618771951127e-5 107100396 107100396 0
6 15377 rs9388686 129425564 1 6.921104470014993e-5 129425564 129425564 0
6 17404 rs3734729 150570867 1 6.90968066697165e-5 150570867 150570867 0
6 9446 rs6900214 67088132 1 -6.857014559561071e-5 67088132 67088132 0
6 1440 rs17679286 12828434 1 6.837684432871545e-5 12828434 12828434 0
6 2722 rs9466754 23347873 1 -6.822752308869417e-5 23347873 23347873 0
6 6786 rs2395626 35422754 1 6.685637134248211e-5 35422754 35422754 0
6 7044 rs1472364 37990758 1 6.667952779496759e-5 37990758 37990758 0
6 11839 rs6910277 90476276 2 -6.63942719367672e-5 90476276 90476276 0
6 19215 rs2758933 165528860 1 -6.464003492388317e-5 165528860 165528860 0
6 13384 rs13193036 106970540 1 -6.370783691539372e-5 106970540 106970540 0
6 13639 rs13209604 110176543 1 6.282361776985738e-5 110176543 110176543 0
6 15806 rs12204027 133122831 1 -6.268270742547613e-5 133122831 133122831 0
6 11347 rs725227 85761559 1 -6.122140515369151e-5 85761559 85761559 0
6 15765 rs9389005 132867959 1 -6.052695186762046e-5 132867959 132867959 0
6 7451 rs4714432 41171314 1 -5.8615546072800456e-5 41171314 41171314 0
6 18667 rs1880367 161566405 1 5.788934835838154e-5 161566405 161566405 0
6 7009 rs12191285 37603516 1 5.728124755715379e-5 37603516 37603516 0
6 1002 rs6901566 8835912 1 -5.703289014716745e-5 8835912 8835912 0
6 11064 rs34341363 82765836 1 -5.7005419341397504e-5 82765836 82765836 0
6 7739 rs9369465 44169237 1 -5.667211201444164e-5 44169237 44169237 0
6 12288 rs1352381 94616124 2 5.545534628763864e-5 94616124 94616124 0
6 8547 rs7762921 53319569 1 5.316452374745245e-5 53319569 53319569 0
6 6676 rs16889706 34384852 1 -5.2734393898401865e-5 34384852 34384852 0
6 5464 rs2227956 31778272 1 5.2320023584468255e-5 31778272 31778272 0
6 3736 rs9257809 29356331 1 5.159301298028467e-5 29356331 29356331 0
6 2990 rs9461088 24971721 1 5.113364743759018e-5 24971721 24971721 0
6 19712 rs9689891 169504490 1 5.072201865177821e-5 169504490 169504490 0
6 3032 rs2206194 25340482 1 -5.0640592858891025e-5 25340482 25340482 0
6 18583 rs3088442 160872652 2 -5.050170655922844e-5 160872652 160872652 0
6 12143 rs2730835 93279039 1 5.0423511996610285e-5 93279039 93279039 0
6 13518 rs9374013 108381347 1 -5.041256772062039e-5 108381347 108381347 0
6 13363 rs7767036 106881308 1 5.027337423596321e-5 106881308 106881308 0
6 9120 rs4415141 63376194 1 5.022751635874195e-5 63376194 63376194 0
6 1123 rs855398 10047914 2 -4.9759869472303965e-5 10047914 10047914 0
6 2709 rs4247256 23214201 1 -4.796787312342292e-5 23214201 23214201 0
6 16856 rs2069128 145342763 1 4.754191642397265e-5 145342763 145342763 0
6 3627 rs1233585 28716345 1 4.665347971372318e-5 28716345 28716345 0
6 15009 rs4612191 123835147 1 -4.634510507712992e-5 123835147 123835147 0
6 6767 rs6919334 35341875 1 -4.5841976889243906e-5 35341875 35341875 0
6 12215 rs16870967 93880964 2 -4.5465877951922065e-5 93880964 93880964 0
6 2526 rs10946507 22100367 1 -4.452636108428327e-5 22100367 22100367 0
6 14520 rs2357161 119412952 1 -4.424329084201069e-5 119412952 119412952 0
6 13529 rs9372187 108875645 1 4.404317362051488e-5 108875645 108875645 0
6 16056 rs737561 135754471 1 4.4020441712838034e-5 135754471 135754471 0
6 9820 rs658805 70909073 1 4.381581334951423e-5 70909073 70909073 0
6 8246 rs1536504 51206168 1 4.276917937053331e-5 51206168 51206168 0
6 17791 rs1554783 152877077 1 4.258143456696495e-5 152877077 152877077 0
6 19075 rs9458996 164541324 1 -4.231294909010163e-5 164541324 164541324 0
6 11557 rs7740936 87737693 1 4.218877010989874e-5 87737693 87737693 0
6 17027 rs17076578 147357913 1 4.103175102155195e-5 147357913 147357913 0
6 8637 rs9382274 53877181 1 4.0183769732147566e-5 53877181 53877181 0
6 18417 rs2880107 159886303 1 -3.980389021128295e-5 159886303 159886303 0
6 9271 rs697305 65972053 1 3.941499075069949e-5 65972053 65972053 0
6 10367 rs1280049 76536333 1 -3.9318139858280385e-5 76536333 76536333 0
6 18535 rs3119311 160693107 1 -3.906524617465748e-5 160693107 160693107 0
6 12909 rs1392969 101091434 1 3.8580276490731365e-5 101091434 101091434 0
6 13528 rs6911407 108867031 1 -3.853438071890138e-5 108867031 108867031 0
6 17408 rs7741814 150590784 1 3.822710411461226e-5 150590784 150590784 0
6 14532 rs17441930 119499250 1 -3.821971795442109e-5 119499250 119499250 0
6 7845 rs6941971 45587594 1 3.783357788532789e-5 45587594 45587594 0
6 6722 rs9368842 34942380 1 3.7740208565896935e-5 34942380 34942380 0
6 15686 rs1044548 132211763 2 3.7653702448079264e-5 132211763 132211763 0
6 17322 rs9498354 149762851 1 3.730808433512894e-5 149762851 149762851 0
6 11698 rs959186 89193994 1 -3.720660318605789e-5 89193994 89193994 0
6 12096 rs9451963 92941472 1 -3.7083170264001246e-5 92941472 92941472 0
6 8985 rs724678 56120294 1 -3.662974902511017e-5 56120294 56120294 0
6 14004 rs9488242 114030316 1 -3.649372445753929e-5 114030316 114030316 0
6 13969 rs6568783 113716570 1 3.6474201485916225e-5 113716570 113716570 0
6 255 rs12526097 2626824 1 -3.644955056008017e-5 2626824 2626824 0
6 2410 rs383684 20981435 1 -3.5951026183121143e-5 20981435 20981435 0
6 14322 rs6942067 117785696 2 -3.579960934657362e-5 117785696 117785696 0
6 1511 rs1866863 13336815 1 3.556908246998666e-5 13336815 13336815 0
6 7578 rs260225 42319307 1 -3.5302114799720716e-5 42319307 42319307 0
6 8628 rs1570916 53851341 2 3.491468053331946e-5 53851341 53851341 0
6 7691 rs7749629 43714001 1 -3.454731672542057e-5 43714001 43714001 0
6 16919 rs6910793 145800915 1 3.419571507435381e-5 145800915 145800915 0
6 9013 rs653872 56283552 1 3.415542339885204e-5 56283552 56283552 0
6 13265 rs6902999 105759546 1 3.379485906795633e-5 105759546 105759546 0
6 14144 rs9374564 116014608 1 3.3216319488422285e-5 116014608 116014608 0
6 16534 rs225676 142514226 1 3.176275474279796e-5 142514226 142514226 0
6 15077 rs4478425 124677633 1 3.116534118995834e-5 124677633 124677633 0
6 1865 rs547491 16745530 1 2.996674563788988e-5 16745530 16745530 0
6 12357 rs222556 95215623 1 -2.987770114177832e-5 95215623 95215623 0
6 13397 rs11968064 107022395 1 2.967384804914165e-5 107022395 107022395 0
6 5019 rs9461684 31253444 1 2.8881833719681336e-5 31253444 31253444 0
6 15451 rs4895856 130092485 1 2.8625133752510215e-5 130092485 130092485 0
6 9541 rs12199119 68024278 1 -2.8072437713689125e-5 68024278 68024278 0
6 7576 rs4714598 42282393 1 -2.799725491051159e-5 42282393 42282393 0
6 2791 rs9295608 23977762 1 2.7480429536289263e-5 23977762 23977762 0
6 17197 rs8641 148869910 1 2.713460003611715e-5 148869910 148869910 0
6 18201 rs1272565 156960439 1 -2.657087574299556e-5 156960439 156960439 0
6 5233 rs2844502 31445216 1 2.6331779154994493e-5 31445216 31445216 0
6 1835 rs12198838 16639979 1 -2.6226567095202343e-5 16639979 16639979 0
6 5356 rs3763295 31587938 1 -2.3989633580084756e-5 31587938 31587938 0
6 8504 rs4715383 53045749 1 2.352431392163064e-5 53045749 53045749 0
6 5534 rs474534 31938107 1 -2.349816090527921e-5 31938107 31938107 0
6 14328 rs9489215 117817126 1 2.347933976334296e-5 117817126 117817126 0
6 1517 rs6926971 13350427 2 -2.328349601673274e-5 13350427 13350427 0
6 18682 rs6455717 161725801 1 2.3115342614425347e-5 161725801 161725801 0
6 16751 rs9373409 144287218 1 2.2658466398514023e-5 144287218 144287218 0
6 16593 rs13206398 142991072 1 2.251583724220368e-5 142991072 142991072 0
6 12256 rs902160 94214998 1 2.2247566051781578e-5 94214998 94214998 0
6 11943 rs1923075 91376033 1 -2.2201786249298977e-5 91376033 91376033 0
6 8178 rs699977 49716228 1 2.163444900615326e-5 49716228 49716228 0
6 10100 rs6913237 73343796 1 2.119567346072902e-5 73343796 73343796 0
6 10320 rs2300795 75825181 1 1.981611292048589e-5 75825181 75825181 0
6 16060 rs4896151 135829796 1 1.959742237041935e-5 135829796 135829796 0
6 4012 rs9258303 29742930 1 1.9356473891580947e-5 29742930 29742930 0
6 13420 rs2798361 107154445 1 1.92396205140507e-5 107154445 107154445 0
6 17975 rs4870294 154787639 1 1.897212218678386e-5 154787639 154787639 0
6 7090 rs2180106 38560215 1 -1.8866962430753608e-5 38560215 38560215 0
6 1997 rs6913209 18054948 1 1.875208559495902e-5 18054948 18054948 0
6 6106 rs241429 32803840 1 1.846942855169486e-5 32803840 32803840 0
6 16552 rs9399398 142627499 1 -1.8258808425382237e-5 142627499 142627499 0
6 1078 rs2206553 9590282 1 -1.5972940944822542e-5 9590282 9590282 0
6 1496 rs435466 13284204 1 -1.5144270238924218e-5 13284204 13284204 0
6 17600 rs3734795 151674593 1 1.5041991197368412e-5 151674593 151674593 0
6 18688 rs7766508 161793319 1 1.4213051662952754e-5 161793319 161793319 0
6 17674 rs7753153 152148098 1 -1.319612866241192e-5 152148098 152148098 0
6 15375 rs10456976 129383986 1 -1.3090345978343815e-5 129383986 129383986 0
6 18561 rs7740824 160808901 1 -1.267027295603929e-5 160808901 160808901 0
6 11227 rs1883897 85054710 1 -1.2596439694766524e-5 85054710 85054710 0
6 10080 rs7740241 73135441 1 1.2365649295072057e-5 73135441 73135441 0
6 15348 rs506953 129022203 1 -1.139262627788407e-5 129022203 129022203 0
6 10528 rs13212091 78206683 1 -1.136958947941632e-5 78206683 78206683 0
6 3233 rs2237231 26017171 1 -1.1027019974613436e-5 26017171 26017171 0
6 6389 rs6901221 33098276 1 1.0989404982168624e-5 33098276 33098276 0
6 13483 rs1006074 108006922 1 1.0980896622897536e-5 108006922 108006922 0
6 18241 rs629218 158097475 1 1.0391082361221471e-5 158097475 158097475 0
6 19195 rs7775006 165397404 1 -1.0151779585613371e-5 165397404 165397404 0
6 3310 rs9357008 26479891 1 -9.669203445017e-6 26479891 26479891 0
6 1812 rs932412 16425403 1 -9.453839548472743e-6 16425403 16425403 0
6 10806 rs1321847 80533187 1 9.409425466140136e-6 80533187 80533187 0
6 16511 rs9496139 142093922 1 9.189004990333924e-6 142093922 142093922 0
6 11100 rs285979 83316216 1 -9.139606247776408e-6 83316216 83316216 0
6 11708 rs1325010 89216149 1 -8.925154291862568e-6 89216149 89216149 0
6 13672 rs2073211 110729270 1 8.670361418933647e-6 110729270 110729270 0
6 9493 rs9345935 67664566 1 8.667776242813271e-6 67664566 67664566 0
6 15490 rs9372951 130329193 1 8.63129725860139e-6 130329193 130329193 0
6 6322 rs1062481 33037611 1 8.382115175485423e-6 33037611 33037611 0
6 16543 rs1931986 142568452 1 -8.225152955190465e-6 142568452 142568452 0
6 16733 rs6931865 144079854 1 7.862765889259067e-6 144079854 144079854 0
6 16685 rs11965970 143904494 1 7.776975804116729e-6 143904494 143904494 0
6 16968 rs362856 146719883 1 7.7576205532601e-6 146719883 146719883 0
6 12928 rs1765075 101481014 1 -7.67053545183028e-6 101481014 101481014 0
6 12184 rs9452159 93642185 1 7.233131173443327e-6 93642185 93642185 0
6 16793 rs9403564 144858217 1 6.97102540996024e-6 144858217 144858217 0
6 5410 rs805281 31661489 1 -6.824816555695436e-6 31661489 31661489 0
6 1646 rs857475 14599167 1 6.705685440283554e-6 14599167 14599167 0
6 13953 rs9400601 113541196 1 6.121932860070063e-6 113541196 113541196 0
6 4765 rs2523868 31016114 1 5.8022910005483995e-6 31016114 31016114 0
6 2137 rs986759 18982296 1 -5.596508034534398e-6 18982296 18982296 0
6 9882 rs16869719 71743943 1 -5.02897600980087e-6 71743943 71743943 0
6 11062 rs17644312 82741794 1 -5.012400946251749e-6 82741794 82741794 0
6 7357 rs1886753 40327096 1 4.8814964250914734e-6 40327096 40327096 0
6 11906 rs12190699 91117088 1 -4.488109027608875e-6 91117088 91117088 0
6 15370 rs10457513 129364595 1 -3.8709741085026255e-6 129364595 129364595 0
6 2212 rs6934188 19611159 1 3.2217951841952967e-6 19611159 19611159 0
6 2349 rs2206734 20694884 1 -2.8933724843352317e-06 20694884 20694884 0
6 6026 rs2857118 32777900 1 -2.704015577582069e-6 32777900 32777900 0
6 8188 rs500032 49766526 1 2.572127113414427e-6 49766526 49766526 0
6 2278 rs1202209 20180235 1 2.4201839605012067e-6 20180235 20180235 0
6 5397 rs2295665 31632686 1 -2.240854334625968e-6 31632686 31632686 0
6 532 rs12332997 4995464 1 -2.02309952444076e-6 4995464 4995464 0
6 11106 rs10455408 83378048 1 1.961352572632959e-6 83378048 83378048 0
6 11090 rs517187 83010705 1 -1.7748050991769798e-6 83010705 83010705 0
6 9640 rs6455286 69238598 1 1.2217621184279885e-6 69238598 69238598 0
6 14711 rs9387908 121258838 1 7.492802009092222e-7 121258838 121258838 0
6 10893 rs7768485 81233133 1 -6.357260846891861e-7 81233133 81233133 0
6 4547 rs28986465 30680562 1 1.81705700319152e-7 30680562 30680562 0
6 6783 rs1053049 35395618 1 6.002215039211042e-8 35395618 35395618 0
6 4430 rs7741364 30372570 1 -4.1805575418051514e-8 30372570 30372570 0
6 6953 rs707542 36924102 1 2.6429272279512937e-8 36924102 36924102 0
6 5648 rs3096691 32194854 1 4.884997402904144e-15 32194854 32194854 0
6 6387 rs3130237 33097561 1 3.1398751110002904e-15 33097561 33097561 0
6 12001 rs1884257 91995736 1 1.1997177519417637e-15 91995736 91995736 0
6 482 rs9504143 4540433 1 1.1159116199106413e-15 4540433 4540433 0
6 3855 rs362510 29540745 1 8.021800094073475e-16 29540745 29540745 0
6 16617 rs12203708 143173828 1 5.982453442453084e-16 143173828 143173828 0
6 9274 rs9342465 66006148 1 5.095615436777251e-16 66006148 66006148 0
6 14103 rs4544945 115230419 1 3.2961247396165774e-16 115230419 115230419 0
6 14900 rs7765860 122957748 1 2.5813100195258135e-16 122957748 122957748 0
6 15687 rs1044558 132211814 1 2.4172899342324693e-16 132211814 132211814 0
6 12330 rs442124 95004698 1 1.8602461094295448e-16 95004698 95004698 0
6 8943 rs9475383 55571611 1 1.388221175066079e-16 55571611 55571611 0
6 6879 rs566742 36395668 1 1.280951427660129e-16 36395668 36395668 0
6 1744 rs6931813 15923485 1 1.2347368636898792e-16 15923485 15923485 0
6 8528 rs2816363 53095364 1 1.1661796234532502e-16 53095364 53095364 0
6 18683 rs6455718 161725838 1 1.0904460984533985e-16 161725838 161725838 0
6 261 rs9503245 2666848 1 3.463551402864439e-17 2666848 2666848 0
6 6880 rs9470278 36399239 1 1.6426009394605508e-17 36399239 36399239 0
6 4548 rs2075015 30680608 1 1.559127263678135e-17 30680608 30680608 0
