CHR Group SNP.lead BP.lead Size W BP.min BP.max BP.width
6 1130 rs660895 32577380 2 0.1352605632062094 32569691 32578052 8361
6 1133 rs7774434 32657578 3 0.11667099601112436 32650809 32658079 7270
6 1129 rs12529318 32434314 2 0.0924244580287552 32428285 32438648 10363
6 1175 rs9277489 33053942 2 0.07902825477629284 33047031 33055538 8507
6 1069 rs2523544 31333562 1 0.071884910179812 31331829 31341379 9550
6 1176 rs2281389 33059796 3 0.06631234381967373 33056694 33074908 18214
6 1037 rs2233976 31079994 3 -0.05816356221127221 31079643 31081409 1766
6 1174 rs2308931 33036950 6 0.04714285223390786 33025493 33042880 17387
6 1092 rs915653 31657047 11 0.04707409840709296 31578772 31669295 90523
6 911 rs806794 26200677 3 0.04516237866222222 26184617 26202337 17720
6 4398 rs3093024 167532793 2 0.03700907567768459 167524743 167537594 12851
6 2270 rs9449802 84853623 1 -0.03508732782101335 84829622 84856409 26787
6 2744 rs9320151 106583964 4 0.03488636828066719 106582920 106597639 14719
6 3474 rs6920220 138006504 5 0.03418880716533172 138001204 138022540 21336
6 1180 rs3117016 33095516 5 0.03375078904020859 33094869 33097614 2745
6 1038 rs3130553 31082285 2 -0.0308473176002751 31081989 31087354 5365
6 1067 rs2523608 31322559 3 0.03074059718333358 31322121 31327334 5213
6 1457 rs12208813 42025318 2 0.03072123711281339 42018883 42025318 6435
6 935 rs200486 27779506 5 -0.03037802127832141 27771684 27840926 69242
6 3445 rs6912539 137108757 1 0.02897984873817754 137108757 137108757 0
6 583 rs236968 16583147 2 0.028405696979039632 16570089 16583147 13058
6 1152 rs9357155 32809848 1 0.02768779914014316 32806121 32814975 8854
6 1440 rs16894733 41460739 1 0.02762189200226811 41460739 41460739 0
6 506 rs12529514 14096658 2 0.02668282664029579 14096658 14105768 9110
6 2742 rs535490 106564434 2 0.02577866149894052 106564434 106564434 0
6 2116 rs9343469 77288517 1 0.02569920387232202 77284830 77291161 6331
6 1184 rs3130161 33125858 2 0.02527519301487311 33121678 33131734 10056
6 1483 rs3805931 43089429 2 0.02439093693662029 43063516 43096199 32683
6 1428 rs2803492 41191221 2 -0.0242891483469988 41181489 41196727 15238
6 3940 rs1293928 154640746 4 0.02426976012751662 154630541 154640746 10205
6 4319 rs720701 166011637 3 -0.02426909858189901 166007287 166011637 4350
6 1110 rs1475961 32194609 2 0.02407754699101515 32192331 32195017 2686
6 1300 rs9357239 37060809 2 0.02387307156398884 37060809 37060809 0
6 853 rs116354434 24473399 3 -0.02355691991060757 24464907 24481039 16132
6 1185 rs2229784 33136310 2 -0.02333374939346695 33136310 33142539 6229
6 103 rs2165125 2934641 1 0.0231939525446724 2934641 2937347 2706
6 1540 rs660953 44645943 2 0.02311705077329216 44645736 44659586 13850
6 1243 rs2234044 35090097 1 -0.02284997074205029 35090097 35117399 27302
6 3479 rs643177 138195693 4 0.02273425646209139 138190154 138222510 32356
6 2279 rs9353186 85181754 2 -0.02246509969863842 85147411 85203796 56385
6 2168 rs10943608 79674929 3 0.02242060240506131 79623630 79754360 130730
6 2985 rs9489193 117769728 2 -0.02116986353072125 117769728 117778588 8860
6 852 rs61748830 24454396 2 -0.02030864893006541 24444534 24460679 16145
6 3787 rs11963544 150549998 1 0.02006943820084683 150541658 150550973 9315
6 3454 rs17066096 137452908 1 0.01976279714052377 137452908 137452908 0
6 3580 rs765875 143185683 3 0.01941779826977369 143172013 143201273 29260
6 1111 rs495089 32197463 1 -0.01940970163927543 32195988 32205942 9954
6 1741 rs1409098 53882340 2 -0.01924071957701573 53877181 53889975 12794
6 687 rs2457345 20089466 2 0.01918044241288683 20084591 20089466 4875
6 3473 rs2327832 137973068 1 0.01889863792306661 137967214 137997995 30781
6 243 rs9405920 6397716 1 0.01887626820234523 6397716 6397716 0
6 4270 rs206704 164528619 1 0.01857696942555316 164528407 164528619 212
6 1495 rs945128 43710756 2 -0.01830011141227933 43710756 43714001 3245
6 1377 rs1328388 39379854 1 0.01809404303423718 39379854 39391436 11582
6 309 rs927407 7810128 2 -0.0178461601954237 7810021 7825257 15236
6 1134 rs3135006 32667119 6 0.01780466606287934 32659878 32667119 7241
6 3074 rs4946572 121809450 5 0.01777933972634213 121790695 121809450 18755
6 1283 rs6457940 36663357 2 0.01774437532545188 36663357 36667610 4253
6 2693 rs10872782 104290530 2 -0.01722188032766538 104276001 104290530 14529
6 1169 rs423639 32987774 1 0.0169485234456177 32979609 32988049 8440
6 4442 rs2749250 168905499 3 -0.01659587582989856 168901739 168905583 3844
6 1262 rs9368895 35913096 1 0.01616593637457838 35855286 35913096 57810
6 2315 rs6919366 87113172 4 0.01595014828789712 87078175 87113172 34997
6 1569 rs3777594 45933157 2 0.01588769407522373 45933157 45933157 0
6 1572 rs2179994 45991569 1 0.01565177926582674 45991518 45992333 815
6 1135 rs11752643 32669373 2 0.01501200001254763 32668296 32672082 3786
6 4153 rs9364590 161713967 1 -0.01500643271840633 161707465 161713967 6502
6 3758 rs6570947 149469655 1 0.01496657247121988 149450724 149472075 21351
6 3429 rs9376124 135979220 1 0.01496187341123042 135979220 136001003 21783
6 4094 rs9355721 159805250 3 -0.01480058977131859 159805250 159808288 3038
6 3204 rs719727 127414838 1 0.01479927428728195 127412728 127414838 2110
6 1562 rs7746680 45777347 1 -0.01478305067294171 45777347 45777347 0
6 3019 rs2357161 119412952 3 -0.01474478924560482 119400716 119412952 12236
6 1083 rs4413654 31441349 3 0.01457556940846584 31440082 31443323 3241
6 2333 rs2307389 88318883 3 0.01448794303253905 88239266 88338752 99486
6 4316 rs576853 165943163 2 0.01446116940344897 165943163 165946772 3609
6 1146 rs2071473 32782605 14 0.01432777614262667 32762391 32786068 23677
6 431 rs1883326 11818316 4 0.01427199105937714 11806433 11825414 18981
6 2876 rs9384814 112207195 1 0.01415333221009001 112184621 112218167 33546
6 2241 rs9449501 83284573 4 0.01414444882127034 83284573 83316216 31643
6 3397 rs6569937 134620673 2 -0.01411580844611313 134620673 134620673 0
6 2431 rs10944534 91994620 3 0.01390840249647578 91939989 91995736 55747
6 1620 rs7740768 47788531 1 0.0137361392550382 47785831 47788531 2700
6 2193 rs346343 80609413 1 -0.01368789104773744 80597212 80609413 12201
6 1182 rs2294478 33098966 1 0.01365474223675846 33098569 33104175 5606
6 2658 rs17062729 102432315 4 0.01363814802012616 102432315 102482848 50533
6 4422 rs9364220 168490568 2 -0.01350664254437164 168490568 168491848 1280
6 2401 rs370409 90921740 1 0.01347151574170119 90912594 90929696 17102
6 3596 rs2128977 143846791 1 0.01344110695998175 143842099 143851294 9195
6 3152 rs527307 124882382 1 -0.01340189744677759 124882382 124882382 0
6 3121 rs7749215 123869906 1 0.01335679322380581 123868992 123869906 914
6 3512 rs9376387 139285630 2 0.01329620701756437 139244774 139294798 50024
6 3511 rs1188873 139221850 2 0.01323293189262726 139213276 139229872 16596
6 2477 rs1930934 93842533 2 -0.0131959028486178 93833436 93852252 18816
6 1917 rs9360275 67895080 2 -0.01318380019507444 67866601 67895080 28479
6 1849 rs1723535 64136886 3 0.01304564099509429 64136886 64139997 3111
6 2376 rs2236204 90025112 2 0.01297482155042884 90025112 90032942 7830
6 1095 rs2763979 31794592 3 -0.01296869002731385 31748820 31834197 85377
6 2386 rs9362681 90476452 3 0.01292550399135589 90432621 90499502 66881
6 4106 rs7754295 160061229 1 0.01285896703761847 160061229 160067287 6058
6 2324 rs1324433 87698758 2 0.0127889008995088 87698758 87732983 34225
6 2281 rs6935503 85234404 2 0.01263441256707543 85225179 85266965 41786
6 880 rs6940230 25247120 4 -0.0125990689639175 25225513 25247120 21607
6 3984 rs117412760 155761166 1 -0.01256164905463025 155761166 155761166 0
6 634 rs9477700 18330781 1 0.01240363432445655 18323876 18330781 6905
6 2110 rs6900948 76876104 2 0.01238153411362 76863568 76876104 12536
6 1626 rs584557 48288536 3 -0.01236561063424209 48282842 48288536 5694
6 292 rs2876098 7374207 1 0.01236292939175474 7374207 7432983 58776
6 2575 rs9491640 98919264 2 -0.0122268203113858 98905933 98931716 25783
6 2774 rs10457161 107505241 1 -0.01221941161669269 107493418 107505241 11823
6 306 rs2068361 7736743 1 0.01190800933271693 7736743 7736743 0
6 3327 rs9493120 132213001 4 0.01181024620063714 132208285 132213001 4716
6 4042 rs675658 158101911 2 0.01176171909513065 158097475 158101911 4436
6 2747 rs633724 106734040 5 0.01175420621057871 106727215 106770668 43453
6 3776 rs17054300 150370552 2 -0.01165440086215748 150364009 150370552 6543
6 1536 rs561160 44579789 5 0.01165194006013805 44575446 44586363 10917
6 2204 rs10498923 81253907 4 0.01160774169712114 81228527 81274336 45809
6 625 rs1014979 17895698 3 -0.01157662578726857 17890002 17934143 44141
6 2746 rs6920944 106637575 3 0.01155812265280301 106631780 106687379 55599
6 3328 rs4897553 132234136 2 0.01151662729863364 132228577 132234136 5559
6 1774 rs10456181 55040696 3 0.01151587066807959 55033223 55041811 8588
6 4242 rs9347738 163769090 1 0.01148318910500642 163769090 163769090 0
6 37 rs9501682 1067284 1 0.0113954886631385 1063883 1067284 3401
6 4076 rs6924755 159264974 1 0.01136719492147159 159257004 159264974 7970
6 3449 rs2153893 137295402 3 0.01133402985451481 137288483 137298126 9643
6 272 rs7738221 6908368 2 0.01129453187926659 6908368 6908368 0
6 3954 rs1022404 154899702 1 -0.01124336199453525 154899702 154899702 0
6 1253 rs6924087 35531205 2 -0.01121165789391641 35503576 35531205 27629
6 882 rs9379751 25292214 4 0.01121124226403329 25292214 25319626 27412
6 227 rs640887 6037327 4 0.01117289111906135 6027082 6054401 27319
6 670 rs6910563 19610835 3 0.01111767307116492 19610117 19611159 1042
6 1016 rs3094104 30609629 1 0.0111008621048484 30544401 30628252 83851
6 3268 rs9375674 130216510 4 0.01107786643327958 130216510 130242858 26348
6 3586 rs7738387 143437284 2 0.01100833324498375 143400092 143437284 37192
6 2709 rs2211033 104992395 1 0.01098312249986592 104983785 105003652 19867
6 345 rs13209110 9139583 2 -0.01094020148570246 9139583 9142017 2434
6 2935 rs1011910 114417219 1 0.01093758380018759 114417219 114447603 30384
6 1371 rs9471080 39320088 3 0.01093728360568472 39309875 39320088 10213
6 2060 rs2073465 74229792 1 0.01077934789424234 74194928 74238815 43887
6 3890 rs2623958 152841248 1 0.01077432775059915 152831067 152841248 10181
6 1747 rs991286 54166054 3 0.01073247450341787 54164079 54173413 9334
6 3417 rs11549504 135286230 3 0.01068796394065624 135281795 135358904 77109
6 1492 rs1096699 43528441 6 0.01062057236954864 43479067 43582584 103517
6 2743 rs9480642 106574892 2 0.01058321583536183 106568034 106576986 8952
6 3192 rs584032 126165003 3 0.01053390715713891 126151000 126211659 60659
6 571 rs6926350 16209140 1 0.01048145142836838 16203561 16209140 5579
6 2285 rs215939 85466286 2 0.0104623770110597 85396512 85466286 69774
6 3272 rs1337775 130334365 2 -0.01044403336782362 130328639 130337266 8627
6 2026 rs41265489 72809641 2 0.01044046414437358 72806978 72825419 18441
6 3523 rs11155050 139651545 1 -0.01032511957281749 139651545 139651545 0
6 2409 rs284513 91208693 2 -0.01025815071887393 91204289 91208693 4404
6 1707 rs364932 52801687 7 -0.01022984535939482 52774463 52801687 27224
6 4113 rs3798201 160403788 3 -0.01022317276332896 160402705 160425247 22542
6 4173 rs7760443 162172718 1 0.01021943433970788 162172718 162172718 0
6 1700 rs2063643 52478364 1 -0.01021639455035753 52478364 52497284 18920
6 3608 rs1015340 144035357 2 0.01011640385073601 144035357 144038185 2828
6 961 rs3094549 29355148 2 -0.01006772176592574 29355113 29355148 35
6 2107 rs1540999 76695323 3 0.01003403446375468 76695323 76710341 15018
6 1277 rs2234080 36336764 1 0.01003263281571306 36326298 36336764 10466
6 2300 rs9359645 85992024 1 -0.01002802119610528 85992024 85992024 0
6 4143 rs35533223 161508880 3 -0.00998863559873714 161495658 161541909 46251
6 945 rs13190937 28411244 4 -0.00995202556242039 28390843 28417222 26379
6 1892 rs9453597 66826432 1 0.00992754577895918 66796668 66829413 32745
6 760 rs6909060 21986847 1 0.00985842281047507 21986847 21987230 383
6 3219 rs761332 128287848 3 -0.00981409378665759 128284771 128295502 10731
6 2353 rs990060 89074336 2 0.00978589010576721 89069402 89075687 6285
6 2334 rs2754265 88410170 1 -0.00975754134369843 88367635 88411768 44133
6 4421 rs902393 168463624 1 0.00975267322036573 168463624 168469718 6094
6 3743 rs9377167 149175496 1 -0.00972688509573074 149175496 149175496 0
6 3039 rs1319090 120262304 2 -0.00961716569781191 120222479 120277828 55349
6 980 rs1633005 29764472 2 -0.00957978999116796 29733701 29765087 31386
6 4323 rs9459464 166042705 2 -0.0095738862133785 166042705 166051508 8803
6 1029 rs540165831 30981715 3 0.00949318968377608 30940989 30984404 43415
6 4396 rs4709142 167407584 1 0.00946038393629798 167373708 167438276 64568
6 13 rs2073009 572480 2 0.00942948971105787 570556 576902 6346
6 2770 rs908819 107307003 1 0.00940022053236506 107307003 107307003 0
6 1205 rs594223 33667965 5 0.00935974620803255 33659793 33697125 37332
6 2726 rs9398033 106009443 2 0.00929177408031702 106006230 106009443 3213
6 635 rs9297068 18353562 2 0.00926075960479767 18336777 18353562 16785
6 1073 rs6903496 31352774 1 0.00921354409764103 31351764 31355318 3554
6 1148 rs241451 32796480 6 0.00916298385731747 32795706 32797809 2103
6 285 rs1334576 7211818 1 0.00909308673829101 7211751 7217517 5766
6 3684 rs9390434 147189967 2 -0.0090670113209973 147185851 147203404 17553
6 807 rs9379482 23208904 1 -0.00903004171062007 23208904 23214230 5326
6 164 rs4959299 4492079 1 0.00902425227230544 4491493 4492079 586
6 968 rs362511 29530850 1 0.00896084664725373 29517093 29530850 13757
6 1964 rs1817255 70305899 1 0.00888266223640883 70305899 70312551 6652
6 4259 rs6914455 164311616 3 0.00869830076892633 164292513 164316375 23862
6 1229 rs4713755 34135235 2 -0.00865238915905415 34135235 34135235 0
6 1118 rs570963 32289594 3 0.00863783549222436 32289318 32337686 48368
6 2868 rs4947138 111960388 5 0.00856751031618748 111955435 111965272 9837
6 2006 rs9346471 72137905 1 0.00856726303726345 72137905 72143093 5188
6 175 rs3812182 4715894 2 -0.00855182894476388 4715882 4716037 155
6 142 rs9328207 3944564 1 0.00854298349062415 3944564 3944564 0
6 90 rs12203132 2666549 2 -0.00854162332053256 2666478 2668872 2394
6 678 rs1047014 19841493 1 0.00847731581219973 19841493 19841493 0
6 2441 rs1761783 92401171 2 0.00841723257576476 92401171 92426566 25395
6 840 rs12211300 24161869 2 -0.00836265379005616 24157375 24167807 10432
6 1149 rs1800454 32800412 2 -0.00835634869754067 32798711 32803316 4605
6 2415 rs1145743 91412651 3 0.00833810822732106 91406809 91455178 48369
6 1592 rs220715 46884288 5 -0.00832570630522801 46868763 46889577 20814
6 4278 rs6915442 164663686 3 0.0082808766786709 164663686 164670331 6645
6 1136 rs9275524 32675109 3 0.00827834124386652 32675109 32681631 6522
6 1287 rs7762245 36716229 2 0.00819667379855844 36713858 36720758 6900
6 2217 rs6935142 81856665 3 0.00816945570511726 81856665 81907559 50894
6 636 rs10949509 18441624 2 0.0081597055626927 18424299 18446747 22448
6 433 rs11963539 11969231 2 0.00814539020695408 11959888 11976739 16851
6 2987 rs9320605 117817775 4 0.00812870729939117 117814437 117823508 9071
6 1914 rs1349813 67801858 1 0.0081173213580371 67792729 67822272 29543
6 3709 rs529563 148252713 4 -0.00810626349657253 148252713 148268026 15313
6 2717 rs7769944 105547105 1 0.00802290686712076 105547105 105552470 5365
6 1235 rs41312309 34498328 2 0.00794043933597369 34498328 34505194 6866
6 3324 rs9388917 132136025 4 0.00792265393674154 132131601 132140491 8890
6 3484 rs666769 138415087 2 0.00791148647301306 138414419 138415246 827
6 3307 rs497082 131469461 1 -0.00790049532790698 131469461 131469461 0
6 3564 rs138994608 142400020 1 -0.00789330324392723 142396790 142445656 48866
6 2947 rs1412034 115605767 1 -0.00786281703024319 115592094 115605767 13673
6 2936 rs1889556 114479520 3 -0.00786042068140703 114465074 114492599 27525
6 3737 rs9498070 148935711 1 -0.00785959238660474 148924798 148940808 16010
6 2701 rs6571174 104706579 1 -0.00783691798387187 104697453 104707641 10188
6 1147 rs2621323 32788707 2 0.00778855609058857 32787056 32795032 7976
6 2501 rs515814 94845639 1 0.00774855256170496 94842774 94845639 2865
6 2835 rs9372248 110389926 3 -0.0076824501532585 110389926 110399223 9297
6 2462 rs9345259 93359457 1 0.00763739416184048 93293303 93359457 66154
6 2043 rs7775641 73478625 2 -0.00756713861652817 73478625 73489110 10485
6 2772 rs311218 107408585 6 0.00756099379832553 107396658 107408585 11927
6 2733 rs7766016 106282402 1 0.00755347939821318 106282402 106292430 10028
6 3344 rs7758170 132825982 2 -0.00752359798657233 132818354 132825982 7628
6 720 rs383684 20981435 1 -0.00749470907761154 20954826 20999387 44561
6 1975 rs3806014 70795455 4 0.00749062055241782 70784746 70807603 22857
6 1488 rs2756184 43234316 1 -0.00747814359317127 43221264 43234316 13052
6 3430 rs4896180 136109831 3 0.00747035840661421 136064441 136109831 45390
6 573 rs6933491 16268408 4 -0.00746312364853752 16268059 16289328 21269
6 2192 rs9341799 80564519 2 -0.00744284736563583 80564519 80578610 14091
6 420 rs561332 11610581 1 -0.00742754104091585 11610581 11610581 0
6 3134 rs4310075 124332238 4 0.00741558367728273 124328531 124333162 4631
6 3213 rs9491849 127945200 2 0.0074108359710172 127923526 127945200 21674
6 1236 rs13194133 34532922 2 0.00740012027017906 34527019 34540022 13003
6 2237 rs9294254 82958246 4 -0.00738493711374672 82888064 82962125 74061
6 1126 rs3135363 32389648 1 0.00738486753533131 32383108 32392877 9769
6 2016 rs1932327 72454176 1 -0.00735571460742807 72453473 72454176 703
6 998 rs3869070 30023868 1 0.00732797588421798 30015167 30058988 43821
6 2007 rs852961 72186990 1 0.00722423585213844 72157229 72186990 29761
6 585 rs909788 16636461 3 0.00721896663732776 16627255 16639979 12724
6 2959 rs9320552 116310336 1 0.00720931617920002 116310336 116311701 1365
6 750 rs1322884 21753645 2 -0.00720904840413838 21753645 21753645 0
6 1089 rs1800750 31542963 3 0.00717063192211904 31515799 31545391 29592
6 4390 rs2178806 167218762 2 0.00715118373112878 167218762 167226226 7464
6 1017 rs2269702 30675135 8 0.00708316686340219 30631063 30681980 50917
6 367 rs201251 10012023 2 -0.00707346885277696 10012023 10035875 23852
6 69 rs9328072 1828165 2 -0.00701922274899707 1828165 1828165 0
6 943 rs17312661 28300336 2 -0.00698847483240683 28299687 28321544 21857
6 1085 rs3132469 31456567 2 -0.00690386734848618 31456567 31461966 5399
6 2048 rs12203617 73672548 3 0.00684421138815517 73663745 73717568 53823
6 4115 rs998075 160468278 2 -0.0068274834857417 160468278 160479882 11604
6 2732 rs12660517 106255713 1 0.00677363555773076 106255713 106257938 2225
6 2062 rs382041 74307685 1 -0.00675184945162971 74307685 74360841 53156
6 1810 rs2397220 56217207 3 -0.00673681505209797 56212433 56235411 22978
6 256 rs3789766 6618373 2 0.00671461151274873 6614433 6619698 5265
6 1119 rs3129943 32338695 1 0.00668888205049094 32338695 32339076 381
6 18 rs17136239 656343 2 0.00666745471666648 654482 665448 10966
6 3178 rs9482645 125672037 1 0.00662965927094891 125672037 125672037 0
6 526 rs9476591 14579439 2 0.00657102553794558 14560180 14597572 37392
6 588 rs1359067 16696724 1 0.00653243081946877 16696724 16700833 4109
6 3666 rs12200797 146615383 2 0.0064785408358772 146543192 146652354 109162
6 4075 rs6455604 159215408 1 0.006475010369337 159210126 159239004 28878
6 1046 rs3130503 31137165 1 0.00646603734755492 31134888 31141523 6635
6 3187 rs1342698 125940941 1 0.00646177479520821 125940188 125944755 4567
6 88 rs1545849 2622911 1 -0.00642988626253284 2608995 2626824 17829
6 2014 rs9446437 72389590 3 -0.00640013571312748 72375836 72408820 32984
6 2253 rs2149537 83698770 2 0.00639933191003188 83666480 83698770 32290
6 683 rs7763815 20021842 2 -0.00639206944372551 20015205 20021842 6637
6 2137 rs130060 78172750 1 -0.00639200207579137 78172750 78180045 7295
6 2384 rs2273238 90326360 2 -0.00636479565354593 90321146 90326360 5214
6 1422 rs742493 40998167 2 0.00633691022262947 40986623 41008747 22124
6 2795 rs17854547 108214694 1 0.0063352511886851 108214694 108262363 47669
6 11 rs6918152 542159 4 0.00631414144842759 526744 543134 16390
6 2234 rs884656 82767410 3 0.00628548193493679 82763865 82776291 12426
6 4507 rs6909815 170814626 6 0.00628529870675304 170802175 170847181 45006
6 3394 rs4896028 134539179 1 0.00625712026698334 134539179 134539179 0
6 368 rs855398 10047914 1 -0.00624975689153176 10047914 10047914 0
6 2485 rs1492964 94031097 2 0.00622569346195063 94029815 94031097 1282
6 4184 rs1789993 162398976 4 -0.00621638972257212 162396518 162428289 31771
6 2662 rs3849217 102670891 2 -0.00617070155464 102639153 102670891 31738
6 3763 rs6935566 149566825 3 0.00614367624013032 149557858 149566825 8967
6 301 rs9328432 7645171 4 -0.00610290982088112 7638095 7645171 7076
6 4002 rs6920311 156261012 5 -0.00609819962886024 156234522 156265573 31051
6 2035 rs2149528 73220254 1 0.00609427530097989 73204913 73239297 34384
6 259 rs3804490 6653139 2 0.00608102120266568 6653139 6656487 3348
6 3054 rs9320772 121102335 3 -0.0060556623065128 121083812 121106523 22711
6 3600 rs11155308 143917700 4 0.00603253220886694 143903156 143920811 17655
6 3352 rs9800525 132951260 2 -0.00602361250734992 132951025 132966348 15323
6 3159 rs4540279 125023343 1 -0.00602030878020903 125023343 125027223 3880
6 4325 rs7738923 166077866 1 0.00597850220839814 166077866 166077866 0
6 2282 rs4438935 85286776 1 0.00597400908798041 85286776 85329139 42363
6 2967 rs140516625 116833053 3 0.00595971325251923 116833053 116887861 54808
6 1357 rs4254984 39059679 1 -0.00595388458215226 39059679 39059679 0
6 4344 rs10946116 166480503 2 0.00590194285832477 166474887 166487606 12719
6 2328 rs932742 87804685 2 0.00589051510036134 87798512 87814241 15729
6 1424 rs12194477 41116774 1 -0.00588677805834678 41116774 41116774 0
6 2312 rs9344586 86949255 1 -0.00585763754420676 86887829 86953342 65513
6 3446 rs17065704 137214826 1 0.00585747762358762 137214826 137234163 19337
6 1961 rs9454732 70049915 2 -0.00585357679705423 70027419 70080512 53093
6 4423 rs6455484 168506045 1 0.00583279805210833 168506045 168515674 9629
6 2875 rs11961774 112155473 2 0.0058153876411069 112152415 112175517 23102
6 2003 rs7753757 72034337 4 0.00580857055143385 72034337 72048250 13913
6 1693 rs1266787 52343899 2 -0.00579516636830312 52285957 52347757 61800
6 1794 rs9475382 55570809 1 -0.00578280726539229 55570809 55571611 802
6 1785 rs16886684 55260356 2 -0.00577131553568161 55257798 55260356 2558
6 434 rs11961287 11986537 4 0.00576877586510732 11982461 12035329 52868
6 611 rs864280 17290619 1 -0.00576002303052792 17290619 17302983 12364
6 3216 rs10484716 128175722 1 -0.00567328603119965 128143774 128184738 40964
6 1879 rs9360139 66284186 1 0.00567016344458833 66258778 66285958 27180
6 4358 rs9365980 166661420 1 0.00563918814664619 166654968 166661420 6452
6 3017 rs1889561 119335865 1 0.00562680782721107 119327632 119335865 8233
6 4 rs7757906 412741 2 0.00561038848314699 405873 412741 6868
6 1595 rs1873318 46966274 1 0.00559407552099583 46957625 46985955 28330
6 2667 rs1933992 103010088 1 0.00557773358544288 103007392 103018974 11582
6 3231 rs7754832 129039345 2 -0.00553666104761631 129022203 129039345 17142
6 1673 rs2397060 51611470 1 0.00549328353706685 51579595 51613177 33582
6 445 rs4714429 12331807 1 -0.00548807449207427 12315910 12331807 15897
6 1020 rs3130667 30743241 3 0.00547022032395901 30735105 30747216 12111
6 4032 rs11961360 157236031 1 -0.00546537514480011 157223707 157236031 12324
6 2519 rs2613542 95874120 2 -0.00545576457599083 95836160 95881735 45575
6 151 rs13206717 4154018 2 -0.00545419344594295 4154018 4154018 0
6 4131 rs3088442 160872652 6 0.0054494329910652 160851766 160888021 36255
6 1900 rs6924193 67157506 2 0.00537016346052224 67154649 67185712 31063
6 1584 rs1805018 46679303 1 -0.0052997900768903 46642875 46685286 42411
6 3985 rs6919626 155766362 3 0.0052768146691272 155766362 155766944 582
6 3099 rs9375186 123131515 1 0.00526446754330498 123131515 123131515 0
6 2445 rs12526373 92669376 3 0.00524512005080885 92669376 92712609 43233
6 782 rs10485010 22600492 2 0.00524317345294822 22571323 22608225 36902
6 591 rs3812227 16741886 2 -0.00524301495460738 16741886 16742033 147
6 3480 rs9376307 138283265 1 0.00523869725861519 138275769 138283265 7496
6 2012 rs9358960 72279021 2 0.00513173697777191 72250141 72289651 39510
6 441 rs9380902 12201764 4 -0.00511949142105641 12196910 12201764 4854
6 1846 rs2459572 63993375 1 0.00511799702823323 63993375 64033048 39673
6 3320 rs7759504 132066501 2 -0.0050944573789318 132061420 132071193 9773
6 1327 rs11757695 37836673 1 -0.0050915633702448 37836673 37894575 57902
6 3567 rs9399398 142627499 3 -0.00508554658347033 142626699 142629831 3132
6 3321 rs6934819 132095805 1 -0.00505102880676352 132076328 132095805 19477
6 891 rs301396 25466889 1 -0.00505022919717274 25455015 25466889 11874
6 2212 rs12525920 81619103 3 -0.00503284399034023 81578293 81639336 61043
6 1050 rs3130685 31206206 3 0.00501751276773612 31202246 31206979 4733
6 4112 rs9456484 160391189 2 -0.0050086502489061 160391189 160398330 7141
6 4152 rs3757037 161697400 1 0.00499403685126017 161697400 161697400 0
6 3792 rs9397900 150665752 1 0.00498897867693671 150665752 150673177 7425
6 2984 rs9374658 117741495 1 -0.00498321193717773 117741446 117760579 19133
6 3559 rs1884055 142175291 1 0.00497836238858499 142161916 142177674 15758
6 315 rs365936 7920904 1 0.00495078972041122 7920904 7924658 3754
6 3431 rs947583 136133659 2 0.00493903673701331 136133659 136133659 0
6 504 rs9296918 14073320 2 0.00492917448719295 14073320 14075513 2193
6 3943 rs9397714 154705702 1 -0.0049234849426927 154705702 154705702 0
6 121 rs3813477 3398623 1 0.00491564148058795 3398623 3398623 0
6 3777 rs9478409 150385886 2 -0.00491374114222184 150382573 150385886 3313
6 1960 rs1321980 70003609 3 0.00490134698043441 70002111 70018250 16139
6 2946 rs4400248 115230047 5 0.00488227320226601 115194099 115235605 41506
6 2390 rs292255 90643281 2 0.00487296456272733 90643281 90646226 2945
6 716 rs11967068 20841593 2 -0.00482706764740855 20829772 20844151 14379
6 3799 rs7769234 150751874 1 0.00477524165807588 150744999 150751874 6875
6 3421 rs6922541 135482819 2 -0.00476844280838202 135463947 135482819 18872
6 969 rs1233399 29539482 3 0.00475985343343359 29531818 29559295 27477
6 1704 rs7746808 52598598 2 -0.00474445469186211 52598501 52604054 5553
6 294 rs9406039 7528113 3 -0.00473317804312409 7528113 7539954 11841
6 211 rs2326632 5625287 1 -0.00473306049203815 5625287 5632356 7069
6 1788 rs9464247 55313379 2 -0.00471025426220359 55301723 55317936 16213
6 146 rs12110567 4016348 1 0.00469667627395471 4011912 4016348 4436
6 2352 rs9362478 88989087 1 0.00468101587320477 88978312 89033459 55147
6 1240 rs1535001 34927280 3 0.00467334322430795 34838429 34950274 111845
6 1024 rs3095345 30822413 2 0.0046632177576838 30800577 30877202 76625
6 769 rs6924146 22238088 2 0.00465011922125789 22238088 22238088 0
6 396 rs2076258 10876036 1 0.00458995219611731 10872061 10876036 3975
6 2735 rs9386491 106350725 1 0.00457679815994942 106337211 106350725 13514
6 3075 rs6569212 121829414 3 -0.00456616367854077 121817075 121837314 20239
6 667 rs9348385 19548810 2 -0.00454987524878057 19548810 19548810 0
6 4414 rs35140809 168297647 1 0.00453385358966936 168297435 168329404 31969
6 3171 rs7764804 125450174 2 -0.00453376273204545 125450174 125450174 0
6 1294 rs707998 36925774 1 -0.00452260851987627 36924102 36934762 10660
6 1010 rs6905389 30319930 1 -0.00451582497805812 30319930 30323623 3693
6 578 rs10484361 16424289 4 -0.00449946965039373 16420840 16425403 4563
6 4469 rs2224645 169509800 2 -0.00444021300936489 169495666 169509800 14134
6 770 rs17205146 22272753 3 -0.00443150984343086 22272753 22274766 2013
6 1018 rs9500864 30693232 4 0.00442734134124046 30688427 30716117 27690
6 1587 rs3799859 46767645 1 -0.00442171806494026 46767645 46801219 33574
6 1353 rs17336909 38954145 2 0.0043800377961924 38951998 38965333 13335
6 508 rs35118414 14131854 1 0.00436365290273754 14131854 14131854 0
6 4185 rs1893895 162440687 3 0.00435467716745634 162440687 162445941 5254
6 1845 rs9448732 63981311 1 -0.00430982801280415 63967017 63988362 21345
6 3904 rs687508 153406657 7 0.00430803574135457 153367910 153407553 39643
6 215 rs2145980 5737122 2 0.00429813784607358 5737122 5737122 0
6 675 rs6920825 19732492 2 0.0042975483358983 19712293 19743486 31193
6 1919 rs12202269 67951164 2 -0.00428839147392289 67931943 67965720 33777
6 2392 rs10806414 90665969 2 -0.00426732166706262 90664582 90669325 4743
6 1168 rs381218 32977420 2 0.00421820070630417 32973743 32979020 5277
6 3194 rs9375421 126356389 1 -0.00421682336325415 126356389 126362154 5765
6 4215 rs6900416 163162060 2 -0.00420694252235583 163113502 163166902 53400
6 2734 rs6934413 106328676 1 0.0041981880412839 106328676 106328676 0
6 1354 rs2235871 38985356 4 0.00418047067270646 38971834 38989385 17551
6 3259 rs2157460 130021128 1 -0.00417342735861576 130010372 130022390 12018
6 4411 rs7767627 167822221 2 0.00417259124000485 167817656 167822221 4565
6 4444 rs2255680 168927449 3 -0.00415302630402908 168918991 168930758 11767
6 61 rs6909392 1689518 2 0.00414760519714726 1661570 1689518 27948
6 2674 rs9322695 103467436 1 -0.0041242254798533 103467436 103467436 0
6 1863 rs11752546 65447382 1 -0.00411641918102389 65447382 65479194 31812
6 4409 rs2981984 167767987 1 0.00411031625642942 167765251 167770736 5485
6 922 rs9348747 27002406 2 0.00408387815501663 26942027 27006475 64448
6 3391 rs2811676 134327815 2 0.00405156741552161 134326285 134333273 6988
6 2330 rs12661729 88087664 1 -0.00403882651844326 88087664 88109304 21640
6 2304 rs545969 86092879 1 0.00401654995146118 86091724 86115244 23520
6 1419 rs10807248 40844002 3 -0.00397118604866553 40844002 40863535 19533
6 1940 rs777625 68898262 2 -0.00394879868605008 68898262 68898262 0
6 596 rs1240829 16866948 2 -0.00393941772221869 16862985 16869419 6434
6 2810 rs1268160 109075953 1 0.00392311307669252 109075953 109075953 0
6 3030 rs7757317 119753856 4 0.00389831973999704 119748232 119756937 8705
6 1449 rs9462738 41664501 1 -0.0038881230866811 41648698 41664501 15803
6 2020 rs7766423 72561091 2 -0.00387885073721428 72560565 72582893 22328
6 3014 rs902780 119108363 2 0.00386203901383813 119108363 119108363 0
6 1231 rs9394200 34218718 3 -0.00384340548055302 34195011 34218718 23707
6 1996 rs1857225 71829282 1 0.00383082328429672 71829282 71829282 0
6 3340 rs10484483 132647962 1 -0.00380414543163456 132647962 132647962 0
6 580 rs9396676 16460906 2 0.00379799440627394 16460906 16468304 7398
6 4403 rs7761658 167644277 1 0.00378493490120625 167634544 167644277 9733
6 1542 rs227832 44681257 3 -0.00378090979469979 44680615 44699068 18453
6 3241 rs17056876 129483375 2 0.00376946772837992 129483375 129507909 24534
6 4365 rs6925364 166830696 1 0.00375339333071619 166830696 166830696 0
6 3529 rs668459 139835689 4 -0.00375334535791382 139834012 139835689 1677
6 1825 rs7758052 57710238 2 0.00375071076612167 57646913 57712617 65704
6 1225 rs2499697 34044918 1 -0.00374540431351307 34041306 34044918 3612
6 3544 rs1336370 140958047 1 0.00372289577727684 140958047 140958047 0
6 511 rs853377 14175404 3 0.00371472319512659 14162949 14190765 27816
6 857 rs807531 24548972 2 0.00369824998554933 24544903 24557191 12288
6 937 rs9461425 27919688 2 -0.00369166094553567 27879200 27965503 86303
6 2408 rs6911698 91188927 7 0.0036715507402982 91176901 91188927 12026
6 3648 rs9399525 145313726 1 0.00365595669660312 145313726 145315238 1512
6 2941 rs2222391 114937265 3 -0.00365092531904694 114860722 114973810 113088
6 3558 rs2207236 142094949 3 -0.00364606795777192 142093922 142094949 1027
6 3901 rs7763565 153296370 2 -0.00363624284696678 153276423 153301614 25191
6 1165 rs206786 32935179 3 0.00362781001914849 32911127 32937901 26774
6 3958 rs7744421 155094764 2 0.00361282110820251 155094764 155153307 58543
6 3692 rs325129 147807143 3 -0.00360684560771631 147799122 147813016 13894
6 2510 rs2076704 95089937 1 -0.00359611190814596 95080580 95089937 9357
6 4050 rs9456774 158223703 1 -0.00355119181992629 158223703 158223703 0
6 1389 rs1923474 39938471 2 0.00354706075083748 39911241 39938471 27230
6 1815 rs35497571 56485023 1 -0.00353294086533394 56444168 56485023 40855
6 2839 rs35697832 110714205 3 -0.00352701598007912 110710018 110719180 9162
6 1456 rs9369324 41993007 1 0.00350583435180207 41989989 41993007 3018
6 442 rs6458136 12227516 2 -0.00347681429447625 12223922 12230804 6882
6 3059 rs6917641 121264105 4 0.00346894023552167 121256344 121265141 8797
6 1658 rs6940832 50980245 1 0.00346792172006547 50951649 50980245 28596
6 2798 rs9374007 108358328 2 -0.00346565923800422 108339363 108381347 41984
6 24 rs7775255 798559 2 0.00346241360979604 795414 798559 3145
6 4380 rs7752989 167082896 1 0.00344805301341332 167082896 167084126 1230
6 779 rs7758817 22504878 2 -0.00344558400230096 22504748 22513002 8254
6 867 rs6930916 24881498 2 -0.00344520387924744 24872939 24901350 28411
6 1314 rs9394438 37532103 1 -0.00340682317217724 37532103 37532103 0
6 2771 rs6920629 107380837 2 -0.00338110833523487 107380837 107381609 772
6 712 rs6928012 20728513 1 -0.00338019336953286 20724558 20728731 4173
6 1295 rs7772210 36936771 1 -0.00337548375706879 36936771 36936771 0
6 3452 rs12214209 137378863 1 0.00336770425090691 137378863 137378863 0
6 1931 rs12176580 68563599 1 -0.00336042741669313 68549996 68563599 13603
6 3433 rs1891362 136239179 2 0.0033385250883175 136227558 136244220 16662
6 3635 rs2293536 144878337 2 0.00332402938928516 144850993 144891032 40039
6 312 rs3812162 7911702 2 0.00330795585433604 7890272 7911702 21430
6 4114 rs9347380 160437347 4 -0.00330497365028141 160435569 160448462 12893
6 3350 rs4631322 132917346 2 0.00330280307539141 132915398 132925613 10215
6 1548 rs1285019 45167672 4 0.00329439268055442 45159336 45236274 76938
6 171 rs437875 4666878 4 0.00328238904272755 4662666 4666878 4212
6 2951 rs4304201 115940684 3 0.00327017353335799 115905297 115946279 40982
6 2750 rs6568433 106829537 2 0.00324311479893785 106829537 106831766 2229
6 430 rs4711432 11799148 2 -0.00323869966184965 11799148 11799148 0
6 3393 rs12662210 134447959 2 0.00322144332520757 134434375 134447959 13584
6 3355 rs2294758 133045812 2 0.00319670423571366 133045812 133072571 26759
6 3337 rs1998075 132560968 1 0.0031732894944841 132560968 132567078 6110
6 3882 rs7741183 152641656 1 -0.00317082166099206 152640110 152644111 4001
6 2222 rs12213217 82195125 2 0.00316066051672788 82193109 82286331 93222
6 194 rs2432794 5391419 2 0.0031598290855358 5389499 5400658 11159
6 1821 rs6926980 56917538 1 -0.00314954724174476 56917538 57042709 125171
6 499 rs4715723 13958654 1 0.00311515634981605 13958654 14006238 47584
6 3258 rs929103 129993162 3 0.0031146653665848 129993162 129996025 2863
6 2058 rs17812683 74092923 2 -0.00311389027495046 74092923 74123363 30440
6 4237 rs10455922 163723545 1 0.00310512361123608 163722268 163725498 3230
6 1580 rs1527691 46542804 1 0.00309027086585482 46519210 46542804 23594
6 2033 rs1572208 73171594 1 0.00306915405902177 73171594 73171594 0
6 4388 rs6913892 167199572 3 0.00306505464274607 167192368 167200813 8445
6 2433 rs10485328 92067726 1 -0.0030584816662348 92019086 92067726 48640
6 4016 rs7739135 156641429 2 0.00305094985370641 156641429 156690480 49051
6 3293 rs4897466 131089467 1 0.00304222123416149 131056827 131095294 38467
6 4218 rs11968371 163291953 2 0.00302570004985643 163287279 163291953 4674
6 1888 rs9453509 66624682 3 -0.00302003689752353 66624531 66656814 32283
6 817 rs17412056 23493761 2 0.00299734144502414 23465010 23493761 28751
6 214 rs6924018 5723227 1 0.00299699229856829 5723227 5723227 0
6 3435 rs10080318 136293826 1 -0.00298201554115004 136270587 136293826 23239
6 1173 rs429073 33001735 4 0.00298073136439454 33001735 33016728 14993
6 3028 rs195077 119655145 1 -0.00297780350732827 119633534 119655145 21611
6 3471 rs6917072 137930302 1 0.00294594426747827 137930302 137930302 0
6 2260 rs12190945 84162042 1 -0.00291762436625986 84119361 84162042 42681
6 739 rs6456419 21368617 1 -0.00291752556331245 21368617 21369139 522
6 4338 rs11756707 166303168 7 0.00291137790009235 166299347 166310842 11495
6 628 rs4716213 18052449 2 0.00290699442941994 18038081 18056273 18192
6 2321 rs16879870 87531746 1 0.00290234258816025 87531746 87541925 10179
6 516 rs6905081 14314883 2 -0.00288395608568883 14312081 14322665 10584
6 2216 rs310405 81800362 4 0.00287737110687711 81778014 81842393 64379
6 2777 rs2500585 107637582 1 0.00286886431673334 107637486 107671156 33670
6 3545 rs661704 141174222 2 0.00286467856465737 141141957 141174222 32265
6 725 rs6937439 21130870 1 0.00284665908266331 21108114 21130870 22756
6 2509 rs457558 95057602 2 -0.00284410742165717 95057602 95061816 4214
6 762 rs9350407 22021230 3 -0.00284085969440002 22017738 22021230 3492
6 1942 rs2786577 68950298 1 0.00282538065746211 68941031 68950298 9267
6 307 rs17673852 7763858 1 0.0028228950524909 7743663 7765840 22177
6 2965 rs3777992 116740349 2 -0.00280921902072534 116729779 116760990 31211
6 592 rs547491 16745530 3 -0.00280424006552725 16743425 16746624 3199
6 3609 rs7738300 144056863 1 0.00278689933163356 144056863 144056863 0
6 4443 rs2144745 168917870 4 -0.0027832557363731 168911377 168917870 6493
6 3206 rs9491697 127456122 1 0.00278265354156022 127452935 127492840 39905
6 3920 rs17084425 154042101 2 0.00278253641338513 154016936 154050494 33558
6 3247 rs12208401 129620506 1 0.00276585905660319 129620506 129620833 327
6 894 rs10456324 25600968 1 0.00276048268509401 25582771 25606181 23410
6 1748 rs1995768 54181882 2 0.0027519010322113 54178287 54181882 3595
6 3769 rs112225 149786129 3 -0.00274346191488059 149782908 149799798 16890
6 3212 rs17054787 127842630 1 -0.00271904859872269 127842630 127873421 30791
6 3226 rs17460940 128813085 1 0.00271311663877464 128790787 128813085 22298
6 53 rs11753773 1408677 1 -0.00271096853308858 1408677 1408677 0
6 1379 rs9471112 39430873 1 -0.0027086454788314 39421715 39431229 9514
6 2897 rs1606213 112818452 1 0.00270859939756579 112818452 112852469 34017
6 4478 rs7741251 169763254 1 0.00270444549266938 169742250 169763254 21004
6 1516 rs4714732 44000031 2 0.00270131044360701 43995668 44000031 4363
6 883 rs2744303 25327149 1 0.00268240455483975 25327149 25328567 1418
6 2622 rs7751526 100949822 1 -0.00268122736864356 100932409 100949822 17413
6 4178 rs6926642 162270981 2 -0.00268049558014883 162266376 162281168 14792
6 2301 rs9362180 86011079 1 0.00267532055218182 86004204 86039744 35540
6 1004 rs1557608 30118582 1 -0.00266919581542534 30101656 30121185 19529
6 773 rs1341239 22304204 1 0.00266129039062797 22304204 22312287 8083
6 875 rs6918101 25027288 2 0.00264528457220595 25027095 25028663 1568
6 3786 rs877907 150532488 2 -0.00264182710270578 150532221 150533715 1494
6 87 rs9391956 2591603 2 -0.0026386286421544 2589139 2595478 6339
6 2785 rs847015 108012831 2 0.00261073150569467 108006922 108012831 5909
6 4322 rs2983500 166034053 1 0.00258564518395798 166020095 166034053 13958
6 1582 rs2277119 46609905 1 -0.00258265607924623 46603687 46609905 6218
6 3661 rs12526956 145872147 1 0.00257208294194099 145781916 145872147 90231
6 2310 rs61875 86855532 1 0.0025713628683575 86855532 86857389 1857
6 354 rs9381380 9501859 1 0.00257021256835602 9493302 9503805 10503
6 522 rs2223220 14441229 3 0.00256836376445298 14441229 14457917 16688
6 2385 rs4707557 90362783 4 -0.002560897700602 90340276 90416006 75730
6 1837 rs9293882 63280866 2 -0.00255997867151599 63270569 63330596 60027
6 3336 rs1358771 132451644 1 0.0025501150965937 132450342 132460724 10382
6 2682 rs2399936 103885347 3 0.00254304164594402 103862101 103900570 38469
6 4288 rs903791 165115007 1 0.00254221193813434 165072761 165117395 44634
6 1036 rs2517485 31074101 3 0.00253535183619162 31058178 31079264 21086
6 286 rs9505086 7232186 1 0.00253170883427759 7225995 7232186 6191
6 1279 rs4711453 36439391 4 -0.00253029660781466 36393816 36457484 63668
6 2645 rs479851 102045546 1 0.00251467244192475 102045546 102045546 0
6 3297 rs9385562 131135714 1 -0.00251068165970953 131135714 131136313 599
6 4253 rs9365597 164106739 1 -0.00250876652602335 164097101 164109051 11950
6 607 rs1408299 17154680 3 0.00249901800493525 17154680 17213063 58383
6 129 rs1205017 3579754 1 0.002496742137613 3579754 3579754 0
6 426 rs4713857 11761459 2 0.00248685648957576 11761177 11761459 282
6 1954 rs3798979 69681660 2 -0.00247471408981622 69681617 69702416 20799
6 2263 rs6903293 84227775 2 -0.00244739176505867 84227775 84240606 12831
6 2857 rs3851222 111374253 2 -0.0024468369040043 111374253 111381468 7215
6 79 rs1883587 2374821 2 0.00243182981237182 2374821 2382395 7574
6 1829 rs74481685 62284240 2 0.00242570694789409 62284240 62361103 76863
6 4313 rs1967290 165861013 2 0.00240748151806637 165852979 165871066 18087
6 2277 rs9359587 85105960 2 0.0023945324943626 85105960 85109688 3728
6 2191 rs2145572 80550286 2 -0.00239125541495125 80533187 80550286 17099
6 2317 rs1112672 87220776 2 -0.00237325970687481 87186441 87247387 60946
6 2166 rs9448560 79479882 2 0.00236354302515432 79455282 79479882 24600
6 749 rs12525631 21730840 2 0.00236106869495759 21727148 21731736 4588
6 641 rs6925505 18579752 2 -0.00235967074310719 18573670 18590893 17223
6 1884 rs9453403 66491056 1 -0.00233624828983233 66478480 66516749 38269
6 3205 rs1936790 127421733 2 -0.00233145445311606 127421733 127436645 14912
6 1991 rs1716010 71595151 1 -0.0023166530117762 71594785 71598545 3760
6 3110 rs2195729 123590126 3 0.0023087119154923 123590126 123628287 38161
6 3530 rs6913354 139862246 4 -0.00230387433223556 139851661 139862246 10585
6 3114 rs10872265 123708198 1 -0.00229849427744818 123695681 123724482 28801
6 983 rs1611133 29809382 2 0.00229829631370822 29801110 29813942 12832
6 1493 rs7775611 43652770 2 0.00229326643170882 43645833 43652770 6937
6 1624 rs1325707 47963249 1 0.00228534275866115 47941339 47963249 21910
6 2138 rs13212091 78206683 2 -0.00227874338665245 78191262 78241057 49795
6 3556 rs4896551 142032704 2 0.00227859082235392 142003389 142032704 29315
6 3978 rs1571766 155577823 1 0.00226009981941953 155568881 155596700 27819
6 3233 rs6569559 129141326 1 0.00225089725852627 129141297 129141326 29
6 3299 rs6938586 131209404 2 0.00224970297300996 131184770 131215821 31051
6 2778 rs319083 107767586 1 -0.00224831851090893 107672527 107767586 95059
6 2681 rs2187940 103791320 2 -0.00223916753939503 103784799 103816260 31461
6 3637 rs11155366 144972270 1 0.00223795373385099 144972270 144988922 16652
6 1653 rs7757451 50318693 1 -0.00222334433529277 50306801 50330097 23296
6 482 rs9296641 13298011 4 -0.00222328899597009 13296206 13311823 15617
6 3669 rs2941 146755132 1 -0.00222000197144018 146755132 146755132 0
6 3120 rs4612191 123835147 1 -0.0022161438548926 123826573 123838281 11708
6 1228 rs11961715 34095696 1 0.00219520497399786 34095696 34103954 8258
6 2225 rs194914 82432826 1 0.00219360283264605 82424596 82432826 8230
6 2201 rs1341278 81038921 1 0.00219223451114692 81034730 81057918 23188
6 4357 rs6456063 166653608 2 -0.00217712522708596 166651396 166653608 2212
6 3815 rs9322272 151017733 3 0.00217003982394858 151017733 151025628 7895
6 4485 rs4236176 170070723 1 -0.00216427868886541 170068086 170113244 45158
6 3029 rs742962 119713746 2 0.00216327198537957 119677311 119729710 52399
6 2244 rs287822 83397096 3 0.00216256267319999 83397096 83412391 15295
6 1104 rs2071292 32155948 2 0.00216087158211771 32154285 32161430 7145
6 2962 rs11153598 116486792 1 0.00215825665794653 116470561 116509636 39075
6 1284 rs1894559 36670400 1 -0.00215603681893899 36668768 36678212 9444
6 1878 rs6909236 66249610 3 0.0021532894065703 66232692 66254084 21392
6 3167 rs4895621 125344138 1 -0.0021507475545551 125343597 125344138 541
6 1720 rs1429143 53264485 1 -0.00214665070295354 53264485 53264485 0
6 1750 rs7758586 54239250 1 0.00213930207383743 54210141 54256680 46539
6 581 rs9477153 16522826 1 0.00213127458670224 16522720 16528671 5951
6 756 rs9368368 21912632 1 -0.00212678639558579 21911129 21912632 1503
6 3616 rs1884087 144258619 4 0.0021204178492836 144254995 144261480 6485
6 3782 rs4870302 150449865 1 0.00209899685907383 150449865 150450034 169
6 925 rs13219354 27185664 1 0.00209692559218421 27154361 27210614 56253
6 3539 rs642162 140214597 2 -0.00209170908690677 140206760 140233896 27136
6 3704 rs9485225 148160266 1 -0.00207471845218628 148141042 148162328 21286
6 2450 rs12212424 92889890 1 0.00206644090660152 92889890 92889890 0
6 4286 rs9459153 165015966 5 0.00205730397680927 164994771 165016833 22062
6 1972 rs17766479 70681382 1 0.00205636805440124 70655786 70681382 25596
6 308 rs9379137 7788602 2 -0.00205467321384805 7785459 7789943 4484
6 3246 rs3778112 129609591 2 -0.00204852922884278 129609591 129612273 2682
6 4127 rs446291 160741106 2 -0.0020386322747576 160716361 160754752 38391
6 4393 rs4710128 167282950 1 0.00201875199341068 167276965 167282950 5985
6 1241 rs2177380 34980601 1 0.00200728482602241 34960744 34982599 21855
6 1790 rs12208624 55365000 1 -0.00200098468374377 55364966 55393286 28320
6 3451 rs276504 137352519 1 -0.00197116856243315 137352519 137361292 8773
6 340 rs11751589 8975508 1 -0.00195150421605621 8967879 8976039 8160
6 2906 rs9384850 113231819 1 0.00195142919344654 113217970 113231819 13849
6 156 rs4959279 4355314 2 -0.00193674786699915 4338841 4355314 16473
6 854 rs2760118 24503590 5 -0.00193346813128113 24487434 24507761 20327
6 1552 rs7748231 45501552 2 -0.00192831319765481 45493083 45506122 13039
6 1764 rs2063117 54632173 1 0.00191980066674024 54626318 54632536 6218
6 2172 rs4706767 80012425 2 -0.00191719861107457 80002402 80016681 14279
6 2076 rs9341461 74997693 1 -0.00189698745142172 74997693 75040446 42753
6 4201 rs9365399 162735881 2 0.00189636960829527 162735881 162748555 12674
6 3150 rs539252 124829945 1 -0.00188716894591203 124817317 124841336 24019
6 4366 rs6456083 166859572 1 0.00188701339147358 166859572 166859572 0
6 2592 rs12526079 99565215 1 0.00188603365760216 99552868 99584658 31790
6 2197 rs16891457 80754346 2 0.00188408998255864 80715838 80754346 38508
6 1737 rs6458972 53755300 1 -0.00188127293519341 53753255 53802307 49052
6 2289 rs11754342 85680478 1 -0.00188123235644857 85662325 85680770 18445
6 4188 rs6917371 162506568 1 0.00187816725751032 162506568 162514407 7839
6 448 rs1334305 12396682 1 0.00187740551845279 12396682 12396682 0
6 4328 rs4463239 166125295 1 -0.00186872564238605 166111816 166125295 13479
6 1710 rs7774904 52925277 1 -0.00186225534975503 52878654 52925277 46623
6 1378 rs6458116 39399659 1 -0.00186216169663633 39398931 39401745 2814
6 3965 rs7744915 155368063 2 0.00185329862713828 155366098 155368063 1965
6 1249 rs2038068 35374461 2 -0.00184921960521896 35369491 35378798 9307
6 1887 rs2351723 66602838 1 0.00184603926468595 66571977 66610017 38040
6 2531 rs526939 96379508 2 -0.00183965496190619 96374858 96387465 12607
6 1508 rs833623 43898777 1 -0.00183683391041049 43897727 43898777 1050
6 3896 rs578512 153124301 3 0.00183509755838537 153119212 153124301 5089
6 1096 rs115884658 31864538 2 0.00183319636962396 31837250 31870873 33623
6 3380 rs3777878 133821417 1 0.00182493535073469 133817456 133833284 15828
6 1981 rs592121 70984436 1 -0.00182057683569162 70984436 70987976 3540
6 785 rs9466444 22695992 2 -0.00182045623278034 22695992 22706635 10643
6 3886 rs1933689 152704907 1 -0.00180906795328567 152704907 152704907 0
6 1627 rs7755638 48329809 2 -0.0017951940894118 48321410 48329893 8483
6 633 rs214575 18265698 3 -0.00179375628502963 18256625 18301503 44878
6 4326 rs4709088 166090378 1 -0.00178600822929694 166088295 166097078 8783
6 1053 rs7747738 31230924 3 0.00178296785154442 31229644 31237779 8135
6 1451 rs2479726 41898096 3 0.0017815096161815 41773322 41898096 124774
6 3502 rs4896387 139025468 2 0.00177686308994839 139023312 139025468 2156
6 2075 rs2029393 74981125 1 -0.00177612079695141 74974439 74982935 8496
6 2103 rs1280054 76540988 1 0.00177559691841784 76473071 76558485 85414
6 3302 rs6921207 131327956 3 0.00177530664599617 131326679 131351103 24424
6 927 rs41269261 27278179 3 0.00177206206399151 27261324 27293107 31783
6 723 rs77152992 21065449 4 0.00176888130596257 21043139 21065449 22310
6 224 rs2146448 5982090 1 0.00176140160859245 5980711 5982090 1379
6 2449 rs13202708 92859874 1 -0.00175911804815418 92843692 92867219 23527
6 4035 rs17088067 157398175 1 0.0017539699401591 157398175 157398175 0
6 1276 rs1476017 36310896 1 -0.00174584965187067 36304505 36312907 8402
6 1486 rs11962520 43188600 2 0.00173996389598815 43167655 43188600 20945
6 2838 rs756487 110675112 1 -0.00173621851155046 110669277 110681879 12602
6 3980 rs9478638 155648495 1 -0.00173544767836015 155647047 155648495 1448
6 3056 rs1339015 121158314 2 -0.00173489367335357 121153942 121208345 54403
6 3334 rs6914252 132377974 2 0.00173055003818826 132373986 132399304 25318
6 1610 rs11759777 47343809 1 0.00172419413070898 47343809 47348192 4383
6 2537 rs4629693 96581274 1 -0.00170821453564168 96572748 96586116 13368
6 540 rs9370795 15143556 1 0.00170478371266258 15138938 15161580 22642
6 341 rs17403999 9017266 2 0.00170330367491474 9017266 9017266 0
6 727 rs1563728 21209999 1 0.00170070982994398 21208429 21217185 8756
6 1242 rs820082 35031441 4 -0.00169131756510722 35008247 35040420 32173
6 3745 rs1351698 149214810 1 -0.00169096843380525 149214810 149214810 0
6 912 rs806795 26205293 2 0.00168633720963342 26205293 26233387 28094
6 2836 rs2334324 110617709 1 0.00168268310520099 110555401 110617709 62308
6 4212 rs13207671 162979056 1 -0.00167367499655075 162972240 162983843 11603
6 1974 rs3806000 70767756 2 0.00167144385219717 70766504 70777350 10846
6 4480 rs408952 169812934 1 -0.00165819328748136 169805128 169820381 15253
6 3266 rs9402186 130171667 1 0.00165337845879651 130165115 130176592 11477
6 2670 rs1367645 103292745 1 -0.00165285161208589 103287274 103299213 11939
6 845 rs6923278 24247896 1 0.0016461927546978 24234933 24261259 26326
6 1474 rs3749898 42640726 2 0.00164461115471679 42559926 42659979 100053
6 3168 rs9375383 125354154 1 0.00164368807213773 125354154 125365295 11141
6 1219 rs12523795 33876434 1 0.00163815831042071 33876082 33877627 1545
6 972 rs1233374 29608694 1 0.00163787935772829 29607747 29613218 5471
6 201 rs7763423 5523888 1 -0.00163701680140258 5523888 5524393 505
6 481 rs6910418 13294866 4 0.00162925736256624 13278788 13294866 16078
6 2258 rs1143796 84005867 2 0.00162439642171201 83976802 84020324 43522
6 841 rs1419228 24178306 1 -0.00161595957425982 24173382 24178306 4924
6 27 rs3799325 859115 1 -0.00161473990648012 858212 877124 18912
6 4033 rs10485203 157265752 1 -0.00161439095828855 157262028 157265752 3724
6 3753 rs2500548 149336354 1 -0.00160946117347851 149329267 149336354 7087
6 1600 rs1630504 47104856 1 -0.00160878421066141 47104856 47111842 6986
6 2611 rs10499028 100352613 1 0.00160816957566579 100352613 100354935 2322
6 2913 rs9488123 113582427 1 0.00160483748109314 113582427 113605832 23405
6 2044 rs9351947 73525349 1 -0.00159789493722741 73525349 73525349 0
6 3151 rs535492 124863962 1 0.00159769161808114 124863962 124863962 0
6 3240 rs1478804 129429694 3 -0.0015920544766259 129422405 129454510 32105
6 2969 rs11153627 117074628 1 -0.00158709669191255 117071569 117075632 4063
6 3697 rs9497824 147941453 1 -0.00158655954808849 147934662 147941453 6791
6 2886 rs2237246 112529727 1 -0.00158437867662651 112529268 112531660 2392
6 4004 rs9384411 156315056 1 0.00157730970474738 156314920 156327561 12641
6 4125 rs492315 160692694 1 0.00157603101959108 160686668 160694952 8284
6 4107 rs9347340 160188891 1 0.0015672651469567 160091560 160211339 119779
6 2925 rs9488242 114030316 2 -0.00156537421039027 114030316 114050439 20123
6 3519 rs17304375 139435878 1 0.00155748239534188 139435577 139500135 64558
6 4235 rs4708985 163701950 1 0.00154281991317175 163697439 163704008 6569
6 831 rs12200455 23922624 1 0.00153576348810881 23915870 23922624 6754
6 839 rs10946676 24144867 2 -0.00153467643979527 24141835 24151395 9560
6 3543 rs17069974 140794431 2 -0.00153123334766338 140794431 140794431 0
6 2966 rs11544160 116784797 3 0.00153091838889607 116772664 116788453 15789
6 267 rs9405316 6854766 1 -0.00153014722089755 6854766 6855722 956
6 219 rs1407793 5884859 2 0.00152777067001254 5884859 5884859 0
6 2705 rs7756959 104867593 6 -0.00152756364805649 104852424 104875654 23230
6 2539 rs17056459 96658670 4 -0.00152191679689617 96612930 96689890 76960
6 1762 rs17545325 54623801 1 0.00151909822479054 54604517 54623801 19284
6 2812 rs471422 109138491 1 -0.00151750375510143 109132221 109148253 16032
6 768 rs16901634 22207220 1 0.00151202823751685 22207220 22207220 0
6 4236 rs7768540 163713283 1 -0.0015035541562702 163708338 163713330 4992
6 3360 rs4897620 133242963 3 -0.00149892623087932 133236406 133256495 20089
6 3638 rs9376844 145025611 1 0.00149486967555751 145025611 145025611 0
6 2055 rs12190643 73930950 1 0.001482352241929 73930950 73930950 0
6 4266 rs9365646 164451546 2 -0.00148146120779546 164450412 164452283 1871
6 1247 rs9658100 35356640 2 0.0014745773780957 35322763 35362848 40085
6 3264 rs9375664 130092678 3 0.00147324556705406 130092485 130094673 2188
6 299 rs9406042 7623854 1 -0.0014591970679698 7618813 7623854 5041
6 458 rs542119 12596998 1 0.00145912804925945 12596998 12596998 0
6 3756 rs9498215 149421083 4 0.00145599629179065 149416054 149435111 19057
6 1993 rs9351798 71723119 1 0.00145561746804467 71722821 71733748 10927
6 2497 rs9354065 94652407 1 0.00145257505099125 94646136 94677177 31041
6 3618 rs9403540 144292587 1 0.00145047860411118 144281385 144305568 24183
6 1116 rs34498363 32261630 1 -0.00144318913465327 32218843 32275194 56351
6 2706 rs3851208 104896918 1 -0.00143648125035603 104896294 104896918 624
6 2402 rs2655387 90947998 1 0.00143583584531149 90936894 90996769 59875
6 1282 rs876581 36655445 1 0.0014337904702289 36651971 36655445 3474
6 3481 rs9389549 138343019 2 0.00143275723467872 138343019 138354180 11161
6 3798 rs9480384 150729878 2 -0.00143252377616724 150726097 150731232 5135
6 457 rs7744797 12581921 2 0.00142922650656416 12581921 12585656 3735
6 1455 rs6921368 41980666 2 -0.00142379023144861 41980666 41980666 0
6 856 rs114422378 24535234 2 -0.00142064055039839 24531262 24536706 5444
6 1701 rs10948711 52510665 1 -0.0014173743675897 52501918 52510665 8747
6 1585 rs9472830 46689762 1 0.00141698536868252 46689762 46689762 0
6 381 rs533746 10388968 1 0.00141463571418208 10388968 10388968 0
6 1000 rs1116221 30071330 1 -0.00141120156028249 30071110 30072511 1401
6 907 rs2237231 26017171 1 -0.00141029870360337 25983010 26031613 48603
6 2154 rs6911371 78953246 2 0.00140635909516399 78926082 78955109 29027
6 3081 rs12192653 122107994 1 -0.00140555700661604 122078300 122158270 79970
6 102 rs11242807 2906147 1 0.00140548930173065 2906147 2906147 0
6 3239 rs10456976 129383986 2 -0.00140345792488937 129375673 129383986 8313
6 3341 rs2876186 132728085 2 0.00140274729479578 132728085 132735020 6935
6 3140 rs713215 124603670 4 0.0014026546349304 124603503 124606520 3017
6 465 rs9472566 12797940 1 -0.00140226496657642 12780185 12804619 24434
6 1556 rs6941971 45587594 1 -0.00139108240587811 45569863 45595551 25688
6 283 rs665723 7139064 2 0.0013823748363138 7131524 7139064 7540
6 629 rs4380756 18072657 1 -0.0013778040757278 18060307 18088988 28681
6 2207 rs16892086 81366484 2 -0.00137122614092882 81349756 81366484 16728
6 3270 rs10499171 130302794 3 -0.00137110317213011 130285951 130309435 23484
6 3557 rs2024658 142041859 5 0.00136909650923944 142038365 142076325 37960
6 753 rs16885318 21832546 2 0.00136804878717749 21832546 21844709 12163
6 494 rs4715562 13777209 2 -0.0013652795679581 13777209 13777209 0
6 2862 rs3204953 111628626 2 -0.00136370743024832 111598246 111635808 37562
6 2807 rs564376 109032000 1 0.00136034876880357 109032000 109032557 557
6 3645 rs9376869 145201100 2 -0.0013569938789088 145201100 145206430 5330
6 3931 rs9479756 154410114 1 -0.00135250120617989 154410114 154414573 4459
6 534 rs4715925 14807697 1 0.00134455781896872 14807697 14807697 0
6 1771 rs7753268 54863080 1 0.00134099515411285 54856585 54887779 31194
6 2556 rs9320409 97530846 1 0.00134076977980695 97518987 97537000 18013
6 2346 rs6908755 88817786 1 -0.00133623464303767 88817786 88818965 1179
6 1839 rs2208329 63458776 1 -0.00133550208373197 63403021 63458776 55755
6 2834 rs1564078 110337209 1 0.00133096241954257 110337209 110337209 0
6 2707 rs2084907 104910848 2 -0.00133010778290697 104910848 104930625 19777
6 951 rs11754985 28711074 2 0.00132628347490066 28689672 28722799 33127
6 1340 rs1937782 38629230 1 0.00132473950479639 38627279 38646630 19351
6 2545 rs9398152 97063724 2 0.00132454213721592 97063724 97077504 13780
6 2032 rs2789588 73143697 2 0.00132184651206615 73131012 73146011 14999
6 1012 rs7741364 30372570 1 -0.00132181318703398 30365448 30372987 7539
6 920 rs12201890 26662626 1 -0.00132165599100872 26592707 26667079 74372
6 3273 rs6569648 130349119 1 0.0013174766619397 130349119 130374102 24983
6 3891 rs2141153 152893609 2 -0.00131454101182192 152875862 152896974 21112
6 676 rs12197522 19752263 1 -0.0013139934943659 19752263 19762411 10148
6 1791 rs12201934 55412503 1 -0.00131129335006154 55397800 55428780 30980
6 2077 rs599121 75056542 1 -0.00130783047591387 75056542 75063124 6582
6 2036 rs1147570 73308513 1 0.00130727270304897 73274405 73308513 34108
6 1232 rs6925243 34381937 2 0.0013065005196418 34249546 34384852 135306
6 4315 rs569647 165932290 2 -0.00130529729190389 165932290 165932290 0
6 3018 rs17080799 119380885 2 -0.00130021277154765 119371603 119380885 9282
6 1395 rs1077330 40225869 2 0.00129927959741986 40217930 40225964 8034
6 2184 rs12523953 80322860 3 0.00129222644780326 80307921 80325234 17313
6 2972 rs1321366 117240593 2 -0.00128728545455383 117210052 117240593 30541
6 421 rs9469705 11625711 1 0.00128496496209309 11620846 11627539 6693
6 645 rs980959 18733216 2 -0.00128342411385813 18733216 18767825 34609
6 4379 rs6919949 167065891 1 0.00128112265922807 167056898 167065891 8993
6 890 rs7774567 25425526 1 0.00127841768480823 25425526 25425526 0
6 3715 rs4896956 148344667 2 -0.00127169502669164 148337715 148344667 6952
6 3910 rs11155901 153576121 1 -0.0012706455385464 153576121 153576121 0
6 2525 rs4839992 96193945 2 0.00126936312314672 96193945 96218908 24963
6 186 rs7754867 5120585 1 -0.00126763200777037 5111680 5124416 12736
6 2991 rs2501624 118053656 1 0.00126167579709213 118053656 118053656 0
6 2363 rs9451101 89620255 1 0.00125860973859116 89620255 89620255 0
6 3568 rs9496346 142669338 1 0.00125452367846228 142669338 142777029 107691
6 1433 rs9394785 41320227 1 0.00125403884034055 41303207 41320465 17258
6 3086 rs2606645 122433255 1 0.00124753126031971 122414296 122433255 18959
6 2791 rs4391294 108090454 1 0.00124320911896756 108088477 108094352 5875
6 1332 rs12215707 38175923 1 -0.00124052280768448 38173365 38199488 26123
6 3869 rs9371236 152306346 1 0.00123893543413059 152302578 152306346 3768
6 1550 rs1321080 45358323 2 0.0012366293851001 45358323 45358323 0
6 1897 rs2882826 67079357 2 0.00122883704323641 67054961 67092438 37477
6 4412 rs9346745 167826664 4 -0.00122549877996009 167824688 167833557 8869
6 209 rs11962015 5618987 1 0.00122287181519792 5618987 5618987 0
6 2148 rs9361324 78684899 2 -0.00121429529329273 78641146 78686454 45308
6 1255 rs6926133 35579375 1 0.00121299280029662 35579375 35646435 67060
6 159 rs4959980 4456168 1 0.00121195935728558 4456168 4456168 0
6 4308 rs4324759 165678438 1 0.0012064105360065 165671448 165691210 19762
6 4084 rs4709266 159456266 4 -0.00120326116928744 159451328 159465977 14649
6 1789 rs7749819 55334405 1 -0.00120190576925916 55323430 55337062 13632
6 45 rs238035 1222588 1 -0.00119980620843832 1221088 1226045 4957
6 1803 rs12207650 55952234 2 -0.0011959634721799 55924962 56011530 86568
6 2642 rs9386283 101997543 2 0.00119459102832438 101990259 102007227 16968
6 819 rs2066911 23548350 2 -0.00119063158040972 23542172 23561618 19446
6 3541 rs505897 140444057 3 -0.00118590968323675 140371611 140578494 206883
6 1035 rs2523882 31042217 1 -0.00118181183765572 31023148 31054511 31363
6 2652 rs9377299 102202511 1 -0.00117417929446393 102202511 102202511 0
6 977 rs9258206 29704237 1 0.00117347218204744 29698821 29710726 11905
6 2720 rs1149316 105756525 1 -0.00116541845442205 105756525 105756525 0
6 2620 rs3778036 100844105 2 0.00116513852180624 100844105 100862051 17946
6 1871 rs9453211 65873577 1 0.00116486811400534 65857285 65882186 24901
6 2980 rs508278 117646772 1 0.00116377260532778 117640002 117646772 6770
6 4126 rs511215 160704943 1 0.00116019185890868 160699534 160706661 7127
6 610 rs3886378 17268236 1 -0.00115808032794009 17268236 17277353 9117
6 3790 rs11760085 150591429 2 0.00115665921177517 150589471 150591429 1958
6 1124 rs28362681 32370879 3 0.00115580596082073 32368087 32374640 6553
6 1671 rs2174861 51537351 1 0.00115505161751817 51537351 51544360 7009
6 2979 rs544047 117608318 1 0.00114222070741148 117608318 117608318 0
6 2302 rs313242 86057368 1 0.00113682803727271 86056783 86078534 21751
6 2221 rs2120533 82149482 1 -0.00112881538472521 82130505 82159504 28999
6 3844 rs3734795 151674593 1 0.00112880756397105 151663560 151679198 15638
6 761 rs11966463 22003895 2 0.00112807974457678 21996130 22012566 16436
6 3098 rs9372715 123086188 1 0.00112527624453389 123086188 123095188 9000
6 833 rs16888397 23978607 2 0.00112183850744845 23972121 23986903 14782
6 3767 rs9498335 149693784 3 0.00111635983371587 149658978 149744632 85654
6 844 rs7774208 24228243 1 -0.00110578044810664 24215665 24233288 17623
6 2918 rs7769338 113813639 1 -0.00110264910189944 113813639 113813868 229
6 1402 rs6903068 40354316 1 -0.00109273279904741 40350935 40370499 19564
6 2242 rs7356857 83337469 1 -0.00109201256983172 83337469 83337469 0
6 3354 rs909975 133014991 1 -0.00109082768696165 133014991 133035098 20107
6 3499 rs6923972 138909661 1 0.00109054278702414 138899640 138909908 10268
6 703 rs12205236 20470908 2 0.00108599117957017 20468635 20470908 2273
6 3884 rs111449472 152668211 1 0.00108364768103519 152665261 152679518 14257
6 3050 rs9387843 120874909 1 -0.00107786459124075 120862765 120874909 12144
6 1482 rs141065679 43017190 2 -0.00107695850045846 43013662 43057581 43919
6 2257 rs9449593 83932731 4 0.00107523016349038 83928135 83972313 44178
6 2506 rs436889 95003654 2 0.00107154906714861 95002441 95012223 9782
6 1439 rs728826 41443615 1 0.00106623681995098 41443615 41443689 74
6 383 rs1348 10449258 1 -0.00106564985535575 10433825 10449258 15433
6 1343 rs17623162 38702959 1 -0.00106363002892191 38702959 38706073 3114
6 4118 rs4646275 160553007 1 0.0010629581072905301 160553007 160560845 7838
6 741 rs9295508 21392864 1 -0.00105957435279419 21392864 21392864 0
6 2578 rs2086512 99011501 1 0.00105392635661146 99011501 99014744 3243
6 3112 rs7746138 123642389 1 -0.00105170786168991 123642389 123668347 25958
6 2339 rs4537110 88579382 2 -0.00104979508821063 88572634 88605278 32644
6 2788 rs1728125 108033286 5 0.00104569123802345 108033286 108039149 5863
6 1756 rs10948828 54452797 1 0.00104412362606737 54452797 54461072 8275
6 3284 rs12197132 130805694 3 -0.00104178682097936 130796396 130810954 14558
6 3414 rs9494101 135199596 1 -0.00104113464705375 135192075 135210182 18107
6 2038 rs17692715 73356342 2 0.00103729944576326 73343796 73356342 12546
6 3257 rs9398913 129970962 1 0.00103519299650683 129970962 129978396 7434
6 4298 rs6937822 165427920 2 -0.00103245892659869 165405678 165434315 28637
6 3826 rs7752450 151301951 1 0.00103048867773193 151294238 151308395 14157
6 1328 rs2842512 37909855 6 0.00102974140687 37909084 37990758 81674
6 4168 rs6455744 162060468 2 0.00102386631234371 162060468 162068565 8097
6 1809 rs2038144 56204780 1 -0.00102277242280734 56204780 56204780 0
6 3546 rs1856384 141214296 1 0.00101669227014031 141188478 141214296 25818
6 2695 rs6909381 104361066 1 -0.0010157885965402 104347952 104377656 29704
6 3469 rs526676 137891497 2 -0.00101506987595523 137876921 137891497 14576
6 1221 rs2495966 33922198 2 -0.00101347356878567 33915598 33929065 13467
6 1799 rs12195643 55754378 2 0.00101044493592432 55754378 55766417 12039
6 1345 rs1678664 38750812 1 -0.00100332414638355 38750812 38763733 12921
6 2412 rs1556091 91344491 1 9.965925616432325e-4 91343038 91352508 9470
6 4219 rs7738903 163320074 1 9.948502877145957e-4 163318480 163321232 2752
6 1047 rs4122190 31167852 1 -9.939407548591904e-4 31142245 31167927 25682
6 1792 rs4715555 55448610 2 -9.938523715620146e-4 55443352 55456654 13302
6 335 rs4959501 8807900 1 -9.876025721820344e-4 8807900 8808011 111
6 3864 rs9322331 152162317 1 -9.86176673624479e-4 152157881 152162317 4436
6 3566 rs1953319 142583426 1 9.854367707706015e-4 142565531 142590090 24559
6 2268 rs2497113 84767152 1 9.850698337172104e-4 84767124 84767152 28
6 262 rs201053 6722492 2 9.791428346404415e-4 6722492 6722492 0
6 2493 rs9363108 94461990 1 -9.77628934409888e-4 94461990 94461990 0
6 2293 rs6938017 85766507 2 -9.770062475089884e-4 85750834 85777822 26988
6 289 rs9505103 7272069 1 9.766279100648157e-4 7272006 7274354 2348
6 1650 rs12210112 50142856 2 9.735792031240356e-4 50125321 50142856 17535
6 2453 rs1470357 92965688 1 9.718919445103478e-4 92964208 92980067 15859
6 305 rs1107495 7726057 2 -9.701755089542636e-4 7718590 7726057 7467
6 955 rs7752270 29053998 1 9.681137802766858e-4 28994570 29104935 110365
6 1663 rs1536504 51206168 3 9.675363177529412e-4 51206168 51264082 57914
6 2805 rs9372187 108875645 2 9.652084630050496e-4 108867031 108927842 60811
6 2728 rs11968354 106117591 2 9.647316412375568e-4 106089212 106117591 28379
6 2470 rs2225922 93616295 4 -9.610530625274046e-4 93576022 93616295 40273
6 177 rs12665403 4737179 1 -9.586591497447054e-4 4734565 4737179 2614
6 4314 rs494139 165911470 1 -9.567360721262112e-4 165901124 165920969 19845
6 3912 rs1479438 153632118 1 -9.54099634548375e-4 153632118 153632118 0
6 3162 rs9375372 125122731 1 -9.515588509741344e-4 125122731 125125128 2397
6 2223 rs10943827 82355980 1 9.49708413383984e-4 82319174 82379575 60401
6 314 rs6922018 7918311 1 9.466279398580834e-4 7918311 7918405 94
6 1246 rs6920432 35298662 1 9.458953110484374e-4 35268533 35310432 41899
6 1238 rs6909637 34613630 1 -9.436781253331852e-4 34548296 34618893 70597
6 1191 rs191549504 33411673 1 9.398877226231804e-4 33358278 33431517 73239
6 1391 rs9369152 39962868 1 -9.368518774469982e-4 39962868 39962868 0
6 1420 rs7746902 40926958 1 9.34471215996214e-4 40926958 40928923 1965
6 3660 rs12524615 145774268 1 9.233107685083348e-4 145759193 145774684 15491
6 1716 rs2816364 53094839 3 9.193733374583972e-4 53087535 53096986 9451
6 4437 rs9456079 168783451 1 9.154558964979088e-4 168774529 168783451 8922
6 1500 rs13211073 43768435 1 -9.144787951978548e-4 43768435 43768435 0
6 1841 rs6453938 63710146 2 -9.126156104393772e-4 63665146 63710146 45000
6 4096 rs1977751 159874165 1 9.086409146401692e-4 159868031 159886303 18272
6 832 rs528715 23944129 1 -9.025960609047216e-4 23944129 23946867 2738
6 1385 rs9296308 39794653 1 8.982534073255106e-4 39790940 39796910 5970
6 503 rs9396467 14053646 2 -8.960550604769344e-4 14053646 14065168 11522
6 1924 rs12192510 68111529 1 8.900063934246616e-4 68111529 68118383 6854
6 2013 rs272213 72365557 5 -8.878858558122729e-4 72300534 72365557 65023
6 108 rs1885300 3029127 1 8.822213664939224e-4 3027131 3032804 5673
6 4486 rs17860632 170155477 1 -8.807642874041607e-4 170143300 170190200 46900
6 1555 rs2280227 45543530 2 -8.749758099300046e-4 45541920 45543530 1610
6 3418 rs9399137 135419018 3 8.725630140092609e-4 135409116 135419305 10189
6 95 rs9328128 2775431 2 -8.675912726315264e-4 2759201 2775431 16230
6 823 rs536104 23640863 1 8.649782589542849e-4 23615399 23640863 25464
6 1874 rs1995443 66061173 1 8.611587068865004e-4 66050797 66064126 13329
6 1398 rs9394681 40274536 1 -8.595068322548709e-4 40270047 40287483 17436
6 498 rs1192057 13948389 1 8.565168644259471e-4 13943781 13952482 8701
6 4146 rs7754843 161589477 1 -8.561383170210768e-4 161582535 161589477 6942
6 23 rs9406006 776262 1 -8.544535907620999e-4 776262 776262 0
6 1739 rs1041148 53853589 2 8.439478386729511e-4 53848551 53858449 9898
6 1251 rs35080860 35443835 2 -8.428724933873131e-4 35422754 35452346 29592
6 3373 rs1336527 133635272 1 -8.424812366687318e-4 133628237 133642918 14681
6 2129 rs10943414 77807794 1 -8.378759758735919e-4 77780168 77825472 45304
6 374 rs6900553 10231925 1 -8.368640217099651e-4 10231925 10235805 3880
6 695 rs586124 20171926 1 -8.361570562059821e-4 20168333 20171926 3593
6 1687 rs1413920 52127581 2 -8.337294279079929e-4 52126705 52142092 15387
6 1982 rs564031 71008339 1 8.309051798190446e-4 71008339 71008339 0
6 2890 rs1342593 112621834 2 -8.294349865995606e-4 112621834 112644225 22391
6 2606 rs7742890 100197285 1 8.289122613783457e-4 100192215 100213515 21300
6 3657 rs1321529 145601560 2 -8.268887099448093e-4 145590770 145607995 17225
6 2057 rs555779 74014468 1 -8.268151021667864e-4 73975404 74016113 40709
6 1195 rs210152 33515520 2 -8.23528116222104e-4 33507723 33536670 28947
6 3095 rs9401572 123020680 1 -8.224520551546197e-4 123016438 123027077 10639
6 1302 rs262902 37116078 1 8.219385933067154e-4 37116078 37116078 0
6 1895 rs9360188 66922606 2 -8.210685052664435e-4 66897470 66925793 28323
6 401 rs1225746 10955408 2 -8.200975508723266e-4 10942964 10955408 12444
6 3569 rs17071819 142818428 1 8.175848660041641e-4 142797289 142846707 49418
6 3214 rs675531 128040839 1 8.171462801566771e-4 128021803 128040839 19036
6 4467 rs369417 169434121 1 -8.168310879040008e-4 169434121 169436455 2334
6 543 rs794791 15313789 1 8.15957386210185e-4 15300590 15346005 45415
6 3744 rs1384670 149200719 1 8.156693536136253e-4 149200719 149205617 4898
6 4077 rs10945563 159282859 4 -8.142280760752713e-4 159277326 159299216 21890
6 726 rs9465991 21191928 2 -8.08323836029479e-4 21191928 21205388 13460
6 3402 rs11154774 134847175 1 8.067901935192351e-4 134840948 134847175 6227
6 235 rs6597197 6253017 1 8.057240629515261e-4 6253017 6253017 0
6 2942 rs7752198 115049875 2 -8.038338981715801e-4 115023523 115058847 35324
6 3201 rs2151522 127210093 1 8.011446492095089e-4 127210093 127232945 22852
6 3333 rs233941 132319906 2 7.999508431621968e-4 132316288 132349215 32927
6 3179 rs9321038 125731930 1 -7.892419569585256e-4 125731930 125735639 3709
6 3703 rs6916917 148127474 1 7.888410160118272e-4 148127474 148133431 5957
6 4119 rs34059508 160575837 1 -7.886418669112528e-4 160572866 160578860 5994
6 3357 rs12211425 133132500 1 -7.883439673779765e-4 133126950 133146796 19846
6 52 rs731394 1405284 2 -7.863008339137139e-4 1405284 1405284 0
6 1289 rs916297 36737499 2 -7.851749043239565e-4 36730418 36737499 7081
6 360 rs9476925 9806503 2 -7.840530444825064e-4 9789093 9810702 21609
6 1800 rs12213017 55805282 1 7.794893824915603e-4 55770995 55805282 34287
6 416 rs4076156 11424279 1 7.771625033180519e-4 11412916 11424279 11363
6 2105 rs9352247 76645803 1 7.751287893350538e-4 76640781 76645803 5022
6 4487 rs713367 170205573 2 -7.710695161872684e-4 170190659 170208204 17545
6 2209 rs976145 81407258 1 7.61789991023417e-4 81406662 81429073 22411
6 3573 rs10484588 142988837 3 7.602508626694833e-4 142985541 142998843 13302
6 837 rs6922632 24107093 1 -7.602351019231204e-4 24107093 24107093 0
6 3905 rs1933488 153441079 2 -7.598711628714422e-4 153426679 153463915 37236
6 3824 rs2096066 151255434 1 -7.53345061867012e-4 151252917 151258770 5853
6 1414 rs6458179 40700237 1 7.502275290185333e-4 40689997 40704396 14399
6 1611 rs1953310 47385461 2 7.499069268307348e-4 47363213 47385461 22248
6 2087 rs17786760 75536940 2 -7.497995806615464e-4 75532577 75536940 4363
6 1649 rs17664085 49913927 2 -7.459075366751749e-4 49909756 49920177 10421
6 1615 rs115890838 47682212 2 -7.443965115995792e-4 47646842 47687007 40165
6 2765 rs2077953 107158033 2 7.435448099154423e-4 107152741 107162648 9907
6 621 rs4142551 17603200 1 7.408905262894889e-4 17603200 17688693 85493
6 2307 rs41271629 86257229 1 7.403853091494702e-4 86232543 86345039 112496
6 764 rs10946507 22100367 1 -7.398358217470481e-4 22075262 22100367 25105
6 1212 rs6905353 33813043 1 -7.32212089646655e-4 33813043 33817929 4886
6 3687 rs17076578 147357913 1 7.318723115659184e-4 147354068 147357913 3845
6 380 rs9466019 10356036 1 7.318319259079078e-4 10356036 10365025 8989
6 1689 rs11964472 52193513 1 -7.295775435467394e-4 52178604 52193513 14909
6 3058 rs7748279 121238247 1 -7.293006387030263e-4 121225325 121252327 27002
6 2066 rs1437579 74542387 1 7.27244843644329e-4 74529922 74564596 34674
6 317 rs10458216 8001291 3 -7.269465678633608e-4 7981671 8001337 19666
6 2725 rs9372090 105991917 2 7.255610363909345e-4 105981702 105991917 10215
6 3521 rs943651 139579009 1 -7.253176384522093e-4 139575852 139579009 3157
6 1805 rs1925164 56127267 2 7.228637375198936e-4 56115894 56150940 35046
6 4261 rs7775629 164361544 1 7.20016978673056e-4 164361544 164361544 0
6 3734 rs1147858 148838112 1 7.198663813670824e-4 148838112 148840980 2868
6 2049 rs947612 73738661 1 7.186154851212532e-4 73738661 73738661 0
6 4341 rs697462 166374108 1 7.116186583354812e-4 166374108 166374108 0
6 1865 rs4710286 65520297 1 7.105400273935295e-4 65518623 65520297 1674
6 4041 rs9355853 158077053 1 7.103450525499119e-4 158077053 158086912 9859
6 4289 rs6937046 165166241 2 7.072242905628203e-4 165130872 165166241 35369
6 4363 rs9356478 166751416 2 -7.064677606153914e-4 166747572 166751416 3844
6 1962 rs12110376 70214844 1 -7.054342180442918e-4 70136445 70214844 78399
6 1352 rs12203833 38937406 1 7.046479055114312e-4 38921240 38948307 27067
6 2634 rs1415946 101846343 1 -7.019556102635427e-4 101846343 101846343 0
6 2362 rs6901395 89432362 1 7.001147393861229e-4 89421027 89460542 39515
6 1593 rs9367260 46914760 1 -6.958788051482606e-4 46910415 46928442 18027
6 1531 rs911983 44441552 1 -6.934774159649428e-4 44441552 44444703 3151
6 4023 rs9478712 156858484 1 -6.925435194778736e-4 156858484 156861144 2660
6 4111 rs1983633 160352497 3 -6.905127708470736e-4 160335017 160358781 23764
6 781 rs13196055 22564209 1 -6.902169512991257e-4 22563637 22570189 6552
6 3080 rs6569227 122043606 1 6.901743210671215e-4 121933718 122043606 109888
6 1411 rs9349160 40600642 1 -6.896782747447785e-4 40600042 40603020 2978
6 2882 rs2072020 112460648 1 6.877592948415276e-4 112445106 112460648 15542
6 327 rs9328464 8350917 1 -6.87448857922078e-4 8349511 8353148 3637
6 808 rs7740800 23237776 1 6.848903999263468e-4 23237776 23242514 4738
6 2233 rs17644312 82741794 1 -6.84837526556273e-4 82731411 82741794 10383
6 16 rs12530461 614353 2 6.834122039437588e-4 611969 625268 13299
6 3111 rs9401654 123641032 1 -6.82515313733812e-4 123637154 123641032 3878
6 4350 rs2028792 166572941 1 -6.769863719549565e-4 166558164 166575787 17623
6 3104 rs9385283 123343461 3 -6.765979647978481e-4 123323407 123344094 20687
6 710 rs979614 20662123 1 -6.748711007317245e-4 20641336 20664312 22976
6 791 rs9393332 22765885 1 -6.710264658114986e-4 22760170 22790013 29843
6 1545 rs2396369 44946463 1 -6.686241445649014e-4 44944642 44980341 35699
6 2350 rs9450916 88907388 1 -6.679367538729605e-4 88907388 88931764 24376
6 3510 rs10457681 139193565 1 -6.668115933101652e-4 139193565 139193603 38
6 1427 rs6938076 41173128 1 6.625052514067664e-4 41171213 41176759 5546
6 1922 rs7452665 68044730 1 -6.60492933150392e-4 68024278 68050150 25872
6 605 rs4236170 17083865 1 6.600524699466174e-4 17081711 17085201 3490
6 2320 rs12198149 87491157 1 6.591725176633017e-4 87491157 87500445 9288
6 2306 rs6900270 86214507 1 6.555573625908099e-4 86176625 86214507 37882
6 4305 rs957967 165564573 2 -6.53479560795013e-4 165530602 165569308 38706
6 733 rs9466023 21286718 1 -6.474064634776993e-4 21285798 21286718 920
6 3349 rs3813354 132910634 1 6.461531745451646e-4 132910612 132913582 2970
6 4300 rs12174875 165471482 1 6.393371093985241e-4 165471482 165478051 6569
6 3668 rs362856 146719883 1 6.384269002970743e-4 146719883 146719883 0
6 1644 rs1570063 49637027 1 -6.330024143456767e-4 49637027 49660418 23391
6 4500 rs9348301 170564749 1 -6.28249984706741e-4 170560679 170567708 7029
6 4202 rs9365410 162795058 1 6.2554887397035e-4 162771688 162800335 28647
6 4359 rs9356458 166667434 1 -6.255018663015373e-4 166667434 166667434 0
6 2623 rs1392969 101091434 1 6.251325732108389e-4 100957344 101091434 134090
6 3858 rs3020343 152054363 1 6.237849208098129e-4 152054363 152059563 5200
6 903 rs1408272 25842951 1 -6.140296169791961e-4 25841408 25877970 36562
6 1325 rs6929224 37746848 1 6.10835351800321e-4 37746848 37746848 0
6 3265 rs17473162 130140120 1 6.104423719402709e-4 130140120 130154686 14566
6 3505 rs6927344 139102366 2 -6.098707522304839e-4 139095721 139110345 14624
6 1749 rs1058768 54186147 1 -6.086372895608375e-4 54186147 54199780 13633
6 973 rs61730327 29640951 1 6.068862558482479e-4 29615822 29649056 33234
6 3755 rs6917010 149398511 1 6.039876044146842e-4 149366064 149411689 45625
6 3060 rs9490099 121296521 2 6.023705332753771e-4 121269693 121296521 26828
6 2713 rs9322816 105216695 1 5.996944119619489e-4 105153614 105216695 63081
6 2605 rs9373217 100129570 1 -5.991509149532425e-4 100116092 100187748 71656
6 2329 rs1925690 87867063 2 -5.956050725475445e-4 87867063 88008168 141105
6 3653 rs4141953 145422462 1 5.940650570822323e-4 145421935 145472281 50346
6 287 rs116683035 7248990 1 5.932296390467164e-4 7247344 7254641 7297
6 2451 rs9294529 92938341 2 5.929171284113831e-4 92918288 92941472 23184
6 1265 rs9470219 36075219 1 5.913106866177836e-4 35993906 36075219 81313
6 3649 rs2069128 145342763 1 5.900552798534346e-4 145333573 145351743 18170
6 257 rs3804481 6632399 1 -5.898932781798783e-4 6631674 6632399 725
6 2448 rs7759851 92838614 1 5.880610602634559e-4 92827954 92838614 10660
6 2488 rs2278106 94120219 3 5.867483054950406e-4 94120219 94162298 42079
6 650 rs834362 18976445 3 -5.840671172873813e-4 18970677 18984299 13622
6 1368 rs3734618 39284184 1 5.821458042225431e-4 39282806 39284184 1378
6 2764 rs3804345 107098087 1 -5.821407256081958e-4 107098087 107123879 25792
6 2960 rs6568920 116373531 2 -5.812844425242176e-4 116325108 116419107 93999
6 821 rs197988 23593375 2 -5.810699179457889e-4 23593375 23593375 0
6 57 rs2569865 1529787 1 -5.790737556097884e-4 1529787 1537144 7357
6 3426 rs737561 135754471 2 5.789325453628408e-4 135749202 135903717 154515
6 2323 rs16878041 87666493 1 5.774828714852664e-4 87666493 87684800 18307
6 3889 rs17082709 152777095 1 5.710560746108315e-4 152766766 152802209 35443
6 47 rs2252693 1277151 2 5.701199217167815e-4 1277151 1277151 0
6 3771 rs9371544 150217360 3 -5.675147863130766e-4 150210681 150226059 15378
6 1418 rs12196881 40828945 2 -5.648487032366371e-4 40828945 40839428 10483
6 291 rs9505168 7327846 1 5.645340264681843e-4 7327846 7327846 0
6 3516 rs2498638 139397459 1 5.642632753015089e-4 139397459 139397459 0
6 2950 rs10484732 115895089 1 5.638894152987042e-4 115836618 115895089 58471
6 436 rs7770934 12077722 1 -5.611077888432451e-4 12076171 12080585 4414
6 3860 rs6939683 152090324 1 5.588680426962499e-4 152090045 152092749 2704
6 4392 rs7747434 167274198 1 5.546560621065091e-4 167267919 167274198 6279
6 3160 rs1415766 125060716 1 -5.526162914951969e-4 125060716 125060716 0
6 2828 rs13209604 110176543 2 5.499896565303712e-4 110173831 110176543 2712
6 2143 rs9352507 78359807 1 -5.491408665039502e-4 78357775 78381834 24059
6 4069 rs317795 159085005 1 -5.478625228685365e-4 159058804 159087492 28688
6 4015 rs6917784 156586155 1 -5.477878491305761e-4 156581815 156586753 4938
6 48 rs1550198 1284697 1 5.472006381583219e-4 1284697 1284697 0
6 349 rs2209543 9384993 1 -5.463861986322413e-4 9380976 9385404 4428
6 4348 rs1867596 166517429 1 -5.447008116593162e-4 166513487 166520236 6749
6 864 rs4610554 24827691 3 -5.357621668748433e-4 24808771 24828490 19719
6 538 rs12201053 15015659 1 -5.351331797795585e-4 15015659 15015659 0
6 4447 rs2342635 169002834 1 5.346574110565289e-4 168991469 169002834 11365
6 1715 rs2817090 53079284 1 -5.338498201894295e-4 53079284 53085616 6332
6 310 rs267186 7834019 2 -5.312574381472799e-4 7833429 7860317 26888
6 1714 rs4487576 53072548 3 5.300733330780984e-4 53064313 53075258 10945
6 440 rs10947826 12183050 1 -5.293640692413284e-4 12183050 12183050 0
6 3461 rs3914898 137664402 1 -5.29225225488687e-4 137635497 137664402 28905
6 1261 rs2766597 35765043 1 5.291133657418868e-4 35762937 35765043 2106
6 4021 rs9372001 156792873 2 5.275307206728302e-4 156792873 156819939 27066
6 2758 rs3747787 106967778 3 5.271553859466423e-4 106967185 106970540 3355
6 649 rs4716319 18900098 1 5.268925948866009e-4 18897387 18915553 18166
6 1401 rs1886753 40327096 1 5.255716481009814e-4 40321778 40327096 5318
6 2190 rs9352767 80518249 1 5.241653401996398e-4 80516121 80518249 2128
6 3346 rs9321348 132864548 3 -5.230241318186029e-4 132854616 132880648 26032
6 2121 rs9352373 77394934 1 5.206276726481733e-4 77390412 77399578 9166
6 965 rs9348832 29456021 1 -5.177008542457365e-4 29446632 29486908 40276
6 478 rs1223549 13171036 1 -5.176780968131022e-4 13171036 13188493 17457
6 915 rs4712980 26355758 2 -5.165354296034683e-4 26355283 26372786 17503
6 4450 rs1885634 169075136 1 5.135043597971513e-4 169049871 169075499 25628
6 2452 rs11963376 92958861 1 -5.124882433912672e-4 92958861 92958861 0
6 1902 rs1925793 67270731 1 -5.121640204159341e-4 67270731 67270731 0
6 3503 rs4895538 139034727 2 5.110734748954111e-4 139034727 139034727 0
6 1818 rs13191084 56740504 1 -5.109765513364947e-4 56740504 56743512 3008
6 4003 rs3884541 156301726 1 -5.094227142947893e-4 156299960 156301726 1766
6 2162 rs11756326 79306231 1 5.065552740399527e-4 79259290 79308605 49315
6 1586 rs1421379 46705994 1 -5.063248487007613e-4 46703513 46717454 13941
6 3981 rs335378 155680861 1 -5.048315793985502e-4 155674329 155697906 23577
6 3420 rs6569992 135452152 1 5.042986571836285e-4 135435501 135452152 16651
6 2056 rs6453660 73952103 1 5.035855259627796e-4 73951987 73952103 116
6 2283 rs4349787 85354880 1 -5.035849868842875e-4 85342772 85354880 12108
6 4407 rs2072767 167719436 1 5.002630190414108e-4 167719436 167719436 0
6 2396 rs12663434 90734082 1 4.999497097883794e-4 90724855 90734082 9227
6 1239 rs7761391 34804204 2 -4.996920678251432e-4 34715341 34831856 116515
6 3318 rs2608897 131893463 1 4.97941215590236e-4 131883790 131893463 9673
6 1662 rs947725 51166486 1 -4.959729038752231e-4 51155243 51170252 15009
6 1356 rs10305492 39046794 1 4.93178271889054e-4 39034072 39046794 12722
6 2120 rs1902852 77387073 1 4.910587301758912e-4 77382995 77387073 4078
6 3453 rs4895477 137444054 1 4.907105955634669e-4 137422058 137444054 21996
6 1479 rs2274514 42934500 4 4.8673234574630656e-4 42926024 42940673 14649
6 2796 rs11754713 108300912 1 -4.866657064850095e-4 108300912 108300912 0
6 1025 rs9394021 30893127 1 4.832347299648874e-4 30879987 30914843 34856
6 3991 rs1909301 155935243 1 -4.827496009228607e-4 155927459 155950001 22542
6 3560 rs12197645 142259172 2 -4.79436724556042e-4 142236407 142259172 22765
6 2478 rs1998577 93871629 4 4.792405347192331e-4 93854735 93880964 26229
6 54 rs9405475 1441282 1 4.784070147150068e-4 1441282 1441282 0
6 188 rs119408 5159064 1 -4.7557055001478754e-4 5159064 5159064 0
6 1706 rs11752349 52739537 1 -4.7219822704053834e-4 52739537 52739537 0
6 479 rs73725623 13206282 1 -4.721476104861342e-4 13206282 13206282 0
6 1590 rs220673 46841806 1 4.6524421080869e-4 46841806 46847501 5695
6 632 rs72840622 18208415 1 -4.638920860415409e-4 18208415 18208415 0
6 1138 rs3873444 32682724 1 4.633658343136442e-4 32682724 32682862 138
6 3325 rs858338 132153207 1 4.626891576331261e-4 132151105 132153207 2102
6 4420 rs2073632 168440640 1 -4.593451867646287e-4 168432093 168445769 13676
6 1150 rs241429 32803840 1 4.5901928534053854e-4 32803840 32804070 230
6 3597 rs4896665 143863044 1 -4.581314673047062e-4 143861900 143863044 1144
6 111 rs9392453 3086920 1 -4.5799766527463174e-4 3086920 3086920 0
6 1224 rs4711374 34015765 1 4.57651266056591e-4 34015765 34015765 0
6 438 rs6910367 12093331 1 4.5731523224423e-4 12093331 12125772 32441
6 2877 rs9487754 112237297 1 -4.570625618264138e-4 112237297 112259476 22179
6 3467 rs996243 137853460 2 -4.550928632698847e-4 137846731 137867448 20717
6 2749 rs3862833 106815036 3 -4.509954909323638e-4 106815036 106821393 6357
6 2318 rs1538408 87338626 1 -4.506421258143028e-4 87305234 87340866 35632
6 1143 rs2395253 32715160 1 -4.499248642992968e-4 32711576 32737507 25931
6 1426 rs3747742 41162518 1 4.490922695918387e-4 41162518 41164005 1487
6 3345 rs1591811 132842396 1 4.478869924835949e-4 132842396 132847676 5280
6 3506 rs9376370 139131118 1 -4.469733375416597e-4 139131062 139131118 56
6 4186 rs9365363 162468124 1 -4.465960930968613e-4 162465203 162470941 5738
6 1416 rs9369235 40759957 2 4.457973665018697e-4 40753185 40766466 13281
6 1647 rs1970456 49823814 1 4.4541070182034254e-4 49785074 49837603 52529
6 4074 rs2129209 159155998 1 -4.450553563008973e-4 159155998 159171342 15344
6 3719 rs13216119 148462046 1 -4.427338585276052e-4 148462046 148467702 5656
6 3135 rs6905913 124346434 1 4.417883584312976e-4 124346434 124355206 8772
6 3535 rs9376447 139996223 1 -4.397554138772863e-4 139989016 139998244 9228
6 2284 rs9450002 85376381 1 -4.392793138452125e-4 85364776 85384335 19559
6 2437 rs7747127 92263829 1 4.376899920739396e-4 92250788 92295535 44747
6 239 rs5985 6318795 1 4.3688383646001936e-4 6318795 6318795 0
6 4280 rs1340076 164752315 1 -4.3448659924925144e-4 164752315 164752315 0
6 4368 rs4710055 166886984 1 -4.317760723478918e-4 166886680 166886984 304
6 3768 rs12192159 149767105 1 4.292804700215425e-4 149755695 149767105 11410
6 2496 rs1352381 94616124 1 4.292229232963345e-4 94603085 94636162 33077
6 4129 rs7740824 160808901 1 -4.289493559400361e-4 160789296 160836406 47110
6 812 rs9466754 23347873 2 -4.279440603233592e-4 23347228 23358040 10812
6 658 rs12214647 19212155 1 -4.2464294803418466e-4 19212155 19229514 17359
6 1291 rs236381 36787859 1 -4.220219066979157e-4 36772000 36787859 15859
6 3031 rs9481931 119785003 2 4.219039195816758e-4 119766413 119826028 59615
6 1097 rs644045 31883957 1 -4.204862085115964e-4 31882024 31901773 19749
6 2544 rs4839835 96894328 1 4.199740322605984e-4 96861476 97051593 190117
6 3876 rs2635438 152506470 2 4.18829431979354e-4 152495811 152506470 10659
6 3975 rs17086046 155519888 1 -4.167202865709429e-4 155517672 155519888 2216
6 196 rs9405834 5457827 2 4.1468335467867966e-4 5448113 5457827 9714
6 1929 rs12200788 68459626 1 -4.139860852172232e-4 68410039 68465910 55871
6 2612 rs12203515 100430062 1 4.136960369592698e-4 100430062 100439009 8947
6 3455 rs276467 137464218 1 4.1204179984449953e-4 137454459 137464218 9759
6 1579 rs4711853 46457836 1 4.059464736508908e-4 46440557 46485635 45078
6 887 rs9461157 25400323 1 -4.0285244950975135e-4 25392345 25407482 15137
6 574 rs2073519 16323392 1 -4.0118931395859614e-4 16318811 16323392 4581
6 1250 rs2076167 35391787 1 3.987441643268325e-4 35391787 35402805 11018
6 298 rs6908087 7617938 1 -3.9849500165795406e-4 7617938 7617938 0
6 4462 rs9346489 169326799 2 -3.982898431398316e-4 169326799 169327747 948
6 2529 rs2785910 96332506 1 3.9676996855570146e-4 96324208 96356827 32619
6 2243 rs10455408 83378048 1 3.959953576679243e-4 83366282 83385150 18868
6 2874 rs12526016 112127339 3 -3.9541602545587417e-4 112121228 112138882 17654
6 320 rs1316319 8106028 1 -3.9295686544075175e-4 8103048 8115492 12444
6 1436 rs7766624 41392686 1 -3.911889162670367e-4 41389484 41392686 3202
6 2800 rs12173906 108470257 1 3.90443200090493e-4 108467024 108470257 3233
6 386 rs513832 10514445 1 3.8966749269041056e-4 10514226 10514445 219
6 677 rs9368123 19798682 2 -3.89530840872144e-4 19785588 19803768 18180
6 1263 rs9470187 35950210 1 3.887474644995129e-4 35939688 35950210 10522
6 3620 rs6929066 144402945 1 3.8692722774166766e-4 144402945 144417730 14785
6 3180 rs6904555 125763141 1 3.868436617875211e-4 125763141 125763141 0
6 3141 rs1851780 124627115 1 3.865143102413968e-4 124627115 124632606 5491
6 86 rs1254722 2579405 1 -3.8584707433392046e-4 2567893 2579405 11512
6 1667 rs9381983 51412786 2 3.849021180839594e-4 51405556 51412786 7230
6 3667 rs2268661 146672674 1 3.844293996541282e-4 146672674 146677281 4607
6 2989 rs210643 117901283 1 3.786643578267073e-4 117869850 117916942 47092
6 1406 rs12662633 40474306 1 3.78198946410707e-4 40469438 40489942 20504
6 2737 rs7766801 106373715 1 3.753068755232971e-4 106368296 106374868 6572
6 948 rs393414 28521316 1 -3.749818154895152e-4 28521316 28556054 34738
6 2418 rs10485409 91505411 1 -3.744373526106097e-4 91505411 91505411 0
6 3285 rs873146 130839788 1 3.735397846121164e-4 130839788 130839788 0
6 1838 rs4415141 63376194 1 3.7327634786252944e-4 63375122 63380161 5039
6 3306 rs543363 131451112 1 3.687584117045743e-4 131451112 131451112 0
6 4483 rs2494673 169994413 2 -3.6737936589650714e-4 169981120 170027168 46048
6 1664 rs2478873 51266422 1 -3.661444426119656e-4 51265608 51294341 28733
6 1326 rs6937655 37769082 1 3.661239185800033e-4 37761373 37769082 7709
6 2008 rs9351817 72203005 2 3.651701055610047e-4 72191860 72203005 11145
6 2052 rs9442891 73844174 1 3.642382907562675e-4 73844174 73845366 1192
6 1661 rs2505263 51102772 2 -3.601492906992989e-4 51102772 51130487 27715
6 4130 rs7758229 160840252 1 -3.5999395638665246e-4 160840252 160848167 7915
6 874 rs4712872 24990786 1 3.566336302004167e-4 24990786 24990786 0
6 1034 rs12528584 31011845 1 -3.560463087844439e-4 31005726 31019562 13836
6 4440 rs9346712 168846625 2 -3.559736045165126e-4 168829515 168879958 50443
6 2335 rs2754266 88421485 1 3.554650897063021e-4 88421485 88421485 0
6 3591 rs9321898 143604514 1 3.544608099787461e-4 143598107 143621631 23524
6 2046 rs9283796 73596433 1 3.5358564951022784e-4 73581051 73606783 25732
6 970 rs29246 29588146 2 3.5146136295074104e-4 29566369 29598119 31750
6 2065 rs9359043 74477478 1 -3.511050154507801e-4 74446214 74497152 50938
6 790 rs4510658 22755319 1 -3.5087465509736165e-4 22755319 22755319 0
6 4471 rs9294970 169571419 1 -3.4944241324636225e-4 169571419 169594553 23134
6 2106 rs6933014 76680290 1 -3.492010530779314e-4 76662813 76682252 19439
6 4211 rs2846463 162966431 1 3.485141402831945e-4 162962262 162970471 8209
6 1642 rs16879498 49580247 2 3.463857150800322e-4 49580247 49602760 22513
6 1864 rs4710283 65506077 1 3.4589591434843126e-4 65505408 65506077 669
6 1226 rs2451351 34061253 1 3.4362395846381226e-4 34050917 34061253 10336
6 2924 rs7741192 114028797 1 -3.41402249989231e-4 114025253 114029121 3868
6 60 rs12527698 1648955 2 -3.3958623828655825e-4 1641007 1649347 8340
6 2887 rs2237248 112538465 1 3.3705442700229126e-4 112536990 112538465 1475
6 855 rs807517 24524704 1 -3.3625844115344e-4 24513636 24524704 11068
6 1568 rs3822887 45908191 1 -3.334348348542829e-4 45908191 45920934 12743
6 4061 rs7755193 158644859 1 -3.331189223272669e-4 158644859 158644859 0
6 365 rs13217591 9956562 2 -3.327323703367214e-4 9956562 9956562 0
6 4258 rs6938128 164284054 1 -3.310840470743172e-4 164259420 164284054 24634
6 451 rs6901053 12446475 1 3.2894517043642255e-4 12446475 12446475 0
6 2915 rs6568783 113716570 1 3.286364277388058e-4 113708819 113717721 8902
6 2588 rs2747739 99462075 1 3.2777538207088804e-4 99446985 99478304 31319
6 3254 rs6935162 129907587 1 3.2707134351714947e-4 129896501 129907587 11086
6 3797 rs6911086 150721445 2 -3.256141258830461e-4 150721401 150723812 2411
6 1088 rs3093998 31485174 1 3.2537955649949903e-4 31485174 31513402 28228
6 3267 rs6939565 130194204 1 -3.251353065236739e-4 130194204 130194422 218
6 375 rs11963800 10261644 1 -3.250445297078724e-4 10256675 10267228 10553
6 4213 rs7756486 163023850 1 -3.2428686359373143e-4 162994422 163029843 35421
6 5 rs7749710 442410 1 3.233861834820993e-4 442410 444600 2190
6 4466 rs9364195 169410675 1 -3.202700426785835e-4 169405314 169422415 17101
6 4456 rs1040932 169175473 1 3.1874997282801303e-4 169166139 169185496 19357
6 453 rs1999622 12488729 2 3.161538426651009e-4 12484118 12494502 10384
6 1362 rs6899384 39132435 1 3.1273518722134056e-4 39132435 39136651 4216
6 662 rs9295432 19407446 1 3.1252575956344455e-4 19390126 19428772 38646
6 3711 rs17649567 148297083 1 3.10784678363006e-4 148274611 148297601 22990
6 752 rs6916032 21805714 1 3.0786257342324633e-4 21805714 21805714 0
6 4431 rs6924059 168666768 2 3.070134110211898e-4 168654978 168666768 11790
6 1213 rs2104362 33825358 1 -3.0340339758865964e-4 33822865 33825358 2493
6 3470 rs526077 137920217 1 3.022654889685773e-4 137920217 137923390 3173
6 4158 rs7766508 161793319 1 3.020928902614414e-4 161793319 161793319 0
6 630 rs9465100 18129295 1 2.979392855482313e-4 18105573 18140250 34677
6 1822 rs6904307 57121684 1 2.974788841789576e-4 57112128 57126898 14770
6 439 rs220018 12149138 2 -2.965467904987011e-4 12135434 12165363 29929
6 1049 rs6908994 31198709 1 2.9584303534009343e-4 31186534 31199256 12722
6 1830 rs1715026 62515691 1 2.946713798321332e-4 62404096 62515691 111595
6 3472 rs495610 137940936 1 -2.9396465650423245e-4 137940936 137951850 10914
6 3049 rs4945660 120834919 1 2.929245887208053e-4 120825811 120857815 32004
6 1453 rs11968166 41925304 1 2.9051875018822206e-4 41925159 41925304 145
6 3847 rs17081341 151837570 1 2.8962398315619955e-4 151832668 151837570 4902
6 3863 rs7753153 152148098 1 -2.895949404364301e-4 152148098 152156197 8099
6 4199 rs952388 162716541 1 2.875238258374169e-4 162716541 162716541 0
6 1417 rs12664598 40801731 2 -2.853168928664241e-4 40801731 40814135 12404
6 4109 rs6924573 160286188 1 -2.8505487512465707e-4 160283890 160286188 2298
6 3898 rs9371645 153209197 1 -2.8419407429618887e-4 153209197 153242271 33074
6 1521 rs9369465 44169237 1 -2.826848696451642e-4 44169237 44169237 0
6 2842 rs9487402 110746545 1 -2.823070373121832e-4 110746351 110750552 4201
6 4473 rs9717830 169663638 1 -2.8158204540765057e-4 169663638 169663638 0
6 1269 rs2859131 36119657 1 2.8098817659062507e-4 36119657 36151177 31520
6 2686 rs7740196 104031885 1 2.803337463919334e-4 104030544 104045013 14469
6 2864 rs7776346 111861365 1 2.8015411938324007e-4 111843548 111861365 17817
6 4292 rs2136940 165278363 1 -2.7994547922153716e-4 165275034 165298477 23443
6 3613 rs1072385 144150609 1 -2.7758634012820454e-4 144150609 144154634 4025
6 2641 rs7754376 101982531 1 2.761521253998038e-4 101967710 101988727 21017
6 575 rs9383153 16343056 1 2.7594165904798126e-4 16332730 16343056 10326
6 1293 rs12660989 36839054 1 -2.7531258256219444e-4 36825573 36884681 59108
6 3714 rs7767522 148326813 2 -2.725134971515702e-4 148326813 148333774 6961
6 2443 rs9353872 92599727 1 2.7239701776294656e-4 92582660 92606067 23407
6 2660 rs3849205 102601177 1 2.698604623324531e-4 102601177 102601177 0
6 3249 rs17799083 129673136 1 -2.6944296395070165e-4 129667270 129704589 37319
6 4154 rs6455717 161725801 2 2.6913295243076424e-4 161725801 161725838 37
6 2157 rs2103720 79165394 1 -2.683005513587059e-4 79138641 79167815 29174
6 1490 rs4714684 43396856 1 2.668391484313354e-4 43387344 43401826 14482
6 3369 rs2145351 133546689 6 -2.666667494680302e-4 133546689 133554452 7763
6 31 rs11755910 972155 1 2.6404249127183314e-4 972155 984646 12491
6 2752 rs7767036 106881308 1 2.618042856531274e-4 106881308 106881308 0
6 1591 rs678312 46856100 2 -2.6057427156737836e-4 46856100 46858993 2893
6 3069 rs9482157 121706199 1 -2.591744433398665e-4 121698662 121714848 16186
6 2602 rs2397341 100014462 1 -2.579002190116279e-4 99980252 100016115 35863
6 12 rs2064302 556106 1 2.5704153372727555e-4 549364 556106 6742
6 2227 rs6924759 82472556 1 -2.5510172607483533e-4 82472556 82484634 12078
6 2150 rs9443501 78749386 2 -2.5427967088498265e-4 78735673 78797479 61806
6 3096 rs11965644 123047590 2 2.541572544679981e-4 123034505 123047590 13085
6 3236 rs9482955 129236954 1 2.5371178274256277e-4 129236954 129280105 43151
6 525 rs3817758 14540747 1 2.5216748053596554e-4 14537067 14551593 14526
6 3663 rs6914746 146127029 2 -2.5146569477386526e-4 146127029 146158052 31023
6 2811 rs568064 109110096 1 -2.507270978354455e-4 109099027 109118557 19530
6 1546 rs6922660 45059674 1 2.5047977967563364e-4 45059674 45075795 16121
6 1523 rs35623954 44270870 2 2.5023390277057486e-4 44246766 44279111 32345
6 2126 rs2126488 77576861 1 -2.498321845894496e-4 77566201 77577055 10854
6 3128 rs9490959 124153758 1 2.493613313082533e-4 124153758 124153758 0
6 4240 rs4709708 163761520 1 2.4804481543538393e-4 163758941 163761520 2579
6 183 rs431060 5004596 1 -2.472875693229485e-4 4995464 5004596 9132
6 784 rs9366470 22678728 2 -2.465584995858812e-4 22656328 22689251 32923
6 3986 rs10457095 155796830 1 -2.44939681878976e-4 155779534 155796830 17296
6 71 rs3800116 1880964 2 -2.4378259117794303e-4 1880964 1908210 27246
6 1957 rs11964764 69794079 2 -2.4351272339077465e-4 69794079 69808955 14876
6 1274 rs4713956 36275458 1 -2.4331742649594623e-4 36275458 36275458 0
6 1066 rs2596501 31321211 1 2.4325266574988497e-4 31320538 31321685 1147
6 372 rs13195786 10163968 1 2.425519211834213e-4 10163721 10163968 247
6 2200 rs3805896 80985539 1 -2.416719175825328e-4 80975741 80989750 14009
6 2748 rs683456 106799104 1 -2.409026840501676e-4 106799104 106799104 0
6 2004 rs828644 72081794 1 -2.4029986039119763e-4 72079820 72100307 20487
6 2388 rs4706352 90609718 1 2.402184309440444e-4 90603505 90615280 11775
6 3225 rs10428737 128740084 1 2.393637318149637e-4 128709493 128745590 36097
6 3155 rs1479035 124909085 1 2.391826614111416e-4 124909085 124911565 2480
6 709 rs17823073 20633045 1 2.3877875251849487e-4 20622753 20639409 16656
6 3788 rs4870386 150558985 3 -2.3635978740445385e-4 150558985 150580390 21405
6 4460 rs6922341 169296369 1 -2.360385138915263e-4 169296369 169296369 0
6 2751 rs2353592 106863710 1 -2.347671197025592e-4 106863710 106863710 0
6 2844 rs916719 110795549 1 -2.335748754878462e-4 110793699 110796405 2706
6 624 rs4716189 17834198 2 2.33571724830751e-4 17831419 17847860 16441
6 3046 rs2931088 120669986 1 -2.3306105007275807e-4 120649636 120683728 34092
6 666 rs9460376 19532627 3 2.3283980231000368e-4 19492819 19532627 39808
6 66 rs6919059 1784096 1 2.31804366765894e-4 1784096 1784096 0
6 1812 rs653872 56283552 1 2.3164368682974116e-4 56265544 56285938 20394
6 3764 rs11968300 149580983 2 -2.309643181056614e-4 149577079 149593920 16841
6 477 rs1223521 13137859 1 -2.3065306519534485e-4 13137859 13145926 8067
6 2653 rs2791829 102293249 1 -2.301062840949205e-4 102279200 102303080 23880
6 1466 rs61758087 42232509 2 2.2971817096922973e-4 42232509 42232509 0
6 2853 rs11153258 111222552 2 2.2901509213523683e-4 111200755 111224957 24202
6 2840 rs2073211 110729270 1 -2.281200474937676e-4 110729270 110729270 0
6 2821 rs4946957 109641411 2 -2.2701931399678936e-4 109633244 109641411 8167
6 4194 rs9456749 162598430 1 -2.2692054963926043e-4 162597463 162601721 4258
6 1911 rs9345935 67664566 1 2.254645010089713e-4 67656128 67681572 25444
6 3992 rs12662240 155998045 2 2.2188266978227065e-4 155987538 156005810 18272
6 3854 rs12173570 151957714 3 -2.2124576125392425e-4 151939181 151962202 23021
6 717 rs9368246 20866857 1 -2.2109607806390823e-4 20849412 20876683 27271
6 1956 rs3799019 69753070 1 -2.186045027622657e-4 69748600 69781209 32609
6 843 rs1856839 24193869 3 -2.1832580365547735e-4 24188947 24195759 6812
6 656 rs10498693 19169348 2 -2.1488327859434304e-4 19139315 19181567 42252
6 1452 rs10947997 41921241 1 2.121283134914916e-4 41905275 41921241 15966
6 1772 rs4715508 54940963 2 2.114819155594957e-4 54930109 54947384 17275
6 2787 rs56215636 108029180 1 -2.114330596440832e-4 108029180 108029900 720
6 1877 rs4710525 66214813 1 -2.1111227574622217e-4 66214813 66214813 0
6 713 rs4710943 20740019 1 2.105304572176349e-4 20740019 20744727 4708
6 3094 rs6914480 122949909 1 2.092803059185287e-4 122945140 122974591 29451
6 3842 rs9397389 151629865 1 2.0828273367040764e-4 151629865 151629865 0
6 1816 rs16888130 56574180 1 -2.082068965176181e-4 56499189 56574180 74991
6 2783 rs1728109 107975732 1 2.0718005021279668e-4 107969113 107976756 7643
6 2356 rs11757661 89183580 1 2.0603035516085396e-4 89183580 89183580 0
6 2091 rs6453812 75779343 1 2.0434996530350243e-4 75779343 75779343 0
6 2559 rs11153559 97820809 1 -2.0337186412360025e-4 97820809 97820809 0
6 2124 rs985454 77490717 1 2.0285467041393455e-4 77481958 77490717 8759
6 2533 rs11156122 96444751 1 2.0159280824509455e-4 96424790 96459814 35024
6 669 rs2817297 19599795 2 2.011057598849985e-4 19589595 19599795 10200
6 3624 rs4895634 144499144 1 2.007618718755996e-4 144497577 144499144 1567
6 4134 rs4252114 161143190 1 1.998670428501596e-4 161128812 161153990 25178
6 1722 rs4712030 53317469 2 1.9968683424459997e-4 53317012 53338597 21585
6 732 rs1459044 21250287 1 1.9840767486883096e-4 21250287 21264120 13833
6 3370 rs561355 133576444 1 -1.979530189909651e-4 133571310 133578733 7423
6 126 rs7760989 3496602 1 1.97931267914672e-4 3485134 3496602 11468
6 2507 rs386272 95022980 1 1.9790431452665135e-4 95022980 95024737 1757
6 3143 rs4478425 124677633 1 1.9566444896047032e-4 124673700 124683548 9848
6 1806 rs4715607 56156125 2 1.949838205390971e-4 56155081 56156125 1044
6 2236 rs11962648 82824374 1 1.9461328886827248e-4 82807521 82852544 45023
6 3804 rs4367393 150807451 2 -1.943802180487302e-4 150807451 150812668 5217
6 3850 rs41290243 151907027 1 -1.9327781091236113e-4 151901409 151907027 5618
6 3004 rs11153725 118557958 1 1.925423460246315e-4 118532549 118557958 25409
6 2568 rs9490133 98392312 1 -1.9207469297466312e-4 98358575 98395421 36846
6 2824 rs1474959 109901507 3 -1.9160914876014328e-4 109896308 110028962 132654
6 1019 rs567302900 30719909 1 1.8927456439103523e-4 30719909 30732054 12145
6 1635 rs503422 49337199 1 1.867656951661002e-4 49303938 49337199 33261
6 3878 rs9383976 152542548 1 1.8588644305413975e-4 152540278 152542548 2270
6 3830 rs4869988 151432485 2 -1.8579835104890087e-4 151432485 151432485 0
6 4386 rs6456115 167147741 1 -1.8560877650553256e-4 167147083 167152526 5443
6 3166 rs9388399 125333797 1 -1.8538254663396725e-4 125330921 125333797 2876
6 135 rs6596999 3781719 1 1.8186260312122267e-4 3781719 3783763 2044
6 1992 rs6933665 71681539 1 1.811417641783953e-4 71675774 71707217 31443
6 2118 rs6453926 77350529 1 -1.8083350019254703e-4 77350529 77350529 0
6 826 rs9379560 23742529 1 -1.8063039168607695e-4 23737077 23767992 30915
6 3465 rs7773301 137768325 1 -1.793464835928754e-4 137748849 137774574 25725
6 2541 rs5027100 96748194 1 -1.7886055603482336e-4 96729867 96764612 34745
6 3091 rs9490444 122712377 1 1.784066336502887e-4 122709984 122759415 49431
6 3880 rs4869761 152579302 2 -1.7743664213910182e-4 152564145 152591432 27287
6 40 rs9502831 1125882 1 -1.769491358939105e-4 1115897 1128724 12827
6 1971 rs1934897 70586816 1 -1.7688167196272276e-4 70586816 70586816 0
6 1995 rs1418677 71788265 2 -1.752811954132006e-4 71763859 71793334 29475
6 2135 rs1777766 78125662 1 -1.74698822854756e-4 78122482 78137057 14575
6 2621 rs241819 100910798 2 1.735009060184092e-4 100894587 100910798 16211
6 3846 rs3736175 151773164 1 1.7343692958893595e-4 151759192 151789868 30676
6 4262 rs9355450 164372312 1 -1.7318170169919664e-4 164372312 164372312 0
6 3190 rs1268087 126113822 1 -1.7301569642267937e-4 126106016 126113822 7806
6 729 rs6937811 21233412 1 -1.7239299159808215e-4 21233412 21233412 0
6 850 rs6942189 24429249 1 1.7148955742014765e-4 24429068 24434711 5643
6 931 rs6904596 27491299 2 -1.7110936296709764e-4 27491299 27547792 56493
6 165 rs6907555 4539480 2 1.7007016164743318e-4 4520511 4540433 19922
6 1011 rs886390 30334994 1 1.6893517548093764e-4 30325531 30364524 38993
6 4394 rs9366069 167298751 1 1.6871482810053905e-4 167298751 167311818 13067
6 1341 rs1049346 38670837 2 -1.6828072094748507e-4 38650628 38672079 21451
6 2176 rs6454120 80088795 1 -1.6604079745022077e-4 80088795 80106227 17432
6 2832 rs4947041 110269388 1 -1.6517995802719037e-4 110269388 110281846 12458
6 2089 rs4706591 75682566 1 1.6509494560736575e-4 75682566 75682566 0
6 3948 rs4870294 154787639 1 1.6428757971411346e-4 154783783 154787639 3856
6 555 rs9476953 15838552 1 -1.6391796399100876e-4 15837290 15843042 5752
6 288 rs9968917 7267002 1 1.6173885638222469e-4 7267002 7267582 580
6 4195 rs1801474 162622197 1 1.608479095268479e-4 162610330 162622828 12498
6 3665 rs2206517 146510447 1 -1.6080033007097774e-4 146500265 146510447 10182
6 3789 rs789501 150584385 1 1.5994858552663974e-4 150584385 150584385 0
6 738 rs6911394 21350628 1 -1.5963364016031122e-4 21347410 21350628 3218
6 2151 rs9343725 78801824 1 1.5661115143117502e-4 78801824 78810922 9098
6 849 rs1321820 24420113 1 -1.5648456023245513e-4 24401654 24425935 24281
6 2729 rs845864 106132323 1 1.5583351880991443e-4 106132323 106132323 0
6 1031 rs115194949 30993440 2 1.546436044484125e-4 30993440 30993590 150
6 2518 rs9294624 95602800 1 -1.54607263278374e-4 95572362 95643248 70886
6 1873 rs9342464 66005888 2 1.5153897690148662e-4 66002389 66042231 39842
6 2542 rs9386443 96834665 1 -1.5109057784215763e-4 96796630 96839039 42409
6 4435 rs4292501 168719924 1 -1.5097575173901985e-4 168719924 168719924 0
6 775 rs9356821 22426161 1 1.5013698587466406e-4 22400585 22446285 45700
6 2109 rs6922651 76830541 1 1.4988862338639522e-4 76828777 76830541 1764
6 3705 rs501098 148185702 3 1.4725038859007096e-4 148185587 148193929 8342
6 324 rs12719578 8181299 1 1.464967015490977e-4 8181299 8181299 0
6 1814 rs7741295 56387256 1 -1.4534575708575876e-4 56345337 56420538 75201
6 3490 rs203138 138599285 1 1.4518815766913166e-4 138599285 138608212 8927
6 546 rs2179168 15477030 2 1.4382757702408673e-4 15476048 15500687 24639
6 455 rs6907466 12544251 1 1.4330401834834674e-4 12536342 12544251 7909
6 3528 rs9376422 139817115 1 -1.4317350741831377e-4 139806747 139822327 15580
6 2616 rs6928245 100674018 1 1.4303006289245705e-4 100668277 100698564 30287
6 2167 rs6454084 79506885 1 1.421818177641636e-4 79483474 79506885 23411
6 1318 rs12191285 37603516 1 1.4145080758834778e-4 37603516 37603516 0
6 2144 rs10943488 78456439 1 -1.413989054097519e-4 78393124 78470331 77207
6 3348 rs6924201 132897029 2 1.396366264149632e-4 132897029 132903972 6943
6 1577 rs7744272 46174522 3 -1.3872680279522492e-4 46174522 46190377 15855
6 2577 rs1481449 98971740 1 1.386965516192073e-4 98962591 98971740 9149
6 2337 rs4707403 88466990 1 1.3836685443917445e-4 88462545 88466990 4445
6 2885 rs3777932 112515430 1 1.38271197487901e-4 112512905 112522852 9947
6 4206 rs4709612 162875706 1 -1.379517706116372e-4 162875706 162875706 0
6 3517 rs2498655 139420995 1 1.3789971983887444e-4 139416226 139420995 4769
6 4459 rs7453792 169251249 1 -1.363356403407546e-4 169251249 169265795 14546
6 172 rs408884 4671240 3 1.357156073103008e-4 4668941 4676555 7614
6 3955 rs1996736 154946658 2 1.336445577827131e-4 154932527 154946930 14403
6 3930 rs589046 154393138 1 -1.3326323686554362e-4 154372692 154393138 20446
6 1686 rs1266824 52120103 2 -1.3001123009223677e-4 52111808 52124370 12562
6 1702 rs7738712 52524838 1 -1.2963992479564777e-4 52519203 52534931 15728
6 492 rs6941522 13655339 1 -1.2816690646804936e-4 13638984 13700419 61435
6 1393 rs1923489 40023088 1 -1.2741296650490772e-4 40017224 40069436 52212
6 2112 rs951993 77142000 1 -1.271224584773416e-4 77128063 77144095 16032
6 4027 rs2095361 156963231 1 1.254875577705974e-4 156960439 156963231 2792
6 118 rs744375 3349908 1 1.2358326333343592e-4 3343544 3349908 6364
6 638 rs7755288 18499926 1 -1.210300454988022e-4 18476660 18499926 23266
6 3103 rs9372726 123305965 2 -1.2031572176284608e-4 123300548 123305965 5417
6 449 rs9367114 12406400 1 1.1968892778826284e-4 12406400 12426180 19780
6 553 rs4712257 15792723 1 -1.1896941808727334e-4 15792723 15792723 0
6 3683 rs9497651 147178335 1 -1.1730891369325447e-4 147158227 147182339 24112
6 4501 rs2024694 170620572 1 -1.1700447601787064e-4 170620572 170665433 44861
6 1927 rs6911763 68317796 1 1.1657128459984204e-4 68317796 68322659 4863
6 3280 rs9492525 130608255 1 1.1655591736069707e-4 130608255 130627814 19559
6 4489 rs6899311 170266650 1 1.1647026068077174e-4 170255046 170267771 12725
6 3601 rs41285023 143929450 1 -1.1535198666931048e-4 143929450 143930404 954
6 2889 rs1935689 112612615 1 -1.121515490371644e-4 112608146 112612615 4469
6 930 rs4713106 27444714 2 1.1167723706026608e-4 27412386 27483260 70874
6 366 rs201260 9994389 1 1.1131821821232364e-4 9994389 9994389 0
6 3139 rs9482518 124543314 1 -1.1080296958046928e-4 124521622 124546035 24413
6 3215 rs12214409 128085283 1 1.1017913765233962e-4 128062827 128134516 71689
6 3118 rs9401672 123779012 1 -1.0860601386200442e-4 123776501 123789271 12770
6 652 rs1977368 19008948 1 1.0753078259046104e-4 19002293 19015964 13671
6 3747 rs9390633 149237490 1 -1.067430075873342e-4 149237490 149237490 0
6 1264 rs625204 35969768 1 -1.0666583361538856e-4 35967772 35991474 23702
6 3289 rs6929703 130928445 1 1.0625340457427478e-4 130923327 130928445 5118
6 1645 rs488132 49696473 5 -1.0548609947758406e-4 49663567 49717550 53983
6 1170 rs9296068 32988695 1 1.046334873574938e-4 32988695 32988695 0
6 3647 rs7753021 145268902 2 -1.0259914574675254e-4 145253946 145289421 35475
6 1729 rs492381 53466800 1 -1.023983663137426e-4 53465000 53478869 13869
6 1886 rs1938063 66559098 1 -1.0166393899515532e-4 66541198 66559098 17900
6 2852 rs9481119 111147868 1 -1.004873595069594e-4 110989662 111147868 158206
6 816 rs926453 23442229 1 1.0041920259602458e-4 23442229 23446234 4005
6 4331 rs12528870 166197276 1 -1.0016766703977086e-4 166197276 166198621 1345
6 4458 rs4594925 169220177 1 -9.765475618257852e-5 169211953 169229013 17060
6 2132 rs7762813 77969910 1 -9.760797049317256e-5 77941912 77969910 27998
6 1978 rs658805 70909073 1 9.626197909068116e-5 70873331 70923469 50138
6 2010 rs547136 72210423 1 9.581659955417946e-5 72210423 72214719 4296
6 2000 rs9455394 71963483 1 9.569194389503116e-5 71950242 71965671 15429
6 655 rs2205741 19116439 1 -9.371469737564697e-5 19094442 19129805 35363
6 2583 rs9385493 99221669 1 -9.24348475682236e-5 99221669 99229574 7905
6 3664 rs10484925 146337547 1 -9.141461432058118e-5 146305810 146415368 109558
6 3967 rs17085911 155389334 1 -9.10672187392661e-5 155383198 155389334 6136
6 714 rs2745930 20754737 1 -9.000035670405284e-5 20750714 20772574 21860
6 1030 rs9262495 30986527 2 8.96304354528708e-5 30986527 30992346 5819
6 3055 rs2789074 121126482 2 8.949908517726162e-5 121126482 121151328 24846
6 558 rs6932716 15923323 2 8.741449017191692e-5 15923183 15923485 302
6 3672 rs2275606 146918950 2 8.652582385888129e-5 146918950 146919485 535
6 757 rs12210951 21936868 1 -8.647509712443446e-5 21921026 21938007 16981
6 1158 rs9296059 32893102 1 -8.561867447026744e-5 32891338 32899296 7958
6 2177 rs9294143 80111104 1 8.405977914114078e-5 80107104 80111104 4000
6 923 rs13194491 27037080 1 8.346076837047708e-5 27024687 27047256 22569
6 2267 rs7774773 84675796 1 8.185840446441416e-5 84675796 84675796 0
6 356 rs2206553 9590282 1 -7.922279606800914e-5 9581927 9590282 8355
6 2490 rs12212828 94237476 1 -7.907590199300967e-5 94209670 94260115 50445
6 1732 rs3823111 53517035 1 -7.90458911369463e-5 53517035 53535989 18954
6 919 rs9357008 26479891 1 7.818336753233185e-5 26467182 26509382 42200
6 1979 rs1023034 70946110 1 -7.620924903849388e-5 70946110 70961833 15723
6 3773 rs1853665 150298842 1 -7.555135799053004e-5 150298842 150298842 0
6 2461 rs2730835 93279039 1 7.518506510614096e-5 93264306 93279039 14733
6 996 rs2240619 29975453 1 7.517127855105787e-5 29973925 29992261 18336
6 3702 rs4121999 148105936 1 7.5115308956485e-5 148105936 148107112 1176
6 3022 rs9320680 119451257 1 7.478313512443288e-5 119451257 119460786 9529
6 1947 rs4481397 69237307 5 7.445872014658506e-5 69237307 69285887 48580
6 101 rs318477 2887652 1 -7.165359176811738e-5 2886067 2887652 1585
6 3633 rs4895643 144771845 1 7.131922316384107e-5 144771845 144771845 0
6 2364 rs10223700 89673861 1 6.964157828170545e-5 89673861 89695108 21247
6 4294 rs1227989 165317841 1 -6.963569981314101e-5 165314143 165317841 3698
6 1472 rs9369362 42462055 1 6.82056491592592e-5 42462055 42462055 0
6 1429 rs9296359 41205690 2 6.721603172801827e-5 41197857 41206704 8847
6 3198 rs601587 126612165 1 -6.471731154753926e-5 126573579 126612165 38586
6 3909 rs685341 153529163 1 -6.441198833539283e-5 153521541 153529163 7622
6 533 rs7741301 14756493 1 6.249768343556944e-5 14737509 14756493 18984
6 2070 rs9447121 74754551 2 6.248436221538473e-5 74754551 74775904 21353
6 2471 rs9452159 93642185 1 6.213510742280644e-5 93642185 93646297 4112
6 3232 rs9482920 129072536 1 -5.937343968192653e-5 129072154 129072536 382
6 3288 rs9483149 130922149 1 -5.895748706100405e-5 130910342 130922149 11807
6 3401 rs9402608 134786163 1 5.7418306703532266e-5 134769994 134786163 16169
6 2275 rs1883897 85054710 1 -5.727516287531497e-5 85043476 85059296 15820
6 3685 rs1408575 147222900 1 5.658525033393894e-5 147216278 147222900 6622
6 3927 rs11759340 154283838 1 5.654621989189367e-5 154272618 154288032 15414
6 3184 rs9375400 125847454 1 -5.52823712451356e-5 125845089 125861936 16847
6 318 rs13209230 8005545 1 5.456053991118743e-5 8005381 8038317 32936
6 825 rs1325020 23716485 1 -5.38080615416341e-5 23706533 23716485 9952
6 1270 rs4713942 36227308 1 5.3332807229916534e-5 36209623 36227308 17685
6 3500 rs9484186 138929434 1 5.216613836877856e-5 138929434 138939675 10241
6 3199 rs7743860 126927717 1 -5.0736986115718206e-5 126638124 126970895 332771
6 4426 rs11758668 168570657 2 -4.944552711013816e-5 168570657 168571947 1290
6 901 rs1892250 25769024 1 -4.795564102492474e-5 25765390 25783315 17925
6 2911 rs9400601 113541196 1 4.641991290028201e-5 113533530 113541196 7666
6 2679 rs494028 103624808 1 4.541656568605228e-5 103624808 103635120 10312
6 1254 rs992105 35555183 1 4.4965540135839586e-5 35542476 35569119 26643
6 2421 rs1145761 91561402 1 -4.334088103027585e-5 91560367 91580571 20204
6 2628 rs1765075 101481014 1 -4.31373176086853e-5 101481014 101487473 6459
6 1634 rs2516114 49162686 1 4.2886275347006774e-5 49162686 49184770 22084
6 4070 rs6913508 159111946 1 4.262391567169303e-5 159091331 159111946 20615
6 3536 rs6912263 140017022 2 -4.233780471435465e-5 140016409 140018024 1615
6 1054 rs5010528 31241032 1 4.1425978186101784e-5 31240431 31241537 1106
6 918 rs13195509 26463660 1 3.860827011523321e-5 26454454 26463660 9206
6 1945 rs6933781 69154384 1 3.842382130330679e-5 69151721 69154384 2663
6 2968 rs6568952 116932077 1 3.7676689210595106e-5 116923596 117011184 87588
6 2009 rs12195791 72205132 1 -3.748778297447551e-5 72205132 72205132 0
6 3827 rs17080705 151340454 1 3.7010087109104645e-5 151338793 151341298 2505
6 512 rs1537147 14210463 1 -3.676849459860761e-5 14210463 14210463 0
6 953 rs3763338 28894311 2 3.652215913594895e-5 28849790 28936556 86766
6 1766 rs11964644 54695124 1 3.649090558426577e-5 54690468 54695195 4727
6 702 rs749215 20401909 1 3.6221732677741215e-05 20373445 20401909 28464
6 1646 rs1019824 49730356 1 3.5790179606234434e-5 49722717 49766526 43809
6 1487 rs2104142 43209739 1 3.423007567306676e-5 43209739 43209739 0
6 3816 rs7769973 151032785 1 -3.412793913306663e-5 151030107 151036450 6343
6 3193 rs6911452 126230445 1 3.2689815782058426e-5 126230445 126255034 24589
6 4145 rs1001422 161568354 1 -3.2012009598861796e-5 161566405 161568354 1949
6 4373 rs9366025 166934170 1 -3.1904629946714135e-5 166930424 166936266 5842
6 2092 rs2300795 75825181 1 3.178316733739041e-5 75811880 75825181 13301
6 2041 rs9293911 73470432 1 3.13196349236545e-5 73470432 73472914 2482
6 2995 rs1016083 118249495 1 2.980602470761177e-5 118214732 118256867 42135
6 398 rs13208635 10896075 1 2.8333758514405045e-5 10892220 10896075 3855
6 484 rs1866863 13336815 2 2.690174766890255e-5 13336815 13350427 13612
6 2754 rs9398087 106905415 1 2.603801786673174e-5 106905415 106905415 0
6 748 rs4712624 21693152 1 2.574720779788204e-5 21693152 21693152 0
6 2083 rs6910395 75351505 1 -2.553371112370543e-5 75348870 75368324 19454
6 3468 rs12209996 137873221 1 2.545435145249105e-5 137873221 137873221 0
6 3444 rs1009709 137017749 1 -2.5412088234054008e-5 137017749 137034464 16715
6 811 rs2147855 23320045 1 -2.491256911674121e-5 23320045 23320045 0
6 902 rs17342717 25821770 1 -2.4110833557100596e-5 25786993 25831212 44219
6 485 rs497505 13355485 1 -2.3177103326534088e-5 13355485 13355485 0
6 802 rs9466588 23057637 1 -2.214027848468748e-5 23054938 23081915 26977
6 4385 rs12660310 167131911 2 2.207657269606304e-5 167131911 167134207 2296
6 424 rs17401908 11721455 1 2.1936801344934855e-5 11721455 11724542 3087
6 2029 rs17783089 72937324 1 -2.0378874613086297e-5 72937324 72993334 56010
6 282 rs675209 7102084 1 1.983208485921217e-5 7102084 7118990 16906
6 3802 rs13210742 150786882 1 -1.9610696887701744e-5 150778793 150786882 8089
6 1872 rs697305 65972053 1 1.9265390792489775e-5 65952526 65972053 19527
6 2294 rs6931497 85793173 2 -1.7695096263169527e-5 85782095 85810298 28203
6 3101 rs9482300 123223696 1 -1.762590932297741e-5 123223696 123223696 0
6 835 rs7761213 24028403 1 1.671552369872703e-5 24028403 24049991 21588
6 3736 rs8641 148869910 1 1.6314397104917464e-5 148869370 148883305 13935
6 2347 rs806365 88845949 2 -1.5935602191710738e-5 88843390 88845949 2559
6 916 rs9461249 26383386 1 -1.593408393785355e-5 26382765 26389926 7161
6 173 rs9504202 4684896 1 1.584997350439208e-5 4683536 4684896 1360
6 1906 rs7747972 67403879 2 1.537399219246697e-5 67384568 67403879 19311
6 4139 rs1247336 161377557 1 1.522728890945427e-5 161377557 161383479 5922
6 3929 rs1799971 154360797 1 -1.520069564499404e-5 154341558 154360797 19239
6 2261 rs12203860 84174401 1 1.4414030323282123e-5 84168968 84182057 13089
6 1186 rs2076311 33145369 3 -1.3954623743218583e-5 33143756 33185918 42162
6 1868 rs941534 65693129 2 1.3605014315226389e-5 65692485 65750892 58407
6 3116 rs12203141 123754480 1 -1.1956943650568453e-5 123754480 123754480 0
6 3960 rs6934056 155279785 1 1.1068238029779895e-5 155279785 155279785 0
6 3037 rs9320713 120121530 1 -1.0611521823075304e-5 120121530 120142181 20651
6 3278 rs12194317 130543687 1 -9.281216687399404e-6 130543687 130550421 6734
6 3757 rs4308587 149440874 1 -7.303262580140197e-6 149437584 149442245 4661
6 873 rs9461088 24971721 1 5.679374783578185e-6 24971403 24971721 318
6 2455 rs4304134 93038298 1 -4.725414567309487e-6 93038298 93099906 61608
6 3746 rs13215793 149230849 1 3.0189776748976486e-6 149230849 149230849 0
6 4491 rs67001748 170330196 1 3.01840242037782e-6 170330196 170330196 0
6 1616 rs6914894 47695732 1 -2.035584781351717e-6 47695732 47702371 6639
6 957 rs7766902 29236645 1 3.081664616613942e-7 29230577 29272012 41435
6 1744 rs1150884 54032665 1 3.065803053259087e-7 53995504 54050219 54715
6 1181 rs6901221 33098276 1 9.887406487559846e-17 33098276 33098276 0
