CHR Group SNP.lead BP.lead Size W BP.min BP.max BP.width
2 4339 rs10168266 191935804 2 0.0527559772283214 191931464 191935804 4340
2 740 rs7583409 25491056 2 0.05026964739363464 25491056 25492467 1411
2 5136 rs2048054 228652347 3 0.04490890693432706 228652347 228653164 817
2 2500 rs12475055 102878891 3 0.03345942388548019 102878891 102888565 9674
2 3217 rs4434047 137452607 1 -0.0289401941848433 137423197 137452607 29410
2 3739 rs1990760 163124051 3 0.02893341686172223 163110536 163152351 41815
2 4341 rs13022931 192020729 3 0.028747893181414418 192013921 192020729 6808
2 3194 rs842362 135341120 2 0.02738275860751627 135341120 135341200 80
2 1136 rs4670932 39618666 2 0.02543190071683074 39604876 39626388 21512
2 4525 rs3181113 204601910 1 0.02459088014203229 204601910 204611195 9285
2 4337 rs3024908 191894141 1 0.02342828640048832 191875901 191894141 18240
2 2694 rs1398030 111972005 4 0.02325701760186596 111957894 112000058 42164
2 4329 rs10931468 191538562 3 0.02309188314193459 191504064 191553931 49867
2 1123 rs17493321 38772507 2 0.0229964436648555 38772507 38772915 408
2 3400 rs1012272 144993201 2 0.0222950906499506 144951782 145058077 106295
2 861 rs17321999 30479857 4 0.02215337059494814 30478453 30480027 1574
2 821 rs6748797 29432982 2 -0.02210950602200131 29413294 29432982 19688
2 4125 rs12471790 179196233 4 -0.02084608189427734 179186529 179212806 26277
2 4434 rs1518364 198809975 2 -0.02062878100155072 198584209 198836777 252568
2 4331 rs1263128 191598603 2 0.02046388521022475 191594895 191649639 54744
2 1501 rs968972 51171962 3 0.02032697544615831 51160560 51186984 26424
2 2858 rs708670 119987237 2 -0.01991546740465643 119984733 119997159 12426
2 2518 rs1433312 103987135 3 0.01955235758500587 103987135 104036433 49298
2 5217 rs7561687 231606083 2 0.01916189755635539 231582196 231613141 30945
2 2679 rs10178717 110452645 1 0.01903935351321851 110452645 110452645 0
2 2144 rs1997450 76696261 8 0.01846054960117263 76685968 76727046 41078
2 3174 rs6720404 134929274 1 0.01808012844778264 134917005 134929915 12910
2 3240 rs4954516 138240046 1 -0.0175312627144833 138240046 138241568 1522
2 1843 rs3911862 65759671 3 0.01746252639835926 65732023 65759671 27648
2 4334 rs3771311 191770613 1 -0.01722005280062639 191749035 191770613 21578
2 2935 rs17008648 123538727 1 -0.01719751627292156 123524253 123538727 14474
2 4327 rs4638823 191312906 3 0.01679047947419547 191288071 191323138 35067
2 1126 rs3821023 38893660 1 0.01655085073752632 38893660 38893660 0
2 3862 rs7579964 168826850 1 0.01639448836142242 168826850 168849695 22845
2 4531 rs1427363 204837629 2 -0.01617029811098556 204824324 204837629 13305
2 3044 rs4662775 128870808 2 0.01589044621651154 128849114 128939817 90703
2 3138 rs12052290 133863624 1 -0.01585155726881187 133863624 133863624 0
2 779 rs13030973 27928797 1 -0.01579412591644103 27874563 27951658 77095
2 4357 rs4853632 192598953 2 -0.01576708287443234 192598953 192609666 10713
2 1737 rs6728812 60112579 1 -0.01566889124702038 60105682 60112579 6897
2 5193 rs1365776 231072709 1 0.01546305487738266 231072709 231072709 0
2 2190 rs13021149 78292330 3 0.01546288388608916 78292330 78301575 9245
2 439 rs721173 13907633 1 0.01514690335298674 13906917 13916789 9872
2 3045 rs6725404 128972833 2 0.01514154616153678 128972833 129007898 35065
2 1015 rs13025239 35908737 2 0.01498000279326633 35908737 35930877 22140
2 1977 rs4853252 70237360 1 0.01494302744298592 70223101 70237360 14259
2 887 rs2303325 31181139 2 -0.01481404014753302 31166795 31181139 14344
2 1611 rs1510611 54865527 1 -0.01471436149236484 54858253 54877365 19112
2 1513 rs984795 51688180 2 0.01428651471502094 51688180 51699054 10874
2 1783 rs733517 62366688 4 -0.01427603964096032 62366688 62381474 14786
2 4711 rs13414946 212296470 1 -0.01426791883666988 212296470 212304841 8371
2 544 rs17315876 17997242 2 -0.01426140873075339 17997242 17998095 853
2 4581 rs12694029 206438036 2 -0.01423407700671512 206438036 206438036 0
2 4953 rs1346801 222180661 4 0.01420529903277697 222172363 222183997 11634
2 5072 rs3748993 226491770 2 0.01418803560969801 226487822 226538647 50825
2 3935 rs12611789 171139494 1 -0.01409446415085601 171139256 171142750 3494
2 2053 rs13339845 72419864 2 0.01408309646842668 72402254 72419864 17610
2 5135 rs10184090 228639557 2 0.01391730211282257 228639557 228639557 0
2 2758 rs17786162 115529358 1 0.01389909584490873 115529358 115529358 0
2 741 rs6711622 25531350 1 0.01365118783263641 25518470 25531350 12880
2 755 rs75819301 26539806 1 0.0136502296595302 26539806 26539806 0
2 2730 rs6760120 113932431 2 0.01355725343707275 113932431 113935028 2597
2 4787 rs11890512 215910724 2 0.01351055793519142 215901592 215927329 25737
2 1992 rs10489987 70809219 3 -0.01330521422588798 70796257 70809219 12962
2 1601 rs10165485 54481636 2 0.0132263135324343 54469283 54485682 16399
2 4258 rs17438763 185996258 2 -0.01305800992300292 185952716 185996258 43542
2 4326 rs11892526 191255883 1 0.01299255129220295 191251643 191255883 4240
2 3267 rs13425763 139642496 1 -0.0129796142439584 139642496 139671955 29459
2 2817 rs17512698 118755669 2 0.01291659810386399 118755038 118838281 83243
2 4759 rs61752198 214160817 1 -0.01283225768871379 214160817 214231045 70228
2 3391 rs6708276 144442150 1 0.01281868842373873 144442150 144463315 21165
2 777 rs1260326 27730940 2 0.01258265278746901 27730940 27748624 17684
2 860 rs7579944 30445026 1 0.01248543540173438 30442158 30445026 2868
2 3975 rs12692976 172684403 4 -0.01226178771798606 172664020 172754554 90534
2 2621 rs12712262 107516533 1 0.01212657420896493 107504369 107535429 31060
2 2586 rs12465089 106386630 2 0.01209601359188915 106386294 106398913 12619
2 2578 rs17031337 106215749 1 0.01201471180882804 106214189 106216861 2672
2 5198 rs6739193 231157527 2 0.0119671180700137 231139777 231159488 19711
2 3594 rs1022386 154582806 3 0.01184151342898317 154561625 154583600 21975
2 515 rs16982422 16644134 2 0.0118245848731547 16635965 16653570 17605
2 1115 rs10198323 38571255 1 -0.01163271837174948 38517488 38571255 53767
2 166 rs7604248 5336076 4 -0.01162005640808564 5336076 5340675 4599
2 3649 rs7602743 157529654 2 0.01159996595714441 157529654 157539961 10307
2 4756 rs3738920 214031987 1 0.01159483149566477 214031987 214036796 4809
2 4149 rs4365493 180173318 4 -0.01147891515183653 180173172 180177796 4624
2 3297 rs16843782 141080706 1 0.0113012112742691 141080706 141098372 17666
2 2702 rs13419523 112781917 1 0.01118764176327729 112773153 112786049 12896
2 4140 rs1873164 179753549 1 -0.01088042817561663 179740009 179753549 13540
2 2739 rs12998926 114546660 2 0.01072225370929054 114533618 114563960 30342
2 410 rs4669855 12655145 1 0.01067810610967211 12651822 12657754 5932
2 2274 rs3770317 80791939 3 0.0106441590932071 80786548 80793411 6863
2 2816 rs1019590 118688162 1 0.01055928880644338 118672017 118743630 71613
2 1770 rs10207939 61253415 2 0.01054757036350372 61230647 61307982 77335
2 4031 rs12615677 174634087 1 -0.01052654294314576 174634087 174660974 26887
2 2662 rs4676060 109662043 1 0.01052473499738192 109662043 109662043 0
2 2801 rs71470 118006384 3 -0.01052448218096736 118006384 118056771 50387
2 3042 rs11682273 128716817 1 0.01040728365098564 128706637 128780173 73536
2 3721 rs6432641 161503223 4 0.01028656723367548 161464707 161536443 71736
2 480 rs10173491 15451774 1 0.01028088186835957 15434967 15451774 16807
2 1466 rs7594662 49984263 1 0.01022124354959895 49984263 49986278 2015
2 5427 rs12616673 238498038 3 0.01021841808480285 238493118 238499690 6572
2 230 rs2174519 6937310 1 0.01018059814769317 6937310 6937310 0
2 4527 rs3087243 204738919 6 0.0100228318335737 204693876 204740866 46990
2 3656 rs1481379 157931593 2 0.00999848178982676 157924492 157931593 7101
2 2462 rs1369482 101503416 1 0.00997349312357286 101503416 101506423 3007
2 3402 rs4662223 145235108 1 0.00996403479700241 145235108 145236142 1034
2 381 rs11695702 11922054 1 -0.00995948286804108 11922054 11922054 0
2 5404 rs4503948 237758257 1 -0.00992673268470293 237758257 237758257 0
2 275 rs12613635 8520621 2 0.00990105453299864 8516939 8531037 14098
2 1087 rs7735 37872508 2 -0.00987354673367818 37865696 37877664 11968
2 5030 rs861442 224902897 1 -0.00981231588987377 224893429 224902897 9468
2 4324 rs12467835 191166159 1 0.00976873607377973 191161622 191190180 28558
2 2375 rs6547705 87044316 2 0.00969189066487429 87044316 87044316 0
2 912 rs6751050 31993081 1 0.00958249732495306 31973127 32014315 41188
2 2709 rs719668 113342566 1 0.00953585735117457 113309473 113342566 33093
2 771 rs61753362 27324669 2 0.00948292443397941 27260469 27324669 64200
2 3114 rs13428178 133175872 2 0.00946772579944024 133175872 133194549 18677
2 2736 rs4849261 114450028 1 0.00944891251654477 114432293 114450028 17735
2 4662 rs7567228 209414499 1 0.00943990131890839 209414011 209414499 488
2 2431 rs139891421 99767073 1 0.00941412545844386 99767073 99857670 90597
2 4983 rs7185 223436607 1 -0.00937555789150239 223427854 223477160 49306
2 440 rs1348801 13943821 2 0.00936646147804177 13931667 13951524 19857
2 4911 rs982458 220663477 2 0.00935920938485202 220639696 220663477 23781
2 4340 rs4555370 191991459 4 -0.00934213335424851 191991459 191996518 5059
2 1279 rs11683295 44316109 1 0.00934105983933898 44315927 44319306 3379
2 98 rs823243 2848102 1 0.00930480299055874 2843308 2848102 4794
2 5418 rs11690358 238244781 1 0.00928315628730457 238244781 238259387 14606
2 2467 rs1062062 101627925 3 -0.00907752236944293 101604246 101629737 25491
2 2011 rs3771389 71153154 1 0.00902479402816015 71152850 71153154 304
2 273 rs10174949 8442248 8 0.00902197072678289 8442248 8447979 5731
2 5243 rs10179086 232744209 1 -0.00897284147941525 232728437 232744209 15772
2 5288 rs2070959 234602191 4 -0.00892814074288996 234580140 234602277 22137
2 3220 rs1593759 137552254 3 0.00891533779230697 137536904 137566169 29265
2 3204 rs4954592 137013525 8 0.00887177589128501 136984041 137013525 29484
2 1773 rs1186706 61673394 4 0.00885088714071117 61638952 61731478 92526
2 5279 rs10203185 234102070 1 -0.00881454840607797 234102070 234102070 0
2 2678 rs9330313 110280390 1 -0.00880781061039826 110278908 110353910 75002
2 1803 rs12996866 64130965 2 -0.00880144142351602 64118877 64171419 52542
2 1386 rs2163982 47243312 4 -0.00873115413563624 47242340 47245022 2682
2 3210 rs47150 137220743 1 0.00869794532218498 137200214 137249556 49342
2 1876 rs6759648 66844120 2 0.00869754353112404 66831138 66898267 67129
2 1016 rs10170933 35947071 3 -0.00866038713901486 35935526 35951818 16292
2 5009 rs7580582 224211363 2 -0.00864927828713104 224211363 224227452 16089
2 3198 rs10928531 135817760 4 0.00853030399727392 135803425 135829309 25884
2 4303 rs781288 189654868 6 -0.0085127699366214 189584537 189683752 99215
2 3671 rs6710480 158958605 2 0.00841531451662223 158958378 158972966 14588
2 1742 rs872277 60338651 1 0.00832308470478697 60333953 60338651 4698
2 3212 rs12612204 137314240 2 0.0082979686618034 137314240 137323986 9746
2 3314 rs12691579 141640478 1 0.00829653545123163 141623459 141652239 28780
2 3459 rs10928364 148500974 3 0.00826532222113238 148460036 148507295 47259
2 421 rs10495605 13037343 1 -0.00826410856472312 13024831 13052225 27394
2 4639 rs9636269 208610801 1 0.008261062579585 208605594 208610801 5207
2 5466 rs9636382 239857995 2 0.00823602634539524 239857995 239858277 282
2 2494 rs10199359 102707179 2 0.00823508452207188 102707179 102707179 0
2 3736 rs1861975 162929300 1 0.00823224772662501 162929300 162929709 409
2 3603 rs7590906 154849098 1 -0.0081432410314005 154830754 154865481 34727
2 2433 rs17765112 100149336 2 0.0081203312234671109 100149336 100149336 0
2 3195 rs4953922 135402521 3 0.00811136577193939 135351764 135421558 69794
2 875 rs519747 30918938 3 0.00803531927591797 30917735 30940397 22662
2 432 rs503989 13641538 3 0.00798363447613521 13641538 13663715 22177
2 2563 rs2576767 105960333 2 0.00793349853611838 105934068 105960333 26265
2 267 rs6748904 8186474 1 0.00791725481942403 8180625 8192868 12243
2 5281 rs13391356 234170369 3 0.00783057139726362 234162415 234201657 39242
2 5133 rs1506563 228622128 1 -0.00776648104596993 228622128 228622128 0
2 376 rs12470971 11725241 4 -0.00772666943873055 11724159 11736305 12146
2 628 rs6531222 20388484 1 0.00769371680793766 20377070 20388982 11912
2 1671 rs1424642 57296558 1 0.00767950733623981 57267524 57296558 29034
2 474 rs7598924 15255532 1 -0.00764483849368183 15242150 15255532 13382
2 1 rs300797 107140 1 -0.00764092022814634 104979 121222 16243
2 5371 rs6731727 236508340 1 0.00758290924082771 236504782 236508340 3558
2 5220 rs6726593 231746780 1 0.00757871099841215 231746780 231747426 646
2 417 rs890069 12867504 3 0.00755531281917671 12858444 12867504 9060
2 3605 rs12693913 154940389 3 0.00746383256711551 154933789 155000595 66806
2 767 rs4513249 27058451 2 0.00736586988288565 27028992 27064577 35585
2 1196 rs1560260 41835431 1 0.00736374260601249 41832878 41836313 3435
2 83 rs17719904 2592143 2 0.00735213188938666 2585729 2592143 6414
2 4530 rs4452124 204799697 2 -0.00733295704839806 204799697 204802578 2881
2 4973 rs1370920 223005125 2 -0.00732613128153213 222990015 223008570 18555
2 4397 rs13008940 196374552 2 0.00730476832806308 196370612 196414587 43975
2 4615 rs6435354 207701151 1 -0.00728085734901955 207689161 207711974 22813
2 1590 rs741531 53856928 2 0.00726781778543021 53854488 53856928 2440
2 4640 rs10497888 208761235 1 0.00723722498034198 208761235 208761235 0
2 3802 rs11683781 166288740 4 -0.00711024185003877 166281132 166288740 7608
2 615 rs10184780 20054392 1 0.00710391799129876 20054392 20054392 0
2 52 rs10779972 1621608 3 -0.00705445939101412 1619121 1622140 3019
2 892 rs1000916 31314555 1 0.00705195820794881 31300544 31314555 14011
2 2641 rs13020302 108599710 2 -0.00695917439964564 108599710 108607394 7684
2 2585 rs12712216 106372671 1 0.00689934284403125 106358929 106372671 13742
2 1694 rs6761469 58581018 1 0.0068927394495731 58566648 58606270 39622
2 3316 rs10496859 141668678 2 0.00686698067112679 141668323 141677631 9308
2 2378 rs2919851 88391890 3 -0.00686499683424164 88389761 88397806 8045
2 5416 rs4663707 238192511 1 0.0068422170759894 238192511 238192670 159
2 4802 rs4672773 216439570 2 -0.00682631876291988 216439570 216439570 0
2 2195 rs1464993 78479945 1 -0.00682587558404067 78477215 78479945 2730
2 1322 rs3770266 45688221 2 0.00682074598747393 45635313 45688221 52908
2 800 rs4666103 28807899 1 0.00677472830558696 28807899 28812285 4386
2 4844 rs10177578 217885659 3 -0.00668394474916279 217878209 217890643 12434
2 5564 rs41342147 242407588 1 0.00666084049044162 242399445 242409933 10488
2 1623 rs2588519 55205124 2 -0.00663884217341796 55204028 55223282 19254
2 46 rs4927608 1453528 2 0.00662957719675036 1449966 1455003 5037
2 2927 rs6713772 123216847 4 -0.00662309628685989 123186585 123216847 30262
2 271 rs10490219 8400895 1 -0.00662295164210174 8391187 8404110 12923
2 4762 rs9283526 214594856 2 0.00662026461625801 214584354 214610452 26098
2 2579 rs10496399 106227721 2 0.00659673114078213 106217330 106241808 24478
2 907 rs1366814 31628705 1 0.00653942561665482 31628705 31630867 2162
2 459 rs2015245 14745146 1 -0.00653146352176873 14745146 14745146 0
2 3040 rs13018398 128628225 1 0.00642344855400669 128628225 128628225 0
2 5407 rs719933 237812750 2 0.00638933206560163 237805870 237812750 6880
2 255 rs7589284 7702036 1 0.00638876595572303 7702036 7702036 0
2 1632 rs10191785 55536808 2 0.00636416348199488 55516323 55539905 23582
2 1165 rs10210665 40532749 1 -0.00633736933796192 40532749 40532749 0
2 2728 rs9005 113891412 1 -0.00630487747546676 113890304 113892141 1837
2 5250 rs12617170 233161765 2 -0.00629867104602688 233141377 233166007 24630
2 2021 rs3732233 71633275 8 -0.00629741168708048 71516191 71658541 142350
2 3900 rs2287619 169836730 2 0.00629477822319646 169836730 169840574 3844
2 1254 rs17405635 43355763 4 0.0062501824445124 43355763 43359061 3298
2 5158 rs995159 229828747 1 -0.00624053635844121 229822600 229833153 10553
2 288 rs9973936 9118215 2 0.00620259942122657 9100137 9118437 18300
2 4047 rs1010028 175418960 2 -0.00619029822262991 175393104 175436940 43836
2 4887 rs2382817 219151218 3 0.00617050052391318 219128506 219184872 56366
2 94 rs1451197 2741446 1 -0.00614788378296118 2741289 2765887 24598
2 4225 rs288344 183666918 1 0.0061168728915683 183593697 183666932 73235
2 4753 rs17355277 213857830 2 -0.00610502143461683 213847510 213858157 10647
2 4130 rs16866412 179474668 1 -0.00608538805565943 179472223 179558366 86143
2 4444 rs12477557 199236870 1 -0.00596938671731195 199206396 199236870 30474
2 2740 rs1028246 114601242 1 0.00593382902467295 114601242 114601242 0
2 2802 rs1996291 118139446 2 -0.00592912435716353 118081209 118148460 67251
2 4378 rs34951989 195205967 4 0.00588757049335235 195195631 195206946 11315
2 2480 rs11688698 102104814 1 0.00587511855638776 102104814 102129420 24606
2 5091 rs2102101 227410349 1 0.00581998889251574 227395509 227413223 17714
2 2890 rs17005295 121600223 1 0.0058108790242054 121600223 121600223 0
2 4969 rs7582427 222826088 2 0.00580350657802008 222818891 222856726 37835
2 2738 rs11694541 114509074 2 0.00574234761475763 114493315 114529665 36350
2 1767 rs1177210 61077693 2 0.00573156611851053 61071656 61091950 20294
2 4316 rs16831887 190571776 3 -0.00568647746579027 190521054 190678545 157491
2 2391 rs11690079 88742338 1 0.0056604086413755 88742338 88744777 2439
2 2919 rs908677 122833317 1 -0.00565927794516755 122833317 122837193 3876
2 5290 rs3771341 234673239 5 0.00561265402017517 234635467 234673309 37842
2 2879 rs7581710 121195181 3 -0.00560045063804356 121195181 121202941 7760
2 5278 rs10803668 234078333 4 -0.005528790464961 234072738 234078406 5668
2 3248 rs1598514 138568673 2 0.00549520827077666 138537633 138607187 69554
2 3617 rs11895478 155571123 2 0.00549299896237815 155571123 155594099 22976
2 4105 rs2364725 178132988 2 -0.0054616932119787 178132988 178134677 1689
2 337 rs818148 10637325 2 -0.00545969792115882 10627544 10637325 9781
2 3300 rs2030240 141218933 1 0.00539704530658989 141217244 141218933 1689
2 2150 rs1519998 76941049 1 -0.0053643490889162 76927056 76941049 13993
2 1421 rs2293276 48819197 1 0.00533379035663882 48819197 48831931 12734
2 5024 rs548470 224773548 2 0.00532181006339161 224738957 224773548 34591
2 790 rs1039823 28623159 2 -0.00530291455311852 28623159 28634790 11631
2 1695 rs6730267 58676644 3 -0.0051645140471615 58650355 58676644 26289
2 3895 rs3821116 169729849 2 -0.00514047291360468 169718981 169748422 29441
2 3202 rs2874874 136578194 2 0.00513000143173232 136545299 136590558 45259
2 261 rs10183806 7988851 2 0.00512804682932923 7975049 7988851 13802
2 1498 rs2193225 51079482 2 0.00509152628365998 51047313 51095053 47740
2 4435 rs1579695 198900363 3 0.00508142729162074 198875464 198950240 74776
2 924 rs17012350 33080659 4 -0.00505192033568243 33080659 33083649 2990
2 2769 rs12619497 116032517 3 -0.00504818844349566 116014077 116049977 35900
2 420 rs10186351 12964428 1 0.00501659653868749 12964428 12992430 28002
2 2175 rs4337498 77857564 1 -0.00497917508701112 77848881 77857764 8883
2 4526 rs10932019 204628810 3 -0.0049470361664187 204627793 204648661 20868
2 1372 rs6734725 46897570 2 -0.0048958844396528 46891964 46900975 9011
2 3124 rs11884795 133519504 1 -0.00486507873773688 133517783 133521231 3448
2 345 rs10192975 10887075 1 0.00482184833908567 10887075 10890205 3130
2 3698 rs2193923 160298123 3 0.00481790139159208 160259258 160310246 50988
2 3052 rs11683275 129274601 1 -0.00479437705960902 129274119 129274601 482
2 605 rs6531191 19878883 2 -0.00474091666148689 19868519 19878883 10364
2 2945 rs7599315 123956524 2 -0.00469081845477112 123954518 123986599 32081
2 5305 rs11563204 234917377 2 0.00468681594483649 234912215 234917732 5517
2 3199 rs16831827 136323787 4 -0.00465318724232354 136158473 136323787 165314
2 120 rs731034 3677022 1 -0.00457660638039662 3677022 3677022 0
2 169 rs7592529 5427628 3 0.00457098381931273 5418756 5429475 10719
2 2859 rs17805141 120005569 1 -0.00454229176419209 120005569 120012412 6843
2 1286 rs3738985 44502788 1 -0.00452875775917524 44482099 44507213 25114
2 1957 rs4314026 69269809 1 0.00447265316939385 69266291 69287943 21652
2 2434 rs1357719 100252159 1 -0.00445883930369452 100210642 100252159 41517
2 80 rs1710506 2518376 1 0.00445016913318097 2504833 2521551 16718
2 3137 rs13395693 133806124 1 -0.00441184174176459 133806124 133806124 0
2 717 rs583168 23829145 1 -0.00440387378460564 23817398 23838148 20750
2 5553 rs6723732 241986030 2 0.00436994884153858 241980123 241986030 5907
2 2685 rs4849155 111635197 1 0.0043607087735238 111628522 111635197 6675
2 5563 rs757978 242371101 3 0.00433199140034931 242360245 242383928 23683
2 2499 rs2287041 102852866 1 -0.0043068940856375 102840348 102852866 12518
2 4797 rs17459063 216317657 3 0.00421611860621369 216307103 216322388 15285
2 3221 rs778185 137582905 2 -0.00420770785417662 137580234 137583444 3210
2 4754 rs17277107 213869354 2 -0.00419309076448096 213869354 213877864 8510
2 1200 rs1560257 41898148 1 0.00415289408121151 41895340 41903118 7778
2 5232 rs2290130 232263127 2 -0.00414006100780211 232263127 232263127 0
2 624 rs7578149 20312438 1 0.00411143129319647 20292618 20312438 19820
2 1661 rs13423780 56607046 1 -0.00410855200336607 56607046 56607046 0
2 3704 rs7574420 160695800 3 0.0040880682862505 160690656 160701224 10568
2 5308 rs7603271 234964316 3 -0.00407254878652801 234953978 234966486 12508
2 1789 rs4640376 62576427 3 0.00406068425723024 62576006 62581284 5278
2 3777 rs57447159 165210891 1 0.00405154089222256 165210891 165210891 0
2 4219 rs12468232 183339722 4 0.00405015818192915 183324227 183351225 26998
2 3206 rs13006092 137084682 3 0.00404215709191462 137081149 137102171 21022
2 660 rs12470778 21354702 1 -0.00403265037556832 21311691 21383717 72026
2 2742 rs7577695 114739110 3 0.00402856086184085 114739110 114754877 15767
2 1296 rs341605 45064187 1 0.00402005602856783 45064187 45065588 1401
2 4816 rs10180583 216905728 1 0.0040154752069253 216905728 216933792 28064
2 4673 rs1020407 210204470 2 -0.0039973475714687 210170216 210223378 53162
2 3810 rs7423034 166524122 2 -0.003985629121337 166518516 166524122 5606
2 3567 rs11692707 153649490 2 -0.00396812077191403 153622532 153649490 26958
2 795 rs7579759 28693648 1 0.00396668493011858 28693648 28693648 0
2 4468 rs12464998 200893820 2 -0.0039616970700344 200778866 200893820 114954
2 2741 rs17045956 114680469 1 0.00394582760831762 114614770 114725960 111190
2 3569 rs11692152 153721508 2 0.00394154870555968 153683524 153721508 37984
2 3272 rs2118269 139954090 2 -0.00393980529585342 139952914 139961825 8911
2 4614 rs12478466 207671012 1 -0.00392107214613045 207665145 207678216 13071
2 4419 rs4341955 197404714 1 0.0038954603811217 197404714 197472277 67563
2 5516 rs4505564 240871018 1 -0.00387844549124192 240871018 240871893 875
2 575 rs10191044 18716201 1 -0.00387523793816239 18713455 18717487 4032
2 3563 rs4664594 153381798 2 -0.00386577875186757 153378652 153391582 12930
2 1110 rs1030278 38435241 3 -0.00382861230338768 38432325 38438811 6486
2 3580 rs13405095 154061615 1 0.00382234870862798 154058372 154061615 3243
2 2044 rs6546731 72116933 2 0.00381793226505374 72116933 72116933 0
2 3325 rs12616496 141949292 1 -0.00381200088368102 141949292 141967308 18016
2 1929 rs751759 68350615 3 -0.0037792762365247 68349183 68350891 1708
2 3539 rs4664493 152492324 1 -0.00370495661380388 152476130 152492324 16194
2 5113 rs6713443 228201546 2 0.00369584529274525 228189493 228210364 20871
2 3360 rs11904347 142980125 3 -0.00364437961170193 142942795 142980125 37330
2 2140 rs1949924 76505008 3 0.00363004074643969 76500077 76535759 35682
2 24 rs6746997 788807 3 0.00362508716657203 788673 788807 134
2 745 rs6546183 25671806 1 -0.00359304555246772 25659244 25671806 12562
2 1268 rs7592384 43926465 3 0.00358021448449724 43926465 43929983 3518
2 3055 rs841470 129370246 1 0.00355057775352147 129360694 129395115 34421
2 4547 rs12373835 205347379 1 -0.00354336523718656 205347379 205347379 0
2 5561 rs10185319 242253995 3 -0.00354319596199381 242244342 242286747 42405
2 5010 rs997671 224239650 1 -0.00345508218453245 224239650 224248109 8459
2 738 rs2304429 25458546 1 -0.00344722962155174 25458546 25458546 0
2 1030 rs10495867 36304861 2 0.00343982651507831 36296574 36304861 8287
2 2519 rs10198274 104049553 1 -0.0034306667943547 104049553 104049553 0
2 3804 rs13424955 166339756 3 0.00342343184816808 166303598 166339756 36158
2 3954 rs1420378 171630631 4 0.00340452999182292 171581341 171631433 50092
2 4646 rs4277502 208978677 2 0.00338666815516467 208978677 208991487 12810
2 1080 rs13409745 37697432 3 0.00337441740796893 37690633 37704936 14303
2 2393 rs7571971 88895351 1 0.00336795849426414 88895123 88899883 4760
2 2234 rs13395022 79882260 4 0.00334873816039864 79882260 79894172 11912
2 1612 rs6717369 54915044 1 0.0033371293159464 54908044 54919899 11855
2 1648 rs1432567 56331228 2 -0.00333282289869671 56326296 56341068 14772
2 447 rs11900823 14194649 1 0.00332995453864268 14194649 14233052 38403
2 4396 rs10208012 196316861 2 0.00332659421612285 196316861 196364109 47248
2 3925 rs12624234 170649349 2 -0.00331347583227654 170649349 170649349 0
2 4476 rs4674036 201270538 2 0.00330558928973984 201270538 201286358 15820
2 2149 rs12621435 76893856 1 -0.00328483660462525 76893856 76894380 524
2 4051 rs1463263 175584157 2 -0.00327793452335374 175584157 175584157 0
2 195 rs10495528 6057847 1 -0.00327545367164695 6057847 6057847 0
2 1888 rs12471464 67204642 1 -0.00327277742669515 67198954 67217705 18751
2 4573 rs1207429 206164004 1 0.00326457226970958 206150594 206164004 13410
2 4812 rs4453695 216725945 1 -0.00326215158219636 216725945 216737655 11710
2 2639 rs6542736 108415702 1 -0.00325998167523181 108415702 108422810 7108
2 4695 rs2111713 211576458 2 0.00324315139386056 211554574 211593520 38946
2 3803 rs7567296 166295835 1 -0.00323564945754597 166295400 166299635 4235
2 3485 rs10432496 150147278 1 -0.00321427440006746 150133728 150147278 13550
2 492 rs4668989 15929276 1 0.00318818834059019 15926168 15930012 3844
2 3955 rs2241165 171678379 1 -0.00317277928032836 171678379 171682740 4361
2 4426 rs13019481 197908675 3 -0.00316227734252042 197908675 197950058 41383
2 656 rs693 21232195 4 -0.00315894691127932 21225281 21237544 12263
2 5447 rs34371548 239098594 1 -0.00314790852410903 239095422 239098594 3172
2 874 rs1901909 30889161 1 0.00314764555588664 30885263 30900567 15304
2 3105 rs4850159 131725771 2 0.00313777666767405 131717891 131731464 13573
2 3117 rs12478654 133299230 2 -0.00312914253514831 133299230 133313845 14615
2 2695 rs11123551 112277340 2 -0.00312302495706103 112277340 112277492 152
2 1831 rs6546118 65212178 2 0.00311909481757596 65212178 65213104 926
2 3421 rs10496978 146090174 3 -0.00311264674458112 146078530 146095070 16540
2 5545 rs4455151 241744372 1 -0.00311232792890243 241740907 241744372 3465
2 733 rs1865687 25112885 1 0.00310767597442916 25103108 25135620 32512
2 4122 rs438027 179034697 2 -0.00310345287061312 179029309 179043660 14351
2 305 rs11680429 9844178 1 0.00308782190358719 9844178 9844178 0
2 1316 rs870575 45503260 1 -0.00302071046285472 45503260 45506771 3511
2 2233 rs17017379 79864902 3 -0.00301620167855728 79864370 79864923 553
2 535 rs7585536 17444450 4 0.00301459185346039 17444450 17453968 9518
2 1270 rs2288710 43970287 1 -0.00301426572479904 43968167 43974358 6191
2 3787 rs6724963 165701577 1 0.0030084021275052 165677808 165712301 34493
2 5287 rs2741035 234555809 2 0.00299660740455228 234545861 234567051 21190
2 3166 rs16829944 134784345 3 -0.00298928657920471 134784345 134792219 7874
2 210 rs13384785 6375910 2 0.00296082706122819 6375516 6380352 4836
2 1078 rs6708310 37600427 2 0.00295896792670677 37599963 37600427 464
2 1813 rs1346236 64609979 3 0.00294375541522394 64607964 64620637 12673
2 546 rs9306861 18056447 2 0.00293517950334698 18048653 18083493 34840
2 5527 rs1565985 241193615 1 0.00289959109947706 241188859 241194081 5222
2 700 rs1374459 23316591 2 -0.00289743411972444 23298851 23328503 29652
2 1092 rs4670780 38048671 1 0.00287050061189479 38048671 38048671 0
2 5376 rs2675144 236641479 2 0.00286891752438461 236641479 236641479 0
2 1652 rs7609306 56376564 2 -0.0028619721764968 56376308 56381698 5390
2 2113 rs11903584 75672583 1 -0.00285688161869501 75672583 75675860 3277
2 789 rs13392378 28607344 2 -0.00283612664488722 28605588 28607344 1756
2 1880 rs17681403 66977032 1 0.00282824927159003 66977032 66977032 0
2 5208 rs6436944 231376320 3 0.00282025539219128 231376320 231407663 31343
2 5154 rs10804346 229538464 2 0.00279663802707128 229504065 229555490 51425
2 2357 rs11126997 85949396 2 -0.00278835539614773 85941074 85949396 8322
2 1086 rs17021120 37843019 1 0.00277795598948219 37827519 37843019 15500
2 4019 rs7567442 174283773 1 -0.00277775694485962 174283773 174283773 0
2 2219 rs732260 79518889 2 -0.00275524755712308 79517133 79520327 3194
2 2952 rs12476179 124484294 2 0.00275182443281689 124483400 124508051 24651
2 910 rs682895 31871583 2 0.00274778248227453 31834078 31873476 39398
2 407 rs10211429 12579179 3 -0.00274675396663293 12576670 12581267 4597
2 585 rs6531131 19078715 5 0.00271912403733084 19077800 19110370 32570
2 3842 rs6432983 168062531 2 -0.00271665472682503 168062531 168066066 3535
2 3688 rs1522699 159764389 2 -0.00271237067469385 159764389 159764389 0
2 1756 rs1011407 60665768 2 -0.00271163346578873 60641329 60676363 35034
2 3110 rs10928155 132583278 1 0.00269759881162156 132583278 132583278 0
2 45 rs1514684 1441178 2 0.00267977065076321 1441178 1442417 1239
2 797 rs6547857 28757368 1 0.00267903930349684 28756255 28757368 1113
2 3980 rs1038565 173060526 3 -0.00266648681946756 173046584 173062159 15575
2 5444 rs4663281 238943966 3 0.00265682585158764 238934537 239000091 65554
2 33 rs4971432 1079320 1 0.00265552739688246 1063504 1081594 18090
2 4267 rs16827790 187240797 1 0.00264623300623887 187081525 187364878 283353
2 2653 rs6747243 109170054 3 -0.00264287157632558 109099477 109200656 101179
2 4912 rs2162017 220686765 3 -0.00262563165286425 220666777 220686765 19988
2 4925 rs11688377 221067691 1 0.00262205489664428 221047792 221067691 19899
2 5369 rs10460277 236430910 2 0.00261286177174712 236421824 236430910 9086
2 1381 rs2289928 47134904 1 0.00261220221710056 47134904 47173359 38455
2 3098 rs6713511 131121149 1 0.00260128992668104 131121149 131123264 2115
2 3558 rs6761178 153248943 2 -0.0025960106692812 153248404 153273219 24815
2 942 rs41464348 33527299 1 -0.00259233951502665 33505139 33532820 27681
2 4785 rs2225064 215806919 1 -0.00257304606312965 215798408 215813331 14923
2 2921 rs13421929 123047991 1 -0.00256650475829943 122982362 123047991 65629
2 1469 rs971732 50142117 2 0.00254326917582892 50142117 50148972 6855
2 383 rs2716651 12044820 1 -0.0025316629249436 12044820 12044820 0
2 2364 rs11691934 86165443 3 0.00248529355665871 86165443 86178058 12615
2 1230 rs13385655 42767195 2 -0.00247897108094542 42748348 42773875 25527
2 3753 rs4144827 164114775 4 0.00246648627322068 164114775 164149690 34915
2 4037 rs6433461 174910616 2 0.00246634509503354 174910616 174910616 0
2 4645 rs10932241 208976955 1 0.00246232147378758 208966158 208976955 10797
2 3029 rs10496660 127913044 1 -0.00245999985569843 127901657 127915335 13678
2 4254 rs11901504 185785610 1 0.00243565333366755 185735599 185785610 50011
2 975 rs17014720 34328691 3 -0.00243301956835701 34324360 34333297 8937
2 415 rs1000053 12790328 1 -0.0024140001972409 12790328 12807683 17355
2 5408 rs10929201 237832366 1 -0.0024118087759355 237829432 237840593 11161
2 2737 rs10514810 114471782 1 -0.00239458616983841 114455006 114488405 33399
2 5242 rs11890626 232718088 3 -0.00238952513407244 232635146 232718088 82942
2 2969 rs1827596 125256443 1 -0.00236726293074666 125232609 125272371 39762
2 1275 rs6727861 44218792 1 0.00234850274934797 44204717 44219746 15029
2 3697 rs10489999 160242588 1 -0.00234419384213391 160232059 160242588 10529
2 5127 rs12996329 228501121 1 -0.00233845027400284 228489763 228501387 11624
2 1868 rs1358698 66453086 2 0.00233356368865164 66453086 66460709 7623
2 802 rs4666111 28838795 3 -0.00232429184527307 28820641 28840691 20050
2 1825 rs7600672 65080772 1 0.00232021000499076 65080772 65080772 0
2 4026 rs606961 174487923 1 0.00231876615216002 174483240 174487923 4683
2 2289 rs12615721 81856526 1 -0.00231239030663924 81825648 81921062 95414
2 5268 rs3817321 233839052 2 0.00230452062509687 233834975 233839174 4199
2 4838 rs1179727 217730567 1 -0.00229706577757473 217730567 217736131 5564
2 4246 rs1443033 185277576 1 0.00227949976826936 185264965 185277576 12611
2 3207 rs16833821 137114910 4 0.00226920698949445 137111399 137121731 10332
2 1824 rs6706514 65053216 1 0.0022472625975269 65053216 65053216 0
2 3486 rs1196696 150206753 3 -0.00224503541692863 150196099 150206753 10654
2 897 rs76523220 31417290 1 -0.00224351016707669 31417290 31426449 9159
2 106 rs12464090 3085996 1 -0.00224295647161383 3081043 3085996 4953
2 1838 rs7604944 65546422 1 -0.00223884641357003 65546422 65548507 2085
2 5070 rs10200296 226397681 2 -0.00223760324474049 226366322 226399121 32799
2 4922 rs12694510 220999979 1 -0.00223459076258405 220997227 221013438 16211
2 3123 rs6430373 133513086 2 0.00223015490251781 133484851 133513086 28235
2 3298 rs2931465 141130097 1 -0.00221773124600043 141116447 141157971 41524
2 1118 rs12997977 38675963 2 -0.00221699271352674 38673538 38681185 7647
2 5311 rs250905 235030092 1 -0.00220911853288871 235016487 235034610 18123
2 3794 rs13015737 165995621 2 0.00220662980932723 165956508 166000637 44129
2 3417 rs2697329 145892427 2 -0.00220573541910727 145856863 145892427 35564
2 1833 rs55952639 65299766 5 -0.00219852208952558 65283174 65299766 16592
2 3140 rs6735119 133929269 2 -0.00219390208199381 133901426 133929269 27843
2 346 rs1198844 10908159 1 -0.00218171395992003 10908159 10908893 734
2 306 rs10929604 9865547 2 -0.00217843619688367 9865547 9870631 5084
2 5448 rs11694250 239138259 1 0.00217794310760336 239136143 239162038 25895
2 702 rs1025703 23507416 2 0.00217668122557019 23458669 23512029 53360
2 184 rs2722557 5863154 1 -0.00216695060338544 5855300 5863289 7989
2 5556 rs1062748 242028741 6 -0.00216671938728823 242021742 242065944 44202
2 3125 rs13016342 133540605 2 -0.0021662390970579 133533325 133543872 10547
2 4553 rs7579849 205639924 1 -0.00216292844299225 205623306 205639924 16618
2 3653 rs2131801 157654171 2 0.00216007901394112 157654171 157654171 0
2 1094 rs2565640 38101439 1 -0.00215203010214025 38101137 38115194 14057
2 4906 rs6726806 220351379 1 0.00215153489955638 220337196 220354108 16912
2 2300 rs1393504 82883860 1 -0.00214031597187661 82867347 82900043 32696
2 3615 rs1835154 155496698 2 -0.00213641338948677 155474355 155496698 22343
2 4192 rs13010713 181996045 1 -0.00213038757861323 181996045 182007800 11755
2 4974 rs6710838 223044442 1 -0.00212916539864832 223042991 223044442 1451
2 1210 rs6731940 42101473 1 -0.00212531242654594 42100538 42101473 935
2 1696 rs17049549 58785922 1 -0.00212498687916422 58767826 58792377 24551
2 2829 rs4564774 119052905 2 -0.00211558760480998 119052905 119085908 33003
2 1891 rs1362478 67294023 3 -0.00211397486373631 67289035 67306158 17123
2 693 rs7580662 23173111 1 -0.00210920621033087 23173111 23176757 3646
2 5189 rs4277512 230992386 1 0.00210553274348755 230960946 230997403 36457
2 1636 rs11125589 55941440 1 0.00210509609700239 55902395 55941440 39045
2 728 rs9677360 24724553 2 -0.00210409880342064 24718100 24856759 138659
2 5092 rs2707537 227523774 1 -0.0021000866258638 227486156 227523774 37618
2 5204 rs1427283 231282791 1 0.00209753900799575 231282791 231289976 7185
2 298 rs2709580 9514573 2 0.0020961459237367 9499377 9517647 18270
2 4818 rs207922 217031509 1 -0.00209597135528868 217031328 217070376 39048
2 1688 rs1518397 58212839 2 0.00209451270032497 58212839 58237076 24237
2 1454 rs13427322 49707932 3 0.00207519472867878 49700419 49727295 26876
2 2714 rs17042407 113558914 1 -0.00206594746033196 113527906 113570581 42675
2 4565 rs2289025 205969220 2 0.00206444868654781 205967315 205977739 10424
2 2895 rs114814747 121748048 2 0.00206010537677436 121735335 121748048 12713
2 1393 rs726117 47372425 1 0.00205851938555893 47368754 47374397 5643
2 1823 rs11683197 65027624 1 0.00204943064578521 65027624 65027624 0
2 2211 rs393149 79244207 3 -0.00204563173755447 79240834 79268213 27379
2 1858 rs755616 66146933 1 -0.00203856088799277 66142233 66177065 34832
2 654 rs4643493 21137425 1 -0.0020330162032919 21131683 21137425 5742
2 4757 rs13419945 214065112 2 0.00202266669336659 214065112 214098403 33291
2 3978 rs13390848 172957643 1 0.0020172450523555 172953438 172957643 4205
2 1724 rs6750614 59612917 1 -0.00201407065500804 59612358 59612917 559
2 3395 rs17834780 144638809 2 0.0020116438216243 144638809 144662599 23790
2 547 rs35186900 18112314 4 -0.0020100681271945 18098857 18116319 17462
2 4658 rs10932259 209184999 5 0.00200837586491835 209135339 209191082 55743
2 5112 rs4619602 228167014 3 0.00200382705952618 228133809 228177567 43758
2 3481 rs170673 150014096 1 0.0019968099731093 150000597 150014096 13499
2 477 rs6732271 15303781 2 0.00199271247977745 15303754 15303803 49
2 5490 rs6727608 240443992 1 0.00198528941704459 240442314 240448123 5809
2 4944 rs16862036 221880457 1 0.00197667083639059 221860558 221880981 20423
2 3183 rs1439111 135082760 1 -0.00197412409920883 135082760 135114889 32129
2 1366 rs61995901 46707827 6 -0.00197352739315253 46662461 46710745 48284
2 3062 rs6740023 129654217 1 -0.00197091389840472 129654217 129708408 54191
2 1004 rs4366887 35551496 1 -0.00196159655699185 35494947 35551496 56549
2 5103 rs10174459 227973193 1 0.00195949261387993 227970914 227973193 2279
2 5306 rs676959 234933559 9 0.00195479614313986 234923881 234933630 9749
2 830 rs17007920 29570906 1 0.00195042480371355 29570906 29578251 7345
2 847 rs7567152 30074153 1 0.00194430041256631 30068116 30074153 6037
2 142 rs6743559 4307217 1 0.00194411096980686 4307217 4307217 0
2 4138 rs4894054 179713601 1 -0.00194400047757943 179713601 179732845 19244
2 4036 rs17308965 174896455 1 0.00193601801866671 174896455 174896455 0
2 4308 rs7579312 189882685 1 0.00193425361449131 189882685 189882685 0
2 4644 rs11683477 208927892 2 0.0019259947128025 208926542 208938866 12324
2 2857 rs6759589 119969831 1 -0.0019115970240147 119968031 119969831 1800
2 4519 rs10755019 203555828 1 0.00190623471614065 203520272 203602207 81935
2 3175 rs9808181 134935979 1 0.00189868070995454 134935746 134935979 233
2 724 rs4665665 24380715 1 -0.00189831792023034 24369019 24413298 44279
2 1158 rs688673 40406518 1 0.00187616015432002 40400672 40407867 7195
2 5538 rs2228331 241405528 1 0.00186431577010081 241401673 241405528 3855
2 12 rs13006698 516565 3 -0.00185638093400272 506733 522921 16188
2 4080 rs4972806 177012578 2 -0.00185376194305064 177012578 177042633 30055
2 4057 rs7566401 175994720 3 0.001843478568138 175964587 176025463 60876
2 5283 rs1046976 234255548 1 0.00184227533444726 234255547 234273242 17695
2 3758 rs2704358 164402710 1 0.00183429004091355 164402710 164402710 0
2 5036 rs7556741 225111488 1 -0.00183319707244771 225042531 225111488 68957
2 2213 rs2073445 79313815 3 -0.00182830263886789 79300515 79319089 18574
2 1715 rs13030369 59455177 4 -0.00182734156730704 59422158 59455177 33019
2 4562 rs11896055 205883547 1 -0.00182133669007769 205864832 205887035 22203
2 4151 rs1022360 180272486 1 0.00182068481547015 180240770 180272486 31716
2 1034 rs6717847 36398904 2 -0.00181964204509406 36395676 36408593 12917
2 4477 rs893357 201308486 1 -0.00181725585803993 201300132 201309547 9415
2 4703 rs10432525 212036651 1 0.00179791278360755 212036651 212047120 10469
2 102 rs1624522 2978747 1 -0.00179064655058946 2970150 2978747 8597
2 3552 rs11883823 152994110 1 -0.00178862262541307 152981335 153032790 51455
2 2019 rs12478186 71408929 3 0.00178475361141474 71405378 71432288 26910
2 643 rs4666313 20769783 1 0.00178436318832258 20768247 20769783 1536
2 3541 rs6433575 152567908 3 0.00177852126424999 152546198 152587344 41146
2 1024 rs2968602 36139951 3 -0.00177628533326482 36132138 36140364 8226
2 3911 rs830964 170156880 1 0.0017710879367208 170156880 170159313 2433
2 2255 rs10865448 80272344 1 -0.00176861806132593 80266897 80280680 13783
2 4881 rs7580997 218883186 1 0.00176855637537631 218880952 218883186 2234
2 396 rs10201223 12272871 2 -0.00176524426683051 12262421 12279879 17458
2 2603 rs17032247 106674925 1 -0.0017645910080256 106673532 106674925 1393
2 3537 rs3815851 152336428 1 0.00176047749293647 152311570 152375935 64365
2 1476 rs13410042 50388064 2 -0.00175838615342661 50366097 50388475 22378
2 4048 rs12994635 175451014 1 0.00174927904433388 175447213 175452808 5595
2 4239 rs12993478 184619848 1 -0.00174791610256496 184604111 184633519 29408
2 983 rs13005810 34580853 4 0.00174731826017161 34578706 34594367 15661
2 3446 rs2034526 147804074 2 0.00172885801830713 147777020 147804074 27054
2 4780 rs7585356 215592306 1 0.00172494632617397 215592306 215607896 15590
2 445 rs10495620 14116991 1 0.00172440709422244 14111157 14116991 5834
2 1989 rs1523300 70769365 1 0.00171828844260799 70769365 70769365 0
2 1262 rs6716620 43634922 1 -0.00171597302498551 43634135 43648176 14041
2 3949 rs10191600 171476133 1 0.00171340803627743 171476133 171476133 0
2 3897 rs563694 169774071 2 -0.00170884039020098 169771420 169774071 2651
2 1013 rs1371418 35830334 1 -0.00170125266702307 35814079 35831794 17715
2 4582 rs1035163 206445115 4 -0.00169651657259926 206443038 206452025 8987
2 212 rs12623864 6421045 3 -0.00169072435398076 6415415 6424508 9093
2 3467 rs1448894 149318861 1 -0.00168361418653731 149290719 149325647 34928
2 3013 rs1000858 127459321 1 -0.00167647606533258 127451514 127459321 7807
2 4991 rs10176458 223625518 1 0.00167100600861058 223625518 223625518 0
2 1844 rs897876 65791581 1 -0.00166793130873182 65789219 65794304 5085
2 5392 rs4571012 237453806 2 -0.00166013831404745 237453049 237460365 7316
2 915 rs10084280 32297984 3 0.00165742033876373 32278782 32447718 168936
2 1709 rs7586333 59183439 1 0.00165588533888251 59183439 59183439 0
2 1775 rs4671408 61888702 1 0.0016503578017834 61888702 61888702 0
2 5303 rs4663995 234892127 1 -0.00164859638623252 234890391 234892127 1736
2 5137 rs16824126 228754349 1 0.00164814036376514 228754349 228776938 22589
2 2527 rs1550533 104515963 2 0.00164376632730803 104510063 104537499 27436
2 2862 rs935393 120165808 2 0.00164073307533326 120159868 120165808 5940
2 2724 rs1530551 113817566 3 0.00163110031249552 113809266 113825966 16700
2 5157 rs800736 229729917 3 -0.00162426708128954 229728823 229757438 28615
2 3986 rs7425380 173198175 1 -0.00161759371377543 173191687 173198175 6488
2 5325 rs11685523 235464046 1 0.00161612919513328 235464033 235464046 13
2 3829 rs2031002 167253015 2 0.0016140605825969 167253015 167265040 12025
2 4697 rs7586705 211657675 2 0.00161299041419907 211655965 211661897 5932
2 979 rs10177156 34491664 1 -0.00161238724496467 34480075 34491664 11589
2 2503 rs11465732 103067823 1 0.00160363748171738 102991369 103091540 100171
2 5525 rs7592376 241114873 3 -0.0016002173524951 241114873 241123603 8730
2 881 rs6710242 31006133 1 0.00159012436459975 30993818 31006133 12315
2 2014 rs114234874 71187104 1 -0.00158939664116885 71187104 71187104 0
2 3073 rs837899 130024033 4 0.00158811288212454 130024033 130060598 36565
2 3964 rs12465868 172212652 1 0.00158386023858517 172212652 172259687 47035
2 1595 rs1232 54082405 2 -0.00158111026573852 54050211 54093956 43745
2 2408 rs11901495 98017804 4 -0.00156769437391466 98013814 98023948 10134
2 3224 rs1649571 137622996 2 0.00156218242113735 137622996 137629273 6277
2 2253 rs1368909 80228740 1 -0.00156111301573718 80228740 80228740 0
2 4636 rs16839883 208429342 1 -0.00155937530139689 208429342 208506371 77029
2 955 rs13386750 33876667 2 0.00155557368868672 33875088 33896461 21373
2 1259 rs4372955 43566146 1 0.00154444690103077 43553949 43566146 12197
2 4704 rs4123215 212107637 2 -0.00153917229003037 212075184 212107637 32453
2 119 rs9750503 3491772 5 -0.00153279340123318 3477014 3645429 168415
2 3819 rs487374 166940925 2 -0.00152998688330449 166937584 166941773 4189
2 272 rs16866666 8438959 1 0.00152845962185965 8438959 8440346 1387
2 1280 rs7355599 44322757 1 0.00152273396164314 44322757 44326923 4166
2 766 rs4665905 26997490 2 0.0015227215112081 26990507 27024478 33971
2 4070 rs11896469 176680246 3 0.0015197184976917 176680246 176693074 12828
2 888 rs2303324 31189236 3 -0.0015179019527721 31189236 31189304 68
2 4348 rs2356656 192381934 1 0.00151709015616999 192381934 192386522 4588
2 3723 rs7574698 161631419 1 0.00151365797748194 161604269 161637237 32968
2 834 rs4372837 29624775 1 0.00151188897607625 29624166 29624775 609
2 4090 rs2044642 177460699 1 0.00150945539057286 177456444 177460699 4255
2 1108 rs10490623 38408537 1 0.00150332284105268 38407966 38408960 994
2 3079 rs7601707 130269829 1 -0.00150321605496709 130259988 130311135 51147
2 2171 rs11126614 77722736 1 0.00150275999949004 77721499 77742249 20750
2 316 rs2303920 10126330 3 0.00149793995105689 10110517 10130111 19594
2 4528 rs10497873 204762327 1 0.00149690339878253 204762327 204762327 0
2 1712 rs7599151 59308101 2 0.00148875579099103 59301572 59312140 10568
2 1420 rs62135239 48807869 3 0.00148456872494101 48807796 48810067 2271
2 954 rs6717058 33847659 3 -0.00147967250833625 33836922 33852489 15567
2 5438 rs3769080 238641521 1 0.00147757100668778 238640263 238641521 1258
2 2443 rs13397337 100883460 2 0.00147383614372617 100882593 100889386 6793
2 4689 rs918233 211376416 1 0.00146298553782855 211354027 211404035 50008
2 4715 rs4672615 212356992 1 0.00145867043470504 212355500 212356992 1492
2 2938 rs1554808 123656927 1 -0.00144543799423188 123656927 123717349 60422
2 672 rs7601596 22348539 1 0.00143673528326968 22348539 22348539 0
2 3557 rs16831021 153238858 1 -0.00143617320739375 153235837 153242179 6342
2 5025 rs6746036 224792256 1 0.00143579443402183 224792256 224814186 21930
2 1017 rs1024151 36001294 1 -0.00143085993873291 35999639 36004210 4571
2 5175 rs6712266 230272648 1 0.00142763971777103 230272648 230278731 6083
2 3000 rs523147 126992626 1 -0.00142510897053367 126987912 126992626 4714
2 1768 rs842624 61098642 1 0.00142197647167763 61098642 61171045 72403
2 4729 rs6732730 213009392 2 0.00141286438009809 213008886 213009392 506
2 2239 rs17017866 80007727 2 -0.0014103242030563 80007503 80019076 11573
2 2659 rs17269487 109599670 1 -0.00140679642680126 109599256 109610036 10780
2 1431 rs733726 49096835 1 0.00140310354699258 49090394 49099508 9114
2 896 rs7587515 31414851 1 -0.00139958631495028 31414851 31414851 0
2 5315 rs7587925 235193276 2 0.00139896918370158 235192719 235195562 2843
2 4493 rs1045494 202151781 2 0.00139491455305053 202143928 202162811 18883
2 2799 rs17046680 117928308 1 0.00139472891671971 117900052 117928308 28256
2 987 rs10865103 34790535 3 -0.0013944405283231 34778477 34790535 12058
2 1065 rs11124542 36994439 1 -0.00138792332710192 36994439 36994439 0
2 956 rs7585514 33922554 1 0.00138419205752139 33922554 33928721 6167
2 1299 rs1657855 45144752 1 -0.00137892146949385 45144752 45151055 6303
2 3232 rs10490742 137874930 1 -0.00137215065567076 137872961 137890465 17504
2 4221 rs7563329 183430921 3 0.00136112375962042 183375853 183430921 55068
2 3695 rs174244 160164187 5 -0.00135849001954654 160164187 160190209 26022
2 3093 rs12997287 130665622 1 0.00135493087139668 130662416 130665622 3206
2 4848 rs1015294 218056890 1 -0.0013534481769131 218052964 218056890 3926
2 4268 rs13397032 187393729 1 -0.00134274966699455 187388234 187434444 46210
2 2075 rs4853007 74272257 2 -0.00134054773603174 74245777 74316414 70637
2 3871 rs7584694 169087090 2 -0.00133435681370358 169074972 169087090 12118
2 4845 rs17833945 217894024 5 -0.00133375089542468 217894024 217905832 11808
2 2394 rs7565298 88998689 1 -0.00132416580174398 88959086 89130009 170923
2 4496 rs2098354 202384125 1 0.00131167193295024 202383408 202400872 17464
2 4483 rs2241080 201527239 1 -0.00131132893640447 201526330 201529900 3570
2 3896 rs560887 169763148 1 0.00130930272715374 169763148 169763148 0
2 1860 rs1484483 66232736 1 -0.00130889194671264 66221977 66272243 50266
2 4736 rs1505374 213192660 1 -0.0013041682885294 213183696 213192660 8964
2 1357 rs13027413 46479838 1 0.00130122638651151 46475797 46479838 4041
2 426 rs7568997 13257628 1 0.00130063055402135 13257628 13321498 63870
2 1412 rs7588761 48150587 1 0.00129979329473271 48150587 48150587 0
2 1678 rs10165125 57727701 2 -0.00129541134320746 57714717 57738723 24006
2 5562 rs1532788 242330192 1 0.00129460726700408 242296449 242353704 57255
2 4056 rs1153702 175920757 1 0.00128825927461026 175920757 175920757 0
2 2298 rs11126867 82698316 2 -0.00128769235058484 82512797 82727488 214691
2 4548 rs7569476 205385386 1 0.00128642203552688 205385386 205385386 0
2 909 rs12470143 31763558 1 -0.00128212134654842 31748207 31763558 15351
2 3765 rs4667702 164630062 1 0.00128200587692593 164630062 164638458 8396
2 4534 rs11685977 204969138 2 0.00128067615566417 204969138 204969138 0
2 1811 rs1365475 64559621 1 0.00127875115373128 64559621 64559621 0
2 665 rs6739502 21527036 1 0.00127721827843748 21518127 21527036 8909
2 774 rs11126918 27438710 3 -0.00127669866346631 27414134 27481652 67518
2 4103 rs10197258 178012446 2 0.00127593019642013 178012446 178048763 36317
2 1339 rs10460535 46088689 1 -0.00127189619671048 46088689 46088689 0
2 4248 rs12620876 185383451 1 -0.00126790628283731 185383451 185390094 6643
2 3988 rs6736756 173240147 3 -0.00126371310668944 173237498 173245780 8282
2 1504 rs2069318 51323895 2 -0.00125683498601061 51311532 51326497 14965
2 2346 rs7564372 85590286 1 0.00125548095238389 85590286 85603064 12778
2 4765 rs7561066 214849860 2 0.00125543938046589 214848645 214880852 32207
2 2991 rs2114601 126440697 2 0.00124446082624759 126411247 126441311 30064
2 4621 rs7566209 207861511 2 -0.00124179777402441 207843712 207874372 30660
2 4018 rs6717268 174254430 2 -0.00124063823801656 174254430 174254430 0
2 2562 rs2241797 105885961 1 0.00123918364171472 105885961 105901179 15218
2 2107 rs10174772 75560096 1 -0.00123723001913471 75541243 75561691 20448
2 2189 rs6735096 78280763 1 -0.00123634206945143 78280763 78287339 6576
2 2923 rs10496579 123099093 1 0.0012299416747714 123092005 123122558 30553
2 2388 rs1258429 88648331 4 -0.00122953717325783 88615224 88648331 33107
2 4793 rs1404772 216210299 1 -0.00122894670703417 216197971 216217639 19668
2 4162 rs10497544 180517350 1 -0.00122238870773659 180515472 180538171 22699
2 651 rs492399 21015763 1 -0.00122031805400178 21015763 21015763 0
2 3104 rs61750360 131688783 2 0.00121820470723351 131680121 131706883 26762
2 2034 rs2004421 71946135 1 -0.00121733419586627 71946135 71958480 12345
2 1845 rs1673459 65810588 1 0.00121348370907215 65810588 65838854 28266
2 4264 rs1016410 186651381 3 -0.00121199476208719 186602952 186674486 71534
2 739 rs2289093 25466888 1 0.00121174274753604 25466888 25482883 15995
2 5054 rs6714466 225791079 1 -0.00120745031834606 225775245 225792835 17590
2 3068 rs2056281 129903894 1 -0.0011994330283008 129881863 129903894 22031
2 3645 rs13028997 157210045 1 -0.00119841714766582 157192613 157214701 22088
2 1673 rs1424627 57396264 3 0.00119585377417145 57385309 57398024 12715
2 5172 rs1226940 230152783 1 -0.00119485652655026 230152783 230152783 0
2 1025 rs13409385 36176752 1 -0.00119033465103777 36176752 36176752 0
2 3750 rs11896390 163944063 1 -0.00118749643426006 163931295 163965160 33865
2 1787 rs10195033 62541900 1 -0.00118720675946278 62541900 62541900 0
2 4118 rs10497482 178805428 3 0.00118459485990126 178697917 178805428 107511
2 3097 rs6708453 131089135 2 0.00117675687660298 131089135 131089135 0
2 3708 rs1546512 160841307 2 0.00117590709592271 160840151 160870601 30450
2 831 rs12714277 29586686 4 -0.00117494508270953 29580466 29586686 6220
2 3902 rs1862069 169933741 2 -0.00117419750570387 169911189 169933741 22552
2 483 rs6431722 15827634 1 -0.00117381209396762 15826700 15827634 934
2 577 rs16985296 18763970 2 -0.00117310028879151 18763970 18778577 14607
2 1516 rs12612083 51753361 1 -0.00117212260618375 51751984 51753361 1377
2 3211 rs7579669 137303302 1 0.00117180966872696 137263270 137304516 41246
2 5468 rs4591363 239895637 1 0.00116837715209389 239890696 239895637 4941
2 4344 rs6704784 192109558 1 0.00116018116819439 192109558 192109558 0
2 1932 rs3732042 68519877 1 0.00115905359550752 68519877 68519877 0
2 4786 rs1980846 215841891 2 0.0011586322522702 215832746 215841891 9145
2 259 rs6708659 7924833 1 0.00115429328226384 7921970 7933809 11839
2 778 rs115018606 27799773 1 -0.00115316788758475 27796526 27860551 64025
2 4408 rs6740409 197098638 1 -0.00115297768786072 197092013 197110296 18283
2 2526 rs2678664 104444273 1 0.0011527794896401 104430410 104461428 31018
2 3156 rs3886664 134519368 2 -0.00114899357909812 134512727 134535495 22768
2 5354 rs6741321 236080409 2 0.00114252963972059 236075756 236085432 9676
2 3550 rs10190546 152934475 1 -0.00113990357546705 152926830 152934475 7645
2 3348 rs7558916 142533719 1 0.00113942111394776 142530120 142533965 3845
2 5223 rs3106075 231825834 1 0.00113877852711256 231818806 231825834 7028
2 541 rs2680827 17773524 2 0.00113658193131028 17770095 17778129 8034
2 2516 rs6735786 103770238 1 0.0011351174165863 103770238 103770238 0
2 899 rs13028669 31483890 1 -0.00113171294230562 31483890 31488965 5075
2 3006 rs13431384 127310661 1 -0.0011289381670555 127310661 127310661 0
2 2731 rs2241975 113984503 1 0.00111927286403683 113967990 113993344 25354
2 3405 rs4563167 145334304 1 0.00111255890895487 145316407 145339520 23113
2 2495 rs12712127 102726661 1 -0.00110577934978106 102723017 102730307 7290
2 2920 rs1079949 122955771 2 0.00109789524059014 122953533 122970146 16613
2 4829 rs4674093 217428055 1 0.00109627103002831 217428055 217428055 0
2 4700 rs10804187 211897179 2 -0.00109358969201304 211895267 211897179 1912
2 3499 rs12616417 150688553 2 0.00109357572539108 150683374 150706151 22777
2 4545 rs6708542 205256040 1 0.00109285871648828 205256040 205293339 37299
2 3038 rs61748909 128393390 1 0.00109179871766912 128387937 128393390 5453
2 469 rs1996540 15076201 1 0.00108234988357902 15059183 15076201 17018
2 4112 rs3770019 178544417 1 0.00107530585091617 178540293 178545934 5641
2 4655 rs6722000 209075957 1 0.00107349576081345 209074635 209075957 1322
2 2165 rs12151596 77581832 1 0.0010718341427086 77581832 77581832 0
2 822 rs10194138 29444656 1 -0.00107173668371577 29434339 29445458 11119
2 2918 rs10496575 122718954 1 -0.0010659601558016 122656947 122718954 62007
2 1610 rs6715538 54847934 2 -0.00106482174285682 54811917 54847934 36017
2 1183 rs12988568 41226427 1 0.00106333617164464 41213201 41230298 17097
2 3326 rs654180 142008500 2 -0.00106259870497438 141997870 142008500 10630
2 4685 rs1396829 211189875 1 0.00105960803393865 211186894 211189875 2981
2 4400 rs7558133 196690146 1 -0.00104592223332497 196659551 196694902 35351
2 928 rs150719 33169809 1 -0.00103968774544549 33163650 33173552 9902
2 3528 rs12478577 151983954 1 -0.00103945253872781 151946149 151984277 38128
2 550 rs13403883 18149931 2 0.0010208382310834 18147893 18159769 11876
2 3160 rs11691129 134594110 1 -0.00101969041276972 134594110 134604616 10506
2 3965 rs3795998 172338194 2 0.00101421108926556 172338194 172353787 15593
2 2872 rs1437421 120975831 1 0.00101159880046728 120975831 120975831 0
2 4910 rs1477511 220621838 1 0.00100713554434803 220621838 220632013 10175
2 4630 rs11674696 208161788 2 -0.00100419849915817 208161729 208173545 11816
2 4936 rs1517442 221479073 1 -0.00100318481562831 221454938 221490435 35497
2 3559 rs7600624 153282375 1 -0.00100065149502309 153275316 153286715 11399
2 3494 rs4667407 150557846 1 9.97113382325686e-4 150548274 150572567 24293
2 128 rs12463627 3820193 2 -9.93815481456382e-4 3817635 3830906 13271
2 4429 rs6749611 198102423 1 9.913079477348516e-4 198087907 198102423 14516
2 2168 rs4145833 77670072 1 -9.904777731710884e-4 77670072 77670072 0
2 361 rs16857004 11144390 1 -9.879320526909592e-4 11144390 11144390 0
2 4749 rs4450544 213756968 2 9.851563710595644e-4 213728381 213759117 30736
2 2251 rs518046 80199239 1 -9.8429170451596e-4 80199239 80199239 0
2 2315 rs4832367 84228877 1 9.81970860866636e-4 84195984 84251001 55017
2 3418 rs13398905 145983262 2 9.810723117416665e-4 145983262 145984088 826
2 5273 rs4973063 233926201 1 9.779288181301555e-4 233926201 233928776 2575
2 3419 rs2381710 146035130 1 9.768953001418996e-4 146035130 146035130 0
2 5254 rs2139026 233264910 2 9.68677086295466e-4 233243586 233264910 21324
2 4198 rs1449263 182319301 2 9.673460325448466e-4 182308352 182319301 10949
2 884 rs12623781 31112433 1 -9.670296132439112e-4 31112433 31112433 0
2 1765 rs10196947 60984923 1 -9.663472443193548e-4 60972786 61029363 56577
2 3652 rs12620493 157622147 2 9.585179029217704e-4 157598678 157634151 35473
2 2197 rs10865436 78748092 4 9.538799115383916e-4 78737668 78757904 20236
2 3200 rs7575493 136420009 1 9.514087262275484e-4 136393157 136420009 26852
2 1478 rs17508435 50439522 1 -9.477602939915012e-4 50432463 50442276 9813
2 1007 rs7580957 35634511 1 9.412295992188836e-4 35624746 35653722 28976
2 5282 rs2241873 234247924 1 -9.393620820012926e-4 234228946 234247924 18978
2 5377 rs10211191 236838338 1 9.36949047223662e-4 236838338 236838338 0
2 1294 rs6752168 44810215 1 -9.34911421446224e-4 44810215 44865678 55463
2 2117 rs6713572 75768077 1 9.310116759205806e-4 75738954 75768098 29144
2 2747 rs3105495 114976978 1 -9.28630894553407e-4 114976978 114976978 0
2 3201 rs2117511 136462661 1 9.251156340150326e-4 136447707 136462661 14954
2 570 rs10495684 18612096 1 -9.242438173419568e-4 18609404 18618500 9096
2 2800 rs333852 117973154 1 9.195266152440272e-4 117973154 117973154 0
2 3116 rs10496687 133269261 1 -9.185119914928764e-4 133266673 133269261 2588
2 786 rs2279475 28545109 1 9.1346959196006e-4 28545109 28557080 11971
2 1551 rs7601345 52862532 1 -9.114313423258528e-4 52862532 52887354 24822
2 391 rs3856469 12195376 1 -9.099337764554784e-4 12193065 12195376 2311
2 1975 rs10865380 70091246 1 -9.077102460034374e-4 70047644 70091246 43602
2 4661 rs6757684 209383839 2 9.020966336375204e-4 209334978 209383839 48861
2 2439 rs2118280 100746395 1 -9.016637323103012e-4 100746395 100767082 20687
2 1266 rs7571775 43875289 2 8.979682137457288e-4 43870490 43881161 10671
2 917 rs61754241 32819010 1 8.972574381397681e-4 32819010 32819010 0
2 944 rs2305502 33586776 1 -8.967684911855607e-4 33586776 33595197 8421
2 327 rs887958 10394082 1 8.876070738800607e-4 10393038 10394490 1452
2 2954 rs12469604 124678253 1 -8.872484675885032e-4 124670783 124710795 40012
2 4466 rs17445200 200699952 1 8.827044664232664e-4 200677625 200699952 22327
2 691 rs3738876 23102550 1 8.804132235259894e-4 23102550 23106030 3480
2 1940 rs7563017 68728483 2 8.757677247546519e-4 68694255 68811427 117172
2 2008 rs17006471 71068623 1 8.725209330016747e-4 71063942 71068623 4681
2 2288 rs10496262 81751124 1 -8.725058609488948e-4 81704934 81800785 95851
2 598 rs824498 19671234 1 -8.711970069713243e-4 19671234 19675939 4705
2 4899 rs2276635 220087441 2 -8.677476681498699e-4 220087441 220117458 30017
2 1805 rs7604693 64349202 1 8.64425417332854e-4 64321823 64350414 28591
2 4877 rs6753621 218810908 2 -8.62194382532909e-4 218810908 218811135 227
2 1771 rs1729662 61391305 1 8.60571088030339e-4 61391305 61473148 81843
2 1527 rs7590117 52051069 1 -8.60203182667894e-4 52047505 52051069 3564
2 5275 rs7608422 233950732 2 8.59026872606416e-4 233949255 233950732 1477
2 1526 rs6733295 52040189 2 -8.588626990472726e-4 52034035 52043674 9639
2 3843 rs3749005 168115325 1 -8.58705422245312e-4 168075621 168127837 52216
2 798 rs7589034 28760914 1 8.575975941136571e-4 28760914 28763374 2460
2 2811 rs10211133 118496598 1 8.567061563436176e-4 118477333 118496598 19265
2 5514 rs11686460 240851523 1 -8.548886755285867e-4 240851523 240851523 0
2 5146 rs16824642 229183017 1 -8.543016347072954e-4 229183017 229211957 28940
2 1829 rs6754629 65142110 1 -8.542446187974242e-4 65141149 65142754 1605
2 2416 rs7598069 98761391 4 -8.534862464788188e-4 98758847 98763159 4312
2 1593 rs10490469 53989984 1 -8.524595458011408e-4 53989244 53996077 6833
2 2546 rs1517862 105300588 1 8.487858016175843e-4 105296110 105300588 4478
2 1879 rs10201517 66953286 1 8.464970513732288e-4 66953286 66953286 0
2 4540 rs759881 205129576 1 8.439882162054877e-4 205129576 205140805 11229
2 3918 rs28763868 170367099 3 -8.435919507933643e-4 170336811 170368798 31987
2 1914 rs17034325 67990407 1 8.426495265366688e-4 67990407 68003733 13326
2 4960 rs9288570 222378994 1 -8.421509315336615e-4 222374423 222378994 4571
2 5077 rs2037286 226835324 1 -8.414957608194572e-4 226835324 226855807 20483
2 4147 rs3731739 179970037 1 -8.404738765324952e-4 179970037 180006052 36015
2 4618 rs1377390 207755367 1 8.396254106777341e-4 207740653 207768601 27948
2 1328 rs483404 45929628 1 8.396029856981926e-4 45929628 45932849 3221
2 2430 rs80072814 99554388 1 -8.330270122829905e-4 99554388 99577827 23439
2 5409 rs1435846 237848512 1 8.30753833701384e-4 237843486 237848512 5026
2 764 rs752472 26873672 1 8.290223102103937e-4 26873672 26873672 0
2 3856 rs1446502 168653425 1 -8.283827411941748e-4 168649399 168659362 9963
2 5441 rs4663795 238733016 1 8.267387092274197e-4 238731931 238746880 14949
2 4309 rs6717231 189896170 2 8.224179215872812e-4 189884587 189940142 55555
2 2 rs437409 142137 1 8.212993699847862e-4 130357 170616 40259
2 4629 rs918193 208150499 1 8.161291639655489e-4 208133793 208150499 16706
2 2037 rs2419777 72022087 1 -8.146987160648789e-4 72022087 72022087 0
2 2916 rs4848730 122616990 1 8.144896778147939e-4 122608702 122620193 11491
2 2299 rs17022041 82843078 1 8.141450804760328e-4 82751810 82859580 107770
2 3706 rs2666986 160742771 1 8.092307547011429e-4 160738677 160743793 5116
2 1368 rs1376405 46768543 1 8.075713177386456e-4 46758746 46768543 9797
2 2369 rs1863063 86518249 1 -8.068370525775414e-4 86505327 86534520 29193
2 5107 rs11694554 228085517 2 -8.051328687529699e-4 228078708 228087689 8981
2 737 rs3731631 25359422 2 -8.015735830896552e-4 25342914 25378372 35458
2 4040 rs16862445 175026805 3 -8.011822677826927e-4 175017714 175045794 28080
2 5155 rs6726331 229609201 3 8.009935968534701e-4 229601195 229616236 15041
2 5196 rs11687292 231099204 1 -8.004872737217608e-4 231099170 231111422 12252
2 1923 rs6704741 68149455 1 7.991805124936396e-4 68149455 68149455 0
2 2310 rs9631074 83741398 1 -7.960049490020459e-4 83741398 83741398 0
2 3860 rs10930295 168749667 1 7.951487688276483e-4 168749667 168761499 11832
2 1998 rs11893633 70909820 1 -7.938570472745095e-4 70901699 70909820 8121
2 3449 rs16827083 147933935 2 -7.87919198196837e-4 147890980 147946882 55902
2 5494 rs7570018 240502117 1 7.814663129219239e-4 240502117 240502117 0
2 4595 rs4673340 206806002 1 -7.780760674962154e-4 206806002 206806002 0
2 37 rs4467306 1154664 1 7.778852045421271e-4 1143477 1154664 11187
2 4259 rs13018827 186062357 3 -7.7716901597406e-4 186044627 186088401 43774
2 4738 rs17347606 213226977 1 7.759674991513309e-4 213226544 213236480 9936
2 2241 rs7600078 80084011 2 -7.749445673951659e-4 80081182 80084011 2829
2 1287 rs4952710 44524575 1 7.747246314419475e-4 44519142 44524575 5433
2 4479 rs13019534 201349631 1 -7.735737623411666e-4 201349631 201349631 0
2 3772 rs12988898 164980577 1 7.727828493400075e-4 164962632 165004476 41844
2 1654 rs12612590 56461082 1 -7.714777677371085e-4 56440166 56461082 20916
2 3077 rs2406820 130208064 1 -7.679358157147144e-4 130197500 130208064 10564
2 627 rs11692531 20372414 1 7.666282055235013e-4 20356944 20372414 15470
2 3685 rs967381 159623246 1 7.649234719890742e-4 159613322 159623246 9924
2 1769 rs13003464 61186829 3 7.619584627512187e-4 61184651 61224259 39608
2 266 rs1364058 8149627 1 -7.550474308471638e-4 8149627 8149627 0
2 4947 rs12614837 221932506 3 7.549740623117403e-4 221927852 221948730 20878
2 3959 rs1045327 171849612 2 7.548652616528334e-4 171822576 171930818 108242
2 3555 rs12478426 153219178 3 -7.426486629722999e-4 153208493 153225799 17306
2 4046 rs41270195 175289259 3 -7.417607642792115e-4 175262678 175292364 29686
2 3054 rs705071 129316382 2 -7.407597435021786e-4 129316382 129326003 9621
2 801 rs12993525 28818931 1 7.390876077979733e-4 28818931 28818931 0
2 3164 rs873971 134714647 2 7.37296771912307e-4 134714647 134719933 5286
2 4263 rs6753011 186444443 1 7.371595249783127e-4 186444443 186531835 87392
2 3824 rs4303728 167056428 1 7.363762831605926e-4 167046309 167059895 13586
2 2535 rs2376158 104954640 1 7.3448054698401e-4 104954640 104954640 0
2 680 rs6544021 22753225 2 -7.344733982320877e-4 22735551 22753225 17674
2 1022 rs11885738 36087642 3 -7.295263981147818e-4 36082275 36104933 22658
2 1276 rs10084473 44232411 1 7.293534450752025e-4 44228398 44237874 9476
2 3725 rs1404358 161746542 3 7.221958694820656e-4 161746542 161768312 21770
2 2025 rs34999029 71740897 1 7.2031268614172e-4 71740897 71740897 0
2 3354 rs7597320 142776441 3 7.183231988199861e-4 142776441 142788546 12105
2 5240 rs4973459 232490484 1 -7.156118791865149e-4 232490484 232490484 0
2 4620 rs1453169 207824650 1 7.124053447854448e-4 207820276 207831954 11678
2 2707 rs6542047 113021811 4 7.11787569325794e-4 113014605 113067622 53017
2 3437 rs2381911 147024137 1 7.105009274174443e-4 147013450 147024137 10687
2 1651 rs10490394 56373236 1 -7.036197385326365e-4 56363377 56374910 11533
2 1867 rs2971848 66417209 1 7.023241521275822e-4 66417209 66430063 12854
2 3279 rs7570546 140261700 1 -7.020522418067258e-4 140250506 140287352 36846
2 3303 rs10496845 141288260 1 7.013866529354364e-4 141288260 141310721 22461
2 3868 rs3769408 168993929 3 -6.996720570401838e-4 168993929 169005378 11449
2 2752 rs6761461 115249736 1 -6.991621262328392e-4 115248223 115255344 7121
2 2339 rs6547597 85389685 1 -6.986917544433346e-4 85389685 85389685 0
2 2733 rs4849195 114057929 1 6.986477136922525e-4 114050116 114062391 12275
2 3591 rs1940268 154436735 1 6.947236594358577e-4 154436676 154479664 42988
2 1186 rs13411627 41327766 1 6.927974032727081e-4 41327766 41330027 2261
2 1026 rs10211245 36186184 1 6.901658077268132e-4 36186184 36190919 4735
2 2903 rs2250092 121992921 1 6.8855019215639e-4 121981608 121992921 11313
2 4136 rs13419085 179702437 1 -6.86844149016653e-4 179698596 179702437 3841
2 4411 rs2305566 197172538 1 6.852282647239995e-4 197169190 197175948 6758
2 4795 rs6707530 216240584 1 -6.834351382808647e-4 216240584 216243650 3066
2 991 rs6756796 35008853 2 6.8326814637247e-4 35005992 35019687 13695
2 1936 rs6725743 68622990 1 6.814265646594863e-4 68607947 68631888 23941
2 4050 rs4356633 175550678 2 6.783187209353546e-4 175513995 175550678 36683
2 2964 rs6758687 125067269 1 6.748269209893348e-4 125066751 125067269 518
2 1926 rs4671863 68190624 1 -6.745373206335101e-4 68190624 68210872 20248
2 5057 rs448375 225929498 2 6.708252283968423e-4 225916238 225938996 22758
2 4819 rs207844 217105695 1 6.69468161134883e-4 217103149 217127309 24160
2 1503 rs2287232 51258416 1 -6.692806581255847e-4 51226834 51303910 77076
2 4481 rs13026134 201444441 1 6.682950771193694e-4 201391491 201475157 83666
2 1274 rs12712902 44189487 1 6.682646034372484e-4 44145374 44189630 44256
2 1739 rs4672333 60191297 2 6.667126432701721e-4 60178342 60215475 37133
2 4487 rs2348125 201616390 2 -6.650369133723573e-4 201606722 201616442 9720
2 3122 rs1367393 133474892 1 -6.632577638451263e-4 133474892 133474892 0
2 1965 rs6546497 69527166 1 -6.587359667079833e-4 69527166 69527166 0
2 4193 rs4233796 182088349 1 6.568188725447905e-4 182088349 182088349 0
2 2262 rs13416818 80453570 1 -6.546060355761276e-4 80453570 80470464 16894
2 3308 rs16844450 141426726 1 6.536647198429737e-4 141423316 141426726 3410
2 1111 rs10175994 38450573 1 -6.521317941201182e-4 38445779 38450573 4794
2 3638 rs1405869 156869592 1 -6.493483981092348e-4 156866619 156877890 11271
2 1121 rs7563859 38740703 1 -6.472102005388546e-4 38736090 38743881 7791
2 3710 rs6740901 160893796 1 6.471065694073021e-4 160885872 160893796 7924
2 4821 rs6739597 217173897 1 -6.467427577903776e-4 217160363 217173897 13534
2 2668 rs10190545 109829714 2 -6.459757737657492e-4 109829714 109859519 29805
2 1477 rs10495982 50424877 1 6.409078853404618e-4 50396135 50424877 28742
2 3428 rs2381757 146422643 1 -6.386548572844215e-4 146422643 146426796 4153
2 2696 rs12328538 112411416 2 -6.376768590481142e-4 112395534 112411416 15882
2 3238 rs7609502 138159329 1 6.360828328454418e-4 138135771 138167717 31946
2 4814 rs4674039 216794024 1 -6.330008995104449e-4 216783409 216795091 11682
2 5291 rs4663335 234689090 2 -6.322286149032925e-4 234685264 234698790 13526
2 846 rs3922423 30048149 2 -6.27647462988536e-4 30048149 30057570 9421
2 4716 rs17406681 212403387 1 -6.250218182954565e-4 212403387 212407077 3690
2 4482 rs17533238 201501431 2 -6.226216739749319e-4 201501431 201505269 3838
2 3149 rs16826351 134303747 1 6.213167469998822e-4 134287762 134311713 23951
2 4168 rs16867120 180826451 1 6.198465679061271e-4 180783672 180830958 47286
2 3132 rs16843961 133700371 1 6.17059345314641e-4 133700371 133708257 7886
2 1261 rs7605661 43625078 1 -6.162640782628171e-4 43616008 43632476 16468
2 2295 rs10167584 82331873 1 6.147158026079677e-4 82292908 82331873 38965
2 2185 rs6719192 78124975 1 6.103655893865546e-4 78120305 78124975 4670
2 3152 rs1653794 134369949 1 -6.094180513975982e-4 134369367 134393846 24479
2 2770 rs2421100 116130709 1 6.092887847565229e-4 116086464 116130709 44245
2 3291 rs9646667 140806642 1 -6.08712267308192e-4 140768891 140819890 50999
2 5378 rs6717245 236872445 1 -6.081578724472764e-4 236872445 236898903 26458
2 4273 rs1451556 187714262 1 6.078211996632928e-4 187704866 187714262 9396
2 858 rs4334534 30423512 1 -6.070370062260408e-4 30423512 30423512 0
2 4222 rs17265531 183469248 2 6.069542017943315e-4 183465070 183498471 33401
2 2652 rs5008103 109000112 1 6.047876593487055e-4 108995325 109012055 16730
2 4053 rs6708544 175604194 1 6.043031998070435e-4 175598518 175604194 5676
2 1394 rs815804 47382342 1 6.032156847843239e-4 47378611 47387187 8576
2 3828 rs17766561 167218821 2 -5.989836152191009e-4 167218821 167235607 16786
2 885 rs4952192 31122598 1 5.989355347851289e-4 31118058 31122598 4540
2 123 rs1965732 3709108 1 -5.987548595038621e-4 3706812 3709108 2296
2 1906 rs6546315 67800520 1 5.984543934568768e-4 67780749 67800520 19771
2 4205 rs10175898 182603382 1 5.981060082723012e-4 182581492 182603382 21890
2 495 rs12613665 15975615 1 5.936501597527617e-4 15975615 15975615 0
2 4104 rs13001694 178118990 1 -5.925416428661027e-4 178113484 178118990 5506
2 3155 rs1992784 134491266 1 5.916661541115143e-4 134473174 134507165 33991
2 5558 rs10933532 242079553 1 -5.912899988799242e-4 242077496 242088921 11425
2 340 rs12613865 10682449 1 -5.884858819483202e-4 10682449 10682449 0
2 4052 rs12611955 175591073 1 -5.864022815887297e-4 175591073 175591073 0
2 34 rs4971439 1092195 1 5.835049147033941e-4 1092195 1092195 0
2 2169 rs17014128 77689016 1 -5.815783682273232e-4 77689016 77689016 0
2 225 rs1563613 6723895 1 -5.809175410855596e-4 6723895 6773920 50025
2 1660 rs17268785 56592083 1 -5.774229372883133e-4 56580537 56593901 13364
2 967 rs1559644 34195228 2 -5.753716340655581e-4 34175977 34195228 19251
2 4208 rs12621807 182856074 1 -5.70912396338055e-4 182852282 182856074 3792
2 947 rs604394 33657837 1 5.706286598841393e-4 33657837 33657837 0
2 1450 rs843840 49650145 1 -5.701854545893309e-4 49642896 49650145 7249
2 401 rs13006430 12361633 2 5.696504646825016e-4 12361633 12366781 5148
2 3737 rs4420712 162952349 3 5.660759299892099e-4 162952349 162959748 7399
2 2942 rs17039820 123825356 3 5.653393752746129e-4 123818296 123857742 39446
2 3170 rs13410504 134837980 1 5.634906487327264e-4 134837980 134837980 0
2 1508 rs10490152 51451120 2 5.595448182060084e-4 51451120 51492867 41747
2 1485 rs10181522 50640323 1 5.549866332641203e-4 50627268 50640323 13055
2 530 rs1515966 17216459 1 -5.543523266360572e-4 17209850 17225905 16055
2 3074 rs837868 130082114 2 5.54158375608166e-4 130082114 130088717 6603
2 4668 rs871396 209784089 1 -5.54115560580478e-4 209784089 209813987 29898
2 3976 rs1982288 172821739 2 -5.534242044165087e-4 172815510 172869185 53675
2 3148 rs16826052 134271376 1 5.527706732069105e-4 134271376 134282346 10970
2 754 rs79413730 26534872 1 5.519512937271699e-4 26532443 26536727 4284
2 297 rs4627537 9459406 1 -5.513310999024459e-4 9422526 9459986 37460
2 1043 rs12465282 36619764 1 5.47468869571996e-4 36614307 36621057 6750
2 3691 rs264590 159975153 2 5.459327456583707e-4 159957945 159975153 17208
2 5452 rs579861 239348995 1 5.453431895769032e-4 239348995 239369790 20795
2 1542 rs3111857 52564254 1 5.448976065949294e-4 52552297 52573117 20820
2 3835 rs2390487 167660965 3 -5.439771349116775e-4 167650494 167671649 21155
2 4930 rs13386574 221204273 1 -5.425100366680414e-4 221197071 221212147 15076
2 1319 rs6755279 45536858 1 -5.4234610575019e-4 45536858 45543090 6232
2 3950 rs1990606 171500624 1 -5.402995413185095e-4 171500624 171500624 0
2 1555 rs2123978 52949987 1 -5.380760138762443e-4 52944722 52957024 12302
2 1037 rs2552007 36480049 1 5.377426073839935e-4 36478634 36480359 1725
2 1150 rs1990590 40231282 1 -5.373028378770423e-4 40229797 40246716 16919
2 3249 rs6430755 138644649 2 5.371888870204324e-4 138624319 138655271 30952
2 5042 rs61732371 225244352 1 -5.370471397289286e-4 225229888 225245151 15263
2 478 rs10179288 15310820 1 5.349913287156694e-4 15310820 15342428 31608
2 1902 rs1552357 67712269 1 -5.336376128809413e-4 67705080 67712269 7189
2 2436 rs4850915 100462110 2 5.331981805537433e-4 100377321 100462110 84789
2 1834 rs2302631 65331659 1 5.298058977549504e-4 65311031 65371112 60081
2 2972 rs10185849 125309093 1 -5.282313819246788e-4 125303280 125314987 11707
2 1847 rs13397571 65895471 1 5.217779395701222e-4 65892430 65904304 11874
2 707 rs1561322 23602298 1 -5.20973865537981e-4 23584807 23602298 17491
2 3929 rs10497352 170955771 2 5.193516750394614e-4 170947923 170955771 7848
2 995 rs280734 35104389 1 -5.179621024019107e-4 35104389 35115979 11590
2 2753 rs1346763 115272713 1 5.170833173365145e-4 115272561 115280624 8063
2 3368 rs11897421 143320815 1 -5.156381346437148e-4 143320073 143322761 2688
2 3301 rs34488772 141242918 1 5.14375150610377e-4 141237995 141242918 4923
2 2986 rs9308661 126193494 1 5.133640727046489e-4 126159556 126202287 42731
2 3927 rs16857407 170863471 1 -5.111278730174763e-4 170768215 170866411 98196
2 3327 rs300400 142024997 1 -5.090672274802188e-4 142010268 142032648 22380
2 4619 rs6759178 207789394 2 -5.083164426519744e-4 207789394 207802116 12722
2 1473 rs1895130 50259939 1 5.080852865088377e-4 50245829 50262230 16401
2 3876 rs2123194 169204903 1 5.069988650616206e-4 169199695 169205599 5904
2 3596 rs11889857 154605760 2 -5.069239980072329e-4 154605760 154623397 17637
2 5041 rs2042086 225222900 1 5.0432220200534e-4 225207978 225224042 16064
2 1033 rs12614272 36386902 1 5.036170039476012e-4 36374519 36392700 18181
2 4417 rs6728749 197322628 1 5.035212758844845e-4 197315114 197324870 9756
2 5337 rs13008181 235680447 1 -5.002566628721877e-4 235680447 235680447 0
2 4160 rs1515274 180492632 1 -4.992872866477753e-4 180480377 180492632 12255
2 1608 rs4129261 54706092 1 -4.980479292092062e-4 54703979 54714119 10140
2 3678 rs2193700 159266933 2 4.980427363071106e-4 159237284 159271306 34022
2 1675 rs7572947 57521838 2 4.95590340632456e-4 57483669 57547114 63445
2 1052 rs848642 36782886 1 -4.954812297375304e-4 36780952 36791226 10274
2 3431 rs6751558 146592046 1 -4.934009958467093e-4 146584312 146593668 9356
2 1832 rs7563131 65248271 1 4.918743526026809e-4 65246123 65265995 19872
2 5505 rs13014729 240703201 1 -4.903771977571013e-4 240703201 240709496 6295
2 143 rs17019005 4351869 1 4.876473775686747e-4 4325172 4353141 27969
2 5247 rs16828571 232893262 1 -4.858938915023217e-4 232879671 232929252 49581
2 3838 rs869000 167862974 1 -4.802963240886804e-4 167816291 167863420 47129
2 3570 rs16831902 153733371 1 -4.787378624286234e-4 153725785 153735193 9408
2 826 rs4666195 29520455 1 4.74678461187669e-4 29513501 29520455 6954
2 941 rs12468099 33488419 1 -4.7439089847370086e-4 33474645 33497170 22525
2 3032 rs8179521 128150924 1 4.7176671276545114e-4 128006078 128150924 144846
2 2818 rs2161829 118856914 1 -4.709758939547311e-4 118841325 118856914 15589
2 4287 rs1520477 188611039 1 -4.679353593791116e-4 188573244 188611039 37795
2 973 rs17339077 34305524 1 -4.676431448380622e-4 34302743 34305791 3048
2 1375 rs9309137 47011834 1 -4.674894968517174e-4 47011834 47022543 10709
2 354 rs7586618 11031548 1 -4.674091940401107e-4 11031548 11033567 2019
2 5495 rs2028192 240518771 1 4.659088401006749e-4 240517194 240518771 1577
2 5478 rs4852032 240110346 1 -4.6577849744002176e-4 240103967 240110346 6379
2 279 rs7609270 8700207 1 -4.647124384188236e-4 8700207 8700207 0
2 3321 rs2140872 141841860 1 -4.633630635331933e-4 141823300 141841860 18560
2 3296 rs1486969 141043913 1 -4.633080974018448e-4 141032476 141060408 27932
2 542 rs7569749 17879072 1 -4.587641360922357e-4 17834754 17967586 132832
2 813 rs6739684 29247894 1 4.582575408758816e-4 29247894 29251134 3240
2 5027 rs10191694 224857266 1 4.569707431601957e-4 224857266 224857266 0
2 3271 rs10199685 139903008 1 -4.56701363576802e-4 139895553 139908499 12946
2 2746 rs3115327 114954162 1 4.547789563606817e-4 114924533 114954162 29629
2 4252 rs17508767 185535807 1 -4.544824664745041e-4 185535807 185559043 23236
2 807 rs4233731 29161010 1 -4.5440356389618255e-4 29102888 29172991 70103
2 2202 rs961331 78969389 2 4.538486151033364e-4 78914837 79001963 87126
2 1229 rs1390610 42717015 2 4.5372588399117674e-4 42712932 42735172 22240
2 4972 rs10932941 222986114 1 4.5245087098920054e-4 222986114 222986114 0
2 3464 rs10497033 149115432 1 4.520517066896071e-4 149037012 149159339 122327
2 1681 rs1947668 57863670 1 4.4707773947618584e-4 57859236 57863670 4434
2 2125 rs10179871 75938251 1 -4.442934205387664e-4 75877562 75938251 60689
2 2729 rs315957 113901313 1 -4.430876065370869e-4 113899025 113901313 2288
2 974 rs1425021 34313003 1 4.417170642177684e-4 34309555 34313003 3448
2 799 rs7600983 28767050 1 -4.3897257651703185e-4 28767050 28782985 15935
2 2212 rs446861 79277543 1 -4.372444918901792e-4 79277543 79293699 16156
2 3442 rs10928302 147372024 1 4.348058779557046e-4 147372024 147456988 84964
2 2046 rs6546733 72173427 1 4.346929837175961e-4 72173427 72189250 15823
2 646 rs896733 20819316 1 -4.345927421756239e-4 20818286 20823219 4933
2 1839 rs934734 65595586 1 4.340693150734245e-4 65561392 65608909 47517
2 3522 rs1385430 151802790 1 4.336356864867555e-4 151802790 151847222 44432
2 3807 rs2034710 166467351 1 -4.334101292147189e-4 166455078 166487713 32635
2 851 rs10201541 30157544 1 4.321439697240642e-4 30156089 30173444 17355
2 131 rs2034732 3882061 1 4.3167777011442773e-4 3882061 3882061 0
2 5029 rs6436459 224880336 2 -4.300103832172817e-4 224877511 224887340 9829
2 5321 rs9646711 235339940 1 -4.285154754569736e-4 235339940 235339940 0
2 1217 rs6737623 42291485 1 4.28027006398168e-4 42289666 42304417 14751
2 4971 rs4673012 222976013 1 4.264700133176068e-4 222952676 222977078 24402
2 1369 rs1451152 46800150 1 4.253397733998887e-4 46783881 46800150 16269
2 653 rs7569328 21100778 1 4.223840750543142e-4 21100778 21100778 0
2 3025 rs7605172 127797114 1 -4.204926006062602e-4 127792473 127810697 18224
2 1519 rs6715597 51835260 1 -4.202750683669904e-4 51820543 51837560 17017
2 1039 rs726946 36497171 1 4.201487290898368e-4 36493577 36500757 7180
2 4265 rs13025979 186865606 1 -4.2007190186984903e-4 186807268 186865606 58338
2 1209 rs17028820 42057211 1 4.184838911690016e-4 42047856 42075529 27673
2 1976 rs6731423 70173327 1 4.177325895245963e-4 70173327 70173327 0
2 3390 rs938815 144371604 1 4.175692585787936e-4 144371604 144371604 0
2 4133 rs33917087 179634961 2 -4.171757861584671e-4 179611711 179644855 33144
2 781 rs898031 28203294 1 4.171466436369636e-4 28046028 28258142 212114
2 1529 rs6712068 52084316 1 -4.1584492059276474e-4 52084316 52100297 15981
2 2196 rs6726060 78680056 4 -4.157815171323807e-4 78664372 78717961 53589
2 4810 rs4674024 216631366 1 -4.1278254645774786e-4 216631366 216631366 0
2 537 rs6730775 17489489 1 4.1277717414176977e-4 17486497 17518050 31553
2 1962 rs7564412 69431269 1 -4.09821305389694e-4 69431269 69438988 7719
2 2350 rs908307 85673991 2 4.0866978364248273e-4 85672868 85683099 10231
2 1278 rs12613714 44279622 1 4.0579538589635873e-4 44279622 44290437 10815
2 4733 rs1521636 213117976 1 -4.055275229677678e-4 213085093 213120523 35430
2 1905 rs2683681 67747535 2 3.975044545889799e-4 67737672 67760072 22400
2 48 rs11211654 1474131 1 3.957441602517336e-4 1467210 1482940 15730
2 162 rs1869410 5257356 1 3.9535084326364905e-4 5241229 5257356 16127
2 3009 rs6714079 127383914 1 -3.945567646208016e-4 127383914 127387469 3555
2 2372 rs6752371 86793121 1 -3.940660268390332e-4 86649747 86819409 169662
2 854 rs10203090 30275291 1 -3.9280605347225575e-4 30273535 30279480 5945
2 1744 rs6545786 60403018 1 -3.921962867503937e-4 60403018 60403018 0
2 3898 rs486981 169782149 1 3.902849724925682e-4 169779156 169802594 23438
2 4117 rs934803 178690786 1 3.9002181074864535e-4 178685534 178690786 5252
2 5526 rs4854083 241176022 1 3.877202757936619e-4 241175742 241176022 280
2 3687 rs12535 159663616 1 3.867060035115915e-4 159663599 159663616 17
2 1807 rs6734073 64426384 1 3.8639664531223714e-4 64426384 64426384 0
2 1207 rs7599875 42011160 1 3.854000736289769e-4 42011160 42012806 1646
2 2263 rs13385208 80478581 1 -3.8427984712839e-4 80478581 80478581 0
2 3447 rs1020522 147819724 1 3.836194108112533e-4 147812704 147819724 7020
2 1574 rs2161783 53536813 1 -3.818286797936992e-4 53536813 53538638 1825
2 2154 rs10520165 77053916 1 3.8165551532534024e-4 77021226 77053916 32690
2 1944 rs10176108 68970181 1 -3.8089287183056735e-4 68970181 68994498 24317
2 3455 rs7576755 148310480 1 3.8016331362369503e-4 148304568 148311124 6556
2 576 rs74378191 18736630 1 -3.7995054259122856e-4 18736630 18736630 0
2 3707 rs12692575 160770031 1 -3.788901379000787e-4 160770031 160815093 45062
2 433 rs4668809 13685707 1 3.754151130039865e-4 13681063 13685707 4644
2 4332 rs1860173 191701184 1 3.7531171924849586e-4 191660849 191701184 40335
2 1433 rs6545082 49153675 2 3.7528387993153976e-4 49153675 49153675 0
2 2531 rs13404302 104742560 1 -3.71463592530474e-4 104742560 104742560 0
2 2743 rs13016677 114767730 1 -3.681854553326659e-4 114767730 114784936 17206
2 5284 rs6726046 234287221 1 3.679993490537706e-4 234282210 234337940 55730
2 2284 rs4349373 81471682 2 3.6441504171522826e-4 81469658 81523033 53375
2 488 rs1345564 15895707 1 -3.6410391552862194e-4 15893110 15895707 2597
2 5412 rs9287613 237895703 1 -3.616195290056819e-4 237895243 237895703 460
2 3588 rs13430459 154369594 1 3.603019753075347e-4 154348863 154369594 20731
2 4880 rs934036 218869388 2 3.6000217602718187e-4 218869388 218869388 0
2 66 rs11887279 2210909 1 -3.598044814604912e-4 2197239 2210909 13670
2 5099 rs16822696 227675755 1 3.578621800653775e-4 227675755 227757333 81578
2 3702 rs13307 160659996 1 3.5778169527370314e-4 160653720 160673519 19799
2 3582 rs13387164 154144551 1 3.5761388935809146e-4 154143853 154151887 8034
2 4579 rs6724376 206399128 1 -3.5651388395280357e-4 206374024 206399128 25104
2 2432 rs12053519 99875018 1 3.564528379127071e-4 99875018 100058870 183852
2 4347 rs1517848 192350205 1 -3.5624554919550514e-4 192350205 192350205 0
2 4427 rs2697270 197986048 1 -3.5360687743040553e-4 197971732 197998115 26383
2 1383 rs892381 47211273 1 -3.5151151740712505e-4 47204496 47211273 6777
2 3290 rs1997418 140719147 1 3.512910574893055e-4 140714614 140735843 21229
2 3176 rs3748896 134965464 1 3.496166974368164e-4 134965464 134965464 0
2 5202 rs12694859 231254570 2 -3.4763812142502134e-4 231254570 231258450 3880
2 5364 rs10196107 236301786 1 -3.4599226123738805e-4 236300507 236301786 1279
2 4964 rs9678573 222495694 1 3.457251181526938e-4 222495694 222495694 0
2 2866 rs4480991 120350391 2 -3.449944179798283e-4 120343832 120357774 13942
2 5567 rs13004470 242511083 1 3.423125113582188e-4 242511083 242511083 0
2 3396 rs787166 144689662 1 3.418650175287947e-4 144689662 144689662 0
2 5537 rs1317979 241349531 2 -3.415858805119812e-4 241345108 241371065 25957
2 4241 rs1439773 184737282 6 -3.3835583729095514e-4 184734466 184769427 34961
2 4405 rs12052865 197049786 1 3.3720075060267454e-4 197045077 197059471 14394
2 4392 rs6755097 196116079 2 3.3031249585416966e-4 196067526 196116079 48553
2 1239 rs6727142 43091100 1 -3.3005859733034875e-4 43086466 43091550 5084
2 2780 rs1374597 116733337 1 -3.293867413270664e-4 116716621 116733337 16716
2 5389 rs2046284 237238496 1 3.2831132335272363e-4 237233920 237242097 8177
2 4985 rs6739216 223551147 2 -3.264525878811337e-4 223545182 223551147 5965
2 1624 rs10496037 55257677 1 3.2438685410042804e-4 55231841 55265785 33944
2 3996 rs2293645 173366960 1 3.240818501195606e-4 173352103 173378145 26042
2 3078 rs12373608 130222522 2 -3.234843469765657e-4 130216043 130231345 15302
2 3709 rs2667040 160873270 1 -3.2290836335554005e-4 160873270 160879259 5989
2 3867 rs7562413 168979569 3 -3.21792033744742e-4 168969842 168984168 14326
2 5301 rs17868387 234854552 1 -3.209469910659034e-4 234848231 234863788 15557
2 1746 rs7579491 60461671 1 -3.201935128984494e-4 60456933 60461671 4738
2 2080 rs3771726 74501944 1 3.195054875290147e-4 74485896 74503012 17116
2 2291 rs17020744 81992061 1 -3.171610994014113e-4 81978821 82019665 40844
2 3247 rs1446226 138485049 1 -3.1647889890383513e-4 138485049 138492290 7241
2 3490 rs1196678 150342476 1 3.1467415227596563e-4 150342476 150373254 30778
2 1153 rs11688696 40306740 1 -3.126964771816813e-4 40297282 40322900 25618
2 1525 rs7608332 52024350 2 3.1098510859028987e-4 52022010 52024350 2340
2 1174 rs12712696 40809991 1 3.1054375363130416e-4 40805427 40818629 13202
2 4293 rs7579998 188859657 1 3.100482902978937e-4 188857787 188859657 1870
2 1249 rs4953715 43270895 2 3.0998451138844517e-4 43270895 43281211 10316
2 1355 rs281489 46423982 1 -3.089189807107993e-4 46423982 46423982 0
2 3361 rs4297822 142994927 1 3.0744576115816714e-4 142982885 142999394 16509
2 5506 rs1574030 240721728 1 -3.0737956756793084e-4 240711141 240722820 11679
2 1102 rs17022000 38331037 1 3.0652579435697753e-4 38328178 38336730 8552
2 4386 rs16830373 195753257 1 -3.0584182425634086e-4 195753257 195774229 20972
2 2899 rs4488664 121925398 1 3.0502311172238717e-4 121925398 121925398 0
2 2180 rs10175035 78019344 2 3.0270376828913737e-4 78018076 78025576 7500
2 2587 rs6732799 106401954 2 -3.023173981473007e-4 106401954 106420403 18449
2 3415 rs12691704 145822778 1 2.9942611976410195e-4 145798956 145830053 31097
2 3600 rs10221630 154731055 1 2.985881797014994e-4 154731055 154731055 0
2 4012 rs3769154 174098201 1 2.9802379289978675e-4 174094145 174103428 9283
2 3826 rs3924001 167136589 1 2.9799180573583195e-4 167136589 167142590 6001
2 3378 rs617158 143784491 3 2.972359362544376e-4 143783182 143798189 15007
2 3387 rs4563166 144272299 1 2.9675989016360316e-4 144272299 144272299 0
2 4769 rs11887857 215052524 2 2.95596730705722e-4 215041348 215054694 13346
2 4927 rs10932846 221111295 1 2.951771368240997e-4 221110780 221111295 515
2 2650 rs17770853 108945804 1 2.9284166993325607e-4 108945804 108946178 374
2 3667 rs10201181 158717966 1 -2.927641007676368e-4 158717966 158717966 0
2 5252 rs883013 233215403 1 -2.913238891201044e-4 233215403 233215460 57
2 1801 rs10164844 63652403 1 2.913139653120323e-4 63652403 63876872 224469
2 3801 rs13385399 166269095 2 2.8975035607926945e-4 166260790 166278856 18066
2 1791 rs4468797 62663989 3 2.895676625632136e-4 62662704 62666178 3474
2 2623 rs4676099 107640555 2 -2.890764637402533e-4 107614545 107649440 34895
2 1625 rs2920898 55273287 1 -2.8755691156628595e-4 55271875 55277858 5983
2 2751 rs1430090 115210642 1 2.87011118074331e-4 115210642 115217554 6912
2 144 rs6542706 4409558 2 2.8668288185561047e-4 4409558 4409558 0
2 2321 rs11686691 84528756 1 2.8654992425881e-4 84486725 84528756 42031
2 4182 rs991055 181468010 1 2.863087661953414e-4 181449266 181489592 40326
2 5451 rs561264 239329979 1 -2.859646972379343e-4 239318280 239329979 11699
2 4242 rs11883645 184820021 1 -2.8283568548625e-4 184820021 184820021 0
2 1402 rs4422207 47564034 1 2.821971805945549e-4 47564034 47564034 0
2 5363 rs10190128 236287266 1 -2.8205712387713424e-4 236287266 236287266 0
2 4946 rs1025586 221920025 1 -2.811236784870772e-4 221911402 221924429 13027
2 3665 rs1220127 158499868 1 -2.8000653615536193e-4 158499868 158499868 0
2 301 rs6705408 9630231 1 2.779670508334664e-4 9630231 9634856 4625
2 1602 rs843718 54508110 1 2.775975762111845e-4 54508110 54508110 0
2 1051 rs848515 36767257 1 -2.772698251257397e-4 36767257 36776555 9298
2 976 rs4670072 34355651 2 -2.7671478955742346e-4 34341960 34355651 13691
2 5390 rs4663650 237415521 2 -2.761437788756892e-4 237415521 237433532 18011
2 1378 rs9225 47086112 1 -2.7575458256765955e-4 47086006 47095560 9554
2 1119 rs17022754 38692766 1 -2.7482920031815457e-4 38687498 38701231 13733
2 963 rs1718728 34074656 2 2.747254216887013e-4 34074065 34085129 11064
2 5128 rs10188499 228519378 1 2.744175991719881e-4 228519378 228521287 1909
2 1946 rs11677065 69013007 1 2.735862000341222e-4 69013007 69019430 6423
2 4161 rs3112945 180501314 1 -2.735209223263365e-4 180500877 180510494 9617
2 3561 rs11892232 153358329 3 -2.717389613071362e-4 153351829 153366129 14300
2 4670 rs2886188 210000798 1 2.7155570176570727e-4 209963585 210000798 37213
2 4039 rs979052 175004863 1 2.711367485647048e-4 174959554 175004863 45309
2 925 rs17012363 33121494 2 -2.7077482905684335e-4 33101908 33123726 21818
2 945 rs642472 33614187 2 2.672279567910882e-4 33614187 33614187 0
2 4726 rs1402708 212832434 1 -2.6427438336399745e-4 212807645 212841868 34223
2 1384 rs6753628 47217094 1 2.6389455594732624e-4 47217094 47228157 11063
2 1774 rs4378794 61864069 1 -2.6385717364294734e-4 61863427 61874015 10588
2 3171 rs4954106 134840155 1 -2.634656067458354e-4 134840155 134848764 8609
2 4514 rs2049193 203009333 4 -2.623690326423561e-4 202990187 203021290 31103
2 1049 rs3770827 36747912 1 2.613938723769027e-4 36738630 36747912 9282
2 2863 rs6750751 120222696 1 -2.6081905765547796e-4 120217053 120222696 5643
2 3961 rs16859221 172082579 1 2.5870742103651506e-4 172077598 172082579 4981
2 581 rs3890826 18954914 1 2.586414363427328e-4 18943278 18971405 28127
2 594 rs1727198 19479000 1 2.576055616753218e-4 19464727 19483101 18374
2 3416 rs1125128 145837441 1 -2.567347133896261e-4 145837441 145847233 9792
2 2670 rs891415 109942206 1 2.566102637813318e-4 109931911 109942206 10295
2 1680 rs17048978 57835525 1 -2.539465930456124e-4 57793672 57842453 48781
2 326 rs10929646 10385097 1 -2.535730680048676e-4 10385097 10385097 0
2 2313 rs2218792 84001716 1 2.506717909658452e-4 83948943 84040839 91896
2 731 rs4665730 25055774 2 -2.474083288249601e-4 25044957 25064193 19236
2 2142 rs6547078 76588942 1 -2.469984065072524e-4 76580601 76606564 25963
2 4064 rs17585824 176528033 1 2.4527457173454797e-4 176505213 176549467 44254
2 3 rs384526 193882 1 2.4399185955672125e-4 193882 193882 0
2 4852 rs4674141 218167851 1 -2.409614968347185e-4 218167851 218175472 7621
2 810 rs4666159 29211231 1 -2.4083233214192303e-4 29211231 29220027 8796
2 5502 rs11124222 240654444 1 2.3977473943863245e-4 240654444 240654444 0
2 5484 rs843462 240318755 1 2.39202883247881e-4 240318755 240318755 0
2 1167 rs12615002 40621387 1 -2.3914275694757745e-4 40621387 40621387 0
2 3627 rs10180851 156436247 1 2.3847943032335737e-4 156434090 156436247 2157
2 5026 rs6754561 224839696 1 -2.379419400988665e-4 224839696 224847806 8110
2 3602 rs6739800 154817783 1 2.3702259911363477e-4 154779177 154817783 38606
2 4705 rs13007747 212165522 1 -2.3494083210227583e-4 212137884 212168190 30306
2 1413 rs4583515 48177487 1 2.3464947319211263e-4 48174199 48179497 5298
2 4381 rs72911973 195419600 1 2.3408561333796945e-4 195381344 195425486 44142
2 2269 rs10496243 80691418 2 2.33039390775862e-4 80685229 80702160 16931
2 2815 rs13432259 118645076 1 2.3292736654640915e-4 118645076 118645076 0
2 2558 rs9653475 105799763 1 -2.3140798567273136e-4 105797662 105799763 2101
2 2238 rs7592956 79992038 1 2.2932190304360023e-4 79982689 79992038 9349
2 2087 rs642247 75041874 3 2.292378254878046e-4 75041874 75047206 5332
2 2703 rs6748256 112803874 1 2.2875368308167304e-4 112790562 112816047 25485
2 4649 rs6750890 209011014 1 2.265797842005873e-4 209011014 209011014 0
2 4204 rs2950650 182565643 1 2.265175984180055e-4 182553659 182572502 18843
2 1260 rs11693801 43590329 1 2.2535726300166423e-4 43578419 43611459 33040
2 744 rs17745923 25643944 1 2.2281446433766584e-4 25643944 25649176 5232
2 2622 rs17033552 107554490 1 2.198069407877948e-4 107554490 107554490 0
2 4296 rs11886097 188962426 2 2.194701210535319e-4 188923773 188965391 41618
2 4741 rs7568763 213351973 1 -2.1914667252961713e-4 213336689 213351973 15284
2 2205 rs1357205 79095582 4 -2.1901535595598209e-4 79095582 79116618 21036
2 2600 rs1647695 106644662 2 -2.184917618983372e-4 106644662 106650081 5419
2 772 rs4665947 27348029 1 2.1728951612463477e-4 27348029 27351279 3250
2 4893 rs12613545 219623504 1 2.17247731893056e-4 219541056 219623504 82448
2 3969 rs7585194 172412616 1 2.151356886468876e-4 172409721 172419265 9544
2 3993 rs10207654 173307756 1 2.141123801663336e-4 173305731 173317864 12133
2 569 rs2345835 18574952 1 2.1365792913336125e-4 18574952 18574952 0
2 625 rs6531209 20334723 1 2.127704759250745e-4 20334723 20340155 5432
2 2415 rs6543280 98701043 2 2.1262517469981595e-4 98696966 98736225 39259
2 2974 rs13008208 125335411 2 2.1076761331822932e-4 125331126 125335411 4285
2 1687 rs2678919 58124359 1 -2.0977418865437237e-4 58101921 58163178 61257
2 2656 rs12712027 109507073 1 -2.0960280389633996e-4 109491020 109514464 23444
2 3315 rs1864277 141656433 1 2.0952859659996776e-4 141655736 141659527 3791
2 2946 rs1356669 124088863 2 -2.0728657185594256e-4 124049457 124088863 39406
2 4072 rs2121392 176729305 1 2.055233502627379e-4 176729305 176732191 2886
2 4563 rs7557452 205926400 2 -2.048102966124729e-4 205889646 205926400 36754
2 804 rs7586033 28892960 1 2.039851013128461e-4 28866867 28892960 26093
2 4541 rs7603542 205177698 2 2.033990820026253e-4 205166492 205177698 11206
2 4292 rs12999094 188838592 1 2.0328870017867593e-4 188814444 188838592 24148
2 889 rs1862969 31236916 1 -2.0188705150640243e-4 31232116 31238524 6408
2 4106 rs6720934 178179022 1 2.005230324422259e-4 178151626 178206841 55215
2 4025 rs1465874 174478911 1 -1.9944635011695e-4 174478729 174479004 275
2 1619 rs4671988 55117853 1 -1.981665441989872e-4 55117853 55127601 9748
2 1621 rs733916 55155551 1 1.9772936475313747e-4 55155551 55167820 12269
2 4909 rs678134 220580548 1 -1.969011115524227e-4 220564035 220590633 26598
2 988 rs13404871 34914569 2 1.964639457237412e-4 34905328 34915314 9986
2 4571 rs6737756 206118866 1 -1.9575544045495944e-4 206118484 206125313 6829
2 5153 rs6752685 229478347 1 -1.9568807796710888e-4 229478347 229481486 3139
2 817 rs75276619 29295186 2 -1.9394961631324632e-4 29295186 29295866 680
2 3523 rs7598311 151870187 1 -1.9394070039140677e-4 151867138 151878133 10995
2 3411 rs1438897 145674958 1 -1.936169079558294e-4 145674958 145704055 29097
2 3764 rs1031736 164614897 1 -1.9302278664438824e-4 164614897 164614897 0
2 1129 rs1010859 39102528 1 -1.874115529394138e-4 39082344 39135927 53583
2 3473 rs6710001 149816918 1 -1.871604143375612e-4 149673362 149816918 143556
2 1205 rs4952374 41997648 1 -1.8430099803815655e-4 41996612 41998764 2152
2 4191 rs3792220 181927195 2 1.8404402730338868e-4 181878770 181967075 88305
2 5336 rs11903546 235670805 1 -1.837688564205407e-4 235670433 235674274 3841
2 82 rs908355 2554399 2 -1.829705130551767e-4 2554399 2554399 0
2 610 rs11096616 19950959 2 -1.8205497167137388e-4 19948614 19950959 2345
2 3456 rs13413754 148328907 2 1.8202101717794425e-4 148321813 148331368 9555
2 4227 rs3791246 183900752 2 -1.818923282880451e-4 183780408 183900752 120344
2 1657 rs214041 56503029 1 -1.8126657129009213e-4 56503029 56503029 0
2 2365 rs10173155 86253581 2 -1.7910162425962815e-4 86184486 86263288 78802
2 957 rs17338665 33947012 4 -1.7894480653672846e-4 33939941 33948748 8807
2 3800 rs4480996 166207761 1 1.786503847212687e-4 166207761 166250129 42368
2 4383 rs13401865 195525824 1 1.774714999942407e-4 195484228 195526300 42072
2 1605 rs7565034 54646852 1 1.7737908081568848e-4 54646852 54653111 6259
2 5248 rs7571816 233077064 1 -1.768616575221911e-4 233077064 233077064 0
2 2158 rs1446693 77262967 1 1.7673757015788816e-4 77262967 77284790 21823
2 453 rs1829065 14528016 1 -1.757797130552028e-4 14525844 14528945 3101
2 5192 rs6436917 231038160 1 -1.7572195670958104e-4 231035575 231038910 3335
2 2955 rs1439131 124785753 1 -1.7401409447405472e-4 124785753 124785753 0
2 3498 rs2058686 150656433 1 1.7384779554174463e-4 150625294 150675936 50642
2 3830 rs13417885 167321931 1 -1.7182093593201553e-4 167279922 167345058 65136
2 4093 rs7566988 177579054 1 -1.7167089343974405e-4 177576731 177579054 2323
2 3943 rs17498117 171302916 1 -1.715706129187904e-4 171301387 171303727 2340
2 1885 rs1362477 67141322 1 1.7081494575763468e-4 67121517 67150881 29364
2 694 rs17321693 23182078 1 -1.704130496231982e-4 23182078 23182561 483
2 5414 rs10172321 238065463 1 1.701159205320792e-4 238065463 238089055 23592
2 5074 rs974412 226636274 1 1.6839107009903185e-4 226629084 226661758 32674
2 4501 rs11300 202565570 1 1.6769318890689355e-4 202561571 202594197 32626
2 3412 rs1438898 145714354 1 1.6650555589556076e-4 145714354 145745530 31176
2 1324 rs7558188 45775021 1 -1.6635957100185077e-4 45765157 45784416 19259
2 958 rs13387317 33959349 1 1.6523678454738894e-4 33959349 33977878 18529
2 3618 rs2591164 155610205 1 -1.647540810449206e-4 155607966 155619314 11348
2 4883 rs934045 218906988 1 -1.647177443468623e-4 218903880 218928644 24764
2 2861 rs6542524 120104458 1 1.63975545460828e-4 120096939 120141153 44214
2 2351 rs7577642 85699750 1 -1.638746941633876e-4 85699750 85703308 3558
2 1904 rs10170407 67725604 1 1.6377172114278302e-4 67718290 67729255 10965
2 4231 rs4274569 184139076 1 -1.6367209220312506e-4 184134742 184139076 4334
2 2473 rs1192779 101789124 1 -1.626512462531988e-4 101789124 101816249 27125
2 3763 rs1531360 164581991 1 1.6225415510858957e-4 164543036 164581991 38955
2 4990 rs959327 223610799 2 -1.6202861411754332e-4 223610799 223610799 0
2 5415 rs4490127 238143803 2 1.608682775618567e-4 238143803 238146188 2385
2 908 rs2224310 31742467 1 -1.5639403289404292e-4 31671769 31742467 70698
2 5330 rs1526117 235549882 1 -1.553911356903634e-4 235539546 235550321 10775
2 2567 rs6750100 106046789 1 -1.547992742133329e-4 106046789 106046789 0
2 39 rs9677798 1298915 1 1.5302294263965026e-4 1298915 1318131 19216
2 1684 rs6731365 57935873 1 -1.5285482665055764e-4 57934055 57937744 3689
2 639 rs2289083 20728931 1 -1.5172519460323553e-4 20728931 20728931 0
2 679 rs1463982 22688188 1 1.5156647008028948e-4 22684402 22712316 27914
2 1927 rs1503245 68224744 1 1.5147253265882876e-4 68222281 68227555 5274
2 4894 rs13033409 219666509 4 1.5137944773844906e-4 219664519 219671598 7079
2 2317 rs1597039 84324021 1 1.5119431103202975e-4 84324021 84328335 4314
2 4131 rs72648987 179579977 1 1.5060800275198423e-4 179571448 179583496 12048
2 3767 rs1821849 164747772 1 1.502075805784392e-4 164747772 164808567 60795
2 1172 rs17026114 40743183 1 -1.502018645121443e-4 40725202 40757791 32589
2 4623 rs10490478 207928063 1 -1.5019222097025696e-4 207928063 207941850 13787
2 1559 rs1549749 53052480 1 -1.4943600534036427e-4 53039770 53058194 18424
2 105 rs11127390 3079021 1 1.4938207697973646e-4 3066698 3079021 12323
2 5075 rs873024 226697772 1 -1.4779839145791896e-4 226697772 226774322 76550
2 3601 rs6741566 154772373 1 -1.475417809594653e-4 154743167 154773575 30408
2 4480 rs7596859 201368368 1 -1.4719594009984276e-4 201367356 201368368 1012
2 3700 rs10489997 160405498 1 1.442723107688948e-4 160405498 160413623 8125
2 2160 rs1176782 77345491 1 1.3936378085548445e-4 77345491 77345491 0
2 3187 rs2289468 135199564 2 1.3803616939004774e-4 135199564 135203162 3598
2 2134 rs389616 76314728 1 1.364169090559969e-4 76310384 76361115 50731
2 5557 rs2240547 242069342 2 1.3571163589756087e-4 242068968 242069342 374
2 3785 rs4667772 165616471 1 -1.355045628066749e-4 165616471 165631433 14962
2 3966 rs6433294 172369069 1 -1.3446067454841545e-4 172369069 172372593 3524
2 328 rs7556858 10402632 2 1.3412269017884916e-4 10402632 10402632 0
2 1442 rs2055572 49344853 1 -1.328528992036502e-4 49337797 49380886 43089
2 3515 rs1519756 151622783 1 1.3214985655827448e-4 151619345 151635832 16487
2 932 rs35340726 33246146 1 -1.311315788034642e-4 33246146 33255984 9838
2 553 rs6759244 18247962 1 1.3109493174702158e-4 18242052 18260937 18885
2 2086 rs6740974 74996512 1 1.2757279377589e-4 74987298 75012327 25029
2 1856 rs976394 66094705 1 -1.2749509465514853e-4 66094705 66095536 831
2 1743 rs9808521 60375583 1 -1.270142140278163e-4 60375583 60376723 1140
2 2493 rs2310175 102670809 1 1.2614056120191736e-4 102665552 102678709 13157
2 2773 rs7606086 116249606 1 1.258828472261786e-4 116212878 116307108 94230
2 1130 rs4670269 39198036 2 1.2386374722198195e-4 39198036 39247856 49820
2 5214 rs7609123 231521950 1 1.2383755315928898e-4 231520821 231521950 1129
2 4507 rs967693 202838353 1 -1.2093092857429577e-4 202838353 202838353 0
2 1414 rs11682328 48248101 2 1.2068083663145809e-4 48233949 48304381 70432
2 2342 rs2043229 85483003 1 -1.1978894914280394e-4 85480422 85492391 11969
2 368 rs7608117 11265972 1 1.1899434666953038e-4 11265972 11265972 0
2 44 rs9678469 1427107 1 1.1837182533313908e-4 1427107 1432564 5457
2 4948 rs2392820 221953533 1 1.1623904133000024e-4 221953533 221953533 0
2 5521 rs4149540 240958129 1 -1.155337831915121e-4 240902511 240961728 59217
2 1539 rs12472885 52479251 1 1.149444052960508e-4 52476027 52479251 3224
2 59 rs6759577 1786200 1 -1.14514454620628e-4 1786200 1787933 1733
2 1553 rs1157620 52904760 1 -1.1084343040816809e-4 52899006 52910065 11059
2 659 rs571468 21293914 1 1.0887924386282968e-4 21282435 21300770 18335
2 493 rs11687741 15952057 2 -1.0870867997827231e-4 15950899 15958962 8063
2 4520 rs6715752 203913552 1 1.0775592181827784e-4 203745885 203987554 241669
2 3158 rs7603317 134577255 1 -1.065774095273418e-4 134568892 134579078 10186
2 3133 rs1437898 133746630 1 -1.0588458995845468e-4 133742448 133746630 4182
2 3799 rs1838847 166169618 2 1.0488015898171252e-4 166146227 166193965 47738
2 952 rs7574183 33782911 1 1.0463964793622224e-4 33775665 33784371 8706
2 1912 rs10519126 67962427 1 -1.0407443464507053e-4 67957066 67973887 16821
2 2371 rs1105865 86627316 1 -1.0335399448188372e-4 86621870 86627316 5446
2 3769 rs17351368 164899430 4 -1.0332336570358243e-4 164879136 164906820 27684
2 2767 rs17355616 115958505 1 -1.0289473949689867e-4 115942640 115958505 15865
2 1600 rs6744662 54393570 1 1.0279604642473036e-4 54393570 54409855 16285
2 4813 rs11891588 216770807 1 -1.0250409994505872e-4 216767198 216770807 3609
2 5397 rs2720100 237590339 1 -1.0243841832648308e-4 237590339 237590339 0
2 4696 rs10490327 211619881 1 1.016768120482175e-4 211614638 211648806 34168
2 989 rs3115263 34968286 1 -1.0152263885251388e-4 34962533 34972791 10258
2 663 rs950662 21455548 1 -1.0076613433965992e-4 21455548 21457859 2311
2 47 rs11694726 1460220 1 -9.948946264423652e-5 1456828 1464261 7433
2 1550 rs4625951 52812248 1 9.924746193641184e-5 52808175 52826401 18226
2 768 rs72850602 27094076 1 9.895087829966364e-5 27070362 27094076 23714
2 3237 rs1453301 138080695 2 -9.861269927067634e-5 138080695 138108552 27857
2 5467 rs4353673 239865136 1 -9.82603761734277e-5 239864826 239877738 12912
2 4846 rs16856888 217930669 1 9.7809313582541e-5 217930669 217938519 7850
2 2515 rs6543194 103598575 1 9.717330253326932e-5 103593540 103602505 8965
2 2358 rs1561283 85965769 1 9.636987096320376e-5 85962551 85965769 3218
2 1302 rs12622589 45218814 1 -9.55016929453789e-5 45213745 45220348 6603
2 2106 rs2192926 75512668 1 -9.187748661012432e-5 75501720 75512668 10948
2 890 rs4245766 31242194 1 9.044288623334296e-5 31241920 31254348 12428
2 690 rs12618688 23067487 1 9.02214880411696e-5 23040440 23067487 27047
2 49 rs2276704 1499728 1 8.957393929801937e-5 1495800 1502757 6957
2 1603 rs17189869 54583542 1 8.9352305762921907e-05 54573489 54587596 14107
2 5456 rs4663313 239503626 1 -8.907907335165917e-5 239497485 239511533 14048
2 2929 rs17007761 123225623 1 -8.89820496283147e-5 123225623 123225623 0
2 3377 rs12466715 143751071 2 8.874871924585119e-5 143745800 143762736 16936
2 1634 rs13028892 55756704 1 -8.668236884085462e-5 55727476 55776793 49317
2 1734 rs7565849 60033484 1 8.549934393968518e-5 60012090 60034937 22847
2 2329 rs1192295 84921433 2 -8.468192745970485e-5 84906723 84971398 64675
2 5031 rs4674860 224921814 1 8.421888257846127e-5 224914800 224929659 14859
2 997 rs11124406 35190105 1 8.365315242297701e-5 35170234 35190105 19871
2 2296 rs1430726 82410462 1 8.350010813185904e-5 82405114 82432988 27874
2 531 rs7602480 17265900 2 -8.324941238903164e-5 17256600 17273229 16629
2 4952 rs1991736 222150590 1 -8.266450156267797e-5 222150590 222156270 5680
2 4402 rs16842717 196810367 1 -8.209860936688407e-5 196810367 196866433 56066
2 4900 rs2891733 220135208 1 8.201739097985838e-5 220135208 220147166 11958
2 5225 rs4972979 231878834 1 -8.060651006799544e-5 231874587 231882097 7510
2 3276 rs1877937 140102691 1 7.84448112821647e-5 140100106 140142448 42342
2 953 rs6742257 33790330 2 -7.648889860760509e-5 33790330 33821517 31187
2 5343 rs2033994 235776166 1 -7.488662332466978e-5 235776166 235779418 3252
2 5437 rs11680933 238604650 1 -7.434812049213659e-5 238604650 238623413 18763
2 1748 rs17019696 60498211 1 7.381671079706097e-5 60498211 60514993 16782
2 1662 rs4614971 56687629 1 7.343825127833941e-5 56666949 56687724 20775
2 121 rs3811527 3685074 1 -7.067255746836868e-5 3684342 3685074 732
2 194 rs2464989 6038606 1 -6.885208603125352e-5 6020296 6038606 18310
2 4462 rs10211241 200567136 1 -6.82676034124206e-5 200553557 200576280 22723
2 734 rs4665736 25187599 1 -6.751416340298119e-5 25169200 25220522 51322
2 5188 rs4973246 230911791 1 6.65112636845329e-5 230910965 230911791 826
2 2996 rs1902241 126736245 1 -6.646540690358668e-5 126719125 126752687 33562
2 1857 rs11674730 66130003 1 6.646144457356717e-5 66128138 66137825 9687
2 4968 rs17379321 222786545 1 6.588956669174036e-5 222782424 222801699 19275
2 5162 rs2109820 229957003 1 6.56924006776525e-5 229944172 229957003 12831
2 3864 rs4667551 168904622 1 -6.374162720476817e-5 168901077 168931636 30559
2 2303 rs17022737 83129299 1 6.371374378377776e-5 83129299 83205910 76611
2 4510 rs1521887 202940859 2 6.357374356732784e-5 202918708 202944114 25406
2 3222 rs778187 137595545 1 -6.341364029207885e-5 137591618 137599649 8031
2 4200 rs3770111 182382316 1 -6.266812973028282e-5 182382316 182382316 0
2 3293 rs825714 140922911 1 -6.240803970822072e-5 140922911 140922911 0
2 3219 rs10496754 137509045 2 6.230530785479791e-5 137506271 137531892 25621
2 3129 rs6731404 133645165 1 -6.228214480081492e-5 133643197 133645165 1968
2 3320 rs6429856 141779955 2 6.202226052715601e-5 141764693 141782073 17380
2 1075 rs10460527 37505105 1 6.189611609642649e-5 37494336 37521185 26849
2 2466 rs1867862 101582667 1 6.126514907667645e-5 101578542 101591443 12901
2 4869 rs3791966 218720268 1 6.048932215319557e-5 218720268 218721834 1566
2 2673 rs6748333 110005208 2 6.014019232039245e-5 110004170 110005208 1038
2 3102 rs6715179 131623166 1 5.958529050250189e-5 131623166 131623166 0
2 4148 rs6742175 180141614 1 5.915644049908885e-5 180141614 180151555 9941
2 3245 rs2218539 138440691 1 5.90328501872529e-5 138440691 138440691 0
2 3452 rs7560426 148223743 1 5.83165600115988e-5 148183865 148227502 43637
2 2883 rs12617659 121309759 1 -5.667523772401106e-5 121309488 121309759 271
2 3509 rs2293565 151330926 1 -5.628957294695741e-5 151330926 151330926 0
2 2706 rs11691239 112950600 1 -5.519610305896811e-5 112939548 112950600 11052
2 5531 rs2352817 241256453 1 5.358520213191908e-5 241231989 241256535 24546
2 4454 rs1456520 199772591 1 5.343823015226037e-5 199765094 199829150 64056
2 4557 rs4429453 205759917 2 5.2223151500329e-5 205759917 205764917 5000
2 3770 rs13002573 164915208 2 5.206705412959275e-5 164915208 164915279 71
2 2909 rs12479320 122117738 1 5.1803483268757354e-5 122117738 122216663 98925
2 1044 rs7595245 36629247 1 -5.1575009307788495e-5 36627725 36634668 6943
2 2669 rs891425 109893210 1 5.132213568856632e-5 109893210 109895831 2621
2 1809 rs10200259 64509799 1 5.0014254390627655e-5 64509799 64520663 10864
2 2568 rs7608329 106078289 1 -4.997216066421182e-5 106078289 106082376 4087
2 4516 rs12994463 203221468 1 -4.959072310772385e-5 203221468 203221468 0
2 406 rs10929808 12568996 1 4.893092568223178e-5 12548283 12568996 20713
2 4368 rs16834303 193089321 1 4.786252523034493e-5 193089321 193089321 0
2 2507 rs3806581 103235312 1 -4.654937716322325e-5 103205175 103235312 30137
2 2345 rs3637 85549874 1 4.4887258626132967e-5 85536415 85562172 25757
2 1493 rs1518548 50932942 2 4.393119162359881e-5 50921470 50937036 15566
2 1426 rs7562215 48958687 2 -4.211065575415054e-5 48958687 48984391 25704
2 1806 rs12999721 64407710 1 -4.1620077472766746e-5 64401060 64407710 6650
2 4517 rs17199249 203426668 1 -4.0520100060582065e-5 203246411 203426668 180257
2 4660 rs3754817 209315974 1 -3.920153813559178e-5 209266897 209316760 49863
2 853 rs4952167 30228640 1 3.919352356986595e-5 30228640 30228640 0
2 4823 rs12467575 217211217 1 -3.893860578848184e-5 217208571 217216651 8080
2 1374 rs10167561 46968051 1 3.8454885561044526e-5 46929873 46968051 38178
2 1685 rs17049085 57948003 1 3.735817583702418e-5 57943044 58026655 83611
2 522 rs1643212 16866013 1 -3.726302284790877e-5 16854462 16866013 11551
2 4603 rs79484112 207173390 3 3.6855085242939144e-5 207162033 207233115 71082
2 3813 rs13400882 166688858 1 -3.616845401844072e-5 166658586 166714081 55495
2 3168 rs10175819 134832158 1 3.606791096385225e-5 134830363 134832158 1795
2 4605 rs3770977 207418899 1 3.556915102098949e-5 207386623 207437125 50502
2 1376 rs1053952 47049453 1 3.414744125620512e-5 47049453 47049453 0
2 2841 rs332080 119505210 1 3.402811424741374e-5 119482773 119520620 37847
2 5163 rs4972886 229964444 2 -3.378590636585989e-5 229964444 229964444 0
2 5410 rs893417 237851380 1 -3.257655392114384e-5 237851338 237851380 42
2 5256 rs790040 233309548 1 3.2280511031360264e-5 233309548 233310149 601
2 1448 rs817081 49588657 1 3.171691521558301e-5 49587323 49610186 22863
2 4294 rs986588 188871436 1 3.105780028501649e-5 188865131 188879205 14074
2 5237 rs10172595 232387063 1 -3.081713705481427e-5 232381245 232406457 25212
2 4322 rs785248 191029604 1 3.0271940430494385e-5 191020013 191029604 9591
2 5393 rs6711222 237494444 1 -3.0163492709038776e-5 237494444 237496112 1668
2 115 rs12618667 3295986 1 2.937244626339633e-5 3295986 3302962 6976
2 1568 rs2357013 53266129 1 2.867460965948835e-5 53251060 53288066 37006
2 1855 rs6719655 66089359 1 -2.7652495841249524e-5 66081693 66090665 8972
2 2809 rs2421973 118401860 4 -2.7283865849771997e-5 118401860 118434667 32807
2 518 rs10206736 16751119 1 2.705714274611278e-5 16751119 16752999 1880
2 419 rs890074 12910084 1 2.661601062873642e-5 12910084 12910084 0
2 2366 rs929916 86305814 3 2.565417372425721e-5 86305814 86354704 48890
2 3549 rs4664076 152921491 1 -2.43172085674888e-5 152892240 152921491 29251
2 2868 rs7596716 120418222 1 2.3472595562082715e-5 120416787 120439459 22672
2 5052 rs3768872 225644800 1 -2.1869053704211542e-5 225644800 225659217 14417
2 2220 rs10520235 79528694 1 2.152549599132954e-5 79525176 79547730 22554
2 2187 rs10195907 78240557 2 -1.8286100733895733e-5 78240557 78256829 16272
2 5419 rs36117715 238262021 1 1.817195561330315e-5 238262021 238265531 3510
2 2455 rs1567804 101343638 1 1.7799895783984282e-5 101343638 101349735 6097
2 4901 rs6436140 220200242 1 -1.7458109797317232e-5 220191861 220200242 8381
2 1058 rs759429 36883706 1 1.51681786920599e-5 36878991 36883706 4715
2 2843 rs11694004 119567815 1 -1.1414993065719818e-5 119567815 119577465 9650
2 4424 rs6735887 197845449 1 1.0330121436388065e-5 197845449 197845449 0
2 2873 rs3931840 121041347 1 1.026888936512388e-5 121041347 121041347 0
2 3389 rs10803495 144352350 1 9.577354392262725e-6 144347994 144352350 4356
2 114 rs13393791 3260066 1 8.602559552273961e-6 3249933 3260066 10133
2 3242 rs11900859 138323267 1 8.47178974103112e-6 138319054 138332365 13311
2 1073 rs45493492 37414548 1 8.431818316332405e-6 37414548 37415603 1055
2 743 rs2384232 25623749 1 7.933168236063718e-6 25621530 25623749 2219
2 1979 rs2272532 70520498 1 7.135931013029796e-6 70520498 70520498 0
2 405 rs6733870 12445505 1 -5.1938360759016215e-6 12445505 12447033 1528
2 4257 rs13416716 185912017 1 -3.872564136235738e-6 185912017 185926550 14533
2 2399 rs1724120 96809331 1 -3.792804112833622e-6 96777168 96809331 32163
2 4589 rs849575 206605180 1 2.735503122640307e-6 206605180 206605180 0
2 560 rs1023848 18369609 1 1.9509891347727408e-6 18365934 18371951 6017
2 3347 rs10928120 142513131 1 -1.6008466535031894e-6 142513131 142513131 0
2 1676 rs10211664 57581445 1 8.787075477058889e-7 57574704 57581445 6741
