CHR Group SNP.lead BP.lead Size W BP.min BP.max BP.width
4 8487 rs7665090 103551603 1 0.1027561683480515 103551603 103551603 0
4 14059 rs11733331 175076940 2 0.04649153956447685 175076940 175076940 0
4 6473 rs147332320 79176444 2 0.03010092404600349 79176444 79176444 0
4 5837 rs4600889 72337490 1 0.02701598697502267 72337490 72337490 0
4 6209 rs2273 76889388 1 -0.02684224160506941 76889388 76889388 0
4 6872 rs953534 83617849 1 -0.02602677009845484 83617849 83617849 0
4 2504 rs6855865 27011357 1 -0.02477546468303699 27011357 27011357 0
4 12339 rs2404903 155071496 1 0.02415092955977703 155071496 155071496 0
4 10401 rs1511138 127516859 1 -0.02156678406833636 127516859 127516859 0
4 13385 rs4147034 166453722 1 0.02146767286900665 166453722 166453722 0
4 10061 rs6836610 123601697 1 0.02137952582188029 123601697 123601697 0
4 3503 rs630428 38121363 1 -0.02118360428626951 38121363 38121363 0
4 1325 rs10155296 15175539 1 0.02114977144134764 15175539 15175539 0
4 2576 rs13110484 27757391 1 0.02060164475543827 27757391 27757391 0
4 9992 rs769243 122741807 1 -0.02052144437828091 122741807 122741807 0
4 1111 rs2903351 12707180 1 0.01810401126617822 12707180 12707180 0
4 713 rs4697909 9896760 1 0.01785915225181509 9896760 9896760 0
4 5584 rs1371863 68192816 1 0.01744416638667521 68192816 68192816 0
4 14970 rs6812958 185325242 1 0.01736199058693917 185325242 185325242 0
4 15002 rs12650715 185776850 1 0.01650130471463995 185776850 185776850 0
4 6979 rs1442164 85274948 1 -0.01591207967733522 85274948 85274948 0
4 605 rs12641498 7917574 1 -0.01582075528407954 7917574 7917574 0
4 13759 rs10213032 171009360 1 0.01572321282128452 171009360 171009360 0
4 10274 rs1355164 126262415 1 -0.01555977648780877 126262415 126262415 0
4 12295 rs7674639 154540743 1 -0.01541611536610435 154540743 154540743 0
4 4283 rs4695248 47555196 1 0.01524606348864451 47555196 47555196 0
4 8267 rs3737484 100784980 2 0.01508884385664868 100784980 100784980 0
4 10379 rs11938961 127255447 1 0.01506613171862513 127255447 127255447 0
4 4604 rs17747127 55241063 1 0.01471663788348036 55241063 55241063 0
4 13283 rs12513081 165490671 1 -0.01463116487351776 165490671 165490671 0
4 6955 rs2091745 84961080 1 0.01389036396271809 84961080 84961080 0
4 12028 rs10019047 150459436 1 0.01387850491976557 150459436 150459436 0
4 1422 rs4698433 15964863 1 -0.01370490792420451 15964863 15964863 0
4 3309 rs12507648 36546041 1 -0.01370413560994688 36546041 36546041 0
4 8593 rs7679673 106061534 1 0.01328514341354289 106061534 106061534 0
4 14077 rs2612656 175422289 1 -0.01326828822481943 175422289 175422289 0
4 4365 rs11931912 48134118 1 0.0132502843556434 48134118 48134118 0
4 13691 rs6553418 170019039 1 0.0129244952211106 170019039 170019039 0
4 9796 rs1587734 120809455 1 0.01278381678352707 120809455 120809455 0
4 2793 rs11943991 29982657 1 -0.01253125179695542 29982657 29982657 0
4 14960 rs2703731 185173385 1 -0.01251747576899649 185173385 185173385 0
4 5421 rs4364313 66289167 1 0.01245150168642004 66289167 66289167 0
4 1600 rs2697707 17427573 1 0.01229151431257666 17427573 17427573 0
4 37 rs3755963 894255 2 -0.01222263438503426 894255 894255 0
4 4683 rs11729403 56267182 1 0.01212454502976696 56267182 56267182 0
4 8469 rs10049581 103192893 2 0.01182364139015884 103192893 103192893 0
4 4856 rs12642622 57902276 2 0.01176211341184046 57902276 57902276 0
4 4348 rs10938519 48038584 1 0.01136875131656705 48038584 48038584 0
4 8733 rs2672469 108462490 1 -0.01128798008057178 108462490 108462490 0
4 14064 rs17060468 175249433 2 -0.01113760642577744 175249433 175249433 0
4 9801 rs12508689 120847421 1 -0.0110208196777184 120847421 120847421 0
4 14061 rs12651020 175121923 2 0.01098630626418765 175121923 175121923 0
4 142 rs17681870 2702115 1 0.01090027715222134 2702115 2702115 0
4 8612 rs7678440 106178902 1 0.01079813174356132 106178902 106178902 0
4 5987 rs1247574 74521045 1 -0.01078932943678905 74521045 74521045 0
4 10890 rs12501689 133786573 1 -0.01069809035350437 133786573 133786573 0
4 11103 rs1589127 137885582 1 0.01062286411558039 137885582 137885582 0
4 6589 rs9993154 80660974 1 -0.0106193963179227 80660974 80660974 0
4 1729 rs56240635 19275965 1 -0.01047352102246729 19275965 19275965 0
4 7074 rs12646076 87149917 1 -0.01045039380601662 87149917 87149917 0
4 10677 rs6836368 130751286 1 0.01038982387996147 130751286 130751286 0
4 8624 rs9942141 106255112 1 -0.01025382298062356 106255112 106255112 0
4 2 rs6817633 181832 1 0.00991391235778231 181832 181832 0
4 11065 rs2897153 137105336 1 0.00991164105611095 137105336 137105336 0
4 8409 rs10031210 102714886 1 0.00990596354525985 102714886 102714886 0
4 7664 rs4455379 92673841 1 0.00986243764554208 92673841 92673841 0
4 5875 rs1352844 72647749 2 0.00983479954234049 72647749 72647749 0
4 11454 rs3098028 142204757 2 -0.00976589452613462 142204757 142204757 0
4 1975 rs1817324 21546537 1 -0.00975205272229156 21546537 21546537 0
4 6651 rs6837827 81225455 1 -0.00974916306885176 81225455 81225455 0
4 9991 rs2071486 122740162 1 0.0097426208441742709 122740162 122740162 0
4 146 rs4690055 2748663 1 0.00947402982484781 2748663 2748663 0
4 14800 rs9312290 183067139 1 0.00937814720852099 183067139 183067139 0
4 4426 rs3107023 48584405 1 -0.00917710700526778 48584405 48584405 0
4 498 rs9991298 7170562 1 0.00904891254422478 7170562 7170562 0
4 497 rs6836687 7151812 2 0.00902131794685146 7151812 7151812 0
4 10031 rs7688384 123229132 1 -0.00897025818947041 123229132 123229132 0
4 11027 rs4146972 136503631 1 -0.00890857456880932 136503631 136503631 0
4 13672 rs17614733 169703442 1 -0.00890190244201995 169703442 169703442 0
4 1518 rs283029 16698184 1 0.00889161627244712 16698184 16698184 0
4 8465 rs17032400 103190229 2 -0.00873625571335446 103190229 103190229 0
4 14461 rs2605047 180361361 1 -0.00867799261782929 180361361 180361361 0
4 1430 rs2286455 16020162 1 0.00860856479850949 16020162 16020162 0
4 8177 rs28730649 99992652 1 -0.00857138229583823 99992652 99992652 0
4 446 rs16838780 6417785 2 0.00849413422663251 6417785 6417785 0
4 3383 rs6816980 37417596 1 0.00848863386872314 37417596 37417596 0
4 1676 rs11733969 18377649 1 -0.00834763195677912 18377649 18377649 0
4 12121 rs6839352 151887280 1 0.0083436165154218 151887280 151887280 0
4 15178 rs12331403 187314751 1 -0.00832239303018956 187314751 187314751 0
4 3408 rs17604934 37542764 1 0.00831087219893462 37542764 37542764 0
4 4939 rs13111380 58570044 1 -0.00826848493373747 58570044 58570044 0
4 8292 rs6849832 101120472 2 0.00826751144084519 101120472 101120472 0
4 6262 rs6835986 77177846 1 -0.00825668472605873 77177846 77177846 0
4 7145 rs10516788 87960857 1 -0.00824739735682873 87960857 87960857 0
4 3611 rs721653 38878194 1 -0.00820679740904266 38878194 38878194 0
4 6801 rs1020909 82830274 1 -0.00809829138994778 82830274 82830274 0
4 11863 rs17612742 148414651 1 0.00809688758473808 148414651 148414651 0
4 12475 rs1155097 156414715 1 0.00797444460677099 156414715 156414715 0
4 13395 rs1459506 166547603 1 -0.00793842023900627 166547603 166547603 0
4 12250 rs7664303 153829996 2 0.0078291334331088 153829996 153829996 0
4 7216 rs11097166 88611344 2 0.00772737607940601 88611344 88611344 0
4 14933 rs2871385 184875120 1 -0.00770063582703942 184875120 184875120 0
4 2892 rs13115999 30641018 1 0.007604667326842 30641018 30641018 0
4 6588 rs9991949 80634958 2 0.00759383341673852 80634958 80634958 0
4 499 rs9999241 7174993 1 0.00759083285414219 7174993 7174993 0
4 1164 rs10008923 13213672 2 -0.00758346721347658 13213672 13213672 0
4 8929 rs61745483 110773048 1 0.00754469305066175 110773048 110773048 0
4 1606 rs2597793 17443458 1 -0.00753793043885573 17443458 17443458 0
4 14905 rs10017798 184465856 1 -0.0074738040208167196 184465856 184465856 0
4 9474 rs7670332 117475813 1 -0.00746612606921291 117475813 117475813 0
4 7826 rs4699459 95292702 1 -0.00729676494001755 95292702 95292702 0
4 14972 rs7677486 185336852 1 -0.00726352606314858 185336852 185336852 0
4 12593 rs1521703 157449624 1 0.00720633238467319 157449624 157449624 0
4 12083 rs6817572 151303318 1 0.00719905656503163 151303318 151303318 0
4 11098 rs7658921 137745250 1 0.00719867319917601 137745250 137745250 0
4 6269 rs10025494 77189380 1 0.00715206104542186 77189380 77189380 0
4 14281 rs17749802 178520166 2 0.00714864635769858 178520166 178520166 0
4 8417 rs6849308 102776083 1 0.00712832301397539 102776083 102776083 0
4 13445 rs904246 167044948 1 0.00712262210716249 167044948 167044948 0
4 11094 rs17239822 137716037 1 0.0070897274605221 137716037 137716037 0
4 5482 rs6825624 66786261 1 -0.00706202155895415 66786261 66786261 0
4 7167 rs11935592 88177037 2 0.00700620329609712 88177037 88177037 0
4 13865 rs12505546 172228547 1 0.00697299125166297 172228547 172228547 0
4 11211 rs3096659 139260411 1 -0.00696602339423661 139260411 139260411 0
4 10445 rs17011836 127827145 1 0.00696170189286622 127827145 127827145 0
4 11184 rs1472936 138684201 1 -0.00696009200598495 138684201 138684201 0
4 20 rs4690309 756377 2 0.00693649403226569 756377 756377 0
4 2301 rs12507254 24673420 2 -0.0067818894668497 24673420 24673420 0
4 1620 rs1031326 17488064 2 -0.00677630451673525 17488064 17488064 0
4 14790 rs6816160 182942414 1 -0.00675460448889816 182942414 182942414 0
4 11584 rs11947756 144398793 1 -0.00665678346166249 144398793 144398793 0
4 4557 rs728587 54574680 1 0.00661870513935959 54574680 54574680 0
4 15118 rs6852642 186917039 1 0.00657121355287989 186917039 186917039 0
4 9752 rs4834762 120132690 1 -0.00649970459711968 120132690 120132690 0
4 3274 rs7696411 36334488 1 -0.00643473714920278 36334488 36334488 0
4 3701 rs1706034 40120897 1 -0.00643276556577157 40120897 40120897 0
4 8801 rs1003169 109176161 1 0.00639944654194409 109176161 109176161 0
4 8584 rs2051780 105716540 1 -0.00637936493809417 105716540 105716540 0
4 10021 rs13151961 123115502 1 0.00636751231445952 123115502 123115502 0
4 12851 rs17329555 161105967 1 -0.00633885519678785 161105967 161105967 0
4 14484 rs12500438 180613345 1 -0.00629402589650508 180613345 180613345 0
4 2200 rs2970848 23817027 1 -0.00628511566091575 23817027 23817027 0
4 6982 rs12650179 85324586 1 -0.00626423034666408 85324586 85324586 0
4 3479 rs16994148 38016822 1 0.00619075605780859 38016822 38016822 0
4 7269 rs4693894 88797798 1 0.00617083702151867 88797798 88797798 0
4 7017 rs7685784 86074453 2 -0.00617066862289322 86074453 86074453 0
4 10322 rs4834060 126572145 2 -0.00610233409230917 126572145 126572145 0
4 14375 rs17716609 179481553 1 -0.00604409104158231 179481553 179481553 0
4 7525 rs3775442 90715231 1 0.00603446198915595 90715231 90715231 0
4 4900 rs2177642 58197731 1 -0.00602598498658076 58197731 58197731 0
4 12294 rs6535930 154540056 1 0.00602313455331257 154540056 154540056 0
4 243 rs12512085 4372439 2 -0.00594347299079589 4372439 4372439 0
4 1149 rs4834860 13030876 2 0.00593366197153582 13030876 13030876 0
4 9976 rs6534309 122609929 1 0.00587124907042879 122609929 122609929 0
4 14973 rs890193 185343635 2 -0.00585936143697191 185343635 185343635 0
4 4808 rs7667406 57503077 1 0.00585933599422957 57503077 57503077 0
4 5589 rs1946920 68207449 1 0.00584096628683713 68207449 68207449 0
4 344 rs7678335 5452895 1 0.00582561499938273 5452895 5452895 0
4 2427 rs959903 25810096 1 -0.00581539938172447 25810096 25810096 0
4 96 rs6814036 1415698 1 -0.00579676872337987 1415698 1415698 0
4 12587 rs1123714 157409735 2 0.00579213487412052 157409735 157409735 0
4 7259 rs931032 88778446 1 -0.00569469111433225 88778446 88778446 0
4 15252 rs754548 187860363 1 -0.00569156195963378 187860363 187860363 0
4 14114 rs4128922 175890127 2 -0.00568809986992476 175890127 175890127 0
4 2979 rs16885723 31715825 2 -0.00566551554479821 31715825 31715825 0
4 6891 rs2868729 84147407 1 0.00563010445676315 84147407 84147407 0
4 11059 rs10519374 136993300 1 0.00562508602964405 136993300 136993300 0
4 11345 rs1350038 140744599 1 0.00560718758972851 140744599 140744599 0
4 3397 rs2928307 37469174 1 0.0056012807022219 37469174 37469174 0
4 4364 rs885443 48132891 2 0.00558250151067499 48132891 48132891 0
4 15374 rs952719 189271272 1 0.00557909996292544 189271272 189271272 0
4 5581 rs1899130 68186030 1 -0.00542396888587707 68186030 68186030 0
4 4261 rs3822113 47406635 1 -0.00540006804166615 47406635 47406635 0
4 2177 rs13118539 23631863 1 0.00539613323093416 23631863 23631863 0
4 4182 rs957858 45737256 1 0.00538181066644856 45737256 45737256 0
4 5109 rs1023948 60598813 1 -0.0053322663176766 60598813 60598813 0
4 13019 rs12512822 162461996 1 0.00530318525591194 162461996 162461996 0
4 15403 rs4863330 189430792 1 -0.0052275851618793 189430792 189430792 0
4 8354 rs2645373 101904475 1 0.00522334991046864 101904475 101904475 0
4 3659 rs16995300 39478264 2 0.00514279663070253 39478264 39478264 0
4 6103 rs1391010 76081553 1 0.00513510155991283 76081553 76081553 0
4 6773 rs6819863 82667620 2 0.00512077790593097 82667620 82667620 0
4 8 rs7666425 517461 1 -0.00510284844836157 517461 517461 0
4 14791 rs17072678 182964412 1 -0.0050993530996833 182964412 182964412 0
4 3804 rs7683197 41175148 1 -0.00509071830652749 41175148 41175148 0
4 3361 rs3910363 37264831 1 0.00508456067813802 37264831 37264831 0
4 4753 rs7690043 57116323 1 -0.0050686995999547 57116323 57116323 0
4 10808 rs4133013 132242896 2 0.00506276788068069 132242896 132242896 0
4 4367 rs1008277 48138535 2 0.0050411746238077 48138535 48138535 0
4 4634 rs17230634 55480024 2 0.00503426645199082 55480024 55480024 0
4 8980 rs6533495 111055435 2 -0.00501399738717581 111055435 111055435 0
4 125 rs2236998 2256716 2 0.00499274570102211 2256716 2256716 0
4 9937 rs1513702 122392108 1 -0.00495665650557494 122392108 122392108 0
4 5025 rs9997522 59799872 1 -0.0049335446101342 59799872 59799872 0
4 7958 rs13112339 96610670 1 -0.0049149995359614 96610670 96610670 0
4 14116 rs11941955 175954666 2 0.00490269271898611 175954666 175954666 0
4 11599 rs1808991 144792959 1 0.00490004537709841 144792959 144792959 0
4 11400 rs3104107 141449275 1 0.00487056678854803 141449275 141449275 0
4 2186 rs1021400 23714895 1 -0.0048484578702575 23714895 23714895 0
4 9254 rs10022885 114038963 1 0.00484820503966071 114038963 114038963 0
4 4372 rs2456928 48156135 1 0.0048416623475184 48156135 48156135 0
4 9859 rs17051273 121792785 1 -0.00483782365830304 121792785 121792785 0
4 12130 rs2407412 152141399 1 0.00482263005089233 152141399 152141399 0
4 5605 rs1056787 68380070 1 -0.00477170360495824 68380070 68380070 0
4 13819 rs10520188 171632728 1 -0.00477149884521604 171632728 171632728 0
4 4811 rs12642085 57549528 1 0.00473320041819109 57549528 57549528 0
4 11508 rs17015594 143075715 1 0.00465331146691541 143075715 143075715 0
4 7595 rs1355993 91661745 1 -0.00460270950190479 91661745 91661745 0
4 11904 rs12650033 148987187 1 0.00459783181707936 148987187 148987187 0
4 12188 rs361197 152763556 1 -0.00459763817893712 152763556 152763556 0
4 4224 rs1866990 47101223 1 -0.00459038306938365 47101223 47101223 0
4 11321 rs11940710 140637882 1 -0.00458615807838496 140637882 140637882 0
4 9983 rs11732306 122653300 1 0.00458246310850567 122653300 122653300 0
4 14280 rs12498926 178514984 1 0.00452408584964951 178514984 178514984 0
4 13513 rs11132983 168256989 1 0.00447245299154093 168256989 168256989 0
4 14830 rs6552568 183449806 1 0.00445019098490837 183449806 183449806 0
4 2717 rs1402492 28923633 1 0.00443709437083866 28923633 28923633 0
4 12672 rs6827325 158467400 2 -0.00443548671339573 158467400 158467400 0
4 14462 rs1546680 180411508 2 0.00434174516826801 180411508 180411508 0
4 13166 rs4234960 164389550 1 -0.00433926108708505 164389550 164389550 0
4 14416 rs6816550 179790822 2 0.00431430837032666 179790822 179790822 0
4 7527 rs2197120 90729602 1 -0.00426490717027534 90729602 90729602 0
4 11905 rs7660368 148987972 2 0.00425225640552474 148987972 148987972 0
4 7154 rs447990 88033352 2 0.00423277716748384 88033352 88033352 0
4 2223 rs1316861 23977778 1 0.00421328876055881 23977778 23977778 0
4 14153 rs1106568 176861301 1 0.00417624397345835 176861301 176861301 0
4 1119 rs7692324 12757442 1 0.00416380728524256 12757442 12757442 0
4 143 rs12502642 2714023 1 -0.00413143894772495 2714023 2714023 0
4 4137 rs4326040 44870506 1 0.0041123370613001704 44870506 44870506 0
4 7173 rs11731978 88194170 1 -0.00411199540836092 88194170 88194170 0
4 12605 rs10005961 157558509 1 0.00409685495763913 157558509 157558509 0
4 13654 rs4692947 169605918 1 -0.00409657330370212 169605918 169605918 0
4 3588 rs6824105 38754189 1 0.00408873345181854 38754189 38754189 0
4 3058 rs6855223 32626298 1 0.00408859599092192 32626298 32626298 0
4 3272 rs16992086 36334157 1 -0.00408143199849456 36334157 36334157 0
4 2460 rs1567649 26026002 1 0.00406293945553679 26026002 26026002 0
4 3512 rs6854035 38181054 2 -0.00405642022175563 38181054 38181054 0
4 4888 rs10018606 58138412 1 -0.00404888808603525 58138412 58138412 0
4 5203 rs6854914 62076443 1 0.00400666658505141 62076443 62076443 0
4 7183 rs9992651 88232510 1 -0.00397377377632603 88232510 88232510 0
4 7065 rs7696763 86829529 1 -0.00394667984480221 86829529 86829529 0
4 7707 rs7682842 93489287 1 0.00392434642792048 93489287 93489287 0
4 0 rs7667153 85422 1 -0.00386546373849167 85422 85422 0
4 2511 rs2041627 27102429 1 0.00385993000414063 27102429 27102429 0
4 8061 rs1462767 98270800 1 -0.00385682998335677 98270800 98270800 0
4 9573 rs6852211 118445531 2 -0.0038551269482776 118445531 118445531 0
4 7166 rs10006766 88160018 2 -0.00385410260959068 88160018 88160018 0
4 12187 rs361191 152761633 1 0.00384848441161122 152761633 152761633 0
4 11097 rs17049031 137731357 1 0.00384618587764654 137731357 137731357 0
4 8578 rs574966 105534056 1 0.00384059155017631 105534056 105534056 0
4 7706 rs1993030 93467486 1 0.00382645790126725 93467486 93467486 0
4 938 rs10516217 10973261 2 0.00378296898505004 10973261 10973261 0
4 4249 rs17539445 47231416 1 0.00376964559106422 47231416 47231416 0
4 3536 rs6531631 38396739 1 0.00375089926354598 38396739 38396739 0
4 10534 rs1603886 129450677 1 -0.00374116871316914 129450677 129450677 0
4 8026 rs7659471 97915370 1 0.00373873110571197 97915370 97915370 0
4 9959 rs1480280 122505308 1 -0.00373735714292435 122505308 122505308 0
4 10330 rs10013424 126694369 1 -0.0037191914249877 126694369 126694369 0
4 5318 rs10009133 64454716 2 -0.00370354923111146 64454716 64454716 0
4 461 rs11938118 6480469 2 -0.00369533204539943 6480469 6480469 0
4 7358 rs1440581 89226422 1 -0.00366375641926925 89226422 89226422 0
4 1420 rs62617788 15964574 1 0.00365979349191298 15964574 15964574 0
4 15407 rs6826087 189475684 1 -0.00364763881299702 189475684 189475684 0
4 950 rs1039682 11050420 1 0.00364595138605083 11050420 11050420 0
4 13597 rs593342 169191536 1 -0.00362623211332871 169191536 169191536 0
4 4759 rs11732236 57132047 1 0.00360962657559868 57132047 57132047 0
4 3561 rs7654396 38570708 2 -0.00359867333817451 38570708 38570708 0
4 2178 rs16873952 23632143 1 -0.00359467108321656 23632143 23632143 0
4 4154 rs7659184 45133240 1 0.00356414586486437 45133240 45133240 0
4 8484 rs230535 103448582 2 -0.00355695218360791 103448582 103448582 0
4 8565 rs2051788 105450529 1 0.00355576423876427 105450529 105450529 0
4 13762 rs12510576 171044796 1 0.00355476527190733 171044796 171044796 0
4 14591 rs13113937 181266001 1 -0.00353794379228906 181266001 181266001 0
4 1274 rs905043 14539140 1 0.00353727725701264 14539140 14539140 0
4 218 rs2980164 4297389 1 0.00352522171016047 4297389 4297389 0
4 12721 rs1410789 159179862 1 -0.00351079811654471 159179862 159179862 0
4 12673 rs4234914 158468178 2 0.00351043669113208 158468178 158468178 0
4 13761 rs11736939 171031170 1 0.00348934353029499 171031170 171031170 0
4 14607 rs2059116 181441904 1 -0.00344273865430393 181441904 181441904 0
4 12287 rs6810447 154461884 1 0.00342136151737354 154461884 154461884 0
4 1693 rs2048963 18696177 1 -0.00341463552414982 18696177 18696177 0
4 13482 rs11941399 167455493 1 -0.00341265256331108 167455493 167455493 0
4 7598 rs1514742 91680245 1 -0.00340525501391553 91680245 91680245 0
4 14603 rs2546614 181426359 1 -0.00338052227868253 181426359 181426359 0
4 5146 rs1378566 61264831 1 0.00337835364411731 61264831 61264831 0
4 12330 rs6835823 154972357 1 0.00337814044833914 154972357 154972357 0
4 8564 rs972583 105442302 1 0.00337131463318913 105442302 105442302 0
4 3551 rs4832778 38492765 1 0.0033705721039085 38492765 38492765 0
4 3922 rs2719950 42386838 1 0.00336727012263251 42386838 42386838 0
4 7199 rs17012774 88443470 2 -0.00336563642585272 88443470 88443470 0
4 11798 rs1347655 147905897 1 0.00335865929002369 147905897 147905897 0
4 5791 rs11938536 71264191 1 -0.0033363698279319 71264191 71264191 0
4 3916 rs923309 42376356 1 0.00329508695639537 42376356 42376356 0
4 13985 rs7658148 174235624 2 -0.00327998570302067 174235624 174235624 0
4 5932 rs7659376 73642511 1 -0.00327489470940502 73642511 73642511 0
4 1644 rs7690457 17805379 2 -0.00325843141127547 17805379 17805379 0
4 1640 rs16895707 17781209 1 0.00325320733328 17781209 17781209 0
4 1641 rs740672 17782264 2 0.00324957271218403 17782264 17782264 0
4 13593 rs590272 169181074 1 0.00323854643029747 169181074 169181074 0
4 10559 rs186444 129825629 1 -0.00322894067787669 129825629 129825629 0
4 5345 rs9918005 65423635 1 0.00322391821474449 65423635 65423635 0
4 5419 rs2305351 66280171 1 0.00320068283904864 66280171 66280171 0
4 2521 rs1013532 27157313 1 0.0031925060330908 27157313 27157313 0
4 11151 rs5020420 138333658 1 0.00318460523627269 138333658 138333658 0
4 3321 rs1870504 36847609 2 -0.00317692021794873 36847609 36847609 0
4 5719 rs4148301 70462042 1 -0.00316296931474443 70462042 70462042 0
4 13613 rs1387329 169301208 1 -0.00315146538705189 169301208 169301208 0
4 4293 rs17462259 47574737 1 0.00314407319537861 47574737 47574737 0
4 3765 rs2437346 40831652 2 -0.00314320765020301 40831652 40831652 0
4 12495 rs11737895 156622727 1 -0.00313392049805773 156622727 156622727 0
4 8532 rs6533126 104882439 1 0.00312934134495125 104882439 104882439 0
4 1486 rs16893404 16365531 1 0.00312561915440558 16365531 16365531 0
4 11452 rs3114024 142203334 1 -0.00311255674160267 142203334 142203334 0
4 9212 rs78336146 113468564 1 -0.0031107942797079 113468564 113468564 0
4 10301 rs72675395 126412154 1 -0.00309455118494527 126412154 126412154 0
4 3694 rs17585937 40045687 2 -0.00308468880755569 40045687 40045687 0
4 9891 rs17051284 121972302 1 -0.00306734620935831 121972302 121972302 0
4 5566 rs4860238 68093400 1 0.00305845134304233 68093400 68093400 0
4 8723 rs17549820 108118301 1 0.00305242701753595 108118301 108118301 0
4 6539 rs1834519 79616556 1 0.00302662116717485 79616556 79616556 0
4 10409 rs1552665 127609379 1 0.00302642160702021 127609379 127609379 0
4 13449 rs6826343 167057609 2 -0.00302486661210043 167057609 167057609 0
4 8493 rs227284 103607635 2 0.00301417268084769 103607635 103607635 0
4 15279 rs6831858 188166889 1 -0.00299114165897479 188166889 188166889 0
4 10528 rs7441245 129436625 1 -0.00299065524150168 129436625 129436625 0
4 2632 rs3925061 28210028 1 -0.00298085835213426 28210028 28210028 0
4 8146 rs12503288 99682376 2 -0.00297988237683462 99682376 99682376 0
4 11668 rs11100883 146450970 2 -0.00295125024077607 146450970 146450970 0
4 12539 rs13143174 157022492 2 0.0029492401162418 157022492 157022492 0
4 14958 rs11724229 185128641 1 -0.00292607797221521 185128641 185128641 0
4 4111 rs1371238 44531529 2 -0.00291864761392773 44531529 44531529 0
4 4625 rs218237 55394172 2 -0.0028784939182317 55394172 55394172 0
4 6611 rs11735728 80793114 1 0.00286196502836992 80793114 80793114 0
4 9629 rs11562835 118667520 1 -0.00285939386560393 118667520 118667520 0
4 11078 rs10519392 137485929 2 0.00284653557986413 137485929 137485929 0
4 8002 rs1506302 97263153 1 0.00284001495338663 97263153 97263153 0
4 5571 rs10005602 68113850 1 0.00283766874016706 68113850 68113850 0
4 1221 rs12499480 14167488 2 -0.00282114060939324 14167488 14167488 0
4 9473 rs10024264 117468423 1 0.00280607675304375 117468423 117468423 0
4 6892 rs13122305 84152973 1 0.00280254735410891 84152973 84152973 0
4 7845 rs4634230 95510638 1 -0.00276152751510374 95510638 95510638 0
4 12151 rs1596291 152410631 1 -0.0027586716951291 152410631 152410631 0
4 3069 rs11940854 32793497 1 -0.00275591652024978 32793497 32793497 0
4 11901 rs6815554 148938598 1 0.00275388349891915 148938598 148938598 0
4 13034 rs6852064 162538914 2 -0.00274439974740429 162538914 162538914 0
4 1339 rs4698103 15379272 1 -0.00272675133405325 15379272 15379272 0
4 13743 rs6821170 170880049 1 -0.00271920461130346 170880049 170880049 0
4 7859 rs6812065 95626444 1 0.00271259511763891 95626444 95626444 0
4 10329 rs4446326 126688743 1 -0.0027066990468463 126688743 126688743 0
4 11380 rs6536958 141357957 1 0.00268703180174125 141357957 141357957 0
4 251 rs12644497 4526248 1 -0.00268565737047601 4526248 4526248 0
4 5190 rs1486492 61830190 1 0.00268238968644389 61830190 61830190 0
4 874 rs6835433 10484987 1 0.00268013368113049 10484987 10484987 0
4 880 rs17467273 10500431 1 0.00267890510910512 10500431 10500431 0
4 4554 rs1077966 54517341 2 0.00267708120422873 54517341 54517341 0
4 13998 rs4695849 174471671 1 -0.00267117876107927 174471671 174471671 0
4 2437 rs878552 25913155 1 -0.00266393962189933 25913155 25913155 0
4 8128 rs1528545 99561045 1 -0.00264330987671738 99561045 99561045 0
4 13920 rs2661805 173231379 1 -0.00264166421680879 173231379 173231379 0
4 11703 rs6537382 146867376 2 0.00262403178403697 146867376 146867376 0
4 230 rs4688956 4343240 1 0.0026045804792664 4343240 4343240 0
4 4507 rs2001881 53993103 1 -0.00258994564899155 53993103 53993103 0
4 9898 rs3817171 122063735 1 0.00258232354661614 122063735 122063735 0
4 11264 rs11099746 139692069 1 0.00257935553883821 139692069 139692069 0
4 3412 rs115231391 37633026 1 0.00257050826001247 37633026 37633026 0
4 9735 rs6828669 119947135 1 -0.00256419676974361 119947135 119947135 0
4 1934 rs17448392 21189870 1 0.00256017228282036 21189870 21189870 0
4 11752 rs4835310 147379015 1 -0.00255966442313976 147379015 147379015 0
4 5160 rs2340736 61405872 1 0.00254683112223704 61405872 61405872 0
4 9938 rs7671488 122399338 1 -0.0025432540016696 122399338 122399338 0
4 14719 rs4861477 182411580 1 -0.00252812068934614 182411580 182411580 0
4 15194 rs9999651 187366649 1 0.00250621161826763 187366649 187366649 0
4 12856 rs13138661 161135028 1 -0.00250374521443377 161135028 161135028 0
4 6459 rs6845871 79048490 2 -0.00248524661089346 79048490 79048490 0
4 10461 rs7670859 127993106 1 -0.00247939089014284 127993106 127993106 0
4 8611 rs7670522 106160365 1 0.00247572567449523 106160365 106160365 0
4 1191 rs1861135 13861249 1 -0.00246849534529533 13861249 13861249 0
4 5266 rs801454 63258843 1 -0.00246772370533483 63258843 63258843 0
4 4559 rs2590828 54589655 1 0.00246240795834324 54589655 54589655 0
4 3131 rs10023150 34595824 2 0.00245859700689333 34595824 34595824 0
4 1469 rs10489066 16292409 1 0.00245252613737667 16292409 16292409 0
4 5809 rs17838972 71357077 2 -0.00244851389724131 71357077 71357077 0
4 121 rs10011549 2194946 1 -0.00244041707714254 2194946 2194946 0
4 5733 rs4149413 70615621 1 -0.00243766191824686 70615621 70615621 0
4 11829 rs4485803 148051452 1 -0.00243526931823618 148051452 148051452 0
4 636 rs4696812 8321709 1 -0.00243338983539024 8321709 8321709 0
4 2956 rs6820923 31334007 1 -0.0024204803390781 31334007 31334007 0
4 6204 rs34627298 76881233 1 0.00241065636799648 76881233 76881233 0
4 2826 rs6849592 30349081 1 -0.00240202967300765 30349081 30349081 0
4 26 rs1134921 843508 1 0.00240134285918359 843508 843508 0
4 2580 rs13119429 27792360 1 -0.00239611962711138 27792360 27792360 0
4 3652 rs17584703 39364856 1 -0.00239611451761418 39364856 39364856 0
4 13923 rs333384 173245389 1 0.00238276926391646 173245389 173245389 0
4 13686 rs17054702 169979856 1 -0.00238095718649042 169979856 169979856 0
4 6192 rs924937 76769442 1 0.0023768374968498 76769442 76769442 0
4 13480 rs875441 167448941 1 -0.00236641700164305 167448941 167448941 0
4 4735 rs3214045 56874517 1 -0.00236084442682351 56874517 56874517 0
4 12035 rs12504006 150746787 1 0.00235404413213904 150746787 150746787 0
4 6195 rs13120456 76809074 2 0.00233998709408991 76809074 76809074 0
4 4678 rs6844070 56159340 1 -0.00229329406992502 56159340 56159340 0
4 14051 rs17060286 175065347 1 -0.00229236487543986 175065347 175065347 0
4 13826 rs6858234 171681448 1 -0.00228172192940881 171681448 171681448 0
4 14889 rs6821104 184292528 2 0.00227378632136261 184292528 184292528 0
4 14283 rs10520381 178532041 1 0.0022510443444835 178532041 178532041 0
4 1524 rs480450 16722934 1 -0.00223866682239377 16722934 16722934 0
4 14350 rs1458717 179114110 2 0.00223835836123919 179114110 179114110 0
4 4531 rs4864767 54367136 1 -0.00223828531563745 54367136 54367136 0
4 6889 rs11942687 84145617 1 0.00223137754749625 84145617 84145617 0
4 217 rs3733425 4279395 2 -0.00222752589201423 4279395 4279395 0
4 3199 rs5011112 35751033 1 0.00222445234001243 35751033 35751033 0
4 3535 rs1487631 38395949 2 -0.00222207642374818 38395949 38395949 0
4 10276 rs1355161 126268141 1 -0.00221342612266472 126268141 126268141 0
4 15116 rs7676342 186901587 1 0.00221289899202857 186901587 186901587 0
4 2090 rs10017558 22536001 1 -0.00220709586908549 22536001 22536001 0
4 8626 rs6823995 106263681 1 0.00220465880136994 106263681 106263681 0
4 14200 rs2167095 177373302 1 0.0021994079780465 177373302 177373302 0
4 13839 rs7695819 171808256 1 0.00219436327712406 171808256 171808256 0
4 12284 rs13119846 154415184 1 0.0021839505141882 154415184 154415184 0
4 11831 rs2357604 148077418 1 0.00218220977293899 148077418 148077418 0
4 318 rs989707 5210283 1 0.00216556988746353 5210283 5210283 0
4 316 rs12650617 5187537 1 -0.0021612391986819 5187537 5187537 0
4 13525 rs2952482 168338506 1 0.00215376976684962 168338506 168338506 0
4 7922 rs4130507 96259062 1 0.0021471501695865 96259062 96259062 0
4 5797 rs10018283 71296033 1 -0.00214192601621687 71296033 71296033 0
4 8414 rs10516487 102751076 1 0.00213635634637522 102751076 102751076 0
4 14111 rs13117236 175875390 1 -0.00213131718616966 175875390 175875390 0
4 2213 rs2946403 23921453 1 -0.0021289257963392 23921453 23921453 0
4 8344 rs1396286 101642607 1 0.00211732472633686 101642607 101642607 0
4 2195 rs2932965 23805486 2 0.00211654952614079 23805486 23805486 0
4 13874 rs6857184 172451166 1 0.0020998812062865 172451166 172451166 0
4 2982 rs4692530 31751775 1 -0.00209238163334292 31751775 31751775 0
4 2415 rs6448388 25654566 1 0.00206949950804458 25654566 25654566 0
4 9957 rs7678755 122497475 1 -0.00205493819938454 122497475 122497475 0
4 13392 rs1320225 166508518 1 0.00205055241473632 166508518 166508518 0
4 6886 rs7692926 84017945 1 -0.00204621716053549 84017945 84017945 0
4 973 rs10034384 11235941 1 -0.002041190139039 11235941 11235941 0
4 10037 rs34135604 123283993 1 0.00203767938542116 123283993 123283993 0
4 6210 rs3733238 76902739 1 0.00203178439286969 76902739 76902739 0
4 14869 rs11941467 184190233 1 0.00202738318259184 184190233 184190233 0
4 4858 rs1277313 57903948 2 0.00201809568095219 57903948 57903948 0
4 811 rs1001216 10168849 1 0.00201264855167833 10168849 10168849 0
4 6659 rs7672761 81385386 1 -0.00199294586811091 81385386 81385386 0
4 4715 rs12641893 56628525 1 0.00197968068546897 56628525 56628525 0
4 11348 rs2667370 140778960 2 0.00196707545738745 140778960 140778960 0
4 3852 rs2043905 41718139 1 -0.0019586126270806 41718139 41718139 0
4 11190 rs12511738 138801711 1 -0.0019582603337148 138801711 138801711 0
4 7079 rs4299551 87235780 1 -0.00195777233222002 87235780 87235780 0
4 2229 rs668672 24001226 1 -0.00194798704626786 24001226 24001226 0
4 15431 rs6553238 189759697 2 0.00194765635825341 189759697 189759697 0
4 13033 rs6816684 162533405 1 -0.0019451112859497 162533405 162533405 0
4 3485 rs6818409 38037725 1 -0.00194351138879219 38037725 38037725 0
4 13843 rs28666968 171853059 1 0.00192574722488701 171853059 171853059 0
4 8147 rs11097632 99687168 2 -0.00190923900795043 99687168 99687168 0
4 8581 rs4698923 105581394 1 0.00190621618925448 105581394 105581394 0
4 8216 rs729147 100333267 2 0.0019044249730944 100333267 100333267 0
4 2948 rs6448754 31196514 1 -0.00190076286249979 31196514 31196514 0
4 7472 rs13353765 90116432 1 -0.00189346224978318 90116432 90116432 0
4 7560 rs34001515 91025850 1 -0.00189097732999541 91025850 91025850 0
4 9910 rs17051336 122203163 1 0.0018874466029641 122203163 122203163 0
4 12201 rs360915 152887879 2 -0.00188305275758411 152887879 152887879 0
4 9595 rs2635302 118553272 1 -0.00188109015776686 118553272 118553272 0
4 6538 rs4619914 79612009 1 -0.00188057854449261 79612009 79612009 0
4 9314 rs7662446 114702819 1 0.00187270175806265 114702819 114702819 0
4 9289 rs11728021 114478653 1 -0.00187075293661594 114478653 114478653 0
4 110 rs34205238 1729556 1 0.0018646224242188 1729556 1729556 0
4 10468 rs1026824 128072800 1 -0.0018413872133941499 128072800 128072800 0
4 711 rs10805342 9887086 2 0.0018367451707840801 9887086 9887086 0
4 3264 rs12507599 36310049 1 0.00183237403812382 36310049 36310049 0
4 15355 rs4862860 189022420 1 0.00182622788770162 189022420 189022420 0
4 9261 rs11933707 114109593 1 -0.00182394382707099 114109593 114109593 0
4 12904 rs12640159 161366623 1 -0.00182094869007449 161366623 161366623 0
4 3344 rs12502778 37117293 1 -0.00182003900965617 37117293 37117293 0
4 4925 rs11725660 58328884 1 0.00181163608673115 58328884 58328884 0
4 8398 rs11930552 102526313 1 -0.00180999056619847 102526313 102526313 0
4 4108 rs13144404 44435685 1 0.00180866589937085 44435685 44435685 0
4 7802 rs12641765 94962497 1 0.00180864508774054 94962497 94962497 0
4 4961 rs10517424 58835871 1 -0.00180487721157381 58835871 58835871 0
4 2886 rs901457 30614201 1 -0.00179422139388635 30614201 30614201 0
4 11222 rs2976481 139339576 1 0.00179283757115715 139339576 139339576 0
4 2582 rs13144861 27797571 2 0.00179135052249841 27797571 27797571 0
4 4242 rs6839998 47211774 1 -0.00178888221583303 47211774 47211774 0
4 2028 rs1913330 21929301 1 0.00178818147678079 21929301 21929301 0
4 2377 rs316807 25310351 1 0.00178742240933916 25310351 25310351 0
4 14019 rs11941310 174705265 1 0.00178563549440697 174705265 174705265 0
4 1253 rs4698737 14368628 1 0.00178426156978463 14368628 14368628 0
4 1609 rs6855040 17451760 1 -0.00177076641465598 17451760 17451760 0
4 8522 rs3796962 104574265 1 -0.00176778022404722 104574265 104574265 0
4 13664 rs11132434 169644844 1 -0.00176653807505893 169644844 169644844 0
4 8369 rs13142024 102089849 2 0.00174399705884635 102089849 102089849 0
4 11930 rs17620822 149190257 1 -0.00173924667441972 149190257 149190257 0
4 4928 rs17088360 58412269 1 -0.0017351687722786 58412269 58412269 0
4 8898 rs17040519 110466758 1 -0.00173336715675875 110466758 110466758 0
4 12577 rs11938052 157371613 1 -0.00173110217044058 157371613 157371613 0
4 3799 rs7665863 41080894 2 -0.00172835117021475 41080894 41080894 0
4 10471 rs1471556 128096615 1 0.00172647282898044 128096615 128096615 0
4 11534 rs11930321 143305002 2 0.00172213513759239 143305002 143305002 0
4 3709 rs9683756 40279534 1 -0.00172178263982728 40279534 40279534 0
4 9622 rs11562926 118650042 1 -0.0017105390248074 118650042 118650042 0
4 9524 rs12649613 117946646 2 -0.00170786588743237 117946646 117946646 0
4 4581 rs1498828 54736988 1 -0.00170259988310359 54736988 54736988 0
4 12516 rs10517620 156676558 1 0.00170142511604402 156676558 156676558 0
4 1654 rs2251890 17966548 1 -0.00169994027819566 17966548 17966548 0
4 6407 rs9307270 78306419 1 -0.0016995760661284 78306419 78306419 0
4 10561 rs318533 129829245 1 -0.00169117235305252 129829245 129829245 0
4 9333 rs13112787 114958543 1 -0.00169097464828266 114958543 114958543 0
4 2824 rs16883353 30346867 1 -0.00168818865877164 30346867 30346867 0
4 13533 rs6854438 168375863 1 0.00168781947876287 168375863 168375863 0
4 14294 rs11131820 178683325 1 0.00168435385281097 178683325 178683325 0
4 12884 rs294514 161280429 1 -0.00167974754664243 161280429 161280429 0
4 1368 rs13116304 15569146 1 0.00167744180271287 15569146 15569146 0
4 7532 rs1812923 90739539 1 -0.00167400281471022 90739539 90739539 0
4 612 rs4696886 7967683 1 0.00167067560094835 7967683 7967683 0
4 13234 rs4691956 165037553 1 -0.00166793113764262 165037553 165037553 0
4 15354 rs10004012 189018613 1 -0.00166553587093286 189018613 189018613 0
4 132 rs13128459 2471236 1 0.00166355968809007 2471236 2471236 0
4 2201 rs2932971 23818884 1 -0.00166025411476186 23818884 23818884 0
4 1337 rs4303974 15375984 1 0.00166020029597873 15375984 15375984 0
4 41 rs6815138 941290 2 -0.00165701048478378 941290 941290 0
4 653 rs11735859 8377058 1 -0.00165259021418694 8377058 8377058 0
4 7089 rs2869433 87279096 1 0.00164886800869805 87279096 87279096 0
4 8555 rs960345 105230647 1 0.0016457553002929 105230647 105230647 0
4 242 rs7674400 4360381 1 -0.00164169305622344 4360381 4360381 0
4 4629 rs218282 55424655 1 -0.00163575381124995 55424655 55424655 0
4 556 rs2079169 7685529 2 0.00162345633783867 7685529 7685529 0
4 2104 rs12507337 22661136 1 0.0016229302441867 22661136 22661136 0
4 145 rs2341303 2747475 1 -0.00162057888939407 2747475 2747475 0
4 1949 rs1390262 21387660 1 -0.00161111617787464 21387660 21387660 0
4 14602 rs2546570 181423108 1 -0.00161105217101965 181423108 181423108 0
4 8434 rs2631267 102948472 1 0.00160945225571801 102948472 102948472 0
4 15152 rs4253239 187148475 1 -0.00160865861874492 187148475 187148475 0
4 14900 rs4862210 184399833 2 0.00160750535852686 184399833 184399833 0
4 10256 rs4129246 126081446 1 -0.00160719951544057 126081446 126081446 0
4 15183 rs11931790 187340688 1 0.00160468382265869 187340688 187340688 0
4 11808 rs1370300 147941480 2 0.00160376944366732 147941480 147941480 0
4 9032 rs4605724 111685081 1 -0.00160330172417711 111685081 111685081 0
4 10264 rs9998852 126170152 1 -0.00160296601588437 126170152 126170152 0
4 2185 rs2130926 23712830 1 -0.00160240093941491 23712830 23712830 0
4 9813 rs6831851 121021737 1 -0.00159441228273579 121021737 121021737 0
4 14382 rs2378847 179491966 1 0.00158742086436329 179491966 179491966 0
4 6034 rs1350666 75224590 1 -0.00157832602512389 75224590 75224590 0
4 1426 rs2058147 15992486 1 0.00157411412241014 15992486 15992486 0
4 9669 rs12505156 119115366 1 -0.00155958858273146 119115366 119115366 0
4 15161 rs4253331 187179135 1 -0.00155910544979798 187179135 187179135 0
4 11360 rs6851301 140959594 1 -0.00155882044002445 140959594 140959594 0
4 9815 rs17010476 121034480 1 -0.00155615787860159 121034480 121034480 0
4 1324 rs974179 15175036 2 -0.00155108881963555 15175036 15175036 0
4 11916 rs7670069 149063523 1 0.00155099661245899 149063523 149063523 0
4 12534 rs13117709 157008429 1 0.00154338220860821 157008429 157008429 0
4 8725 rs4403120 108120442 1 -0.00154166735160792 108120442 108120442 0
4 9574 rs6829877 118445839 1 -0.00153967733201743 118445839 118445839 0
4 10731 rs7675104 131340368 1 0.00153889485824429 131340368 131340368 0
4 5336 rs12501821 65309971 1 0.0015293331877997 65309971 65309971 0
4 13171 rs10001689 164492395 1 -0.00152186691311746 164492395 164492395 0
4 9686 rs11730327 119228883 1 -0.00152117995331077 119228883 119228883 0
4 15198 rs12506228 187382294 1 -0.00151598131773974 187382294 187382294 0
4 7865 rs11733843 95703047 1 -0.00151507528210438 95703047 95703047 0
4 14620 rs3113765 181535808 2 -0.00151270565007303 181535808 181535808 0
4 6863 rs1112035 83595614 1 0.00151207065034569 83595614 83595614 0
4 13863 rs7681428 172200213 1 -0.00150810629878943 172200213 172200213 0
4 35 rs2279186 875887 1 -0.00149926489324244 875887 875887 0
4 14112 rs13130150 175876473 2 -0.0014962931806635 175876473 175876473 0
4 15315 rs1466956 188590603 1 -0.00149360408060425 188590603 188590603 0
4 9942 rs17382098 122426239 1 0.00148450317212376 122426239 122426239 0
4 2794 rs7694142 29998853 1 -0.00148131536849756 29998853 29998853 0
4 2383 rs1553876 25317277 1 0.00147962295527893 25317277 25317277 0
4 7869 rs4599420 95708561 1 -0.00147492818526785 95708561 95708561 0
4 3381 rs6826632 37406820 1 0.00147468728585546 37406820 37406820 0
4 6398 rs17643945 78194110 2 0.0014740532214844 78194110 78194110 0
4 15171 rs7349633 187247089 1 0.00147194752477214 187247089 187247089 0
4 1360 rs7682982 15501503 1 0.00145943054210328 15501503 15501503 0
4 10458 rs340446 127977716 1 0.00145636688481497 127977716 127977716 0
4 2920 rs4269140 30874445 1 -0.0014547097802139 30874445 30874445 0
4 9173 rs7681983 113328669 1 -0.00144838354400672 113328669 113328669 0
4 13646 rs17707379 169509103 1 0.00144766521849536 169509103 169509103 0
4 1503 rs10805350 16531401 1 0.00144286485875646 16531401 16531401 0
4 372 rs899694 5753053 1 -0.00143739153031957 5753053 5753053 0
4 1617 rs2597754 17484602 1 0.00143628122136729 17484602 17484602 0
4 8353 rs2850611 101904205 1 -0.00143421165134115 101904205 101904205 0
4 5402 rs1349446 66218334 1 -0.00143021601780897 66218334 66218334 0
4 14490 rs10084772 180635834 1 -0.00142970407772771 180635834 180635834 0
4 10339 rs11730519 126873883 1 -0.00142405736495831 126873883 126873883 0
4 1190 rs17811685 13860927 1 0.00141650169418363 13860927 13860927 0
4 7890 rs10021303 95856681 1 -0.00141168418253889 95856681 95856681 0
4 7477 rs11733183 90170094 1 0.00141011813975645 90170094 90170094 0
4 6050 rs11099492 75575898 1 -0.00140807778469716 75575898 75575898 0
4 9145 rs10516583 113025264 1 -0.00140771060617394 113025264 113025264 0
4 5144 rs4318679 61249246 1 0.00140546644324972 61249246 61249246 0
4 3238 rs13152028 36060318 2 -0.00140400266599478 36060318 36060318 0
4 14807 rs2063905 183198752 1 -0.00140179918763948 183198752 183198752 0
4 15010 rs10001154 185849906 1 -0.00139883009506901 185849906 185849906 0
4 3218 rs1368621 35929368 1 -0.00139784259998614 35929368 35929368 0
4 9325 rs13126791 114754302 1 -0.00139226077007865 114754302 114754302 0
4 7605 rs11097264 91711665 1 -0.00138956079306218 91711665 91711665 0
4 3513 rs7694647 38181187 2 -0.00138911744555653 38181187 38181187 0
4 8620 rs62621450 106197000 1 0.00138788302957518 106197000 106197000 0
4 12265 rs10001638 154055176 1 0.00138151568575024 154055176 154055176 0
4 9326 rs4834359 114762343 1 -0.00137597416763984 114762343 114762343 0
4 9895 rs1960385 122004252 1 -0.00137570257567914 122004252 122004252 0
4 10163 rs13145092 125209067 1 0.00136521923148598 125209067 125209067 0
4 1466 rs11721706 16281681 1 0.00136409878548042 16281681 16281681 0
4 10034 rs2306369 123268859 1 0.00136066793138254 123268859 123268859 0
4 2491 rs7660174 26852438 1 0.00135471885860299 26852438 26852438 0
4 12244 rs12503416 153631060 1 -0.00135114453853852 153631060 153631060 0
4 12976 rs13127585 162001907 1 -0.00134732993281798 162001907 162001907 0
4 964 rs9683691 11201074 1 -0.00133085212463007 11201074 11201074 0
4 8970 rs7662161 110975433 1 0.00132770242129353 110975433 110975433 0
4 14724 rs13107304 182432295 1 -0.00132721658159388 182432295 182432295 0
4 11176 rs6839772 138578594 1 -0.00132403467212859 138578594 138578594 0
4 1418 rs2286461 15963673 1 0.0013230321289183 15963673 15963673 0
4 14205 rs309722 177399566 1 -0.00131804267487344 177399566 177399566 0
4 13398 rs1380355 166602585 1 -0.0013168510281994 166602585 166602585 0
4 14578 rs10520443 181158380 1 0.00131543711839828 181158380 181158380 0
4 2259 rs4697052 24223553 1 0.00131422966389842 24223553 24223553 0
4 1478 rs2191958 16334352 1 0.00131303144666404 16334352 16334352 0
4 13170 rs6815345 164471823 1 0.00130463227232362 164471823 164471823 0
4 12547 rs7676050 157098758 1 -0.00130443725577892 157098758 157098758 0
4 780 rs3756227 10087995 1 0.00130413110432384 10087995 10087995 0
4 12770 rs6849580 159950990 2 0.00130334766050704 159950990 159950990 0
4 3661 rs10019532 39515736 1 -0.00129525305352438 39515736 39515736 0
4 10503 rs58225850 128949799 1 0.00129201695499339 128949799 128949799 0
4 111 rs17680881 1732978 1 0.00128806010641035 1732978 1732978 0
4 6861 rs11935974 83573730 1 -0.00128195701546619 83573730 83573730 0
4 993 rs11725667 11513562 1 0.0012817410767506 11513562 11513562 0
4 6590 rs3935850 80663590 1 -0.00127729078650165 80663590 80663590 0
4 5931 rs7683184 73620929 1 -0.0012736530676064 73620929 73620929 0
4 5586 rs1106653 68197397 1 -0.00127317537919466 68197397 68197397 0
4 9386 rs7675371 115829919 1 0.00126682737572619 115829919 115829919 0
4 3073 rs13110509 32813842 1 -0.00125915769089012 32813842 32813842 0
4 9014 rs939213 111420577 1 0.0012555941408381 111420577 111420577 0
4 12839 rs4690958 160766276 1 0.00125467389637819 160766276 160766276 0
4 8503 rs4699052 104137790 1 -0.00125254753657052 104137790 104137790 0
4 6063 rs9307118 75682484 1 -0.00124186873053671 75682484 75682484 0
4 9182 rs13148353 113352628 1 0.00124162878641332 113352628 113352628 0
4 14654 rs13117129 182032424 1 -0.00123687646885352 182032424 182032424 0
4 12122 rs7697992 151998622 1 -0.00123212876583563 151998622 151998622 0
4 8394 rs13434873 102451022 2 0.0012254549730276 102451022 102451022 0
4 11872 rs11557361 148560193 1 0.0012184078379618901 148560193 148560193 0
4 4106 rs4312793 44424487 1 -0.00121591280651907 44424487 44424487 0
4 3258 rs35822395 36230843 1 0.00121348270253458 36230843 36230843 0
4 9012 rs16997154 111419197 2 0.00121136577143292 111419197 111419197 0
4 2633 rs10517137 28226334 1 -0.00121084964344354 28226334 28226334 0
4 9004 rs17625855 111288254 1 -0.00120299441088909 111288254 111288254 0
4 6936 rs4693646 84721814 1 -0.00119538237529988 84721814 84721814 0
4 10260 rs13110472 126117627 1 -0.00119086488247019 126117627 126117627 0
4 7213 rs1381626 88552784 1 -0.00118956757126385 88552784 88552784 0
4 223 rs2916458 4309677 2 -0.00118865475992253 4309677 4309677 0
4 11844 rs2714886 148229316 1 0.0011830055509745 148229316 148229316 0
4 11495 rs4956433 142984889 1 -0.0011807977871465 142984889 142984889 0
4 10059 rs4833253 123578850 1 0.00117988481217329 123578850 123578850 0
4 14495 rs17090640 180667647 1 0.00117574407696382 180667647 180667647 0
4 14903 rs11723316 184415338 1 0.00117266320475727 184415338 184415338 0
4 131 rs36086854 2460546 1 -0.0011697455212175 2460546 2460546 0
4 13893 rs11132917 172764187 1 -0.00116743897279738 172764187 172764187 0
4 7990 rs11943079 97132023 1 0.00115843973601323 97132023 97132023 0
4 11262 rs10020229 139687856 2 0.00115643777612634 139687856 139687856 0
4 11153 rs6831421 138349799 1 0.00115488659669103 138349799 138349799 0
4 7319 rs2725264 89026109 1 0.00115220157886395 89026109 89026109 0
4 3725 rs10026108 40379061 1 -0.00114989361287577 40379061 40379061 0
4 4138 rs10517121 44871784 2 -0.00114874837153088 44871784 44871784 0
4 9800 rs10018121 120846553 1 -0.00114782311053295 120846553 120846553 0
4 15420 rs6849122 189673094 1 -0.0011466467173362 189673094 189673094 0
4 7654 rs10516896 92356118 1 0.00113787415369585 92356118 92356118 0
4 12600 rs8180255 157548520 2 -0.00113627897860299 157548520 157548520 0
4 770 rs10012779 10038112 2 -0.00112433560619506 10038112 10038112 0
4 14445 rs6826259 180257370 1 0.00112360311029668 180257370 180257370 0
4 647 rs1678272 8353829 1 0.0011205324382733701 8353829 8353829 0
4 4632 rs2537883 55478047 1 0.00112029496362642 55478047 55478047 0
4 11750 rs11944523 147374979 1 -0.00110468073362748 147374979 147374979 0
4 11615 rs2657799 145282779 2 0.00110446778358997 145282779 145282779 0
4 11273 rs7689448 139790626 1 -0.00110350691191086 139790626 139790626 0
4 12604 rs11943855 157557726 1 0.00110324721309906 157557726 157557726 0
4 9083 rs9307366 112233572 2 0.00110140382584287 112233572 112233572 0
4 1662 rs7687236 18135757 1 -0.00109905489636248 18135757 18135757 0
4 6081 rs17250773 75967100 1 0.00109651365501462 75967100 75967100 0
4 1957 rs11730849 21438786 2 -0.00109606824372654 21438786 21438786 0
4 14269 rs13112358 178274750 1 0.00109248779311279 178274750 178274750 0
4 9964 rs3811745 122531359 1 0.00108347937771198 122531359 122531359 0
4 14249 rs1545089 177854130 2 0.00108249272445332 177854130 177854130 0
4 5395 rs7356402 66191356 1 -0.00107862064422441 66191356 66191356 0
4 237 rs6843595 4351730 1 0.0010779707771694201 4351730 4351730 0
4 14118 rs6820739 176028487 1 0.00107374420004489 176028487 176028487 0
4 3004 rs1879999 31987807 1 -0.00107357670693065 31987807 31987807 0
4 15197 rs2100281 187380057 1 0.0010732927168613 187380057 187380057 0
4 14113 rs6833590 175876667 2 -0.00106919556160939 175876667 175876667 0
4 6062 rs11734944 75681217 1 -0.00106529857712632 75681217 75681217 0
4 2187 rs17572286 23724215 1 -0.00106154925671145 23724215 23724215 0
4 13056 rs11938253 162770250 1 -0.00105570916100016 162770250 162770250 0
4 518 rs17755381 7282506 1 0.00105480902458909 7282506 7282506 0
4 13020 rs13141240 162473868 1 0.00105404561990571 162473868 162473868 0
4 9978 rs6830321 122614755 1 0.00105194400923373 122614755 122614755 0
4 10170 rs1851689 125326845 1 0.00104960338158678 125326845 125326845 0
4 6188 rs2089253 76697211 1 0.0010494113717244 76697211 76697211 0
4 5208 rs12505990 62140177 1 0.00104047605916403 62140177 62140177 0
4 12135 rs10520104 152179311 1 -0.0010401697379604 152179311 152179311 0
4 7951 rs992852 96560136 1 -0.00103451440050132 96560136 96560136 0
4 14831 rs7671649 183450690 1 -0.00103391440055657 183450690 183450690 0
4 1621 rs10604 17488132 1 0.00103389080782675 17488132 17488132 0
4 8494 rs115134771 103999220 1 -0.00103021042357995 103999220 103999220 0
4 241 rs13146316 4355774 2 -0.00101355174776411 4355774 4355774 0
4 8880 rs10005272 110250481 1 0.00101001568406677 110250481 110250481 0
4 3849 rs1061597 41691601 2 0.00100982772917123 41691601 41691601 0
4 9649 rs4560487 118828807 1 -0.0010068848682465 118828807 118828807 0
4 9439 rs7686539 116828127 1 -0.00100596669581573 116828127 116828127 0
4 4863 rs12644747 57913112 1 -0.00100543083064415 57913112 57913112 0
4 13558 rs10002325 168705038 1 0.00100483951731526 168705038 168705038 0
4 9908 rs4833711 122193376 1 0.00100125827955345 122193376 122193376 0
4 1318 rs17452586 15143489 1 -0.00100071878716044 15143489 15143489 0
4 1075 rs13109502 12541613 2 -9.953790122118706e-4 12541613 12541613 0
4 15405 rs6553202 189449669 1 9.94755279775802e-4 189449669 189449669 0
4 12262 rs932159 154012692 1 -9.920198895604093e-4 154012692 154012692 0
4 5141 rs10517498 61210768 1 -9.914938882671788e-4 61210768 61210768 0
4 2983 rs13136356 31758426 1 -9.914200844328737e-4 31758426 31758426 0
4 11606 rs7692784 145130096 1 -9.788759802848298e-4 145130096 145130096 0
4 1006 rs6845061 11624085 2 9.788369886090569e-4 11624085 11624085 0
4 11527 rs3756121 143235344 1 -9.778549295834337e-4 143235344 143235344 0
4 14728 rs17071683 182438604 1 -9.773391638731555e-4 182438604 182438604 0
4 12285 rs10030193 154427319 1 9.74932391517494e-4 154427319 154427319 0
4 14965 rs793890 185248266 1 -9.7412566105229e-4 185248266 185248266 0
4 14855 rs2309777 183722743 1 9.721047458970822e-4 183722743 183722743 0
4 23 rs1044147 763077 1 9.716306346200908e-4 763077 763077 0
4 9636 rs11562877 118716424 1 -9.70469262687681e-4 118716424 118716424 0
4 14415 rs7670541 179770149 1 9.663267041349838e-4 179770149 179770149 0
4 11298 rs6853235 140253202 1 9.648898919986036e-4 140253202 140253202 0
4 3527 rs1487628 38309613 2 -9.614335419296504e-4 38309613 38309613 0
4 640 rs754740 8331956 2 9.584374818603946e-4 8331956 8331956 0
4 2215 rs10517029 23961394 1 -9.551459097124562e-4 23961394 23961394 0
4 12969 rs4128879 161878992 1 9.52043884637266e-4 161878992 161878992 0
4 310 rs12651470 5128511 1 9.497474580278332e-4 5128511 5128511 0
4 3570 rs12499028 38639708 1 -9.432881460934608e-4 38639708 38639708 0
4 4817 rs973031 57587795 2 -9.421849813045766e-4 57587795 57587795 0
4 12012 rs11727085 149949967 1 -9.409788024905208e-4 149949967 149949967 0
4 596 rs28738908 7865324 2 -9.367110180804192e-4 7865324 7865324 0
4 12934 rs2350469 161517400 1 -9.28553270931667e-4 161517400 161517400 0
4 3538 rs901703 38413846 1 9.262514796461288e-4 38413846 38413846 0
4 8761 rs4585383 108681819 1 -9.260618411088036e-4 108681819 108681819 0
4 4110 rs6815111 44531148 2 9.231713278966532e-4 44531148 44531148 0
4 14024 rs10033133 174824576 1 -9.218630240547e-4 174824576 174824576 0
4 7073 rs1599313 87135124 1 -9.14256008024929e-4 87135124 87135124 0
4 1453 rs7359 16164489 1 -9.101790235428624e-4 16164489 16164489 0
4 13965 rs7667977 173995332 1 -9.093579012836992e-4 173995332 173995332 0
4 10171 rs7691579 125332916 2 -9.064754751551808e-4 125332916 125332916 0
4 8623 rs6827660 106239038 2 9.042978011940696e-4 106239038 106239038 0
4 10402 rs7695327 127525235 1 -9.039634902565012e-4 127525235 127525235 0
4 9233 rs10433899 113724108 1 -9.035120802615172e-4 113724108 113724108 0
4 9915 rs2302309 122257950 1 9.034774579903264e-4 122257950 122257950 0
4 11876 rs12645249 148696667 1 9.015139248873927e-4 148696667 148696667 0
4 9282 rs916874 114392393 1 8.993111424999104e-4 114392393 114392393 0
4 9465 rs970943 117379825 1 8.983565244861368e-4 117379825 117379825 0
4 1151 rs1973655 13037938 1 8.927226647076514e-4 13037938 13037938 0
4 8104 rs10516428 99237439 1 8.911802123427947e-4 99237439 99237439 0
4 6306 rs12651108 77411996 1 8.89793660777664e-4 77411996 77411996 0
4 8145 rs12502429 99682017 1 8.892255851391548e-4 99682017 99682017 0
4 2821 rs10049908 30328822 1 -8.892137740209114e-4 30328822 30328822 0
4 8807 rs852269 109236454 1 8.890126330715869e-4 109236454 109236454 0
4 6750 rs1452373 82284055 1 8.888211742164606e-4 82284055 82284055 0
4 9136 rs6812046 112902209 1 -8.887062551816985e-4 112902209 112902209 0
4 12822 rs4383572 160558972 1 -8.87537529930158e-4 160558972 160558972 0
4 551 rs4689773 7522239 1 8.837314190989082e-4 7522239 7522239 0
4 15495 rs1551137 190438606 1 8.832274588387772e-4 190438606 190438606 0
4 2410 rs10013819 25577184 1 8.797491329549633e-4 25577184 25577184 0
4 9810 rs12711084 120989853 1 8.796744390769072e-4 120989853 120989853 0
4 9240 rs2174558 113927365 1 -8.750904281432544e-4 113927365 113927365 0
4 4798 rs12644498 57372630 1 -8.74881620685382e-4 57372630 57372630 0
4 6433 rs920666 78511203 2 -8.732511499626272e-4 78511203 78511203 0
4 6264 rs6849069 77179518 1 -8.718564431240498e-4 77179518 77179518 0
4 12883 rs1532391 161240911 1 8.699194306658866e-4 161240911 161240911 0
4 15429 rs2377458 189756940 2 8.675815927210828e-4 189756940 189756940 0
4 39 rs6599389 939113 2 -8.655884741715365e-4 939113 939113 0
4 1060 rs6448887 12361202 2 -8.643405079386357e-4 12361202 12361202 0
4 6833 rs13116695 83094251 1 8.633236520487469e-4 83094251 83094251 0
4 8561 rs7682418 105428417 1 8.596330358753995e-4 105428417 105428417 0
4 4921 rs11937087 58314264 1 -8.593349595777747e-4 58314264 58314264 0
4 13497 rs10517920 167932509 1 8.592145618807983e-4 167932509 167932509 0
4 6775 rs6535279 82677938 1 -8.564793245859669e-4 82677938 82677938 0
4 10796 rs11946679 132081509 1 -8.534445572081749e-4 132081509 132081509 0
4 6349 rs344135 77652219 1 8.508363433408761e-4 77652219 77652219 0
4 6320 rs17002074 77464016 1 -8.480129493556785e-4 77464016 77464016 0
4 12869 rs13145112 161206712 1 -8.461670457762801e-4 161206712 161206712 0
4 1529 rs150260 16777175 1 -8.451888143165131e-4 16777175 16777175 0
4 9812 rs2892890 120992642 1 8.432192468523101e-4 120992642 120992642 0
4 1595 rs16894953 17361114 1 8.420953324364532e-4 17361114 17361114 0
4 3774 rs6817509 40885144 1 8.419793795569801e-4 40885144 40885144 0
4 10565 rs318544 129836458 1 -8.371329323620198e-4 129836458 129836458 0
4 13481 rs6826162 167450233 1 8.36651706969813e-4 167450233 167450233 0
4 13152 rs4404501 164289631 1 -8.35528078777085e-4 164289631 164289631 0
4 9718 rs10857061 119781338 1 -8.348377724311828e-4 119781338 119781338 0
4 13154 rs11100500 164300776 1 -8.302296107755234e-4 164300776 164300776 0
4 3576 rs16994718 38688362 1 8.293305181270811e-4 38688362 38688362 0
4 9858 rs1450476 121784013 1 8.292408143433094e-4 121784013 121784013 0
4 12451 rs983146 156213709 1 8.283743174868829e-4 156213709 156213709 0
4 3941 rs10938199 42622148 1 -8.277978441527389e-4 42622148 42622148 0
4 11268 rs6855592 139698522 1 -8.275151229765954e-4 139698522 139698522 0
4 11698 rs1979974 146800815 1 8.2417961620616e-4 146800815 146800815 0
4 3266 rs60640167 36317965 1 -8.208299506170606e-4 36317965 36317965 0
4 3515 rs4832994 38189873 1 -8.201111850159783e-4 38189873 38189873 0
4 11141 rs10519419 138225124 1 8.183757965894861e-4 138225124 138225124 0
4 9078 rs17042997 112145870 1 8.169453580398056e-4 112145870 112145870 0
4 11132 rs1588824 138135380 1 -8.163854276038256e-4 138135380 138135380 0
4 5675 rs6818594 69850452 1 8.156665299252156e-4 69850452 69850452 0
4 13064 rs2163492 162797025 1 8.138655024804977e-4 162797025 162797025 0
4 6952 rs1847819 84894991 1 8.135832823319442e-4 84894991 84894991 0
4 14777 rs10012658 182757406 1 -8.132646099850529e-4 182757406 182757406 0
4 8563 rs10516510 105437362 1 8.09611223013796e-4 105437362 105437362 0
4 8411 rs9998865 102717146 1 -8.044125755735842e-4 102717146 102717146 0
4 2802 rs2613180 30132119 1 8.036509080419045e-4 30132119 30132119 0
4 7072 rs1460761 87096662 1 8.006647536509465e-4 87096662 87096662 0
4 6182 rs7665811 76633325 1 7.948604778097101e-4 76633325 76633325 0
4 3197 rs11731044 35740465 1 -7.940831835540347e-4 35740465 35740465 0
4 4754 rs534208 57127117 1 7.903926962358873e-4 57127117 57127117 0
4 456 rs6813305 6456871 1 -7.890415859350795e-4 6456871 6456871 0
4 5344 rs17663093 65412694 1 7.889308167823321e-4 65412694 65412694 0
4 12288 rs3864176 154466939 1 -7.881496770342165e-4 154466939 154466939 0
4 7534 rs11097238 90746709 1 -7.878448478064435e-4 90746709 90746709 0
4 3064 rs10025667 32695806 1 -7.877411438531083e-4 32695806 32695806 0
4 105 rs798752 1720312 1 7.854602408461706e-4 1720312 1720312 0
4 5534 rs7695566 67525255 1 -7.813212441004555e-4 67525255 67525255 0
4 8254 rs7666347 100666364 1 -7.80023526427152e-4 100666364 100666364 0
4 10494 rs10007344 128474999 1 -7.7697334048463e-4 128474999 128474999 0
4 13031 rs11100377 162530770 1 7.760584186593327e-4 162530770 162530770 0
4 5084 rs6811282 60367869 1 -7.739057464593867e-4 60367869 60367869 0
4 400 rs6840908 5931208 1 7.734937514547563e-4 5931208 5931208 0
4 5863 rs2177921 72531761 2 7.724780530240227e-4 72531761 72531761 0
4 917 rs7698615 10877223 1 7.720855353166538e-4 10877223 10877223 0
4 13675 rs1392750 169745078 2 -7.716148732537522e-4 169745078 169745078 0
4 6336 rs7695340 77551310 1 7.700713595729584e-4 77551310 77551310 0
4 10511 rs1391980 129218126 1 7.688468270416625e-4 129218126 129218126 0
4 4641 rs2237034 55528653 2 7.660762379205054e-4 55528653 55528653 0
4 6603 rs10031299 80753792 1 -7.626346647293233e-4 80753792 80753792 0
4 10746 rs1968821 131499397 2 7.597851525459195e-4 131499397 131499397 0
4 9939 rs6842940 122401640 1 -7.585025106103724e-4 122401640 122401640 0
4 7743 rs3796675 94146093 1 -7.557774420535969e-4 94146093 94146093 0
4 1490 rs1501129 16386573 1 7.535021803191751e-4 16386573 16386573 0
4 1189 rs4698178 13855897 1 -7.531063429061939e-4 13855897 13855897 0
4 178 rs363084 3132436 1 -7.514794633537611e-4 3132436 3132436 0
4 10695 rs2391577 130912560 1 7.497487553322513e-4 130912560 130912560 0
4 14052 rs4342175 175066056 1 -7.475063866997592e-4 175066056 175066056 0
4 7940 rs7699716 96428992 1 7.462860131031802e-4 96428992 96428992 0
4 11131 rs10519410 138134581 1 -7.460803850586333e-4 138134581 138134581 0
4 9900 rs13116936 122126808 1 7.446359042542868e-4 122126808 122126808 0
4 1148 rs10004129 13030822 2 7.430909453216753e-4 13030822 13030822 0
4 13680 rs4396955 169845720 2 7.412629223429853e-4 169845720 169845720 0
4 11170 rs151070417 138442527 1 7.382795879236738e-4 138442527 138442527 0
4 13317 rs13126014 165726126 2 7.377767501941592e-4 165726126 165726126 0
4 8536 rs12645446 104963745 1 -7.333963786112193e-4 104963745 104963745 0
4 7370 rs11736472 89458051 1 7.324829306491334e-4 89458051 89458051 0
4 7460 rs10516828 90051294 1 -7.323442928662083e-4 90051294 90051294 0
4 3824 rs11735648 41319962 1 7.295806659741057e-4 41319962 41319962 0
4 4623 rs170118 55390494 1 -7.294550833583998e-4 55390494 55390494 0
4 167 rs34857805 3005964 1 7.250045090023748e-4 3005964 3005964 0
4 13594 rs1671317 169181574 2 -7.241781590482474e-4 169181574 169181574 0
4 6824 rs6814999 82932359 1 7.231497077675525e-4 82932359 82932359 0
4 9743 rs10857064 120009168 1 -7.229699438758865e-4 120009168 120009168 0
4 4361 rs17470585 48091768 1 -7.214137300161532e-4 48091768 48091768 0
4 14731 rs17071724 182458937 1 7.180753963484563e-4 182458937 182458937 0
4 4160 rs1858410 45191856 1 7.161615898001174e-4 45191856 45191856 0
4 3798 rs1508067 41078183 1 -7.070746897593474e-4 41078183 41078183 0
4 2590 rs17671452 27813390 1 -7.051293616086418e-4 27813390 27813390 0
4 8464 rs151401 103190128 1 -7.028359027931961e-4 103190128 103190128 0
4 13009 rs10007971 162327567 1 7.008264795335709e-4 162327567 162327567 0
4 9945 rs883029 122431579 1 -7.005471313106201e-4 122431579 122431579 0
4 3601 rs7663239 38785850 1 -6.993799632272101e-4 38785850 38785850 0
4 13174 rs3828491 164506575 1 -6.959376430134889e-4 164506575 164506575 0
4 8003 rs4146411 97266060 1 6.95437614923506e-4 97266060 97266060 0
4 1229 rs4698245 14242032 1 -6.945911440839239e-4 14242032 14242032 0
4 5411 rs7683477 66262020 1 6.943188539451433e-4 66262020 66262020 0
4 8007 rs7693049 97419088 1 6.931198325381765e-4 97419088 97419088 0
4 12138 rs36097019 152201053 1 6.901505151421442e-4 152201053 152201053 0
4 9797 rs1503540 120812306 1 6.871707273668043e-4 120812306 120812306 0
4 11819 rs4835063 147980595 1 6.851702317783964e-4 147980595 147980595 0
4 941 rs13143997 10980181 1 6.840850636240048e-4 10980181 10980181 0
4 13401 rs2611259 166619952 2 -6.817002301934207e-4 166619952 166619952 0
4 8872 rs7695378 110181439 1 -6.815391052382112e-4 110181439 110181439 0
4 10522 rs6850541 129373016 1 6.811869585811624e-4 129373016 129373016 0
4 7456 rs17015025 90034030 1 -6.8109505779687e-4 90034030 90034030 0
4 3998 rs6850625 43082956 1 6.80900289361076e-4 43082956 43082956 0
4 7200 rs17012782 88443685 1 6.800246581360092e-4 88443685 88443685 0
4 11903 rs2276932 148984321 1 6.770306087367452e-4 148984321 148984321 0
4 3514 rs586844 38187084 1 6.768556966237196e-4 38187084 38187084 0
4 2541 rs7356206 27254091 1 6.741036007749197e-4 27254091 27254091 0
4 882 rs5000857 10502334 1 6.666757952882888e-4 10502334 10502334 0
4 14234 rs13145169 177514316 1 -6.665745625753738e-4 177514316 177514316 0
4 11401 rs2036020 141451033 1 6.646367966085601e-4 141451033 141451033 0
4 14783 rs6823165 182784916 1 6.627356617572895e-4 182784916 182784916 0
4 5870 rs2282679 72608383 1 6.614940339045837e-4 72608383 72608383 0
4 8702 rs7695009 107654943 1 6.608176896611778e-4 107654943 107654943 0
4 438 rs4270639 6391735 1 -6.605678305165646e-4 6391735 6391735 0
4 13287 rs13114673 165515604 1 -6.571581917939405e-4 165515604 165515604 0
4 11601 rs9799404 144894260 1 -6.564044917023075e-4 144894260 144894260 0
4 12493 rs3806776 156586804 1 -6.561091415511133e-4 156586804 156586804 0
4 5167 rs13125772 61443447 1 6.539901810863675e-4 61443447 61443447 0
4 6333 rs4330370 77545018 1 6.53954516253299e-4 77545018 77545018 0
4 610 rs10023401 7953583 1 -6.502260265473241e-4 7953583 7953583 0
4 3729 rs2307046 40438576 1 6.460828897158057e-4 40438576 40438576 0
4 14923 rs892836 184781037 1 -6.459306074030672e-4 184781037 184781037 0
4 11134 rs2406716 138160754 1 -6.455733339426809e-4 138160754 138160754 0
4 1443 rs317881 16121755 2 -6.428771879066267e-4 16121755 16121755 0
4 2494 rs12505133 26883909 2 6.413769685164653e-4 26883909 26883909 0
4 11749 rs4835037 147374606 1 -6.330437844455268e-4 147374606 147374606 0
4 6178 rs2037012 76566975 1 6.318310733034746e-4 76566975 76566975 0
4 10035 rs1127348 123280860 1 -6.310788537150282e-4 123280860 123280860 0
4 7051 rs343853 86661171 1 6.282550849636315e-4 86661171 86661171 0
4 1555 rs16894315 17092275 1 6.248989586685651e-4 17092275 17092275 0
4 11093 rs12651678 137713140 1 6.247865949177351e-4 137713140 137713140 0
4 7671 rs1485989 92758836 1 -6.21714459524233e-4 92758836 92758836 0
4 3956 rs1562839 42813800 1 6.153359749598982e-4 42813800 42813800 0
4 40 rs7687129 939883 2 -6.138219438759706e-4 939883 939883 0
4 13514 rs17703652 168259395 1 -6.126870059539726e-4 168259395 168259395 0
4 15009 rs9992707 185841910 1 -6.108234991605821e-4 185841910 185841910 0
4 4944 rs343549 58614509 2 -6.104410393708551e-4 58614509 58614509 0
4 8683 rs4340862 107318580 1 -6.090438783104212e-4 107318580 107318580 0
4 175 rs7664480 3084269 1 6.08994813721539e-4 3084269 3084269 0
4 3045 rs3890837 32440443 1 -6.075921878774837e-4 32440443 32440443 0
4 4235 rs10015561 47168708 1 -6.071486337444032e-4 47168708 47168708 0
4 8535 rs12651382 104955958 1 6.046870042710218e-4 104955958 104955958 0
4 6228 rs9307076 77027120 2 6.035945624395184e-4 77027120 77027120 0
4 2339 rs13135230 24996698 1 -6.008611144233435e-4 24996698 24996698 0
4 6888 rs4693594 84144625 2 -5.997313656837511e-4 84144625 84144625 0
4 33 rs2306245 862156 1 5.979651060089133e-4 862156 862156 0
4 8747 rs2726655 108572567 1 5.973226033008217e-4 108572567 108572567 0
4 4498 rs301135 53778384 1 5.952383455882723e-4 53778384 53778384 0
4 9995 rs953691 122813095 1 -5.938861439223943e-4 122813095 122813095 0
4 3195 rs7690983 35738694 1 -5.926787089422219e-4 35738694 35738694 0
4 378 rs12331393 5759347 2 -5.907126453326677e-4 5759347 5759347 0
4 1829 rs6447967 20516341 1 5.903975586039591e-4 20516341 20516341 0
4 4725 rs4865038 56717548 1 5.886764817548129e-4 56717548 56717548 0
4 4375 rs3792622 48164537 1 5.830408065802667e-4 48164537 48164537 0
4 15399 rs13114765 189390949 1 5.805415302220882e-4 189390949 189390949 0
4 10784 rs2220898 131983567 1 -5.797711187172698e-4 131983567 131983567 0
4 5783 rs10024123 71232430 1 -5.787866122873013e-4 71232430 71232430 0
4 2707 rs6833159 28832788 1 5.785802310335075e-4 28832788 28832788 0
4 14850 rs12648546 183661673 1 -5.759212062789381e-4 183661673 183661673 0
4 6532 rs41278059 79507418 1 -5.750969492913891e-4 79507418 79507418 0
4 13881 rs10212715 172516584 1 -5.710303390935807e-4 172516584 172516584 0
4 5929 rs4694519 73618256 1 5.648670942860918e-4 73618256 73618256 0
4 262 rs6824817 4653127 1 5.639637667230984e-4 4653127 4653127 0
4 8215 rs1826906 100301048 1 -5.635975707247797e-4 100301048 100301048 0
4 2967 rs1966546 31427408 1 5.634736941138438e-4 31427408 31427408 0
4 10484 rs1443171 128400330 1 -5.632686319593048e-4 128400330 128400330 0
4 3385 rs2928288 37422817 1 -5.629355169532578e-4 37422817 37422817 0
4 9090 rs6827570 112265165 1 5.610159141480372e-4 112265165 112265165 0
4 6769 rs4401444 82620131 1 5.603117012563383e-4 82620131 82620131 0
4 8579 rs578265 105543843 1 5.600830796790574e-4 105543843 105543843 0
4 418 rs16838138 6058701 1 5.592174720246434e-4 6058701 6058701 0
4 9447 rs7669751 116908711 1 -5.561157700884656e-4 116908711 116908711 0
4 9616 rs10022014 118629807 1 -5.553604076782735e-4 118629807 118629807 0
4 11607 rs4303930 145135525 1 -5.538360579509012e-4 145135525 145135525 0
4 6477 rs12511889 79222347 1 -5.537523398141323e-4 79222347 79222347 0
4 14282 rs12502937 178524145 1 5.532872573088028e-4 178524145 178524145 0
4 1424 rs10428501 15983618 1 5.511770224864756e-4 15983618 15983618 0
4 1452 rs10516298 16164230 1 5.508215494001855e-4 16164230 16164230 0
4 707 rs2867394 9872475 1 -5.50332722633669e-4 9872475 9872475 0
4 7215 rs1872270 88609681 1 -5.491983376695287e-4 88609681 88609681 0
4 5383 rs1440931 65902264 2 -5.462702051027377e-4 65902264 65902264 0
4 10376 rs10213170 127224641 1 5.458199463288212e-4 127224641 127224641 0
4 8274 rs11729426 101034456 2 5.408844862416171e-4 101034456 101034456 0
4 1411 rs2532098 15934723 1 5.381979871223296e-4 15934723 15934723 0
4 3528 rs1906297 38325105 1 -5.369988136122301e-4 38325105 38325105 0
4 5332 rs10025479 65231389 1 5.353081721650629e-4 65231389 65231389 0
4 12738 rs6832186 159481490 1 5.317231363362431e-4 159481490 159481490 0
4 1941 rs16870654 21267346 1 -5.286765907678922e-4 21267346 21267346 0
4 11834 rs2174804 148086342 1 5.277788727081607e-4 148086342 148086342 0
4 9901 rs13104875 122137121 2 -5.260708643941061e-4 122137121 122137121 0
4 390 rs2286282 5843266 1 5.259031171320069e-4 5843266 5843266 0
4 7944 rs10024436 96517899 1 5.219123731387958e-4 96517899 96517899 0
4 12488 rs2200168 156504520 1 -5.20555718704848e-4 156504520 156504520 0
4 10182 rs6828748 125464140 1 5.191828756453472e-4 125464140 125464140 0
4 15241 rs6553020 187668886 1 5.189898168195134e-4 187668886 187668886 0
4 14062 rs12651414 175126378 1 5.177647494369845e-4 175126378 175126378 0
4 2569 rs7697958 27614790 1 -5.164974493853039e-4 27614790 27614790 0
4 10195 rs17772791 125659471 1 -5.155874834627266e-4 125659471 125659471 0
4 8284 rs11734827 101108008 2 5.139754507969083e-4 101108008 101108008 0
4 10743 rs13105686 131468686 1 -5.131558925165673e-4 131468686 131468686 0
4 11326 rs1453132 140642444 1 -5.120413667594469e-4 140642444 140642444 0
4 10686 rs2968959 130827136 1 5.111064330845854e-4 130827136 130827136 0
4 14125 rs1879629 176289800 1 5.098716231960153e-4 176289800 176289800 0
4 8887 rs11098035 110350409 1 5.094940999229201e-4 110350409 110350409 0
4 7210 rs6822632 88502642 1 5.09044538555607e-4 88502642 88502642 0
4 3800 rs7679772 41104347 1 5.020467570656748e-4 41104347 41104347 0
4 1291 rs4698295 14812935 2 5.018213302151911e-4 14812935 14812935 0
4 10972 rs12510007 135332361 1 -5.00236722015864e-4 135332361 135332361 0
4 15006 rs7670324 185791901 1 -4.992609411120005e-4 185791901 185791901 0
4 14796 rs17226385 183034755 1 4.986513617958331e-4 183034755 183034755 0
4 10047 rs10857092 123389219 1 -4.9861487788568e-4 123389219 123389219 0
4 9385 rs11945934 115823991 1 4.969255074007094e-4 115823991 115823991 0
4 12313 rs13135284 154864750 2 -4.956691220421192e-4 154864750 154864750 0
4 9318 rs4446309 114736267 1 4.953708947974228e-4 114736267 114736267 0
4 6053 rs6836453 75589514 1 -4.924733465925932e-4 75589514 75589514 0
4 8545 rs795131 105097752 1 -4.911295306064264e-4 105097752 105097752 0
4 2629 rs12642383 28194516 1 -4.903363452360028e-4 28194516 28194516 0
4 10006 rs6840372 122978844 1 -4.899259928161527e-4 122978844 122978844 0
4 4711 rs10029315 56606769 1 4.889536101122072e-4 56606769 56606769 0
4 15072 rs13123635 186504441 1 4.887523677252041e-4 186504441 186504441 0
4 7948 rs17024229 96524095 1 -4.862510648325803e-4 96524095 96524095 0
4 5731 rs4149418 70592360 1 4.850083282550683e-4 70592360 70592360 0
4 7201 rs2011326 88448026 1 4.841830487959846e-4 88448026 88448026 0
4 5620 rs6818816 68629070 2 4.8066705061345727e-4 68629070 68629070 0
4 9830 rs13134323 121149877 1 4.801316450972747e-4 121149877 121149877 0
4 6297 rs4859673 77364799 1 -4.801029356342218e-4 77364799 77364799 0
4 14870 rs11132173 184201909 1 4.799817043326752e-4 184201909 184201909 0
4 5281 rs12500171 63509409 1 -4.7376425413388874e-4 63509409 63509409 0
4 621 rs2292739 8089598 1 -4.7297765492471946e-4 8089598 8089598 0
4 14057 rs873372 175069861 1 4.7265837823747393e-4 175069861 175069861 0
4 4984 rs1874069 59375747 1 4.720716926043424e-4 59375747 59375747 0
4 6677 rs7666589 81488421 1 4.719889312287288e-4 81488421 81488421 0
4 12068 rs999784 151208778 1 4.716017577264525e-4 151208778 151208778 0
4 9994 rs13151345 122812373 1 -4.701952637456993e-4 122812373 122812373 0
4 2179 rs990218 23632752 1 -4.691537689632586e-4 23632752 23632752 0
4 15351 rs11132507 188985493 1 4.6859551278686867e-4 188985493 188985493 0
4 10916 rs6810815 134488631 1 -4.6540815039975575e-4 134488631 134488631 0
4 12519 rs17033572 156727377 1 -4.651125649158454e-4 156727377 156727377 0
4 14496 rs13125519 180678226 1 -4.646458846458595e-4 180678226 180678226 0
4 8095 rs17027299 99078105 1 -4.63667489118128e-4 99078105 99078105 0
4 552 rs4689789 7588936 1 -4.6211673686882056e-4 7588936 7588936 0
4 2730 rs7671430 29135608 1 -4.615544432908541e-4 29135608 29135608 0
4 11805 rs1370299 147935557 2 -4.6019533921400546e-4 147935557 147935557 0
4 13862 rs13145065 172167890 1 -4.593740712947979e-4 172167890 172167890 0
4 2416 rs3796777 25674194 1 -4.579419863020771e-4 25674194 25674194 0
4 599 rs17770213 7896866 1 4.571387192158618e-4 7896866 7896866 0
4 238 rs2369105 4353086 1 -4.560613242237632e-4 4353086 4353086 0
4 7967 rs2865703 96647588 1 -4.5523302447984646e-4 96647588 96647588 0
4 9516 rs1440306 117875261 1 4.514697084560736e-4 117875261 117875261 0
4 8906 rs10017480 110548394 1 -4.5123941422595446e-4 110548394 110548394 0
4 11900 rs10213376 148936414 1 4.50142169592093e-4 148936414 148936414 0
4 13047 rs11100385 162678311 1 -4.48626410915032e-4 162678311 162678311 0
4 8605 rs1391441 106128760 1 4.449717991680525e-4 106128760 106128760 0
4 6536 rs10007186 79589045 1 -4.424871376891517e-4 79589045 79589045 0
4 6565 rs3924829 80352632 1 -4.4215137663108537e-4 80352632 80352632 0
4 2299 rs13137535 24624240 1 4.4138013121406496e-4 24624240 24624240 0
4 12571 rs17034575 157349944 1 4.412483050472576e-4 157349944 157349944 0
4 6834 rs2101680 83096524 2 4.363494998203163e-4 83096524 83096524 0
4 1434 rs10516295 16064027 1 -4.361669929737348e-4 16064027 16064027 0
4 15113 rs1031505 186873844 1 -4.353855844179821e-4 186873844 186873844 0
4 1317 rs1455207 15128633 1 4.3466591422235015e-4 15128633 15128633 0
4 12199 rs6837639 152872859 1 4.343287841233891e-4 152872859 152872859 0
4 6829 rs6827036 83027442 1 4.3428221081910694e-4 83027442 83027442 0
4 792 rs11722643 10127484 1 4.300938773149478e-4 10127484 10127484 0
4 4948 rs17088788 58708318 1 4.2985240553695974e-4 58708318 58708318 0
4 12982 rs10517736 162076088 1 -4.292834653684143e-4 162076088 162076088 0
4 4124 rs13138228 44592060 1 4.267853395761915e-4 44592060 44592060 0
4 7277 rs17013516 88808272 1 -4.24172439453929e-4 88808272 88808272 0
4 258 rs6840368 4645158 1 4.234252176664971e-4 4645158 4645158 0
4 989 rs10004232 11498145 1 -4.234249951479315e-4 11498145 11498145 0
4 5370 rs10452250 65815033 1 -4.233404624172929e-4 65815033 65815033 0
4 13136 rs11941112 164013880 1 4.226735642060095e-4 164013880 164013880 0
4 13669 rs7679564 169693353 2 -4.222473437519959e-4 169693353 169693353 0
4 6100 rs17000262 76034046 1 4.2202868663811216e-4 76034046 76034046 0
4 4469 rs346923 53412129 1 4.209381469506189e-4 53412129 53412129 0
4 4874 rs4579186 58015899 1 4.2073383399000576e-4 58015899 58015899 0
4 4085 rs10938322 44021975 2 -4.199050699560086e-4 44021975 44021975 0
4 3198 rs1348536 35750572 1 -4.191895737826638e-4 35750572 35750572 0
4 2735 rs2019100 29224491 1 -4.1887859043740976e-4 29224491 29224491 0
4 3705 rs794009 40139719 1 -4.1848731543882187e-4 40139719 40139719 0
4 9967 rs4833753 122550874 1 -4.1702135319581526e-4 122550874 122550874 0
4 9916 rs7698313 122264663 1 -4.1664331456482e-4 122264663 122264663 0
4 4569 rs11133287 54629262 1 -4.160797308534961e-4 54629262 54629262 0
4 8560 rs9307295 105405240 2 -4.159942448769656e-4 105405240 105405240 0
4 5007 rs1472926 59582759 1 4.15089986420236e-4 59582759 59582759 0
4 7060 rs9307010 86706193 1 -4.1407892428921826e-4 86706193 86706193 0
4 1438 rs10010994 16076784 1 -4.138829124813197e-4 16076784 16076784 0
4 613 rs7677869 7986860 1 4.137366498502459e-4 7986860 7986860 0
4 6490 rs1454890 79266563 1 4.1323859080310735e-4 79266563 79266563 0
4 12150 rs11732407 152401909 1 -4.116054637659653e-4 152401909 152401909 0
4 6289 rs17001890 77305346 1 -4.097911777002312e-4 77305346 77305346 0
4 34 rs755447 865227 1 -4.094192687279671e-4 865227 865227 0
4 11822 rs4571308 147998958 1 -4.079231189184903e-4 147998958 147998958 0
4 12170 rs7669761 152609304 1 -4.0736905442221634e-4 152609304 152609304 0
4 8635 rs7669317 106457330 1 -4.0730856029293233e-4 106457330 106457330 0
4 10668 rs10001198 130547353 1 -4.049579825058525e-4 130547353 130547353 0
4 6650 rs6827834 81200645 1 4.033915712880388e-4 81200645 81200645 0
4 7214 rs10034250 88601464 1 -4.0212808385293e-4 88601464 88601464 0
4 3754 rs1545077 40754154 1 -4.021107418855379e-4 40754154 40754154 0
4 5427 rs4132313 66381581 1 4.02100806371314e-4 66381581 66381581 0
4 3813 rs6842814 41205759 1 -4.019627347751897e-4 41205759 41205759 0
4 514 rs11931042 7241780 1 4.0148278900339966e-4 7241780 7241780 0
4 3042 rs733046 32432985 1 4.008976041790053e-4 32432985 32432985 0
4 5422 rs6831652 66300425 1 4.0057082629363274e-4 66300425 66300425 0
4 9375 rs10024217 115458115 2 4.0018178023637496e-4 115458115 115458115 0
4 8613 rs2726459 106184597 1 -4.000950460379268e-4 106184597 106184597 0
4 8686 rs13148020 107423164 1 -3.98896305891738e-4 107423164 107423164 0
4 1945 rs1485513 21341637 1 -3.98761865321013e-4 21341637 21341637 0
4 9392 rs505277 116028808 1 3.9842602416231344e-4 116028808 116028808 0
4 1515 rs4698502 16642464 1 3.964621446503539e-4 16642464 16642464 0
4 3267 rs9995922 36317970 1 3.946739841425235e-4 36317970 36317970 0
4 15389 rs2292432 189338040 1 -3.940620726131134e-4 189338040 189338040 0
4 9303 rs6827138 114594271 1 -3.911174751081176e-4 114594271 114594271 0
4 1150 rs981561 13037163 1 3.901762858094114e-4 13037163 13037163 0
4 2429 rs6831024 25863375 1 3.894978682654387e-4 25863375 25863375 0
4 11104 rs7695609 137886834 1 -3.8654470821445e-4 137886834 137886834 0
4 10387 rs4833346 127365329 1 -3.8645719679044385e-4 127365329 127365329 0
4 13816 rs1522571 171616095 2 -3.862489986680945e-4 171616095 171616095 0
4 10500 rs35858752 128628100 1 3.805190093077608e-4 128628100 128628100 0
4 7667 rs11097328 92691639 1 3.7989902910514457e-4 92691639 92691639 0
4 10608 rs1514572 130160706 1 -3.785438283796947e-4 130160706 130160706 0
4 14653 rs10520462 182025103 1 3.757209898795414e-4 182025103 182025103 0
4 11658 rs10006257 146205494 1 3.754795961852969e-4 146205494 146205494 0
4 4676 rs7661296 56155385 1 3.747985210121367e-4 56155385 56155385 0
4 9638 rs11562865 118727351 1 -3.731819464105924e-4 118727351 118727351 0
4 8226 rs13143848 100443720 2 3.7251004595710736e-4 100443720 100443720 0
4 6174 rs2055997 76535086 1 -3.7205550247090623e-4 76535086 76535086 0
4 3135 rs1599109 34642659 1 3.7107976543270503e-4 34642659 34642659 0
4 8001 rs10516991 97239965 1 3.7006804438413383e-4 97239965 97239965 0
4 11704 rs6537383 146870683 1 3.696287360725189e-4 146870683 146870683 0
4 9306 rs2107170 114635044 1 3.6819579330465014e-4 114635044 114635044 0
4 12549 rs2340252 157129218 1 -3.680655909730403e-4 157129218 157129218 0
4 4701 rs10002268 56519892 1 3.668555151948923e-4 56519892 56519892 0
4 116 rs1923775 2103096 1 3.664242598713668e-4 2103096 2103096 0
4 3038 rs1454310 32398607 1 -3.66319959926786e-4 32398607 32398607 0
4 3345 rs10031432 37133279 1 3.65916422733238e-4 37133279 37133279 0
4 9463 rs2389148 117266519 1 -3.6586661351837457e-4 117266519 117266519 0
4 423 rs7376535 6236514 1 -3.650523898533211e-4 6236514 6236514 0
4 4335 rs76537883 47954624 2 3.643914101596807e-4 47954624 47954624 0
4 15440 rs10027878 189876706 1 3.623683283902123e-4 189876706 189876706 0
4 12545 rs10517630 157089919 1 -3.616319041630375e-4 157089919 157089919 0
4 1505 rs16893606 16537510 1 -3.616172455833302e-4 16537510 16537510 0
4 14828 rs4862074 183440877 1 3.606815557448037e-4 183440877 183440877 0
4 244 rs4689416 4392357 1 -3.5985906832584e-4 4392357 4392357 0
4 1278 rs7669941 14559864 1 -3.5863541402685127e-4 14559864 14559864 0
4 4819 rs6811987 57629710 1 -3.5660973306286033e-4 57629710 57629710 0
4 6353 rs61741104 77675925 1 -3.55001134895208e-4 77675925 77675925 0
4 6025 rs16850959 75199609 1 3.530645530905348e-4 75199609 75199609 0
4 5111 rs17089834 60680656 1 3.523950113032494e-4 60680656 60680656 0
4 2316 rs17625018 24860242 1 -3.517985933304682e-4 24860242 24860242 0
4 4234 rs6819839 47168081 2 -3.5002832441162956e-4 47168081 47168081 0
4 10544 rs17013593 129593111 1 -3.4864311335680326e-4 129593111 129593111 0
4 771 rs9291645 10038254 1 -3.474303839449573e-4 10038254 10038254 0
4 4088 rs4695447 44093499 1 3.448160483633132e-4 44093499 44093499 0
4 1480 rs1860821 16350539 1 3.4480089615178085e-4 16350539 16350539 0
4 1522 rs283038 16717423 2 -3.4475399426854434e-4 16717423 16717423 0
4 3224 rs7689999 35935097 1 -3.4222734013327513e-4 35935097 35935097 0
4 13040 rs6817344 162607930 1 3.418739575324228e-4 162607930 162607930 0
4 6094 rs2114181 76015851 1 -3.4035009933602276e-4 76015851 76015851 0
4 4674 rs11932784 56144669 1 3.398203682067823e-4 56144669 56144669 0
4 14460 rs1378552 180356846 1 -3.3945716694161823e-4 180356846 180356846 0
4 1651 rs16896068 17944840 1 3.3926937101196313e-4 17944840 17944840 0
4 2859 rs9291543 30490490 1 3.3916440996399925e-4 30490490 30490490 0
4 9642 rs12640486 118770660 1 -3.3689396823861873e-4 118770660 118770660 0
4 11958 rs12644824 149525713 2 3.343417698538203e-4 149525713 149525713 0
4 14647 rs1357353 181935405 2 -3.3409006586686664e-4 181935405 181935405 0
4 479 rs13115900 6876569 1 3.332342866295872e-4 6876569 6876569 0
4 4702 rs12506506 56526433 1 3.329014238630456e-4 56526433 56526433 0
4 14159 rs1385614 176993039 1 -3.3226070680442534e-4 176993039 176993039 0
4 4486 rs10000595 53646007 1 3.3120391892460516e-4 53646007 53646007 0
4 10115 rs1452731 124397309 1 -3.306983550684046e-4 124397309 124397309 0
4 9114 rs4833869 112576171 1 3.3054042062816787e-4 112576171 112576171 0
4 4000 rs6853539 43114123 1 -3.300670003826273e-4 43114123 43114123 0
4 6273 rs17236661 77196476 1 -3.298858252272441e-4 77196476 77196476 0
4 12745 rs8396 159630817 1 -3.293563230634921e-4 159630817 159630817 0
4 6770 rs13116901 82624148 1 3.280439659221337e-4 82624148 82624148 0
4 8685 rs1522207 107420809 1 -3.280421498383096e-4 107420809 107420809 0
4 14874 rs10520554 184209197 1 -3.266018840937583e-4 184209197 184209197 0
4 7504 rs1495556 90458283 2 -3.2568652462985166e-4 90458283 90458283 0
4 4690 rs1522113 56331771 1 -3.2565887775658453e-4 56331771 56331771 0
4 7985 rs1452578 97035378 1 -3.2502966808240055e-4 97035378 97035378 0
4 6797 rs1031815 82823186 1 3.2497673081730645e-4 82823186 82823186 0
4 4458 rs11722603 52969732 1 3.2277223242806836e-4 52969732 52969732 0
4 391 rs2286280 5843328 2 -3.205252210777715e-4 5843328 5843328 0
4 8606 rs4698934 106139387 2 3.199679907549772e-4 106139387 106139387 0
4 1523 rs17428815 16719156 1 -3.1993673008691036e-4 16719156 16719156 0
4 5481 rs6847427 66786055 1 3.189611094903194e-4 66786055 66786055 0
4 15093 rs11132350 186725449 1 3.176279454978515e-4 186725449 186725449 0
4 1442 rs1712493 16113889 1 -3.1750846758739413e-4 16113889 16113889 0
4 4633 rs17230613 55479582 1 -3.1730846752401297e-4 55479582 55479582 0
4 14857 rs17271644 183809272 2 -3.170190181802854e-4 183809272 183809272 0
4 9181 rs2074388 113352397 2 -3.1576116528313165e-4 113352397 113352397 0
4 10680 rs10022903 130765713 1 3.1392098177342463e-4 130765713 130765713 0
4 7825 rs7694491 95290250 1 -3.13909627537147e-4 95290250 95290250 0
4 445 rs7658616 6417028 1 -3.1288948976615467e-4 6417028 6417028 0
4 15343 rs7439650 188904235 2 -3.109183941090669e-4 188904235 188904235 0
4 12623 rs6834932 157711526 1 -3.1015888221997486e-4 157711526 157711526 0
4 9274 rs29305 114216924 2 -3.089970787191142e-4 114216924 114216924 0
4 10408 rs17011412 127607021 1 3.08230438363141e-4 127607021 127607021 0
4 8299 rs11734053 101176062 1 -3.0788273759881383e-4 101176062 101176062 0
4 9059 rs536099 111812462 1 -3.078597528058699e-4 111812462 111812462 0
4 5328 rs972537 65134786 1 3.0696980994683506e-4 65134786 65134786 0
4 12034 rs1876069 150711342 1 -3.0672947956996354e-4 150711342 150711342 0
4 5211 rs1350246 62276356 2 3.066637793017319e-4 62276356 62276356 0
4 7352 rs7661312 89201007 1 -3.0623265244642255e-4 89201007 89201007 0
4 6145 rs7683530 76323522 1 -3.0598202488436817e-4 76323522 76323522 0
4 5901 rs4296652 72938462 1 3.056882740876279e-4 72938462 72938462 0
4 2776 rs13104601 29696261 1 -3.0260995495738895e-4 29696261 29696261 0
4 7 rs13115344 515489 1 -3.025976464787148e-4 515489 515489 0
4 1849 rs7688805 20732334 1 3.0181195583813675e-4 20732334 20732334 0
4 8752 rs2522426 108621483 1 3.0094627855923803e-4 108621483 108621483 0
4 5730 rs9685617 70588741 1 -3.0089203074515965e-4 70588741 70588741 0
4 9088 rs4502748 112257280 1 3.0046763159227567e-4 112257280 112257280 0
4 4081 rs1460634 43968054 1 2.996605979008371e-4 43968054 43968054 0
4 11023 rs1479776 136453566 2 -2.9946314353606566e-4 136453566 136453566 0
4 4733 rs4526032 56855667 1 2.9850207640955205e-4 56855667 56855667 0
4 2312 rs8192290 24802412 1 2.97767369634698e-4 24802412 24802412 0
4 13068 rs1549828 162840766 1 2.972352072118007e-4 162840766 162840766 0
4 3368 rs17603641 37328396 1 2.943410550668028e-4 37328396 37328396 0
4 9534 rs1438217 118039852 1 -2.9402688267283095e-4 118039852 118039852 0
4 10742 rs6534805 131462156 1 2.934186227235154e-4 131462156 131462156 0
4 2595 rs13145714 27888838 1 -2.930109279443328e-4 27888838 27888838 0
4 13400 rs1870478 166605363 1 -2.927206887644982e-4 166605363 166605363 0
4 12480 rs1400623 156443877 1 2.9221563348324955e-4 156443877 156443877 0
4 4327 rs1440221 47845920 1 2.9166476206985456e-4 47845920 47845920 0
4 3006 rs12513173 32001509 1 2.8821587162217415e-4 32001509 32001509 0
4 8946 rs2347136 110841026 1 2.8648523671387984e-4 110841026 110841026 0
4 14100 rs2029570 175675480 2 -2.840516752811852e-4 175675480 175675480 0
4 13809 rs4692612 171537901 2 -2.836852968781877e-4 171537901 171537901 0
4 6454 rs7699864 79023544 1 -2.832898215740877e-4 79023544 79023544 0
4 5602 rs3932174 68263831 1 -2.8321143980529625e-4 68263831 68263831 0
4 14363 rs2702386 179365152 1 -2.825979368290298e-4 179365152 179365152 0
4 6135 rs7674576 76299595 1 -2.8245904326813353e-4 76299595 76299595 0
4 4846 rs2412772 57838999 1 2.8244461383647765e-4 57838999 57838999 0
4 11034 rs958632 136572585 2 2.818811979138102e-4 136572585 136572585 0
4 8444 rs190223 103105685 1 2.803222293479424e-4 103105685 103105685 0
4 10386 rs12498806 127363097 1 -2.791132354513635e-4 127363097 127363097 0
4 12273 rs6833828 154196082 1 2.787224381062166e-4 154196082 154196082 0
4 6119 rs12503073 76245738 1 2.7789486487869703e-4 76245738 76245738 0
4 1701 rs938840 18851987 1 2.754118517974912e-4 18851987 18851987 0
4 10278 rs9307560 126272004 1 2.7154195158931774e-4 126272004 126272004 0
4 13522 rs2952429 168307924 2 2.7108439182274276e-4 168307924 168307924 0
4 5055 rs357833 59988095 1 2.704644104082812e-4 59988095 59988095 0
4 6442 rs11940556 78937771 1 -2.704393123870544e-4 78937771 78937771 0
4 9461 rs1489001 117245430 1 2.701258543350867e-4 117245430 117245430 0
4 6758 rs1444891 82376621 1 -2.6803300182385393e-4 82376621 82376621 0
4 5857 rs3733362 72412029 2 2.6758310584420585e-4 72412029 72412029 0
4 14160 rs12641442 177006043 1 -2.6599341376066317e-4 177006043 177006043 0
4 4780 rs61978622 57215969 1 -2.659872334688333e-4 57215969 57215969 0
4 13430 rs12513380 166830364 1 -2.658712623160495e-4 166830364 166830364 0
4 9280 rs1525004 114332705 1 -2.6387207153473556e-4 114332705 114332705 0
4 13218 rs6536780 164972256 1 2.630466557312908e-4 164972256 164972256 0
4 5210 rs13127162 62269277 1 2.6159359200364577e-4 62269277 62269277 0
4 15242 rs925642 187678866 1 2.612469520790163e-4 187678866 187678866 0
4 8732 rs1399403 108419815 1 2.6016074522095965e-4 108419815 108419815 0
4 6649 rs1379706 81183900 1 2.599225642931629e-4 81183900 81183900 0
4 5936 rs7676987 73707973 2 2.5915400409425905e-4 73707973 73707973 0
4 2398 rs3851436 25464878 1 2.574595945063627e-4 25464878 25464878 0
4 4999 rs10033443 59548868 1 -2.557607606616596e-4 59548868 59548868 0
4 4872 rs3806744 57945439 1 2.5506197654652236e-4 57945439 57945439 0
4 675 rs7665475 8518896 1 -2.54844322356536e-4 8518896 8518896 0
4 1303 rs10031277 14931835 1 -2.5402555741848464e-4 14931835 14931835 0
4 2453 rs1027998 26017406 1 2.5367724046322887e-4 26017406 26017406 0
4 279 rs1039905 4763850 1 2.5356080220263755e-4 4763850 4763850 0
4 11711 rs17020895 146948669 1 2.534771189042176e-4 146948669 146948669 0
4 3819 rs10938677 41222917 1 2.5188473613946e-4 41222917 41222917 0
4 1652 rs1506613 17948939 2 2.5157100187984526e-4 17948939 17948939 0
4 1335 rs16891785 15369280 1 2.5138977211715193e-4 15369280 15369280 0
4 14268 rs2048074 178274565 1 2.512693682941563e-4 178274565 178274565 0
4 6325 rs12513013 77498236 1 2.508807390183982e-4 77498236 77498236 0
4 12905 rs13103431 161369629 1 -2.5053029362905586e-4 161369629 161369629 0
4 7170 rs11723697 88186722 1 -2.499038043121982e-4 88186722 88186722 0
4 8622 rs6533185 106213874 1 2.4870433219246964e-4 106213874 106213874 0
4 9980 rs2306416 122617688 1 2.485174073778862e-4 122617688 122617688 0
4 8707 rs11943338 107769255 1 2.4808430154193235e-4 107769255 107769255 0
4 3767 rs12501553 40833954 2 -2.480247648292709e-4 40833954 40833954 0
4 12126 rs7659146 152053302 1 -2.477016496537919e-4 152053302 152053302 0
4 7221 rs2732171 88655984 1 -2.474920866614415e-4 88655984 88655984 0
4 10624 rs4355401 130230383 1 -2.468687584329753e-4 130230383 130230383 0
4 7536 rs2301134 90758945 1 -2.4662348927630606e-4 90758945 90758945 0
4 11154 rs13150244 138350049 1 -2.449365662010307e-4 138350049 138350049 0
4 11497 rs336304 143019415 1 2.4434790141989116e-4 143019415 143019415 0
4 650 rs7809 8368433 1 -2.438898680272549e-4 8368433 8368433 0
4 2063 rs9291436 22165174 1 2.4314057257993703e-4 22165174 22165174 0
4 8763 rs7665274 108690915 1 -2.4276108706563744e-4 108690915 108690915 0
4 10056 rs17005934 123549699 2 -2.4237768462339584e-4 123549699 123549699 0
4 2693 rs7664880 28769842 1 -2.4133269481172e-4 28769842 28769842 0
4 1413 rs2072313 15937731 1 -2.4054467410843848e-4 15937731 15937731 0
4 11512 rs1390993 143094698 1 2.3885138043983355e-4 143094698 143094698 0
4 8057 rs1993800 98249865 1 2.3729486867238664e-4 98249865 98249865 0
4 3346 rs4832877 37139301 1 2.3654151603943611e-4 37139301 37139301 0
4 3721 rs10009228 40356422 1 2.363960887742141e-4 40356422 40356422 0
4 10404 rs17011345 127551516 2 2.3602162046513123e-4 127551516 127551516 0
4 1990 rs1394135 21598315 1 -2.337730877674611e-4 21598315 21598315 0
4 6610 rs4690123 80788782 1 2.331232318704946e-4 80788782 80788782 0
4 13328 rs4593087 165767472 1 2.328246694650346e-4 165767472 165767472 0
4 306 rs4689967 4984192 1 2.32792189531217e-4 4984192 4984192 0
4 12951 rs3846248 161662411 1 -2.3145941871053445e-4 161662411 161662411 0
4 6535 rs11942573 79584433 1 -2.3096061971606565e-4 79584433 79584433 0
4 3728 rs278981 40428010 1 2.307006189183302e-4 40428010 40428010 0
4 3418 rs10222926 37690582 1 -2.303840635274947e-4 37690582 37690582 0
4 12542 rs7661151 157065076 1 -2.3028961853305312e-4 157065076 157065076 0
4 5486 rs6815570 66797440 1 2.298237453467538e-4 66797440 66797440 0
4 5539 rs1495103 67673566 1 -2.2921023477592752e-4 67673566 67673566 0
4 9715 rs10019751 119770915 1 -2.2869670353124896e-4 119770915 119770915 0
4 11357 rs17314804 140946828 1 -2.282430777430127e-4 140946828 140946828 0
4 4879 rs1860621 58087036 1 -2.277612443705376e-4 58087036 58087036 0
4 5159 rs1553862 61395456 1 2.2732261830364116e-4 61395456 61395456 0
4 2883 rs4588422 30608796 1 -2.2717495224181943e-4 30608796 30608796 0
4 7172 rs3923434 88192112 1 -2.2688030135014484e-4 88192112 88192112 0
4 7067 rs2575675 86935890 1 -2.2567640458238424e-4 86935890 86935890 0
4 2420 rs2276951 25760885 1 2.255966026656968e-4 25760885 25760885 0
4 6903 rs7670729 84246090 1 -2.2453562058879435e-4 84246090 84246090 0
4 483 rs7675524 6951583 1 2.2251717109278635e-4 6951583 6951583 0
4 14262 rs2246360 178100729 1 2.2125801321328556e-4 178100729 178100729 0
4 12143 rs2407221 152212603 2 -2.2115077545590677e-4 152212603 152212603 0
4 6703 rs13128194 81772482 2 2.2092458229510151e-4 81772482 81772482 0
4 12915 rs10517719 161441065 2 -2.2068499132323464e-4 161441065 161441065 0
4 11453 rs3098027 142204581 1 2.200634493466584e-4 142204581 142204581 0
4 1409 rs727488 15896341 1 2.1819374570591e-4 15896341 15896341 0
4 13854 rs13137432 172033347 1 2.172539389031019e-4 172033347 172033347 0
4 13464 rs7653953 167284116 1 2.171229353339108e-4 167284116 167284116 0
4 11144 rs1365133 138238306 1 2.1674476071848215e-4 138238306 138238306 0
4 2907 rs2310224 30799850 2 2.1560095856641896e-4 30799850 30799850 0
4 3747 rs12499585 40692887 1 -2.1509353410493633e-4 40692887 40692887 0
4 13490 rs7672200 167790958 1 -2.1460863806884863e-4 167790958 167790958 0
4 10166 rs17008065 125265324 1 2.144494011872781e-4 125265324 125265324 0
4 2985 rs2310395 31785073 1 2.128096212970874e-4 31785073 31785073 0
4 1388 rs12646913 15739276 1 2.1176610714887084e-4 15739276 15739276 0
4 13749 rs4588426 170895510 1 2.1056035311653687e-4 170895510 170895510 0
4 13157 rs1441716 164325064 1 2.100819130536509e-4 164325064 164325064 0
4 6173 rs4859966 76519096 1 2.0975179148278073e-4 76519096 76519096 0
4 8519 rs7657942 104540960 1 -2.0925795729185903e-4 104540960 104540960 0
4 9387 rs6820993 115897055 1 -2.0836699151567808e-4 115897055 115897055 0
4 3059 rs755773 32628884 2 -2.04530254469556e-4 32628884 32628884 0
4 11445 rs13116646 141972002 1 -2.0290629286132404e-4 141972002 141972002 0
4 8749 rs2040708 108587771 1 2.0232628783888216e-4 108587771 108587771 0
4 7663 rs17221444 92672743 1 2.016401761814511e-4 92672743 92672743 0
4 1788 rs6845174 20054356 1 2.014916319874408e-4 20054356 20054356 0
4 3575 rs9992667 38680186 1 -2.0119991170504853e-4 38680186 38680186 0
4 12127 rs11938266 152055073 1 -2.0077798680960248e-4 152055073 152055073 0
4 2729 rs11934543 29095909 1 -2.0010747078810296e-4 29095909 29095909 0
4 7505 rs17015756 90458351 1 -1.9952084534518997e-4 90458351 90458351 0
4 2386 rs1963656 25324742 1 1.9950558838815896e-4 25324742 25324742 0
4 13738 rs10866343 170754412 1 -1.9917794446398752e-4 170754412 170754412 0
4 8473 rs233805 103212864 1 1.990987713399887e-4 103212864 103212864 0
4 4357 rs6850108 48078593 1 1.9769930703945516e-4 48078593 48078593 0
4 13443 rs2291822 167020644 2 1.9725851569845536e-4 167020644 167020644 0
4 13633 rs10518002 169431126 1 1.9721222182574817e-4 169431126 169431126 0
4 4315 rs13135920 47731360 1 1.9719889315405648e-4 47731360 47731360 0
4 9037 rs2220427 111714889 1 -1.967654544445964e-4 111714889 111714889 0
4 976 rs1533338 11267586 2 -1.9657448077171937e-4 11267586 11267586 0
4 1594 rs11733122 17356226 1 -1.952373073620384e-4 17356226 17356226 0
4 8031 rs2865763 98045861 1 1.950652154800993e-4 98045861 98045861 0
4 8505 rs7662107 104258396 1 -1.9476863907323807e-4 104258396 104258396 0
4 7830 rs4359908 95340174 1 -1.94447114023832e-4 95340174 95340174 0
4 1588 rs6823069 17331894 1 -1.9424035459345704e-4 17331894 17331894 0
4 3170 rs2127853 35175249 1 -1.9384436968346205e-4 35175249 35175249 0
4 11853 rs1429107 148322387 1 1.9324953226101317e-4 148322387 148322387 0
4 10272 rs10034706 126255544 2 -1.9241478652818987e-4 126255544 126255544 0
4 8641 rs2189228 106472577 1 1.915247506209952e-4 106472577 106472577 0
4 5320 rs12507316 64468573 1 -1.9072625447563588e-4 64468573 64468573 0
4 5546 rs1481245 67763820 1 1.9045450226542953e-4 67763820 67763820 0
4 7371 rs11932693 89466335 1 1.9025177119626945e-4 89466335 89466335 0
4 8943 rs4444903 110834110 1 -1.8985097780418808e-4 110834110 110834110 0
4 1615 rs1868733 17482912 2 1.8980672949950385e-4 17482912 17482912 0
4 10306 rs9995724 126422859 1 -1.8966938409223423e-4 126422859 126422859 0
4 8501 rs2243682 104059542 1 -1.8956153631654563e-4 104059542 104059542 0
4 9309 rs10018022 114678786 1 1.8931687102733088e-4 114678786 114678786 0
4 2230 rs6858449 24002981 1 1.886698271805569e-4 24002981 24002981 0
4 8854 rs2880903 109768519 1 -1.883881233031644e-4 109768519 109768519 0
4 4946 rs10020207 58706462 1 1.872228195816914e-4 58706462 58706462 0
4 10172 rs2390685 125336932 2 1.865860771854793e-4 125336932 125336932 0
4 13454 rs2874823 167074691 1 -1.856867961537772e-4 167074691 167074691 0
4 7964 rs1579627 96636651 1 1.8543437099495557e-4 96636651 96636651 0
4 8382 rs2583405 102172981 1 1.8493817265810024e-4 102172981 102172981 0
4 2345 rs4235326 25009491 2 1.847251620258148e-4 25009491 25009491 0
4 11162 rs4864420 138374116 1 -1.8264455177532075e-4 138374116 138374116 0
4 1419 rs2286460 15964040 1 -1.800201377613448e-4 15964040 15964040 0
4 15090 rs10027307 186674804 1 1.798546605537189e-4 186674804 186674804 0
4 1196 rs10005317 13887264 1 -1.7872844876010442e-4 13887264 13887264 0
4 14076 rs7685956 175422196 1 1.786635905869035e-4 175422196 175422196 0
4 9336 rs10020382 114985792 1 -1.7859902273224213e-4 114985792 114985792 0
4 6540 rs2288255 79786856 1 -1.7858932016415392e-4 79786856 79786856 0
4 10397 rs6810452 127470903 1 -1.785183812629692e-4 127470903 127470903 0
4 7273 rs13147372 88801906 1 1.7686504403237525e-4 88801906 88801906 0
4 7672 rs1485988 92761582 1 -1.7622803941130965e-4 92761582 92761582 0
4 4743 rs11932413 56977309 1 -1.7597077836109222e-4 56977309 56977309 0
4 14129 rs10021387 176378939 1 -1.7573744450555387e-4 176378939 176378939 0
4 6089 rs1365162 75993726 1 1.7519048295380594e-4 75993726 75993726 0
4 6445 rs7677984 78974867 1 -1.7508005183201685e-4 78974867 78974867 0
4 2561 rs10009898 27548905 1 1.7454783565365635e-4 27548905 27548905 0
4 14859 rs3190314 183812287 1 -1.7440505116710883e-4 183812287 183812287 0
4 14120 rs2219824 176036504 1 1.742168554198906e-4 176036504 176036504 0
4 12878 rs11939980 161229808 2 -1.7378274344544758e-4 161229808 161229808 0
4 1591 rs4698574 17335530 1 -1.7373814515790666e-4 17335530 17335530 0
4 14055 rs2217855 175067665 1 -1.733661737769319e-4 175067665 175067665 0
4 13315 rs10155303 165697040 1 1.7301502743440232e-4 165697040 165697040 0
4 6157 rs6833496 76415985 1 -1.728366624520865e-4 76415985 76415985 0
4 5469 rs17755896 66712685 1 -1.7181022832573977e-4 66712685 66712685 0
4 14745 rs745704 182544544 1 1.7169627314219527e-4 182544544 182544544 0
4 14931 rs2309944 184858078 1 1.7116583713305914e-4 184858078 184858078 0
4 14131 rs2333233 176538654 1 1.70047038740034e-4 176538654 176538654 0
4 11817 rs4835362 147970517 1 1.687543897329365e-4 147970517 147970517 0
4 3906 rs1487609 42301360 1 -1.6757064965286275e-4 42301360 42301360 0
4 8730 rs10488871 108312334 1 1.665643397268212e-4 108312334 108312334 0
4 6330 rs4859697 77538555 2 1.658576633896396e-4 77538555 77538555 0
4 8246 rs745075 100532637 1 1.6569914485785358e-4 100532637 100532637 0
4 12045 rs7655571 150955500 1 -1.6423007400200043e-4 150955500 150955500 0
4 2750 rs11936766 29400203 1 1.6376312729383765e-4 29400203 29400203 0
4 8468 rs151404 103191787 1 -1.6277484294755412e-4 103191787 103191787 0
4 3581 rs17582575 38703734 1 1.625348710711771e-4 38703734 38703734 0
4 10679 rs11931514 130758675 1 1.6154396169660798e-4 130758675 130758675 0
4 10530 rs3733262 129439663 1 1.6109576947367373e-4 129439663 129439663 0
4 7798 rs2578125 94881319 1 -1.6109131383400683e-4 94881319 94881319 0
4 14042 rs13118468 175000272 1 -1.6096957899810164e-4 175000272 175000272 0
4 1948 rs1390264 21386247 1 -1.6090985039316497e-4 21386247 21386247 0
4 12373 rs4235245 155343387 1 -1.5843919388442703e-4 155343387 155343387 0
4 10028 rs45608936 123192240 1 -1.568229879075724e-4 123192240 123192240 0
4 7237 rs12650760 88705132 1 -1.552720814405937e-4 88705132 88705132 0
4 11029 rs13116984 136532498 1 -1.5439333134760114e-4 136532498 136532498 0
4 7673 rs60166670 92762197 1 1.5416067544291517e-4 92762197 92762197 0
4 14457 rs6837023 180330521 1 -1.5336322911583367e-4 180330521 180330521 0
4 8066 rs4699559 98299136 1 -1.5221149847809682e-4 98299136 98299136 0
4 5283 rs11131413 63667799 1 -1.5150481948551857e-4 63667799 63667799 0
4 8225 rs1354368 100441886 1 -1.49976316447608e-4 100441886 100441886 0
4 5202 rs930668 62004333 1 1.4938721851891738e-4 62004333 62004333 0
4 2290 rs13112452 24456779 1 -1.4923235971008345e-4 24456779 24456779 0
4 13898 rs230 172896473 1 1.476273098299608e-4 172896473 172896473 0
4 3217 rs1655069 35923989 2 1.4743375962750617e-4 35923989 35923989 0
4 1070 rs4452447 12490683 1 -1.473144140828237e-4 12490683 12490683 0
4 337 rs4017782 5427691 1 -1.465013895366847e-4 5427691 5427691 0
4 14930 rs2309942 184839829 1 1.4592438291176712e-4 184839829 184839829 0
4 2222 rs1316862 23976060 1 -1.4581061614798475e-4 23976060 23976060 0
4 13386 rs2322122 166455839 1 1.45419412727218e-4 166455839 166455839 0
4 1507 rs12233679 16551836 1 1.444324362815716e-4 16551836 16551836 0
4 12490 rs1466516 156517289 1 1.4327322748222644e-4 156517289 156517289 0
4 10311 rs1532881 126435279 1 -1.4230813308022e-4 126435279 126435279 0
4 4231 rs6827925 47156545 1 1.4201469380299353e-4 47156545 47156545 0
4 6939 rs1994511 84788998 1 -1.411516955515167e-4 84788998 84788998 0
4 7360 rs17789621 89227121 1 1.4067430931001375e-4 89227121 89227121 0
4 6225 rs11097233 77025136 1 -1.4013860456440263e-4 77025136 77025136 0
4 9322 rs11730230 114742637 1 1.3860536417294406e-4 114742637 114742637 0
4 14054 rs6851647 175067059 1 -1.38064890275665e-4 175067059 175067059 0
4 13153 rs7658224 164293345 1 1.376076707459966e-4 164293345 164293345 0
4 3172 rs6531347 35218959 1 -1.370941242303442e-4 35218959 35218959 0
4 12134 rs2407167 152172980 1 1.3707641986752391e-4 152172980 152172980 0
4 7719 rs11931529 93699369 1 -1.3606895111165088e-4 93699369 93699369 0
4 10541 rs1615523 129568096 1 1.326032046141506e-4 129568096 129568096 0
4 1396 rs6837105 15753687 1 1.321175314448814e-4 15753687 15753687 0
4 3133 rs1903168 34611459 1 1.318939874094921e-4 34611459 34611459 0
4 12055 rs9307870 151130051 1 -1.317542215955756e-4 151130051 151130051 0
4 5982 rs2272427 74447492 1 1.3090967823531745e-4 74447492 74447492 0
4 7343 rs11723264 89129484 1 -1.3070338759909523e-4 89129484 89129484 0
4 8838 rs9999830 109708724 1 -1.3021242690592656e-4 109708724 109708724 0
4 4802 rs10023933 57400769 1 -1.2885143466070853e-4 57400769 57400769 0
4 9275 rs29319 114217997 1 -1.2742172929016755e-4 114217997 114217997 0
4 1979 rs13119355 21562013 1 1.268727106280344e-4 21562013 21562013 0
4 2380 rs3756205 25312615 1 1.2679474554227557e-4 25312615 25312615 0
4 9740 rs9784534 119963646 2 1.250453696792468e-4 119963646 119963646 0
4 1510 rs6818414 16600664 1 1.2488619839361525e-4 16600664 16600664 0
4 13212 rs4533720 164959804 1 1.2473915741043905e-4 164959804 164959804 0
4 5269 rs11946748 63312810 1 -1.2388423590610994e-4 63312810 63312810 0
4 12916 rs1595667 161441599 1 1.2170113126842557e-4 161441599 161441599 0
4 10167 rs640246 125280852 1 -1.2087889982097602e-4 125280852 125280852 0
4 6629 rs7667228 80959926 1 1.2005586595142531e-4 80959926 80959926 0
4 5803 rs1109501 71329490 1 -1.1889263927616138e-4 71329490 71329490 0
4 5080 rs1511410 60344689 1 -1.1836905506958956e-4 60344689 60344689 0
4 10338 rs10857108 126780071 1 -1.1794945197738464e-4 126780071 126780071 0
4 8103 rs10028275 99208535 1 -1.161385713547944e-4 99208535 99208535 0
4 3793 rs4861081 41044316 1 -1.1611954911310086e-4 41044316 41044316 0
4 6149 rs7677609 76352987 1 -1.155031269022555e-4 76352987 76352987 0
4 9454 rs6854280 116942805 1 -1.1309087929471084e-4 116942805 116942805 0
4 2846 rs10012883 30456049 1 -1.126754738345294e-4 30456049 30456049 0
4 3578 rs1000096 38692835 1 1.1169182461139876e-4 38692835 38692835 0
4 10180 rs10029005 125451364 1 1.1135332924353596e-4 125451364 125451364 0
4 12771 rs1559887 159952353 1 -1.1123089867924398e-4 159952353 159952353 0
4 6599 rs4690145 80742791 1 1.1056307456383764e-4 80742791 80742791 0
4 6457 rs10033428 79040891 2 -1.0987719117302166e-4 79040891 79040891 0
4 13919 rs17289279 173227165 1 -1.080981482463346e-4 173227165 173227165 0
4 15047 rs10000719 186242233 1 1.0781625781802912e-4 186242233 186242233 0
4 3999 rs6447224 43106517 1 1.075411898722499e-4 43106517 43106517 0
4 8586 rs73838673 105933951 1 1.068499223966916e-4 105933951 105933951 0
4 1643 rs7678436 17797966 1 1.066187455924514e-4 17797966 17797966 0
4 6092 rs4464630 76012856 1 1.056230143999462e-4 76012856 76012856 0
4 7651 rs6835588 92344220 1 -1.0427813076662e-4 92344220 92344220 0
4 10693 rs1022010 130905017 1 1.0426795212780264e-4 130905017 130905017 0
4 7000 rs2046402 85762385 1 -1.0247292646975292e-4 85762385 85762385 0
4 13560 rs17525095 168768607 1 -1.0213953126137967e-4 168768607 168768607 0
4 4849 rs7661194 57872421 1 -1.0157167711044462e-4 57872421 57872421 0
4 8110 rs7671104 99330630 1 -1.0144541605172916e-4 99330630 99330630 0
4 4014 rs13145028 43228964 1 -1.0109028878948366e-4 43228964 43228964 0
4 1387 rs11934811 15738253 1 -9.991928958887664e-5 15738253 15738253 0
4 2496 rs10022599 26894656 1 -9.988069280648624e-5 26894656 26894656 0
4 5865 rs1526692 72578724 1 -9.95953493059418e-5 72578724 72578724 0
4 11398 rs1241046 141436854 1 -9.871239198715332e-5 141436854 141436854 0
4 14675 rs11930570 182226071 1 -9.78794015761916e-5 182226071 182226071 0
4 6327 rs4859453 77515370 1 9.732332131863068e-5 77515370 77515370 0
4 12103 rs35879351 151520216 1 -9.60564734601252e-5 151520216 151520216 0
4 6854 rs1316596 83451071 1 -9.568199077767789e-5 83451071 83451071 0
4 2478 rs10517097 26430147 1 9.564189730646038e-5 26430147 26430147 0
4 13285 rs17045152 165498202 1 -9.556568802846006e-5 165498202 165498202 0
4 2771 rs16882126 29685111 1 9.507006195038513e-5 29685111 29685111 0
4 199 rs12510769 3394374 1 9.35198770237126e-5 3394374 3394374 0
4 7220 rs2627690 88653616 1 9.339842618182516e-5 88653616 88653616 0
4 11311 rs17050847 140578500 1 -9.314675779549926e-5 140578500 140578500 0
4 14246 rs4690464 177740585 1 -9.303346064606468e-5 177740585 177740585 0
4 10884 rs13119882 133685637 2 9.257334253224776e-5 133685637 133685637 0
4 8636 rs1388040 106459205 1 9.207827096235044e-5 106459205 106459205 0
4 4560 rs2245157 54596466 2 9.200679474411018e-5 54596466 54596466 0
4 14343 rs6552275 179009622 1 9.188621890933224e-5 179009622 179009622 0
4 13812 rs10030592 171590438 1 -9.137523139180503e-5 171590438 171590438 0
4 2170 rs756516 23487104 1 -9.114166973737106e-5 23487104 23487104 0
4 12 rs9997286 625962 1 -8.963295054606714e-5 625962 625962 0
4 14241 rs4690358 177583933 1 8.94770765481686e-5 177583933 177583933 0
4 9961 rs17051373 122511492 1 8.840265747968735e-5 122511492 122511492 0
4 1113 rs11728601 12725164 1 -8.821475271123254e-5 12725164 12725164 0
4 5622 rs6552123 68686507 1 -8.72148516463314e-5 68686507 68686507 0
4 13411 rs7694605 166705990 1 8.633895217430774e-5 166705990 166705990 0
4 2451 rs11728123 25983887 1 -8.45246872408004e-5 25983887 25983887 0
4 2702 rs2131466 28817206 1 -8.449077134446893e-5 28817206 28817206 0
4 5619 rs2630489 68591252 2 8.407678955856847e-5 68591252 68591252 0
4 1003 rs10939361 11606915 2 8.402713242836753e-5 11606915 11606915 0
4 15097 rs13111004 186751133 1 8.393074969267092e-5 186751133 186751133 0
4 287 rs4348042 4815336 1 -8.387800157672267e-5 4815336 4815336 0
4 12077 rs17588629 151252297 1 8.382052475920833e-5 151252297 151252297 0
4 11550 rs11942593 143626567 1 -8.353723302292112e-5 143626567 143626567 0
4 14555 rs1316917 180942572 1 8.265536211929358e-5 180942572 180942572 0
4 13538 rs10517948 168524969 1 -8.20777509349474e-5 168524969 168524969 0
4 10470 rs17293345 128083751 1 -8.088086243238649e-5 128083751 128083751 0
4 11130 rs10519412 138129929 2 -8.031134962739099e-5 138129929 138129929 0
4 5939 rs6822170 73722977 1 7.961808003479584e-5 73722977 73722977 0
4 4893 rs2691402 58171793 1 7.90508752824254e-5 58171793 58171793 0
4 9393 rs476739 116029548 1 -7.842034647170445e-5 116029548 116029548 0
4 109 rs2282763 1728120 1 -7.704184617197203e-5 1728120 1728120 0
4 12255 rs6814889 153947145 1 7.694553008773014e-5 153947145 153947145 0
4 10398 rs17257398 127473539 1 7.646398656556574e-5 127473539 127473539 0
4 12084 rs6848343 151312761 1 -7.623065466321682e-5 151312761 151312761 0
4 4136 rs4694787 44868481 1 7.583261057104667e-5 44868481 44868481 0
4 9159 rs1544383 113244470 1 7.478211332550348e-5 113244470 113244470 0
4 6417 rs7677281 78341660 1 7.240372540390003e-5 78341660 78341660 0
4 3078 rs13123433 32902806 1 7.186072630605422e-5 32902806 32902806 0
4 3358 rs1418876 37207259 1 7.174321221334527e-5 37207259 37207259 0
4 1171 rs10003958 13370308 1 7.156141601760295e-5 13370308 13370308 0
4 480 rs7675928 6890937 1 -7.071987335892467e-5 6890937 6890937 0
4 6456 rs13130161 79033115 1 7.016933180614808e-5 79033115 79033115 0
4 15139 rs9991339 187088248 1 -6.934137342154003e-5 187088248 187088248 0
4 3382 rs4586959 37417390 1 6.925629084706391e-5 37417390 37417390 0
4 7355 rs893971 89203670 1 -6.886248827583593e-5 89203670 89203670 0
4 7071 rs7678480 87087320 1 6.870153057287854e-5 87087320 87087320 0
4 14705 rs4861960 182372333 1 -6.823013479503108e-5 182372333 182372333 0
4 5170 rs1439290 61513010 1 -6.716143356381559e-5 61513010 61513010 0
4 8582 rs9986027 105591133 1 6.628037589925763e-5 105591133 105591133 0
4 8577 rs477451 105528877 2 6.606132817257586e-5 105528877 105528877 0
4 6515 rs7697470 79321070 1 -6.535197674914289e-5 79321070 79321070 0
4 13627 rs2634951 169372709 1 -6.375933840691475e-5 169372709 169372709 0
4 13219 rs13123163 164972450 1 -6.370553303375318e-5 164972450 164972450 0
4 8049 rs10213670 98219875 1 6.368694198915163e-5 98219875 98219875 0
4 6418 rs12649862 78343820 1 -6.272716163129863e-5 78343820 78343820 0
4 5763 rs10007509 71171720 2 6.272349142964827e-5 71171720 71171720 0
4 13087 rs1388837 163072871 1 -6.2128007781152525e-05 163072871 163072871 0
4 13901 rs17057887 172943891 1 -6.204438846340934e-5 172943891 172943891 0
4 128 rs3118617 2340417 1 6.182065752980525e-5 2340417 2340417 0
4 5139 rs7672373 61173570 1 6.171732150599196e-5 61173570 61173570 0
4 6866 rs7695607 83598784 1 6.096114354933113e-5 83598784 83598784 0
4 11050 rs7697669 136742846 1 6.013355565103667e-5 136742846 136742846 0
4 9795 rs2174169 120794385 2 -5.965910031588927e-5 120794385 120794385 0
4 11090 rs9996792 137650213 1 5.871104344660501e-5 137650213 137650213 0
4 13695 rs9684601 170064574 1 -5.713031707256453e-5 170064574 170064574 0
4 7075 rs6531905 87151468 1 -5.671194265198513e-5 87151468 87151468 0
4 6890 rs6841907 84146996 1 5.65379277136268e-5 84146996 84146996 0
4 1334 rs6449117 15223639 1 5.602839043704131e-5 15223639 15223639 0
4 6865 rs7689308 83597815 1 -5.593961297140224e-5 83597815 83597815 0
4 18 rs4690281 753944 1 -5.571547046273451e-5 753944 753944 0
4 15177 rs6817039 187313377 1 -5.501000640974189e-5 187313377 187313377 0
4 2834 rs3846269 30412195 1 -5.471104688251436e-5 30412195 30412195 0
4 6446 rs873455 78989939 1 5.407887405209365e-5 78989939 78989939 0
4 8449 rs7667281 103133044 1 5.302734557980231e-5 103133044 103133044 0
4 5008 rs2412930 59588228 1 5.287462769142812e-5 59588228 59588228 0
4 12586 rs1565481 157406500 1 5.140766393200957e-5 157406500 157406500 0
4 12118 rs1201208 151829824 1 -5.091386275740369e-5 151829824 151829824 0
4 9904 rs7671286 122156142 2 -4.989576435790853e-5 122156142 122156142 0
4 13213 rs4560357 164962875 1 -4.9783264065430046e-5 164962875 164962875 0
4 11269 rs6850677 139698611 1 -4.8814483000857155e-5 139698611 139698611 0
4 11451 rs6840028 142197917 1 4.847218001074487e-5 142197917 142197917 0
4 7696 rs1513460 93309526 1 4.842755716785228e-5 93309526 93309526 0
4 2984 rs988466 31784698 1 4.83442177191228e-5 31784698 31784698 0
4 1005 rs6842740 11619288 2 4.821752951099552e-5 11619288 11619288 0
4 12746 rs9410 159631991 2 4.799805418092873e-5 159631991 159631991 0
4 13053 rs17041550 162719690 1 -4.7708788816533385e-5 162719690 162719690 0
4 4684 rs2048564 56274132 1 4.718882480228062e-5 56274132 56274132 0
4 3843 rs4392535 41513423 1 4.670616440657166e-5 41513423 41513423 0
4 12139 rs13112985 152205278 2 4.62195873107243e-5 152205278 152205278 0
4 1077 rs6448916 12546096 1 4.513313567832486e-5 12546096 12546096 0
4 115 rs576274 1998089 1 -4.448725895299489e-5 1998089 1998089 0
4 322 rs9985541 5265305 1 -4.286533381056668e-5 5265305 5265305 0
4 1534 rs207713 16851024 1 -4.222357900182619e-5 16851024 16851024 0
4 9030 rs4626276 111649989 1 -4.123055935702881e-5 111649989 111649989 0
4 4947 rs1480319 58707016 1 4.078679815631005e-5 58707016 58707016 0
4 12186 rs2136961 152746079 1 4.0578867780890016e-5 152746079 152746079 0
4 3526 rs991331 38308761 1 4.020455475526329e-5 38308761 38308761 0
4 463 rs4331842 6481781 1 4.003910158335078e-5 6481781 6481781 0
4 9947 rs1016802 122438484 1 -3.98601431087385e-5 122438484 122438484 0
4 2634 rs16880558 28378505 1 -3.939448477080936e-5 28378505 28378505 0
4 6350 rs76656494 77661017 1 3.9209767537623035e-5 77661017 77661017 0
4 8203 rs1826909 100217743 1 -3.888803718860114e-5 100217743 100217743 0
4 13703 rs10009607 170212887 1 3.852910040657501e-5 170212887 170212887 0
4 12307 rs1105491 154726634 2 -3.817898089074541e-5 154726634 154726634 0
4 4533 rs2164265 54377540 1 3.78745180918561e-5 54377540 54377540 0
4 4282 rs13106975 47551863 1 3.745644722034623e-5 47551863 47551863 0
4 8316 rs357652 101353122 1 3.745282111788535e-5 101353122 101353122 0
4 4330 rs4475122 47901259 2 3.671341029149602e-5 47901259 47901259 0
4 7112 rs10516783 87710252 1 -3.6346996213376787e-5 87710252 87710252 0
4 10131 rs1991839 124745047 1 3.6343916912034506e-5 124745047 124745047 0
4 4191 rs6817621 45929172 1 -3.618751693109511e-5 45929172 45929172 0
4 11022 rs17579742 136381862 1 -3.5525204347560625e-5 136381862 136381862 0
4 1174 rs10516268 13478859 1 3.492556392443448e-5 13478859 13478859 0
4 7086 rs7688651 87259805 1 3.277087537295285e-5 87259805 87259805 0
4 8972 rs16997129 110989719 1 3.194576840209717e-5 110989719 110989719 0
4 2884 rs12374222 30612026 1 -3.124191513372783e-5 30612026 30612026 0
4 3789 rs10024411 40991885 1 3.1151785624234233e-5 40991885 40991885 0
4 11910 rs17483391 149040160 1 -3.081145795822652e-5 149040160 149040160 0
4 10656 rs7671764 130394804 1 3.0431465457757583e-5 130394804 130394804 0
4 7864 rs4348103 95678443 1 -3.015541195009889e-5 95678443 95678443 0
4 1143 rs763318 12963574 1 -2.997180941935478e-5 12963574 12963574 0
4 11068 rs10489022 137332146 1 2.9493533631740565e-5 137332146 137332146 0
4 6088 rs17000192 75992533 1 -2.882694927507604e-5 75992533 75992533 0
4 6938 rs2017394 84787315 1 -2.8709682629256685e-5 84787315 84787315 0
4 8236 rs11933337 100491772 1 -2.8019284490651256e-5 100491772 100491772 0
4 12065 rs11944163 151204693 1 -2.7791664901777495e-5 151204693 151204693 0
4 10687 rs2968955 130857829 1 2.7629940254287755e-5 130857829 130857829 0
4 1211 rs3857159 14056930 1 -2.674155049053823e-5 14056930 14056930 0
4 15447 rs7656029 189950840 1 -2.660118861982949e-5 189950840 189950840 0
4 2736 rs1369802 29247724 1 2.647795507727135e-5 29247724 29247724 0
4 9376 rs1903364 115462264 1 -2.6429704734528164e-5 115462264 115462264 0
4 10057 rs1512970 123561067 1 2.5696541706573898e-5 123561067 123561067 0
4 2450 rs10006741 25976544 1 2.4329669965755505e-5 25976544 25976544 0
4 9934 rs12647248 122369141 1 2.4180365512474416e-5 122369141 122369141 0
4 7893 rs17022885 95948640 1 -2.410316450480792e-5 95948640 95948640 0
4 4710 rs13434935 56602261 1 2.301739389275792e-5 56602261 56602261 0
4 14032 rs2332794 174941100 1 -2.1582975076855943e-5 174941100 174941100 0
4 7577 rs7678183 91315436 1 2.1465388203677705e-5 91315436 91315436 0
4 1192 rs7690022 13872720 2 -2.0967367869783888e-5 13872720 13872720 0
4 14891 rs17074696 184293030 1 2.0566902074155475e-5 184293030 184293030 0
4 6533 rs2867461 79513215 2 2.025873873262563e-5 79513215 79513215 0
4 5076 rs4860580 60325010 1 1.938422067532141e-5 60325010 60325010 0
4 7855 rs1509620 95563972 1 -1.9298962989838605e-5 95563972 95563972 0
4 10497 rs1008995 128487450 1 1.9249643490126003e-5 128487450 128487450 0
4 15465 rs11732071 190129325 1 1.7853841117871462e-5 190129325 190129325 0
4 12743 rs10857314 159546327 1 -1.7649376188411276e-5 159546327 159546327 0
4 3222 rs17446450 35933801 1 1.736853177220988e-5 35933801 35933801 0
4 2487 rs869902 26498513 1 -1.6347277254051404e-5 26498513 26498513 0
4 9293 rs6826859 114543214 1 1.634406745923885e-5 114543214 114543214 0
4 10396 rs17011171 127438435 1 -1.439177061359603e-5 127438435 127438435 0
4 8270 rs11736218 100876648 1 1.4265940232337517e-5 100876648 100876648 0
4 11425 rs3844179 141820214 1 -1.4140862679043064e-5 141820214 141820214 0
4 11842 rs6831149 148205931 1 1.396986663672764e-5 148205931 148205931 0
4 11670 rs7662543 146464773 1 1.3869719709530686e-5 146464773 146464773 0
4 1450 rs9946 16163221 1 -1.334389728017996e-5 16163221 16163221 0
4 14812 rs13148469 183272312 1 1.317289285593232e-5 183272312 183272312 0
4 5977 rs7678298 74284428 1 -1.2754569142443549e-5 74284428 74284428 0
4 6084 rs1043633 75973830 1 1.2535307382676632e-5 75973830 75973830 0
4 2271 rs6815672 24310076 1 1.2192759385192638e-5 24310076 24310076 0
4 12650 rs11100107 158349983 1 1.2053260429495594e-5 158349983 158349983 0
4 1444 rs317891 16125136 1 -1.1866280576687326e-5 16125136 16125136 0
4 5551 rs10518015 67828945 1 1.0651229896855764e-5 67828945 67828945 0
4 13215 rs10026455 164968546 1 9.95618141979014e-6 164968546 164968546 0
4 4104 rs11726514 44401672 1 -9.909441583813807e-6 44401672 44401672 0
4 6416 rs6851181 78341476 1 -9.4985537732167e-6 78341476 78341476 0
4 462 rs13105491 6481160 1 9.37535986057302e-6 6481160 6481160 0
4 1786 rs10516343 19974862 1 9.370210142324586e-6 19974862 19974862 0
4 4943 rs35952826 58572081 1 -9.082437217230231e-6 58572081 58572081 0
4 8504 rs17219677 104235380 1 8.86340375129161e-6 104235380 104235380 0
4 13674 rs10005789 169740931 1 8.84692115571551e-6 169740931 169740931 0
4 3182 rs16991102 35429711 1 8.646414638416814e-6 35429711 35429711 0
4 6977 rs1899392 85268860 1 8.448093949586947e-6 85268860 85268860 0
4 11092 rs17674050 137679664 1 8.376500704903292e-6 137679664 137679664 0
4 3712 rs6838680 40334852 1 8.167919672912532e-6 40334852 40334852 0
4 5384 rs13152245 65903597 1 -7.487095527201349e-6 65903597 65903597 0
4 8030 rs2865775 97963926 1 7.279169828237436e-6 97963926 97963926 0
4 12540 rs4558821 157030680 1 6.48580133583999e-6 157030680 157030680 0
4 559 rs28531835 7716910 1 6.3995050293384056e-6 7716910 7716910 0
4 11087 rs12512934 137593405 1 6.365347012851511e-6 137593405 137593405 0
4 4209 rs9291283 46371833 1 -6.220544337147595e-6 46371833 46371833 0
4 14221 rs309794 177466128 1 5.879006647051989e-6 177466128 177466128 0
4 5656 rs11727878 69213885 1 -5.5880360814510624e-6 69213885 69213885 0
4 15246 rs1583219 187751154 2 5.2554359903413805e-06 187751154 187751154 0
4 2954 rs4303942 31319406 1 -4.977196048933242e-6 31319406 31319406 0
4 4376 rs2271173 48172266 1 4.567750986931144e-6 48172266 48172266 0
4 13925 rs6838976 173281021 1 4.4514513176531e-6 173281021 173281021 0
4 6672 rs13111397 81449030 1 -4.408417623534954e-6 81449030 81449030 0
4 8256 rs1365487 100672110 1 -4.1104375462655085e-6 100672110 100672110 0
4 3518 rs613592 38193772 1 -3.919927407146921e-6 38193772 38193772 0
4 6258 rs7655112 77176524 2 3.571119609150638e-6 77176524 77176524 0
4 15257 rs7687629 187946831 1 -2.92929193663883e-6 187946831 187946831 0
4 15016 rs4355430 185885897 1 2.6940228588405647e-6 185885897 185885897 0
4 1624 rs12645938 17506042 1 1.6856008542444926e-6 17506042 17506042 0
4 7006 rs4575985 85998929 1 1.5871142461060056e-6 85998929 85998929 0
4 426 rs10002743 6276581 1 1.5445955266327354e-6 6276581 6276581 0
4 7491 rs7687375 90293076 1 1.4932768877731228e-6 90293076 90293076 0
4 6028 rs10938119 75206039 1 -1.3295435039471148e-6 75206039 75206039 0
4 303 rs11733243 4944451 1 -7.791155870142611e-7 4944451 4944451 0
4 3689 rs6839903 39921551 1 -6.927573808742813e-7 39921551 39921551 0
4 12008 rs7691878 149920515 1 -4.0369379242761074e-7 149920515 149920515 0
4 14890 rs6821514 184292790 1 2.0032127213044966e-15 184292790 184292790 0
4 11699 rs17020769 146800922 1 4.697691284753166e-16 146800922 146800922 0
4 7803 rs17021305 94964860 1 1.661017629818925e-16 94964860 94964860 0
4 11877 rs11729081 148696917 1 1.03326161896466e-16 148696917 148696917 0
4 10504 rs35763794 128949850 1 1.843673308564156e-17 128949850 128949850 0
4 7804 rs4586899 94968451 1 1.1817387705629199e-17 94968451 94968451 0
4 10505 rs60505265 128949929 1 1.3608637533776672e-18 128949929 128949929 0
