CHR Group SNP.lead BP.lead Size W BP.min BP.max BP.width
6 5877 rs12529318 32434314 1 0.1319453446258792 32434314 32434314 0
6 5881 rs660895 32577380 2 0.1273915739768844 32577380 32577380 0
6 6342 rs9277489 33053942 1 0.07988156945541056 33053942 33053942 0
6 5889 rs7774434 32657578 2 0.07489615750488904 32657578 32657578 0
6 5101 rs2523544 31333562 1 0.06924700464248033 31333562 31333562 0
6 6432 rs2229784 33136310 1 -0.06379549253826673 33136310 33136310 0
6 4815 rs2233976 31079994 2 -0.05854250696480524 31079994 31079994 0
6 6353 rs2281389 33059796 2 0.05805387276980326 33059796 33059796 0
6 6318 rs2308931 33036950 1 0.05175333899754042 33036950 33036950 0
6 5903 rs3135006 32667119 1 0.04217201332519939 32667119 32667119 0
6 4824 rs3130553 31082285 2 0.03951040356259989 31082285 31082285 0
6 5409 rs915653 31657047 2 0.03802815922548142 31657047 31657047 0
6 3265 rs806794 26200677 2 -0.03802755120857924 26200677 26200677 0
6 5885 rs17212090 32650809 2 0.03746012653534172 32650809 32650809 0
6 4965 rs3130685 31206206 1 -0.03621172935250669 31206206 31206206 0
6 6971 rs9357239 37060809 1 0.0336310763352497 37060809 37060809 0
6 5092 rs2523608 31322559 2 0.03153660746954106 31322559 31322559 0
6 7422 rs10807248 40844002 1 -0.03066221164615256 40844002 40844002 0
6 19497 rs3093024 167532793 1 0.03046132776020611 167532793 167532793 0
6 3448 rs200486 27779506 1 -0.02965827020967602 27779506 27779506 0
6 16210 rs6920220 138006504 2 0.02922027266331463 138006504 138006504 0
6 16118 rs6912539 137108757 1 0.02919859838158016 137108757 137108757 0
6 7508 rs16894733 41460739 1 0.02803147400683644 41460739 41460739 0
6 13324 rs535490 106564434 1 0.02797461146966416 106564434 106564434 0
6 2040 rs9297068 18353562 1 -0.02733682810392828 18353562 18353562 0
6 5647 rs1475961 32194609 1 0.02651101184510992 32194609 32194609 0
6 1580 rs12529514 14096658 1 0.02609882247056008 14096658 14096658 0
6 14801 rs4946572 121809450 2 -0.02595880361194287 121809450 121809450 0
6 1327 rs1569731 11825414 2 -0.0257762738115907 11825414 11825414 0
6 1792 rs6933491 16268408 1 0.02561541596275094 16268408 16268408 0
6 7791 rs660953 44645943 1 0.02500796776224376 44645943 44645943 0
6 7875 rs3777594 45933157 1 0.02481797502179902 45933157 45933157 0
6 10411 rs9343469 77288517 1 0.02408842055003968 77288517 77288517 0
6 6117 rs9357155 32809848 1 0.02406554546288967 32809848 32809848 0
6 10712 rs10943608 79674929 1 0.02397023628135961 79674929 79674929 0
6 7646 rs3805931 43089429 1 0.02385847314069724 43089429 43089429 0
6 16231 rs643177 138195693 2 -0.02315843219515045 138195693 138195693 0
6 17960 rs1293928 154640746 1 -0.0231052487142289 154640746 154640746 0
6 6425 rs3130161 33125858 1 0.02291887221562801 33125858 33125858 0
6 7553 rs12208813 42025318 2 0.02290384397084296 42025318 42025318 0
6 11216 rs9449802 84853623 1 -0.02259269590521407 84853623 84853623 0
6 297 rs2165125 2934641 1 0.02196265183439864 2934641 2934641 0
6 17846 rs674882 153407553 2 -0.02160109140865034 153407553 153407553 0
6 6382 rs3117016 33095516 1 0.02148509143157328 33095516 33095516 0
6 16277 rs17067480 138683525 1 -0.02132140741757262 138683525 138683525 0
6 17397 rs11963544 150549998 1 0.02100625408745454 150549998 150549998 0
6 18761 rs1893895 162440687 1 0.02063092013564879 162440687 162440687 0
6 13383 rs3747787 106967778 1 -0.02040914380589982 106967778 106967778 0
6 15317 rs761332 128287848 1 -0.01989890002234171 128287848 128287848 0
6 15835 rs6912746 133256495 1 -0.01919787263224564 133256495 133256495 0
6 16203 rs2327832 137973068 1 0.01895226918781071 137973068 137973068 0
6 15693 rs4897553 132234136 1 -0.01893818072256849 132234136 132234136 0
6 5229 rs4413654 31441349 1 0.01865595098460467 31441349 31441349 0
6 7266 rs1328388 39379854 1 0.01848114987076453 39379854 39379854 0
6 19074 rs206704 164528619 1 0.01822245882660733 164528619 164528619 0
6 18108 rs9397861 156237804 1 -0.01821673023472932 156237804 156237804 0
6 608 rs6924018 5723227 1 -0.01806374314299635 5723227 5723227 0
6 6287 rs423639 32987774 1 0.01801497266687876 32987774 32987774 0
6 710 rs9405920 6397716 1 0.01800726170696225 6397716 6397716 0
6 2267 rs2457345 20089466 1 0.01800436611358727 20089466 20089466 0
6 6043 rs2071473 32782605 1 0.0177582413249016 32782605 32782605 0
6 13777 rs9320373 111965272 1 -0.01775030343554085 111965272 111965272 0
6 11377 rs9359645 85992024 1 -0.01774411606592397 85992024 85992024 0
6 11816 rs4707557 90362783 2 -0.01610877071690066 90362783 90362783 0
6 13554 rs471422 109138491 1 -0.01592987886681433 109138491 109138491 0
6 621 rs1407793 5884859 2 -0.01585411755261582 5884859 5884859 0
6 1827 rs236968 16583147 1 0.01583439814527566 16583147 16583147 0
6 2603 rs10485010 22600492 2 0.01583316829694716 22600492 22600492 0
6 6310 rs4551215 33025700 1 -0.01571118652262757 33025700 33025700 0
6 9741 rs1321980 70003609 1 0.01554850885126813 70003609 70003609 0
6 15250 rs719727 127414838 1 0.01553429421537163 127414838 127414838 0
6 13814 rs9384814 112207195 1 0.01548403551905316 112207195 112207195 0
6 16073 rs9376124 135979220 1 0.01543957639015598 135979220 135979220 0
6 7882 rs2179994 45991569 2 0.01541034430540602 45991569 45991569 0
6 11626 rs2754266 88421485 1 -0.01536091958609878 88421485 88421485 0
6 11613 rs2307389 88318883 1 0.01532149488449868 88318883 88318883 0
6 19412 rs3823202 166977609 1 -0.01510424616813898 166977609 166977609 0
6 19255 rs693437 165944280 2 -0.01483481132937641 165944280 165944280 0
6 13332 rs9320151 106583964 1 0.01453877250067922 106583964 106583964 0
6 7460 rs2803492 41191221 1 -0.01450026221117145 41191221 41191221 0
6 1859 rs3812227 16741886 1 -0.01426236898702641 16741886 16741886 0
6 4022 rs1633005 29764472 2 0.01418336957128248 29764472 29764472 0
6 13305 rs7766016 106282402 1 -0.01413991995974226 106282402 106282402 0
6 6827 rs9368895 35913096 1 0.01413403121058473 35913096 35913096 0
6 15013 rs7749215 123869906 1 0.01402964322397144 123869906 123869906 0
6 17278 rs6570947 149469655 1 0.01398151360061957 149469655 149469655 0
6 14689 rs2789019 121151328 1 -0.01378330553901048 121151328 121151328 0
6 15051 rs4310075 124332238 1 0.0136183423810823 124332238 124332238 0
6 7682 rs1096699 43528441 1 0.01355523136866186 43528441 43528441 0
6 7859 rs7746680 45777347 1 -0.01353694019909285 45777347 45777347 0
6 11156 rs9449593 83932731 2 0.01349232665608198 83932731 83932731 0
6 11885 rs370409 90921740 1 0.01331910960294588 90921740 90921740 0
6 2482 rs1322884 21753645 2 -0.01329631869435172 21753645 21753645 0
6 11095 rs9449501 83284573 2 0.01328915698404286 83284573 83284573 0
6 6385 rs3130235 33097382 1 0.01326761712867985 33097382 33097382 0
6 15319 rs7738609 128295502 1 0.01326262741879821 128295502 128295502 0
6 8683 rs991286 54166054 1 0.01322348924424348 54166054 54166054 0
6 11260 rs6935503 85234404 1 0.01320220543462156 85234404 85234404 0
6 12000 rs10944534 91994620 1 0.01307227568555667 91994620 91994620 0
6 11684 rs990060 89074336 1 0.01287648176214519 89074336 89074336 0
6 18168 rs17087341 156690480 1 -0.01278022628240582 156690480 156690480 0
6 11840 rs9362681 90476452 1 0.01275920202562703 90476452 90476452 0
6 16327 rs1188873 139221850 1 0.01267094339634224 139221850 139221850 0
6 16244 rs666769 138415087 1 -0.01260404743631427 138415087 138415087 0
6 18443 rs7754295 160061229 1 0.01248832847151308 160061229 160061229 0
6 18475 rs3798201 160403788 1 -0.01248667031843655 160403788 160403788 0
6 11494 rs6919366 87113172 2 0.01234191088959428 87113172 87113172 0
6 17789 rs2623958 152841248 1 0.01225737750480543 152841248 152841248 0
6 18990 rs9347738 163769090 1 0.01221777152705285 163769090 163769090 0
6 1825 rs236954 16570089 1 0.01217663332989861 16570089 16570089 0
6 803 rs1334576 7211818 1 -0.01215482721351519 7211818 7211818 0
6 11555 rs16878151 87730855 1 -0.01207509934073768 87730855 87730855 0
6 5899 rs9275312 32665728 1 -0.01206442515009169 32665728 32665728 0
6 5335 rs1800750 31542963 1 0.01201187153088169 31542963 31542963 0
6 6903 rs6457940 36663357 2 0.01195122917851723 36663357 36663357 0
6 7778 rs561160 44579789 2 -0.01193930928275567 44579789 44579789 0
6 1194 rs2076258 10876036 1 -0.01183968242283417 10876036 10876036 0
6 16618 rs765875 143185683 1 0.01176780117463081 143185683 143185683 0
6 8938 rs4715555 55448610 1 -0.01170879638861386 55448610 55448610 0
6 14519 rs12195334 119407563 1 -0.01165725716193338 119407563 119407563 0
6 13443 rs311218 107408585 2 0.01161218621948356 107408585 107408585 0
6 11109 rs287822 83397096 1 -0.01151889480948703 83397096 83397096 0
6 4580 rs3130667 30743241 1 0.01146282988204368 30743241 30743241 0
6 12238 rs1492964 94031097 1 0.01144741771509392 94031097 94031097 0
6 13351 rs633724 106734040 1 0.01144682700111755 106734040 106734040 0
6 6875 rs2234080 36336764 1 0.01142040574461914 36336764 36336764 0
6 10173 rs2073465 74229792 2 0.01122104281871141 74229792 74229792 0
6 15955 rs6569937 134620673 1 0.01118940551220026 134620673 134620673 0
6 19338 rs10946116 166480503 2 -0.01112655380413889 166480503 166480503 0
6 18470 rs1983633 160352497 1 -0.0110897410224727 160352497 160352497 0
6 11063 rs4292570 82763865 1 -0.01106769168811518 82763865 82763865 0
6 820 rs2876098 7374207 1 0.01100900568942967 7374207 7374207 0
6 7257 rs9471080 39320088 1 0.01091798447312006 39320088 39320088 0
6 16336 rs9376387 139285630 1 0.01088139114932823 139285630 139285630 0
6 10389 rs6900948 76876104 1 0.01069615016869393 76876104 76876104 0
6 14331 rs4946260 117822993 1 -0.01067477741011207 117822993 117822993 0
6 6391 rs2294478 33098966 1 0.0106194430299511 33098966 33098966 0
6 5145 rs6903496 31352774 1 0.01042868791299514 31352774 31352774 0
6 9639 rs4481397 69237307 1 -0.01042679942040465 69237307 69237307 0
6 13329 rs9480642 106574892 1 0.01042198888294515 106574892 106574892 0
6 11916 rs6911698 91188927 2 0.01034327792796756 91188927 91188927 0
6 2509 rs6909060 21986847 1 0.01025604792127113 21986847 21986847 0
6 1788 rs6926350 16209140 1 0.01025337801241435 16209140 16209140 0
6 19565 rs902393 168463624 2 0.01024388081711376 168463624 168463624 0
6 15764 rs9321348 132864548 1 -0.01021370773139581 132864548 132864548 0
6 2036 rs9477700 18330781 1 0.01016169609965243 18330781 18330781 0
6 11776 rs2236204 90025112 2 0.01011048892291261 90025112 90025112 0
6 9889 rs1418677 71788265 1 0.01006591799610702 71788265 71788265 0
6 8056 rs7740768 47788531 2 -0.0099150407366722 47788531 47788531 0
6 16374 rs668459 139835689 1 -0.00987560706965842 139835689 139835689 0
6 9918 rs7753757 72034337 1 0.00986685081267374 72034337 72034337 0
6 4519 rs3094104 30609629 1 0.00984315228620346 30609629 30609629 0
6 6315 rs1054025 33035771 1 0.00977494803093069 33035771 33035771 0
6 14046 rs1011910 114417219 1 0.00975502555311877 114417219 114417219 0
6 100 rs9501682 1067284 1 0.00972937261509589 1067284 1067284 0
6 11948 rs1145743 91412651 1 0.00972173814208022 91412651 91412651 0
6 18345 rs6924755 159264974 1 0.00967301990165942 159264974 159264974 0
6 10043 rs41265489 72809641 2 0.00964420796649293 72809641 72809641 0
6 10380 rs1540999 76695323 1 0.00950840157224455 76695323 76695323 0
6 5722 rs570963 32289594 1 0.00936868762649265 32289594 32289594 0
6 3844 rs362511 29530850 1 0.00932813558255437 29530850 29530850 0
6 2205 rs9348385 19548810 2 -0.00904730647147405 19548810 19548810 0
6 6925 rs7762245 36716229 1 0.00902927727158658 36716229 36716229 0
6 6103 rs1800454 32800412 1 -0.00892061671699686 32800412 32800412 0
6 6663 rs4713755 34135235 2 0.00890808747633851 34135235 34135235 0
6 7453 rs11962624 41176759 1 -0.00890654808959205 41176759 41176759 0
6 1342 rs9470631 11976739 1 -0.00886342061078034 11976739 11976739 0
6 13252 rs7769944 105547105 1 0.00885680829966491 105547105 105547105 0
6 18730 rs7760443 162172718 1 0.0088226782905692 162172718 162172718 0
6 14319 rs9489193 117769728 2 0.0087949327520593 117769728 117769728 0
6 12314 rs515814 94845639 1 0.00875974173928632 94845639 94845639 0
6 6024 rs2621338 32776583 1 -0.00874402982756305 32776583 32776583 0
6 5366 rs2272593 31601344 1 0.00868819972084285 31601344 31601344 0
6 1637 rs9476591 14579439 1 0.0086828702044294 14579439 14579439 0
6 16726 rs1015340 144035357 1 0.00867195205685153 144035357 144035357 0
6 6681 rs41312309 34498328 1 0.00866924806736664 34498328 34498328 0
6 19271 rs3008014 166028906 1 -0.0086663342928909 166028906 166028906 0
6 1616 rs2223220 14441229 1 -0.00864778053716089 14441229 14441229 0
6 13331 rs742108 106582920 2 0.00862108515703272 106582920 106582920 0
6 19483 rs4709142 167407584 1 0.00853557583381125 167407584 167407584 0
6 11027 rs194914 82432826 1 -0.00849136526448359 82432826 82432826 0
6 5364 rs2242660 31597753 1 0.00843807331832167 31597753 31597753 0
6 19254 rs576853 165943163 1 0.00836637227966416 165943163 165943163 0
6 14051 rs9488335 114465074 1 -0.00836417769987663 114465074 114465074 0
6 13435 rs908819 107307003 1 0.00836335325729105 107307003 107307003 0
6 479 rs4959299 4492079 1 0.00833522810956948 4492079 4492079 0
6 4371 rs6905389 30319930 1 -0.008272873804513 30319930 30319930 0
6 19537 rs7767627 167822221 2 0.00823362811971063 167822221 167822221 0
6 5766 rs3129943 32338695 1 0.00820310991486925 32338695 32338695 0
6 880 rs927402 7810225 1 -0.00818901255883953 7810225 7810225 0
6 11300 rs215939 85466286 1 0.00812524280441896 85466286 85466286 0
6 7548 rs6921368 41980666 1 0.00809891084450813 41980666 41980666 0
6 413 rs9328207 3944564 1 0.00801450835366947 3944564 3944564 0
6 14082 rs7761443 114939097 1 -0.00789349348201009 114939097 114939097 0
6 1123 rs855398 10047914 1 -0.00785815390631347 10047914 10047914 0
6 9000 rs2038144 56204780 1 -0.00784670107590661 56204780 56204780 0
6 12995 rs9377299 102202511 1 -0.00783877777855118 102202511 102202511 0
6 96 rs6597402 1049358 1 -0.00782931683693242 1049358 1049358 0
6 16673 rs2128977 143846791 2 0.00775714794722314 143846791 143846791 0
6 9508 rs1349813 67801858 1 0.00773045564659288 67801858 67801858 0
6 16138 rs17066096 137452908 2 0.00772719454341572 137452908 137452908 0
6 15195 rs584032 126165003 1 0.00772113852233618 126165003 126165003 0
6 16130 rs2153893 137295402 1 0.00767432869139503 137295402 137295402 0
6 13222 rs2211033 104992395 2 0.00763920364607564 104992395 104992395 0
6 13012 rs17062729 102432315 2 0.00761705852523839 102432315 102432315 0
6 9407 rs9453597 66826432 2 0.0075818954744979 66826432 66826432 0
6 10946 rs12527737 81607383 2 -0.00753066899956483 81607383 81607383 0
6 7434 rs742493 40998167 1 0.00752445429189544 40998167 40998167 0
6 9153 rs1723535 64136886 1 0.00749682396998034 64136886 64136886 0
6 14562 rs7757317 119753856 2 0.00744331517857743 119753856 119753856 0
6 1980 rs9297052 17919563 1 -0.00741020450873151 17919563 17919563 0
6 6729 rs2177380 34980601 2 0.00735888603200921 34980601 34980601 0
6 5356 rs3763295 31587938 1 -0.007350016081103 31587938 31587938 0
6 5909 rs11752643 32669373 1 0.00733869744071844 32669373 32669373 0
6 7635 rs141065679 43017190 1 -0.00730688570007609 43017190 43017190 0
6 13040 rs1933992 103010088 1 0.00729216420962805 103010088 103010088 0
6 16215 rs10499196 138019666 1 -0.00727091399042478 138019666 138019666 0
6 2044 rs10949509 18441624 1 0.00722524191218456 18441624 18441624 0
6 4545 rs2269702 30675135 2 0.00720622930788354 30675135 30675135 0
6 11578 rs61744959 87970650 1 -0.00711421608417377 87970650 87970650 0
6 18382 rs2073138 159461931 1 -0.00711346097063835 159461931 159461931 0
6 17442 rs9480384 150729878 1 -0.00711332966850414 150729878 150729878 0
6 8639 rs1409098 53882340 1 -0.00709390756633329 53882340 53882340 0
6 2381 rs11967068 20841593 1 -0.00709378683587347 20841593 20841593 0
6 18582 rs1810126 160872151 1 -0.00708710509466776 160872151 160872151 0
6 6566 rs594223 33667965 1 0.0070817283716511 33667965 33667965 0
6 9939 rs9346471 72137905 2 0.00704702883360703 72137905 72137905 0
6 16015 rs11549504 135286230 1 0.00697303887373713 135286230 135286230 0
6 2244 rs1047014 19841493 2 0.00693472997139234 19841493 19841493 0
6 2233 rs9350175 19756008 1 -0.00687852362132806 19756008 19756008 0
6 1833 rs909788 16636461 1 0.00681990534514285 16636461 16636461 0
6 13336 rs17586975 106591318 1 0.00679916032229672 106591318 106591318 0
6 12150 rs9345259 93359457 1 0.0067547407053053 93359457 93359457 0
6 6273 rs381218 32977420 1 -0.00673689600610887 32977420 32977420 0
6 4633 rs3095345 30822413 1 0.0067188972052595 30822413 30822413 0
6 6095 rs241439 32797537 1 0.0066939844431159 32797537 32797537 0
6 4805 rs2517485 31074101 1 -0.00667869392805288 31074101 31074101 0
6 6733 rs820082 35031441 2 -0.00666588905179095 35031441 35031441 0
6 9977 rs720742 72321902 1 -0.00664448814255277 72321902 72321902 0
6 9457 rs6924193 67157506 1 0.00663554381015141 67157506 67157506 0
6 8912 rs1472641 55301723 1 -0.00660860745608201 55301723 55301723 0
6 15656 rs7759504 132066501 1 -0.00657089762545592 132066501 132066501 0
6 19089 rs6915442 164663686 2 0.00656272959953198 164663686 164663686 0
6 5608 rs2071292 32155948 2 -0.00653263284874594 32155948 32155948 0
6 6687 rs13194133 34532922 1 0.00649395291083654 34532922 34532922 0
6 17841 rs9479504 153404825 2 -0.00645440948522937 153404825 153404825 0
6 19451 rs2178806 167218762 2 0.00644714772862572 167218762 167218762 0
6 11862 rs292255 90643281 1 0.00638036201208914 90643281 90643281 0
6 9130 rs6453938 63710146 1 -0.00636395247737347 63710146 63710146 0
6 18348 rs9457490 159299216 1 0.00636105462782704 159299216 159299216 0
6 13511 rs17854547 108214694 1 0.00636023739832561 108214694 108214694 0
6 3020 rs9379751 25292214 1 0.00635372406614022 25292214 25292214 0
6 1373 rs9380902 12201764 2 -0.00633549343100775 12201764 12201764 0
6 5370 rs1046089 31602967 2 -0.00632368934107358 31602967 31602967 0
6 5925 rs1794275 32671248 1 0.00632186420215592 32671248 32671248 0
6 10092 rs2149528 73220254 1 0.00631329715238327 73220254 73220254 0
6 3017 rs6940230 25247120 2 -0.0062464813048483 25247120 25247120 0
6 19498 rs3093023 167534290 1 -0.00623906432362131 167534290 167534290 0
6 12213 rs1998577 93871629 1 -0.00623846792517646 93871629 93871629 0
6 13216 rs1341124 104925991 1 -0.00623554969342377 104925991 104925991 0
6 16616 rs728589 143172013 1 0.00622687253258668 143172013 143172013 0
6 4180 rs3869070 30023868 1 0.00616245433723682 30023868 30023868 0
6 5466 rs2763979 31794592 2 -0.00614838746190759 31794592 31794592 0
6 12075 rs13194228 92687036 1 -0.00613837928604965 92687036 92687036 0
6 15381 rs17056876 129483375 1 0.0061383127326242 129483375 129483375 0
6 19567 rs9364220 168490568 1 0.00611756547358164 168490568 168490568 0
6 17050 rs325129 147807143 1 0.00598681505419827 147807143 147807143 0
6 14136 rs4304201 115940684 2 -0.00596403869945496 115940684 115940684 0
6 13153 rs10872782 104290530 2 0.00594632006685955 104290530 104290530 0
6 6769 rs6457816 35362848 1 -0.00592714151374773 35362848 35362848 0
6 9869 rs1619936 71598545 1 -0.00592693490662064 71598545 71598545 0
6 1494 rs413120 13280641 1 -0.00589657181263713 13280641 13280641 0
6 7689 rs945128 43710756 1 -0.00588828394644616 43710756 43710756 0
6 16119 rs17065704 137214826 1 0.00588536473462063 137214826 137214826 0
6 10134 rs12203617 73672548 1 0.00584425153861772 73672548 73672548 0
6 1809 rs10484361 16424289 2 -0.00577469056620112 16424289 16424289 0
6 499 rs437875 4666878 2 -0.00576878539755808 4666878 4666878 0
6 19529 rs2981984 167767987 1 0.00575080691642952 167767987 167767987 0
6 16551 rs9376683 142626699 1 -0.00573198829350685 142626699 142626699 0
6 9748 rs9454732 70049915 1 -0.00571836161810209 70049915 70049915 0
6 16635 rs7738387 143437284 1 0.00571404625533282 143437284 143437284 0
6 185 rs9328072 1828165 1 0.00566973509781993 1828165 1828165 0
6 756 rs3804490 6653139 2 0.00564964398418391 6653139 6653139 0
6 15857 rs2145351 133546689 1 -0.00563985363850049 133546689 133546689 0
6 14520 rs2357161 119412952 1 -0.00563671667088968 119412952 119412952 0
6 11680 rs9362478 88989087 1 0.0056213901235006 88989087 88989087 0
6 18340 rs6455604 159215408 2 0.00561562116577011 159215408 159215408 0
6 15293 rs9491849 127945200 1 0.00556976876821953 127945200 127945200 0
6 14181 rs9320552 116310336 1 0.00554799422402536 116310336 116310336 0
6 5375 rs35595439 31605016 1 0.00553478030696612 31605016 31605016 0
6 19317 rs7747429 166310842 1 -0.0055234647203964 166310842 166310842 0
6 17415 rs9397900 150665752 1 0.00552051516608358 150665752 150665752 0
6 1337 rs11963539 11969231 1 0.00551373008740069 11969231 11969231 0
6 2905 rs2760140 24481039 1 0.00550347673558567 24481039 24481039 0
6 5928 rs9275524 32675109 1 0.00548224173214066 32675109 32675109 0
6 7184 rs9380818 38964131 2 -0.00547952114196168 38964131 38964131 0
6 6343 rs9277535 33054861 1 0.00547754778736599 33054861 33054861 0
6 9074 rs7758052 57710238 1 0.0054716714891886 57710238 57710238 0
6 16633 rs3804528 143400092 1 0.00547132608378065 143400092 143400092 0
6 16962 rs12200797 146615383 1 0.00544718660514521 146615383 146615383 0
6 9144 rs1711932 63988362 1 -0.00544667176728292 63988362 63988362 0
6 15668 rs6934819 132095805 1 -0.00543203634852041 132095805 132095805 0
6 11868 rs10806414 90665969 2 0.00541802682740251 90665969 90665969 0
6 9595 rs9342679 68677034 1 -0.00541276113016195 68677034 68677034 0
6 6443 rs2076311 33145369 2 0.00539485923323085 33145369 33145369 0
6 11571 rs932742 87804685 1 0.00538541683173651 87804685 87804685 0
6 2211 rs6933602 19610858 2 -0.0053724603039174 19610858 19610858 0
6 9867 rs1716010 71595151 1 -0.0053701387298564 71595151 71595151 0
6 15471 rs9375674 130216510 2 -0.00536225177432552 130216510 130216510 0
6 1847 rs1359067 16696724 1 0.00535849150079564 16696724 16696724 0
6 1576 rs9296918 14073320 1 0.00534721975028278 14073320 14073320 0
6 10970 rs310405 81800362 1 -0.00533453963325365 81800362 81800362 0
6 15801 rs2294758 133045812 1 0.00524178470083584 133045812 133045812 0
6 3264 rs806792 26198916 1 0.00522205147633861 26198916 26198916 0
6 8841 rs7756097 55034424 1 0.00521100214311673 55034424 55034424 0
6 4912 rs3130503 31137165 1 0.00520361811484859 31137165 31137165 0
6 8 rs7757906 412741 2 0.00520286055995766 412741 412741 0
6 16026 rs7776054 135418916 1 -0.00520033370300802 135418916 135418916 0
6 14925 rs9375186 123131515 1 0.00518102892586639 123131515 123131515 0
6 19620 rs2763249 168926062 1 -0.00516051727948018 168926062 168926062 0
6 15690 rs9493120 132213001 2 0.00516024325099736 132213001 132213001 0
6 18389 rs7772013 159528254 1 -0.0051547677888871 159528254 159528254 0
6 11270 rs4438935 85286776 1 0.00515130586804224 85286776 85286776 0
6 16192 rs526676 137891497 1 -0.00514484373614101 137891497 137891497 0
6 13362 rs2353592 106863710 1 -0.00513720189046665 106863710 106863710 0
6 9380 rs1903406 66656097 1 -0.00511851125250707 66656097 66656097 0
6 12469 rs11156122 96444751 1 -0.00511545209030637 96444751 96444751 0
6 15949 rs4896028 134539179 1 0.00508779802356315 134539179 134539179 0
6 65 rs9406006 776262 1 -0.00507989401798327 776262 776262 0
6 9947 rs852961 72186990 2 -0.0050766503759665 72186990 72186990 0
6 15173 rs1342698 125940941 1 0.0050707663428329 125940941 125940941 0
6 19384 rs9365980 166661420 1 0.00506619310491991 166661420 166661420 0
6 2534 rs6924146 22238088 1 0.00503588151452983 22238088 22238088 0
6 8305 rs2397060 51611470 1 0.00502731258462979 51611470 51611470 0
6 2991 rs4712872 24990786 1 -0.00502082458592916 24990786 24990786 0
6 19570 rs6455484 168506045 1 0.00502031584965819 168506045 168506045 0
6 4991 rs7747738 31230924 1 0.00502023365808488 31230924 31230924 0
6 750 rs3789766 6618373 1 0.00501192174204254 6618373 6618373 0
6 13344 rs6920944 106637575 1 0.00501109082696907 106637575 106637575 0
6 13279 rs9398033 106009443 1 0.00500306144443363 106009443 106009443 0
6 3852 rs1233399 29539482 1 0.00498609783435701 29539482 29539482 0
6 8456 rs10948711 52510665 1 -0.00498239308672966 52510665 52510665 0
6 4729 rs540165831 30981715 1 0.00497030568272702 30981715 30981715 0
6 19611 rs2609333 168903232 1 -0.00495945284383661 168903232 168903232 0
6 14329 rs9320605 117817775 1 0.0049105071105555 117817775 117817775 0
6 6307 rs441576 33008546 1 0.00487327443420637 33008546 33008546 0
6 2840 rs1856839 24193869 2 -0.00486996356055462 24193869 24193869 0
6 19278 rs7738923 166077866 1 0.00486778503398417 166077866 166077866 0
6 16083 rs6570053 136217299 1 -0.00486691416278046 136217299 136217299 0
6 18241 rs629218 158097475 1 -0.00484041616815538 158097475 158097475 0
6 12073 rs12526373 92669376 2 0.00483174600089046 92669376 92669376 0
6 16442 rs661704 141174222 2 -0.00480341783199501 141174222 141174222 0
6 13356 rs683456 106799104 1 -0.00477208048965553 106799104 106799104 0
6 15731 rs1358771 132451644 1 -0.00474317051676084 132451644 132451644 0
6 11553 rs1324433 87698758 1 0.00473249659875742 87698758 87698758 0
6 16082 rs947583 136133659 1 0.00471057572125462 136133659 136133659 0
6 14515 rs1889561 119335865 2 0.00468140714126788 119335865 119335865 0
6 896 rs365936 7920904 1 0.00467801410520714 7920904 7920904 0
6 25 rs6918152 542159 1 0.00467271585212582 542159 542159 0
6 4554 rs9500864 30693232 1 0.00467267483193151 30693232 30693232 0
6 4264 rs1557608 30118582 1 -0.00465402496267854 30118582 30118582 0
6 7467 rs9296359 41205690 1 -0.0046478468239232 41205690 41205690 0
6 8844 rs10456181 55040696 2 0.00464397078821364 55040696 55040696 0
6 9524 rs9360275 67895080 1 -0.00464394286787853 67895080 67895080 0
6 4806 rs1064190 31075115 2 -0.0046281406326768 31075115 31075115 0
6 15350 rs7744000 129037359 1 0.00461448725774898 129037359 129037359 0
6 14489 rs902780 119108363 1 0.00460727115199323 119108363 119108363 0
6 10120 rs7740606 73489110 1 -0.0046014683594759 73489110 73489110 0
6 13504 rs4391294 108090454 1 -0.00458101846455639 108090454 108090454 0
6 19547 rs35140809 168297647 1 0.00457321941512257 168297647 168297647 0
6 18409 rs9365057 159808288 1 0.00455956538814116 159808288 159808288 0
6 422 rs12110567 4016348 1 0.00454792467112607 4016348 4016348 0
6 1518 rs497505 13355485 1 -0.00454356722664868 13355485 13355485 0
6 11540 rs16879870 87531746 1 0.00452999904818566 87531746 87531746 0
6 11913 rs1144157 91184183 1 0.0045233888461739 91184183 91184183 0
6 2829 rs12211300 24161869 1 -0.00450190244344874 24161869 24161869 0
6 16851 rs9399525 145313726 1 0.00449799639914651 145313726 145313726 0
6 4528 rs3094097 30633875 2 0.00446209264731569 30633875 30633875 0
6 18472 rs9456484 160391189 1 -0.00445898480403934 160391189 160391189 0
6 15694 rs9375851 132243683 1 -0.00445063215370798 132243683 132243683 0
6 16553 rs9376685 142629831 1 -0.00444167393068678 142629831 142629831 0
6 3418 rs6904596 27491299 1 -0.00443955848034459 27491299 27491299 0
6 641 rs9328341 6027082 1 -0.00443746157775895 6027082 6027082 0
6 2516 rs11966463 22003895 2 0.00441019495579114 22003895 22003895 0
6 6736 rs2234044 35090097 1 -0.00439139999368944 35090097 35090097 0
6 866 rs2068361 7736743 2 0.00433625950129317 7736743 7736743 0
6 50 rs17136239 656343 1 0.00433244481661782 656343 656343 0
6 4794 rs2517455 31059900 1 -0.00432475968470332 31059900 31059900 0
6 6081 rs241451 32796480 1 0.00432376111325059 32796480 32796480 0
6 129 rs2252693 1277151 2 0.00431941103664428 1277151 1277151 0
6 12045 rs1761783 92401171 2 0.00430837365830756 92401171 92401171 0
6 16507 rs17071142 142054581 1 -0.00429256399654494 142054581 142054581 0
6 3335 rs9348747 27002406 1 0.00427975787499035 27002406 27002406 0
6 15158 rs9482645 125672037 2 0.00426695643746481 125672037 125672037 0
6 14102 rs4400248 115230047 1 0.00426281801052348 115230047 115230047 0
6 7972 rs1873318 46966274 1 0.00426133118962727 46966274 46966274 0
6 11167 rs1143796 84005867 1 0.00424732986748014 84005867 84005867 0
6 10976 rs6935142 81856665 2 0.00423997583179229 81856665 81856665 0
6 3012 rs1880269 25225513 2 0.00417722524372823 25225513 25225513 0
6 2380 rs9465914 20836213 1 -0.00412224975165217 20836213 20836213 0
6 13308 rs6934413 106328676 1 0.00411792411435539 106328676 106328676 0
6 15198 rs6911452 126230445 1 -0.00411717573995546 126230445 126230445 0
6 9154 rs9294202 64138954 1 -0.0041145142431456 64138954 64138954 0
6 2522 rs9350407 22021230 2 -0.00410500576668611 22021230 22021230 0
6 17878 rs576496 153881380 1 -0.00410383209529545 153881380 153881380 0
6 9280 rs1995443 66061173 1 -0.00408646538647885 66061173 66061173 0
6 14809 rs9385199 121837314 1 -0.00407301759668139 121837314 121837314 0
6 9970 rs9358960 72279021 1 0.00407282046000449 72279021 72279021 0
6 7910 rs1527691 46542804 1 0.0040701089845475 46542804 46542804 0
6 14554 rs742962 119713746 1 0.00406426667908859 119713746 119713746 0
6 15434 rs929103 129993162 2 -0.0040604500470313 129993162 129993162 0
6 16040 rs6569992 135452152 1 -0.00403923229672515 135452152 135452152 0
6 12529 rs9398152 97063724 2 -0.00402432269187299 97063724 97063724 0
6 7664 rs2756184 43234316 1 -0.00399034749509107 43234316 43234316 0
6 13342 rs10484575 106631860 1 0.00397810289024732 106631860 106631860 0
6 13546 rs1268160 109075953 1 0.00397179485561404 109075953 109075953 0
6 5256 rs3132469 31456567 2 -0.0039199566931682 31456567 31456567 0
6 17514 rs9322272 151017733 1 -0.00389335068466008 151017733 151017733 0
6 17925 rs9479756 154410114 1 -0.00388250693815556 154410114 154410114 0
6 18578 rs9365164 160856843 1 -0.00387248565325479 160856843 160856843 0
6 584 rs7763423 5523888 1 -0.0038555126982824702 5523888 5523888 0
6 19045 rs6914455 164311616 2 0.00384809607577532 164311616 164311616 0
6 4728 rs536070307 30981307 1 0.00384758594097984 30981307 30981307 0
6 7955 rs220715 46884288 2 -0.00383344475685309 46884288 46884288 0
6 2210 rs6910563 19610835 1 0.00379665900581898 19610835 19610835 0
6 6055 rs2621323 32788707 1 0.00379392635284848 32788707 32788707 0
6 7324 rs9369152 39962868 1 -0.00378310598072203 39962868 39962868 0
6 1815 rs9396676 16460906 1 0.00375344494551076 16460906 16460906 0
6 12200 rs1930934 93842533 1 -0.00374300421928629 93842533 93842533 0
6 14829 rs12192653 122107994 1 -0.00372553765642601 122107994 122107994 0
6 18461 rs4709370 160210061 1 -0.00371513641443489 160210061 160210061 0
6 13302 rs12660517 106255713 1 0.00371042870533247 106255713 106255713 0
6 15938 rs2811676 134327815 1 0.00370576847408236 134327815 134327815 0
6 1907 rs1408299 17154680 1 0.00370402645477586 17154680 17154680 0
6 5361 rs1046080 31595882 1 -0.00369897265565202 31595882 31595882 0
6 648 rs9405895 6042930 2 0.00368425357559958 6042930 6042930 0
6 5896 rs9357152 32664960 2 -0.00367997732746823 32664960 32664960 0
6 18051 rs9371891 155766944 2 -0.00367609987152595 155766944 155766944 0
6 18231 rs16900291 158022695 1 -0.00367068818045965 158022695 158022695 0
6 9793 rs3806014 70795455 2 0.00365730247183133 70795455 70795455 0
6 19510 rs7761658 167644277 1 0.00363355120684643 167644277 167644277 0
6 4562 rs4713358 30716117 1 -0.00362487642129368 30716117 30716117 0
6 19430 rs7752989 167082896 1 0.00362247453103989 167082896 167082896 0
6 135 rs731394 1405284 1 0.00361422093206385 1405284 1405284 0
6 5354 rs2269475 31583931 1 -0.00359959845999542 31583931 31583931 0
6 12483 rs4629693 96581274 1 -0.00358875877271445 96581274 96581274 0
6 15793 rs8192619 132966348 1 -0.00358107665911154 132966348 132966348 0
6 10133 rs13206617 73663745 1 0.00357795880581043 73663745 73663745 0
6 13278 rs9386455 106006230 1 0.00357323952887251 106006230 106006230 0
6 16081 rs4896180 136109831 1 0.00357268563311512 136109831 136109831 0
6 15257 rs9491697 127456122 1 0.00356618110012261 127456122 127456122 0
6 10832 rs346343 80609413 1 -0.00356537181211498 80609413 80609413 0
6 16131 rs4896224 137298126 1 0.00354901114743954 137298126 137298126 0
6 15163 rs4895745 125797983 1 -0.00354590936839312 125797983 125797983 0
6 10084 rs1572208 73171594 1 0.00352016208264406 73171594 73171594 0
6 18244 rs941888 158101468 1 0.00351249254741352 158101468 158101468 0
6 18111 rs4428513 156247138 1 -0.00351047081375965 156247138 156247138 0
6 9308 rs9360139 66284186 1 0.00350879775067782 66284186 66284186 0
6 11914 rs1145724 91187510 1 0.0035062506407406 91187510 91187510 0
6 16017 rs9376080 135315398 1 -0.00349188849790323 135315398 135315398 0
6 356 rs3813477 3398623 2 0.00347396127613828 3398623 3398623 0
6 18380 rs4709266 159456266 1 -0.00347128875056792 159456266 159456266 0
6 11064 rs34341363 82765836 1 -0.00346009319612315 82765836 82765836 0
6 173 rs6909392 1689518 1 0.00345971111862553 1689518 1689518 0
6 2358 rs4710943 20740019 1 -0.00345892461001917 20740019 20740019 0
6 31 rs2073009 572480 2 0.00343285288985134 572480 572480 0
6 18679 rs3757037 161697400 1 0.00341917741778961 161697400 161697400 0
6 11214 rs2480199 84802323 1 -0.00341737691201405 84802323 84802323 0
6 5646 rs499691 32194339 1 -0.00339770572293357 32194339 32194339 0
6 19812 rs9383480 170193459 1 0.00339230650016593 170193459 170193459 0
6 6346 rs9277557 33056694 1 0.00338277513714021 33056694 33056694 0
6 17983 rs1022404 154899702 1 0.00337988107608982 154899702 154899702 0
6 13442 rs1665912 107399970 2 -0.00337917645357413 107399970 107399970 0
6 2935 rs807531 24548972 1 0.00333901897800307 24548972 24548972 0
6 17367 rs17054300 150370552 1 -0.00331479541060656 150370552 150370552 0
6 16021 rs117966977 135358904 1 0.00331098799876665 135358904 135358904 0
6 16373 rs632057 139834012 1 -0.00330318375466425 139834012 139834012 0
6 16087 rs1891362 136239179 2 -0.00330211713063325 136239179 136239179 0
6 2421 rs77152992 21065449 1 0.00329461482975115 21065449 21065449 0
6 7843 rs9472521 45569863 1 -0.00328369148410738 45569863 45569863 0
6 17446 rs7769234 150751874 1 0.0032756830297023 150751874 150751874 0
6 11101 rs7356857 83337469 1 -0.00327148575505246 83337469 83337469 0
6 16078 rs12201044 136064441 1 0.00326517590166729 136064441 136064441 0
6 5824 rs3135363 32389648 2 0.0032576429858284 32389648 32389648 0
6 2539 rs1341239 22304204 1 0.00324053274797036 22304204 22304204 0
6 13774 rs4947138 111960388 2 0.00322616227807732 111960388 111960388 0
6 15674 rs9388917 132136025 1 0.00322486951663846 132136025 132136025 0
6 7957 rs6927483 46889577 1 0.00321495885217964 46889577 46889577 0
6 13311 rs9386491 106350725 1 0.00320373938686298 106350725 106350725 0
6 16423 rs505897 140444057 1 -0.0031960214510987 140444057 140444057 0
6 11396 rs545969 86092879 1 0.00317841319607351 86092879 86092879 0
6 11065 rs884656 82767410 2 -0.00317667628551508 82767410 82767410 0
6 892 rs3812162 7911702 1 0.00317505355417903 7911702 7911702 0
6 8642 rs10484652 53884210 2 -0.00316682841051392 53884210 53884210 0
6 5652 rs495089 32197463 2 -0.00313895211552445 32197463 32197463 0
6 8695 rs1995768 54181882 2 0.00311652367060491 54181882 54181882 0
6 7401 rs9369228 40698365 1 -0.00311488862085882 40698365 40698365 0
6 11348 rs6938017 85766507 1 -0.00310935619753727 85766507 85766507 0
6 17109 rs529563 148252713 1 0.00309625630028725 148252713 148252713 0
6 13017 rs995640 102482848 2 0.00309028549070785 102482848 102482848 0
6 495 rs1971444 4664262 1 -0.00308921368438156 4664262 4664262 0
6 1591 rs853377 14175404 1 0.00308725847679379 14175404 14175404 0
6 13447 rs10457161 107505241 2 0.00307974079328665 107505241 107505241 0
6 6572 rs649775 33684313 1 0.0030735872334068 33684313 33684313 0
6 18747 rs9689943 162283824 1 -0.00306069602018553 162283824 162283824 0
6 13808 rs7749147 112164313 1 0.00305781802284306 112164313 112164313 0
6 9532 rs9345994 67952979 1 -0.00305435482495474 67952979 67952979 0
6 10705 rs9448560 79479882 1 0.00305260394240776 79479882 79479882 0
6 3542 rs17312661 28300336 1 -0.00304211933583466 28300336 28300336 0
6 16135 rs12214209 137378863 1 0.00303579366978568 137378863 137378863 0
6 1996 rs4716213 18052449 1 0.00303162467363584 18052449 18052449 0
6 15948 rs12662210 134447959 1 0.0030252030652844 134447959 134447959 0
6 16931 rs12526956 145872147 1 0.00301955418027915 145872147 145872147 0
6 3028 rs2744303 25327149 1 0.00301657477652046 25327149 25327149 0
6 7821 rs1285019 45167672 2 0.00300114068580813 45167672 45167672 0
6 4578 rs3130666 30740160 2 -0.00298811387240869 30740160 30740160 0
6 7598 rs3749898 42640726 1 0.00298225593667006 42640726 42640726 0
6 3568 rs2531804 28411303 2 0.00297142459095011 28411303 28411303 0
6 825 rs1322219 7539954 2 -0.00294348492404564 7539954 7539954 0
6 17845 rs687508 153406657 1 0.00294253851543713 153406657 153406657 0
6 16557 rs11155242 142691549 1 -0.00293123284083372 142691549 142691549 0
6 4785 rs2523882 31042217 1 -0.00293113842922265 31042217 31042217 0
6 11243 rs11758635 85156895 1 -0.00292779542507457 85156895 85156895 0
6 19669 rs1040932 169175473 1 -0.0029107601350592 169175473 169175473 0
6 3023 rs12055697 25303100 1 0.00290166111694768 25303100 25303100 0
6 8085 rs7755638 48329809 1 -0.00289509409412614 48329809 48329809 0
6 8536 rs1429143 53264485 1 -0.00288295977149987 53264485 53264485 0
6 16236 rs9376307 138283265 1 0.00286535989220655 138283265 138283265 0
6 17884 rs17084425 154042101 2 0.00286350436670459 154042101 154042101 0
6 19125 rs903791 165115007 2 -0.00286036966667506 165115007 165115007 0
6 7179 rs17336909 38954145 1 0.00284844649317527 38954145 38954145 0
6 13806 rs11961774 112155473 1 0.0028373513407264 112155473 112155473 0
6 17370 rs789830 150408096 1 -0.00280792551570341 150408096 150408096 0
6 6061 rs2857103 32791299 1 0.00280390565550099 32791299 32791299 0
6 6754 rs33959228 35259397 1 -0.00279641788899931 35259397 35259397 0
6 9922 rs828630 72043897 2 -0.00279291337935335 72043897 72043897 0
6 1583 rs35118414 14131854 1 0.00278991616363631 14131854 14131854 0
6 8075 rs1325707 47963249 1 0.00278562188636591 47963249 47963249 0
6 11912 rs1353227 91176901 1 -0.00277896535223887 91176901 91176901 0
6 15495 rs6569648 130349119 1 0.00277626020341302 130349119 130349119 0
6 13454 rs2500585 107637582 1 0.00277072951797919 107637582 107637582 0
6 13200 rs12205194 104853317 1 -0.00276991867412951 104853317 104853317 0
6 1165 rs533746 10388968 2 -0.00276694542408752 10388968 10388968 0
6 1499 rs6910418 13294866 1 0.00276563230716065 13294866 13294866 0
6 2043 rs7774742 18441067 1 -0.00276477198515585 18441067 18441067 0
6 7535 rs2479723 41890835 1 -0.00273772408699141 41890835 41890835 0
6 15782 rs4631322 132917346 1 0.00273581495432552 132917346 132917346 0
6 872 rs17673852 7763858 1 0.00272511164117022 7763858 7763858 0
6 9230 rs11752546 65447382 1 -0.00270692879012263 65447382 65447382 0
6 17808 rs578512 153124301 1 0.00270443003537852 153124301 153124301 0
6 6907 rs12528085 36668768 1 -0.00268611223715477 36668768 36668768 0
6 2616 rs9366470 22678728 1 -0.00268086195056477 22678728 22678728 0
6 17259 rs6917010 149398511 1 -0.00267748589287862 149398511 149398511 0
6 13359 rs6568433 106829537 1 0.0026724999826263 106829537 106829537 0
6 13801 rs12526016 112127339 1 -0.00266977001298114 112127339 112127339 0
6 7421 rs870032 40839428 1 0.00266632891096639 40839428 40839428 0
6 18658 rs3798917 161516831 1 -0.00265395372415979 161516831 161516831 0
6 11906 rs12190699 91117088 1 -0.00263128212933177 91117088 91117088 0
6 3092 rs10456324 25600968 2 -0.00261878949718506 25600968 25600968 0
6 3446 rs200479 27771684 2 -0.00261516934587953 27771684 27771684 0
6 6878 rs664370 36393816 1 0.00260818270333465 36393816 36393816 0
6 1970 rs4716191 17834316 1 -0.00260174419911065 17834316 17834316 0
6 1558 rs4715723 13958654 2 0.00259817466720216 13958654 13958654 0
6 1926 rs864280 17290619 2 0.00259752158152319 17290619 17290619 0
6 16692 rs11155308 143917700 2 -0.00258760839291748 143917700 143917700 0
6 15332 rs17460940 128813085 1 0.00258679921637558 128813085 128813085 0
6 7930 rs1805018 46679303 1 -0.00258384721269142 46679303 46679303 0
6 16530 rs138994608 142400020 1 -0.00258224530204148 142400020 142400020 0
6 8153 rs12524967 49587227 1 -0.00257516864793907 49587227 49587227 0
6 10895 rs10498923 81253907 2 -0.00256981818149146 81253907 81253907 0
6 9111 rs9293882 63280866 1 -0.00256935592698034 63280866 63280866 0
6 19474 rs4710128 167282950 1 0.00255943104340942 167282950 167282950 0
6 323 rs1885300 3029127 1 -0.00254550688855355 3029127 3029127 0
6 3024 rs4712905 25306732 1 0.00253129380621807 25306732 25306732 0
6 17568 rs17080705 151340454 1 -0.00252556391552544 151340454 151340454 0
6 775 rs7738221 6908368 2 -0.00252108482655971 6908368 6908368 0
6 12179 rs1572626 93582968 1 -0.00251163148267796 93582968 93582968 0
6 10214 rs1437579 74542387 1 -0.00250613610375447 74542387 74542387 0
6 9531 rs12202269 67951164 1 -0.00249782816851754 67951164 67951164 0
6 15574 rs4897466 131089467 1 0.00248722198410965 131089467 131089467 0
6 6795 rs35080860 35443835 1 -0.00244925396657937 35443835 35443835 0
6 9880 rs6455400 71741216 1 -0.00244280881782615 71741216 71741216 0
6 157 rs2569844 1649347 1 0.00243709660488946 1649347 1649347 0
6 375 rs1205017 3579754 1 0.00243523954464383 3579754 3579754 0
6 16375 rs6903764 139851661 2 0.00243203619655098 139851661 139851661 0
6 16799 rs2293536 144878337 1 0.0024273520290597 144878337 144878337 0
6 9297 rs6909236 66249610 1 0.00241319272839249 66249610 66249610 0
6 875 rs9328444 7785459 1 0.00240599454704671 7785459 7785459 0
6 9742 rs4602695 70013594 1 -0.00238781543926926 70013594 70013594 0
6 8501 rs7774904 52925277 1 -0.00238710722109485 52925277 52925277 0
6 19894 rs6909815 170814626 2 -0.00238601733266149 170814626 170814626 0
6 7687 rs7775611 43652770 1 0.00238549756155571 43652770 43652770 0
6 2426 rs6937439 21130870 1 0.00238321391929836 21130870 21130870 0
6 564 rs2432794 5391419 1 0.00238160851910692 5391419 5391419 0
6 16502 rs4896551 142032704 1 0.00236561291715749 142032704 142032704 0
6 14957 rs2195729 123590126 1 0.00236311216475918 123590126 123590126 0
6 8896 rs16886684 55260356 1 -0.00234763330985222 55260356 55260356 0
6 16438 rs1336370 140958047 1 0.00234431416721456 140958047 140958047 0
6 14235 rs140516625 116833053 2 0.00233464175744205 116833053 116833053 0
6 7322 rs1923474 39938471 1 0.00232452840986181 39938471 39938471 0
6 17270 rs7772697 149435111 1 -0.00232432430216806 149435111 149435111 0
6 19115 rs6455953 165005155 1 -0.00228859299473441 165005155 165005155 0
6 8480 rs1032419 52834842 1 -0.00228615669587925 52834842 52834842 0
6 6659 rs11961715 34095696 1 0.00228008965964622 34095696 34095696 0
6 18318 rs317795 159085005 1 -0.00227623504413974 159085005 159085005 0
6 13440 rs9384641 107399357 2 -0.00227383994981478 107399357 107399357 0
6 16284 rs12527125 138821708 1 -0.00226654223005607 138821708 138821708 0
6 12211 rs7774264 93867544 1 -0.00226324239857575 93867544 93867544 0
6 16512 rs2207236 142094949 1 -0.00225799736097356 142094949 142094949 0
6 7495 rs9394785 41320227 1 -0.00223509761006515 41320227 41320227 0
6 4058 rs1611133 29809382 1 0.00223257954920925 29809382 29809382 0
6 6976 rs4714043 37169627 1 -0.00220840692089353 37169627 37169627 0
6 2001 rs4380756 18072657 1 -0.00220482773376394 18072657 18072657 0
6 1668 rs12201053 15015659 1 -0.00219544550887944 15015659 15015659 0
6 15053 rs9320971 124333162 1 -0.0021719795459434 124333162 124333162 0
6 9893 rs6936371 71882094 1 -0.00217086943918016 71882094 71882094 0
6 14236 rs2250263 116834007 1 0.00217069331746898 116834007 116834007 0
6 11554 rs11961178 87729868 1 -0.00217038863042469 87729868 87729868 0
6 5398 rs805257 31634193 1 0.0021650817237786 31634193 31634193 0
6 19895 rs12198317 170819289 2 0.00215311162000115 170819289 170819289 0
6 2900 rs116354434 24473399 1 -0.00214810053885069 24473399 24473399 0
6 11098 rs285989 83301415 1 -0.00214320901935787 83301415 83301415 0
6 7683 rs3734690 43581586 1 0.00213335485601906 43581586 43581586 0
6 7551 rs9369324 41993007 2 0.00212870368806701 41993007 41993007 0
6 14227 rs9384978 116772664 1 0.00212768120488798 116772664 116772664 0
6 5727 rs10484560 32298137 1 -0.0021246073954707 32298137 32298137 0
6 18028 rs11751085 155561564 1 -0.00211885756370937 155561564 155561564 0
6 19742 rs7741251 169763254 2 0.00210813666436169 169763254 169763254 0
6 15355 rs6569559 129141326 1 0.00210811241421827 129141326 129141326 0
6 7832 rs1321080 45358323 1 0.00208719745471821 45358323 45358323 0
6 7834 rs6904353 45493083 1 0.00208411599796287 45493083 45493083 0
6 13484 rs847015 108012831 1 0.00206980461353498 108012831 108012831 0
6 634 rs2146448 5982090 1 0.0020662623865373 5982090 5982090 0
6 6046 rs2071472 32784620 1 0.00206538460791949 32784620 32784620 0
6 501 rs408884 4671240 1 0.00206504248721517 4671240 4671240 0
6 10947 rs12525920 81619103 1 -0.00206241324460742 81619103 81619103 0
6 1418 rs542119 12596998 1 0.002060472288817 12596998 12596998 0
6 9764 rs6914524 70280617 1 -0.00205322717131097 70280617 70280617 0
6 18922 rs11968371 163291953 2 0.00205070710902313 163291953 163291953 0
6 1820 rs9477153 16522826 1 -0.00204592752568456 16522826 16522826 0
6 16753 rs9386053 144297152 1 -0.0020403394884083 144297152 144297152 0
6 16094 rs10080318 136293826 1 -0.00204029819706948 136293826 136293826 0
6 18223 rs17088067 157398175 1 0.00203536102640059 157398175 157398175 0
6 16516 rs1884055 142175291 1 0.0020324862717313 142175291 142175291 0
6 5327 rs2516312 31539435 1 -0.00202655581978504 31539435 31539435 0
6 6859 rs4713942 36227308 1 -0.00202102931668423 36227308 36227308 0
6 9344 rs12524044 66482647 1 -0.00201508905607591 66482647 66482647 0
6 14683 rs12194792 121084577 1 -0.0020123316336877802 121084577 121084577 0
6 3288 rs9461249 26383386 1 -0.00200834043767453 26383386 26383386 0
6 14714 rs6917641 121264105 1 0.00200392770920646 121264105 121264105 0
6 10382 rs17802413 76710341 1 0.00199521669093047 76710341 76710341 0
6 14231 rs11544160 116784797 1 0.00199377318293457 116784797 116784797 0
6 2774 rs12207777 23844762 1 -0.00199062956028921 23844762 23844762 0
6 15765 rs9389005 132867959 1 -0.00198918921312466 132867959 132867959 0
6 16956 rs2056994 146543192 1 -0.00198361114094559 146543192 146543192 0
6 18982 rs10455922 163723545 1 0.00196907303874913 163723545 163723545 0
6 18242 rs9347482 158099736 1 -0.00196096664604636 158099736 158099736 0
6 19393 rs6925364 166830696 2 0.00194290184446993 166830696 166830696 0
6 14225 rs549262 116753995 1 0.00192268702487806 116753995 116753995 0
6 9890 rs718356 71793334 1 -0.00191447857740332 71793334 71793334 0
6 19310 rs11756707 166303168 1 -0.0019133703990154 166303168 166303168 0
6 9875 rs9351798 71723119 1 0.00190814715868601 71723119 71723119 0
6 17987 rs1996736 154946658 1 0.00190692736151618 154946658 154946658 0
6 6960 rs7772210 36936771 1 -0.00189790050079763 36936771 36936771 0
6 5929 rs16898264 32677152 1 -0.00189699160634006 32677152 32677152 0
6 15371 rs11154461 129368803 1 -0.00189624111361811 129368803 129368803 0
6 3733 rs3094549 29355148 2 -0.00189591753279918 29355148 29355148 0
6 13066 rs9322695 103467436 1 0.00189190288220791 103467436 103467436 0
6 16806 rs11155366 144972270 1 0.0018828308698719 144972270 144972270 0
6 10423 rs1902852 77387073 1 -0.00187247786876734 77387073 77387073 0
6 7420 rs12196881 40828945 1 -0.00187038503120518 40828945 40828945 0
6 3567 rs13190937 28411244 1 -0.00186151107172435 28411244 28411244 0
6 7027 rs11757695 37836673 1 -0.00186065215012687 37836673 37836673 0
6 17382 rs4870302 150449865 1 0.00185690687436444 150449865 150449865 0
6 8281 rs9381983 51412786 1 0.00185580194439284 51412786 51412786 0
6 10625 rs7753704 78796899 1 -0.00184788447571095 78796899 78796899 0
6 1793 rs9477074 16269363 1 0.00184408836853703 16269363 16269363 0
6 2632 rs1570086 22713241 1 -0.00183318486792334 22713241 22713241 0
6 19132 rs6937046 165166241 2 -0.00183275173704471 165166241 165166241 0
6 15910 rs3777878 133821417 1 0.00182523634198454 133821417 133821417 0
6 15493 rs1112847 130335109 2 0.00181510662870743 130335109 130335109 0
6 6734 rs820077 35033854 1 0.00181504622837325 35033854 35033854 0
6 16425 rs2328026 140475571 1 -0.00181383240116164 140475571 140475571 0
6 16301 rs4896387 139025468 2 -0.0018056856269964 139025468 139025468 0
6 3268 rs806795 26205293 1 0.00180044816878883 26205293 26205293 0
6 18762 rs9364635 162442576 1 -0.00179284763010827 162442576 162442576 0
6 18757 rs1789993 162398976 2 -0.00178943456138395 162398976 162398976 0
6 252 rs1545849 2622911 1 -0.00178602304382059 2622911 2622911 0
6 2141 rs1977368 19008948 1 -0.00178181475467611 19008948 19008948 0
6 12589 rs9320409 97530846 2 -0.00178146762979378 97530846 97530846 0
6 156 rs12527698 1648955 1 -0.00177526326539234 1648955 1648955 0
6 7956 rs172696 46885299 1 0.00177504972624962 46885299 46885299 0
6 3022 rs1883393 25297497 1 0.00177456714273715 25297497 25297497 0
6 14659 rs4945660 120834919 1 -0.00177415331376309 120834919 120834919 0
6 3361 rs13219354 27185664 1 0.00177002274714947 27185664 27185664 0
6 1914 rs9465003 17213063 1 0.00176374380863529 17213063 17213063 0
6 2733 rs17412056 23493761 2 0.00175220918805615 23493761 23493761 0
6 11492 rs9353399 87097985 1 -0.00174919547924161 87097985 87097985 0
6 19447 rs6913892 167199572 1 0.00174717379798854 167199572 167199572 0
6 7934 rs9472830 46689762 1 0.00173710648482778 46689762 46689762 0
6 19245 rs7748041 165871066 1 0.00173079370657841 165871066 165871066 0
6 7097 rs1937782 38629230 1 0.00172838056294674 38629230 38629230 0
6 17290 rs7748981 149560966 1 0.00172780414206233 149560966 149560966 0
6 11893 rs2655387 90947998 1 0.00172740405671489 90947998 90947998 0
6 11278 rs4349787 85354880 1 -0.00171809518603507 85354880 85354880 0
6 18541 rs511215 160704943 2 -0.00171797007030329 160704943 160704943 0
6 9932 rs9364164 72100307 1 -0.00170736543825986 72100307 72100307 0
6 12357 rs222556 95215623 1 -0.0017043600815459 95215623 95215623 0
6 824 rs9406039 7528113 2 0.00170342534070422 7528113 7528113 0
6 9891 rs1857225 71829282 1 0.00170271470071437 71829282 71829282 0
6 218 rs1883587 2374821 1 0.00170134507448721 2374821 2374821 0
6 8705 rs7758586 54239250 1 0.00169869329779311 54239250 54239250 0
6 18008 rs7744915 155368063 1 -0.00169741390062925 155368063 155368063 0
6 9143 rs9448732 63981311 1 -0.0016957500228404 63981311 63981311 0
6 514 rs3812183 4715882 1 0.00168856036209368 4715882 4715882 0
6 17294 rs6935566 149566825 2 0.00168508280409995 149566825 149566825 0
6 818 rs11243152 7303665 1 -0.00167938999949825 7303665 7303665 0
6 19885 rs4235988 170751904 1 -0.00166761113709853 170751904 170751904 0
6 13097 rs9377483 103862101 1 -0.00166373421234076 103862101 103862101 0
6 10253 rs9341461 74997693 1 -0.00166196342151202 74997693 74997693 0
6 3885 rs1233374 29608694 1 0.00166139242774494 29608694 29608694 0
6 16746 rs1884087 144258619 1 0.00165915132792687 144258619 144258619 0
6 14945 rs9385283 123343461 1 -0.001656067697592 123343461 123343461 0
6 11212 rs2497129 84799673 1 -0.0016557564027392 84799673 84799673 0
6 18815 rs9365399 162735881 1 0.00165204387370063 162735881 162735881 0
6 66 rs6597267 795414 1 0.00164573607844057 795414 795414 0
6 5391 rs3130617 31627523 1 0.00164347053383644 31627523 31627523 0
6 18925 rs7738903 163320074 2 -0.00163728026372189 163320074 163320074 0
6 7685 rs6899628 43582584 1 0.00163018055156905 43582584 43582584 0
6 1349 rs9462378 12025801 1 0.00162864656717562 12025801 12025801 0
6 11240 rs2206985 85109688 1 0.00162257097931047 85109688 85109688 0
6 6786 rs2395626 35422754 1 -0.00162176954588602 35422754 35422754 0
6 10158 rs12190643 73930950 1 0.00161534546869293 73930950 73930950 0
6 13026 rs3849217 102670891 2 0.00161434060905471 102670891 102670891 0
6 16745 rs6570592 144258244 1 0.0016141610832705 144258244 144258244 0
6 19539 rs4077196 167825895 2 -0.0016099580786359 167825895 167825895 0
6 13889 rs1606213 112818452 2 0.00160929592674029 112818452 112818452 0
6 11538 rs2026898 87497775 1 -0.00160593039392008 87497775 87497775 0
6 7954 rs1328957 46876243 1 -0.00160219676168624 46876243 46876243 0
6 164 rs1962432 1680806 1 0.001591080980372 1680806 1680806 0
6 19244 rs1967290 165861013 1 0.00158939933150027 165861013 165861013 0
6 1316 rs4713857 11761459 1 0.00158817051114945 11761459 11761459 0
6 11001 rs12213217 82195125 2 0.00158686732564342 82195125 82195125 0
6 5703 rs34498363 32261630 1 -0.00158304894632998 32261630 32261630 0
6 7944 rs6458525 46817982 1 -0.00158303423190042 46817982 46817982 0
6 16195 rs6917072 137930302 1 0.00157954758291257 137930302 137930302 0
6 11237 rs9359587 85105960 1 0.00157688710297291 85105960 85105960 0
6 2833 rs4582376 24167807 2 0.00157540965908502 24167807 24167807 0
6 6824 rs41270082 35762937 1 -0.00157109136075749 35762937 35762937 0
6 1119 rs9371028 10019083 1 -0.00156768558917831 10019083 10019083 0
6 17243 rs2500535 149329267 1 -0.00155540546604216 149329267 149329267 0
6 2893 rs61748577 24454313 1 -0.00155287017977621 24454313 24454313 0
6 14 rs1540771 466033 1 -0.00155066324403347 466033 466033 0
6 17366 rs4870236 150369345 1 -0.00154442403546929 150369345 150369345 0
6 521 rs13196069 4735035 1 -0.00154432338811226 4735035 4735035 0
6 13098 rs2399936 103885347 2 0.00154414004431455 103885347 103885347 0
6 8295 rs2174861 51537351 1 0.00151725898675975 51537351 51537351 0
6 15116 rs635837 124910739 1 -0.0015133564719161 124910739 124910739 0
6 14052 rs1889556 114479520 1 -0.00151230830569075 114479520 114479520 0
6 14322 rs6942067 117785696 1 0.00150418655146149 117785696 117785696 0
6 2519 rs1928168 22017738 1 0.00149316535289666 22017738 22017738 0
6 7428 rs7746902 40926958 1 -0.0014913050998672 40926958 40926958 0
6 15475 rs7753901 130242858 1 0.00148301978183988 130242858 130242858 0
6 13773 rs10457242 111955435 1 0.00147777432746829 111955435 111955435 0
6 13923 rs9384850 113231819 1 0.00147558255909373 113231819 113231819 0
6 12978 rs479851 102045546 1 0.00147414421843132 102045546 102045546 0
6 16729 rs7738300 144056863 2 0.00147245982883687 144056863 144056863 0
6 11934 rs1556091 91344491 1 0.00146606005031029 91344491 91344491 0
6 7393 rs9349160 40600642 1 -0.00146586588760286 40600642 40600642 0
6 6225 rs129653 32931536 1 -0.00146256792839423 32931536 32931536 0
6 6090 rs241443 32797115 2 0.00145938088614278 32797115 32797115 0
6 19612 rs2749250 168905499 1 0.00145916133206617 168905499 168905499 0
6 7686 rs3778492 43645833 1 0.00145629098224639 43645833 43645833 0
6 6883 rs1061632 36457484 1 0.00145573129109486 36457484 36457484 0
6 15068 rs713214 124603503 1 0.00145484330462586 124603503 124603503 0
6 7552 rs11967378 42018883 2 0.00145153088413628 42018883 42018883 0
6 7340 rs10947864 40217930 1 -0.00145038769785576 40217930 40217930 0
6 1320 rs4711432 11799148 2 -0.00144676720991955 11799148 11799148 0
6 1687 rs794781 15300590 1 -0.00144615834041565 15300590 15300590 0
6 12202 rs2147222 93845633 1 -0.00144317439371241 93845633 93845633 0
6 4813 rs1265054 31079643 1 0.00144029994683177 31079643 31079643 0
6 14856 rs2606645 122433255 1 0.00143841715156476 122433255 122433255 0
6 2973 rs2474149 24885379 1 -0.00143348276356753 24885379 24885379 0
6 15465 rs9402186 130171667 1 0.00142318499128739 130171667 130171667 0
6 15294 rs17299841 128021803 1 -0.00141168677024105 128021803 128021803 0
6 808 rs9505086 7232186 1 0.00139989894871049 7232186 7232186 0
6 602 rs11962015 5618987 1 0.00139861401890949 5618987 5618987 0
6 6902 rs876581 36655445 1 0.00139679558353057 36655445 36655445 0
6 1339 rs9296224 11972709 1 -0.00139425491226067 11972709 11972709 0
6 30 rs846167 570556 2 -0.00139334639796828 570556 570556 0
6 11474 rs3949571 86898957 1 -0.00138629015925317 86898957 86898957 0
6 2229 rs6920825 19732492 2 0.00138495653409391 19732492 19732492 0
6 12905 rs7751526 100949822 1 -0.00138101249738642 100949822 100949822 0
6 8681 rs7754752 54164397 1 0.00138018635667296 54164397 54164397 0
6 14127 rs10484732 115895089 1 0.00137999666719952 115895089 115895089 0
6 10892 rs1436876 81228527 1 0.00137966911847038 81228527 81228527 0
6 19717 rs2224645 169509800 1 0.00137789141570141 169509800 169509800 0
6 1571 rs9396467 14053646 1 0.00136836817677084 14053646 14053646 0
6 9080 rs74481685 62284240 2 0.00136025795399143 62284240 62284240 0
6 10878 rs1341278 81038921 1 0.00135769839372322 81038921 81038921 0
6 18771 rs6917371 162506568 1 0.00135643785130399 162506568 162506568 0
6 16045 rs6922541 135482819 1 -0.00135596531128658 135482819 135482819 0
6 9784 rs17766479 70681382 1 0.00135485362652454 70681382 70681382 0
6 15398 rs12208401 129620506 2 0.00135423477014038 129620506 129620506 0
6 19394 rs6456083 166859572 1 0.00135206743439453 166859572 166859572 0
6 11458 rs61875 86855532 1 0.0013508514588044 86855532 86855532 0
6 13494 rs1728133 108035552 1 -0.00134499836120529 108035552 108035552 0
6 2479 rs16885189 21729682 1 0.00134133062846286 21729682 21729682 0
6 18716 rs6455744 162060468 1 -0.00134024491234775 162060468 162060468 0
6 2295 rs12205236 20470908 1 -0.00133706539065565 20470908 20470908 0
6 14943 rs4243496 123326275 1 0.00133678661145346 123326275 123326275 0
6 9691 rs3823064 69681617 1 0.00133330331778236 69681617 69681617 0
6 6721 rs1535001 34927280 2 0.00129719545619234 34927280 34927280 0
6 10752 rs9294143 80111104 1 -0.00129409073274621 80111104 80111104 0
6 12738 rs12526079 99565215 1 0.00129364743524089 99565215 99565215 0
6 13853 rs2213840 112536990 1 -0.00129316142875634 112536990 112536990 0
6 10368 rs1280054 76540988 2 0.00128663367019697 76540988 76540988 0
6 6022 rs2621367 32768721 1 0.00128646188851756 32768721 32768721 0
6 15110 rs535492 124863962 1 0.00128531542205083 124863962 124863962 0
6 12266 rs12196821 94269760 1 -0.0012838265613175 94269760 94269760 0
6 4808 rs1064191 31075375 1 -0.00128376789084438 31075375 31075375 0
6 2853 rs6923278 24247896 1 0.00128330840063334 24247896 24247896 0
6 8514 rs4487576 53072548 1 0.0012737150349862 53072548 53072548 0
6 1017 rs17403999 9017266 2 0.00126799392741259 9017266 9017266 0
6 12438 rs2799665 96309043 1 -0.00126087961475998 96309043 96309043 0
6 15802 rs79036037 133072571 1 -0.00125913595208011 133072571 133072571 0
6 9624 rs2786577 68950298 1 0.00125788358318176 68950298 68950298 0
6 7571 rs61758087 42232509 1 0.00125403036968225 42232509 42232509 0
6 13015 rs7745267 102445951 2 0.00125073979841856 102445951 102445951 0
6 15734 rs1998075 132560968 2 -0.00124931046927818 132560968 132560968 0
6 19429 rs6919949 167065891 1 0.00124613984269945 167065891 167065891 0
6 11210 rs2497113 84767152 1 0.00124568446222701 84767152 84767152 0
6 18611 rs4252129 161152905 1 -0.00124533838423063 161152905 161152905 0
6 18245 rs675658 158101911 1 0.00124493694551736 158101911 158101911 0
6 1027 rs13209110 9139583 1 0.0012412349620812 9139583 9139583 0
6 9991 rs272213 72365557 1 -0.00123960475407907 72365557 72365557 0
6 10893 rs7768485 81233133 2 -0.00123802714941513 81233133 81233133 0
6 1699 rs2179168 15477030 1 0.00123523344706556 15477030 15477030 0
6 10098 rs1147570 73308513 1 0.00123505691113178 73308513 73308513 0
6 17369 rs9478409 150385886 1 -0.00123344659967484 150385886 150385886 0
6 13441 rs311229 107399479 2 -0.0012328076769364 107399479 107399479 0
6 15673 rs766592 132131601 1 0.00123100892643483 132131601 132131601 0
6 6642 rs2495966 33922198 1 -0.0012293133301887 33922198 33922198 0
6 17091 rs501098 148185702 1 0.0012277776764899 148185702 148185702 0
6 11422 rs41271629 86257229 1 0.00122445418506421 86257229 86257229 0
6 6635 rs12523795 33876434 1 0.00122126271049984 33876434 33876434 0
6 1595 rs12191763 14188742 1 -0.00121944686568606 14188742 14188742 0
6 15112 rs612146 124889636 1 -0.00121881892015623 124889636 124889636 0
6 8968 rs12213017 55805282 1 0.00121845320774718 55805282 55805282 0
6 15861 rs6569872 133554452 1 -0.0012167501860682 133554452 133554452 0
6 13292 rs11968354 106117591 1 0.00121443781747374 106117591 106117591 0
6 7189 rs10484852 38977970 1 -0.00121397534821658 38977970 38977970 0
6 11623 rs2754262 88405585 1 0.00121297643988687 88405585 88405585 0
6 10438 rs985454 77490717 1 -0.00121119500527569 77490717 77490717 0
6 15688 rs7754561 132212694 1 0.0012084918768288 132212694 132212694 0
6 8778 rs2063117 54632173 1 0.0012084470034441 54632173 54632173 0
6 2993 rs6918101 25027288 1 0.00120764292986736 25027288 25027288 0
6 2711 rs7740800 23237776 1 0.00120641435811739 23237776 23237776 0
6 16728 rs7769992 144038185 1 0.00120638423527926 144038185 144038185 0
6 13421 rs2077953 107158033 1 0.00120603791375092 107158033 107158033 0
6 13841 rs2072020 112460648 1 0.00120218410025056 112460648 112460648 0
6 17807 rs7767039 153119212 1 0.00120068061411916 153119212 153119212 0
6 8472 rs651733 52789828 1 -0.00119611826224531 52789828 52789828 0
6 5931 rs9275572 32678999 1 0.0011909096582376 32678999 32678999 0
6 19133 rs9456996 165182669 1 -0.0011908712887269 165182669 165182669 0
6 2533 rs16901634 22207220 1 0.00118889753635381 22207220 22207220 0
6 17326 rs112225 149786129 2 0.00118796325641798 149786129 149786129 0
6 6299 rs429073 33001735 2 0.00118746040682324 33001735 33001735 0
6 18804 rs12203066 162660066 1 -0.0011856814517898 162660066 162660066 0
6 7657 rs11962520 43188600 1 0.00118362909719998 43188600 43188600 0
6 2480 rs12525631 21730840 1 0.0011825240590169401 21730840 21730840 0
6 10805 rs9352767 80518249 1 -0.00117600215674468 80518249 80518249 0
6 10528 rs13212091 78206683 1 -0.0011758506285679 78206683 78206683 0
6 1066 rs9381380 9501859 1 0.0011750818325436 9501859 9501859 0
6 12092 rs12212424 92889890 1 0.00117336484198361 92889890 92889890 0
6 2975 rs2747679 24888842 1 -0.00117174726181331 24888842 24888842 0
6 15780 rs9389008 132915398 1 0.00116744397185181 132915398 132915398 0
6 18107 rs9371942 156234522 1 -0.00115869380575278 156234522 156234522 0
6 18119 rs9384411 156315056 1 0.00115497067748257 156315056 156315056 0
6 5493 rs9469069 31866418 1 -0.00115367150472303 31866418 31866418 0
6 13955 rs9488123 113582427 1 0.00114511121097238 113582427 113582427 0
6 498 rs2063677 4666589 1 -0.00114367199157139 4666589 4666589 0
6 3546 rs9468344 28309569 1 -0.00114071463670448 28309569 28309569 0
6 9514 rs12662125 67848752 1 0.00113810490505555 67848752 67848752 0
6 2845 rs1620407 24222074 1 -0.00113805940868484 24222074 24222074 0
6 6682 rs11758426 34503338 1 0.00113601865952791 34503338 34503338 0
6 5400 rs4569 31637807 1 -0.00112032412548469 31637807 31637807 0
6 1826 rs7770397 16573829 1 -0.00111485144850813 16573829 16573829 0
6 15070 rs7771967 124606520 1 0.00111318917082182 124606520 124606520 0
6 6676 rs16889706 34384852 1 -0.00111220357165416 34384852 34384852 0
6 445 rs13206717 4154018 2 0.00110723514503576 4154018 4154018 0
6 15286 rs9388584 127861239 1 -0.00110514137910746 127861239 127861239 0
6 19229 rs4324759 165678438 1 0.00110238204701416 165678438 165678438 0
6 17834 rs4599660 153367910 1 0.00109296870726094 153367910 153367910 0
6 3847 rs388234 29533295 1 0.00109029615325297 29533295 29533295 0
6 18660 rs12528950 161521039 1 -0.00108953709491115 161521039 161521039 0
6 12224 rs7747056 93920448 1 -0.00108845437093133 93920448 93920448 0
6 2432 rs1563728 21209999 1 0.00108776065767917 21209999 21209999 0
6 3055 rs7774567 25425526 1 0.00108730369577725 25425526 25425526 0
6 14959 rs12206156 123596860 1 -0.00108513351324034 123596860 123596860 0
6 6961 rs6918432 36940273 1 -0.00108511916479737 36940273 36940273 0
6 13666 rs964080 110710018 1 0.00107480821206572 110710018 110710018 0
6 9790 rs3793048 70784746 1 0.00107361212376177 70784746 70784746 0
6 10613 rs9361324 78684899 1 0.00107047968978286 78684899 78684899 0
6 7949 rs678312 46856100 1 -0.00106403096747491 46856100 46856100 0
6 19853 rs2144667 170560679 1 -0.00106234120154877 170560679 170560679 0
6 16377 rs6913354 139862246 2 -0.00106170334447972 139862246 139862246 0
6 12210 rs998776 93859659 1 -0.00106140514252666 93859659 93859659 0
6 16510 rs12191465 142076325 1 -0.00105958288141384 142076325 142076325 0
6 14004 rs9488242 114030316 1 -0.00105856045334281 114030316 114030316 0
6 10002 rs1932327 72454176 1 -0.00105601134390851 72454176 72454176 0
6 16016 rs12526072 135303356 1 -0.00105527306197204 135303356 135303356 0
6 7595 rs12198323 42611872 1 -0.00105477386177757 42611872 42611872 0
6 856 rs9392168 7649849 1 0.00105324523985688 7649849 7649849 0
6 13204 rs7756959 104867593 1 0.00105313917494049 104867593 104867593 0
6 10050 rs2496551 72851032 1 -0.0010505142401809 72851032 72851032 0
6 8736 rs10948828 54452797 1 0.00105050668359838 54452797 54452797 0
6 18407 rs9355721 159805250 1 -0.00104970421121973 159805250 159805250 0
6 10741 rs4706776 80054021 1 -0.00104017966923926 80054021 80054021 0
6 2848 rs7774208 24228243 1 -0.00103184155221889 24228243 24228243 0
6 1161 rs9466019 10356036 1 0.00103098276661594 10356036 10356036 0
6 3788 rs9348832 29456021 1 -0.00103020460785171 29456021 29456021 0
6 9155 rs4445042 64139997 1 -0.00102982629043827 64139997 64139997 0
6 9518 rs11968408 67877245 1 -0.00102920231720381 67877245 67877245 0
6 10386 rs983479 76828777 1 -0.00102700136561352 76828777 76828777 0
6 12903 rs241819 100910798 1 0.00102176006899609 100910798 100910798 0
6 2487 rs16885318 21832546 1 0.00102024187501266 21832546 21832546 0
6 15291 rs9491839 127935568 1 0.00101928974337401 127935568 127935568 0
6 7000 rs9394438 37532103 1 -0.00101805452262697 37532103 37532103 0
6 19272 rs2983500 166034053 1 0.00101694686146862 166034053 166034053 0
6 18050 rs6919626 155766362 2 -0.00101672074003259 155766362 155766362 0
6 12295 rs9354065 94652407 1 0.00101209806031534 94652407 94652407 0
6 17988 rs1996737 154946930 1 -0.00101100929799498 154946930 154946930 0
6 1169 rs4710998 10433825 1 -0.00100779770708852 10433825 10433825 0
6 4810 rs1265063 31077938 2 0.00100659545729994 31077938 31077938 0
6 7171 rs12203833 38937406 2 -0.00100519318379238 38937406 38937406 0
6 1909 rs1535546 17176032 1 -0.00100191790014816 17176032 17176032 0
6 11806 rs9451253 90321146 1 -0.00100112562767213 90321146 90321146 0
6 2467 rs9295508 21392864 1 -0.00100026693087515 21392864 21392864 0
6 1661 rs4715925 14807697 1 9.986273116640743e-4 14807697 14807697 0
6 17959 rs1293927 154637393 2 9.94764524594888e-4 154637393 154637393 0
6 13145 rs6906934 104217774 1 -9.93803640215322e-4 104217774 104217774 0
6 7037 rs4711522 37954692 1 9.900803781862733e-4 37954692 37954692 0
6 1374 rs17592421 12223922 1 -9.900491916037435e-4 12223922 12223922 0
6 8172 rs488132 49696473 1 9.893350167219162e-4 49696473 49696473 0
6 8200 rs7750808 50125321 1 -9.872183480112754e-4 50125321 50125321 0
6 468 rs4959980 4456168 1 9.855884567901128e-4 4456168 4456168 0
6 7444 rs12194477 41116774 1 -9.835317690275133e-4 41116774 41116774 0
6 17844 rs9322409 153405793 2 -9.83440631161474e-4 153405793 153405793 0
6 2275 rs2457322 20152095 1 -9.763639187895582e-4 20152095 20152095 0
6 10994 rs2120536 82093149 1 -9.742636108499404e-4 82093149 82093149 0
6 15129 rs9375373 125122813 1 -9.738887799577314e-4 125122813 125122813 0
6 12100 rs1470357 92965688 1 9.725218870684854e-4 92965688 92965688 0
6 19396 rs909634 166886680 1 -9.701659752237576e-4 166886680 166886680 0
6 16140 rs276467 137464218 1 9.686665270399634e-4 137464218 137464218 0
6 17731 rs2635438 152506470 1 9.64165209303975e-4 152506470 152506470 0
6 16809 rs9376844 145025611 1 9.629578108646032e-4 145025611 145025611 0
6 17144 rs4896956 148344667 1 -9.622131661461056e-4 148344667 148344667 0
6 1643 rs10484339 14598308 1 -9.602513964535792e-4 14598308 14598308 0
6 18114 rs9384399 156265573 1 -9.594420403369644e-4 156265573 156265573 0
6 14297 rs508278 117646772 1 9.593128931830956e-4 117646772 117646772 0
6 2745 rs197988 23593375 1 9.58263062782402e-4 23593375 23593375 0
6 8956 rs12195643 55754378 1 9.547221386503278e-4 55754378 55754378 0
6 6975 rs262902 37116078 2 -9.446299119999383e-4 37116078 37116078 0
6 9128 rs4710390 63665146 1 -9.4259915870073e-4 63665146 63665146 0
6 17235 rs6933251 149285138 1 -9.3954814767864e-4 149285138 149285138 0
6 17409 rs11760085 150591429 1 9.37630879556832e-4 150591429 150591429 0
6 1416 rs7744797 12581921 1 9.354790680390244e-4 12581921 12581921 0
6 7018 rs742790 37696933 1 -9.326482505019492e-4 37696933 37696933 0
6 6751 rs6919534 35246903 1 -9.294878251406884e-4 35246903 35246903 0
6 9557 rs12192510 68111529 1 9.288250374487156e-4 68111529 68111529 0
6 10848 rs16891457 80754346 1 9.2777393575226e-4 80754346 80754346 0
6 11943 rs1923075 91376033 1 -9.269791842878318e-4 91376033 91376033 0
6 8942 rs9475382 55570809 1 -9.254013810960572e-4 55570809 55570809 0
6 12491 rs17056459 96658670 1 0.00092186933408152955 96658670 96658670 0
6 7815 rs6922660 45059674 1 9.21428203862674e-4 45059674 45059674 0
6 12010 rs9294489 92096750 1 -9.207105781245638e-4 92096750 92096750 0
6 16348 rs17304375 139435878 1 9.162746896249852e-4 139435878 139435878 0
6 7729 rs9381279 43999697 1 9.151398500904332e-4 43999697 43999697 0
6 16504 rs2024658 142041859 1 9.136557652802332e-4 142041859 142041859 0
6 1389 rs1334305 12396682 1 9.129146118603936e-4 12396682 12396682 0
6 11169 rs1144184 84017921 1 -9.12236228780256e-4 84017921 84017921 0
6 11085 rs9294254 82958246 2 9.100458858921892e-4 82958246 82958246 0
6 18535 rs3119311 160693107 1 -9.093315062670556e-4 160693107 160693107 0
6 9838 rs564031 71008339 1 9.076708593212684e-4 71008339 71008339 0
6 7202 rs10305492 39046794 1 9.068134550433692e-4 39046794 39046794 0
6 7826 rs9472451 45198796 1 -9.054845661611074e-4 45198796 45198796 0
6 16334 rs6937089 139273129 1 9.048781605880204e-4 139273129 139273129 0
6 10082 rs2789588 73143697 1 8.989306941600825e-4 73143697 73143697 0
6 48 rs9502388 654482 2 8.981742476786251e-4 654482 654482 0
6 6802 rs6911621 35529025 1 -8.969832635043965e-4 35529025 35529025 0
6 5094 rs12528645 31323725 1 8.96543645502158e-4 31323725 31323725 0
6 7259 rs9394585 39331508 1 -8.955403496360804e-4 39331508 39331508 0
6 12328 rs436889 95003654 1 8.953402912682224e-4 95003654 95003654 0
6 11386 rs313242 86057368 1 8.938246520202057e-4 86057368 86057368 0
6 17997 rs6934056 155279785 1 -8.920402641219201e-4 155279785 155279785 0
6 10125 rs9283796 73596433 1 8.877078847608185e-4 73596433 73596433 0
6 14135 rs9400861 115937730 1 8.873747609691439e-4 115937730 115937730 0
6 13199 rs9404549 104852424 1 8.871415540546398e-4 104852424 104852424 0
6 11297 rs1410172 85451301 1 -8.848689000434624e-4 85451301 85451301 0
6 2871 rs6942189 24429249 1 8.82186525593426e-4 24429249 24429249 0
6 6666 rs2780226 34199092 1 -8.820251426194997e-4 34199092 34199092 0
6 1676 rs9370795 15143556 1 8.807774951178716e-4 15143556 15143556 0
6 18038 rs9397238 155647047 1 -8.798274449670132e-4 155647047 155647047 0
6 6468 rs6907034 33252661 1 -8.792472491201313e-4 33252661 33252661 0
6 6079 rs115360810 32796310 1 -8.773090053114212e-4 32796310 32796310 0
6 9641 rs13209526 69282291 1 -8.763017131823332e-4 69282291 69282291 0
6 6655 rs2451351 34061253 1 8.752047978296922e-4 34061253 34061253 0
6 18656 rs35533223 161508880 1 -8.730429037299475e-4 161508880 161508880 0
6 14569 rs9481931 119785003 1 8.724053308388772e-4 119785003 119785003 0
6 7306 rs9296308 39794653 1 8.695301007571193e-4 39794653 39794653 0
6 9623 rs2603688 68945419 1 -8.673364978518389e-4 68945419 68945419 0
6 3569 rs13215804 28415572 1 -8.670830128176026e-4 28415572 28415572 0
6 15654 rs9483334 132051395 1 -8.6118701558937e-4 132051395 132051395 0
6 15810 rs12211425 133132500 1 -8.590321733063991e-4 133132500 133132500 0
6 11493 rs9344606 87100844 1 8.589169385173386e-4 87100844 87100844 0
6 2102 rs980959 18733216 1 -8.583439298099655e-4 18733216 18733216 0
6 19896 rs12207633 170847181 1 8.565606095416623e-4 170847181 170847181 0
6 762 rs201053 6722492 1 8.552495073095516e-4 6722492 6722492 0
6 19264 rs720701 166011637 1 -8.521578147883035e-4 166011637 166011637 0
6 10727 rs6913297 79990109 1 -8.521352817600379e-4 79990109 79990109 0
6 10917 rs976145 81407258 1 8.521173475422146e-4 81407258 81407258 0
6 18974 rs4708985 163701950 2 -8.504449644419949e-4 163701950 163701950 0
6 14561 rs1573046 119752825 1 8.503697104554487e-4 119752825 119752825 0
6 16750 rs7770000 144281385 1 -8.477246701667602e-4 144281385 144281385 0
6 55 rs1890366 697754 1 -8.445025407515592e-4 697754 697754 0
6 17093 rs13198106 148193929 1 -8.38460234726394e-4 148193929 148193929 0
6 11017 rs10943827 82355980 1 8.365394437537668e-4 82355980 82355980 0
6 7903 rs4711853 46457836 1 8.363697134546426e-4 46457836 46457836 0
6 7621 rs2274515 42933526 1 -8.356177170394649e-4 42933526 42933526 0
6 19543 rs4129277 167832036 2 8.354851183080432e-4 167832036 167832036 0
6 7565 rs4711710 42138533 1 -8.352954874515456e-4 42138533 42138533 0
6 7730 rs4714732 44000031 1 8.327255653628705e-4 44000031 44000031 0
6 14346 rs2501624 118053656 1 8.298774584157523e-4 118053656 118053656 0
6 14722 rs9490099 121296521 1 8.285842323091698e-4 121296521 121296521 0
6 645 rs640887 6037327 2 -8.271275133248449e-4 6037327 6037327 0
6 11147 rs2149537 83698770 2 -8.238435412773401e-4 83698770 83698770 0
6 15145 rs7764804 125450174 1 8.217359265752504e-4 125450174 125450174 0
6 6999 rs9380681 37530455 1 -8.216935943214231e-4 37530455 37530455 0
6 17092 rs531173 148186670 1 -8.21168145639003e-4 148186670 148186670 0
6 16237 rs9389549 138343019 2 -8.206623861952003e-4 138343019 138343019 0
6 8084 rs6921664 48321410 1 -8.186818085669427e-4 48321410 48321410 0
6 6029 rs2621333 32778263 1 -8.184105709039711e-4 32778263 32778263 0
6 17163 rs9322133 148542967 1 -8.166738729212758e-4 148542967 148542967 0
6 8228 rs6940832 50980245 2 8.144629751050399e-4 50980245 50980245 0
6 12835 rs7742890 100197285 1 8.141742762931298e-4 100197285 100197285 0
6 2807 rs1879473 24064576 1 -8.141584455629259e-4 24064576 24064576 0
6 7343 rs1077330 40225869 1 8.136993482300376e-4 40225869 40225869 0
6 18165 rs7739135 156641429 1 -8.1219337890437e-4 156641429 156641429 0
6 1908 rs1408300 17154856 1 8.09675667547257e-4 17154856 17154856 0
6 2536 rs6903568 22274766 1 -8.09134868932177e-4 22274766 22274766 0
6 7043 rs7765798 37986489 1 8.067043717567262e-4 37986489 37986489 0
6 1016 rs9502754 8976039 1 8.051893546052558e-4 8976039 8976039 0
6 10160 rs6453660 73952103 1 8.043745125987918e-4 73952103 73952103 0
6 19324 rs697462 166374108 1 8.038229448593282e-4 166374108 166374108 0
6 4744 rs12179536 30993590 1 -7.978193577127758e-4 30993590 30993590 0
6 18570 rs7758229 160840252 1 -7.972017731200034e-4 160840252 160840252 0
6 15194 rs17708107 126163599 1 7.960599719115792e-4 126163599 126163599 0
6 15971 rs11154774 134847175 1 7.954409893990904e-4 134847175 134847175 0
6 18501 rs4646275 160553007 1 7.924400162944191e-4 160553007 160553007 0
6 15453 rs2326864 130094398 1 -7.887865760159464e-4 130094398 130094398 0
6 17292 rs4897096 149565253 1 -7.829799370508773e-4 149565253 149565253 0
6 15295 rs675531 128040839 1 7.820180108031686e-4 128040839 128040839 0
6 17565 rs7752450 151301951 1 7.786511911261699e-4 151301951 151301951 0
6 6006 rs719654 32752139 1 -7.782263509129339e-4 32752139 32752139 0
6 262 rs9501873 2667689 1 7.780306589372291e-4 2667689 2667689 0
6 18384 rs926657 159463452 1 7.778060023909813e-4 159463452 159463452 0
6 296 rs11242807 2906147 1 7.727362102020386e-4 2906147 2906147 0
6 2228 rs7769632 19729381 2 7.724127026478227e-4 19729381 19729381 0
6 16547 rs7745188 142580952 1 -7.70696047334253e-4 142580952 142580952 0
6 18070 rs12662240 155998045 2 7.700673289055292e-4 155998045 155998045 0
6 6948 rs9462232 36825573 1 -7.641228858599484e-4 36825573 36825573 0
6 7203 rs4254984 39059679 1 7.63146981528009e-4 39059679 39059679 0
6 8010 rs11759777 47343809 1 7.61984456930274e-4 47343809 47343809 0
6 15139 rs4895621 125344138 1 -7.59329845147619e-4 125344138 125344138 0
6 1698 rs2064100 15476048 1 7.56811154113457e-4 15476048 15476048 0
6 19633 rs2342635 169002834 1 7.56600631701807e-4 169002834 169002834 0
6 6954 rs707998 36925774 1 -7.561852601700085e-4 36925774 36925774 0
6 8687 rs2297982 54172959 1 -7.523964841192313e-4 54172959 54172959 0
6 16444 rs1856384 141214296 1 7.511160430131745e-4 141214296 141214296 0
6 6808 rs6926133 35579375 1 7.469857767216138e-4 35579375 35579375 0
6 16793 rs9403564 144858217 2 -7.462685923667405e-4 144858217 144858217 0
6 543 rs458108 5119062 1 -7.420025572197111e-4 5119062 5119062 0
6 7271 rs6458116 39399659 1 -7.417141982843149e-4 39399659 39399659 0
6 7672 rs4714684 43396856 1 -7.413916585996571e-4 43396856 43396856 0
6 13928 rs6910441 113411883 1 -7.405573977876867e-4 113411883 113411883 0
6 4221 rs1116221 30071330 1 -7.403934225174607e-4 30071330 30071330 0
6 3057 rs301396 25466889 1 -7.390086117590128e-4 25466889 25466889 0
6 5088 rs2596501 31321211 1 7.341014520893324e-4 31321211 31321211 0
6 18062 rs4869856 155813894 1 -7.336635530906727e-4 155813894 155813894 0
6 609 rs2145980 5737122 2 -7.278179615072887e-4 5737122 5737122 0
6 16079 rs7739804 136065411 1 7.273480701488637e-4 136065411 136065411 0
6 4527 rs563492456 30632655 1 -7.247595769874623e-4 30632655 30632655 0
6 18832 rs9365410 162795058 1 7.241434258471555e-4 162795058 162795058 0
6 10627 rs9343725 78801824 1 7.233947951060106e-4 78801824 78801824 0
6 12085 rs7759851 92838614 1 7.229624694522739e-4 92838614 92838614 0
6 16511 rs9496139 142093922 1 7.217437904460594e-4 142093922 142093922 0
6 2971 rs6930916 24881498 1 -7.208506178458687e-4 24881498 24881498 0
6 18236 rs9355853 158077053 1 7.183626417618296e-4 158077053 158077053 0
6 6675 rs6925243 34381937 1 7.175138111312117e-4 34381937 34381937 0
6 18408 rs9365056 159807939 2 7.155399724157746e-4 159807939 159807939 0
6 16437 rs17069974 140794431 1 7.137318461400658e-4 140794431 140794431 0
6 17394 rs877907 150532488 1 -7.12000147272177e-4 150532488 150532488 0
6 8246 rs1536504 51206168 1 7.110394431583155e-4 51206168 51206168 0
6 19644 rs1885634 169075136 1 7.091075546153556e-4 169075136 169075136 0
6 13647 rs1564078 110337209 1 7.068273853009019e-4 110337209 110337209 0
6 2032 rs1324432 18300782 1 -7.04960181982318e-4 18300782 18300782 0
6 18496 rs2297371 160525187 1 -7.032255058330562e-4 160525187 160525187 0
6 6871 rs1476017 36310896 1 -7.006892356886476e-4 36310896 36310896 0
6 8205 rs7757451 50318693 1 6.981710600391128e-4 50318693 50318693 0
6 14960 rs1346920 123600707 1 -6.943992010809049e-4 123600707 123600707 0
6 12865 rs12203515 100430062 1 -6.941698530902615e-4 100430062 100430062 0
6 6825 rs2766597 35765043 1 6.941127248291527e-4 35765043 35765043 0
6 18032 rs1571766 155577823 1 6.923065203045885e-4 155577823 155577823 0
6 9640 rs6455286 69238598 1 6.912097397168473e-4 69238598 69238598 0
6 1345 rs11961287 11986537 1 6.898846203996329e-4 11986537 11986537 0
6 17779 rs17082709 152777095 1 6.892057704391658e-4 152777095 152777095 0
6 12969 rs9386283 101997543 1 6.854002376776574e-4 101997543 101997543 0
6 7380 rs428394 40517063 1 -6.792204769605654e-4 40517063 40517063 0
6 1297 rs9469705 11625711 1 6.787691240826268e-4 11625711 11625711 0
6 15474 rs17058152 130238094 1 -6.784645692340579e-4 130238094 130238094 0
6 8632 rs927795 53863915 2 -6.780401879268683e-4 53863915 53863915 0
6 14711 rs9387908 121258838 1 6.767625417740343e-4 121258838 121258838 0
6 6806 rs992105 35555183 1 6.740918424893743e-4 35555183 35555183 0
6 16302 rs4895538 139034727 1 6.735146814179308e-4 139034727 139034727 0
6 15374 rs12190465 129383680 1 -6.724990672291083e-4 129383680 129383680 0
6 17365 rs12213837 150368963 1 -6.701248460918359e-4 150368963 150368963 0
6 11728 rs9451101 89620255 1 6.697624423730886e-4 89620255 89620255 0
6 18861 rs12174214 162883484 1 -6.65566773709987e-4 162883484 162883484 0
6 14301 rs28639589 117710661 1 -6.610634198013275e-4 117710661 117710661 0
6 16211 rs636393 138007530 2 6.610019995583441e-4 138007530 138007530 0
6 19446 rs9457204 167192368 2 6.609422390799032e-4 167192368 167192368 0
6 11859 rs4706352 90609718 1 6.598596070359925e-4 90609718 90609718 0
6 9294 rs7776123 66241604 1 6.572039882002057e-4 66241604 66241604 0
6 1555 rs1192057 13948389 1 6.566447964898412e-4 13948389 13948389 0
6 12046 rs578427 92412150 2 -6.547110726519102e-4 92412150 92412150 0
6 6091 rs241441 32797297 1 6.532789084879736e-4 32797297 32797297 0
6 7691 rs7749629 43714001 1 -6.525084796222388e-4 43714001 43714001 0
6 18400 rs9364510 159726375 1 -6.520281813620972e-4 159726375 159726375 0
6 9792 rs12194223 70794142 1 6.510687292357497e-4 70794142 70794142 0
6 13658 rs2334324 110617709 1 6.494487163649729e-4 110617709 110617709 0
6 9120 rs4415141 63376194 1 6.493898389619415e-4 63376194 63376194 0
6 17791 rs1554783 152877077 1 -6.469449394808382e-4 152877077 152877077 0
6 7894 rs2584072 46188118 1 6.457442246538085e-4 46188118 46188118 0
6 6309 rs2116263 33025493 1 -6.411198418093936e-4 33025493 33025493 0
6 12090 rs13202708 92859874 1 -6.408179932173095e-4 92859874 92859874 0
6 19784 rs4236176 170070723 1 -6.407266220998715e-4 170070723 170070723 0
6 6231 rs683208 32937901 1 -6.392346880906573e-4 32937901 32937901 0
6 5880 rs477515 32569691 1 -6.386048229892378e-4 32569691 32569691 0
6 14203 rs11153598 116486792 2 6.385298611757894e-4 116486792 116486792 0
6 467 rs6915234 4419061 1 -6.373019782503473e-4 4419061 4419061 0
6 19471 rs7747434 167274198 1 6.350596736601011e-4 167274198 167274198 0
6 2204 rs9460376 19532627 1 6.333639073042231e-4 19532627 19532627 0
6 1627 rs3817758 14540747 1 6.332152345938943e-4 14540747 14540747 0
6 9766 rs1817255 70305899 2 6.327047746864907e-4 70305899 70305899 0
6 2535 rs17205146 22272753 2 6.315584025536895e-4 22272753 22272753 0
6 19176 rs12189587 165332257 1 -6.287636971509007e-4 165332257 165332257 0
6 8248 rs6915726 51217642 1 6.279701716314802e-4 51217642 51217642 0
6 15675 rs9493105 132138338 1 6.255484115657458e-4 132138338 132138338 0
6 6042 rs2071474 32782582 1 6.237328642743396e-4 32782582 32782582 0
6 6647 rs4711374 34015765 1 6.181089314263488e-4 34015765 34015765 0
6 16397 rs6912263 140017022 2 6.175614178821854e-4 140017022 140017022 0
6 15009 rs4612191 123835147 1 -6.166990493648701e-4 123835147 123835147 0
6 15140 rs9375383 125354154 1 6.163923124828896e-4 125354154 125354154 0
6 1113 rs13217591 9956562 1 6.139964729157508e-4 9956562 9956562 0
6 13022 rs3849205 102601177 1 -6.124217151757059e-4 102601177 102601177 0
6 8602 rs3003489 53690779 1 -6.113990566558398e-4 53690779 53690779 0
6 12880 rs6908728 100619658 1 6.112073911303619e-4 100619658 100619658 0
6 13402 rs898896 107063162 1 -6.111954323328157e-4 107063162 107063162 0
6 7586 rs9369362 42462055 1 -6.106802452554444e-4 42462055 42462055 0
6 9237 rs4710286 65520297 1 -6.104945711034443e-4 65520297 65520297 0
6 1858 rs598908 16740750 1 6.089902860327522e-4 16740750 16740750 0
6 17244 rs2500548 149336354 1 -6.075773994506701e-4 149336354 149336354 0
6 18877 rs13207671 162979056 1 -6.068617080833711e-4 162979056 162979056 0
6 1802 rs9383153 16343056 1 6.068531093111978e-4 16343056 16343056 0
6 14153 rs6934225 116085882 1 -6.056688379047161e-4 116085882 116085882 0
6 2505 rs12210951 21936868 1 -6.049145714998214e-4 21936868 21936868 0
6 19337 rs4607409 166475713 1 -5.999429233468429e-4 166475713 166475713 0
6 18534 rs492315 160692694 2 -5.976571873074763e-4 160692694 160692694 0
6 8383 rs742552 52126705 1 -5.968930238136027e-4 52126705 52126705 0
6 7616 rs9462856 42926024 1 -5.965537319974544e-4 42926024 42926024 0
6 4153 rs2240619 29975453 1 5.925127794126568e-4 29975453 29975453 0
6 2736 rs199086 23542172 1 -5.897721600459535e-4 23542172 23542172 0
6 1496 rs435466 13284204 1 -5.844604656739304e-4 13284204 13284204 0
6 13414 rs6910496 107103157 1 -5.810668472302084e-4 107103157 107103157 0
6 16410 rs12193363 140233896 1 5.808835487714438e-4 140233896 140233896 0
6 8923 rs12208624 55365000 2 5.797973087585988e-4 55365000 55365000 0
6 16591 rs10484588 142988837 1 5.791361521236791e-4 142988837 142988837 0
6 18681 rs9364590 161713967 1 -5.781054761315688e-4 161713967 161713967 0
6 5464 rs2227956 31778272 1 5.735162234885777e-4 31778272 31778272 0
6 2822 rs12215160 24142938 1 5.734776979604136e-4 24142938 24142938 0
6 14718 rs2358058 121269693 1 -5.7342969630852e-4 121269693 121269693 0
6 19253 rs569647 165932290 1 5.731128585175335e-4 165932290 165932290 0
6 17993 rs3800006 155099371 1 -5.723381590799343e-4 155099371 155099371 0
6 16347 rs2473528 139435577 1 -5.720383982877662e-4 139435577 139435577 0
6 7090 rs2180106 38560215 1 -5.717342055624458e-4 38560215 38560215 0
6 12898 rs3778036 100844105 2 -5.694079634129915e-4 100844105 100844105 0
6 1504 rs9296642 13298184 1 -5.684996082032358e-4 13298184 13298184 0
6 2748 rs536104 23640863 1 5.643262945115993e-4 23640863 23640863 0
6 13354 rs2763212 106760858 1 5.642279683033811e-4 106760858 106760858 0
6 12441 rs2785910 96332506 1 5.624793263426014e-4 96332506 96332506 0
6 13516 rs4332013 108339363 1 -5.611624909067298e-4 108339363 108339363 0
6 9788 rs11753925 70776980 1 5.608563948095473e-4 70776980 70776980 0
6 12668 rs1507774 98824077 1 -5.594277398091763e-4 98824077 98824077 0
6 15452 rs9375664 130092678 2 -5.592613357034721e-4 130092678 130092678 0
6 11078 rs11962648 82824374 1 -5.555381043059e-4 82824374 82824374 0
6 15436 rs13203608 129993895 1 5.549010594197044e-4 129993895 129993895 0
6 17082 rs6916917 148127474 1 5.542991937302935e-4 148127474 148127474 0
6 7536 rs2479726 41898096 1 -5.541573926268824e-4 41898096 41898096 0
6 7618 rs1129187 42932200 1 -5.522855958019701e-4 42932200 42932200 0
6 14941 rs9372726 123305965 1 5.513830650211772e-4 123305965 123305965 0
6 17521 rs4449641 151036450 1 -5.512625874209521e-4 151036450 151036450 0
6 2406 rs4712572 20961061 1 -5.495244066625932e-4 20961061 20961061 0
6 8380 rs669161 52121015 1 -5.486384503835227e-4 52121015 52121015 0
6 19226 rs1764062 165644276 1 -5.479843144642087e-4 165644276 165644276 0
6 17753 rs111449472 152668211 1 5.471421686415708e-4 152668211 152668211 0
6 3382 rs2281023 27277665 2 -5.454456086963811e-4 27277665 27277665 0
6 16549 rs1953319 142583426 1 5.450145178597373e-4 142583426 142583426 0
6 3341 rs13194491 27037080 1 -5.439805568018599e-4 27037080 27037080 0
6 3672 rs7752270 29053998 1 5.437067587478288e-4 29053998 29053998 0
6 2028 rs172520 18258516 1 -5.436998155842385e-4 18258516 18258516 0
6 16647 rs9321898 143604514 1 5.425632934288397e-4 143604514 143604514 0
6 9117 rs9350474 63319873 1 -5.416127476124769e-4 63319873 63319873 0
6 6303 rs9277052 33005932 1 5.415911717792342e-4 33005932 33005932 0
6 19033 rs7752540 164260935 1 -5.410372292593429e-4 164260935 164260935 0
6 8082 rs676219 48287248 2 5.394869680133748e-4 48287248 48287248 0
6 10374 rs9352247 76645803 1 5.391919902647164e-4 76645803 76645803 0
6 1816 rs9396677 16466221 1 5.37385557014246e-4 16466221 16466221 0
6 14497 rs9489537 119220748 1 -5.373733766334423e-4 119220748 119220748 0
6 11994 rs9294483 91948582 1 -5.369617064285553e-4 91948582 91948582 0
6 2850 rs9295616 24233032 1 -5.34330198719635e-4 24233032 24233032 0
6 3625 rs11754985 28711074 1 5.316764151183827e-4 28711074 28711074 0
6 15614 rs9375796 131340998 1 5.313348098059643e-4 131340998 131340998 0
6 13363 rs7767036 106881308 1 5.295392389744749e-4 106881308 106881308 0
6 15128 rs9375372 125122731 1 5.282895417625677e-4 125122731 125122731 0
6 1411 rs6907466 12544251 1 5.280161416077767e-4 12544251 12544251 0
6 11241 rs713170 85135586 1 -5.259007455037647e-4 85135586 85135586 0
6 12961 rs7754376 101982531 1 5.254583841934632e-4 101982531 101982531 0
6 894 rs6922018 7918311 1 5.243650761151731e-4 7918311 7918311 0
6 17347 rs3798763 150211100 2 5.215414243138223e-4 150211100 150211100 0
6 7246 rs3734618 39284184 1 -5.201466448137745e-4 39284184 39284184 0
6 10204 rs9359043 74477478 1 -5.19211211492296e-4 74477478 74477478 0
6 15254 rs1555091 127436645 1 5.18523470786851e-4 127436645 127436645 0
6 17975 rs4870294 154787639 1 5.162416321343748e-4 154787639 154787639 0
6 10150 rs9442891 73844174 1 5.153327935726174e-4 73844174 73844174 0
6 457 rs9405724 4342127 1 -5.140972754433217e-4 4342127 4342127 0
6 15742 rs1416100 132730947 1 -5.117593586187996e-4 132730947 132730947 0
6 8178 rs699977 49716228 1 5.096988420612798e-4 49716228 49716228 0
6 17985 rs11155986 154933171 1 -5.094859975066829e-4 154933171 154933171 0
6 16762 rs17073338 144409135 1 -5.09124913930069e-4 144409135 144409135 0
6 18138 rs17186807 156468967 1 -5.08579871519647e-4 156468967 156468967 0
6 1078 rs2206553 9590282 1 -5.081055955439295e-4 9590282 9590282 0
6 691 rs6597197 6253017 1 5.046318204992349e-4 6253017 6253017 0
6 15492 rs1337775 130334365 1 5.037876795630052e-4 130334365 130334365 0
6 17226 rs1384670 149200719 1 5.02603708396586e-4 149200719 149200719 0
6 3970 rs9258206 29704237 1 5.01439525646729e-4 29704237 29704237 0
6 1517 rs6926971 13350427 1 -5.009087227040225e-4 13350427 13350427 0
6 15490 rs9372951 130329193 1 5.006365349396629e-4 130329193 130329193 0
6 11354 rs6931497 85793173 1 -4.986746904919265e-4 85793173 85793173 0
6 11600 rs2268996 88185777 1 4.978095791186916e-4 88185777 88185777 0
6 1417 rs16873023 12585656 1 4.97099326348851e-4 12585656 12585656 0
6 12427 rs4839992 96193945 1 4.947777285738724e-4 96193945 96193945 0
6 7703 rs943080 43826627 1 4.942595140792177e-4 43826627 43826627 0
6 13648 rs9372248 110389926 1 -4.937538979420583e-4 110389926 110389926 0
6 3385 rs61746402 27293107 1 4.929860611393221e-4 27293107 27293107 0
6 1384 rs4714429 12331807 1 -4.92949455320871e-4 12331807 12331807 0
6 16873 rs4141953 145422462 1 4.913335564082723e-4 145422462 145422462 0
6 16747 rs1049846 144261480 1 4.895711046423049e-4 144261480 144261480 0
6 12382 rs12216275 95872321 1 -4.883134905844541e-4 95872321 95872321 0
6 5278 rs2246871 31481146 1 -4.865890376343208e-4 31481146 31481146 0
6 16760 rs6929066 144402945 1 -4.865084120467803e-4 144402945 144402945 0
6 15251 rs1936790 127421733 1 -4.7603781753565594e-4 127421733 127421733 0
6 19622 rs747994 168930758 1 -4.759218235517148e-4 168930758 168930758 0
6 11419 rs6900270 86214507 1 4.758628111238228e-4 86214507 86214507 0
6 13016 rs2852608 102481399 2 -4.753993419786173e-4 102481399 102481399 0
6 10843 rs2230513 80717676 1 -4.7443698023204057e-4 80717676 80717676 0
6 522 rs12665403 4737179 1 -4.7404419546772487e-4 4737179 4737179 0
6 8786 rs1503151 54671090 1 -4.73077209723394e-4 54671090 54671090 0
6 12026 rs7747127 92263829 1 4.730766080614147e-4 92263829 92263829 0
6 14525 rs9320680 119451257 1 -4.724316019473767e-4 119451257 119451257 0
6 9138 rs6922743 63967017 1 -4.721011137555563e-4 63967017 63967017 0
6 12172 rs1040155 93561150 1 -4.708645080132846e-4 93561150 93561150 0
6 14150 rs1935414 116077361 1 -4.697539044066296e-4 116077361 116077361 0
6 14743 rs56300302 121401996 1 -4.692274160362695e-4 121401996 121401996 0
6 13537 rs564376 109032000 1 4.6696631053415663e-4 109032000 109032000 0
6 17486 rs1492574 150868443 1 -4.657742288052217e-4 150868443 150868443 0
6 16238 rs4895508 138354180 1 4.633932295301416e-4 138354180 138354180 0
6 1344 rs11752244 11985333 1 4.6224334924398593e-4 11985333 11985333 0
6 9787 rs3806000 70767756 1 4.6052987780457967e-4 70767756 70767756 0
6 7023 rs6929224 37746848 1 4.593679950473637e-4 37746848 37746848 0
6 8824 rs7753268 54863080 2 4.589814282117245e-4 54863080 54863080 0
6 16957 rs9497496 146548788 1 -4.586970735422987e-4 146548788 146548788 0
6 15777 rs3813354 132910634 1 4.584907581507714e-4 132910634 132910634 0
6 13391 rs1770720 106993436 1 -4.584840128804008e-4 106993436 106993436 0
6 15422 rs6935162 129907587 1 4.569792473881242e-4 129907587 129907587 0
6 15741 rs2876186 132728085 2 4.535950597265243e-4 132728085 132728085 0
6 1590 rs861208 14165108 1 -4.533269581705959e-4 14165108 14165108 0
6 882 rs267184 7833429 2 4.530460756863512e-4 7833429 7833429 0
6 5284 rs3093998 31485174 1 4.505661167676863e-4 31485174 31485174 0
6 11630 rs4707403 88466990 1 -4.4957606045422017e-4 88466990 88466990 0
6 7221 rs6899384 39132435 1 4.494223078757557e-4 39132435 39132435 0
6 19495 rs1015077 167526506 2 4.478913317239125e-4 167526506 167526506 0
6 9456 rs9360207 67154649 1 4.45474942969095e-4 67154649 67154649 0
6 15069 rs713215 124603670 1 4.405855400587388e-4 124603670 124603670 0
6 5797 rs28362680 32370816 1 -4.390015911584666e-4 32370816 32370816 0
6 12863 rs10499028 100352613 1 4.3878630444866586e-4 100352613 100352613 0
6 17156 rs13216119 148462046 1 -4.3857782451195887e-4 148462046 148462046 0
6 11148 rs9359554 83718503 1 -4.381145951290277e-4 83718503 83718503 0
6 1385 rs1317584 12342789 2 -4.374121714671396e-4 12342789 12342789 0
6 14918 rs9372715 123086188 2 4.3652692135367187e-4 123086188 123086188 0
6 16330 rs1044418 139229872 1 4.361712317750592e-4 139229872 139229872 0
6 19521 rs2072767 167719436 1 4.3598119846633706e-4 167719436 167719436 0
6 8640 rs2397153 53882366 1 -4.3568885936353665e-4 53882366 53882366 0
6 17323 rs12192159 149767105 1 4.3531649763203903e-4 149767105 149767105 0
6 14685 rs9320772 121102335 1 -4.34631131484368e-4 121102335 121102335 0
6 8176 rs2275597 49705182 1 -4.344505787155035e-4 49705182 49705182 0
6 14915 rs11965644 123047590 1 4.3279404384136654e-4 123047590 123047590 0
6 6773 rs9462081 35376006 1 4.3113120246077234e-4 35376006 35376006 0
6 14827 rs6569227 122043606 1 -4.30778678747154e-4 122043606 122043606 0
6 9273 rs9342464 66005888 1 4.299692659666198e-4 66005888 66005888 0
6 7326 rs761801 39997176 1 -4.2897897190839935e-4 39997176 39997176 0
6 8629 rs1041148 53853589 1 4.289363616679739e-4 53853589 53853589 0
6 16492 rs9376644 141995759 1 -4.285122617843964e-4 141995759 141995759 0
6 6017 rs2621373 32765130 1 4.278061476921424e-4 32765130 32765130 0
6 12333 rs386272 95022980 2 4.265837659044979e-4 95022980 95022980 0
6 7667 rs34541323 43323852 1 -4.25947077448291e-4 43323852 43323852 0
6 13578 rs191611 109527347 1 -4.251652252923987e-4 109527347 109527347 0
6 8843 rs9382460 55037484 1 4.249915012594201e-4 55037484 55037484 0
6 16292 rs6923972 138909661 1 4.243506230884565e-4 138909661 138909661 0
6 3630 rs9257181 28754520 1 -4.237705546748373e-4 28754520 28754520 0
6 17051 rs389674 147813016 1 4.232667991322696e-4 147813016 147813016 0
6 1133 rs13195786 10163968 1 4.232067684074454e-4 10163968 10163968 0
6 16567 rs17071819 142818428 1 4.229933235594391e-4 142818428 142818428 0
6 12239 rs4706437 94051172 1 -4.211490742860352e-4 94051172 94051172 0
6 7780 rs9472309 44580743 1 -4.203881140481897e-4 44580743 44580743 0
6 7521 rs9462738 41664501 1 -4.20004963795511e-4 41664501 41664501 0
6 15124 rs2325911 125027223 1 -4.192622025263929e-4 125027223 125027223 0
6 9576 rs12193750 68453011 1 -4.191365568203887e-4 68453011 68453011 0
6 22 rs2493039 535668 1 4.175021596558994e-4 535668 535668 0
6 14341 rs210643 117901283 1 4.165733617095627e-4 117901283 117901283 0
6 6570 rs542441 33675851 2 -4.1345949396106706e-4 33675851 33675851 0
6 19692 rs9346489 169326799 1 -4.132995343266439e-4 169326799 169326799 0
6 4783 rs2523891 31038976 1 -4.11355919043571e-4 31038976 31038976 0
6 12001 rs1884257 91995736 2 -4.080279122245061e-4 91995736 91995736 0
6 1366 rs3777772 12135434 1 4.0797711578830994e-4 12135434 12135434 0
6 8526 rs2816364 53094839 2 4.0718469048790014e-4 53094839 53094839 0
6 16856 rs2069128 145342763 1 4.068313305686615e-4 145342763 145342763 0
6 137 rs9405475 1441282 1 4.0606377911251953e-4 1441282 1441282 0
6 16685 rs11965970 143904494 2 -4.03667649819849e-4 143904494 143904494 0
6 9478 rs7747972 67403879 1 4.033928831146656e-4 67403879 67403879 0
6 19540 rs9346745 167826664 1 -3.9835732847747055e-4 167826664 167826664 0
6 1609 rs7752155 14329647 1 -3.9601856901241546e-4 14329647 14329647 0
6 17557 rs2073189 151258110 1 -3.951866430445531e-4 151258110 151258110 0
6 9998 rs9293851 72437006 1 3.9513546649707894e-4 72437006 72437006 0
6 14122 rs763229 115865171 1 -3.9445985420847153e-4 115865171 115865171 0
6 15596 rs6938586 131209404 1 3.940412920517356e-4 131209404 131209404 0
6 1063 rs742513 9457140 1 -3.91632315133514e-4 9457140 9457140 0
6 10584 rs10943488 78456439 1 -3.9155021332885697e-4 78456439 78456439 0
6 957 rs7453084 8352004 1 3.9140114556683234e-4 8352004 8352004 0
6 11019 rs1341230 82379575 1 3.909090991779252e-4 82379575 82379575 0
6 18476 rs6455678 160415341 1 3.907048726732268e-4 160415341 160415341 0
6 11006 rs9294233 82271163 1 3.9059100175018737e-4 82271163 82271163 0
6 259 rs12203065 2666478 2 3.901527173858982e-4 2666478 2666478 0
6 9450 rs11753317 67109478 1 -3.8997733559786407e-4 67109478 67109478 0
6 510 rs2875955 4690760 1 -3.896266855857915e-4 4690760 4690760 0
6 8943 rs9475383 55571611 1 -3.8943995752382374e-4 55571611 55571611 0
6 15320 rs9491896 128300949 1 -3.884705555659078e-4 128300949 128300949 0
6 9952 rs9351817 72203005 1 3.8811917213886e-4 72203005 72203005 0
6 12909 rs1392969 101091434 1 3.862898030563292e-4 101091434 101091434 0
6 6738 rs3756856 35110705 2 -3.8622040458690787e-4 35110705 35110705 0
6 11229 rs7775689 85059075 2 -3.8485722611400334e-4 85059075 85059075 0
6 19569 rs902385 168491848 1 3.8445405078675073e-4 168491848 168491848 0
6 7825 rs6901786 45186173 1 3.8414909607887145e-4 45186173 45186173 0
6 14199 rs1064583 116446576 1 -3.830800563919795e-4 116446576 116446576 0
6 18466 rs9365111 160299505 1 -3.8287579039072707e-4 160299505 160299505 0
6 1015 rs11751589 8975508 1 -3.8202910140392257e-4 8975508 8975508 0
6 34 rs17135357 602983 1 -3.8052293458106336e-4 602983 602983 0
6 5385 rs3130050 31618761 1 -3.801408854005731e-4 31618761 31618761 0
6 17021 rs1408575 147222900 1 3.795348105148179e-4 147222900 147222900 0
6 5803 rs3806157 32373801 1 3.793111053985155e-4 32373801 32373801 0
6 1398 rs6901053 12446475 1 -3.7874271854927786e-4 12446475 12446475 0
6 18756 rs1789994 162396659 1 -3.781352961438026e-4 162396659 162396659 0
6 15625 rs543363 131451112 1 -3.7805910608491633e-4 131451112 131451112 0
6 15050 rs1022105 124329676 1 -3.7672310371451097e-4 124329676 124329676 0
6 7748 rs35623954 44270870 1 -3.743679382672938e-4 44270870 44270870 0
6 17311 rs6911411 149688090 2 -3.743284354417376e-4 149688090 149688090 0
6 3881 rs29246 29588146 1 3.737131796703862e-4 29588146 29588146 0
6 18180 rs958386 156801192 1 -3.736885107649022e-4 156801192 156801192 0
6 18759 rs9458430 162426517 1 3.7326833152254114e-4 162426517 162426517 0
6 18748 rs9347553 162305402 1 -3.727670267434843e-4 162305402 162305402 0
6 17193 rs1147858 148838112 1 3.725819442127399e-4 148838112 148838112 0
6 2294 rs9295471 20468635 1 -3.717762244678807e-4 20468635 20468635 0
6 13627 rs1096136 110016656 1 3.713734706624717e-4 110016656 110016656 0
6 13352 rs9486314 106734189 2 -3.702089746422168e-4 106734189 106734189 0
6 14944 rs12660608 123338514 1 -3.693731635677718e-4 123338514 123338514 0
6 14419 rs6936121 118532883 1 -3.6556398418575433e-4 118532883 118532883 0
6 16943 rs6914746 146127029 1 -3.65352675557339e-4 146127029 146127029 0
6 15740 rs10484483 132647962 1 3.6425989792161914e-4 132647962 132647962 0
6 752 rs763405 6619698 1 3.621064774495957e-4 6619698 6619698 0
6 12611 rs9387644 98204209 1 -3.619340889876687e-4 98204209 98204209 0
6 12676 rs2086512 99011501 1 3.6183860390370104e-4 99011501 99011501 0
6 2197 rs6921277 19492819 1 -3.586732549194029e-4 19492819 19492819 0
6 19205 rs9347983 165466890 1 -3.5860725627096234e-4 165466890 165466890 0
6 2427 rs9465991 21191928 1 3.5723452712379275e-4 21191928 21191928 0
6 829 rs2076302 7570963 1 -3.561381776820284e-4 7570963 7570963 0
6 13277 rs9372090 105991917 2 -3.55624651393214e-4 105991917 105991917 0
6 19785 rs4716377 170073602 1 -3.523560236286916e-4 170073602 170073602 0
6 7318 rs2475506 39911241 1 3.522508387362631e-4 39911241 39911241 0
6 19634 rs9295077 169014011 1 3.507756939652196e-4 169014011 169014011 0
6 16508 rs6903549 142061431 1 3.497243294323633e-4 142061431 142061431 0
6 12769 rs4077236 99808347 1 -3.4811029584093015e-4 99808347 99808347 0
6 19544 rs13216342 167833557 1 -3.479162626055665e-4 167833557 167833557 0
6 10305 rs6918679 75532577 1 -3.466166923429662e-4 75532577 75532577 0
6 9643 rs9354787 69285887 1 -3.449157006181301e-4 69285887 69285887 0
6 2428 rs6926388 21204796 1 3.445712838909115e-4 21204796 21204796 0
6 18813 rs952388 162716541 1 3.443593603001111e-4 162716541 162716541 0
6 18235 rs6920753 158071161 1 -3.4358655348004413e-4 158071161 158071161 0
6 12489 rs12661236 96625462 1 -3.4220518820488136e-4 96625462 96625462 0
6 12707 rs2747739 99462075 1 3.4170941515006763e-4 99462075 99462075 0
6 9933 rs1405848 72109322 1 3.415613401980235e-4 72109322 72109322 0
6 169 rs12197376 1684816 1 -3.4082129060491876e-4 1684816 1684816 0
6 7506 rs728826 41443615 1 3.401339340043112e-4 41443615 41443615 0
6 19116 rs7741687 165009476 1 -3.3956100333766304e-4 165009476 165009476 0
6 6567 rs597386 33668618 1 -3.3743524672263296e-4 33668618 33668618 0
6 9041 rs6904535 56631976 1 3.369350419990794e-4 56631976 56631976 0
6 2577 rs1935429 22511958 1 -3.357142535455829e-4 22511958 22511958 0
6 12259 rs12212828 94237476 1 -3.353017706238613e-4 94237476 94237476 0
6 17809 rs9384046 153173999 1 -3.347185165022315e-4 153173999 153173999 0
6 11921 rs284513 91208693 1 3.333565240144135e-4 91208693 91208693 0
6 11259 rs6936385 85228896 1 3.3319082151689317e-4 85228896 85228896 0
6 2498 rs9368368 21912632 1 -3.319685397186576e-4 21912632 21912632 0
6 13496 rs6568489 108039149 1 3.3001145024881995e-4 108039149 108039149 0
6 10621 rs9361346 78760724 1 -3.298983501613021e-4 78760724 78760724 0
6 16232 rs2230926 138196066 1 3.2977523134982084e-4 138196066 138196066 0
6 15159 rs9321038 125731930 1 -3.296921921978941e-4 125731930 125731930 0
6 15601 rs3777464 131266757 1 -3.28724470622683e-4 131266757 131266757 0
6 9620 rs777625 68898262 1 3.2869482948100535e-4 68898262 68898262 0
6 14899 rs6914480 122949909 1 3.2810738440874866e-4 122949909 122949909 0
6 399 rs6596999 3781719 1 3.2726133141988836e-4 3781719 3781719 0
6 12675 rs1481449 98971740 2 3.2713695414822924e-4 98971740 98971740 0
6 1315 rs4713856 11761177 1 3.260756831522299e-4 11761177 11761177 0
6 7842 rs2280227 45543530 1 -3.2512620433631194e-4 45543530 45543530 0
6 17080 rs4121999 148105936 2 -3.247825417733458e-4 148105936 148105936 0
6 2722 rs9466754 23347873 1 -3.2472342702694507e-4 23347873 23347873 0
6 15348 rs506953 129022203 1 -3.233651377104262e-4 129022203 129022203 0
6 10909 rs16892086 81366484 1 -3.2318112860355524e-4 81366484 81366484 0
6 4563 rs567302900 30719909 1 3.2295246239121e-4 30719909 30719909 0
6 2526 rs10946507 22100367 1 -3.229489958910678e-4 22100367 22100367 0
6 1122 rs2327221 10035875 1 -3.229439447108597e-4 10035875 10035875 0
6 6758 rs2395617 35285720 2 3.226396597641252e-4 35285720 35285720 0
6 8450 rs2063643 52478364 1 -3.2239210313070164e-4 52478364 52478364 0
6 11511 rs9450485 87306370 1 -3.218418127053386e-4 87306370 87306370 0
6 16137 rs4895477 137444054 1 3.197498089161822e-4 137444054 137444054 0
6 13357 rs3862833 106815036 1 3.195987258978375e-4 106815036 106815036 0
6 7585 rs694148 42407020 1 -3.187802188908067e-4 42407020 42407020 0
6 14244 rs6568952 116932077 1 3.1762014628505954e-4 116932077 116932077 0
6 10785 rs12523953 80322860 2 3.1682003747167896e-4 80322860 80322860 0
6 6504 rs191549504 33411673 1 3.16596352750692e-4 33411673 33411673 0
6 18903 rs6900416 163162060 2 -3.165593180009303e-4 163162060 163162060 0
6 3908 rs61730327 29640951 1 3.1635767429207527e-4 29640951 29640951 0
6 19043 rs9456891 164309035 2 3.1528231981262436e-4 164309035 164309035 0
6 19786 rs7750758 170091709 1 -3.1508228764589484e-4 170091709 170091709 0
6 19475 rs9366069 167298751 1 3.1489589778598915e-4 167298751 167298751 0
6 13756 rs3204953 111628626 1 -3.138230767315548e-4 111628626 111628626 0
6 11658 rs6454676 88877455 1 3.1245112879049557e-4 88877455 88877455 0
6 15717 rs6914252 132377974 1 -3.1180161171459635e-4 132377974 132377974 0
6 17615 rs17081341 151837570 1 3.109810413321349e-4 151837570 151837570 0
6 13483 rs1006074 108006922 1 3.0880351278743775e-4 108006922 108006922 0
6 17866 rs685341 153529163 1 -3.086861532875055e-4 153529163 153529163 0
6 6722 rs9368842 34942380 1 3.0815868759506053e-4 34942380 34942380 0
6 14570 rs2153823 119794761 1 -3.0666811502033447e-4 119794761 119794761 0
6 2707 rs9379482 23208904 1 -3.064176706411196e-4 23208904 23208904 0
6 8709 rs16885294 54265396 1 3.0487443193423627e-4 54265396 54265396 0
6 8680 rs4415156 54164079 1 -3.04535444795162e-4 54164079 54164079 0
6 561 rs1895646 5389729 1 3.036330249702869e-4 5389729 5389729 0
6 18976 rs233 163704008 1 -3.018156945037571e-4 163704008 163704008 0
6 19817 rs1078208 170201385 1 -3.011753957041382e-4 170201385 170201385 0
6 8997 rs4715607 56156125 1 3.0049210490795745e-4 56156125 56156125 0
6 6809 rs7748266 35592744 1 2.9938968193467675e-4 35592744 35592744 0
6 9263 rs9453211 65873577 1 2.9915277714727786e-4 65873577 65873577 0
6 6372 rs9380345 33080359 1 -2.9901410001924365e-4 33080359 33080359 0
6 19687 rs7453792 169251249 1 -2.9844604260977726e-4 169251249 169251249 0
6 1744 rs6931813 15923485 1 -2.9668837046641257e-4 15923485 15923485 0
6 87 rs11755910 972155 1 2.95443802998445e-4 972155 972155 0
6 8231 rs927716 51052686 1 2.9405023216313314e-4 51052686 51052686 0
6 15309 rs10484716 128175722 1 2.935559215931976e-4 128175722 128175722 0
6 18739 rs2022991 162248169 1 -2.9325407710619356e-4 162248169 162248169 0
6 16276 rs203133 138674754 1 -2.931830237934445e-4 138674754 138674754 0
6 2333 rs9460540 20648762 1 -2.927780761038789e-4 20648762 20648762 0
6 17703 rs9371236 152306346 1 2.894502505634792e-4 152306346 152306346 0
6 5230 rs12665745 31441901 1 2.871632042250959e-4 31441901 31441901 0
6 17297 rs11968300 149580983 2 -2.868833230278018e-4 149580983 149580983 0
6 17113 rs646839 148258033 2 2.867884709256219e-4 148258033 148258033 0
6 11549 rs16878041 87666493 1 2.858134161189554e-4 87666493 87666493 0
6 17667 rs6939683 152090324 1 2.8484185373387557e-4 152090324 152090324 0
6 8998 rs9396195 56163121 1 -2.8429142150005745e-4 56163121 56163121 0
6 9543 rs13220457 68026073 1 2.839215163649059e-4 68026073 68026073 0
6 14139 rs4946102 115946279 1 -2.836603878601159e-4 115946279 115946279 0
6 10121 rs9351947 73525349 1 -2.815568621232228e-4 73525349 73525349 0
6 15071 rs1851780 124627115 1 2.814613533047627e-4 124627115 124627115 0
6 8016 rs1953310 47385461 1 2.807355957179715e-4 47385461 47385461 0
6 6737 rs35693439 35108553 1 -2.8068917338075803e-4 35108553 35108553 0
6 2255 rs1202305 19922354 1 2.7977260598378585e-4 19922354 19922354 0
6 9 rs7749710 442410 1 2.7845370621432087e-4 442410 442410 0
6 1850 rs3812205 16699949 1 -2.781451320001425e-4 16699949 16699949 0
6 14598 rs1107378 120122478 1 -2.776441808742457e-4 120122478 120122478 0
6 2143 rs524559 19015964 1 -2.769383270442876e-4 19015964 19015964 0
6 14328 rs9489215 117817126 1 2.7669294059972407e-4 117817126 117817126 0
6 9630 rs11751599 69041360 1 -2.7559389635770706e-4 69041360 69041360 0
6 753 rs11961398 6631674 1 -2.752410862679721e-4 6631674 6631674 0
6 11501 rs9342077 87219320 1 2.742545422347789e-4 87219320 87219320 0
6 19391 rs9356478 166751416 2 2.731816566709594e-4 166751416 166751416 0
6 15545 rs873146 130839788 1 2.7311979377171416e-4 130839788 130839788 0
6 178 rs7746883 1712223 1 -2.7251215020772715e-4 1712223 1712223 0
6 1137 rs6900553 10231925 1 -2.724807321432669e-4 10231925 10231925 0
6 3224 rs6906576 25956501 1 -2.7121831241491755e-4 25956501 25956501 0
6 3627 rs1233585 28716345 1 2.7066131677128786e-4 28716345 28716345 0
6 13316 rs7766801 106373715 1 2.703916444621682e-4 106373715 106373715 0
6 13595 rs4946957 109641411 1 -2.699903107328796e-4 109641411 109641411 0
6 7895 rs2799354 46190377 1 2.698367556922856e-4 46190377 46190377 0
6 4267 rs2022065 30121460 1 -2.6949145476414936e-4 30121460 30121460 0
6 14745 rs7751291 121426900 1 2.688904829418485e-4 121426900 121426900 0
6 16968 rs362856 146719883 1 2.6824219697098973e-4 146719883 146719883 0
6 799 rs665723 7139064 1 2.663531371997604e-4 7139064 7139064 0
6 16110 rs9389407 136898341 1 -2.6630239201583586e-4 136898341 136898341 0
6 11168 rs1144185 84012619 1 -2.659199851788635e-4 84012619 84012619 0
6 2730 rs926453 23442229 1 2.657907741571901e-4 23442229 23442229 0
6 12886 rs6928245 100674018 1 -2.641696667342949e-4 100674018 100674018 0
6 7030 rs2842510 37909084 2 2.6355346062785e-4 37909084 37909084 0
6 4091 rs2517826 29834041 1 -2.6275044134717855e-4 29834041 29834041 0
6 8525 rs7745600 53087535 1 2.581837938275239e-4 53087535 53087535 0
6 17049 rs587008 147799122 1 2.569979095138781e-4 147799122 147799122 0
6 6782 rs1053046 35395578 1 -2.563920112213675e-4 35395578 35395578 0
6 7357 rs1886753 40327096 1 2.561974602338586e-4 40327096 40327096 0
6 13865 rs17073700 112644225 1 -2.556934084087644e-4 112644225 112644225 0
6 18335 rs2129209 159155998 1 -2.554094960820783e-4 159155998 159155998 0
6 10048 rs9351889 72825419 1 -2.544318178829225e-4 72825419 72825419 0
6 3383 rs41269261 27278179 1 2.5430119339832607e-4 27278179 27278179 0
6 4397 rs970270 30347306 1 -2.532618750891658e-4 30347306 30347306 0
6 10973 rs12660400 81837758 1 2.5324219429286347e-4 81837758 81837758 0
6 10038 rs9446555 72758831 1 -2.5247932662395754e-4 72758831 72758831 0
6 6445 rs9277934 33153528 1 2.501787782667908e-4 33153528 33153528 0
6 18860 rs4709612 162875706 1 -2.50148702292957e-4 162875706 162875706 0
6 7947 rs220673 46841806 1 2.483057210745846e-4 46841806 46841806 0
6 17308 rs556335 149670878 1 2.469957451442608e-4 149670878 149670878 0
6 18507 rs41267797 160577011 1 -2.4653838125826804e-4 160577011 160577011 0
6 14006 rs1080429 114032142 1 -2.462934817412245e-4 114032142 114032142 0
6 16268 rs203138 138599285 1 -2.4619593810563565e-4 138599285 138599285 0
6 8831 rs7746448 54930203 1 -2.4604214306930063e-4 54930203 54930203 0
6 8977 rs9370479 55937271 1 -2.4592431607174377e-4 55937271 55937271 0
6 18381 rs2273067 159458802 1 -2.447309584387017e-4 159458802 159458802 0
6 11352 rs12529820 85788394 1 -2.445847560580218e-4 85788394 85788394 0
6 8083 rs584557 48288536 2 2.439430814644914e-4 48288536 48288536 0
6 15161 rs6904555 125763141 1 2.4384607530233195e-4 125763141 125763141 0
6 4623 rs3130785 30796738 1 -2.407442930295677e-4 30796738 30796738 0
6 9271 rs697305 65972053 1 2.4020305066927328e-4 65972053 65972053 0
6 4662 rs2894054 30872274 1 -2.4009919774177084e-4 30872274 30872274 0
6 6797 rs11756089 35452346 1 -2.39916674557153e-4 35452346 35452346 0
6 19049 rs7775629 164361544 1 2.395134254062401e-4 164361544 164361544 0
6 12095 rs9294529 92938341 1 -2.3943952914330167e-4 92938341 92938341 0
6 1789 rs7760359 16237843 1 -2.3931446301805707e-4 16237843 16237843 0
6 8037 rs9369738 47682604 1 2.3875311292238409e-4 47682604 47682604 0
6 24 rs6904638 541668 2 2.3811265281298603e-4 541668 541668 0
6 14101 rs11153523 115194099 1 2.380097210818968e-4 115194099 115194099 0
6 1472 rs1223549 13171036 1 -2.3779293960745623e-4 13171036 13171036 0
6 8275 rs4506043 51374756 1 -2.3653755918527e-4 51374756 51374756 0
6 15771 rs6924201 132897029 1 -2.3613439279305856e-4 132897029 132897029 0
6 15612 rs1888959 131335324 1 2.3579362532579585e-4 131335324 131335324 0
6 12286 rs7765999 94568431 1 2.32772354293238e-4 94568431 94568431 0
6 8774 rs17545325 54623801 1 2.3218686718747263e-4 54623801 54623801 0
6 19788 rs1137523 170101841 1 -2.3184441979522632e-4 170101841 170101841 0
6 16085 rs9483891 136232029 1 2.316215367012301e-4 136232029 136232029 0
6 1402 rs1999622 12488729 1 2.307318272755969e-4 12488729 12488729 0
6 2186 rs9295432 19407446 1 -2.2872663347090028e-4 19407446 19407446 0
6 39 rs12530461 614353 1 2.285646507929464e-4 614353 614353 0
6 19613 rs2749251 168905583 2 -2.2853200308804088e-4 168905583 168905583 0
6 18583 rs3088442 160872652 1 -2.2725051402522448e-4 160872652 160872652 0
6 10115 rs9293911 73470432 1 2.267601063818795e-4 73470432 73470432 0
6 18873 rs2846463 162966431 1 2.2666911395797308e-4 162966431 162966431 0
6 2035 rs11752401 18328374 1 -2.261881358126502e-4 18328374 18328374 0
6 8183 rs1019824 49730356 1 2.2515207305251277e-4 49730356 49730356 0
6 18667 rs1880367 161566405 1 2.2493480374980788e-4 161566405 161566405 0
6 186 rs6940806 1859793 1 -2.2288713301461165e-4 1859793 1859793 0
6 13420 rs2798361 107154445 1 2.2200487788716488e-4 107154445 107154445 0
6 17673 rs2881766 152119119 1 -2.2184954196423695e-4 152119119 152119119 0
6 7796 rs12205657 44680615 1 2.212253144150273e-4 44680615 44680615 0
6 11503 rs1112672 87220776 1 -2.2056460869877213e-4 87220776 87220776 0
6 7009 rs12191285 37603516 1 2.2056190445843057e-4 37603516 37603516 0
6 9971 rs12207816 72279876 1 2.1997750195882287e-4 72279876 72279876 0
6 11815 rs34012596 90347511 1 2.199709567355488e-4 90347511 90347511 0
6 16343 rs2498638 139397459 1 2.198687179661618e-4 139397459 139397459 0
6 15211 rs9321061 126454333 1 -2.1977615932330583e-4 126454333 126454333 0
6 44 rs9405865 625268 1 2.1871979566522268e-4 625268 625268 0
6 15007 rs9320941 123826573 1 -2.1757271084894107e-4 123826573 123826573 0
6 8111 rs2516114 49162686 1 2.1725625341866605e-4 49162686 49162686 0
6 821 rs4959432 7391921 1 -2.163233422532766e-4 7391921 7391921 0
6 19861 rs2024694 170620572 1 -2.1608536558510527e-4 170620572 170620572 0
6 17320 rs2153219 149755695 1 -2.1552014998592667e-4 149755695 149755695 0
6 17406 rs789501 150584385 1 2.153879489692449e-4 150584385 150584385 0
6 19589 rs6924059 168666768 1 2.152571786389638e-4 168666768 168666768 0
6 2512 rs2078543 21996860 1 -2.152231740093006e-4 21996860 21996860 0
6 11694 rs11757661 89183580 1 2.1515292231298104e-4 89183580 89183580 0
6 6106 rs241429 32803840 1 2.1451679539002751e-4 32803840 32803840 0
6 2425 rs7764365 21117606 1 -2.140603202872784e-4 21117606 21117606 0
6 18650 rs12110787 161474966 2 2.1387600743987445e-4 161474966 161474966 0
6 502 rs4960015 4672839 1 -2.1387470924501e-4 4672839 4672839 0
6 13338 rs1012894 106597639 1 2.1248624901645325e-4 106597639 106597639 0
6 2795 rs16888397 23978607 1 2.114669125024401e-4 23978607 23978607 0
6 18902 rs6455848 163153238 1 2.112938313775728e-4 163153238 163153238 0
6 8112 rs2496363 49184770 1 -2.1119238139768247e-4 49184770 49184770 0
6 12215 rs16870967 93880964 1 2.1077979870885664e-4 93880964 93880964 0
6 4736 rs9262495 30986527 1 2.103396095094028e-4 30986527 30986527 0
6 6048 rs2071470 32784753 1 2.0884812829768045e-4 32784753 32784753 0
6 17437 rs2211106 150722772 1 -2.0752267554150928e-4 150722772 150722772 0
6 7255 rs9471078 39310635 1 2.0705474362455955e-4 39310635 39310635 0
6 6906 rs6906101 36667610 2 -2.0642304563327584e-4 36667610 36667610 0
6 18238 rs602237 158080044 1 -2.062697389707406e-4 158080044 158080044 0
6 18333 rs6455600 159146871 1 -2.0623723688029203e-4 159146871 159146871 0
6 18488 rs3777406 160496055 1 -2.0529112859454243e-4 160496055 160496055 0
6 819 rs9505168 7327846 1 2.0422802100092228e-4 7327846 7327846 0
6 17812 rs6912840 153242271 1 -2.0261079098137465e-4 153242271 153242271 0
6 18068 rs9480176 155950001 1 -2.0245662352197575e-4 155950001 155950001 0
6 14049 rs2271895 114437276 2 -1.9908826873700096e-4 114437276 114437276 0
6 13293 rs845864 106132323 1 1.9790989455881967e-4 106132323 106132323 0
6 508 rs9504202 4684896 1 1.9681835025398735e-4 4684896 4684896 0
6 8279 rs12207656 51405556 1 -1.9668850832709023e-4 51405556 51405556 0
6 8192 rs1970456 49823814 1 1.964195618567146e-4 49823814 49823814 0
6 8975 rs9296821 55894135 1 -1.9632670059639592e-4 55894135 55894135 0
6 3147 rs1892250 25769024 1 -1.9615309574156544e-4 25769024 25769024 0
6 13678 rs9487402 110746545 1 -1.960855526164376e-4 110746545 110746545 0
6 3411 rs4713106 27444714 2 1.958471060021388e-4 27444714 27444714 0
6 9145 rs2459572 63993375 2 -1.9507066795070377e-4 63993375 63993375 0
6 14295 rs544047 117608318 1 1.9325029861624524e-4 117608318 117608318 0
6 2486 rs6916032 21805714 1 1.9133146321959304e-4 21805714 21805714 0
6 11537 rs12198149 87491157 1 1.886307732783405e-4 87491157 87491157 0
6 13649 rs7747842 110391085 1 -1.8753020309530624e-4 110391085 110391085 0
6 7712 rs833623 43898777 1 -1.851400720330539e-4 43898777 43898777 0
6 6731 rs12204265 35008247 2 1.8510673999946187e-4 35008247 35008247 0
6 11383 rs9362180 86011079 2 -1.849571013907849e-4 86011079 86011079 0
6 8826 rs7766969 54874576 1 -1.8447117448809792e-4 54874576 54874576 0
6 7973 rs45598235 46977783 1 1.8445042734879655e-4 46977783 46977783 0
6 7583 rs260255 42401082 1 -1.825627090190237e-4 42401082 42401082 0
6 12757 rs12207550 99740492 1 -1.8064746814506257e-4 99740492 99740492 0
6 4529 rs566158921 30635593 1 1.797318343733887e-4 30635593 30635593 0
6 12931 rs4240592 101550593 1 -1.7870805528310955e-4 101550593 101550593 0
6 14548 rs6903680 119677311 1 1.7810643166333234e-4 119677311 119677311 0
6 17592 rs9397389 151629865 1 1.7801455615742363e-4 151629865 151629865 0
6 16684 rs11155304 143903156 1 1.7751525615826883e-4 143903156 143903156 0
6 6388 rs3129269 33097614 1 1.771398257644611e-4 33097614 33097614 0
6 7540 rs10947997 41921241 1 1.7701008615076324e-4 41921241 41921241 0
6 4430 rs7741364 30372570 1 -1.769989000607397e-4 30372570 30372570 0
6 2227 rs9356708 19729003 1 -1.765372659833237e-4 19729003 19729003 0
6 7925 rs41273658 46656557 1 1.7489905427238022e-4 46656557 46656557 0
6 19775 rs2494673 169994413 1 -1.7424493171512752e-4 169994413 169994413 0
6 2441 rs1459044 21250287 1 1.7370670278169436e-4 21250287 21250287 0
6 851 rs7453895 7639693 1 -1.7357946045732758e-4 7639693 7639693 0
6 2383 rs7753271 20849412 1 -1.7348147776155985e-4 20849412 20849412 0
6 8696 rs1058768 54186147 1 -1.729387656774248e-4 54186147 54186147 0
6 1282 rs4076156 11424279 1 1.72911747365281e-4 11424279 11424279 0
6 16769 rs6935203 144434024 1 -1.728797463515445e-4 144434024 144434024 0
6 3179 rs1408272 25842951 1 -1.7279037069383303e-4 25842951 25842951 0
6 751 rs6934234 6618549 1 1.72746460028364e-4 6618549 6618549 0
6 15555 rs9492657 130927023 1 1.7255774649897287e-4 130927023 130927023 0
6 8148 rs16879498 49580247 1 1.7158879188977795e-4 49580247 49580247 0
6 15454 rs899855 130094673 1 -1.711806189940573e-4 130094673 130094673 0
6 15554 rs4897445 130926413 1 1.7048498663538997e-4 130926413 130926413 0
6 5394 rs7992 31630241 1 -1.6998733876805798e-4 31630241 31630241 0
6 12817 rs13193313 100108500 1 1.6943553456071227e-4 100108500 100108500 0
6 12524 rs4839835 96894328 1 1.688623631420632e-4 96894328 96894328 0
6 9086 rs1715026 62515691 1 1.684496099707799e-4 62515691 62515691 0
6 2747 rs9466869 23615399 1 -1.6822645680153524e-4 23615399 23615399 0
6 1900 rs4236170 17083865 1 1.6778520900451562e-4 17083865 17083865 0
6 9820 rs658805 70909073 1 1.6740711706374e-4 70909073 70909073 0
6 6056 rs2621321 32789480 1 -1.668328231941475e-4 32789480 32789480 0
6 15859 rs1338012 133550176 1 -1.66305897310994e-4 133550176 133550176 0
6 14549 rs7765368 119678456 1 1.66051011420005e-4 119678456 119678456 0
6 18477 rs9295119 160422785 1 1.659215896965581e-4 160422785 160422785 0
6 12340 rs457558 95057602 2 1.651336748309183e-4 95057602 95057602 0
6 18347 rs10945563 159282859 2 -1.645580113186062e-4 159282859 159282859 0
6 18645 rs9295134 161450528 1 -1.6362163806358726e-4 161450528 161450528 0
6 263 rs9405575 2668872 1 1.6345808253886e-4 2668872 2668872 0
6 14144 rs9374564 116014608 1 -1.62508472222474e-4 116014608 116014608 0
6 13099 rs4945866 103889026 1 -1.6222172898177915e-4 103889026 103889026 0
6 8682 rs1316575 54165300 1 1.6057474668195796e-4 54165300 54165300 0
6 16309 rs11155003 139110345 1 -1.6028681713635922e-4 139110345 139110345 0
6 2860 rs146260219 24403411 1 1.600730910038867e-4 24403411 24403411 0
6 19754 rs377552 169831345 1 -1.5978309862755064e-4 169831345 169831345 0
6 2490 rs1199349 21837250 2 1.59181634418641e-4 21837250 21837250 0
6 67 rs7775255 798559 1 1.5873985308709242e-4 798559 798559 0
6 17992 rs7744421 155094764 2 1.583227110287359e-4 155094764 155094764 0
6 11729 rs10223700 89673861 1 1.5813036923775482e-4 89673861 89673861 0
6 15736 rs9321334 132567078 1 -1.5812290757070854e-4 132567078 132567078 0
6 14706 rs7748279 121238247 1 -1.57880610427323e-4 121238247 121238247 0
6 7828 rs4469289 45236274 1 1.571494063815721e-4 45236274 45236274 0
6 14109 rs7759765 115779659 1 -1.5668455946792637e-4 115779659 115779659 0
6 13236 rs34365906 105233073 1 -1.5635040869626377e-4 105233073 105233073 0
6 13397 rs11968064 107022395 1 1.562214406042361e-4 107022395 107022395 0
6 245 rs1254722 2579405 1 -1.553618932038378e-4 2579405 2579405 0
6 9051 rs7753537 56954439 1 -1.5450639776420276e-4 56954439 56954439 0
6 19783 rs41265385 170068086 1 1.5436285613109073e-4 170068086 170068086 0
6 10251 rs2029393 74981125 1 -1.5421129471088942e-4 74981125 74981125 0
6 17197 rs8641 148869910 1 1.5353493809378804e-4 148869910 148869910 0
6 16153 rs3914898 137664402 1 -1.533818945315311e-4 137664402 137664402 0
6 12592 rs1206155 97549206 1 1.525307168966008e-4 97549206 97549206 0
6 9479 rs12195065 67465262 1 -1.5225922632274995e-4 67465262 67465262 0
6 19697 rs1757975 169393766 1 -1.5156074186304665e-4 169393766 169393766 0
6 7041 rs4711523 37978172 1 1.5096860071114876e-4 37978172 37978172 0
6 16859 rs2328629 145348881 1 -1.5020113679239494e-4 145348881 145348881 0
6 13529 rs9372187 108875645 1 1.4807398552499953e-4 108875645 108875645 0
6 17869 rs1479438 153632118 1 -1.476869512845949e-4 153632118 153632118 0
6 18630 rs1247336 161377557 2 1.4669316636705337e-4 161377557 161377557 0
6 3875 rs740884 29574631 1 1.462866555862531e-4 29574631 29574631 0
6 1919 rs3886378 17268236 1 1.460676840888078e-4 17268236 17268236 0
6 10254 rs9360769 74998457 1 1.4604015183637678e-4 74998457 74998457 0
6 15451 rs4895856 130092485 1 1.4505460097681176e-4 130092485 130092485 0
6 757 rs760894 6656198 2 -1.4447162611842167e-4 6656198 6656198 0
6 19604 rs9346712 168846625 1 -1.4336467845886224e-4 168846625 168846625 0
6 7636 rs11558979 43029288 1 1.4315771028391264e-4 43029288 43029288 0
6 352 rs981946 3371291 1 -1.4305471593252755e-4 3371291 3371291 0
6 17600 rs3734795 151674593 1 1.4250033944806912e-4 151674593 151674593 0
6 19392 rs2343591 166792405 1 -1.4184166656933648e-4 166792405 166792405 0
6 1865 rs547491 16745530 1 1.4183249175592563e-4 16745530 16745530 0
6 322 rs911536 3027131 1 -1.4107214139226412e-4 3027131 3027131 0
6 2836 rs1419228 24178306 1 -1.4107014922585138e-4 24178306 24178306 0
6 10639 rs6911371 78953246 1 1.4100439396170375e-4 78953246 78953246 0
6 10339 rs13198000 76027221 1 -1.3809562507044934e-4 76027221 76027221 0
6 15546 rs10485241 130856614 1 -1.3804412735536078e-4 130856614 130856614 0
6 14517 rs17080799 119380885 2 1.3757846707264322e-4 119380885 119380885 0
6 19207 rs12174875 165471482 1 1.363862280150976e-4 165471482 165471482 0
6 815 rs9505103 7272069 1 1.3363197073655738e-4 7272069 7272069 0
6 16052 rs9285480 135619996 1 -1.3335188015457594e-4 135619996 135619996 0
6 698 rs5985 6318795 1 1.33350106539441e-4 6318795 6318795 0
6 10532 rs12211608 78218505 1 1.3324115519112016e-4 78218505 78218505 0
6 3647 rs2071789 28912076 1 -1.3278581326268445e-4 28912076 28912076 0
6 13969 rs6568783 113716570 1 -1.3220528533169538e-4 113716570 113716570 0
6 18717 rs6455745 162061459 1 1.3206747650821183e-4 162061459 162061459 0
6 17130 rs17649567 148297083 1 1.318430370724955e-4 148297083 148297083 0
6 7362 rs6903068 40354316 1 1.3140894731552394e-4 40354316 40354316 0
6 9888 rs12195809 71785901 1 -1.312252546689688e-4 71785901 71785901 0
6 17455 rs4134337 150776874 1 -1.3046973909242398e-4 150776874 150776874 0
6 11175 rs3798890 84119361 1 1.3030461281956872e-4 84119361 84119361 0
6 130 rs1550198 1284697 1 1.290134032292708e-4 1284697 1284697 0
6 9637 rs352523 69198837 1 -1.2874131451017312e-4 69198837 69198837 0
6 3619 rs1954407 28695149 1 1.2842211173733417e-4 28695149 28695149 0
6 2135 rs834362 18976445 1 1.2839592025426906e-4 18976445 18976445 0
6 1542 rs4715562 13777209 1 1.272446761940222e-4 13777209 13777209 0
6 9996 rs4415130 72408820 1 -1.2673478201076646e-4 72408820 72408820 0
6 17772 rs9479313 152744750 1 1.2635993925124925e-4 152744750 152744750 0
6 6803 rs6924087 35531205 1 -1.2612644336757278e-4 35531205 35531205 0
6 865 rs1107495 7726057 2 1.2593921369984497e-4 7726057 7726057 0
6 16752 rs9403540 144292587 1 1.2531644354100578e-4 144292587 144292587 0
6 13201 rs7740010 104856170 2 1.2520432337561217e-4 104856170 104856170 0
6 15377 rs9388686 129425564 1 1.2492936869207724e-4 129425564 129425564 0
6 3536 rs853693 28282648 1 -1.2213512810983442e-4 28282648 28282648 0
6 9493 rs9345935 67664566 1 1.216538611433548e-4 67664566 67664566 0
6 17659 rs3020343 152054363 1 1.2088216961372714e-4 152054363 152054363 0
6 1832 rs16878696 16634454 1 1.2080303513095454e-4 16634454 16634454 0
6 11103 rs1473879 83368897 1 -1.2041446822972632e-4 83368897 83368897 0
6 19550 rs3823455 168329404 1 1.2016362884388226e-4 168329404 168329404 0
6 6935 rs916297 36737499 2 1.1965998371357394e-4 36737499 36737499 0
6 7424 rs4711652 40852739 1 -1.1867186347625828e-4 40852739 40852739 0
6 956 rs6900613 8351628 1 -1.1843005677657142e-4 8351628 8351628 0
6 11479 rs9344586 86949255 1 -1.1837979009145043e-4 86949255 86949255 0
6 4063 rs2517879 29812974 1 1.1760661647886318e-4 29812974 29812974 0
6 11227 rs1883897 85054710 1 1.1739294702162796e-4 85054710 85054710 0
6 2325 rs10484633 20631011 1 1.172006578758002e-4 20631011 20631011 0
6 11184 rs12203860 84174401 1 1.170246094167689e-4 84174401 84174401 0
6 9797 rs3806022 70803453 1 1.164681113553263e-4 70803453 70803453 0
6 16439 rs6570423 141141957 1 -1.1556280494497316e-4 141141957 141141957 0
6 11324 rs2324765 85691102 1 -1.146483891438213e-4 85691102 85691102 0
6 17313 rs9498335 149693784 1 1.14572960063676e-4 149693784 149693784 0
6 754 rs3804481 6632399 1 -1.1435991826364894e-4 6632399 6632399 0
6 9905 rs4583944 71950242 1 1.1400819045762584e-4 71950242 71950242 0
6 372 rs7760989 3496602 1 1.1391856741613712e-4 3496602 3496602 0
6 8833 rs4715508 54940963 1 -1.1339595457337811e-4 54940963 54940963 0
6 500 rs761181 4668941 1 -1.124706077805625e-4 4668941 4668941 0
6 12990 rs942666 102170855 1 -1.1082777489757064e-4 102170855 102170855 0
6 16490 rs4513816 141992359 1 1.1008472099283344e-4 141992359 141992359 0
6 6428 rs2235499 33129964 1 -1.0883445116192644e-4 33129964 33129964 0
6 9836 rs592121 70984436 1 -1.081654118936037e-4 70984436 70984436 0
6 847 rs9406042 7623854 1 -1.0808765672420748e-4 7623854 7623854 0
6 7169 rs10947767 38921240 1 1.0786214491546738e-4 38921240 38921240 0
6 18509 rs9456505 160582340 1 1.0743391411545384e-4 160582340 160582340 0
6 15679 rs858338 132153207 1 1.0713160962869413e-4 132153207 132153207 0
6 10808 rs1590244 80540223 1 1.068490225079368e-4 80540223 80540223 0
6 5942 rs3873444 32682724 2 -1.0672981536556516e-4 32682724 32682724 0
6 2055 rs7755288 18499926 1 -1.0608417956131683e-4 18499926 18499926 0
6 8628 rs1570916 53851341 2 1.0594719750960186e-4 53851341 53851341 0
6 18178 rs9372001 156792873 1 1.058883125079184e-4 156792873 156792873 0
6 9873 rs16869647 71707217 1 -1.0411838213599408e-4 71707217 71707217 0
6 10714 rs11547228 79692751 1 -1.0303756025932636e-4 79692751 79692751 0
6 9830 rs12194189 70949399 1 1.0160714937200017e-4 70949399 70949399 0
6 14107 rs1412034 115605767 1 -1.014143511830351e-4 115605767 115605767 0
6 15512 rs12194317 130543687 1 1.0061519375050593e-4 130543687 130543687 0
6 6830 rs9470187 35950210 1 1.0060070738517788e-4 35950210 35950210 0
6 12288 rs1352381 94616124 2 1.0028448600853324e-4 94616124 94616124 0
6 11656 rs806365 88845949 1 9.879525406092125e-5 88845949 88845949 0
6 8791 rs11964644 54695124 1 9.87706586801941e-5 54695124 54695124 0
6 8121 rs503422 49337199 1 9.849566807766228e-5 49337199 49337199 0
6 410 rs2490045 3860010 1 -9.813205646738684e-5 3860010 3860010 0
6 18463 rs876380 160239268 1 -9.809410430096896e-5 160239268 160239268 0
6 13358 rs17066910 106821393 1 9.762299441717496e-5 106821393 106821393 0
6 373 rs4959847 3516504 1 -9.7605454858948e-5 3516504 3516504 0
6 18987 rs4709708 163761520 1 9.712495993418633e-5 163761520 163761520 0
6 17257 rs9485353 149391605 1 -9.680494474224432e-5 149391605 149391605 0
6 11575 rs1925690 87867063 1 -9.485174689099658e-5 87867063 87867063 0
6 17305 rs9485370 149606801 1 -9.43168419434878e-5 149606801 149606801 0
6 15241 rs2151522 127210093 2 -9.426194028153282e-5 127210093 127210093 0
6 578 rs9405834 5457827 1 -9.384852715061572e-5 5457827 5457827 0
6 8175 rs597544 49703857 1 9.35035506602638e-5 49703857 49703857 0
6 7805 rs508494 44890760 1 -9.350297334296634e-5 44890760 44890760 0
6 7193 rs2235871 38985356 1 9.339742556579032e-5 38985356 38985356 0
6 19439 rs12660310 167131911 2 -9.279895610558851e-5 167131911 167131911 0
6 19117 rs9459153 165015966 1 -9.27011415728478e-5 165015966 165015966 0
6 293 rs412303 2854367 1 -9.233698546255352e-5 2854367 2854367 0
6 18798 rs1801474 162622197 1 8.998427188119118e-5 162622197 162622197 0
6 14270 rs339346 117218693 1 -8.953266681934522e-5 117218693 117218693 0
6 2328 rs9368215 20637306 1 -8.850856732592429e-5 20637306 20637306 0
6 8665 rs1150884 54032665 1 8.841328186124284e-5 54032665 54032665 0
6 2550 rs9356821 22426161 1 8.810924069988946e-5 22426161 22426161 0
6 604 rs2326632 5625287 1 8.786673188262365e-5 5625287 5625287 0
6 18337 rs6455601 159166883 1 -8.743941892502611e-5 159166883 159166883 0
6 8185 rs1429599 49744632 1 8.741326470987367e-5 49744632 49744632 0
6 13399 rs4946768 107027481 1 8.728188145436583e-5 107027481 107027481 0
6 17229 rs13215793 149230849 1 8.69623569856082e-5 149230849 149230849 0
6 1377 rs6458136 12227516 1 -8.667213701218487e-5 12227516 12227516 0
6 11145 rs7739323 83667045 1 8.630637436196968e-5 83667045 83667045 0
6 12972 rs9373614 102005370 1 8.58595863426341e-5 102005370 102005370 0
6 17491 rs9322266 150894638 1 -8.559645536420908e-5 150894638 150894638 0
6 2719 rs2147855 23320045 1 -8.546290923471842e-5 23320045 23320045 0
6 13531 rs9372190 108889822 1 8.540432499645997e-5 108889822 108889822 0
6 13517 rs9374007 108358328 1 8.532084648289141e-5 108358328 108358328 0
6 17408 rs7741814 150590784 1 8.34221862348607e-5 150590784 150590784 0
6 9013 rs653872 56283552 1 8.28465002159186e-5 56283552 56283552 0
6 9949 rs9351814 72193707 1 8.185740042305565e-5 72193707 72193707 0
6 13487 rs56215636 108029180 1 -8.143141972706223e-5 108029180 108029180 0
6 17412 rs884678 150658401 1 8.11836583926383e-5 150658401 150658401 0
6 4765 rs2523868 31016114 1 -8.09775465759945e-5 31016114 31016114 0
6 14892 rs9490444 122712377 1 8.0023624372102607e-05 122712377 122712377 0
6 1106 rs1206973 9846872 1 7.966003528910915e-5 9846872 9846872 0
6 15029 rs9490959 124153758 1 7.815963531746646e-5 124153758 124153758 0
6 12985 rs9498669 102145638 1 -7.80720269984767e-5 102145638 102145638 0
6 3646 rs3763338 28894311 1 7.778686803136811e-5 28894311 28894311 0
6 9570 rs12207706 68384242 1 -7.766002577059089e-5 68384242 68384242 0
6 1567 rs1023107 14030470 1 -7.730572780978457e-5 14030470 14030470 0
6 11676 rs1408702 88973751 1 7.644496786041534e-5 88973751 88973751 0
6 16915 rs2136319 145774684 1 -7.636053055493226e-5 145774684 145774684 0
6 16326 rs10499204 139216426 1 -7.629150173565903e-5 139216426 139216426 0
6 10316 rs4706591 75682566 1 -7.59092890069006e-5 75682566 75682566 0
6 17623 rs41290243 151907027 1 -7.535080726067534e-5 151907027 151907027 0
6 19814 rs9397009 170198713 1 7.528498464633083e-5 170198713 170198713 0
6 9771 rs6455330 70329779 1 -7.455365277003192e-5 70329779 70329779 0
6 13325 rs548234 106568034 1 7.414533841012158e-5 106568034 106568034 0
6 7031 rs2842512 37909855 1 -7.390014783104272e-5 37909855 37909855 0
6 11839 rs6910277 90476276 2 7.378265959104535e-5 90476276 90476276 0
6 7604 rs621627 42663287 1 -7.241581943030713e-5 42663287 42663287 0
6 16561 rs3817928 142750516 1 -7.212513892034504e-5 142750516 142750516 0
6 9747 rs17748715 70042045 1 -7.1308098429971e-5 70042045 70042045 0
6 17136 rs7767522 148326813 1 7.130721356305842e-5 148326813 148326813 0
6 717 rs9504822 6451562 1 -7.130301364041141e-5 6451562 6451562 0
6 13415 rs118029715 107103510 1 -7.113076029376153e-5 107103510 107103510 0
6 3256 rs129128 26125342 1 7.077276186077955e-5 26125342 26125342 0
6 13505 rs17528372 108093657 1 -7.057062362061322e-5 108093657 108093657 0
6 18202 rs2095361 156963231 1 7.051200193862898e-5 156963231 156963231 0
6 11461 rs6931546 86865514 1 7.016512809618122e-5 86865514 86865514 0
6 19602 rs6934805 168838791 1 7.016049219468412e-5 168838791 168838791 0
6 4964 rs7745906 31204008 1 7.01521624835596e-5 31204008 31204008 0
6 16593 rs13206398 142991072 1 6.790094920376153e-5 142991072 142991072 0
6 13079 rs494028 103624808 1 6.767000946565215e-5 103624808 103624808 0
6 11609 rs7757636 88256092 1 -6.503534327855379e-5 88256092 88256092 0
6 15455 rs17473162 130140120 1 6.385094049962727e-5 130140120 130140120 0
6 10222 rs9447121 74754551 1 6.308053058827809e-5 74754551 74754551 0
6 19597 rs9456079 168783451 1 6.300925403861873e-5 168783451 168783451 0
6 1203 rs13208635 10896075 1 6.2603903608958e-5 10896075 10896075 0
6 15144 rs7451644 125433716 1 -6.248591317203463e-5 125433716 125433716 0
6 18689 rs17647823 161869692 1 -6.246472704248469e-5 161869692 161869692 0
6 10080 rs7740241 73135441 1 6.237316802408121e-5 73135441 73135441 0
6 6228 rs206786 32935179 2 -6.228839954377737e-5 32935179 32935179 0
6 6702 rs2296362 34802999 1 -6.022458169432288e-5 34802999 34802999 0
6 6845 rs9470219 36075219 2 -6.0081795995785896e-5 36075219 36075219 0
6 14214 rs45490498 116599859 1 -5.94098147403561e-5 116599859 116599859 0
6 7276 rs9471112 39430873 1 5.91448817843501e-5 39430873 39430873 0
6 2960 rs9379692 24809771 1 5.8504888356051e-5 24809771 24809771 0
6 1795 rs6914805 16281187 1 -5.8334442750698355e-5 16281187 16281187 0
6 17492 rs1492576 150908613 1 -5.799744719836693e-5 150908613 150908613 0
6 15370 rs10457513 129364595 1 -5.689234885310157e-5 129364595 129364595 0
6 10579 rs7761742 78420432 1 -5.650405140877051e-5 78420432 78420432 0
6 7779 rs9472308 44580672 1 5.633200550614392e-5 44580672 44580672 0
6 6355 rs2281388 33060118 1 -5.613865505347198e-5 33060118 33060118 0
6 2194 rs2172963 19437583 1 -5.5885512216696376e-5 19437583 19437583 0
6 12184 rs9452159 93642185 1 5.57878051769527e-5 93642185 93642185 0
6 17924 rs589046 154393138 1 -5.5004826066713104e-5 154393138 154393138 0
6 2433 rs12201217 21211797 1 5.4763958033081046e-5 21211797 21211797 0
6 13862 rs2027532 112635196 1 -5.404189646687858e-5 112635196 112635196 0
6 4677 rs9394021 30893127 1 5.3774952927061706e-5 30893127 30893127 0
6 6263 rs2581 32974401 1 5.319974734636498e-5 32974401 32974401 0
6 11654 rs11968144 88818965 1 -5.236004205987775e-5 88818965 88818965 0
6 8685 rs9474794 54167254 1 -5.18403489990323e-5 54167254 54167254 0
6 13755 rs1061388 111620294 1 -5.109581552904984e-5 111620294 111620294 0
6 1390 rs9367114 12406400 1 5.099833568250198e-5 12406400 12406400 0
6 14999 rs9490756 123769149 1 -5.077562047844975e-5 123769149 123769149 0
6 16136 rs276567 137422058 1 5.0038262627035615e-5 137422058 137422058 0
6 16913 rs9399547 145773164 1 -4.9963841843570944e-5 145773164 145773164 0
6 2462 rs6456419 21368617 1 -4.996242851314928e-5 21368617 21368617 0
6 8646 rs9296737 53926716 1 -4.883393829379562e-5 53926716 53926716 0
6 18607 rs4252114 161143190 1 4.853888780676635e-5 161143190 161143190 0
6 11594 rs117649467 88140811 1 -4.821660144567565e-5 88140811 88140811 0
6 16575 rs13217677 142921498 1 4.812879626454522e-5 142921498 142921498 0
6 8353 rs1896978 51948935 1 -4.806949610127608e-5 51948935 51948935 0
6 8637 rs9382274 53877181 1 4.805949235261714e-5 53877181 53877181 0
6 12901 rs17060534 100862051 1 -4.72138576905179e-5 100862051 100862051 0
6 8528 rs2816363 53095364 2 -4.664229760892252e-5 53095364 53095364 0
6 2670 rs2498302 22964484 1 -4.533192332996827e-5 22964484 22964484 0
6 2796 rs9295609 23979222 1 4.348154661768993e-5 23979222 23979222 0
6 2990 rs9461088 24971721 1 4.2902651513824034e-5 24971721 24971721 0
6 18750 rs9458419 162344712 1 -4.2052134197529015e-5 162344712 162344712 0
6 16946 rs10484925 146337547 1 -4.17616264677448e-5 146337547 146337547 0
6 4279 rs929156 30139699 1 -4.128344681763623e-5 30139699 30139699 0
6 13639 rs13209604 110176543 1 4.045962073083792e-5 110176543 110176543 0
6 11519 rs9791181 87340866 1 -4.038317837747654e-5 87340866 87340866 0
6 8545 rs4712030 53317469 2 -3.9543329842981064e-5 53317469 53317469 0
6 14098 rs12202473 115153298 1 -3.94382900067136e-5 115153298 115153298 0
6 5321 rs2516390 31529883 1 3.893321160698976e-5 31529883 31529883 0
6 3310 rs9357008 26479891 1 3.874709230241652e-5 26479891 26479891 0
6 16985 rs9390411 146973073 1 3.873075485433213e-5 146973073 146973073 0
6 7770 rs11757334 44477192 1 -3.8546310838901175e-5 44477192 44477192 0
6 9706 rs2785575 69725582 1 -3.8417143320674544e-5 69725582 69725582 0
6 16505 rs6913823 142047297 1 3.8121156537909774e-5 142047297 142047297 0
6 14599 rs12175474 120133945 1 -3.769228900917788e-5 120133945 120133945 0
6 8577 rs9367538 53506487 1 -3.6814001718737827e-5 53506487 53506487 0
6 16324 rs10872499 139193603 1 3.677907805458405e-5 139193603 139193603 0
6 2327 rs17823073 20633045 1 3.6348194877119865e-5 20633045 20633045 0
6 9908 rs9455394 71963483 1 -3.630009835956099e-5 71963483 71963483 0
6 4706 rs11753326 30925985 1 -3.578573596433515e-5 30925985 30925985 0
6 14274 rs1321366 117240593 1 -3.565354227604768e-5 117240593 117240593 0
6 15363 rs9482955 129236954 1 3.473395831503118e-5 129236954 129236954 0
6 7857 rs10498762 45743286 1 -3.470799704342472e-5 45743286 45743286 0
6 1214 rs115084361 10964015 1 -3.440641154045546e-5 10964015 10964015 0
6 8504 rs4715383 53045749 1 3.4354666543073174e-5 53045749 53045749 0
6 18201 rs1272565 156960439 1 -3.3808775295072444e-5 156960439 156960439 0
6 18791 rs12202396 162597463 1 -3.2518270488246645e-5 162597463 162597463 0
6 13518 rs9374013 108381347 1 -3.2222209807592534e-5 108381347 108381347 0
6 17904 rs11752884 154159710 1 -3.0919269932431225e-5 154159710 154159710 0
6 8013 rs4715004 47363213 1 3.0303585178868433e-5 47363213 47363213 0
6 15953 rs9493873 134576511 1 -2.996911341464228e-5 134576511 134576511 0
6 349 rs744375 3349908 1 2.990280362744449e-5 3349908 3349908 0
6 5798 rs28362681 32370879 2 -2.952264157921828e-5 32370879 32370879 0
6 17065 rs9497824 147941453 1 -2.843976942970212e-5 147941453 147941453 0
6 837 rs6931192 7590180 1 -2.8087042325351104e-5 7590180 7590180 0
6 14159 rs1105192 116115351 1 2.8077055531207097e-5 116115351 116115351 0
6 8959 rs9396162 55766417 1 2.679120117081511e-5 55766417 55766417 0
6 8188 rs500032 49766526 1 2.6361538331287243e-5 49766526 49766526 0
6 8068 rs9357565 47881668 1 -2.48890822510997e-5 47881668 47881668 0
6 16467 rs1335295 141747538 1 -2.485466985803554e-5 141747538 141747538 0
6 11106 rs10455408 83378048 1 2.4287264661391743e-5 83378048 83378048 0
6 6644 rs2495971 33929065 1 -2.351216650766327e-5 33929065 33929065 0
6 6685 rs4713813 34530165 1 2.2785031192266654e-5 34530165 34530165 0
6 2785 rs12200455 23922624 2 2.27074143000763e-5 23922624 23922624 0
6 15222 rs9388489 126698719 1 -2.163686905015897e-5 126698719 126698719 0
6 13119 rs7740196 104031885 1 2.1263131193566955e-5 104031885 104031885 0
6 12188 rs554089 93678513 1 -2.114256973710871e-5 93678513 93678513 0
6 1309 rs17401908 11721455 1 2.0908736473141285e-5 11721455 11721455 0
6 18039 rs9478638 155648495 1 2.0356337181812764e-5 155648495 155648495 0
6 13625 rs2145144 110007258 1 2.008438821005249e-5 110007258 110007258 0
6 9674 rs7747549 69629187 1 -1.9756872918472164e-5 69629187 69629187 0
6 16826 rs17074224 145123326 1 -1.9716278315437773e-5 145123326 145123326 0
6 3846 rs2523447 29532739 1 1.947162082427002e-5 29532739 29532739 0
6 481 rs6907555 4539480 2 -1.944560181565385e-5 4539480 4539480 0
6 18984 rs9306 163736204 1 -1.9293656236295017e-5 163736204 163736204 0
6 9565 rs6911763 68317796 1 1.906785202471464e-5 68317796 68317796 0
6 15686 rs1044548 132211763 2 -1.8906104693593813e-5 132211763 132211763 0
6 19860 rs3012372 170567708 1 -1.82858600316091e-5 170567708 170567708 0
6 6322 rs1062481 33037611 1 1.809208704430503e-5 33037611 33037611 0
6 14108 rs9387329 115733360 1 -1.8074019524200213e-5 115733360 115733360 0
6 15077 rs4478425 124677633 1 1.8016459542182507e-5 124677633 124677633 0
6 6778 rs2076167 35391787 2 1.7817898638329815e-5 35391787 35391787 0
6 11603 rs9450716 88202841 1 1.498355571548935e-5 88202841 88202841 0
6 12143 rs2730835 93279039 1 1.2667183414393392e-5 93279039 93279039 0
6 17225 rs9377167 149175496 1 1.1102636985767414e-5 149175496 149175496 0
6 12989 rs1222956 102166559 1 -1.1079014799689838e-5 102166559 102166559 0
6 19196 rs9355525 165398137 1 -1.0925746002006023e-5 165398137 165398137 0
6 4428 rs1419689 30370588 1 -1.074839704294696e-5 30370588 30370588 0
6 1358 rs6910367 12093331 1 9.795289677237208e-6 12093331 12093331 0
6 16509 rs6926578 142074024 1 -9.1192120053754085e-06 142074024 142074024 0
6 15877 rs1336527 133635272 1 -8.05741634012278e-6 133635272 133635272 0
6 2927 rs807517 24524704 1 -7.984483580077017e-6 24524704 24524704 0
6 537 rs12195956 5111680 1 -7.599655731169657e-6 5111680 5111680 0
6 2898 rs2244216 24466721 1 7.4280707382289086e-6 24466721 24466721 0
6 13345 rs11759048 106648764 1 6.284693396821948e-6 106648764 106648764 0
6 6957 rs7755143 36933170 1 -6.2556577748729e-6 36933170 36933170 0
6 18385 rs9295089 159463964 1 5.97589871824242e-6 159463964 159463964 0
6 11812 rs2273238 90326360 1 -5.439898862644442e-6 90326360 90326360 0
6 9682 rs1932618 69666684 1 5.263844230978604e-6 69666684 69666684 0
6 18688 rs7766508 161793319 1 4.994590560911664e-6 161793319 161793319 0
6 17116 rs3861441 148264511 1 4.617148507694322e-6 148264511 148264511 0
6 13353 rs2787538 106735484 1 4.28538237633248e-6 106735484 106735484 0
6 19599 rs2147457 168810725 1 -3.07936245108618e-6 168810725 168810725 0
6 13265 rs6902999 105759546 1 2.614390685730612e-6 105759546 105759546 0
6 3358 rs7755577 27171437 1 -2.6098299994703346e-6 27171437 27171437 0
6 16269 rs17568867 138608212 1 -2.496989859724261e-6 138608212 138608212 0
6 8698 rs41276062 54191686 1 -1.983928137507031e-6 54191686 54191686 0
6 6783 rs1053049 35395618 1 1.274029589125527e-6 35395618 35395618 0
6 749 rs2294461 6614501 1 9.889928449759472e-7 6614501 6614501 0
6 15351 rs7754832 129039345 1 -2.671860105422846e-7 129039345 129039345 0
6 19594 rs4292501 168719924 1 2.350858817669573e-7 168719924 168719924 0
6 5648 rs3096691 32194854 1 7.56640279953221e-15 32194854 32194854 0
6 6387 rs3130237 33097561 1 3.042618030741489e-15 33097561 33097561 0
6 3855 rs362510 29540745 1 2.748747598921519e-15 29540745 29540745 0
6 16617 rs12203708 143173828 1 1.1514222857739633e-15 143173828 143173828 0
6 219 rs1883588 2374888 1 1.1459236919905304e-15 2374888 2374888 0
6 6879 rs566742 36395668 1 8.268739717395926e-16 36395668 36395668 0
6 260 rs12203132 2666549 1 6.866966169109127e-16 2666549 2666549 0
6 9274 rs9342465 66006148 1 5.596197841157773e-16 66006148 66006148 0
6 16686 rs4142501 143904692 1 4.766554359693648e-16 143904692 143904692 0
6 14900 rs7765860 122957748 1 3.6932358781763455e-16 122957748 122957748 0
6 14103 rs4544945 115230419 1 2.737837758445138e-16 115230419 115230419 0
6 4547 rs28986465 30680562 1 1.2677363007422824e-16 30680562 30680562 0
6 6389 rs6901221 33098276 1 1.2076261430134964e-16 33098276 33098276 0
6 6880 rs9470278 36399239 1 1.0610696797261567e-16 36399239 36399239 0
6 482 rs9504143 4540433 1 6.636084693902865e-17 4540433 4540433 0
6 12330 rs442124 95004698 1 4.300732336598259e-17 95004698 95004698 0
6 4548 rs2075015 30680608 1 2.9598535945703656e-17 30680608 30680608 0
6 4530 rs2285321 30637998 1 2.2417901059972814e-17 30637998 30637998 0
6 261 rs9503245 2666848 1 7.297126585611592e-18 2666848 2666848 0
6 4532 rs9468805 30643709 1 3.202557294281831e-18 30643709 30643709 0
