CHR Group SNP.lead BP.lead Size W BP.min BP.max BP.width
6 1130 rs660895 32577380 1 0.13769352758012535 32569691 32578052 8361
6 1129 rs12529318 32434314 3 0.12514015324478864 32428285 32438648 10363
6 1133 rs7774434 32657578 3 0.11764960264573214 32650809 32658079 7270
6 1175 rs9277489 33053942 3 0.07776923529376596 33047031 33055538 8507
6 1176 rs2281389 33059796 2 0.07438499594151929 33056694 33074908 18214
6 1069 rs2523544 31333562 1 0.06753185302500282 31331829 31341379 9550
6 1037 rs2233976 31079994 2 -0.04955748786722767 31079643 31081409 1766
6 1185 rs2229784 33136310 2 -0.04346012664824134 33136310 33142539 6229
6 1092 rs915653 31657047 11 0.043252000545579 31578772 31669295 90523
6 1050 rs3130685 31206206 2 -0.0383203082228102 31202246 31206979 4733
6 1146 rs2621338 32776583 5 -0.03711923578563055 32762391 32786068 23677
6 4398 rs3093024 167532793 2 0.03677437742725505 167524743 167537594 12851
6 1174 rs2308931 33036950 5 0.03572847852190955 33025493 33042880 17387
6 1300 rs9357239 37060809 1 0.03422302840185603 37060809 37060809 0
6 2868 rs9481173 111964747 3 -0.03342427504083037 111955435 111965272 9837
6 935 rs200486 27779506 5 -0.03231067357168107 27771684 27840926 69242
6 2335 rs2754266 88421485 1 -0.03127588118673431 88421485 88421485 0
6 1180 rs3117016 33095516 4 0.03112984956411588 33094869 33097614 2745
6 3474 rs6920220 138006504 4 0.02979027157986608 138001204 138022540 21336
6 1419 rs10807248 40844002 1 -0.02969764746251432 40844002 40863535 19533
6 583 rs236968 16583147 2 0.02953211216120931 16570089 16583147 13058
6 1036 rs1064190 31075115 5 -0.02939393003271057 31058178 31079264 21086
6 3445 rs6912539 137108757 1 0.02908234131313376 137108757 137108757 0
6 1457 rs12208813 42025318 2 0.02877353333388786 42018883 42025318 6435
6 1440 rs16894733 41460739 1 0.0275035155746232 41460739 41460739 0
6 1152 rs9357155 32809848 1 0.02709286660272362 32806121 32814975 8854
6 2742 rs535490 106564434 1 0.02680707953889694 106564434 106564434 0
6 506 rs12529514 14096658 2 0.02545813299418387 14096658 14105768 9110
6 1540 rs660953 44645943 1 0.02531337906785663 44645736 44659586 13850
6 2116 rs9343469 77288517 1 0.02481272665146513 77284830 77291161 6331
6 1569 rs3777594 45933157 1 0.02480014725755001 45933157 45933157 0
6 1110 rs1475961 32194609 2 0.02371563447896725 32192331 32195017 2686
6 1184 rs3130161 33125858 1 0.0228001045152899 33121678 33131734 10056
6 635 rs9297068 18353562 2 0.02275124129343728 18336777 18353562 16785
6 2477 rs538751 93848400 2 -0.02242989334216038 93833436 93852252 18816
6 3758 rs6570947 149469655 1 -0.02235555930438993 149450724 149472075 21351
6 4185 rs1893895 162440687 2 0.02235230387662606 162440687 162445941 5254
6 1483 rs3805931 43089429 2 0.02210007940807324 43063516 43096199 32683
6 2270 rs9449802 84853623 1 -0.02209548312477714 84829622 84856409 26787
6 3787 rs11963544 150549998 1 0.02209109674776392 150541658 150550973 9315
6 103 rs2165125 2934641 1 0.02169048165230272 2934641 2937347 2706
6 431 rs1883326 11818316 3 0.02108686631287781 11806433 11825414 18981
6 3074 rs4946572 121809450 5 0.02070746363964778 121790695 121809450 18755
6 2204 rs1436876 81228527 3 -0.02047038275764959 81228527 81274336 45809
6 3473 rs2327832 137973068 1 0.0197820751889401 137967214 137997995 30781
6 840 rs12211300 24161869 1 -0.01967003314501204 24157375 24167807 10432
6 243 rs9405920 6397716 1 0.01914801716091389 6397716 6397716 0
6 3580 rs765875 143185683 3 0.01914168582106453 143172013 143201273 29260
6 1492 rs1096699 43528441 3 0.01906788054892948 43479067 43582584 103517
6 1083 rs4413654 31441349 2 0.01886307934403357 31440082 31443323 3241
6 687 rs2457345 20089466 1 0.01870104104358592 20084591 20089466 4875
6 1283 rs6457940 36663357 3 0.01869577295181521 36663357 36667610 4253
6 1067 rs2523608 31322559 3 0.01865854682730101 31322121 31327334 5213
6 2241 rs9449501 83284573 2 0.01814134989179816 83284573 83316216 31643
6 1111 rs495089 32197463 1 -0.01802377822952849 32195988 32205942 9954
6 1169 rs423639 32987774 1 0.01781716941074604 32979609 32988049 8440
6 1377 rs1328388 39379854 1 0.01736365577710476 39379854 39391436 11582
6 2812 rs471422 109138491 1 -0.01735062631073525 109132221 109148253 16032
6 3454 rs17066096 137452908 1 0.017320797272053 137452908 137452908 0
6 4074 rs3123093 159171342 2 -0.01725794740916202 159155998 159171342 15344
6 2409 rs284513 91208693 2 -0.01657013598275695 91204289 91208693 4404
6 4313 rs7748041 165871066 3 -0.01655678342000926 165852979 165871066 18087
6 4316 rs576853 165943163 2 0.01581596176059543 165943163 165946772 3609
6 3479 rs643177 138195693 4 0.01560810354017645 138190154 138222510 32356
6 1572 rs2179994 45991569 3 0.01551096623774482 45991518 45992333 815
6 980 rs1633005 29764472 2 0.01544052139547958 29733701 29765087 31386
6 1845 rs9350811 63969495 2 -0.01543369564173505 63967017 63988362 21345
6 2876 rs9384814 112207195 1 0.01496873595837629 112184621 112218167 33546
6 1428 rs2803492 41191221 1 -0.01490869843123483 41181489 41196727 15238
6 2408 rs6911698 91188927 4 0.01486542290273478 91176901 91188927 12026
6 2985 rs9489193 117769728 1 0.01476826365801815 117769728 117778588 8860
6 3134 rs4310075 124332238 2 0.01476557668042186 124328531 124333162 4631
6 2376 rs2236204 90025112 1 0.01467862283707381 90025112 90032942 7830
6 1262 rs9368895 35913096 1 0.01460074015832531 35855286 35913096 57810
6 2060 rs2073465 74229792 2 0.01449718895219605 74194928 74238815 43887
6 2333 rs2307389 88318883 1 0.01449361339724209 88239266 88338752 99486
6 2401 rs370409 90921740 1 0.01444836616687725 90912594 90929696 17102
6 1792 rs4715555 55448610 2 -0.01426488191969558 55443352 55456654 13302
6 2658 rs17062729 102432315 4 0.01414923369581009 102432315 102482848 50533
6 2244 rs287822 83397096 2 -0.01414637065943735 83397096 83412391 15295
6 2212 rs12525920 81619103 2 -0.01393278551790499 81578293 81639336 61043
6 2747 rs633724 106734040 4 0.01374487024785417 106727215 106770668 43453
6 2281 rs6935503 85234404 2 0.01349061758697673 85225179 85266965 41786
6 3204 rs719727 127414838 2 0.01348150429843547 127412728 127414838 2110
6 2935 rs1011910 114417219 1 0.01333183631351243 114417219 114447603 30384
6 4143 rs35533223 161508880 3 -0.01330209134798187 161495658 161541909 46251
6 1135 rs11752643 32669373 2 0.01326857002523116 32668296 32672082 3786
6 2257 rs9449593 83932731 3 0.01322043386310559 83928135 83972313 44178
6 3346 rs9321348 132864548 5 -0.01301457112409223 132854616 132880648 26032
6 1147 rs2621323 32788707 2 0.01300543336698312 32787056 32795032 7976
6 1020 rs3130667 30743241 3 0.0130023162421212 30735105 30747216 12111
6 4319 rs720701 166011637 2 -0.01294219668038484 166007287 166011637 4350
6 3055 rs2789019 121151328 2 -0.01293654191159907 121126482 121151328 24846
6 3429 rs9376124 135979220 1 0.01284110466578629 135979220 136001003 21783
6 4002 rs6920311 156261012 4 -0.01278369564149541 156234522 156265573 31051
6 3512 rs9376387 139285630 2 0.01265975390439712 139244774 139294798 50024
6 3417 rs11549504 135286230 2 0.01264666260143269 135281795 135358904 77109
6 2300 rs9359645 85992024 1 -0.01264096554709792 85992024 85992024 0
6 1964 rs1817255 70305899 1 -0.0126121504822442 70305899 70312551 6652
6 1809 rs2038144 56204780 1 -0.0125866385235582 56204780 56204780 0
6 716 rs9465914 20836213 1 -0.01257868176118104 20829772 20844151 14379
6 292 rs2876098 7374207 2 0.01247553722849916 7374207 7432983 58776
6 2353 rs990060 89074336 1 0.01234260763477139 89069402 89075687 6285
6 306 rs2068361 7736743 1 0.01214193342940565 7736743 7736743 0
6 1707 rs364932 52801687 4 -0.01206698540167501 52774463 52801687 27224
6 3121 rs7749215 123869906 1 0.01205526233200785 123868992 123869906 914
6 2016 rs1932327 72454176 2 -0.01195042093025066 72453473 72454176 703
6 3596 rs2128977 143846791 1 0.01184457667720229 143842099 143851294 9195
6 4237 rs10455922 163723545 2 -0.01172454350448302 163722268 163725498 3230
6 3511 rs1188873 139221850 2 0.01168501093917301 139213276 139229872 16596
6 1182 rs2294478 33098966 1 0.01166973445975033 33098569 33104175 5606
6 882 rs9379751 25292214 4 0.01161364603722369 25292214 25319626 27412
6 2431 rs10944534 91994620 5 0.01153143241616823 91939989 91995736 55747
6 1536 rs561160 44579789 3 0.01152163659127167 44575446 44586363 10917
6 4412 rs9346745 167826664 4 -0.01148031840370238 167824688 167833557 8869
6 1841 rs4710390 63665146 2 -0.01145428920914114 63665146 63710146 45000
6 2386 rs9362681 90476452 2 0.01144081085217798 90432621 90499502 66881
6 4106 rs7754295 160061229 1 0.01142613838904858 160061229 160067287 6058
6 4042 rs675658 158101911 2 0.01136951795421073 158097475 158101911 4436
6 4077 rs10945563 159282859 2 0.01136065071053376 159277326 159299216 21890
6 2743 rs9480642 106574892 2 0.01130084422507339 106568034 106576986 8952
6 4259 rs6914455 164311616 2 0.01129698373630837 164292513 164316375 23862
6 2324 rs1324433 87698758 2 0.01127759273431662 87698758 87732983 34225
6 2383 rs6454764 90310966 1 -0.01127071021123201 90296588 90316178 19590
6 1095 rs2763979 31794592 2 0.01126135572382789 31748820 31834197 85377
6 880 rs6940230 25247120 3 0.01120131817640785 25225513 25247120 21607
6 1774 rs10456181 55040696 3 0.01113740947498505 55033223 55041811 8588
6 911 rs806794 26200677 3 -0.01113695449069378 26184617 26202337 17720
6 1919 rs12202269 67951164 1 -0.01112378890259776 67931943 67965720 33777
6 943 rs1416920 28302784 4 -0.01102131545171802 28299687 28321544 21857
6 2234 rs884656 82767410 1 0.01100090619910936 82763865 82776291 12426
6 4242 rs9347738 163769090 2 0.01097325050660582 163769090 163769090 0
6 2758 rs3747787 106967778 3 0.01097240800383424 106967185 106970540 3355
6 1371 rs9471080 39320088 2 0.01094377947056558 39309875 39320088 10213
6 1960 rs1321980 70003609 2 0.01083966527994293 70002111 70018250 16139
6 3449 rs2153893 137295402 2 0.01083070871614712 137288483 137298126 9643
6 3940 rs1293928 154640746 3 0.0108247329682313 154630541 154640746 10205
6 2110 rs6900948 76876104 2 0.01080914084404581 76863568 76876104 12536
6 843 rs1856839 24193869 1 -0.01078329928238924 24188947 24195759 6812
6 782 rs10485010 22600492 2 0.01075025293409639 22571323 22608225 36902
6 676 rs9350175 19756008 2 -0.01073926070201132 19752263 19762411 10148
6 1620 rs7740768 47788531 2 0.01073730794141272 47785831 47788531 2700
6 1995 rs1418677 71788265 1 0.01073439778819693 71763859 71793334 29475
6 4344 rs10946116 166480503 2 0.01070383999433968 166474887 166487606 12719
6 2485 rs1492964 94031097 1 0.01069962377242974 94029815 94031097 1282
6 3890 rs2623958 152841248 1 0.01065944591110801 152831067 152841248 10181
6 4218 rs11968371 163291953 1 -0.01065604867054792 163287279 163291953 4674
6 2709 rs2211033 104992395 1 0.01064239856208408 104983785 105003652 19867
6 2707 rs1341124 104925991 2 -0.01050781587458101 104910848 104930625 19777
6 4411 rs7767627 167822221 2 0.01045253837564472 167817656 167822221 4565
6 1016 rs3094104 30609629 1 0.0104414481961204 30544401 30628252 83851
6 1277 rs2234080 36336764 1 0.01041198901581972 36326298 36336764 10466
6 3192 rs584032 126165003 2 0.01033085361144789 126151000 126211659 60659
6 1747 rs991286 54166054 6 0.01033066201384488 54164079 54173413 9334
6 573 rs6933491 16268408 5 -0.0103180607738093 16268059 16289328 21269
6 1741 rs1409098 53882340 4 -0.01029076770766872 53877181 53889975 12794
6 3432 rs6570053 136217299 1 -0.01025797930799552 136217299 136217299 0
6 3480 rs9376307 138283265 2 -0.01024341437049659 138275769 138283265 7496
6 1017 rs2269702 30675135 8 0.01023791577175541 30631063 30681980 50917
6 3327 rs9493120 132213001 4 0.01022591931718627 132208285 132213001 4716
6 37 rs9501682 1067284 1 0.01021602530032394 1063883 1067284 3401
6 4314 rs471544 165901124 2 -0.01021549440508994 165901124 165920969 19845
6 3586 rs3804528 143400092 3 0.01017839992691794 143400092 143437284 37192
6 4278 rs6915442 164663686 1 0.01002732451473036 164663686 164670331 6645
6 571 rs6926350 16209140 1 0.01001731619616317 16203561 16209140 5579
6 3608 rs1015340 144035357 2 0.00999460024367901 144035357 144038185 2828
6 214 rs6924018 5723227 2 -0.00997020546564802 5723227 5723227 0
6 1073 rs6903496 31352774 1 0.00995515520940312 31351764 31355318 3554
6 4421 rs902393 168463624 1 0.00986309243719532 168463624 168469718 6094
6 634 rs9477700 18330781 2 0.00976076024084706 18323876 18330781 6905
6 2622 rs7751526 100949822 1 -0.0097260902427645 100932409 100949822 17413
6 309 rs927402 7810225 2 -0.00967385968953593 7810021 7825257 15236
6 1892 rs9453597 66826432 1 0.00962389911150278 66796668 66829413 32745
6 2026 rs41265489 72809641 3 0.0096064119797136 72806978 72825419 18441
6 2107 rs1540999 76695323 3 0.00959627339468951 76695323 76710341 15018
6 968 rs362511 29530850 1 0.00958875910743244 29517093 29530850 13757
6 2717 rs7769944 105547105 1 0.00947779849826782 105547105 105552470 5365
6 4173 rs7760443 162172718 1 0.00935397458497073 162172718 162172718 0
6 2392 rs10806414 90665969 1 0.00931095329402294 90664582 90669325 4743
6 3268 rs9375674 130216510 4 0.00930389955262124 130216510 130242858 26348
6 3777 rs9478409 150385886 1 -0.00922023203044964 150382573 150385886 3313
6 368 rs855398 10047914 1 -0.00916086922710168 10047914 10047914 0
6 2315 rs6919366 87113172 5 0.00912360996057653 87078175 87113172 34997
6 4443 rs4708745 168911620 3 -0.0091021333040555 168911377 168917870 6493
6 2501 rs515814 94845639 1 0.00898475920840027 94842774 94845639 2865
6 485 rs497505 13355485 1 -0.00897633736845824 13355485 13355485 0
6 1148 rs241443 32797115 7 0.00897354995159257 32795706 32797809 2103
6 2048 rs12203617 73672548 3 0.00894951982149158 73663745 73717568 53823
6 4188 rs6917371 162506568 1 -0.0089406272564352 162506568 162514407 7839
6 2774 rs10457161 107505241 2 -0.00893007566838819 107493418 107505241 11823
6 1089 rs1800750 31542963 3 0.00892386421135827 31515799 31545391 29592
6 4130 rs7758229 160840252 1 -0.00888080772001469 160840252 160848167 7915
6 4076 rs6924755 159264974 1 0.00885717285512649 159257004 159264974 7970
6 2545 rs9398152 97063724 2 -0.00884828371978565 97063724 97077504 13780
6 2693 rs10872782 104290530 2 -0.00876864281897203 104276001 104290530 14529
6 3620 rs11155342 144412107 2 -0.00876563734952486 144402945 144417730 14785
6 3397 rs6569937 134620673 2 0.00874748136639976 134620673 134620673 0
6 4396 rs4709142 167407584 1 0.00874410756330236 167373708 167438276 64568
6 1029 rs540165831 30981715 2 0.00873463740151603 30940989 30984404 43415
6 1104 rs2071292 32155948 2 -0.00871491329819316 32154285 32161430 7145
6 3328 rs4897553 132234136 3 0.00870886643013601 132228577 132234136 5559
6 760 rs6909060 21986847 2 0.00867700833740073 21986847 21987230 383
6 2013 rs717519 72351393 2 -0.00859825900376988 72300534 72365557 65023
6 1427 rs11962624 41176759 1 -0.00858165509358394 41171213 41176759 5546
6 678 rs1047014 19841493 1 0.0085758388698948 19841493 19841493 0
6 3778 rs789830 150408096 1 -0.0085583172160235 150408096 150409072 976
6 1914 rs1349813 67801858 1 0.00848815082271135 67792729 67822272 29543
6 1136 rs9275524 32675109 2 0.0084771848269887 32675109 32681631 6522
6 4075 rs6455604 159215408 1 0.00841010730937102 159210126 159239004 28878
6 750 rs1322884 21753645 1 0.0083525584219509 21753645 21753645 0
6 2441 rs1761783 92401171 2 0.00831342261928991 92401171 92426566 25395
6 3030 rs7757317 119753856 2 0.00829607954168942 119748232 119756937 8705
6 1626 rs676219 48287248 2 0.00829011752303907 48282842 48288536 5694
6 2770 rs908819 107307003 1 0.00828393334148903 107307003 107307003 0
6 2285 rs215939 85466286 1 0.00826771901667522 85396512 85466286 69774
6 2746 rs6920944 106637575 4 0.00825852422311154 106631780 106687379 55599
6 2733 rs7766016 106282402 1 0.00815347119694663 106282402 106292430 10028
6 591 rs3812227 16741886 2 -0.00814032651183349 16741886 16742033 147
6 285 rs1334576 7211818 2 0.00813458133461985 7211751 7217517 5766
6 1455 rs6921368 41980666 2 0.00810732937136407 41980666 41980666 0
6 171 rs437875 4666878 2 0.00809765278430737 4662666 4666878 4212
6 2294 rs6931497 85793173 2 -0.00808703927998469 85782095 85810298 28203
6 3319 rs6901900 132012886 3 -0.00802853980073938 131995313 132051395 56082
6 1562 rs7746680 45777347 1 -0.00801363084742981 45777347 45777347 0
6 2965 rs549262 116753995 2 -0.00795109908594547 116729779 116760990 31211
6 526 rs9476591 14579439 1 0.00793177628150412 14560180 14597572 37392
6 3430 rs4896180 136109831 3 0.00783013345534948 136064441 136109831 45390
6 1118 rs570963 32289594 2 0.00781064928269145 32289318 32337686 48368
6 1593 rs9367260 46914760 1 -0.00775594741295778 46910415 46928442 18027
6 1165 rs194682 32914613 2 -0.00774366817123235 32911127 32937901 26774
6 1997 rs6936371 71882094 1 -0.00759847057922993 71860000 71882094 22094
6 142 rs9328207 3944564 1 0.00754382615718405 3944564 3944564 0
6 2124 rs985454 77490717 1 -0.00753172506818176 77481958 77490717 8759
6 1975 rs3806014 70795455 4 0.0075124020956953 70784746 70807603 22857
6 2726 rs9398033 106009443 2 0.00745659170925386 106006230 106009443 3213
6 1235 rs41312309 34498328 2 0.00738671762205865 34498328 34505194 6866
6 2253 rs2149537 83698770 3 0.00731894690943729 83666480 83698770 32290
6 1422 rs742493 40998167 1 0.00729995099492705 40986623 41008747 22124
6 3336 rs1358771 132451644 2 -0.00728634566170162 132450342 132460724 10382
6 2537 rs4629693 96581274 1 -0.00723550228318461 96572748 96586116 13368
6 3743 rs9377167 149175496 1 -0.00713892335831652 149175496 149175496 0
6 1236 rs13194133 34532922 3 0.00713142804483592 34527019 34540022 13003
6 1395 rs1077330 40225869 2 -0.0070860974672319 40217930 40225964 8034
6 2951 rs4304201 115940684 2 0.00708319356902623 115905297 115946279 40982
6 1287 rs7762245 36716229 3 0.00704715191382505 36713858 36720758 6900
6 998 rs3869070 30023868 1 0.00702077440972917 30015167 30058988 43821
6 47 rs2252693 1277151 1 0.00699266366801648 1277151 1277151 0
6 164 rs4959299 4492079 1 0.00691388363084652 4491493 4492079 586
6 585 rs909788 16636461 2 0.00689814732276863 16627255 16639979 12724
6 3692 rs325129 147807143 3 0.00687880116969055 147799122 147813016 13894
6 13 rs846167 570556 2 0.00681059756431726 570556 576902 6346
6 1900 rs6924193 67157506 3 0.00675661136174471 67154649 67185712 31063
6 3469 rs526676 137891497 1 -0.00671125295394989 137876921 137891497 14576
6 2390 rs292255 90643281 1 0.00669724906321527 90643281 90646226 2945
6 3763 rs6935566 149566825 2 0.00663712488632558 149557858 149566825 8967
6 305 rs1107495 7726057 2 0.00663043525183092 7718590 7726057 7467
6 259 rs3804490 6653139 2 0.0066254869201594 6653139 6656487 3348
6 596 rs1240829 16866948 2 -0.00658993560513645 16862985 16869419 6434
6 2006 rs9346471 72137905 1 0.00658462309684849 72137905 72143093 5188
6 1451 rs2479726 41898096 2 -0.00655949416630829 41773322 41898096 124774
6 1134 rs9357152 32664960 4 -0.0065519869255475 32659878 32667119 7241
6 4270 rs206704 164528619 2 0.00653966927873902 164528407 164528619 212
6 2007 rs852961 72186990 2 0.00636714030851726 72157229 72186990 29761
6 4094 rs9365056 159807939 2 -0.00629311109375143 159805250 159808288 3038
6 272 rs7738221 6908368 2 0.00628758910340919 6908368 6908368 0
6 1748 rs1995768 54181882 2 -0.00628211134847111 54178287 54181882 3595
6 969 rs1233399 29539482 4 0.00619255330656698 29531818 29559295 27477
6 3545 rs661704 141174222 1 0.0061571761746309 141141957 141174222 32265
6 3984 rs117412760 155761166 1 -0.00614799282110384 155761166 155761166 0
6 2525 rs9493940 96218908 2 -0.00614328208321072 96193945 96218908 24963
6 1788 rs1472641 55301723 1 -0.00608358275430804 55301723 55317936 16213
6 256 rs3789766 6618373 4 0.00606853304038633 6614433 6619698 5265
6 588 rs1359067 16696724 1 0.00606781689541309 16696724 16700833 4109
6 4442 rs2749250 168905499 4 0.00604648987938549 168901739 168905583 3844
6 2462 rs9345259 93359457 1 0.00602147971504621 93293303 93359457 66154
6 3321 rs6934819 132095805 1 -0.00600392185005972 132076328 132095805 19477
6 3324 rs9388917 132136025 3 0.00597285775913892 132131601 132140491 8890
6 922 rs9348747 27002406 1 0.00596660754288953 26942027 27006475 64448
6 1849 rs1723535 64136886 3 0.00596531759072592 64136886 64139997 3111
6 1119 rs3129943 32338695 1 0.00595379916045438 32338695 32339076 381
6 2415 rs1145743 91412651 2 0.00590854863389739 91406809 91455178 48369
6 1241 rs2177380 34980601 2 0.00588604960500821 34960744 34982599 21855
6 2470 rs1572626 93582968 1 -0.00588108967089991 93576022 93616295 40273
6 1947 rs6455286 69238598 3 0.00587862714001404 69237307 69285887 48580
6 374 rs6900553 10231925 1 -0.0058607631412072 10231925 10235805 3880
6 227 rs640887 6037327 5 0.00585473319156977 6027082 6054401 27319
6 1149 rs1800454 32800412 1 -0.00583707228671594 32798711 32803316 4605
6 1673 rs2397060 51611470 1 0.00583084439352061 51579595 51613177 33582
6 607 rs1408299 17154680 4 0.00579485652656411 17154680 17213063 58383
6 2328 rs932742 87804685 1 0.00579281944932321 87798512 87814241 15729
6 4423 rs6455484 168506045 1 0.00577963260298882 168506045 168515674 9629
6 434 rs9462378 12025801 6 -0.00577667227691947 11982461 12035329 52868
6 1010 rs6905389 30319930 1 -0.00577081697375367 30319930 30323623 3693
6 2282 rs4438935 85286776 1 0.00574934287938237 85286776 85329139 42363
6 4338 rs11756707 166303168 5 0.00574514044382542 166299347 166310842 11495
6 3213 rs9491849 127945200 2 0.00569567148470029 127923526 127945200 21674
6 3446 rs17065704 137214826 1 0.00568114416063535 137214826 137234163 19337
6 2875 rs11961774 112155473 3 0.00567523166815629 112152415 112175517 23102
6 769 rs6924146 22238088 1 0.00566711116991244 22238088 22238088 0
6 1474 rs3749898 42640726 4 -0.00564977377884942 42559926 42659979 100053
6 2795 rs17854547 108214694 1 0.00562439635151987 108214694 108262363 47669
6 3178 rs9482645 125672037 1 0.00558831417571212 125672037 125672037 0
6 3241 rs17056876 129483375 1 0.00557948743447706 129483375 129507909 24534
6 2959 rs9320552 116310336 1 0.00557045958864992 116310336 116311701 1365
6 1418 rs12196881 40828945 2 -0.00556808237345134 40828945 40839428 10483
6 1004 rs1557608 30118582 1 -0.00556425997331289 30101656 30121185 19529
6 4358 rs9365980 166661420 2 0.00555304716305879 166654968 166661420 6452
6 1024 rs3095345 30822413 1 0.00555004933905799 30800577 30877202 76625
6 2445 rs12526373 92669376 1 0.00553476315158813 92669376 92712609 43233
6 3530 rs6913354 139862246 2 0.00552976356681829 139851661 139862246 10585
6 3536 rs6912263 140017022 2 -0.00552312104012093 140016409 140018024 1615
6 3666 rs12200797 146615383 1 0.00550163198740197 146543192 146652354 109162
6 3528 rs2908513 139821622 1 -0.00547557039491629 139806747 139822327 15580
6 4422 rs9364220 168490568 2 0.00546832927807121 168490568 168491848 1280
6 4409 rs2981984 167767987 1 0.00545098699254785 167765251 167770736 5485
6 1053 rs7747738 31230924 2 0.00541466435439374 31229644 31237779 8135
6 2732 rs12660517 106255713 1 0.00537353606350815 106255713 106257938 2225
6 3360 rs6912746 133256495 3 -0.00536162811413934 133236406 133256495 20089
6 1825 rs7758052 57710238 1 0.00534783232887426 57646913 57712617 65704
6 3709 rs3861441 148264511 4 -0.00532357353885038 148252713 148268026 15313
6 2946 rs4400248 115230047 2 0.00532162295613348 115194099 115235605 41506
6 1936 rs2340741 68731635 1 -0.00531685992878598 68722068 68739602 17534
6 433 rs11963539 11969231 2 0.00529885726005675 11959888 11976739 16851
6 3529 rs668459 139835689 3 0.00529247622931952 139834012 139835689 1677
6 4325 rs7738923 166077866 1 0.00527518971102264 166077866 166077866 0
6 18 rs17136239 656343 3 0.00524629428071757 654482 665448 10966
6 4 rs7757906 412741 1 0.00524484529372575 405873 412741 6868
6 3099 rs9375186 123131515 1 0.00518164626771711 123131515 123131515 0
6 3985 rs6919626 155766362 2 0.00514863312684616 155766362 155766944 582
6 538 rs12201053 15015659 1 -0.00513863380203227 15015659 15015659 0
6 3014 rs902780 119108363 1 0.00506499130511991 119108363 119108363 0
6 874 rs4712872 24990786 1 -0.00502998435532625 24990786 24990786 0
6 1046 rs3130503 31137165 1 0.00501151981664941 31134888 31141523 6635
6 629 rs4380756 18072657 1 -0.00499985256798174 18060307 18088988 28681
6 1173 rs429073 33001735 4 0.00493239047361947 33001735 33016728 14993
6 1592 rs6927483 46889577 3 0.00492641013279876 46868763 46889577 20814
6 77 rs335963 2248825 3 -0.00492623269638887 2236926 2251141 14215
6 1279 rs1061632 36457484 4 0.00492130570964546 36393816 36457484 63668
6 482 rs9296642 13298184 1 -0.00490480513627392 13296206 13311823 15617
6 3052 rs1933809 120992849 1 -0.00489267725961603 120955813 120997943 42130
6 1720 rs1429143 53264485 1 -0.00485802864738317 53264485 53264485 0
6 3187 rs1342698 125940941 1 0.00481116648294211 125940188 125944755 4567
6 4003 rs4363050 156299960 2 -0.00478972032534144 156299960 156301726 1766
6 2035 rs2149528 73220254 1 0.00475741080105585 73204913 73239297 34384
6 3219 rs761332 128287848 2 -0.00475556368373421 128284771 128295502 10731
6 4087 rs7772013 159528254 1 -0.00474264196683512 159528254 159528254 0
6 4487 rs9383480 170193459 2 0.00473943656461927 170190659 170208204 17545
6 580 rs9396676 16460906 2 0.00467939323751114 16460906 16468304 7398
6 3231 rs7744000 129037359 1 0.00466625294051665 129022203 129039345 17142
6 504 rs9296918 14073320 1 0.00465320393008138 14073320 14075513 2193
6 3904 rs687508 153406657 7 0.00464080746816425 153367910 153407553 39643
6 4322 rs2983500 166034053 1 0.00462306866208049 166020095 166034053 13958
6 1879 rs9360139 66284186 1 0.00461686455973737 66258778 66285958 27180
6 645 rs980959 18733216 2 -0.00460997930801695 18733216 18767825 34609
6 3341 rs2876186 132728085 1 0.00458909823113118 132728085 132735020 6935
6 360 rs4716001 9810702 1 -0.00457761129133723 9789093 9810702 21609
6 1482 rs141065679 43017190 2 -0.00456574954701313 43013662 43057581 43919
6 1704 rs7746808 52598598 2 -0.00452722184704132 52598501 52604054 5553
6 2539 rs17056459 96658670 3 -0.0045133790749937 96612930 96689890 76960
6 590 rs598908 16740750 1 -0.00449724335597385 16727712 16740750 13038
6 3564 rs138994608 142400020 1 -0.0044843116356288 142396790 142445656 48866
6 315 rs365936 7920904 2 0.00448174257609516 7920904 7924658 3754
6 628 rs4716213 18052449 1 0.00446938231852281 18038081 18056273 18192
6 1338 rs17614684 38522630 2 -0.00445491585240819 38487026 38522630 35604
6 4365 rs6925364 166830696 1 0.00445375380256626 166830696 166830696 0
6 441 rs9380902 12201764 1 0.00443702357703777 12196910 12201764 4854
6 3648 rs9399525 145313726 1 0.00437927491595669 145313726 145315238 1512
6 1595 rs1873318 46966274 2 0.00437134008343093 46957625 46985955 28330
6 4036 rs9478751 157441050 2 -0.00434585249237232 157439183 157442540 3357
6 1701 rs10948711 52510665 1 -0.00431184489123468 52501918 52510665 8747
6 2352 rs9362478 88989087 2 0.00429479751914153 88978312 89033459 55147
6 69 rs9328072 1828165 1 0.00428551737391316 1828165 1828165 0
6 4414 rs35140809 168297647 2 0.00428086909134927 168297435 168329404 31969
6 146 rs12110567 4016348 1 0.00424775006653651 4011912 4016348 4436
6 3394 rs4896028 134539179 1 0.00421424161738228 134539179 134539179 0
6 1582 rs2277119 46609905 1 -0.00416973288173446 46603687 46609905 6218
6 927 rs2281023 27277665 4 -0.00415992444941654 27261324 27293107 31783
6 4113 rs3798201 160403788 4 -0.0041351885146027 160402705 160425247 22542
6 1411 rs9349160 40600642 1 -0.00409024224294926 40600042 40603020 2978
6 1493 rs7775611 43652770 2 0.00407726098326493 43645833 43652770 6937
6 430 rs4711432 11799148 2 -0.00404814037191256 11799148 11799148 0
6 2984 rs9374658 117741495 1 -0.00400995843947272 117741446 117760579 19133
6 3792 rs9397900 150665752 1 0.00400655195803795 150665752 150673177 7425
6 4390 rs2178806 167218762 2 0.00398051882099611 167218762 167226226 7464
6 636 rs10949509 18441624 2 0.00397873807753201 18424299 18446747 22448
6 712 rs6928012 20728513 1 -0.00397688108532126 20724558 20728731 4173
6 2936 rs6908717 114489321 3 0.0039710458769419 114465074 114492599 27525
6 2012 rs9358960 72279021 2 0.00396385045679102 72250141 72289651 39510
6 1580 rs1527691 46542804 1 0.00393665295125329 46519210 46542804 23594
6 4152 rs3757037 161697400 1 0.00391495198643944 161697400 161697400 0
6 1353 rs17336909 38954145 3 0.00387278215421427 38951998 38965333 13335
6 294 rs9406039 7528113 2 0.00386811913719664 7528113 7539954 11841
6 3799 rs7769234 150751874 1 0.00385106361776717 150744999 150751874 6875
6 61 rs6909392 1689518 4 0.00380818891406618 1661570 1689518 27948
6 4286 rs9459153 165015966 4 -0.00379912742512415 164994771 165016833 22062
6 312 rs3812162 7911702 1 0.00379554422370644 7890272 7911702 21430
6 2735 rs9386491 106350725 1 0.00378950008392651 106337211 106350725 13514
6 3435 rs10080318 136293826 1 -0.00378864495463576 136270587 136293826 23239
6 1829 rs74481685 62284240 1 0.00377361387960103 62284240 62361103 76863
6 3391 rs2811676 134327815 1 0.00376978490887199 134326285 134333273 6988
6 3452 rs12214209 137378863 1 0.00376767842243999 137378863 137378863 0
6 3029 rs742962 119713746 3 0.003733415838986 119677311 119729710 52399
6 175 rs3812183 4715882 2 0.00373239273903299 4715882 4716037 155
6 1240 rs1535001 34927280 2 0.00371889121523479 34838429 34950274 111845
6 675 rs6920825 19732492 2 0.0037063785932046 19712293 19743486 31193
6 4178 rs12111115 162266376 1 -0.00367532383550594 162266376 162281168 14792
6 2225 rs194914 82432826 2 -0.00367208124150731 82424596 82432826 8230
6 3273 rs6569648 130349119 1 0.00366888193955447 130349119 130374102 24983
6 2507 rs386272 95022980 1 -0.00365249792088282 95022980 95024737 1757
6 303 rs9378503 7667453 2 -0.00364466731517649 7652173 7667453 15280
6 3350 rs4631322 132917346 2 0.00364378008648937 132915398 132925613 10215
6 219 rs1407793 5884859 2 -0.00362819506597315 5884859 5884859 0
6 578 rs10484361 16424289 1 0.00362373337958102 16420840 16425403 4563
6 2777 rs2500585 107637582 1 0.00361609368854257 107637486 107671156 33670
6 2043 rs7740606 73489110 3 0.00360264603966043 73478625 73489110 10485
6 4403 rs7761658 167644277 1 0.00360140123223588 167634544 167644277 9733
6 225 rs582186 6001381 1 -0.00359769367885586 5995651 6001381 5730
6 121 rs3813477 3398623 2 0.0035884560029452 3398623 3398623 0
6 1168 rs381218 32977420 2 0.00355311173810948 32973743 32979020 5277
6 2510 rs9354114 95080580 1 -0.00352789978761093 95080580 95089937 9357
6 1917 rs9360275 67895080 3 -0.0035200093356973 67866601 67895080 28479
6 2321 rs16879870 87531746 2 0.00351283592473854 87531746 87541925 10179
6 2168 rs10943608 79674929 3 0.00350887716859505 79623630 79754360 130730
6 761 rs11966463 22003895 4 -0.00349373543944618 21996130 22012566 16436
6 3206 rs9491697 127456122 1 0.0034613483788418 127452935 127492840 39905
6 52 rs731394 1405284 1 0.00342682768201705 1405284 1405284 0
6 3393 rs12662210 134447959 1 0.00342337058006914 134434375 134447959 13584
6 2277 rs9359587 85105960 2 0.00340664119335411 85105960 85109688 3728
6 4016 rs7739135 156641429 3 0.00339706663851645 156641429 156690480 49051
6 439 rs220018 12149138 2 -0.0033725377833567 12135434 12165363 29929
6 2166 rs9448560 79479882 1 0.00335681881086867 79455282 79479882 24600
6 508 rs35118414 14131854 1 0.0033544522540738 14131854 14131854 0
6 4444 rs747994 168930758 1 -0.00332846890619116 168918991 168930758 11767
6 3824 rs6922269 151252985 3 -0.00331899683291187 151252917 151258770 5853
6 3616 rs6570592 144258244 3 0.00331855257544493 144254995 144261480 6485
6 2967 rs140516625 116833053 3 0.00329605885966206 116833053 116887861 54808
6 2750 rs6568433 106829537 1 0.00327822675469444 106829537 106831766 2229
6 2191 rs1590244 80540223 4 -0.00326937525610662 80533187 80550286 17099
6 420 rs561332 11610581 1 -0.00326567572081671 11610581 11610581 0
6 3557 rs2024658 142041859 5 0.00321522366913848 142038365 142076325 37960
6 773 rs2655426 22307725 3 -0.00316810549180941 22304204 22312287 8083
6 446 rs1317584 12342789 1 -0.00316460363704303 12342789 12344262 1473
6 1991 rs1619936 71598545 1 -0.00314892194952827 71594785 71598545 3760
6 522 rs10949246 14446670 4 -0.00313776836141728 14441229 14457917 16688
6 3355 rs2294758 133045812 1 0.00312127752088325 133045812 133072571 26759
6 945 rs13190937 28411244 3 -0.0031212579600049 28390843 28417222 26379
6 1242 rs820077 35033854 5 -0.00310685798012597 35008247 35040420 32173
6 129 rs1205017 3579754 1 0.00308931965101679 3579754 3579754 0
6 4134 rs4252129 161152905 2 -0.00308274191003698 161128812 161153990 25178
6 3059 rs6917641 121264105 4 0.00308141093705238 121256344 121265141 8797
6 2217 rs6935142 81856665 4 0.00307638228985077 81856665 81907559 50894
6 3433 rs1891362 136239179 2 0.00306776387537803 136227558 136244220 16662
6 723 rs77152992 21065449 2 0.00305240684031415 21043139 21065449 22310
6 1837 rs9293882 63280866 1 -0.00303570845919111 63270569 63330596 60027
6 383 rs4710998 10433825 2 -0.00302221077189524 10433825 10449258 15433
6 2897 rs1606213 112818452 2 0.00300683165205262 112818452 112852469 34017
6 1624 rs1325707 47963249 1 0.00299945016362105 47941339 47963249 21910
6 3272 rs1112847 130335109 3 0.00296317386908345 130328639 130337266 8627
6 4380 rs7752989 167082896 1 0.00295647505712892 167082896 167084126 1230
6 2730 rs7749157 106147299 1 -0.00295535679169886 106145993 106159033 13040
6 307 rs17673852 7763858 2 0.00295490275870232 7743663 7765840 22177
6 2216 rs310405 81800362 2 0.0029539468073725 81778014 81842393 64379
6 3943 rs9397714 154705702 1 -0.00293766185394697 154705702 154705702 0
6 4129 rs9364554 160833664 2 -0.00293143072704237 160789296 160836406 47110
6 23 rs9406006 776262 1 -0.00288670398271088 776262 776262 0
6 2966 rs11544160 116784797 2 0.00287793876447977 116772664 116788453 15789
6 1424 rs12194477 41116774 1 -0.00287666156006584 41116774 41116774 0
6 4375 rs3823202 166977609 1 -0.00287265972604604 166977609 166977609 0
6 101 rs318477 2887652 1 -0.00286763418078834 2886067 2887652 1585
6 883 rs2744303 25327149 1 0.00285961074333812 25327149 25328567 1418
6 2242 rs7356857 83337469 1 -0.00285507838649836 83337469 83337469 0
6 4131 rs3088442 160872652 3 0.00284645531892814 160851766 160888021 36255
6 4117 rs2297371 160525187 1 -0.00284465502425902 160525187 160530626 5439
6 891 rs301396 25466889 1 -0.00283816389067367 25455015 25466889 11874
6 2519 rs12199969 95852911 5 -0.00283804223740131 95836160 95881735 45575
6 749 rs16885189 21729682 2 0.00283634096332757 21727148 21731736 4588
6 2785 rs847015 108012831 1 0.00283220548632986 108006922 108012831 5909
6 2003 rs7753757 72034337 3 0.0028274616762798 72034337 72048250 13913
6 3635 rs2293536 144878337 3 0.00282628550841808 144850993 144891032 40039
6 857 rs807531 24548972 1 0.00280256423803006 24544903 24557191 12288
6 1874 rs1995443 66061173 1 -0.00279163685914517 66050797 66064126 13329
6 3258 rs929103 129993162 3 0.00278597083980216 129993162 129996025 2863
6 499 rs4715723 13958654 2 0.00277824818011789 13958654 14006238 47584
6 2311 rs2143772 86874355 2 -0.00277580165685153 86865029 86886750 21721
6 2652 rs9377299 102202511 1 -0.00277071466514916 102202511 102202511 0
6 1389 rs1923474 39938471 2 0.00275748982448831 39911241 39938471 27230
6 2033 rs1572208 73171594 1 0.00274563079542386 73171594 73171594 0
6 2304 rs545969 86092879 1 0.00274522795626014 86091724 86115244 23520
6 1961 rs9454732 70049915 2 -0.00270755121236389 70027419 70080512 53093
6 1205 rs594223 33667965 5 0.00270098018116768 33659793 33697125 37332
6 2284 rs9450002 85376381 1 -0.0027007160463653 85364776 85384335 19559
6 224 rs6942389 5980711 1 -0.00270048478230834 5980711 5982090 1379
6 2810 rs1268160 109075953 2 0.00269936445856214 109075953 109075953 0
6 396 rs2076258 10876036 1 0.00269130235796659 10872061 10876036 3975
6 233 rs3024443 6181526 2 -0.0026841023911996 6181035 6181526 491
6 3544 rs1336370 140958047 1 0.00267104996447146 140958047 140958047 0
6 3958 rs7744421 155094764 2 -0.00265777653485671 155094764 155153307 58543
6 2767 rs9480703 107190424 1 -0.00265047428532057 107190424 107200239 9815
6 2222 rs12213217 82195125 2 0.00264889696691836 82193109 82286331 93222
6 2087 rs6918679 75532577 1 -0.00264018400498939 75532577 75536940 4363
6 172 rs408884 4671240 2 0.00263474349620943 4668941 4676555 7614
6 1645 rs2275597 49705182 4 -0.00262664618171804 49663567 49717550 53983
6 4393 rs4710128 167282950 1 0.00262320607461225 167276965 167282950 5985
6 3502 rs4896387 139025468 1 0.00251858891560013 139023312 139025468 2156
6 1630 rs9296598 48564858 2 -0.00251601816192675 48564858 48616188 51330
6 1229 rs4713755 34135235 2 0.00251077828653847 34135235 34135235 0
6 2734 rs6934413 106328676 2 0.00250111116161548 106328676 106328676 0
6 785 rs9466444 22695992 1 -0.00248867454249794 22695992 22706635 10643
6 4478 rs7741251 169763254 1 0.00248283384644808 169742250 169763254 21004
6 1250 rs2076167 35391787 2 0.00248231689589268 35391787 35402805 11018
6 1126 rs3135363 32389648 2 0.00247535436592543 32383108 32392877 9769
6 1116 rs34498363 32261630 1 -0.00246824176270598 32218843 32275194 56351
6 2691 rs4479968 104224562 2 -0.00246466738506993 104217774 104224562 6788
6 4363 rs9356478 166751416 1 0.00245669648531446 166747572 166751416 3844
6 215 rs2145980 5737122 2 0.00244919922384763 5737122 5737122 0
6 791 rs6456505 22776453 3 -0.00244730835505665 22760170 22790013 29843
6 3816 rs4449641 151036450 2 -0.0024458342010569 151030107 151036450 6343
6 3104 rs4243496 123326275 1 0.00244307588342178 123323407 123344094 20687
6 611 rs864280 17290619 2 0.00244155976969243 17290619 17302983 12364
6 867 rs6930916 24881498 1 -0.00243023973776145 24872939 24901350 28411
6 2950 rs10484732 115895089 2 0.00241622121228605 115836618 115895089 58471
6 1627 rs7755638 48329809 1 -0.00241404415822451 48321410 48329893 8483
6 3661 rs12526956 145872147 2 0.00240804819898383 145781916 145872147 90231
6 2495 rs7765999 94568431 3 -0.00240728237209554 94506703 94568431 61728
6 2472 rs554089 93678513 1 -0.0023588936828636 93674438 93681057 6619
6 1996 rs1857225 71829282 1 0.00235842484480034 71829282 71829282 0
6 2596 rs12207550 99740492 1 -0.00234909977975898 99717329 99753499 36170
6 1495 rs945128 43710756 2 -0.00233955428889949 43710756 43714001 3245
6 1018 rs9500864 30693232 2 0.0023032757405629 30688427 30716117 27690
6 1750 rs7758586 54239250 2 0.00229643483767103 54210141 54256680 46539
6 119 rs1079284 3372545 1 -0.00229154802009859 3368228 3372545 4317
6 3297 rs9385562 131135714 1 -0.00228255401163864 131135714 131136313 599
6 1878 rs6909236 66249610 2 0.00228097163698219 66232692 66254084 21392
6 2645 rs479851 102045546 1 0.00226650095452878 102045546 102045546 0
6 2556 rs9320409 97530846 1 0.002263730924591 97518987 97537000 18013
6 484 rs6926971 13350427 2 -0.00226319466857569 13336815 13350427 13612
6 3031 rs2153823 119794761 2 -0.00225599365775993 119766413 119826028 59615
6 2318 rs1538408 87338626 1 -0.00224915233134684 87305234 87340866 35632
6 1587 rs3799859 46767645 1 -0.00224411732480364 46767645 46801219 33574
6 3120 rs4612191 123835147 1 -0.00224227104284206 123826573 123838281 11708
6 1228 rs11961715 34095696 1 0.00223454043104799 34095696 34103954 8258
6 1186 rs2076311 33145369 4 -0.00223349210928543 33143756 33185918 42162
6 3931 rs9479756 154410114 1 -0.00222371538777131 154410114 154414573 4459
6 1391 rs9369152 39962868 1 -0.00221534361132808 39962868 39962868 0
6 2413 rs1923075 91376033 1 -0.00221270244994208 91365419 91376033 10614
6 4388 rs6913892 167199572 2 0.00218809348379775 167192368 167200813 8445
6 3094 rs6914480 122949909 1 -0.00218802988104702 122945140 122974591 29451
6 925 rs13219354 27185664 1 0.00218802105275784 27154361 27210614 56253
6 458 rs542119 12596998 1 0.00218507563175035 12596998 12596998 0
6 1863 rs11752546 65447382 1 -0.00218186040586459 65447382 65479194 31812
6 1868 rs9345577 65698500 1 -0.00217990791111943 65692485 65750892 58407
6 812 rs9466756 23355882 1 -0.00217869574158865 23347228 23358040 10812
6 2778 rs319083 107767586 1 -0.00215312843035142 107672527 107767586 95059
6 1658 rs6940832 50980245 2 0.00215245214378701 50951649 50980245 28596
6 3556 rs4896551 142032704 1 0.00214870632145491 142003389 142032704 29315
6 1548 rs1285019 45167672 4 0.00211881753217277 45159336 45236274 76938
6 2667 rs1933992 103010088 2 0.00211415847314623 103007392 103018974 11582
6 931 rs6904596 27491299 1 -0.00211170542586977 27491299 27547792 56493
6 2138 rs1343491 78191262 3 -0.00210607479447449 78191262 78241057 49795
6 817 rs17412056 23493761 2 0.00210498035973508 23465010 23493761 28751
6 457 rs7744797 12581921 2 0.00209369408402171 12581921 12585656 3735
6 2751 rs2353592 106863710 1 -0.00208503577116371 106863710 106863710 0
6 3439 rs2181096 136812315 1 -0.00206035080036292 136760658 136839738 79080
6 2268 rs2497113 84767152 1 0.00205731195357735 84767124 84767152 28
6 1942 rs2786577 68950298 1 0.00203705055522641 68941031 68950298 9267
6 2762 rs898896 107063162 1 -0.00203647782149566 107063162 107073939 10777
6 3559 rs1884055 142175291 1 0.0020332131139023 142161916 142177674 15758
6 3369 rs6569872 133554452 4 0.0020321620038456 133546689 133554452 7763
6 2674 rs9322695 103467436 1 0.00202877440834782 103467436 103467436 0
6 4111 rs1983633 160352497 2 -0.00202799849956003 160335017 160358781 23764
6 3705 rs501098 148185702 1 0.00200436156360758 148185587 148193929 8342
6 2842 rs9487402 110746545 1 -0.00199912868412562 110746351 110750552 4201
6 1284 rs1894559 36670400 1 -0.0019963302924473998 36668768 36678212 9444
6 24 rs6597267 795414 2 0.00197871481865389 795414 798559 3145
6 3019 rs2357161 119412952 4 0.0019693574757663 119400716 119412952 12236
6 3896 rs578512 153124301 3 0.00195810797719159 153119212 153124301 5089
6 1722 rs9474543 53318038 2 -0.00195587119609413 53317012 53338597 21585
6 3977 rs11751085 155561564 1 -0.00195535587272356 155561564 155561564 0
6 810 rs9393387 23288843 1 -0.00195267190995939 23278093 23290763 12670
6 901 rs1892250 25769024 1 -0.00195235255424326 25765390 25783315 17925
6 2979 rs544047 117608318 1 -0.00194180939045647 117608318 117608318 0
6 1019 rs567302900 30719909 2 -0.00193503974561409 30719909 30732054 12145
6 3075 rs6901013 121817075 3 -0.00191900856522035 121817075 121837314 20239
6 4107 rs9347340 160188891 1 0.00191496819490466 160091560 160211339 119779
6 2184 rs12523953 80322860 2 0.00190934746115735 80307921 80325234 17313
6 3418 rs9399137 135419018 2 0.00190794017673464 135409116 135419305 10189
6 912 rs806795 26205293 1 0.00190769389116134 26205293 26233387 28094
6 3420 rs6569992 135452152 1 0.00189047516761515 135435501 135452152 16651
6 3233 rs6569559 129141326 1 0.00188999231583796 129141297 129141326 29
6 1314 rs9394438 37532103 1 -0.00188564488725627 37532103 37532103 0
6 983 rs1611133 29809382 2 0.00188415540650444 29801110 29813942 12832
6 308 rs9328444 7785459 2 0.00188223862733664 7785459 7789943 4484
6 972 rs1233374 29608694 1 0.00188133801865062 29607747 29613218 5471
6 2349 rs12209554 88900035 2 -0.00186836990245643 88894422 88903855 9433
6 768 rs16901634 22207220 1 0.00185708667601525 22207220 22207220 0
6 341 rs17403999 9017266 2 0.00185212532527148 9017266 9017266 0
6 3140 rs713214 124603503 4 0.00183896897268654 124603503 124606520 3017
6 3337 rs1998075 132560968 2 0.00182079208668126 132560968 132567078 6110
6 2602 rs2057517 99980252 3 -0.00181813722909384 99980252 100016115 35863
6 1328 rs2395689 37911693 7 -0.00181121768176438 37909084 37990758 81674
6 4035 rs17088067 157398175 1 0.00180779712109168 157398175 157398175 0
6 3018 rs17080799 119380885 1 0.00179359543793428 119371603 119380885 9282
6 3514 rs6906235 139363102 1 -0.00178200127901251 139361937 139363102 1165
6 2279 rs12526118 85203796 4 -0.00176476077742781 85147411 85203796 56385
6 209 rs11962015 5618987 1 0.00176422829528412 5618987 5618987 0
6 79 rs1883587 2374821 2 0.00175900097005847 2374821 2382395 7574
6 1552 rs6904353 45493083 1 0.00175042068267758 45493083 45506122 13039
6 3481 rs9389549 138343019 3 -0.00174677035835874 138343019 138354180 11161
6 3380 rs3777878 133821417 1 0.0017435457928967 133817456 133833284 15828
6 1516 rs9381279 43999697 2 0.00173998679425206 43995668 44000031 4363
6 3295 rs7748328 131107930 1 -0.0017214950720904 131107930 131107930 0
6 3419 rs9494145 135432552 2 -0.00171820305514418 135423209 135432552 9343
6 3698 rs844595 147968492 2 -0.00171571336842798 147948040 147968492 20452
6 4297 rs9355525 165398137 3 -0.00171443607348083 165394580 165398137 3557
6 1764 rs2063117 54632173 1 0.00170915498655142 54626318 54632536 6218
6 902 rs17342717 25821770 1 -0.0017044286937164 25786993 25831212 44219
6 4315 rs569647 165932290 2 -0.00170181498797229 165932290 165932290 0
6 3226 rs17460940 128813085 1 0.00170012962824503 128790787 128813085 22298
6 3918 rs3935975 153924485 1 -0.00169729380715211 153924485 153926453 1968
6 2004 rs828644 72081794 2 -0.00166865454514703 72079820 72100307 20487
6 2055 rs12190643 73930950 1 0.00165220718068175 73930950 73930950 0
6 1219 rs12523795 33876434 1 0.00164768892547496 33876082 33877627 1545
6 1289 rs916297 36737499 1 -0.00164116778881439 36730418 36737499 7081
6 2075 rs9341459 74976178 2 -0.00163088889960289 74974439 74982935 8496
6 2450 rs12212424 92889890 1 0.00161840764512328 92889890 92889890 0
6 286 rs9505086 7232186 1 0.00161030038129866 7225995 7232186 6191
6 2725 rs9372090 105991917 2 0.00160586344981757 105981702 105991917 10215
6 1488 rs2756184 43234316 3 -0.00160489753274229 43221264 43234316 13052
6 2962 rs11153598 116486792 1 0.00160394043897924 116470561 116509636 39075
6 503 rs9396467 14053646 1 0.00159525768743113 14053646 14065168 11522
6 2705 rs7740010 104856170 5 -0.0015926281752681 104852424 104875654 23230
6 3086 rs2606645 122433255 1 0.00158533509696045 122414296 122433255 18959
6 3151 rs535492 124863962 1 0.0015838826102164 124863962 124863962 0
6 1354 rs2235871 38985356 3 0.00158146636945276 38971834 38989385 17551
6 4206 rs4709612 162875706 1 -0.0015689314088199 162875706 162875706 0
6 2682 rs2399936 103885347 2 0.0015689148866445 103862101 103900570 38469
6 3751 rs6933251 149285138 1 -0.0015654514423218 149285138 149287703 2565
6 516 rs10949239 14322665 1 -0.00156293287667855 14312081 14322665 10584
6 1124 rs28362681 32370879 3 0.00156080817170684 32368087 32374640 6553
6 3609 rs7738300 144056863 1 0.00155846668150292 144056863 144056863 0
6 3199 rs9372840 126822635 5 -0.00155418042958538 126638124 126970895 332771
6 4469 rs2224645 169509800 3 0.00155152751948103 169495666 169509800 14134
6 2143 rs9352507 78359807 1 -0.00154349834627352 78357775 78381834 24059
6 884 rs1076668 25343805 2 -0.00153641803416375 25340482 25343805 3323
6 770 rs17205146 22272753 2 0.00152589339445466 22272753 22274766 2013
6 311 rs13213419 7868106 1 -0.00152509808384158 7868106 7877419 9313
6 540 rs9370795 15143556 1 0.00151847098062088 15138938 15161580 22642
6 2418 rs10485409 91505411 1 -0.00151555533151977 91505411 91505411 0
6 4260 rs2322177 164350087 1 -0.00150726761783106 164350087 164350087 0
6 3637 rs11155366 144972270 1 0.00150453626265204 144972270 144988922 16652
6 1893 rs7757551 66868096 3 -0.00149491022507642 66841375 66868096 26721
6 3980 rs9397238 155647047 1 -0.00149464493731864 155647047 155648495 1448
6 2906 rs9384850 113231819 2 0.00148858502055245 113217970 113231819 13849
6 1327 rs11757695 37836673 1 -0.00148085623868906 37836673 37894575 57902
6 3782 rs4870302 150449865 1 0.00148006197316608 150449865 150450034 169
6 3110 rs2195729 123590126 2 0.00147904881331741 123590126 123628287 38161
6 445 rs4714429 12331807 1 -0.00147874952421461 12315910 12331807 15897
6 3992 rs12662240 155998045 1 0.00147485694245851 155987538 156005810 18272
6 920 rs12201890 26662626 1 -0.00145733903371965 26592707 26667079 74372
6 1993 rs9351798 71723119 1 0.00145260112362741 71722821 71733748 10927
6 194 rs2432794 5391419 2 0.00145113353969702 5389499 5400658 11159
6 27 rs3799325 859115 1 -0.00144475503053239 858212 877124 18912
6 694 rs2457322 20152095 1 -0.00144314414821406 20152095 20152095 0
6 3020 rs4945630 119430311 1 -0.00143920319303196 119421422 119430311 8889
6 3049 rs4945660 120834919 2 -0.00143277083530078 120825811 120857815 32004
6 965 rs9348832 29456021 1 -0.00143143142497125 29446632 29486908 40276
6 2293 rs6938017 85766507 2 -0.00142976362017744 85750834 85777822 26988
6 3249 rs6936981 129667270 1 -0.00141570751442795 129667270 129704589 37319
6 1181 rs6901221 33098276 2 -0.00140595750044841 33098276 33098276 0
6 354 rs9381380 9501859 1 0.00139696364136953 9493302 9503805 10503
6 1954 rs3823064 69681617 1 0.00139145245393943 69681617 69702416 20799
6 918 rs13195509 26463660 1 0.00138288596861095 26454454 26463660 9206
6 3510 rs10872499 139193603 2 -0.00137645741568584 139193565 139193603 38
6 2310 rs61875 86855532 1 0.00137572854662258 86855532 86857389 1857
6 2453 rs1470357 92965688 1 0.001375506294655 92964208 92980067 15859
6 875 rs6918101 25027288 1 0.00136022739811813 25027095 25028663 1568
6 725 rs6937439 21130870 2 0.00135279670468458 21108114 21130870 22756
6 2148 rs9361324 78684899 1 0.00135092288411114 78641146 78686454 45308
6 1035 rs2523882 31042217 1 -0.00133955012506328 31023148 31054511 31363
6 2036 rs1147570 73308513 1 0.00133915584418739 73274405 73308513 34108
6 3519 rs17304375 139435878 2 0.00133436897522217 139435577 139500135 64558
6 3017 rs1889561 119335865 2 0.00133006171054805 119327632 119335865 8233
6 159 rs4959980 4456168 1 0.00131439721832024 4456168 4456168 0
6 3293 rs4897466 131089467 1 0.00131419887617653 131056827 131095294 38467
6 3247 rs12208401 129620506 2 0.00131205446997817 129620506 129620833 327
6 4126 rs511215 160704943 2 0.00131089042290138 160699534 160706661 7127
6 753 rs16885318 21832546 2 0.00130900613107819 21832546 21844709 12163
6 3239 rs12190465 129383680 2 -0.00130771687885219 129375673 129383986 8313
6 2862 rs1061388 111620294 1 -0.00130443622579384 111598246 111635808 37562
6 1177 rs9380345 33080359 2 -0.00129808560580311 33075635 33080359 4724
6 952 rs9257181 28754520 1 -0.00129705832712871 28739584 28837437 97853
6 2788 rs1728133 108035552 1 -0.00127372473637965 108033286 108039149 5863
6 2103 rs1280054 76540988 1 0.00126956591367886 76473071 76558485 85414
6 1671 rs2174861 51537351 1 0.00126737458676431 51537351 51544360 7009
6 15 rs17135357 602983 1 -0.00126428534635388 602983 604158 1175
6 340 rs9502754 8976039 1 0.00126418474566177 8967879 8976039 8160
6 953 rs2071789 28912076 1 -0.00126367772873563 28849790 28936556 86766
6 4084 rs926657 159463452 1 0.00125802753890418 159451328 159465977 14649
6 3776 rs4870236 150369345 2 -0.00125672495520181 150364009 150370552 6543
6 2402 rs2655387 90947998 1 0.001256283341097 90936894 90996769 59875
6 4385 rs12660310 167131911 1 -0.00125414006866363 167131911 167134207 2296
6 4308 rs4324759 165678438 1 0.00125295690813594 165671448 165691210 19762
6 2662 rs3849217 102670891 2 -0.00125155467589259 102639153 102670891 31738
6 1615 rs115905625 47648033 2 -0.00124928564539364 47646842 47687007 40165
6 2642 rs9386283 101997543 2 0.00124799221182718 101990259 102007227 16968
6 3797 rs657972 150721401 3 -0.00124428928595542 150721401 150723812 2411
6 1924 rs12192510 68111529 1 0.00124190856396422 68111529 68118383 6854
6 1433 rs9394785 41320227 2 0.00123985354144365 41303207 41320465 17258
6 1771 rs7753268 54863080 1 0.00123135939551467 54856585 54887779 31194
6 727 rs1563728 21209999 2 0.00122204474107807 21208429 21217185 8756
6 1255 rs6926133 35579375 2 0.00122150473522545 35579375 35646435 67060
6 2301 rs9362180 86011079 1 0.00121360980704764 86004204 86039744 35540
6 3815 rs9322272 151017733 3 0.00120569398043257 151017733 151025628 7895
6 1245 rs33959228 35259397 1 -0.00120456772007352 35164004 35259397 95393
6 3618 rs9403540 144292587 1 0.00120450916033541 144281385 144305568 24183
6 1470 rs260255 42401082 1 -0.00120052620738024 42387426 42401992 14566
6 2925 rs1080429 114032142 2 -0.00119619832257425 114030316 114050439 20123
6 2329 rs61744959 87970650 1 -0.0011939912918503 87867063 88008168 141105
6 807 rs9379482 23208904 1 -0.00119310385047452 23208904 23214230 5326
6 4379 rs6919949 167065891 1 0.00119191509979596 167056898 167065891 8993
6 4440 rs9346712 168846625 2 -0.0011916503808964 168829515 168879958 50443
6 1295 rs7772210 36936771 1 -0.00118912878667965 36936771 36936771 0
6 4219 rs7738903 163320074 1 -0.0011839360209445 163318480 163321232 2752
6 1226 rs2451351 34061253 1 0.00118322391025653 34050917 34061253 10336
6 2307 rs41271629 86257229 1 0.00118283663762428 86232543 86345039 112496
6 1251 rs35080860 35443835 3 -0.00118275463274435 35422754 35452346 29592
6 1486 rs11962520 43188600 1 0.00118240035932444 43167655 43188600 20945
6 11 rs6918152 542159 5 -0.00117761041891342 526744 543134 16390
6 779 rs1935429 22511958 1 -0.00117633286405597 22504748 22513002 8254
6 2889 rs1935689 112612615 1 -0.0011716856454594 112608146 112612615 4469
6 2046 rs9283796 73596433 1 0.00116966647139139 73581051 73606783 25732
6 852 rs61748577 24454313 2 -0.00116768008363301 24444534 24460679 16145
6 1093 rs805286 31679307 2 -0.00116128028733533 31673436 31692970 19534
6 1972 rs17766479 70681382 1 0.00115748951394958 70655786 70681382 25596
6 517 rs7752155 14329647 1 -0.00115633991916673 14329647 14329647 0
6 380 rs9466019 10356036 1 0.0011534730526374 10356036 10365025 8989
6 2433 rs9345130 92056958 2 -0.00115322819567464 92019086 92067726 48640
6 2057 rs555779 74014468 1 -0.00114858102015526 73975404 74016113 40709
6 1577 rs2584072 46188118 2 0.00114828397250536 46174522 46190377 15855
6 930 rs4713106 27444714 2 -0.00114664124516986 27412386 27483260 70874
6 2237 rs9294254 82958246 1 0.00114601428856534 82888064 82962125 74061
6 581 rs9477153 16522826 1 0.00114530610477473 16522720 16528671 5951
6 3266 rs9402186 130171667 1 0.0011447358173076 130165115 130176592 11477
6 667 rs9348385 19548810 2 -0.00114313373593749 19548810 19548810 0
6 3286 rs10485241 130856614 1 -0.00113639154357215 130856614 130871599 14985
6 854 rs2076316 24489741 2 -0.00112742648812872 24487434 24507761 20327
6 3546 rs1856384 141214296 1 0.00112509654901194 141188478 141214296 25818
6 1974 rs11753925 70776980 2 0.0011227190396454 70766504 70777350 10846
6 1846 rs2459572 63993375 1 0.00112017712175144 63993375 64033048 39673
6 808 rs7740800 23237776 1 0.00111912263592204 23237776 23242514 4738
6 4290 rs9456996 165182669 1 -0.00110991460412021 165182669 165238648 55979
6 4127 rs415317 160716361 1 -0.00110427127511772 160716361 160754752 38391
6 3702 rs4121999 148105936 2 -0.0011020588809445 148105936 148107112 1176
6 262 rs201053 6722492 1 0.001101930635731 6722492 6722492 0
6 2302 rs313242 86057368 1 0.00109736924245617 86056783 86078534 21751
6 4366 rs6456083 166859572 1 0.00108864170618945 166859572 166859572 0
6 1714 rs4487576 53072548 1 0.00106626982711901 53064313 53075258 10945
6 2531 rs526939 96379508 1 -0.00106594722083008 96374858 96387465 12607
6 1031 rs12179536 30993590 1 -0.00105852612713517 30993440 30993590 150
6 3039 rs9320725 120272026 1 -0.00105735380690749 120222479 120277828 55349
6 1663 rs1536504 51206168 2 0.0010520671391209 51206168 51264082 57914
6 2986 rs6942067 117785696 1 0.00105177160056775 117785696 117799572 13876
6 2641 rs7754376 101982531 1 0.00104846040979869 101967710 101988727 21017
6 186 rs12195956 5111680 1 -0.00104606937439803 5111680 5124416 12736
6 3920 rs17084425 154042101 2 0.00104504459341523 154016936 154050494 33558
6 3503 rs4895538 139034727 1 0.00104315851723982 139034727 139034727 0
6 511 rs853377 14175404 3 0.00104308849507725 14162949 14190765 27816
6 534 rs4715925 14807697 1 0.00103624813146422 14807697 14807697 0
6 4450 rs1885634 169075136 1 0.00103222298005316 169049871 169075499 25628
6 821 rs197988 23593375 1 0.00103202900414407 23593375 23593375 0
6 3955 rs1996736 154946658 4 -0.00102808487029063 154932527 154946930 14403
6 2305 rs9450273 86137888 1 -0.00102509469195447 86117129 86172452 55323
6 2789 rs4946854 108049042 1 -0.00102450867725845 108049042 108050222 1180
6 1866 rs9345560 65577402 1 -0.00102217668814674 65562837 65595650 32813
6 3558 rs9496139 142093922 1 0.00101925518860869 142093922 142094949 1027
6 3924 rs11752884 154159710 1 -0.0010187038791808 154153369 154173845 20476
6 1352 rs12203833 38937406 2 0.00101581938306768 38921240 38948307 27067
6 2913 rs9488123 113582427 1 0.0010104646103572 113582427 113605832 23405
6 3182 rs4895745 125797983 1 -0.00100745040137256 125797983 125797983 0
6 2014 rs1321835 72405583 1 -0.00100735016032953 72375836 72408820 32984
6 670 rs6910563 19610835 4 0.00100555661565381 19610117 19611159 1042
6 2201 rs1341278 81038921 1 0.00100445176449921 81034730 81057918 23188
6 3600 rs11155308 143917700 6 9.990823129908226e-4 143903156 143920811 17655
6 2490 rs12212828 94237476 1 -9.971233680037615e-4 94209670 94260115 50445
6 1085 rs3132469 31456567 2 -9.963657439171457e-4 31456567 31461966 5399
6 3901 rs7763565 153296370 1 -9.937387630360706e-4 153276423 153301614 25191
6 555 rs9476953 15838552 1 -9.93381277285313e-4 15837290 15843042 5752
6 3190 rs1268087 126113822 1 -9.925232090130698e-4 126106016 126113822 7806
6 831 rs12200455 23922624 1 9.918322242693533e-4 23915870 23922624 6754
6 1739 rs1570916 53851341 3 9.868959179859058e-4 53848551 53858449 9898
6 4288 rs903791 165115007 3 -9.859709949964549e-4 165072761 165117395 44634
6 4125 rs492315 160692694 3 -9.850645420967695e-4 160686668 160694952 8284
6 345 rs13209110 9139583 2 9.840586394513403e-4 9139583 9142017 2434
6 681 rs1202305 19922354 1 9.785730513717998e-4 19911852 19922354 10502
6 3826 rs7752450 151301951 1 9.689900013713116e-4 151294238 151308395 14157
6 3352 rs8192619 132966348 2 -9.643301036724744e-4 132951025 132966348 15323
6 1915 rs12662125 67848752 2 9.60075131695219e-4 67829945 67848752 18807
6 1982 rs564031 71008339 1 9.577666070261892e-4 71008339 71008339 0
6 1038 rs3130553 31082285 2 -9.569855373252265e-4 31081989 31087354 5365
6 863 rs1923185 24780892 1 -9.552010162432078e-4 24758824 24780892 22068
6 2764 rs118029715 107103510 2 -9.538254448500236e-4 107098087 107123879 25792
6 3889 rs9371600 152790533 3 -9.485418357722086e-4 152766766 152802209 35443
6 1466 rs61758087 42232509 1 9.481823520327397e-4 42232509 42232509 0
6 2223 rs10943827 82355980 2 9.466509836121812e-4 82319174 82379575 60401
6 3171 rs7764804 125450174 2 -9.449258694782884e-4 125450174 125450174 0
6 8 rs1540771 466033 1 -9.427179092186536e-4 466033 466033 0
6 3767 rs556335 149670878 3 9.39507786800422e-4 149658978 149744632 85654
6 352 rs1015137 9436244 1 -9.337010918805912e-4 9422071 9457140 35069
6 4110 rs9365111 160299505 1 -9.335260299420884e-4 160299505 160311752 12247
6 2448 rs7759851 92838614 1 9.304364408321078e-4 92827954 92838614 10660
6 2592 rs12526079 99565215 1 9.2740845134405e-4 99552868 99584658 31790
6 3891 rs7738912 152880603 1 -9.24332794623274e-4 152875862 152896974 21112
6 3844 rs3734795 151674593 2 -9.237918492515536e-4 151663560 151679198 15638
6 2151 rs9343725 78801824 1 9.194238249370456e-4 78801824 78810922 9098
6 762 rs1928168 22017738 3 9.109076644136156e-4 22017738 22021230 3492
6 2379 rs1555402 90076384 2 -9.093077438153395e-4 90075359 90089677 14318
6 2056 rs6453660 73952103 1 9.058855275647764e-4 73951987 73952103 116
6 3320 rs7759504 132066501 1 -9.032189964878268e-4 132061420 132071193 9773
6 996 rs2240619 29975453 1 9.03099509547137e-4 29973925 29992261 18336
6 4179 rs9689943 162283824 1 -8.953775755424461e-4 162283824 162283824 0
6 3768 rs12192159 149767105 2 8.95209002100443e-4 149755695 149767105 11410
6 3214 rs675531 128040839 1 8.928093731088368e-4 128021803 128040839 19036
6 575 rs9383153 16343056 1 8.910261079721692e-4 16332730 16343056 10326
6 2207 rs16892086 81366484 1 -8.907896220760684e-4 81349756 81366484 16728
6 4447 rs2342635 169002834 1 8.885217535662375e-4 168991469 169002834 11365
6 2991 rs2501624 118053656 1 8.844515799202871e-4 118053656 118053656 0
6 703 rs12205236 20470908 1 8.840818097430366e-4 20468635 20470908 2273
6 4021 rs958386 156801192 1 -8.839912540657783e-4 156792873 156819939 27066
6 624 rs4716189 17834198 4 8.833403187196795e-4 17831419 17847860 16441
6 2332 rs2268996 88185777 2 8.815891188400076e-4 88183647 88224164 40517
6 3112 rs7746138 123642389 1 -8.765690476376738e-4 123642389 123668347 25958
6 2752 rs7767036 106881308 1 8.747256125072286e-4 106881308 106881308 0
6 3566 rs1953319 142583426 1 8.736208954632646e-4 142565531 142590090 24559
6 3431 rs947583 136133659 2 8.72426069072433e-4 136133659 136133659 0
6 3351 rs8192646 132938842 1 -8.654157504037998e-4 132938842 132938842 0
6 102 rs11242807 2906147 1 8.633020066430944e-4 2906147 2906147 0
6 2275 rs12663831 85054553 3 -8.583301128901072e-4 85043476 85059296 15820
6 1740 rs927795 53863915 1 8.542885740762971e-4 53863915 53868804 4889
6 649 rs2068999 18915553 4 -8.532425901360425e-4 18897387 18915553 18166
6 1087 rs2246871 31481146 1 -8.516310444791536e-4 31475486 31483458 7972
6 1591 rs678312 46856100 2 -8.509389744138619e-4 46856100 46858993 2893
6 2032 rs2789588 73143697 2 8.458331323569638e-4 73131012 73146011 14999
6 545 rs2237143 15440339 1 -8.455466489899534e-4 15417235 15449441 32206
6 1647 rs1970456 49823814 1 8.439171155117213e-4 49785074 49837603 52529
6 1610 rs11759777 47343809 1 8.430838164425886e-4 47343809 47348192 4383
6 1282 rs876581 36655445 2 8.424257771514193e-4 36651971 36655445 3474
6 1585 rs9472830 46689762 1 8.422676627506898e-4 46689762 46689762 0
6 4289 rs6937046 165166241 2 8.421364098281191e-4 165130872 165166241 35369
6 3638 rs9376844 145025611 1 8.407470443749889e-4 145025611 145025611 0
6 3370 rs561355 133576444 1 -8.399773953126938e-4 133571310 133578733 7423
6 4394 rs9366069 167298751 1 8.367670772770478e-4 167298751 167311818 13067
6 890 rs7774567 25425526 1 8.363884527564494e-4 25425526 25425526 0
6 1261 rs2766597 35765043 1 8.328940953051381e-4 35762937 35765043 2106
6 977 rs9258206 29704237 1 8.30533659256898e-4 29698821 29710726 11905
6 2189 rs9294163 80494345 1 -8.292696529864649e-4 80494345 80494345 0
6 2008 rs9351817 72203005 2 8.289838167692773e-4 72191860 72203005 11145
6 2129 rs16888579 77803487 2 -8.285645950303591e-4 77780168 77825472 45304
6 923 rs13194491 27037080 1 -8.285225322499625e-4 27024687 27047256 22569
6 2941 rs2222391 114937265 1 -8.236672770557472e-4 114860722 114973810 113088
6 3543 rs17069974 140794431 1 8.232771836657771e-4 140794431 140794431 0
6 1247 rs9658100 35356640 2 8.232522344595565e-4 35322763 35362848 40085
6 2030 rs9442769 73029875 1 -8.216732152181468e-4 73001092 73029875 28783
6 397 rs12211124 10886585 1 -8.213244476432676e-4 10886585 10886949 364
6 3854 rs12173570 151957714 1 -8.206431687740812e-4 151939181 151962202 23021
6 905 rs9295676 25928376 1 -8.198130975604261e-4 25903308 25939723 36415
6 1710 rs7774904 52925277 1 -8.185530950415354e-4 52878654 52925277 46623
6 1066 rs2596501 31321211 1 8.119025321637899e-4 31320538 31321685 1147
6 4202 rs9365410 162795058 1 8.113410547968941e-4 162771688 162800335 28647
6 784 rs9366470 22678728 1 -8.107515072784474e-4 22656328 22689251 32923
6 639 rs6459621 18515976 1 -8.106253331102503e-4 18502289 18515976 13687
6 1231 rs2780226 34199092 1 -8.103844476989696e-4 34195011 34218718 23707
6 3552 rs1029180 141748163 1 -8.077372782185679e-4 141718812 141753243 34431
6 1216 rs6926872 33843759 1 -8.070742240603404e-4 33843759 33847077 3318
6 1200 rs9469529 33587443 1 -7.978704454907679e-4 33581805 33587443 5638
6 4153 rs1077281 161707465 1 -7.926191462527636e-4 161707465 161713967 6502
6 3485 rs6922466 138444930 1 -7.918878023089598e-4 138431353 138451274 19921
6 3846 rs4035344 151784077 2 -7.910501253322393e-4 151759192 151789868 30676
6 177 rs13196069 4735035 2 7.902988391382354e-4 4734565 4737179 2614
6 3769 rs112225 149786129 2 7.867091561079682e-4 149782908 149799798 16890
6 426 rs4713857 11761459 2 7.843626558259343e-4 11761177 11761459 282
6 1000 rs1116221 30071330 1 -7.84030768198716e-4 30071110 30072511 1401
6 4201 rs9365399 162735881 2 7.829217399262671e-4 162735881 162748555 12674
6 1555 rs2280227 45543530 1 -7.818973335763084e-4 45541920 45543530 1610
6 2882 rs2072020 112460648 1 7.8043605764589e-4 112445106 112460648 15542
6 3162 rs9375372 125122731 1 7.770484911455743e-4 125122731 125125128 2397
6 1414 rs6458179 40700237 1 7.75936350691997e-4 40689997 40704396 14399
6 1385 rs9296308 39794653 1 7.733510992221045e-4 39790940 39796910 5970
6 2086 rs12526043 75516703 1 -7.717201373931697e-4 75474193 75517725 43532
6 2606 rs7742890 100197285 1 7.714162270349565e-4 100192215 100213515 21300
6 2568 rs9490133 98392312 1 -7.624132235679755e-4 98358575 98395421 36846
6 1456 rs9369324 41993007 2 -7.619550692574849e-4 41989989 41993007 3018
6 658 rs12214647 19212155 1 -7.613796443716049e-4 19212155 19229514 17359
6 1546 rs6922660 45059674 1 7.607018228637732e-4 45059674 45075795 16121
6 2312 rs9344586 86949255 2 -7.583406514455003e-4 86887829 86953342 65513
6 1756 rs10948828 54452797 1 7.580606218962884e-4 54452797 54461072 8275
6 973 rs61730327 29640951 2 -7.557997664785898e-4 29615822 29649056 33234
6 2062 rs382041 74307685 1 -7.552098627062118e-4 74307685 74360841 53156
6 2334 rs2754262 88405585 1 7.5261314169969e-4 88367635 88411768 44133
6 314 rs6922018 7918311 1 7.477152902864127e-4 7918311 7918405 94
6 1543 rs10948172 44777691 1 -7.476116472431495e-4 44777691 44816181 38490
6 1254 rs992105 35555183 1 7.466964196577995e-4 35542476 35569119 26643
6 3455 rs276467 137464218 1 7.460134455484411e-4 137454459 137464218 9759
6 3103 rs9372726 123305965 1 7.457579830124133e-4 123300548 123305965 5417
6 702 rs6915426 20395257 2 -7.451102352217445e-4 20373445 20401909 28464
6 3714 rs7767522 148326813 1 7.385951606620652e-4 148326813 148333774 6961
6 3930 rs589046 154393138 1 -7.384959113138183e-4 154372692 154393138 20446
6 2066 rs1437579 74542387 2 7.367772854156197e-4 74529922 74564596 34674
6 448 rs1334305 12396682 1 7.356461887242664e-4 12396682 12396682 0
6 3402 rs11154774 134847175 1 7.319241433572242e-4 134840948 134847175 6227
6 3970 rs2095381 155454811 1 -7.266435002558074e-4 155442052 155454811 12759
6 4425 rs1809698 168558846 1 -7.252738321802542e-4 168558846 168559038 192
6 0 rs11970426 215423 1 -7.229696102691018e-4 212548 215423 2875
6 2834 rs1564078 110337209 2 7.21484231778864e-4 110337209 110337209 0
6 424 rs17401908 11721455 1 -7.149171670416555e-4 11721455 11724542 3087
6 4112 rs9456484 160391189 1 7.147046559334632e-4 160391189 160398330 7141
6 3715 rs4896956 148344667 1 -7.129315465167784e-4 148337715 148344667 6952
6 104 rs2295767 2954557 1 -7.120861930671419e-4 2948965 2954557 5592
6 1662 rs947725 51166486 1 -7.108874011520328e-4 51155243 51170252 15009
6 833 rs1397842 23972121 4 -7.096006285577795e-4 23972121 23986903 14782
6 894 rs10456324 25600968 2 7.093836992806896e-4 25582771 25606181 23410
6 301 rs7453895 7639693 2 -7.059669894670562e-4 7638095 7645171 7076
6 2363 rs9451101 89620255 1 7.058707262209507e-4 89620255 89620255 0
6 2611 rs10499028 100352613 1 7.00815455427548e-4 100352613 100354935 2322
6 937 rs9461425 27919688 1 -7.003146417331461e-4 27879200 27965503 86303
6 1490 rs4714684 43396856 1 -6.96314935354079e-4 43387344 43401826 14482
6 4471 rs9294970 169571419 1 -6.937945953638062e-4 169571419 169594553 23134
6 3484 rs666769 138415087 2 6.927576649134693e-4 138414419 138415246 827
6 2748 rs683456 106799104 1 -6.900147173862505e-4 106799104 106799104 0
6 3269 rs1890143 130262763 1 -6.899538736591333e-4 130262763 130267753 4990
6 1368 rs3734618 39284184 1 6.888926312699674e-4 39282806 39284184 1378
6 3168 rs9375383 125354154 1 6.849075435783173e-4 125354154 125365295 11141
6 4407 rs2072767 167719436 1 6.844409918768046e-4 167719436 167719436 0
6 2791 rs4391294 108090454 1 6.814622810533852e-4 108088477 108094352 5875
6 339 rs9379266 8944667 2 -6.806354344430833e-4 8929557 8951083 21526
6 2872 rs11964650 112081938 1 -6.760617605637929e-4 112033370 112081938 48568
6 3471 rs6917072 137930302 2 -6.721479301586963e-4 137930302 137930302 0
6 2385 rs4707557 90362783 3 6.697346569624347e-4 90340276 90416006 75730
6 1302 rs262902 37116078 2 -6.693103514001605e-4 37116078 37116078 0
6 3744 rs1384670 149200719 1 6.684533271401471e-4 149200719 149205617 4898
6 2449 rs13202708 92859874 1 -6.667960183804516e-4 92843692 92867219 23527
6 2486 rs164538 94060369 2 -6.597931858137556e-4 94051172 94062054 10882
6 3261 rs182320 130073291 1 -6.494824529623118e-4 130071629 130073291 1662
6 2177 rs9294143 80111104 1 -6.482694450032865e-4 80107104 80111104 4000
6 4408 rs41266331 167754710 1 -6.480229169096179e-4 167750150 167760702 10552
6 421 rs9469705 11625711 1 6.475812592260532e-4 11620846 11627539 6693
6 1994 rs6932261 71744697 3 -6.464736254991801e-4 71741216 71752504 11288
6 2211 rs9359435 81547156 1 -6.458725864095381e-4 81536714 81565351 28637
6 3196 rs9321061 126454333 1 -6.438951094693465e-4 126445961 126454333 8372
6 2106 rs4708201 76662813 1 -6.437472153260151e-4 76662813 76682252 19439
6 3649 rs2069128 145342763 1 6.436993651965156e-4 145333573 145351743 18170
6 494 rs4715562 13777209 1 6.420756662365716e-4 13777209 13777209 0
6 1239 rs7743724 34725478 1 -6.407369633312036e-4 34715341 34831856 116515
6 1650 rs12210112 50142856 2 6.403912323153372e-4 50125321 50142856 17535
6 1479 rs2274515 42933526 2 -6.38759657950748e-4 42926024 42940673 14649
6 4146 rs7754843 161589477 2 -6.348929376871279e-4 161582535 161589477 6942
6 1357 rs4254984 39059679 1 6.34426734362999e-4 39059679 39059679 0
6 1276 rs1476017 36310896 1 -6.278611522436476e-4 36304505 36312907 8402
6 296 rs2076302 7570963 1 -6.258852359532109e-4 7570963 7570963 0
6 3302 rs9375796 131340998 3 6.230900743533581e-4 131326679 131351103 24424
6 823 rs536104 23640863 1 6.199892995626718e-4 23615399 23640863 25464
6 3373 rs1336527 133635272 1 -6.195059269332979e-4 133628237 133642918 14681
6 2320 rs12198149 87491157 1 6.189246111506646e-4 87491157 87500445 9288
6 3254 rs6935162 129907587 1 6.147791369412527e-4 129896501 129907587 11086
6 3871 rs2207396 152382382 1 -6.09741024768365e-4 152343763 152385236 41473
6 1634 rs2516114 49162686 1 6.041151064918367e-4 49162686 49184770 22084
6 1785 rs1032772 55257935 1 -6.028875612349288e-4 55257798 55260356 2558
6 2681 rs2187940 103791320 1 -6.013704070309699e-4 103784799 103816260 31461
6 1294 rs707998 36925774 2 -6.004174050528072e-4 36924102 36934762 10660
6 2980 rs9400997 117640002 2 -5.989103309473887e-4 117640002 117646772 6770
6 2749 rs3862833 106815036 1 5.984290876421578e-4 106815036 106821393 6357
6 1249 rs9462081 35376006 1 5.980437719318832e-4 35369491 35378798 9307
6 713 rs4710943 20740019 1 -5.978707245061413e-4 20740019 20744727 4708
6 3220 rs9491896 128300949 1 -5.942660503604573e-4 128300949 128300949 0
6 481 rs6910418 13294866 3 -5.910851825604532e-4 13278788 13294866 16078
6 3721 rs6570819 148491574 1 -5.897017207453406e-4 148491574 148491574 0
6 1362 rs6899384 39132435 1 5.882633505307198e-4 39132435 39136651 4216
6 3453 rs4895477 137444054 2 5.828147507738069e-4 137422058 137444054 21996
6 3573 rs10484588 142988837 2 5.815363962146666e-4 142985541 142998843 13302
6 455 rs6907466 12544251 1 5.782666861592807e-4 12536342 12544251 7909
6 2412 rs1556091 91344491 2 5.770778115843822e-4 91343038 91352508 9470
6 2839 rs964080 110710018 2 5.750845492838892e-4 110710018 110719180 9162
6 2649 rs942666 102170855 1 -5.669771524725518e-4 102170855 102170855 0
6 1653 rs7757451 50318693 1 5.65984604911041e-4 50306801 50330097 23296
6 850 rs6942189 24429249 1 5.654341667139709e-4 24429068 24434711 5643
6 31 rs2784956 979803 2 -5.648389079119308e-4 972155 984646 12491
6 4213 rs7756486 163023850 1 -5.647115409627753e-4 162994422 163029843 35421
6 2964 rs1204859 116587407 2 -5.644934828784986e-4 116577145 116634325 57180
6 151 rs13206717 4154018 2 -5.640201617176967e-4 4154018 4154018 0
6 3080 rs6569227 122043606 2 5.603790848692613e-4 121933718 122043606 109888
6 3259 rs2157460 130021128 1 -5.590905612851197e-4 130010372 130022390 12018
6 442 rs17592421 12223922 2 5.55823791334334e-4 12223922 12230804 6882
6 2807 rs564376 109032000 1 5.546386179405061e-4 109032000 109032557 557
6 3264 rs9375664 130092678 3 5.541330698663892e-4 130092485 130094673 2188
6 3752 rs2500515 149297245 1 -5.537359031568962e-4 149295702 149307684 11982
6 1800 rs12213017 55805282 1 5.530249412412973e-4 55770995 55805282 34287
6 2506 rs436889 95003654 3 5.51728780729864e-4 95002441 95012223 9782
6 2577 rs1481449 98971740 1 5.50022685368679e-4 98962591 98971740 9149
6 627 rs4507599 18030178 1 5.457959161486808e-4 18021075 18030178 9103
6 4341 rs697462 166374108 1 5.4412144046013e-4 166374108 166374108 0
6 88 rs9503233 2623930 1 -5.439713646975207e-4 2608995 2626824 17829
6 3285 rs873146 130839788 2 -5.434067715935337e-4 130839788 130839788 0
6 2989 rs210643 117901283 1 5.399266725848816e-4 117869850 117916942 47092
6 3299 rs6938586 131209404 2 5.397301409120132e-4 131184770 131215821 31051
6 3096 rs11965644 123047590 3 5.38504298808885e-4 123034505 123047590 13085
6 689 rs45596536 20109956 1 -5.376126728706522e-4 20109956 20109956 0
6 1303 rs4714043 37169627 1 -5.375093345661176e-4 37169627 37169627 0
6 109 rs7775816 3057413 1 -5.372527972247818e-4 3055752 3058690 2938
6 816 rs926453 23442229 1 5.364025524326662e-4 23442229 23446234 4005
6 4081 rs9365009 159340672 1 5.363793430808075e-4 159338019 159340892 2873
6 2052 rs9442891 73844174 1 5.34299149408996e-4 73844174 73845366 1192
6 3734 rs1147858 148838112 1 5.32348353162508e-4 148838112 148840980 2868
6 2887 rs2237248 112538465 1 5.321128838239726e-4 112536990 112538465 1475
6 3862 rs2881766 152119119 1 -5.253851919495789e-4 152110943 152119119 8176
6 2236 rs9341911 82852544 2 -5.247060767176264e-4 82807521 82852544 45023
6 3978 rs1571766 155577823 1 5.245513882948744e-4 155568881 155596700 27819
6 4392 rs7747434 167274198 2 5.226806936444669e-4 167267919 167274198 6279
6 1550 rs1321080 45358323 2 -5.198347922869598e-4 45358323 45358323 0
6 2728 rs11968354 106117591 1 5.187578629185865e-4 106089212 106117591 28379
6 3098 rs9372715 123086188 2 5.175394781572983e-4 123086188 123095188 9000
6 3054 rs12194792 121084577 1 5.154908315037684e-4 121083812 121106523 22711
6 3056 rs10499100 121208345 1 -5.1415464622094e-4 121153942 121208345 54403
6 3466 rs9389508 137801211 1 -5.129337918086692e-4 137799725 137806717 6992
6 1667 rs12207656 51405556 2 -5.11707113002226e-4 51405556 51412786 7230
6 1963 rs6914524 70280617 1 -5.092613510943719e-4 70246201 70286223 40022
6 3821 rs803413 151149077 1 -5.084664483759318e-4 151145278 151161116 15838
6 605 rs4236170 17083865 1 5.074002537899401e-4 17081711 17085201 3490
6 365 rs13217591 9956562 1 5.043316006857348e-4 9956562 9956562 0
6 726 rs6926388 21204796 2 5.042825826662523e-4 21191928 21205388 13460
6 2388 rs4706352 90609718 1 5.039529762868176e-4 90603505 90615280 11775
6 1579 rs4711853 46457836 1 5.004801398466875e-4 46440557 46485635 45078
6 2612 rs12203515 100430062 2 -4.964042215516137e-4 100430062 100439009 8947
6 3083 rs1357053 122298807 1 -4.918521768340659e-4 122298807 122313558 14751
6 3786 rs877907 150532488 2 4.915402788572132e-4 150532221 150533715 1494
6 1429 rs9296359 41205690 1 -4.864095850082016e-4 41197857 41206704 8847
6 3541 rs505897 140444057 2 4.8609855939225465e-4 140371611 140578494 206883
6 1243 rs3756856 35110705 1 4.8046649905272127e-4 35090097 35117399 27302
6 2258 rs1144184 84017921 3 -4.792268280928314e-4 83976802 84020324 43522
6 961 rs3094549 29355148 2 4.759023257971664e-4 29355113 29355148 35
6 955 rs7752270 29053998 2 4.742338832133491e-4 28994570 29104935 110365
6 3961 rs7745332 155301046 1 -4.723574106585306e-4 155295590 155301046 5456
6 3965 rs7744915 155368063 2 4.723230743907636e-4 155366098 155368063 1965
6 3948 rs4870294 154787639 1 4.7020557680872526e-4 154783783 154787639 3856
6 2044 rs9351947 73525349 1 -4.687075049758454e-4 73525349 73525349 0
6 778 rs2504818 22491695 1 -4.65932088795093e-4 22491270 22502606 11336
6 86 rs2794553 2573748 1 -4.651081045020997e-4 2567893 2579405 11512
6 2615 rs6908728 100619658 1 4.644378409156924e-4 100601918 100627435 25517
6 4116 rs3777406 160496055 1 -4.633873775956398e-4 160493834 160517481 23647
6 4194 rs12202396 162597463 2 -4.631725471794569e-4 162597463 162601721 4258
6 1865 rs4710286 65520297 2 4.605731963606247e-4 65518623 65520297 1674
6 2660 rs3849205 102601177 1 4.574699880220428e-4 102601177 102601177 0
6 632 rs72840622 18208415 1 -4.5691211067426e-4 18208415 18208415 0
6 453 rs1999622 12488729 1 4.54361825028553e-4 12484118 12494502 10384
6 4465 rs1757975 169393766 1 -4.525674885382822e-4 169393766 169398467 4701
6 2953 rs9374564 116014608 1 -4.518507571337384e-4 116011942 116085882 73940
6 1799 rs12195643 55754378 2 -4.500891011121342e-4 55754378 55766417 12039
6 3869 rs9371236 152306346 1 4.492403230580695e-4 152302578 152306346 3768
6 2306 rs6900270 86214507 1 4.48473121902995e-4 86176625 86214507 37882
6 2105 rs9352247 76645803 1 4.460643704420963e-4 76640781 76645803 5022
6 1884 rs12524044 66482647 1 -4.44219304665132e-4 66478480 66516749 38269
6 3340 rs10484483 132647962 1 4.406320304262534e-4 132647962 132647962 0
6 4480 rs381753 169809716 2 -4.37263834670647e-4 169805128 169820381 15253
6 546 rs2179168 15477030 4 4.312139385096543e-4 15476048 15500687 24639
6 1940 rs777625 68898262 1 4.2683852586714136e-4 68898262 68898262 0
6 1590 rs220673 46841806 1 4.2558047421854e-4 46841806 46847501 5695
6 3779 rs9479642 150414026 1 -4.247980406149137e-4 150412833 150416731 3898
6 3663 rs6914746 146127029 1 -4.2376693519140414e-4 146127029 146158052 31023
6 2564 rs1338551 98209349 1 -4.235855253885439e-4 98202741 98212409 9668
6 2337 rs9344717 88462545 1 -4.215187503564438e-4 88462545 88466990 4445
6 1224 rs4711374 34015765 1 4.211907887661552e-4 34015765 34015765 0
6 2478 rs1998577 93871629 3 4.180972486464356e-4 93854735 93880964 26229
6 2484 rs9354002 93947307 1 -4.177670178097486e-4 93947307 93962762 15455
6 2987 rs4946260 117822993 4 4.133965224621594e-4 117814437 117823508 9071
6 2171 rs6913297 79990109 1 -4.133706104485483e-4 79944994 79990109 45115
6 2283 rs4349787 85354880 1 -4.1200527361767334e-4 85342772 85354880 12108
6 695 rs9348414 20168333 1 -4.112044734725765e-4 20168333 20171926 3593
6 1504 rs943080 43826627 1 4.1075690516793466e-4 43823689 43828573 4884
6 2695 rs4329144 104356572 1 -4.096772288849639e-4 104347952 104377656 29704
6 3753 rs2500548 149336354 1 -4.072247241732747e-4 149329267 149336354 7087
6 1401 rs1886753 40327096 1 4.0577256702073315e-4 40321778 40327096 5318
6 4387 rs1883361 167161571 1 -4.047303732554461e-4 167161571 167161571 0
6 864 rs4712856 24822304 1 -4.033646934317677e-4 24808771 24828490 19719
6 1325 rs6929224 37746848 1 4.033590714862404e-4 37746848 37746848 0
6 2630 rs2813652 101584342 1 -4.023616957226772e-4 101573555 101584342 10787
6 2972 rs339346 117218693 2 -4.022187948957154e-4 117210052 117240593 30541
6 1635 rs503422 49337199 1 4.020024920680162e-4 49303938 49337199 33261
6 2154 rs6911371 78953246 1 4.013659486331699e-4 78926082 78955109 29027
6 1259 rs2766551 35718651 1 -3.967248550584059e-4 35718651 35718651 0
6 1150 rs241429 32803840 1 3.9236851280370774e-4 32803840 32804070 230
6 4168 rs6455745 162061459 1 3.914363000703131e-4 162060468 162068565 8097
6 2588 rs2747739 99462075 1 3.913448784882832e-4 99446985 99478304 31319
6 3289 rs9492657 130927023 2 3.906600709190827e-4 130923327 130928445 5118
6 3745 rs1351698 149214810 1 -3.9041074484649985e-4 149214810 149214810 0
6 3790 rs11760085 150591429 1 3.90293976626273e-4 150589471 150591429 1958
6 4462 rs6927830 169327156 2 -3.8851590842927297e-4 169326799 169327747 948
6 95 rs9328128 2775431 2 -3.8619435505167304e-4 2759201 2775431 16230
6 3022 rs9320680 119451257 1 3.841503569112127e-4 119451257 119460786 9529
6 525 rs3817758 14540747 1 3.839263129084351e-4 14537067 14551593 14526
6 3719 rs13216119 148462046 1 -3.814684204368873e-4 148462046 148467702 5656
6 528 rs857477 14626729 1 -3.810861330400421e-4 14626729 14627157 428
6 4333 rs9348048 166227582 1 -3.8079304206635136e-4 166227582 166227582 0
6 2765 rs2077953 107158033 2 3.806139749944489e-4 107152741 107162648 9907
6 2578 rs2086512 99011501 1 3.8002155146835294e-4 99011501 99014744 3243
6 558 rs6931813 15923485 1 -3.791002488903594e-4 15923183 15923485 302
6 907 rs2237231 26017171 1 -3.7856509898532274e-4 25983010 26031613 48603
6 710 rs9460540 20648762 2 -3.778019167996427e-4 20641336 20664312 22976
6 3077 rs1324095 121860377 2 -3.774364851689584e-4 121850570 121860377 9807
6 4466 rs9364195 169410675 1 -3.7634987722369337e-4 169405314 169422415 17101
6 3860 rs6939683 152090324 1 3.71323441592781e-4 152090045 152092749 2704
6 3325 rs858338 132153207 1 3.706451557035902e-4 132151105 132153207 2102
6 2908 rs6910441 113411883 1 -3.701444866974836e-4 113411883 113438795 26912
6 633 rs177296 18270760 1 -3.7008485170280834e-4 18256625 18301503 44878
6 2529 rs2785910 96332506 1 3.68439040148122e-4 96324208 96356827 32619
6 3876 rs2635438 152506470 2 3.6799220065843495e-4 152495811 152506470 10659
6 4486 rs6459664 170180607 1 -3.6752394755084825e-4 170143300 170190200 46900
6 310 rs267184 7833429 2 3.632319093762647e-4 7833429 7860317 26888
6 235 rs6597197 6253017 1 3.622835754828466e-4 6253017 6253017 0
6 5 rs7749710 442410 1 3.5888854932709886e-4 442410 444600 2190
6 291 rs9505168 7327846 1 3.5856133956285366e-4 7327846 7327846 0
6 4500 rs9366189 170566985 2 -3.5850073590907244e-4 170560679 170567708 7029
6 4448 rs9295077 169014011 2 3.5822260028419583e-4 169014011 169022053 8042
6 3349 rs3813354 132910634 1 3.5812299531853885e-4 132910612 132913582 2970
6 403 rs9468304 11042165 1 -3.575450122538395e-4 10982359 11042909 60550
6 2620 rs3778036 100844105 1 3.5734521657551394e-4 100844105 100862051 17946
6 666 rs6921277 19492819 3 -3.571478287954958e-4 19492819 19532627 39808
6 3685 rs1408575 147222900 1 3.5673773467052264e-4 147216278 147222900 6622
6 3345 rs1591811 132842396 1 3.566690348701943e-4 132842396 132847676 5280
6 242 rs6924158 6355950 1 -3.547946837989714e-4 6355950 6363273 7323
6 3653 rs4141953 145422462 1 3.529925578628622e-4 145421935 145472281 50346
6 4240 rs4709708 163761520 1 -3.5276270999545745e-4 163758941 163761520 2579
6 3591 rs9321898 143604514 1 3.4953204961736995e-4 143598107 143621631 23524
6 2968 rs6568952 116932077 1 3.493667249755103e-4 116923596 117011184 87588
6 1906 rs7747972 67403879 1 3.4440577811573677e-4 67384568 67403879 19311
6 3522 rs6925036 139630138 1 -3.4333101903109614e-4 139630138 139630138 0
6 4093 rs9364510 159726375 1 -3.431331983880464e-4 159725583 159756737 31154
6 4485 rs41265385 170068086 2 3.429169483891928e-4 170068086 170113244 45158
6 2846 rs6922009 110819059 1 -3.419902230385525e-4 110819059 110828403 9344
6 1751 rs16885294 54265396 1 3.419829727657324e-4 54265396 54290333 24937
6 853 rs2760140 24481039 3 -3.414888367897998e-4 24464907 24481039 16132
6 4507 rs12207633 170847181 6 -3.414685366246442e-4 170802175 170847181 45006
6 4215 rs6455848 163153238 1 3.4088238101465703e-4 163113502 163166902 53400
6 2437 rs7747127 92263829 1 3.375203641662007e-4 92250788 92295535 44747
6 2483 rs1486757 93941861 1 -3.34532498774143e-4 93928345 93942185 13840
6 1873 rs9342464 66005888 1 3.3392515242839933e-4 66002389 66042231 39842
6 16 rs12530461 614353 2 3.3379301883205016e-4 611969 625268 13299
6 1922 rs13220457 68026073 1 3.325272164823547e-4 68024278 68050150 25872
6 663 rs2172963 19437583 1 -3.3224325729775946e-4 19432673 19437583 4910
6 1030 rs9262495 30986527 1 3.312150723481201e-4 30986527 30992346 5819
6 2737 rs7766801 106373715 1 3.305392328732923e-4 106368296 106374868 6572
6 1716 rs2816364 53094839 5 3.2920670527552696e-4 53087535 53096986 9451
6 498 rs1192057 13948389 1 3.259769443496438e-4 13943781 13952482 8701
6 1561 rs10498762 45743286 1 -3.2593053216750255e-4 45743286 45756479 13193
6 1373 rs9394585 39331508 1 -3.2446686964295675e-4 39331508 39331508 0
6 3499 rs4576272 138905857 2 -3.2370292742543586e-4 138899640 138909908 10268
6 3736 rs8641 148869910 1 3.2338765255228647e-4 148869370 148883305 13935
6 2701 rs6571174 104706579 1 -3.228624827970295e-4 104697453 104707641 10188
6 1642 rs16879498 49580247 4 3.225640401466782e-4 49580247 49602760 22513
6 3141 rs1851780 124627115 1 3.221567882381136e-4 124627115 124632606 5491
6 1420 rs7746902 40926958 1 3.213278221853484e-4 40926958 40928923 1965
6 4041 rs9355853 158077053 2 3.202712432257963e-4 158077053 158086912 9859
6 3703 rs6916917 148127474 1 3.2021150544588007e-4 148127474 148133431 5957
6 90 rs9503245 2666848 6 -3.196806798385451e-4 2666478 2668872 2394
6 2729 rs845864 106132323 1 3.1728857653809e-4 106132323 106132323 0
6 157 rs4959949 4384960 1 -3.13502603381906e-4 4378997 4384960 5963
6 1232 rs16889706 34384852 2 -3.131511619513898e-4 34249546 34384852 135306
6 2805 rs9372187 108875645 1 3.1251322389506974e-4 108867031 108927842 60811
6 2269 rs2497129 84799673 1 -3.1176885660268194e-4 84799185 84802323 3138
6 3847 rs17081341 151837570 1 3.1080944326484854e-4 151832668 151837570 4902
6 2000 rs9455394 71963483 1 3.0721396569842067e-4 71950242 71965671 15429
6 1402 rs6903068 40354316 2 -3.065563806515385e-4 40350935 40370499 19564
6 849 rs1321820 24420113 2 -3.056946539412151e-4 24401654 24425935 24281
6 2439 rs16884621 92365086 1 3.0398714105110453e-4 92365086 92387427 22341
6 372 rs13195786 10163968 1 3.0356832763408495e-4 10163721 10163968 247
6 2076 rs9360769 74998457 1 3.029594269423852e-4 74997693 75040446 42753
6 1011 rs970270 30347306 1 -2.9936124579605836e-4 30325531 30364524 38993
6 201 rs7763423 5523888 1 -2.983154713141743e-4 5523888 5524393 505
6 3516 rs2498638 139397459 1 2.9739255073692335e-4 139397459 139397459 0
6 3827 rs17080705 151340454 1 2.9733921076116317e-4 151338793 151341298 2505
6 3073 rs4945688 121779646 1 -2.966841333088993e-4 121779646 121779646 0
6 2771 rs3763212 107381245 1 -2.9435846453566795e-4 107380837 107381609 772
6 4300 rs12174875 165471482 1 2.943295574572697e-4 165471482 165478051 6569
6 54 rs9405475 1441282 1 2.9265238225410344e-4 1441282 1441282 0
6 3806 rs1492574 150868443 1 2.921742737832767e-4 150851876 150873766 21890
6 366 rs201260 9994389 1 2.920434682436795e-4 9994389 9994389 0
6 2544 rs4839835 96894328 1 2.9195275678791673e-4 96861476 97051593 190117
6 3001 rs3923322 118428025 1 -2.9181419073622103e-4 118424094 118442855 18761
6 3236 rs9482955 129236954 1 2.8939424821504357e-4 129236954 129280105 43151
6 1472 rs9369362 42462055 2 -2.861904584678781e-4 42462055 42462055 0
6 3016 rs12191819 119254373 1 2.830450484870753e-4 119251971 119287609 35638
6 2542 rs9386443 96834665 1 -2.8286251822310824e-4 96796630 96839039 42409
6 4235 rs4708985 163701950 2 2.8160415244267206e-4 163697439 163704008 6569
6 3492 rs17067480 138683525 1 -2.81023716983548e-4 138674754 138710524 35770
6 2348 rs6454676 88877455 1 2.799472867830729e-4 88867925 88883356 15431
6 2317 rs9342077 87219320 2 2.794641761234979e-4 87186441 87247387 60946
6 3216 rs10484716 128175722 1 2.7756780288342955e-4 128143774 128184738 40964
6 2763 rs3804344 107087870 1 2.7699415249186606e-4 107084941 107091220 6279
6 1871 rs9453211 65873577 1 2.7554429693174207e-4 65857285 65882186 24901
6 2616 rs6928245 100674018 1 2.727355690746125e-4 100668277 100698564 30287
6 775 rs9356821 22426161 1 2.702619582468533e-4 22400585 22446285 45700
6 4488 rs9371179 170227259 1 -2.68642428099541e-4 170226400 170239266 12866
6 652 rs1977368 19008948 1 -2.679265518675672e-4 19002293 19015964 13671
6 3991 rs9480176 155950001 1 2.6592343901091046e-4 155927459 155950001 22542
6 3265 rs17473162 130140120 2 2.647711019945081e-4 130140120 130154686 14566
6 951 rs11754985 28711074 2 2.6143190952217265e-4 28689672 28722799 33127
6 2099 rs13198000 76027221 1 -2.612752776929743e-4 76009426 76096230 86804
6 1765 rs1503151 54671090 1 -2.59550763627496e-4 54642372 54682824 40452
6 3569 rs17071819 142818428 1 2.593444102024992e-4 142797289 142846707 49418
6 757 rs12207699 21929886 1 -2.5737682869697917e-4 21921026 21938007 16981
6 1888 rs1484575 66656814 1 2.5517001037360235e-4 66624531 66656814 32283
6 1979 rs12194189 70949399 1 2.550610775606546e-4 70946110 70961833 15723
6 1344 rs1738254 38747770 1 -2.5381806768628984e-4 38728142 38747770 19628
6 3902 rs12189965 153308312 1 -2.535796322012126e-4 153306005 153333328 27323
6 2446 rs2249818 92750174 1 -2.518197775162012e-4 92750174 92756602 6428
6 1594 rs7741421 46943111 1 -2.5036635121401216e-4 46941930 46953068 11138
6 4261 rs7775629 164361544 1 -2.476074095859415e-4 164361544 164361544 0
6 1523 rs35623954 44270870 1 -2.471987639799263e-4 44246766 44279111 32345
6 2120 rs1902852 77387073 2 2.467357178570584e-4 77382995 77387073 4078
6 1790 rs6917354 55364966 1 -2.440099963203084e-4 55364966 55393286 28320
6 2604 rs13193313 100108500 1 2.427913660307631e-4 100062766 100112101 49335
6 4196 rs12203066 162660066 1 -2.361410892966919e-4 162642724 162667011 24287
6 1762 rs17545325 54623801 1 2.3600136998745528e-4 54604517 54623801 19284
6 3668 rs362856 146719883 1 2.353341795334041e-4 146719883 146719883 0
6 3842 rs9397389 151629865 1 2.3331008429488656e-4 151629865 151629865 0
6 183 rs12332997 4995464 1 -2.3283029704955304e-4 4995464 5004596 9132
6 3802 rs13210742 150786882 1 -2.3027733416912104e-4 150778793 150786882 8089
6 2278 rs713170 85135586 1 -2.3005337795439185e-4 85135586 85135586 0
6 3908 rs315428 153515011 1 -2.297648942283158e-4 153515011 153520113 5102
6 1819 rs9464407 56779570 1 -2.2953686371422744e-4 56779570 56789311 9741
6 3309 rs1190799 131512245 1 -2.2546024211876568e-4 131512245 131520655 8410
6 2824 rs1096136 110016656 1 2.237993648960531e-4 109896308 110028962 132654
6 3756 rs4897080 149423228 1 2.1920222080681545e-4 149416054 149435111 19057
6 4431 rs6924059 168666768 1 2.1756184830640205e-4 168654978 168666768 11790
6 1298 rs12524778 36957084 1 -2.171199420827637e-4 36955524 36957084 1560
6 2845 rs11153236 110797821 2 -2.1684143441092537e-4 110797821 110807782 9961
6 1366 rs1885617 39253615 1 -2.16729637738692e-4 39243544 39261244 17700
6 2613 rs4461737 100495365 2 -2.165739046142195e-4 100480795 100520931 40136
6 1794 rs9475383 55571611 1 -2.163785772610678e-4 55570809 55571611 802
6 1343 rs17623162 38702959 1 -2.1557752648613347e-4 38702959 38706073 3114
6 4040 rs6920753 158071161 1 -2.1492029360675936e-4 158069399 158071161 1762
6 2467 rs1040155 93561150 1 2.1474886047592284e-4 93543278 93562872 19594
6 2849 rs6941942 110907523 1 -2.136013789823807e-4 110907523 110907523 0
6 3115 rs9388238 123731285 1 -2.1337601733586136e-4 123728539 123750519 21980
6 2074 rs10455296 74894737 1 -2.1223461798511697e-4 74891239 74959600 68361
6 1659 rs927716 51052686 1 2.1151693464079813e-4 51038157 51087831 49674
6 2797 rs17069122 108323759 1 -2.1137508708294933e-4 108323759 108323759 0
6 2193 rs346343 80609413 1 -2.095356540861623e-4 80597212 80609413 12201
6 1687 rs742552 52126705 2 -2.0775377046134273e-4 52126705 52142092 15387
6 786 rs1570086 22713241 1 -2.042132450838887e-4 22709603 22713241 3638
6 3306 rs543363 131451112 1 -2.0352647332861224e-4 131451112 131451112 0
6 1664 rs2397045 51266877 1 -2.03441247517388e-4 51265608 51294341 28733
6 2356 rs11757661 89183580 1 2.029017437673969e-4 89183580 89183580 0
6 4211 rs2846463 162966431 1 2.024047633758879e-4 162962262 162970471 8209
6 2197 rs2230513 80717676 2 -2.019568130980456e-4 80715838 80754346 38508
6 3565 rs225699 142531037 1 -1.995166342305225e-4 142514226 142560307 46081
6 638 rs7755288 18499926 1 -1.988849854510496e-4 18476660 18499926 23266
6 108 rs1885300 3029127 1 1.9838768371681085e-4 3027131 3032804 5673
6 732 rs1459044 21250287 1 1.9734209549553735e-4 21250287 21264120 13833
6 196 rs9405834 5457827 1 1.9697344996860735e-4 5448113 5457827 9714
6 4299 rs9347983 165466890 1 -1.9673218620460984e-4 165466890 165469641 2751
6 2552 rs1206112 97441555 1 -1.957206698573613e-4 97440588 97441555 967
6 3570 rs13217677 142921498 1 1.9461364008498496e-4 142879589 142921498 41909
6 1436 rs6912359 41389484 1 -1.94467351503845e-4 41389484 41392686 3202
6 3462 rs12662095 137695321 1 -1.942170669731479e-4 137692864 137695321 2457
6 327 rs7453084 8352004 1 1.9410698212534515e-4 8349511 8353148 3637
6 135 rs6596999 3781719 1 1.9390485624125965e-4 3781719 3783763 2044
6 4456 rs1040932 169175473 1 1.92359179861196e-4 169166139 169185496 19357
6 3060 rs9490099 121296521 1 1.9176736838051985e-4 121269693 121296521 26828
6 2347 rs806365 88845949 1 1.915942976336884e-4 88843390 88845949 2559
6 1356 rs10305492 39046794 2 1.9043847297749508e-4 39034072 39046794 12722
6 3534 rs17069144 139967247 1 1.860483103258501e-4 139962517 139976184 13667
6 1724 rs2277108 53370014 1 -1.8564220004998655e-4 53368309 53370395 2086
6 3240 rs9388686 129425564 1 1.8539241865518923e-4 129422405 129454510 32105
6 173 rs9504202 4684896 1 1.8509130274167528e-4 4683536 4684896 1360
6 1812 rs653872 56283552 1 1.8423044602625184e-4 56265544 56285938 20394
6 2109 rs6922651 76830541 1 1.8410478070288752e-4 76828777 76830541 1764
6 2772 rs1665912 107399970 5 -1.8363484836762985e-4 107396658 107408585 11927
6 2721 rs6902999 105759546 1 1.8282043649494911e-4 105759546 105783150 23604
6 662 rs9295432 19407446 1 1.810738757112953e-4 19390126 19428772 38646
6 4271 rs9458996 164541324 1 -1.8006204361820956e-4 164541324 164541324 0
6 1556 rs6941971 45587594 1 1.7968118645636115e-4 45569863 45595551 25688
6 3738 rs9498131 149016528 2 -1.785309076473762e-4 148998775 149026711 27936
6 1318 rs12191285 37603516 1 1.7683916817805897e-4 37603516 37603516 0
6 4326 rs4709088 166090378 1 -1.7629994356391191e-4 166088295 166097078 8783
6 165 rs6907555 4539480 2 1.756476618403006e-4 4520511 4540433 19922
6 2623 rs1392969 101091434 1 1.7546610040351346e-4 100957344 101091434 134090
6 211 rs2326632 5625287 1 1.7336422327047507e-4 5625287 5632356 7069
6 4184 rs1789993 162398976 4 1.7176096278199212e-4 162396518 162428289 31771
6 2038 rs17692715 73356342 1 1.6760166983835926e-4 73343796 73356342 12546
6 970 rs29246 29588146 1 1.6608520781430765e-4 29566369 29598119 31750
6 679 rs9465549 19871076 1 -1.6509235254151647e-4 19871076 19876533 5457
6 2028 rs1852702 72908366 1 -1.6471532401068705e-4 72875512 72919804 44292
6 3954 rs1022404 154899702 2 1.6447496984847384e-4 154899702 154899702 0
6 3932 rs677830 154428666 1 -1.6434594777517847e-4 154418147 154428666 10519
6 1766 rs11964644 54695124 1 1.6233338980888113e-4 54690468 54695195 4727
6 1731 rs9367538 53506487 1 1.6095603514441458e-4 53497222 53511561 14339
6 1265 rs9470219 36075219 1 -1.5932696044383183e-4 35993906 36075219 81313
6 1611 rs4715004 47363213 2 -1.5799399481557653e-4 47363213 47385461 22248
6 2070 rs9447121 74754551 1 1.5567974697551357e-4 74754551 74775904 21353
6 621 rs4142551 17603200 1 1.5505784505872485e-4 17603200 17688693 85493
6 3426 rs737561 135754471 1 -1.53459308679426e-4 135749202 135903717 154515
6 4139 rs1247336 161377557 1 1.5310593466419422e-4 161377557 161383479 5922
6 2761 rs11968064 107022395 2 1.5089063671540104e-4 107012225 107056401 44176
6 126 rs7760989 3496602 1 1.507995248516588e-4 3485134 3496602 11468
6 2351 rs1408702 88973751 1 1.5075832220932652e-4 88955689 88973751 18062
6 1911 rs9345935 67664566 1 1.497006616353738e-4 67656128 67681572 25444
6 1898 rs11753317 67109478 1 -1.4960948144406372e-4 67102644 67110160 7516
6 381 rs533746 10388968 2 1.493113537741667e-4 10388968 10388968 0
6 1533 rs11757334 44477192 1 -1.4886488341606504e-4 44477192 44477192 0
6 1568 rs3822887 45908191 1 -1.4849067278427977e-4 45908191 45920934 12743
6 3015 rs988098 119240226 1 -1.467467458186349e-4 119126703 119240226 113523
6 4426 rs9364414 168571947 1 -1.4541196437607302e-4 168570657 168571947 1290
6 2331 rs117649467 88140811 1 -1.4460760887251105e-4 88123549 88166279 42730
6 1452 rs10947997 41921241 1 1.4366234339030203e-4 41905275 41921241 15966
6 1274 rs4713956 36275458 1 1.403370027812937e-4 36275458 36275458 0
6 916 rs9461249 26383386 1 -1.390409255086627e-4 26382765 26389926 7161
6 1872 rs697305 65972053 1 1.3763448745963714e-4 65952526 65972053 19527
6 4195 rs1801474 162622197 1 1.3405663351749258e-4 162610330 162622828 12498
6 2835 rs1381688 110396540 1 -1.3401381150954082e-4 110389926 110399223 9297
6 2686 rs7740196 104031885 1 1.3093293098455106e-4 104030544 104045013 14469
6 136 rs6916614 3817299 1 -1.3057274202910423e-4 3808855 3817299 8444
6 2209 rs976145 81407258 1 1.2997196704747456e-4 81406662 81429073 22411
6 4295 rs12189587 165332257 1 -1.2729795323706392e-4 165324358 165332257 7899
6 1443 rs2477842 41489441 1 -1.2354520446701116e-4 41489441 41489441 0
6 1248 rs1883323 35365346 1 1.2129244014471925e-4 35365346 35365346 0
6 1535 rs618617 44568740 1 1.196725868406585e-4 44568740 44568740 0
6 244 rs9504822 6451562 1 -1.1881671634781923e-4 6409308 6451562 42254
6 3422 rs9399143 135541395 1 -1.187907133019634e-4 135541194 135541395 201
6 2296 rs562034 85845189 1 -1.1875018113745188e-4 85842716 85845189 2473
6 3058 rs7748279 121238247 1 -1.1866028750253256e-4 121225325 121252327 27002
6 4118 rs34130495 160560824 2 -1.1832761560338132e-4 160553007 160560845 7838
6 1729 rs475333 53470082 1 -1.1827898951155068e-4 53465000 53478869 13869
6 1138 rs3873444 32682724 1 1.180731781839365e-4 32682724 32682862 138
6 3568 rs9496346 142669338 2 1.164293053685635e-4 142669338 142777029 107691
6 2798 rs9374007 108358328 2 1.158769954612461e-4 108339363 108381347 41984
6 3205 rs1555091 127436645 2 1.1571351370379036e-4 127421733 127436645 14912
6 451 rs6901053 12446475 1 1.156060952769067e-4 12446475 12446475 0
6 3975 rs17086046 155519888 1 -1.1446870589288226e-4 155517672 155519888 2216
6 1191 rs191549504 33411673 1 1.1400403644307332e-4 33358278 33431517 73239
6 3061 rs6569173 121345270 1 -1.1229629628212208e-4 121313346 121349899 36553
6 3789 rs789501 150584385 1 1.1206148076572168e-4 150584385 150584385 0
6 1406 rs12662633 40474306 1 1.116476796132624e-4 40469438 40489942 20504
6 2571 rs9372752 98626561 1 1.0863990354732062e-4 98597809 98637119 39310
6 4323 rs3008034 166043862 2 -1.0855816392840724e-4 166042705 166051508 8803
6 1830 rs1715026 62515691 1 1.0721576421675866e-4 62404096 62515691 111595
6 2299 rs7749042 85985075 1 -1.0593200053055676e-4 85953339 85985075 31736
6 2461 rs2730835 93279039 1 1.054532291348134e-4 93264306 93279039 14733
6 1952 rs1932618 69666684 1 1.0486858167839306e-4 69666684 69667472 788
6 709 rs17823073 20633045 2 1.0486805774112763e-4 20622753 20639409 16656
6 1817 rs6904535 56631976 1 1.0286195621384304e-4 56631976 56631976 0
6 1978 rs658805 70909073 2 1.0104243441338891e-4 70873331 70923469 50138
6 2947 rs9400812 115592094 1 9.93826790854455e-5 115592094 115605767 13673
6 1943 rs1337542 69019389 1 -9.860860562698612e-5 68969163 69041360 72197
6 4467 rs369417 169434121 1 -9.712243857324044e-5 169434121 169436455 2334
6 57 rs11242704 1535998 2 -9.640723695304476e-5 1529787 1537144 7357
6 3916 rs12524089 153798384 1 -9.402681502185316e-5 153798384 153827582 29198
6 1326 rs6937655 37769082 3 9.38872118981865e-5 37761373 37769082 7709
6 1689 rs11964170 52182262 1 -9.359922854501044e-5 52178604 52193513 14909
6 1088 rs3093998 31485174 1 9.2982592200032e-5 31485174 31513402 28228
6 4141 rs9458073 161406871 1 -9.281766173278196e-5 161393311 161406871 13560
6 873 rs9461088 24971721 1 9.256602506164694e-5 24971403 24971721 318
6 1700 rs2063643 52478364 1 -9.184049348745849e-5 52478364 52497284 18920
6 2557 rs1206155 97549206 2 -9.17642705832036e-5 97546036 97550063 4027
6 1927 rs6911763 68317796 1 9.112177734478884e-5 68317796 68322659 4863
6 416 rs4076156 11424279 1 8.902180938757252e-5 11412916 11424279 11363
6 720 rs9368262 20994398 2 -8.898562402724316e-5 20954826 20999387 44561
6 2744 rs9320151 106583964 5 8.78686663697871e-5 106582920 106597639 14719
6 2041 rs9293911 73470432 1 8.761859535847988e-5 73470432 73472914 2482
6 752 rs6916032 21805714 2 -8.706157552905823e-5 21805714 21805714 0
6 4199 rs952388 162716541 1 8.576422664359362e-5 162716541 162716541 0
6 2874 rs12526016 112127339 2 8.42184783863065e-5 112121228 112138882 17654
6 289 rs9505103 7272069 3 -8.413390839640244e-5 7272006 7274354 2348
6 2836 rs2334324 110617709 2 8.311701804959688e-5 110555401 110617709 62308
6 541 rs12530202 15247393 1 8.195352707678537e-5 15247393 15250052 2659
6 2152 rs9361361 78833986 1 8.14392167516282e-5 78817347 78866182 48835
6 1009 rs10484551 30256838 1 8.142968916702067e-5 30240074 30316739 76665
6 1789 rs7749819 55334405 1 -8.086092454405032e-5 55323430 55337062 13632
6 367 rs2327221 10035875 1 -8.07506372844842e-5 10012023 10035875 23852
6 3238 rs10457513 129364595 1 -7.933783970364141e-5 129364595 129371106 6511
6 283 rs665723 7139064 3 7.896408247655212e-5 7131524 7139064 7540
6 3334 rs6914252 132377974 2 -7.823145631362032e-5 132373986 132399304 25318
6 133 rs226957 3729346 1 -7.801706782167854e-5 3729346 3737700 8354
6 2323 rs16878041 87666493 2 7.706060319999627e-5 87666493 87684800 18307
6 363 rs1206973 9846872 1 7.650308500984584e-5 9843575 9869358 25783
6 1096 rs9469069 31866418 3 -7.650275044482e-5 31837250 31870873 33623
6 1359 rs228815 39106945 1 -7.568891739436516e-5 39098344 39110904 12560
6 2451 rs9451963 92941472 3 -7.561326431929537e-5 92918288 92941472 23184
6 3500 rs9484186 138929434 2 7.484735269991616e-5 138929434 138939675 10241
6 3539 rs12193363 140233896 3 -7.312691681455143e-5 140206760 140233896 27136
6 3858 rs3020343 152054363 1 7.114203763481264e-5 152054363 152059563 5200
6 139 rs2252854 3859096 1 7.110885615892629e-5 3859096 3860010 914
6 1990 rs2273566 71546702 1 -6.91281253744371e-5 71377781 71546702 168921
6 1744 rs1150884 54032665 1 6.873684711524077e-5 53995504 54050219 54715
6 4119 rs34059508 160575837 1 -6.867250720629996e-5 160572866 160578860 5994
6 3755 rs6917010 149398511 2 6.825445650426745e-5 149366064 149411689 45625
6 2190 rs9352767 80518249 1 -6.553321735173368e-5 80516121 80518249 2128
6 2220 rs2120536 82093149 2 -6.522788732339464e-5 82087297 82120647 33350
6 2678 rs10484475 103614455 1 6.504100187428915e-5 103614455 103622001 7546
6 1680 rs1896978 51948935 1 -6.454067784714525e-5 51890823 51948935 58112
6 3808 rs1492575 150908775 1 -6.441294602537061e-5 150908613 150913528 4915
6 909 rs129128 26125342 2 6.180667497100451e-5 26093141 26125342 32201
6 606 rs6914177 17115648 1 -6.117201378588926e-5 17106718 17122836 16118
6 1786 rs10948916 55274623 1 -5.9487498301977814e-5 55265397 55282429 17032
6 1379 rs9471112 39430873 1 5.933418493373365e-5 39421715 39431229 9514
6 1253 rs6924087 35531205 3 5.762844429908591e-5 35503576 35531205 27629
6 3771 rs9371544 150217360 2 -5.756459163615843e-5 150210681 150226059 15378
6 1508 rs833623 43898777 1 -5.751419732363758e-5 43897727 43898777 1050
6 355 rs9395670 9561817 1 -5.654359200688663e-5 9553237 9567341 14104
6 318 rs3734590 8015720 1 -5.521717556281786e-5 8005381 8038317 32936
6 1246 rs6920432 35298662 1 5.119732112968577e-5 35268533 35310432 41899
6 677 rs7769163 19795968 1 -5.049157565247713e-5 19785588 19803768 18180
6 1646 rs1019824 49730356 2 -5.025087726531657e-5 49722717 49766526 43809
6 4435 rs4292501 168719924 1 4.651194283052348e-5 168719924 168719924 0
6 4158 rs7766508 161793319 1 4.6184508654038645e-5 161793319 161793319 0
6 478 rs1223549 13171036 1 -4.599066432887815e-5 13171036 13188493 17457
6 1263 rs9470187 35950210 1 4.547756610241235e-5 35939688 35950210 10522
6 2971 rs1996051 117192899 1 -4.53722156016734e-5 117113315 117196211 82896
6 118 rs744375 3349908 1 -4.458452529427611e-5 3343544 3349908 6364
6 48 rs1550198 1284697 1 4.410051668692835e-5 1284697 1284697 0
6 1393 rs2983140 40017224 1 -4.284702861692209e-5 40017224 40069436 52212
6 302 rs9392168 7649849 1 4.269568999572616e-5 7649849 7649849 0
6 3091 rs9490444 122712377 1 4.137225827212933e-5 122709984 122759415 49431
6 876 rs458664 25055165 1 -3.932514189153973e-5 25055165 25064919 9754
6 3250 rs7740749 129808901 1 -3.647796436336153e-5 129799682 129808901 9219
6 4069 rs317795 159085005 1 -3.52503681440929e-5 159058804 159087492 28688
6 625 rs9371023 17893522 2 -3.334691710968915e-5 17890002 17934143 44141
6 1588 rs6458524 46817931 1 -3.311397028310133e-5 46817931 46817982 51
6 1014 rs7764934 30434566 1 -3.2166394371279194e-5 30433611 30454076 20465
6 3675 rs9390411 146973073 1 3.2012957002356184e-5 146973073 146973073 0
6 1209 rs13203745 33787746 1 3.157186139199533e-5 33774394 33791230 16836
6 60 rs12527698 1648955 2 -2.9141126214792847e-5 1641007 1649347 8340
6 3697 rs12197416 147940786 1 -2.8555881140906472e-5 147934662 147941453 6791
6 3791 rs884678 150658401 1 2.7459691416972507e-5 150649726 150660611 10885
6 1439 rs728826 41443615 1 2.6790136801398015e-5 41443615 41443689 74
6 2173 rs4706776 80054021 1 -2.6118486976128452e-5 80027915 80054021 26106
6 239 rs5985 6318795 1 2.544491509423023e-5 6318795 6318795 0
6 4162 rs577876 161923155 1 -2.363133134010317e-5 161916480 161929638 13158
6 1143 rs2395253 32715160 1 -2.3086541226562752e-5 32711576 32737507 25931
6 832 rs550969 23946867 1 -2.2048573895021884e-5 23944129 23946867 2738
6 1244 rs9394279 35138373 1 2.142037844762971e-5 35118236 35140861 22625
6 650 rs834362 18976445 1 2.111228520010373e-5 18970677 18984299 13622
6 1838 rs4415141 63376194 1 2.0299754495110008e-5 63375122 63380161 5039
6 4236 rs7768540 163713283 1 -1.910498977414988e-5 163708338 163713330 4992
6 3795 rs588036 150698674 1 -1.835774646441137e-5 150692480 150704465 11985
6 3139 rs9482518 124543314 2 -1.7896434507750234e-5 124521622 124546035 24413
6 2647 rs9498669 102145638 1 -1.735906874586975e-5 102113164 102147600 34436
6 279 rs12201938 7026562 1 -1.6065531124152908e-5 7023672 7026600 2928
6 2233 rs17644312 82741794 1 -1.454999766042048e-5 82731411 82741794 10383
6 1023 rs3094123 30772378 1 1.3152769606475632e-5 30767947 30796738 28791
6 1545 rs9472412 44944642 1 -1.3016702888416987e-5 44944642 44980341 35699
6 4154 rs6455717 161725801 2 1.2604296156405977e-5 161725801 161725838 37
6 1666 rs4379293 51362605 1 -1.2183676350897313e-5 51354544 51390171 35627
6 3884 rs111449472 152668211 1 1.1865966976823013e-5 152665261 152679518 14257
6 3179 rs9321038 125731930 1 -1.0320783237393031e-5 125731930 125735639 3709
6 2243 rs10455408 83378048 1 1.018603697219433e-5 83366282 83385150 18868
6 3135 rs234481 124355206 1 -9.243813944661114e-6 124346434 124355206 8772
6 959 rs7772982 29341007 2 8.9053657225024e-6 29335537 29343355 7818
6 1225 rs2499697 34044918 1 -8.433516509543112e-6 34041306 34044918 3612
6 3201 rs2151522 127210093 1 7.237869305724535e-6 127210093 127232945 22852
6 2493 rs9363108 94461990 1 -6.824203126225406e-6 94461990 94461990 0
6 3270 rs1890142 130290443 1 6.399418937971948e-6 130285951 130309435 23484
6 3128 rs9490959 124153758 1 5.217417110930294e-6 124153758 124153758 0
6 1530 rs16869089 44428506 1 3.784033108689491e-6 44428506 44428506 0
6 2954 rs1105192 116115351 1 3.0147319452300654e-6 116097510 116130086 32576
6 3804 rs4367393 150807451 1 2.231758668883583e-6 150807451 150812668 5217
6 3927 rs11759340 154283838 1 1.2579469290731544e-6 154272618 154288032 15414
6 2144 rs10943488 78456439 1 -2.68492659043554e-7 78393124 78470331 77207
