CHR Group SNP.lead BP.lead Size W BP.min BP.max BP.width
11 11919 rs4938573 118741842 2 0.1359203706874087 118741842 118741842 0
11 25 rs10398 308180 1 0.04397424034542922 308180 308180 0
11 38 rs7395429 643348 2 -0.04039246834055933 643348 643348 0
11 6001 rs647152 64109118 2 -0.03192123529000313 64109118 64109118 0
11 185 rs10766497 2987303 1 0.03180748132681559 2987303 2987303 0
11 205 rs10466385 3170174 2 0.02892207402433986 3170174 3170174 0
11 6347 rs3829241 68855363 1 0.02828379312254181 68855363 68855363 0
11 5369 rs1792509 56670810 1 0.02722704005969454 56670810 56670810 0
11 5516 rs7130768 57926106 1 -0.02721877729818805 57926106 57926106 0
11 12074 rs7105363 120687069 1 -0.02592852956733497 120687069 120687069 0
11 10154 rs1711399 102460777 1 0.02458618319421007 102460777 102460777 0
11 8419 rs3888798 88027209 2 -0.02332480057076486 88027209 88027209 0
11 11663 rs11216126 116617240 1 -0.02323460131315236 116617240 116617240 0
11 7709 rs551450 82508987 2 -0.02292983589643148 82508987 82508987 0
11 5703 rs4938939 60160838 1 -0.02220150030176828 60160838 60160838 0
11 5111 rs10838681 47275064 1 -0.0221370333582962 47275064 47275064 0
11 3909 rs353634 35185056 2 -0.02121265907597052 35185056 35185056 0
11 8248 rs1939108 86573310 1 -0.02042804746343813 86573310 86573310 0
11 8898 rs3847554 92668826 2 -0.02024427756396465 92668826 92668826 0
11 12984 rs7932088 128317168 1 0.02010513472235581 128317168 128317168 0
11 11915 rs10892279 118611781 2 -0.01999180196168517 118611781 118611781 0
11 8041 rs10501600 85609559 2 -0.01946303506675029 85609559 85609559 0
11 1409 rs7101677 11427040 2 0.01897754852900143 11427040 11427040 0
11 5467 rs1424752 57479848 1 0.01865527563805882 57479848 57479848 0
11 10201 rs3740938 102587062 1 0.01839778481213255 102587062 102587062 0
11 4736 rs12418410 43496797 1 -0.01838875056955602 43496797 43496797 0
11 7139 rs949220 78400319 1 0.01832772065189051 78400319 78400319 0
11 10691 rs17106453 106987630 1 -0.01831908942998038 106987630 106987630 0
11 1809 rs138600084 14632507 1 0.01778657382536917 14632507 14632507 0
11 11879 rs651825 118042713 1 -0.0177190003101415 118042713 118042713 0
11 8260 rs61735303 86663296 1 -0.01768751961272727 86663296 86663296 0
11 12760 rs10893499 126241979 1 -0.0173531124835596 126241979 126241979 0
11 220 rs7931660 3400334 1 0.01732158966886508 3400334 3400334 0
11 13636 rs1048761 134124124 1 0.01681669377941471 134124124 134124124 0
11 9239 rs1255150 95519243 1 -0.01681269356953082 95519243 95519243 0
11 41 rs11246262 680647 1 0.01667156063428785 680647 680647 0
11 6250 rs2509712 67408090 1 0.01650031595922995 67408090 67408090 0
11 4971 rs896331 45415035 1 0.01583630287351891 45415035 45415035 0
11 9031 rs1138800 93862493 1 0.01577088013506624 93862493 93862493 0
11 2811 rs11820608 23776103 2 0.01570185868372325 23776103 23776103 0
11 4024 rs3740962 36103381 1 -0.0155680535932435 36103381 36103381 0
11 11099 rs7128353 111538875 2 -0.01543367312485336 111538875 111538875 0
11 11877 rs656308 118031206 2 -0.01538956761026534 118031206 118031206 0
11 3879 rs497582 34991727 1 0.01537280975269086 34991727 34991727 0
11 920 rs10732509 7488872 1 0.01529790628411875 7488872 7488872 0
11 3353 rs2793476 29370702 1 0.01519999309319678 29370702 29370702 0
11 12966 rs573624 128145470 1 -0.0151738429818365 128145470 128145470 0
11 4393 rs7924805 40211252 1 -0.01501834340159009 40211252 40211252 0
11 52 rs6597981 803017 1 0.01490220626374791 803017 803017 0
11 6252 rs10736660 67419855 2 0.01484179651604933 67419855 67419855 0
11 4374 rs7952564 40013964 1 0.01476669351014632 40013964 40013964 0
11 8365 rs4517540 87678532 1 0.01473246658381115 87678532 87678532 0
11 1840 rs4597047 15191412 2 0.01456754263264357 15191412 15191412 0
11 6052 rs3741392 64701030 1 -0.01449591138577448 64701030 64701030 0
11 5706 rs117801657 60183189 2 0.01435416670606228 60183189 60183189 0
11 12963 rs1793327 128088935 1 0.01427482305078034 128088935 128088935 0
11 2284 rs4757009 19671524 1 -0.01423746507081439 19671524 19671524 0
11 10415 rs11226185 103991641 1 -0.01387464281185859 103991641 103991641 0
11 11921 rs523604 118755738 2 0.01379869228379119 118755738 118755738 0
11 2861 rs7926241 24357146 1 -0.01372777373103196 24357146 24357146 0
11 13191 rs7937282 130224945 1 -0.01358509642844842 130224945 130224945 0
11 7217 rs471435 79077745 1 -0.01355112157870198 79077745 79077745 0
11 5970 rs614397 63883985 2 0.01337812305469267 63883985 63883985 0
11 2379 rs1036923 20488453 1 0.01325735780785257 20488453 20488453 0
11 8536 rs11018452 88804060 1 -0.01320048469536521 88804060 88804060 0
11 9927 rs11224313 100472288 1 0.01305506998628136 100472288 100472288 0
11 3045 rs11029058 26009705 1 0.0130383957939679 26009705 26009705 0
11 8378 rs7949449 87808350 2 0.01297092798931042 87808350 87808350 0
11 9229 rs948075 95437738 1 0.01285097338435054 95437738 95437738 0
11 3471 rs16921067 30658947 1 -0.01269404498969475 30658947 30658947 0
11 13208 rs2640215 130426387 1 0.01264747149149835 130426387 130426387 0
11 9223 rs1255522 95376448 2 0.01239175022252151 95376448 95376448 0
11 2144 rs4353250 18323517 2 0.01237725932418888 18323517 18323517 0
11 6394 rs7108119 69150850 1 -0.01223269335686979 69150850 69150850 0
11 13286 rs11606643 131213874 2 0.01213887026349741 131213874 131213874 0
11 7481 rs1350422 81009680 2 -0.01204608495320827 81009680 81009680 0
11 3741 rs12294809 34431506 1 0.01196307457748079 34431506 34431506 0
11 4572 rs1605655 42418577 1 0.01185087373386122 42418577 42418577 0
11 6749 rs653263 73670645 1 0.01180698758284946 73670645 73670645 0
11 761 rs117368891 6661600 1 0.01174354689908266 6661600 6661600 0
11 5049 rs4755349 46237731 1 0.01172943467285447 46237731 46237731 0
11 706 rs11040316 6043277 1 0.01169492168488935 6043277 6043277 0
11 11078 rs12146590 111241110 1 0.01169278626462761 111241110 111241110 0
11 8176 rs10898501 86285825 2 -0.01168800104218467 86285825 86285825 0
11 302 rs3750992 4621323 1 0.011613504482183 4621323 4621323 0
11 12460 rs12576449 123971044 1 0.01142610029169225 123971044 123971044 0
11 1529 rs2012580 12237135 1 -0.01139605746763551 12237135 12237135 0
11 6472 rs7929885 69883969 1 0.01135692663933033 69883969 69883969 0
11 1463 rs10458871 11798389 2 -0.01134895182133105 11798389 11798389 0
11 5478 rs1877008 57731168 1 0.01133371354895766 57731168 57731168 0
11 9687 rs12789966 99041999 2 0.01125712993158141 99041999 99041999 0
11 8175 rs7940549 86282679 1 -0.01115924828688722 86282679 86282679 0
11 5906 rs544978 62685230 1 0.01115302580695867 62685230 62685230 0
11 5964 rs12575710 63849330 1 0.01107055122699322 63849330 63849330 0
11 11191 rs7129926 112862901 1 0.01103131896190397 112862901 112862901 0
11 13005 rs4245079 128420926 1 0.01101854753529803 128420926 128420926 0
11 6193 rs3737525 66306355 1 0.01100667751642113 66306355 66306355 0
11 13440 rs2212487 132398054 1 0.01084299175929001 132398054 132398054 0
11 8100 rs11603604 86070817 1 0.01070987088038377 86070817 86070817 0
11 2116 rs7950705 18073039 2 0.01062663482138637 18073039 18073039 0
11 5984 rs2286612 63994230 1 0.01060096954827768 63994230 63994230 0
11 9558 rs6589444 98254968 1 -0.01047169633383493 98254968 98254968 0
11 181 rs3987740 2895800 1 0.01043958693034934 2895800 2895800 0
11 6342 rs2846196 68782223 1 0.01039947325623006 68782223 68782223 0
11 9409 rs7112003 96899834 1 0.01038583325816967 96899834 96899834 0
11 7375 rs11232169 80207247 2 0.01035964409142357 80207247 80207247 0
11 12570 rs4078355 124931334 1 0.0103468096856229 124931334 124931334 0
11 6373 rs10896451 69016893 1 0.01016986460525818 69016893 69016893 0
11 7132 rs4945300 78282632 1 -0.01008456889512049 78282632 78282632 0
11 9531 rs11214023 97984374 2 0.01005435306956379 97984374 97984374 0
11 7381 rs2443973 80226010 2 0.01003874435992349 80226010 80226010 0
11 5172 rs2930195 47993504 1 0.01000618607415362 47993504 47993504 0
11 13409 rs7934599 132156872 1 0.00992736144657041 132156872 132156872 0
11 13263 rs1894188 131030927 1 0.00981924890850948 131030927 131030927 0
11 6024 rs2078267 64334114 1 -0.00981051491043558 64334114 64334114 0
11 3320 rs12792701 28988343 2 -0.00980314397478791 28988343 28988343 0
11 3966 rs649640 35508918 1 0.00975853356120038 35508918 35508918 0
11 13068 rs10488729 128962670 1 0.00972424066232414 128962670 128962670 0
11 1821 rs1993116 14910234 2 -0.00969420446623588 14910234 14910234 0
11 782 rs7931228 6766102 1 0.00965768181184877 6766102 6766102 0
11 6340 rs12803642 68771755 1 0.00962284349940578 68771755 68771755 0
11 6948 rs7111334 75637567 1 -0.0096098686095321 75637567 75637567 0
11 3771 rs1535721 34500079 1 0.00941361062884752 34500079 34500079 0
11 2629 rs324172 21952288 2 -0.00939820192533588 21952288 21952288 0
11 12952 rs4937298 128005842 2 -0.00937544351589456 128005842 128005842 0
11 1206 rs12223505 9691765 1 0.00937150562611974 9691765 9691765 0
11 4857 rs12420889 44657500 1 0.00932219529877923 44657500 44657500 0
11 9480 rs1039951 97624373 2 0.00931475776077308 97624373 97624373 0
11 9935 rs947866 100509529 1 0.00921582145518748 100509529 100509529 0
11 11357 rs454802 114089104 2 0.00914925868713898 114089104 114089104 0
11 4551 rs10501281 41966359 1 0.00914667579490445 41966359 41966359 0
11 4213 rs1563951 37182945 1 0.009114682924153 37182945 37182945 0
11 9764 rs10790789 99411774 2 0.00896226386228785 99411774 99411774 0
11 12081 rs17124570 120805056 1 0.00895353940833245 120805056 120805056 0
11 1344 rs7946997 11069843 1 -0.00894822770919365 11069843 11069843 0
11 11241 rs7118900 113266821 1 0.00892568414328586 113266821 113266821 0
11 8436 rs16913876 88102739 1 0.00892238015084002 88102739 88102739 0
11 11899 rs12274926 118295117 2 -0.0089008330433771 118295117 118295117 0
11 255 rs1662172 4117155 1 -0.00889472014789904 4117155 4117155 0
11 10081 rs11224983 101585195 1 0.00885655390588064 101585195 101585195 0
11 4011 rs262418 36025118 1 -0.00883947562844943 36025118 36025118 0
11 721 rs325609 6221249 1 0.00876131268968816 6221249 6221249 0
11 13013 rs10893900 128502222 2 0.0087518536142235 128502222 128502222 0
11 4865 rs4755884 44763401 1 0.00869599363215029 44763401 44763401 0
11 8393 rs1426929 87894645 1 -0.00867201176113102 87894645 87894645 0
11 3818 rs2136509 34796804 1 -0.00861356859953156 34796804 34796804 0
11 2991 rs2172582 25724484 1 0.00857828551327774 25724484 25724484 0
11 8790 rs7951876 91560288 1 0.00855876860483195 91560288 91560288 0
11 2019 rs2040859 17148177 1 -0.00853731626781523 17148177 17148177 0
11 8880 rs3847535 92558024 2 -0.0085299442454942 92558024 92558024 0
11 7397 rs7949324 80413739 1 -0.00844496271209799 80413739 80413739 0
11 1959 rs1356647 16219341 1 -0.00840915823297018 16219341 16219341 0
11 8804 rs7107272 91682680 1 -0.00833459982966723 91682680 91682680 0
11 13497 rs11223331 132892624 1 -0.00829078772980304 132892624 132892624 0
11 10138 rs2846848 102180563 1 -0.00826809932817 102180563 102180563 0
11 11256 rs4436578 113306765 1 -0.00826016713992573 113306765 113306765 0
11 1975 rs17470624 16445649 1 0.00822842770260535 16445649 16445649 0
11 3732 rs11824839 34332320 2 0.00820418398261158 34332320 34332320 0
11 9225 rs10765758 95395607 1 -0.00811973717183866 95395607 95395607 0
11 8284 rs589193 86891077 1 0.00808726818099741 86891077 86891077 0
11 11618 rs4936353 116397649 1 0.00805037005110865 116397649 116397649 0
11 3762 rs12270780 34460711 1 0.00803312648437936 34460711 34460711 0
11 574 rs75620804 5475505 1 -0.00799951734665336 5475505 5475505 0
11 7922 rs12294169 84334329 1 0.00799868276182915 84334329 84334329 0
11 155 rs11826873 2541165 1 -0.00797078655084891 2541165 2541165 0
11 7740 rs11821336 82626912 1 -0.00788580799176574 82626912 82626912 0
11 7684 rs1939641 82250265 1 -0.00784596424260526 82250265 82250265 0
11 10249 rs10502009 102821404 1 -0.00780492846642271 102821404 102821404 0
11 10763 rs7950899 107552110 1 0.00779509198191437 107552110 107552110 0
11 694 rs116908319 5989282 1 0.0077609147630584 5989282 5989282 0
11 4103 rs11600757 36473784 1 0.00775858668922111 36473784 36473784 0
11 1457 rs11604515 11761553 1 0.00758575446639699 11761553 11761553 0
11 12522 rs12417780 124426284 1 -0.00757816275137729 124426284 124426284 0
11 2042 rs5215 17408630 1 -0.00756805068468015 17408630 17408630 0
11 8851 rs689349 92201077 2 -0.00753802227145741 92201077 92201077 0
11 2147 rs4150579 18357180 1 -0.00751114879359397 18357180 18357180 0
11 6611 rs7944926 71165625 1 0.00749998312552371 71165625 71165625 0
11 13544 rs6590705 133334522 1 0.0074834511363368 133334522 133334522 0
11 12123 rs687560 121076285 1 0.00742811175634168 121076285 121076285 0
11 11376 rs606671 114271207 1 -0.00742381838334755 114271207 114271207 0
11 9518 rs667679 97915543 1 0.00737835465848115 97915543 97915543 0
11 3098 rs35317037 26587018 1 0.0073648168032264 26587018 26587018 0
11 960 rs11041489 7653867 2 -0.0073530704799527 7653867 7653867 0
11 9224 rs7947022 95377259 1 -0.00732543006206225 95377259 95377259 0
11 7373 rs7929328 80202876 2 -0.00732118621193092 80202876 80202876 0
11 3156 rs10767592 27062338 1 0.0072881000540532 27062338 27062338 0
11 6802 rs2270676 74168411 1 -0.00719108129770414 74168411 74168411 0
11 12708 rs3740912 125891269 1 0.00715536596940741 125891269 125891269 0
11 4544 rs7105457 41932593 1 -0.00713971359331112 41932593 41932593 0
11 12999 rs11221332 128380974 1 0.00713103374761984 128380974 128380974 0
11 12255 rs1879881 122686128 1 -0.0070806279881028 122686128 122686128 0
11 4609 rs10768851 42692619 1 -0.00699525388681086 42692619 42692619 0
11 3950 rs1320443 35380789 1 -0.00696541707356988 35380789 35380789 0
11 12772 rs4937131 126303742 1 -0.00692764891516684 126303742 126303742 0
11 9917 rs1502275 100433972 1 0.00686423692100218 100433972 100433972 0
11 3227 rs1387144 27635319 1 0.00684855235923857 27635319 27635319 0
11 8774 rs11019589 91399103 1 -0.00683096507758563 91399103 91399103 0
11 10450 rs4755031 104274535 1 -0.00682098711387784 104274535 104274535 0
11 906 rs12786812 7441554 1 -0.00679881340671455 7441554 7441554 0
11 8040 rs11234465 85605334 1 0.00675721716238198 85605334 85605334 0
11 5652 rs574700 59855483 1 0.00672001350025939 59855483 59855483 0
11 10958 rs3759018 110299437 1 -0.00653608088453177 110299437 110299437 0
11 3784 rs836104 34573817 1 -0.00649649813528001 34573817 34573817 0
11 10820 rs228591 108097333 1 -0.00648814830588729 108097333 108097333 0
11 12097 rs1939004 120920649 2 0.00647701548742703 120920649 120920649 0
11 11843 rs11216689 117889959 1 -0.00640631268416044 117889959 117889959 0
11 8825 rs11019822 91854828 1 0.00639441637746841 91854828 91854828 0
11 4497 rs7943825 41212670 1 -0.00636841087291734 41212670 41212670 0
11 9067 rs12270338 94147464 2 -0.00633461647484515 94147464 94147464 0
11 9439 rs9666795 97324604 1 0.00631979334338824 97324604 97324604 0
11 6337 rs2602814 68761422 1 0.00630985621845669 68761422 68761422 0
11 6471 rs7947135 69875759 1 0.00628846258435004 69875759 69875759 0
11 6214 rs735498 66676995 1 0.00627807993951624 66676995 66676995 0
11 6432 rs657315 69332712 1 -0.00623658223809318 69332712 69332712 0
11 7010 rs7127747 76412663 2 0.00612190727138966 76412663 76412663 0
11 1744 rs7925707 13940895 1 0.00609127218023494 13940895 13940895 0
11 11087 rs4938534 111275133 2 -0.00606937165004392 111275133 111275133 0
11 3721 rs1883959 34234145 1 -0.00606386403539965 34234145 34234145 0
11 6590 rs7115931 71072120 1 -0.00605109576234763 71072120 71072120 0
11 6536 rs11236898 70463510 1 -0.00603616285712665 70463510 70463510 0
11 8996 rs625359 93570633 1 0.00603493156603226 93570633 93570633 0
11 1242 rs2278629 10183975 1 -0.00602013313746449 10183975 10183975 0
11 152 rs2237869 2537751 1 -0.0060018754609839 2537751 2537751 0
11 13269 rs1113928 131097709 1 0.00599110837353139 131097709 131097709 0
11 11206 rs11214484 112962999 1 0.0059292588039251 112962999 112962999 0
11 11598 rs490592 116298367 1 0.00591597914284398 116298367 116298367 0
11 6458 rs1105063 69840531 1 -0.0058868544001643 69840531 69840531 0
11 10618 rs953816 106288554 2 0.00586174502079161 106288554 106288554 0
11 13414 rs61746413 132204951 1 0.0058321188202736 132204951 132204951 0
11 261 rs979942 4185595 1 0.00583001048704422 4185595 4185595 0
11 10063 rs2508736 101469434 1 0.00579480271576313 101469434 101469434 0
11 7944 rs11234221 84574040 2 -0.00578723025868987 84574040 84574040 0
11 13707 rs906627 134773425 1 -0.00570555351353269 134773425 134773425 0
11 3692 rs704703 33766495 1 -0.00566891882162754 33766495 33766495 0
11 4636 rs11037133 42929738 2 -0.00563144670776475 42929738 42929738 0
11 4962 rs11601710 45389225 1 -0.00562528837848723 45389225 45389225 0
11 1159 rs1136966 9042331 1 -0.00559424540252639 9042331 9042331 0
11 6718 rs7952228 73364673 2 -0.00559085762404936 73364673 73364673 0
11 13125 rs7933972 129438975 2 0.00558697872594105 129438975 129438975 0
11 8983 rs1939560 93311765 1 0.00558356393951305 93311765 93311765 0
11 5594 rs11229889 59020419 1 0.00557710802884144 59020419 59020419 0
11 455 rs10837582 5228708 2 0.00557011933304165 5228708 5228708 0
11 2029 rs1330 17316029 1 -0.00551930302242247 17316029 17316029 0
11 9226 rs10437579 95398352 2 -0.00550288875847117 95398352 95398352 0
11 996 rs1600970 7754959 1 0.00548223475703419 7754959 7754959 0
11 5192 rs1566729 48164721 1 -0.00546437665424978 48164721 48164721 0
11 9975 rs3847566 100701493 1 -0.00545003702321161 100701493 100701493 0
11 6962 rs689095 75914087 1 -0.00543732936590525 75914087 75914087 0
11 4642 rs12576580 42942840 1 -0.00543544837654502 42942840 42942840 0
11 1013 rs10500702 7895876 2 -0.00542387809028425 7895876 7895876 0
11 1904 rs1385162 15689391 2 -0.00541028338302434 15689391 15689391 0
11 10950 rs2051466 110241999 1 0.0054090314705323 110241999 110241999 0
11 367 rs10500632 4925933 1 -0.00534933121823161 4925933 4925933 0
11 2107 rs211146 17981047 1 0.00533849326304812 17981047 17981047 0
11 11922 rs3922 118765600 1 -0.00531253165497206 118765600 118765600 0
11 7473 rs10501500 80986806 1 -0.00531013041807914 80986806 80986806 0
11 1161 rs3829273 9048668 1 0.00529337902582277 9048668 9048668 0
11 3415 rs7121585 30059736 1 0.00528525024662553 30059736 30059736 0
11 7380 rs2123140 80223644 2 -0.00527768791626627 80223644 80223644 0
11 6103 rs35487354 65366882 1 0.0052725325279296 65366882 65366882 0
11 13390 rs11222955 132021146 1 0.00524820878489073 132021146 132021146 0
11 12084 rs11218070 120816711 2 0.00524492200719928 120816711 120816711 0
11 2970 rs10742072 25196853 1 -0.00507018216181681 25196853 25196853 0
11 3600 rs3858454 32473626 1 -0.00505694495305471 32473626 32473626 0
11 1205 rs10840285 9690013 1 0.00504189231766766 9690013 9690013 0
11 6060 rs35251366 64854812 1 -0.00502709658535636 64854812 64854812 0
11 6673 rs12797368 72369385 1 -0.00501273444394788 72369385 72369385 0
11 1056 rs4758051 8238639 2 0.00500987084647811 8238639 8238639 0
11 2006 rs367992 16862657 1 0.00499219601547815 16862657 16862657 0
11 6565 rs2919721 70953650 2 -0.00496016225767268 70953650 70953650 0
11 10309 rs12419850 103342939 2 0.0048762904320257304 103342939 103342939 0
11 36 rs1124816 619671 1 -0.00487484640789699 619671 619671 0
11 9438 rs921561 97319496 2 0.00483722214207912 97319496 97319496 0
11 5753 rs117566381 60638753 1 -0.00483430766612956 60638753 60638753 0
11 1485 rs4757595 12005270 2 0.00481679525051472 12005270 12005270 0
11 6645 rs1784257 72007984 1 0.00480379067893186 72007984 72007984 0
11 6618 rs10898193 71197083 1 0.00477943033949948 71197083 71197083 0
11 1716 rs7948130 13624089 1 0.00477413186315867 13624089 13624089 0
11 2436 rs17232722 20678604 1 0.00475764817510284 20678604 20678604 0
11 781 rs11040997 6764859 1 0.00473836852730225 6764859 6764859 0
11 1018 rs16933394 7902813 1 0.00471574947105105 7902813 7902813 0
11 5134 rs61897432 47431703 1 0.00471028272881146 47431703 47431703 0
11 12716 rs4448703 125972495 1 -0.00470457680876086 125972495 125972495 0
11 13464 rs1945948 132602521 1 -0.00469361155945605 132602521 132602521 0
11 9508 rs4590838 97867665 1 -0.00460080041640531 97867665 97867665 0
11 2016 rs11024102 17008605 1 0.00458835706123997 17008605 17008605 0
11 4013 rs262426 36041260 1 0.00457697887609796 36041260 36041260 0
11 3709 rs7941248 33925975 1 -0.00454676656399379 33925975 33925975 0
11 5129 rs11570067 47366095 1 0.00453776443618785 47366095 47366095 0
11 3217 rs7934816 27518920 1 0.00452928266834548 27518920 27518920 0
11 1829 rs2029877 15029576 1 -0.00451029033930652 15029576 15029576 0
11 11075 rs4514461 111226943 1 0.00449546290641743 111226943 111226943 0
11 32 rs2613996 470331 1 -0.00449395448274028 470331 470331 0
11 13001 rs11221335 128385906 1 0.00449380639718802 128385906 128385906 0
11 8340 rs10501651 87527561 1 0.00448311733002586 87527561 87527561 0
11 7685 rs1939640 82251050 1 -0.00448242891311887 82251050 82251050 0
11 5864 rs7925016 62043929 1 0.0044744541868591 62043929 62043929 0
11 3686 rs831630 33743019 2 0.00444764400724669 33743019 33743019 0
11 5863 rs11603383 62037583 1 -0.00443819078175777 62037583 62037583 0
11 6384 rs4930673 69052682 1 -0.00443057804103999 69052682 69052682 0
11 5280 rs10896271 56113575 1 -0.00442605409092886 56113575 56113575 0
11 8395 rs7950565 87900372 2 -0.0044134862844532 87900372 87900372 0
11 1746 rs2271155 13943228 1 0.00440846462851021 13943228 13943228 0
11 70 rs12363494 1262189 1 -0.00440707395950527 1262189 1262189 0
11 12319 rs2714061 123283795 1 -0.00440298046901933 123283795 123283795 0
11 4881 rs835784 44863818 2 -0.00439790464531644 44863818 44863818 0
11 3817 rs7924717 34776331 1 -0.00438722466536373 34776331 34776331 0
11 3580 rs6484569 32378306 1 0.00436671231820576 32378306 32378306 0
11 245 rs7951076 3890853 2 -0.00434136043337756 3890853 3890853 0
11 6964 rs663907 75923069 1 -0.00432577178031406 75923069 75923069 0
11 4619 rs7938181 42864284 1 0.00432044535503634 42864284 42864284 0
11 2137 rs7950019 18278912 1 0.00431639861296772 18278912 18278912 0
11 10829 rs425538 108219339 1 0.00431340667453173 108219339 108219339 0
11 10209 rs4121365 102606130 1 -0.00429834684689969 102606130 102606130 0
11 8047 rs7107455 85642444 1 -0.0042947316203737 85642444 85642444 0
11 9842 rs12790700 99837846 1 -0.00426940914116976 99837846 99837846 0
11 10424 rs11226207 104022906 1 0.00423835200496979 104022906 104022906 0
11 12793 rs484820 126467667 1 0.00422732228289436 126467667 126467667 0
11 7371 rs11232161 80195131 1 -0.0041891579036753 80195131 80195131 0
11 10082 rs7949939 101591191 1 -0.00418602238972055 101591191 101591191 0
11 5117 rs4752977 47300429 1 -0.00417348175097979 47300429 47300429 0
11 6895 rs12271945 75085563 1 -0.00415605949518856 75085563 75085563 0
11 9061 rs4753598 94101013 1 -0.00415203408372785 94101013 94101013 0
11 1515 rs6485561 12208393 1 -0.00414668711140551 12208393 12208393 0
11 5765 rs2237997 60772090 2 -0.0041016694476818 60772090 60772090 0
11 7915 rs6592191 84279862 1 -0.00409316354659201 84279862 84279862 0
11 9714 rs970321 99112911 1 0.00408872894774757 99112911 99112911 0
11 3652 rs1998305 33472945 1 -0.00406892932264699 33472945 33472945 0
11 2115 rs1079785 18072273 1 0.00403736380957113 18072273 18072273 0
11 1520 rs3763822 12225752 1 -0.00403235783038732 12225752 12225752 0
11 11612 rs2102405 116348168 1 0.00402617660655405 116348168 116348168 0
11 2504 rs2040315 21129269 1 0.00402307206332561 21129269 21129269 0
11 9633 rs12278762 98781993 1 -0.00399326939066869 98781993 98781993 0
11 9916 rs6590793 100424060 2 -0.00396835054109474 100424060 100424060 0
11 6719 rs640655 73365157 1 0.00396760011212836 73365157 73365157 0
11 6208 rs35532855 66457681 1 0.00396450603260671 66457681 66457681 0
11 1714 rs11022886 13584585 1 0.00395576267503144 13584585 13584585 0
11 5434 rs7107352 57145633 1 -0.00395251199510188 57145633 57145633 0
11 5526 rs1376486 57956832 1 -0.003946453724531 57956832 57956832 0
11 5033 rs3736508 45975130 1 0.00393665536465428 45975130 45975130 0
11 10247 rs11826440 102810078 1 0.00393620160487872 102810078 102810078 0
11 3288 rs2585807 28532658 1 -0.00391820567649684 28532658 28532658 0
11 2572 rs10766829 21542570 2 -0.00391731604095969 21542570 21542570 0
11 9262 rs6483476 95793701 1 -0.00387696604608454 95793701 95793701 0
11 5109 rs2242261 47266808 1 -0.00383896187398069 47266808 47266808 0
11 3262 rs1404950 27970856 1 -0.00382755511794604 27970856 27970856 0
11 5579 rs675757 58478039 1 -0.00382683020318389 58478039 58478039 0
11 11692 rs557331 116734688 1 -0.00381983927585719 116734688 116734688 0
11 1461 rs11824377 11787253 1 -0.00379056384519845 11787253 11787253 0
11 11082 rs7111520 111249611 2 -0.00378182818776361 111249611 111249611 0
11 13134 rs2087888 129540690 1 0.00374791149464218 129540690 129540690 0
11 3885 rs693163 35074665 2 -0.00374336786470913 35074665 35074665 0
11 2459 rs12270521 20855440 1 0.00373994688983879 20855440 20855440 0
11 3825 rs1858167 34816531 1 -0.00373950358348622 34816531 34816531 0
11 8908 rs621310 92783339 1 0.0037097962712991 92783339 92783339 0
11 11766 rs549289 117358220 1 -0.00370108720899297 117358220 117358220 0
11 8397 rs1426926 87903141 1 0.00368602617559706 87903141 87903141 0
11 3464 rs16920925 30574638 1 0.00367706782622922 30574638 30574638 0
11 11104 rs647080 111609174 1 -0.00366244293142929 111609174 111609174 0
11 5397 rs143192258 56954985 2 -0.00363709979767933 56954985 56954985 0
11 6343 rs11606738 68785485 1 -0.0036276645411559 68785485 68785485 0
11 160 rs2283169 2580299 1 0.00361699503969333 2580299 2580299 0
11 1118 rs931756 8735662 1 0.00356623743185572 8735662 8735662 0
11 13480 rs1395504 132729167 2 -0.00356379656249125 132729167 132729167 0
11 9148 rs658272 94833262 2 0.00356286318211791 94833262 94833262 0
11 8367 rs28514468 87686425 1 0.00352650396807371 87686425 87686425 0
11 6865 rs4944992 74864280 2 0.00351584780229428 74864280 74864280 0
11 4612 rs11037018 42722587 1 -0.00351504592606611 42722587 42722587 0
11 5768 rs12293191 60806747 1 -0.00350818504147939 60806747 60806747 0
11 12228 rs12422102 122483315 1 0.00347024571424752 122483315 122483315 0
11 11838 rs11216668 117878559 1 -0.00346930201653147 117878559 117878559 0
11 8069 rs11234532 85772636 1 0.00345230220049424 85772636 85772636 0
11 4913 rs6485597 45186029 2 -0.00344869193304835 45186029 45186029 0
11 10839 rs74911261 108357137 2 0.00342881223897274 108357137 108357137 0
11 2907 rs906882 24642587 1 0.00341717774329268 24642587 24642587 0
11 11171 rs7938281 112676385 2 0.0033961333275013 112676385 112676385 0
11 3545 rs1033506 32036899 1 -0.00339059423344297 32036899 32036899 0
11 3297 rs4923554 28676838 1 0.00338961765547051 28676838 28676838 0
11 3367 rs481303 29512184 1 0.00338113352352906 29512184 29512184 0
11 178 rs2237892 2839751 2 -0.00334902075665974 2839751 2839751 0
11 3501 rs601305 31066467 1 -0.00334193316614628 31066467 31066467 0
11 1421 rs7940423 11504228 1 -0.00332957587259726 11504228 11504228 0
11 5565 rs117028468 58206714 1 0.00331877468007152 58206714 58206714 0
11 5513 rs2443426 57922678 1 -0.00331588450030442 57922678 57922678 0
11 55 rs6682 870446 1 -0.00331113502277662 870446 870446 0
11 1298 rs10840473 10715721 2 -0.00329152802397063 10715721 10715721 0
11 12566 rs4612816 124874382 1 -0.00327700279626923 124874382 124874382 0
11 9060 rs7950328 94099615 1 -0.00327446864020964 94099615 94099615 0
11 5821 rs2727261 61712131 1 -0.00325862353841362 61712131 61712131 0
11 7384 rs12362447 80263120 2 -0.00323742007739771 80263120 80263120 0
11 3660 rs1883916 33578510 1 -0.00323104049422611 33578510 33578510 0
11 3901 rs353558 35161670 1 -0.00321980866009375 35161670 35161670 0
11 11008 rs190125 110663056 2 -0.00320613119974591 110663056 110663056 0
11 8910 rs620131 92803568 1 0.00319593227667081 92803568 92803568 0
11 3889 rs2732552 35084592 1 -0.00319122577536094 35084592 35084592 0
11 1093 rs2121312 8453594 1 -0.00318328725174836 8453594 8453594 0
11 7289 rs17138705 79366322 2 0.00317445739791889 79366322 79366322 0
11 13472 rs4128349 132689188 1 -0.00316183556997008 132689188 132689188 0
11 6999 rs1892951 76300956 1 -0.0031586948665962 76300956 76300956 0
11 3158 rs7107938 27071118 2 0.00315542662265086 27071118 27071118 0
11 4558 rs908211 42060072 1 0.00314797385539979 42060072 42060072 0
11 1396 rs4909979 11319245 1 0.00314623045557698 11319245 11319245 0
11 6936 rs531117 75456134 1 0.00314109890905039 75456134 75456134 0
11 9763 rs7943142 99410690 1 0.0031394348858232 99410690 99410690 0
11 11077 rs7118200 111233450 1 -0.00313371962770551 111233450 111233450 0
11 6900 rs482503 75158433 2 -0.00313158385568753 75158433 75158433 0
11 7474 rs2085557 80992153 1 0.00312971466854569 80992153 80992153 0
11 10411 rs11226161 103980341 1 -0.00311509629583544 103980341 103980341 0
11 6588 rs11233249 71060426 1 -0.00310863204365483 71060426 71060426 0
11 13190 rs17139281 130159409 1 -0.00310003590692029 130159409 130159409 0
11 3169 rs4597027 27235715 1 0.00309888375596348 27235715 27235715 0
11 5710 rs17542525 60201527 1 0.00309403827289993 60201527 60201527 0
11 2004 rs10766352 16857686 1 0.00309291089658776 16857686 16857686 0
11 3046 rs12277478 26009964 2 -0.00309147806136093 26009964 26009964 0
11 311 rs7925271 4664657 1 -0.00308689648742024 4664657 4664657 0
11 106 rs34134444 1972143 2 0.00308260831147562 1972143 1972143 0
11 4849 rs16937996 44559898 1 0.00307639269248437 44559898 44559898 0
11 10740 rs117249984 107375422 2 0.00307197857683248 107375422 107375422 0
11 8388 rs1386327 87871538 1 -0.00307004954278887 87871538 87871538 0
11 12243 rs12804711 122634267 1 -0.00306531138824271 122634267 122634267 0
11 10043 rs4396256 101330807 1 0.00306467101284803 101330807 101330807 0
11 7081 rs7942125 77727139 2 -0.00303744015139515 77727139 77727139 0
11 3975 rs16926171 35540677 1 0.0030310476154151 35540677 35540677 0
11 2360 rs10500875 20343326 1 -0.00302328085813584 20343326 20343326 0
11 772 rs1466974 6719027 1 -0.00302286552292177 6719027 6719027 0
11 907 rs11041372 7441737 1 -0.00301378163092741 7441737 7441737 0
11 4418 rs17407151 40538734 1 -0.00297446171946799 40538734 40538734 0
11 967 rs11607941 7670752 2 0.00296958030579464 7670752 7670752 0
11 12186 rs1231186 121830239 1 -0.00295793184846071 121830239 121830239 0
11 7279 rs2187445 79319964 1 -0.00294027521016771 79319964 79319964 0
11 13337 rs11222791 131652336 2 -0.00293677726237195 131652336 131652336 0
11 12851 rs521381 126883622 2 0.00292360737738033 126883622 126883622 0
11 1077 rs7108135 8402917 2 -0.0029194431295811 8402917 8402917 0
11 6022 rs17300741 64331462 1 0.00290218478160705 64331462 64331462 0
11 6232 rs11601325 67227006 1 0.00289597798185168 67227006 67227006 0
11 13416 rs520420 132207239 1 0.00289276885767647 132207239 132207239 0
11 9108 rs12276362 94356914 1 0.00287435943349094 94356914 94356914 0
11 8518 rs530782 88566485 1 0.00286385551913771 88566485 88566485 0
11 3838 rs12292993 34859944 1 -0.00286364474046942 34859944 34859944 0
11 3536 rs12419837 31922718 2 -0.00286058438963677 31922718 31922718 0
11 8789 rs764571 91553124 2 0.00285963777211561 91553124 91553124 0
11 4126 rs957162 36713826 1 -0.00283767792427441 36713826 36713826 0
11 759 rs2072651 6637504 1 0.0028369468201696 6637504 6637504 0
11 6979 rs11236689 76004313 1 -0.00282333204253816 76004313 76004313 0
11 1348 rs1486531 11088815 1 0.00281966093442033 11088815 11088815 0
11 12715 rs12795043 125970673 1 -0.00281842132862488 125970673 125970673 0
11 12840 rs631562 126852438 1 0.00279158121868594 126852438 126852438 0
11 184 rs365605 2920666 1 -0.00278740590047593 2920666 2920666 0
11 13107 rs10894029 129228519 1 0.00278150203903372 129228519 129228519 0
11 1519 rs901283 12223358 1 -0.00276635964103119 12223358 12223358 0
11 4746 rs11037574 43726211 1 0.00276424155329414 43726211 43726211 0
11 12520 rs10893251 124414746 1 -0.00276177196519105 124414746 124414746 0
11 11337 rs17116334 113961762 1 0.00275297073183637 113961762 113961762 0
11 3137 rs12279221 26962816 1 -0.00274714907749168 26962816 26962816 0
11 4120 rs12271660 36661723 1 -0.00274502959084722 36661723 36661723 0
11 5929 rs4963361 62870326 1 -0.00273979790001596 62870326 62870326 0
11 10546 rs11226774 105441422 1 -0.00272703157968217 105441422 105441422 0
11 8431 rs217070 88067394 2 0.00272449752940096 88067394 88067394 0
11 4562 rs11036673 42083016 1 0.00272019320589064 42083016 42083016 0
11 13654 rs12577387 134368252 1 0.00270995184728078 134368252 134368252 0
11 7555 rs1075167 81434293 1 0.00270600260780903 81434293 81434293 0
11 2654 rs12793010 22436299 1 0.00269634696493162 22436299 22436299 0
11 13305 rs386795 131396444 2 0.00267739897285638 131396444 131396444 0
11 304 rs931811 4623788 1 -0.00267317363248119 4623788 4623788 0
11 9145 rs1039750 94809826 1 0.00266402821331012 94809826 94809826 0
11 2659 rs10833757 22448210 1 -0.00266283195997686 22448210 22448210 0
11 12959 rs7933438 128041582 2 -0.00265896195223354 128041582 128041582 0
11 10889 rs17109617 109248945 2 -0.00265770626391888 109248945 109248945 0
11 9199 rs7102184 95222374 2 0.00265065588948529 95222374 95222374 0
11 11058 rs10891240 111140462 1 0.00263729124084856 111140462 111140462 0
11 4731 rs770765 43307196 1 -0.0026309930422335 43307196 43307196 0
11 2680 rs1499244 22798431 1 0.00262081934322334 22798431 22798431 0
11 4218 rs10836719 37302238 1 -0.00262039252973699 37302238 37302238 0
11 13008 rs11221388 128475001 1 0.0026130496065016 128475001 128475001 0
11 13306 rs11222697 131432722 1 -0.00260065937306025 131432722 131432722 0
11 6891 rs658573 75075866 1 -0.00258283969204558 75075866 75075866 0
11 9318 rs483905 96023427 1 0.00257155707658221 96023427 96023427 0
11 6349 rs1060435 68855595 1 0.00256531546944956 68855595 68855595 0
11 7257 rs12271629 79197184 1 -0.00253982510256217 79197184 79197184 0
11 2235 rs12798330 19184916 1 0.00251608276018334 19184916 19184916 0
11 1455 rs4910407 11700694 1 0.00249982913682009 11700694 11700694 0
11 5744 rs12803813 60578205 2 -0.00248391099154181 60578205 60578205 0
11 9959 rs7126324 100633303 2 -0.00248323884229763 100633303 100633303 0
11 1920 rs11023714 15785074 2 0.00247656396995833 15785074 15785074 0
11 2088 rs7483847 17692011 1 0.00247594343655207 17692011 17692011 0
11 6963 rs94111 75915139 1 -0.00247488440279453 75915139 75915139 0
11 9855 rs12281896 99923002 1 -0.00246138470060016 99923002 99923002 0
11 8773 rs11019587 91390397 2 0.00246131667496136 91390397 91390397 0
11 9436 rs979406 97297218 2 -0.00246033311886904 97297218 97297218 0
11 13180 rs959354 130009581 1 0.0024496761557862 130009581 130009581 0
11 10977 rs1971356 110432204 2 0.00242708053760552 110432204 110432204 0
11 12792 rs10893545 126466129 1 0.00241729653325748 126466129 126466129 0
11 3368 rs645286 29517230 1 0.00241449849709094 29517230 29517230 0
11 2046 rs8192690 17414570 1 0.00240590971323423 17414570 17414570 0
11 10888 rs12278001 109243629 1 -0.00240265401748873 109243629 109243629 0
11 6725 rs7126049 73383382 1 -0.00240208376056229 73383382 73383382 0
11 7194 rs10899604 78909461 1 -0.0023923188750335 78909461 78909461 0
11 4495 rs717112 41162903 2 0.00238111344749018 41162903 41162903 0
11 12331 rs7947491 123386390 1 -0.00237571626303177 123386390 123386390 0
11 13131 rs11221786 129534425 2 -0.00237080462269749 129534425 129534425 0
11 11787 rs495118 117434728 1 -0.0023702597203565 117434728 117434728 0
11 3423 rs7123626 30325865 1 -0.00236641908470739 30325865 30325865 0
11 3777 rs836141 34537316 2 -0.00235702741605731 34537316 34537316 0
11 13142 rs12416704 129616272 1 0.00235057111198841 129616272 129616272 0
11 5126 rs1052373 47354787 1 -0.00234130784279029 47354787 47354787 0
11 8760 rs2514299 91287525 1 0.00234122693671206 91287525 91287525 0
11 11451 rs10891792 114870096 1 0.00233827881069451 114870096 114870096 0
11 4472 rs10768653 40961066 1 0.00232087587078316 40961066 40961066 0
11 6383 rs3924679 69051076 1 -0.00231020330728137 69051076 69051076 0
11 872 rs11041297 7309243 1 -0.00230180844389618 7309243 7309243 0
11 12534 rs11219726 124466751 1 -0.00228506082939477 124466751 124466751 0
11 11100 rs10891288 111552053 1 0.00227560716079803 111552053 111552053 0
11 9109 rs1940640 94360812 1 0.00227241786819307 94360812 94360812 0
11 1472 rs4376903 11818120 1 0.00226903261738159 11818120 11818120 0
11 3094 rs10501053 26576725 1 0.00224604194885482 26576725 26576725 0
11 5515 rs2218868 57925977 2 -0.00224276922639537 57925977 57925977 0
11 11001 rs7951655 110604293 2 0.00224073669303111 110604293 110604293 0
11 720 rs325614 6217152 1 0.00223986600062338 6217152 6217152 0
11 4903 rs11038286 45075826 1 -0.00223396220520802 45075826 45075826 0
11 10512 rs1847293 104979669 1 0.00223292935510404 104979669 104979669 0
11 11992 rs507622 119764234 1 0.00220583403686661 119764234 119764234 0
11 10764 rs11212323 107554267 1 0.00220103622844841 107554267 107554267 0
11 5571 rs7945889 58376735 1 -0.0021999770172998 58376735 58376735 0
11 8219 rs7129626 86416932 1 0.00218958831137064 86416932 86416932 0
11 987 rs10839849 7721870 1 0.00218925579938807 7721870 7721870 0
11 8767 rs2678420 91344352 1 0.00218347834864423 91344352 91344352 0
11 7427 rs2948381 80821706 1 0.00217551629649588 80821706 80821706 0
11 3304 rs10835395 28741136 1 0.00217360433437316 28741136 28741136 0
11 7080 rs7931417 77727129 1 -0.0021668083574445 77727129 77727129 0
11 7876 rs2000961 83854792 1 -0.00215750343154025 83854792 83854792 0
11 10967 rs10891123 110354193 2 -0.00214748939182544 110354193 110354193 0
11 1317 rs7112994 10994559 1 0.00214641971317953 10994559 10994559 0
11 11264 rs4611239 113364271 1 -0.00213977073370294 113364271 113364271 0
11 4077 rs12419146 36353471 1 -0.00213871023569377 36353471 36353471 0
11 12330 rs12574747 123383072 2 0.00213603293455049 123383072 123383072 0
11 8503 rs1499172 88512538 1 -0.00213260235006412 88512538 88512538 0
11 3711 rs7119163 33961756 1 -0.00212691908781104 33961756 33961756 0
11 6591 rs10160764 71082809 1 -0.00212164417480051 71082809 71082809 0
11 6003 rs538147 64129722 1 -0.00210890851356904 64129722 64129722 0
11 12843 rs541783 126864588 1 0.00207478250683893 126864588 126864588 0
11 1929 rs7112764 15858203 1 0.00207378445053086 15858203 15858203 0
11 7174 rs11237714 78800073 1 -0.00204548270950649 78800073 78800073 0
11 3302 rs939505 28714139 2 -0.00203182171691431 28714139 28714139 0
11 11596 rs526151 116236775 1 0.00203096722221381 116236775 116236775 0
11 8044 rs1445496 85624978 1 -0.00202954238246068 85624978 85624978 0
11 13719 rs1871265 134869557 1 0.00201162584969947 134869557 134869557 0
11 3893 rs7131078 35110118 1 0.00200931681875627 35110118 35110118 0
11 11695 rs533556 116741572 2 -0.00200561747069924 116741572 116741572 0
11 9235 rs10831415 95466159 1 -0.00200329749649537 95466159 95466159 0
11 1149 rs2742502 8962764 1 -0.00200017422402886 8962764 8962764 0
11 3541 rs797370 31983665 1 0.0019848250265645 31983665 31983665 0
11 2049 rs2074312 17421790 1 -0.0019821957273322 17421790 17421790 0
11 13085 rs10894010 129120117 1 0.00197503439295767 129120117 129120117 0
11 6187 rs2305535 66272237 1 0.00197098803870235 66272237 66272237 0
11 13099 rs12289132 129200363 1 -0.00197032818173446 129200363 129200363 0
11 6617 rs3829251 71194559 1 0.00195958480803466 71194559 71194559 0
11 10162 rs2509024 102499087 1 -0.00195581327370298 102499087 102499087 0
11 12333 rs7927176 123395864 1 -0.001955538972699 123395864 123395864 0
11 4672 rs1546009 43044239 1 -0.00195078146516646 43044239 43044239 0
11 4224 rs1822934 37439348 1 0.00193988631913585 37439348 37439348 0
11 6697 rs1783585 72889018 2 0.00193774018144389 72889018 72889018 0
11 9929 rs17095235 100495553 1 -0.00193768500122631 100495553 100495553 0
11 6742 rs1122373 73588240 1 0.00193348936442064 73588240 73588240 0
11 8093 rs11234604 86013380 1 -0.00192613767318483 86013380 86013380 0
11 10031 rs1218927 101194447 1 -0.00192425526324738 101194447 101194447 0
11 2079 rs2190453 17533397 1 0.001919190935903 17533397 17533397 0
11 8349 rs12226885 87574807 2 0.00190477938439094 87574807 87574807 0
11 1121 rs4929912 8816695 2 -0.00189784301209443 8816695 8816695 0
11 6583 rs6592055 71053385 1 -0.00189711489211879 71053385 71053385 0
11 11898 rs4290266 118285995 1 -0.00187564165679674 118285995 118285995 0
11 7338 rs10897559 79848654 1 -0.0018727216820111 79848654 79848654 0
11 1488 rs872575 12038860 1 -0.00186377029455366 12038860 12038860 0
11 5969 rs599549 63879654 1 -0.00186093494447024 63879654 63879654 0
11 4850 rs10838304 44573235 2 -0.00186059681952866 44573235 44573235 0
11 2283 rs7931824 19614747 1 0.00185958086037373 19614747 19614747 0
11 8099 rs1955189 86070096 1 0.00185539014284208 86070096 86070096 0
11 5512 rs1868881 57901176 1 0.00185186601233364 57901176 57901176 0
11 11445 rs1403944 114738157 1 -0.00185058552508615 114738157 114738157 0
11 9710 rs7103056 99088047 2 -0.00184772163256259 99088047 99088047 0
11 9453 rs11226986 97425287 1 -0.0018466786107846 97425287 97425287 0
11 8144 rs663208 86193234 1 0.00184625421016637 86193234 86193234 0
11 10145 rs1954850 102378560 1 -0.00184408673939547 102378560 102378560 0
11 7272 rs10899651 79287376 1 -0.00184173494098364 79287376 79287376 0
11 8292 rs577675 86971548 2 0.00181358851799906 86971548 86971548 0
11 7691 rs12363011 82289050 1 -0.00181018635555473 82289050 82289050 0
11 3110 rs7110072 26661690 2 -0.00180995690363207 26661690 26661690 0
11 11902 rs572126 118359161 2 0.00180965864810674 118359161 118359161 0
11 9173 rs498018 95024932 1 0.00180656398913205 95024932 95024932 0
11 2777 rs10500956 23478455 1 -0.00180562631207061 23478455 23478455 0
11 6575 rs1617603 71031696 1 -0.00180509233960559 71031696 71031696 0
11 9447 rs1962941 97371996 1 0.0018034137224867 97371996 97371996 0
11 1408 rs10765846 11422607 1 0.00180225264071796 11422607 11422607 0
11 13547 rs7927989 133356488 1 0.00179782828017486 133356488 133356488 0
11 9386 rs1349704 96777666 1 -0.0017967916665768 96777666 96777666 0
11 2741 rs4923083 23288324 2 0.00179372881681853 23288324 23288324 0
11 4523 rs899036 41682910 1 0.00179041004429335 41682910 41682910 0
11 5835 rs2264278 61885073 1 -0.00178173302442118 61885073 61885073 0
11 4811 rs3107275 44104981 1 0.00178067528999628 44104981 44104981 0
11 3394 rs12361299 29806246 1 -0.00176501499732583 29806246 29806246 0
11 12245 rs11218814 122664228 2 -0.00176188094246044 122664228 122664228 0
11 5823 rs1109748 61722645 1 -0.00176144480602466 61722645 61722645 0
11 4335 rs12575539 39512930 1 -0.00174472177173107 39512930 39512930 0
11 12191 rs17126035 121897762 1 -0.00174447953456373 121897762 121897762 0
11 11231 rs7103866 113164768 1 0.00174039267759187 113164768 113164768 0
11 11743 rs667944 117128271 1 -0.00173857110650571 117128271 117128271 0
11 13485 rs7127891 132789046 1 -0.00173643886914795 132789046 132789046 0
11 8226 rs1075702 86461180 1 0.00173046189466111 86461180 86461180 0
11 6648 rs2163125 72176100 1 -0.00172682721060678 72176100 72176100 0
11 11101 rs11213985 111581521 1 0.00172160746937923 111581521 111581521 0
11 13244 rs1347281 130908989 1 0.00171769388617948 130908989 130908989 0
11 3533 rs10488687 31919540 1 -0.00171567756768917 31919540 31919540 0
11 8537 rs7950833 88820022 1 -0.00170437086985849 88820022 88820022 0
11 10537 rs2510183 105405416 1 0.00169807530872586 105405416 105405416 0
11 11707 rs11216210 116848329 1 0.00168499279347074 116848329 116848329 0
11 11717 rs10892068 116928546 1 0.00167649414534195 116928546 116928546 0
11 2285 rs1364795 19711993 1 0.0016729661576854 19711993 19711993 0
11 1403 rs901554 11354393 1 0.00167043456809735 11354393 11354393 0
11 13071 rs3862648 128975246 1 0.00166947885645933 128975246 128975246 0
11 5976 rs2096706 63924446 2 -0.00165825308552723 63924446 63924446 0
11 9274 rs10501841 95834531 1 0.00164527605276108 95834531 95834531 0
11 9123 rs11020909 94426502 1 0.00163473710955238 94426502 94426502 0
11 9110 rs628715 94363720 2 0.00163304753345797 94363720 94363720 0
11 3396 rs12290129 29815169 1 -0.00163167184164151 29815169 29815169 0
11 7707 rs10792641 82489754 2 0.00161985433598967 82489754 82489754 0
11 1459 rs874651 11779374 1 0.00161682717578732 11779374 11779374 0
11 1639 rs11022626 13086274 1 0.00161645798225295 13086274 13086274 0
11 1971 rs2174163 16427972 1 0.00161370778336025 16427972 16427972 0
11 11825 rs1892903 117669619 1 0.00160440042310088 117669619 117669619 0
11 5879 rs2509979 62204613 1 0.00159541372181136 62204613 62204613 0
11 7660 rs1514621 82081904 2 -0.00158464005794932 82081904 82081904 0
11 2095 rs3802970 17821182 1 -0.00157754278793351 17821182 17821182 0
11 8871 rs1792363 92445462 1 -0.00157587687018481 92445462 92445462 0
11 11562 rs569462 115753077 2 0.00156984734920121 115753077 115753077 0
11 13022 rs615671 128594875 1 0.00156765518271667 128594875 128594875 0
11 2982 rs11028735 25524191 1 -0.00156548864515249 25524191 25524191 0
11 421 rs2445333 5080234 1 0.00156358559678666 5080234 5080234 0
11 6534 rs12363289 70445161 1 0.00155994697638313 70445161 70445161 0
11 11665 rs12292921 116621963 1 0.0015495619194094 116621963 116621963 0
11 541 rs2647582 5424170 1 -0.00154039926556721 5424170 5424170 0
11 9243 rs553998 95603439 2 -0.00153603941582029 95603439 95603439 0
11 9258 rs7943261 95767956 1 -0.00152578165820768 95767956 95767956 0
11 2138 rs1993373 18280635 2 -0.00151889384857534 18280635 18280635 0
11 10266 rs61898615 103019260 1 -0.00151709822349279 103019260 103019260 0
11 10117 rs1470196 101880373 1 0.0015110180717122 101880373 101880373 0
11 2306 rs7934251 19893621 2 -0.00151059510304917 19893621 19893621 0
11 35 rs936469 606749 2 0.00150193205278358 606749 606749 0
11 6525 rs11236708 70424188 1 -0.00148591595768281 70424188 70424188 0
11 3455 rs1336516 30511811 2 0.00148394559109732 30511811 30511811 0
11 8089 rs10898458 85968037 1 0.00147722731858989 85968037 85968037 0
11 8831 rs7935097 91981960 2 -0.00147322070258577 91981960 91981960 0
11 164 rs12277672 2619963 1 -0.00146501362129076 2619963 2619963 0
11 7376 rs11232171 80207466 2 -0.00145168154342764 80207466 80207466 0
11 2258 rs17594372 19471443 1 0.00144739957826674 19471443 19471443 0
11 12777 rs111418068 126343227 2 -0.00144613666610479 126343227 126343227 0
11 4169 rs1825015 36960292 1 0.0014461079373528 36960292 36960292 0
11 7043 rs7121629 76840798 1 0.00144556486240568 76840798 76840798 0
11 1407 rs2403511 11399283 2 -0.00144005904749257 11399283 11399283 0
11 824 rs10839658 6942476 1 -0.0014336813696356 6942476 6942476 0
11 8352 rs1939194 87583124 1 0.00142036963092017 87583124 87583124 0
11 11625 rs551141 116480631 1 0.00141228737803953 116480631 116480631 0
11 12989 rs4937334 128335578 1 0.00141169915817524 128335578 128335578 0
11 8061 rs666682 85739838 1 -0.00140594789473697 85739838 85739838 0
11 12559 rs7937347 124814152 1 0.00140158866923368 124814152 124814152 0
11 9920 rs11224294 100449162 1 -0.00139982344843236 100449162 100449162 0
11 2356 rs16905974 20314643 1 0.00139041708928621 20314643 20314643 0
11 6748 rs634771 73668842 1 0.00138593284008987 73668842 73668842 0
11 13697 rs931932 134671308 1 -0.00137967956010206 134671308 134671308 0
11 13083 rs4245084 129113932 1 0.00137907356993017 129113932 129113932 0
11 5956 rs10897449 63592621 1 0.00137607345972793 63592621 63592621 0
11 1058 rs110419 8252853 1 0.00137141268128153 8252853 8252853 0
11 7377 rs7121564 80209180 1 -0.00136560859009185 80209180 80209180 0
11 6747 rs637028 73660546 1 -0.00136367580109374 73660546 73660546 0
11 2295 rs11819786 19787053 1 0.00134863443103835 19787053 19787053 0
11 6990 rs6592632 76116366 2 0.00134639408862955 76116366 76116366 0
11 5915 rs57743826 62763226 1 0.0013368761956709 62763226 62763226 0
11 2501 rs10833455 21099887 1 0.00133477270770698 21099887 21099887 0
11 11998 rs472611 119824102 1 -0.00132761980260366 119824102 119824102 0
11 13094 rs4261298 129167003 1 0.0013198587092368 129167003 129167003 0
11 37 rs116176428 621826 1 0.00131964264739327 621826 621826 0
11 9525 rs580557 97957369 1 0.00131358891194987 97957369 97957369 0
11 4468 rs11036142 40915304 1 -0.00131284162320526 40915304 40915304 0
11 11599 rs2174880 116304983 1 -0.0013128346537808 116304983 116304983 0
11 13437 rs672649 132388319 1 0.00131214572839605 132388319 132388319 0
11 2669 rs173063 22727764 1 -0.0013100484574472 22727764 22727764 0
11 3951 rs1923298 35384432 1 0.00130125119850887 35384432 35384432 0
11 12300 rs9943547 123026014 2 0.00130124277787061 123026014 123026014 0
11 13322 rs2739287 131531000 1 0.00130020513596093 131531000 131531000 0
11 211 rs11025909 3223297 1 0.00129945029799831 3223297 3223297 0
11 5903 rs2070870 62649042 1 -0.00129786329635062 62649042 62649042 0
11 11005 rs1449699 110610453 1 0.00129576785597007 110610453 110610453 0
11 9320 rs543104 96025709 1 0.00128510476618073 96025709 96025709 0
11 6352 rs921675 68869034 2 0.00127959071438881 68869034 68869034 0
11 13486 rs7112089 132789068 1 -0.00127947977188754 132789068 132789068 0
11 1596 rs12292638 12625227 1 0.00127585971812991 12625227 12625227 0
11 7942 rs1943699 84536635 1 -0.00127432162730471 84536635 84536635 0
11 8972 rs7114771 93239907 1 -0.00126811075675971 93239907 93239907 0
11 9597 rs7944933 98540929 1 0.00126568539610914 98540929 98540929 0
11 8521 rs982709 88595236 1 -0.00126334279038377 88595236 88595236 0
11 12317 rs11219115 123199567 1 0.0012626457239926 123199567 123199567 0
11 11916 rs2155433 118612921 1 -0.00125984044544302 118612921 118612921 0
11 9550 rs10219302 98221723 1 -0.00125780149114419 98221723 98221723 0
11 7096 rs1144764 77870486 1 -0.00124934206236877 77870486 77870486 0
11 3945 rs7127824 35373851 1 -0.00124843306446777 35373851 35373851 0
11 11880 rs678957 118050855 1 -0.00124420463680259 118050855 118050855 0
11 1974 rs2174164 16443567 2 0.00124179643778359 16443567 16443567 0
11 13516 rs11223397 133083333 1 0.00124139851074379 133083333 133083333 0
11 9539 rs7939072 98130056 2 -0.00123959266095086 98130056 98130056 0
11 12950 rs1425877 128002456 1 0.00123478382853761 128002456 128002456 0
11 5653 rs1441585 59855711 1 0.0012332510460114 59855711 59855711 0
11 12831 rs2282507 126763379 2 0.00122970818019126 126763379 126763379 0
11 6606 rs3763856 71125345 2 -0.00122857011167469 71125345 71125345 0
11 13618 rs10791345 134012013 1 0.00122699578672508 134012013 134012013 0
11 10821 rs623860 108106782 2 -0.00122188233266477 108106782 108106782 0
11 11170 rs321117 112656595 1 0.00122014725785361 112656595 112656595 0
11 529 rs1498467 5410934 1 -0.00121473912628621 5410934 5410934 0
11 333 rs4375437 4755505 1 -0.00121173482822525 4755505 4755505 0
11 5470 rs541245 57545948 1 0.0012083623993569 57545948 57545948 0
11 9460 rs11820294 97501053 1 -0.00120171861431934 97501053 97501053 0
11 6512 rs592501 70269777 1 0.00120132642986059 70269777 70269777 0
11 9271 rs61749253 95826485 1 0.00119887920697988 95826485 95826485 0
11 2048 rs757110 17418477 1 -0.00119776998081037 17418477 17418477 0
11 11004 rs1375718 110608950 1 0.00119160654000652 110608950 110608950 0
11 1290 rs4909943 10670073 1 -0.00118380940905836 10670073 10670073 0
11 8643 rs12805608 90233427 1 0.00118357166952989 90233427 90233427 0
11 11164 rs12419219 112566028 1 0.00118266974102102 112566028 112566028 0
11 6966 rs584632 75936942 1 -0.00118248082937272 75936942 75936942 0
11 9949 rs2298611 100582941 1 -0.00118168396049881 100582941 100582941 0
11 13592 rs651067 133762135 2 -0.00117089883853752 133762135 133762135 0
11 5541 rs10896717 57990457 1 -0.00116798450742451 57990457 57990457 0
11 13133 rs12418958 129539589 1 0.00116687065159151 129539589 129539589 0
11 5037 rs3929339 46086727 1 0.0011663785463901 46086727 46086727 0
11 3617 rs7102857 32822434 1 0.00116508021404693 32822434 32822434 0
11 12718 rs12421177 126026645 1 -0.0011575287950604 126026645 126026645 0
11 8236 rs4570601 86486059 1 -0.0011506474467031 86486059 86486059 0
11 763 rs1876301 6672457 1 -0.00115024142655535 6672457 6672457 0
11 4234 rs10836754 37569819 1 -0.00114924548943705 37569819 37569819 0
11 2113 rs211107 18058341 1 -0.00114582765769132 18058341 18058341 0
11 4957 rs6485621 45359591 1 -0.00114472272095266 45359591 45359591 0
11 9020 rs4753116 93767360 2 0.00114417202241924 93767360 93767360 0
11 8082 rs2888903 85854176 2 0.00114262284429536 85854176 85854176 0
11 1261 rs12577015 10424509 1 -0.00113005059695432 10424509 10424509 0
11 11561 rs10502208 115743487 1 0.00111394592741781 115743487 115743487 0
11 2484 rs10833419 20995172 1 -0.00111354123736216 20995172 20995172 0
11 3877 rs7119807 34979548 1 0.00110571186071804 34979548 34979548 0
11 8822 rs10830834 91815601 1 -0.00110434945491595 91815601 91815601 0
11 584 rs12576842 5488533 2 0.0011011864572277 5488533 5488533 0
11 9198 rs10831357 95221480 2 0.0011011417013951 95221480 95221480 0
11 8199 rs10501627 86351500 1 -0.00109871572191855 86351500 86351500 0
11 8793 rs10830780 91604194 1 0.00109853689264242 91604194 91604194 0
11 3763 rs524154 34463760 1 0.00108646751638913 34463760 34463760 0
11 6736 rs11235911 73517259 1 -0.00108201142914114 73517259 73517259 0
11 9900 rs11223581 100173537 1 0.00108182929448777 100173537 100173537 0
11 6225 rs4542419 66970597 1 0.0010802320425735 66970597 66970597 0
11 7451 rs7102845 80916798 1 0.00107699346050661 80916798 80916798 0
11 7372 rs7945761 80196298 1 -0.00107576497837843 80196298 80196298 0
11 10571 rs2155338 105840364 1 0.00106877241974496 105840364 105840364 0
11 11161 rs4269956 112482339 1 -0.0010673911158281 112482339 112482339 0
11 9417 rs1908242 96935094 1 0.0010651007718691 96935094 96935094 0
11 4610 rs4421732 42699672 1 -0.00106086855427638 42699672 42699672 0
11 6088 rs34400381 65143892 1 -0.0010518110408356 65143892 65143892 0
11 3878 rs511776 34987357 2 -0.00105109591843589 34987357 34987357 0
11 12449 rs12271236 123938580 1 0.00105017457565004 123938580 123938580 0
11 5407 rs9943582 57005067 1 0.0010369146225978 57005067 57005067 0
11 6226 rs6591239 66991617 1 0.00103424241534304 66991617 66991617 0
11 12892 rs2618195 127164405 2 -0.00102536744571543 127164405 127164405 0
11 5884 rs117162358 62344743 1 0.00101892608136957 62344743 62344743 0
11 13561 rs4937802 133484254 1 -0.00101700122948517 133484254 133484254 0
11 6251 rs2514029 67408241 2 -0.00101523474479464 67408241 67408241 0
11 10369 rs12576536 103653871 1 -0.00101505434433939 103653871 103653871 0
11 99 rs3740627 1754400 2 -0.0010148280510671 1754400 1754400 0
11 11553 rs1784964 115563555 1 0.00101315127492759 115563555 115563555 0
11 3739 rs5026710 34428362 1 0.00101076754553812 34428362 34428362 0
11 1717 rs10500796 13698833 1 0.00101073388283568 13698833 13698833 0
11 6351 rs2305498 68866914 1 -0.00100940032908552 68866914 68866914 0
11 4521 rs1463075 41631862 1 0.00100052814008513 41631862 41631862 0
11 6949 rs6592618 75711897 1 -9.978522700332944e-4 75711897 75711897 0
11 6878 rs1676891 74949403 1 9.970455156173175e-4 74949403 74949403 0
11 4851 rs1429554 44577468 1 9.93527656270307e-4 44577468 44577468 0
11 389 rs17339295 4961547 2 9.932543616984904e-4 4961547 4961547 0
11 230 rs2271586 3659993 2 -9.87705612931075e-4 3659993 3659993 0
11 4351 rs769866 39749305 1 -9.857040899084089e-4 39749305 39749305 0
11 2883 rs7925550 24515523 1 -9.839470061955963e-4 24515523 24515523 0
11 3787 rs1037457 34588886 1 -9.829814346284725e-4 34588886 34588886 0
11 6632 rs35844388 71701763 1 9.814108214030114e-4 71701763 71701763 0
11 3670 rs4755771 33644514 1 -9.810220805876971e-4 33644514 33644514 0
11 7005 rs11236828 76360404 1 -9.77569279435149e-4 76360404 76360404 0
11 13334 rs11819970 131607351 1 9.77001941412149e-4 131607351 131607351 0
11 3572 rs910514 32338224 1 -9.75055866414972e-4 32338224 32338224 0
11 12528 rs11219709 124434217 1 -9.737137062578456e-4 124434217 124434217 0
11 13392 rs4128547 132028281 1 9.719418543599912e-4 132028281 132028281 0
11 13314 rs1876224 131472178 1 -9.716401937997148e-4 131472178 131472178 0
11 12115 rs686882 121023992 1 9.690043462038438e-4 121023992 121023992 0
11 2645 rs11026505 22334571 1 9.684138062629072e-4 22334571 22334571 0
11 11263 rs6589377 113355736 1 -9.651369785079416e-4 113355736 113355736 0
11 7933 rs11234135 84412257 1 -9.558770682472744e-4 84412257 84412257 0
11 8991 rs62622500 93408743 1 9.547182605955766e-4 93408743 93408743 0
11 2240 rs4237740 19281653 1 9.540604059078752e-4 19281653 19281653 0
11 4376 rs6485172 40041290 1 -9.508843926375768e-4 40041290 40041290 0
11 5851 rs3900954 61975131 1 -9.480016665686948e-4 61975131 61975131 0
11 3803 rs286873 34702158 1 -9.470513636785176e-4 34702158 34702158 0
11 6014 rs7104498 64266244 2 -9.468420758060296e-4 64266244 64266244 0
11 5761 rs3019544 60751923 1 -9.464013253741138e-4 60751923 60751923 0
11 4413 rs12276222 40501714 1 -9.454285935020764e-4 40501714 40501714 0
11 9064 rs3740864 94112883 1 -9.452406868533412e-4 94112883 94112883 0
11 2234 rs7930821 19142695 1 -9.432484551744824e-4 19142695 19142695 0
11 8237 rs12802848 86489148 1 -9.392828068034132e-4 86489148 86489148 0
11 9388 rs585732 96780465 1 9.368619816988792e-4 96780465 96780465 0
11 3113 rs4278475 26694812 1 9.31501938518108e-4 26694812 26694812 0
11 9319 rs2509000 96024021 1 -9.311183513981848e-4 96024021 96024021 0
11 13615 rs1783814 134007108 1 -9.26022369494021e-4 134007108 134007108 0
11 11955 rs619180 119366947 1 -9.190180441195988e-4 119366947 119366947 0
11 1285 rs2162044 10655609 1 9.154589518853524e-4 10655609 10655609 0
11 7121 rs7396701 78202699 1 -9.15165448322312e-4 78202699 78202699 0
11 11080 rs4283016 111248640 1 9.144264538374402e-4 111248640 111248640 0
11 735 rs7924933 6509393 1 9.107961612036612e-4 6509393 6509393 0
11 3050 rs10767484 26027163 1 9.061982906460404e-4 26027163 26027163 0
11 6218 rs12419173 66766754 1 9.058784755303588e-4 66766754 66766754 0
11 12328 rs2846300 123375792 2 9.0486649197825e-4 123375792 123375792 0
11 12026 rs7936665 120147254 1 8.981759019088782e-4 120147254 120147254 0
11 6812 rs7944514 74301192 1 8.973549869091399e-4 74301192 74301192 0
11 247 rs10835262 3916506 1 -8.964440765193498e-4 3916506 3916506 0
11 5277 rs1384060 56087321 1 8.945846592081613e-4 56087321 56087321 0
11 8180 rs4319536 86303136 1 8.921911811375045e-4 86303136 86303136 0
11 2424 rs11025661 20647669 1 -8.871458828175951e-4 20647669 20647669 0
11 2664 rs1514084 22551767 1 -8.851916786133823e-4 22551767 22551767 0
11 9921 rs11224302 100456604 1 8.80256313809915e-4 100456604 100456604 0
11 11155 rs7118512 112466239 1 -8.750582198899433e-4 112466239 112466239 0
11 10483 rs10791730 104688549 1 8.739986669632752e-4 104688549 104688549 0
11 1799 rs11023175 14302533 1 -8.732346991315615e-4 14302533 14302533 0
11 1281 rs7948666 10580684 1 -8.716031165442653e-4 10580684 10580684 0
11 13032 rs2284787 128653289 1 -8.715218656862591e-4 128653289 128653289 0
11 12800 rs569694 126500495 1 8.712463182837157e-4 126500495 126500495 0
11 6183 rs2277302 66240882 1 8.690840476352874e-4 66240882 66240882 0
11 9437 rs2044986 97315831 1 8.656844591812745e-4 97315831 97315831 0
11 11378 rs591013 114287790 1 -8.652347086464838e-4 114287790 114287790 0
11 8294 rs12804243 86975706 2 8.642288493923302e-4 86975706 86975706 0
11 5017 rs2593734 45748110 2 -8.632092818540491e-4 45748110 45748110 0
11 10684 rs11212024 106947600 1 8.625405915894012e-4 106947600 106947600 0
11 2081 rs7128086 17538539 1 -8.623457454123695e-4 17538539 17538539 0
11 8371 rs16914161 87790526 2 8.6194895278759e-4 87790526 87790526 0
11 6470 rs11237212 69875274 1 -8.61607123025244e-4 69875274 69875274 0
11 3783 rs3847603 34571836 1 8.584861636318922e-4 34571836 34571836 0
11 754 rs11825154 6568290 1 8.49690567949167e-4 6568290 6568290 0
11 6621 rs2155425 71217959 1 8.490298964738666e-4 71217959 71217959 0
11 8722 rs12785311 90906453 1 8.433380720489417e-4 90906453 90906453 0
11 10513 rs7934144 104979884 1 -8.383458307598853e-4 104979884 104979884 0
11 11363 rs10128580 114115298 1 8.3712767446893e-4 114115298 114115298 0
11 8160 rs1006586 86226645 1 -8.366789710336624e-4 86226645 86226645 0
11 12518 rs7129642 124408415 1 -8.350577927385803e-4 124408415 124408415 0
11 209 rs4758480 3218709 1 8.333636258605574e-4 3218709 3218709 0
11 4533 rs723562 41799496 1 8.325839194386873e-4 41799496 41799496 0
11 13611 rs641501 133941046 1 -8.249357817677619e-4 133941046 133941046 0
11 6013 rs7940108 64266200 1 8.208594062788964e-4 64266200 64266200 0
11 6978 rs747925 76004202 1 8.19859686426282e-4 76004202 76004202 0
11 6811 rs7941941 74273958 1 -8.162776241966254e-4 74273958 74273958 0
11 12182 rs10892786 121803041 1 8.156352781713002e-4 121803041 121803041 0
11 7661 rs4540849 82085113 1 8.137663889682704e-4 82085113 82085113 0
11 3988 rs12806627 35623483 1 8.133864578907111e-4 35623483 35623483 0
11 6371 rs4930670 69001252 1 8.11349347099401e-4 69001252 69001252 0
11 3567 rs764669 32302799 1 -8.066817907642009e-4 32302799 32302799 0
11 13238 rs2298566 130750642 1 8.036802190274637e-4 130750642 130750642 0
11 7225 rs534842 79091605 1 8.019521926447136e-4 79091605 79091605 0
11 1484 rs7396140 11996757 2 7.987688432445303e-4 11996757 11996757 0
11 213 rs11025930 3226934 1 -7.945243338407738e-4 3226934 3226934 0
11 13639 rs1144221 134164618 1 -7.934585960838404e-4 134164618 134164618 0
11 5930 rs7117494 62873164 1 -7.92400153935678e-4 62873164 62873164 0
11 9135 rs6483377 94674106 2 -7.914443267047742e-4 94674106 94674106 0
11 12853 rs1944622 126883747 1 7.901817757159913e-4 126883747 126883747 0
11 13024 rs1939236 128602827 1 7.897392057097557e-4 128602827 128602827 0
11 13717 rs10894919 134835852 1 7.853359445194887e-4 134835852 134835852 0
11 7053 rs1130059 77090939 1 7.831893272924377e-4 77090939 77090939 0
11 5533 rs1823598 57973199 1 -7.82470954035016e-4 57973199 57973199 0
11 6222 rs11227678 66842469 1 7.785361670189137e-4 66842469 66842469 0
11 13564 rs4494315 133491908 2 7.777721594217372e-4 133491908 133491908 0
11 690 rs11039856 5973494 1 7.768431451661021e-4 5973494 5973494 0
11 11151 rs1945106 112397326 1 -7.743149031107e-4 112397326 112397326 0
11 4520 rs1463068 41611349 1 7.703268441882563e-4 41611349 41611349 0
11 1405 rs4909989 11359886 1 -7.693127668635789e-4 11359886 11359886 0
11 6997 rs12789493 76275703 1 -7.652122955885428e-4 76275703 76275703 0
11 3275 rs12273897 28160335 1 -7.649644726215398e-4 28160335 28160335 0
11 13677 rs11605130 134538498 1 -7.637438571023591e-4 134538498 134538498 0
11 12076 rs4430518 120723433 1 -7.632122308594059e-4 120723433 120723433 0
11 10330 rs716273 103417868 1 7.609902490092196e-4 103417868 103417868 0
11 12988 rs2230004 128333503 1 -7.596304701350032e-4 128333503 128333503 0
11 1655 rs7126761 13122553 1 7.590649215829932e-4 13122553 13122553 0
11 4405 rs1020579 40280436 1 7.570833800036659e-4 40280436 40280436 0
11 10947 rs7930181 110227864 1 7.561200089158241e-4 110227864 110227864 0
11 11153 rs7109000 112435333 1 7.496072859340152e-4 112435333 112435333 0
11 5588 rs7946908 58766266 1 7.477626267893713e-4 58766266 58766266 0
11 8909 rs521754 92802210 1 -7.477300429075652e-4 92802210 92802210 0
11 11310 rs2459969 113638374 2 -7.465493513282434e-4 113638374 113638374 0
11 10689 rs1425241 106986700 1 -7.438353985924229e-4 106986700 106986700 0
11 12807 rs10790820 126583203 1 -7.426688190131285e-4 126583203 126583203 0
11 6516 rs62622853 70333498 1 -7.414153345469952e-4 70333498 70333498 0
11 1642 rs16911996 13087407 1 -7.413032701428382e-4 13087407 13087407 0
11 11578 rs1894070 116076882 1 7.397550250399218e-4 116076882 116076882 0
11 7713 rs2511866 82523387 1 -7.385313421373154e-4 82523387 82523387 0
11 221 rs7102231 3402477 1 7.370996579425174e-4 3402477 3402477 0
11 12922 rs356256 127445359 1 7.345502849313258e-4 127445359 127445359 0
11 7177 rs12419002 78816852 1 7.338567249017332e-4 78816852 78816852 0
11 6515 rs143595073 70331937 1 -7.317180778977521e-4 70331937 70331937 0
11 7388 rs2373551 80346212 1 7.314798273647382e-4 80346212 80346212 0
11 4786 rs17795583 44036397 1 7.29757845057588e-4 44036397 44036397 0
11 12555 rs4254088 124805619 1 7.227283580261668e-4 124805619 124805619 0
11 8745 rs6483110 91047120 1 -7.212907963661328e-4 91047120 91047120 0
11 7308 rs679598 79660947 1 7.160885177320247e-4 79660947 79660947 0
11 3723 rs2755176 34265140 1 7.15303130716126e-4 34265140 34265140 0
11 970 rs7129065 7678868 1 -7.113971368442161e-4 7678868 7678868 0
11 7697 rs1790710 82338312 1 -7.108244961005818e-4 82338312 82338312 0
11 6399 rs4426151 69174986 1 -7.103958594294695e-4 69174986 69174986 0
11 138 rs16928078 2320013 1 7.085601176991939e-4 2320013 2320013 0
11 1656 rs10766040 13124064 2 7.048917190986895e-4 13124064 13124064 0
11 1506 rs1564946 12176273 1 -7.017668330690067e-4 12176273 12176273 0
11 7729 rs7123485 82563803 1 -6.99726801611552e-4 82563803 82563803 0
11 13637 rs11223738 134128313 1 6.992688429203944e-4 134128313 134128313 0
11 1931 rs7109948 15866420 1 -6.980543672963666e-4 15866420 15866420 0
11 1771 rs11023075 14097161 1 -6.939072544082264e-4 14097161 14097161 0
11 10813 rs7931681 108004798 2 6.931845242081432e-4 108004798 108004798 0
11 4469 rs10768645 40915339 1 -6.905171380784987e-4 40915339 40915339 0
11 2311 rs7118085 19947749 1 6.879598306788682e-4 19947749 19947749 0
11 3940 rs3847615 35347929 1 -6.849157683313933e-4 35347929 35347929 0
11 12165 rs1944677 121616060 1 -6.824432404941516e-4 121616060 121616060 0
11 752 rs4282961 6554941 1 -6.776640247529304e-4 6554941 6554941 0
11 3731 rs2955957 34328563 1 6.743684166559677e-4 34328563 34328563 0
11 1960 rs6486278 16221145 1 -6.71963864207381e-4 16221145 16221145 0
11 9717 rs12421122 99154402 1 6.716402518470091e-4 99154402 99154402 0
11 13461 rs1939518 132582971 1 6.714428843398608e-4 132582971 132582971 0
11 10615 rs9285795 106264835 1 6.70434789784823e-4 106264835 106264835 0
11 3555 rs689176 32134761 1 6.599605884117615e-4 32134761 32134761 0
11 7463 rs6591948 80938972 1 6.595245433496694e-4 80938972 80938972 0
11 8832 rs947938 91988838 1 -6.565696911617099e-4 91988838 91988838 0
11 2497 rs940199 21069877 1 -6.557501720211416e-4 21069877 21069877 0
11 2073 rs6486374 17513389 1 -6.547907619403096e-4 17513389 17513389 0
11 9554 rs722941 98247743 2 -6.547169432966515e-4 98247743 98247743 0
11 13012 rs4937362 128492739 1 6.524342185324826e-4 128492739 128492739 0
11 241 rs7931756 3792657 1 6.512097131821469e-4 3792657 3792657 0
11 3180 rs11029928 27319188 1 -6.51180363171355e-4 27319188 27319188 0
11 3609 rs10767942 32522007 1 -6.489449540936662e-4 32522007 32522007 0
11 7885 rs4561234 83946670 1 -6.483768215025567e-4 83946670 83946670 0
11 9806 rs4323834 99592885 1 6.480048915849858e-4 99592885 99592885 0
11 9253 rs2509092 95718000 1 -6.479836322895886e-4 95718000 95718000 0
11 13045 rs675482 128726594 1 6.47973340264104e-4 128726594 128726594 0
11 5264 rs4939542 55729751 1 -6.452107257299096e-4 55729751 55729751 0
11 8526 rs604179 88629801 1 6.408923784179016e-4 88629801 88629801 0
11 9586 rs11216155 98481393 1 6.398740302487084e-4 98481393 98481393 0
11 8527 rs598758 88635135 1 6.380079728501506e-4 88635135 88635135 0
11 6960 rs882151 75904137 1 6.367207152058108e-4 75904137 75904137 0
11 12720 rs10501858 126030615 1 6.344302347349973e-4 126030615 126030615 0
11 1019 rs7928132 7904380 1 6.338262047464623e-4 7904380 7904380 0
11 6436 rs546597 69351911 1 6.334596340143227e-4 69351911 69351911 0
11 1980 rs7937011 16499623 2 -6.319760845318677e-4 16499623 16499623 0
11 9655 rs11218323 98951110 1 6.309754566315663e-4 98951110 98951110 0
11 3295 rs12577364 28658030 1 -6.303601026862063e-4 28658030 28658030 0
11 4585 rs11036893 42466106 1 6.2957516711154e-4 42466106 42466106 0
11 12296 rs7111575 123014015 1 -6.286778156359848e-4 123014015 123014015 0
11 12804 rs10790817 126508121 1 6.28406473533023e-4 126508121 126508121 0
11 10339 rs4754967 103471509 1 6.280643540652158e-4 103471509 103471509 0
11 1070 rs897111 8369415 1 -6.255774652543418e-4 8369415 8369415 0
11 9410 rs10895052 96900556 1 6.251396676680102e-4 96900556 96900556 0
11 2496 rs7937542 21061196 1 6.228401983807193e-4 21061196 21061196 0
11 13362 rs574322 131821000 1 -6.221270691944283e-4 131821000 131821000 0
11 6012 rs615311 64258505 2 6.213732162639151e-4 64258505 64258505 0
11 921 rs4076396 7490236 1 6.202607538146598e-4 7490236 7490236 0
11 3728 rs1967745 34302118 1 -6.201104078675112e-4 34302118 34302118 0
11 12244 rs4936743 122641495 1 -6.179665633263788e-4 122641495 122641495 0
11 1774 rs1881512 14103801 1 6.170582959598339e-4 14103801 14103801 0
11 6507 rs947781 70212755 2 6.144189472537089e-4 70212755 70212755 0
11 3328 rs7114955 29086045 1 -6.108352152024925e-4 29086045 29086045 0
11 5808 rs174570 61597212 1 6.096723939089992e-4 61597212 61597212 0
11 12126 rs10892689 121088158 1 -6.091419924843739e-4 121088158 121088158 0
11 10828 rs227064 108207393 1 6.074408684376603e-4 108207393 108207393 0
11 12779 rs7933568 126369158 1 -6.069415160211381e-4 126369158 126369158 0
11 1921 rs1484433 15799460 1 -6.028929480297962e-4 15799460 15799460 0
11 2910 rs16912971 24654654 1 -6.01186846286156e-4 24654654 24654654 0
11 6438 rs17318736 69400045 1 5.960203837652639e-4 69400045 69400045 0
11 8857 rs586699 92289734 1 -5.960027380082551e-4 92289734 92289734 0
11 7367 rs1037399 80147284 1 5.958092613870445e-4 80147284 80147284 0
11 1288 rs11042909 10668522 1 5.934462981927412e-4 10668522 10668522 0
11 6303 rs7123564 68362164 2 5.930965112842333e-4 68362164 68362164 0
11 13649 rs11223824 134323455 1 -5.919587645415072e-4 134323455 134323455 0
11 9724 rs12576370 99191617 1 5.908500293952413e-4 99191617 99191617 0
11 8348 rs9666479 87572490 1 5.896925363956041e-4 87572490 87572490 0
11 2437 rs10466424 20681439 2 -5.864152664915908e-4 20681439 20681439 0
11 6117 rs642803 65560620 1 5.854053860506043e-4 65560620 65560620 0
11 5861 rs11604814 62027308 1 5.845993291909867e-4 62027308 62027308 0
11 6382 rs11605162 69050867 1 5.842675695133682e-4 69050867 69050867 0
11 12229 rs7930461 122484431 1 -5.842495515331926e-4 122484431 122484431 0
11 4426 rs1390177 40600161 1 -5.796198861900822e-4 40600161 40600161 0
11 631 rs61756355 5632018 1 5.789693509296534e-4 5632018 5632018 0
11 11163 rs1459658 112565534 2 5.747519105773055e-4 112565534 112565534 0
11 11951 rs2195525 119235404 1 -5.736697479617628e-4 119235404 119235404 0
11 13302 rs6590583 131383662 1 5.73411843092177e-4 131383662 131383662 0
11 4604 rs7129198 42663401 2 -5.660212171454909e-4 42663401 42663401 0
11 5030 rs7925824 45929961 1 5.65265432626378e-4 45929961 45929961 0
11 7825 rs11233774 83591243 1 -5.65203981442371e-4 83591243 83591243 0
11 13194 rs1021205 130271209 1 -5.649468667637622e-4 130271209 130271209 0
11 2142 rs11024605 18311701 1 5.623617937691609e-4 18311701 18311701 0
11 6121 rs10896053 65579670 1 -5.606729837225854e-4 65579670 65579670 0
11 7314 rs642770 79688804 1 5.605248471455974e-4 79688804 79688804 0
11 12870 rs11220790 126992504 1 -5.594594249356697e-4 126992504 126992504 0
11 13004 rs4937342 128398309 1 -5.587204261456422e-4 128398309 128398309 0
11 12448 rs1453652 123935438 1 5.561735191868743e-4 123935438 123935438 0
11 54 rs35567200 830044 1 5.561552284957862e-4 830044 830044 0
11 894 rs7937079 7387401 1 -5.543369623482775e-4 7387401 7387401 0
11 3876 rs11539202 34969112 1 5.536616879727545e-4 34969112 34969112 0
11 9190 rs7940677 95110237 1 -5.521900298157822e-4 95110237 95110237 0
11 3523 rs7942007 31835418 1 -5.464887087549428e-4 31835418 31835418 0
11 3204 rs4128868 27444517 1 -5.456615187291843e-4 27444517 27444517 0
11 7364 rs2373478 80049649 1 -5.454235703139318e-4 80049649 80049649 0
11 1905 rs7128738 15692228 1 -5.438315322269188e-4 15692228 15692228 0
11 4620 rs4132365 42867577 1 -5.413548953966846e-4 42867577 42867577 0
11 7107 rs7117238 78040259 1 -5.404355898722765e-4 78040259 78040259 0
11 2212 rs7109068 19072151 1 -5.401658558855471e-4 19072151 19072151 0
11 5581 rs1938698 58479675 1 -5.386225283667928e-4 58479675 58479675 0
11 4292 rs1481294 38604075 1 5.37464176035405e-4 38604075 38604075 0
11 8324 rs10898702 87184717 1 -5.34338169092845e-4 87184717 87184717 0
11 3282 rs11030281 28360360 1 -5.310779378016633e-4 28360360 28360360 0
11 10690 rs11212035 106987593 1 -5.295810251569059e-4 106987593 106987593 0
11 3068 rs7930530 26303474 1 5.291480479999491e-4 26303474 26303474 0
11 4182 rs333805 37043351 1 -5.280587445522854e-4 37043351 37043351 0
11 9882 rs4754673 100020880 1 5.270873493353013e-4 100020880 100020880 0
11 13264 rs10894342 131045833 1 -5.262932214687102e-4 131045833 131045833 0
11 6985 rs6592630 76060528 1 5.207700641890505e-4 76060528 76060528 0
11 11809 rs1892918 117531465 1 5.204868210314658e-4 117531465 117531465 0
11 4878 rs7124825 44856227 1 -5.191850922451167e-4 44856227 44856227 0
11 10848 rs2640737 108462537 1 -5.176186794274226e-4 108462537 108462537 0
11 12770 rs4937128 126292596 1 -5.168587105788738e-4 126292596 126292596 0
11 5874 rs3017101 62175013 1 -5.163552260521168e-4 62175013 62175013 0
11 4722 rs11037366 43244906 1 -5.132956949476485e-4 43244906 43244906 0
11 7085 rs117003832 77775352 1 -5.124464269325379e-4 77775352 77775352 0
11 9449 rs10895894 97400945 1 -5.107156580269502e-4 97400945 97400945 0
11 6729 rs12576616 73411927 1 -5.100580523988024e-4 73411927 73411927 0
11 2666 rs1399103 22567197 1 5.091233115749971e-4 22567197 22567197 0
11 8392 rs302653 87894630 1 5.082387479465369e-4 87894630 87894630 0
11 5412 rs590240 57024830 1 5.066979337737652e-4 57024830 57024830 0
11 10748 rs4754231 107426129 1 5.063412617365904e-4 107426129 107426129 0
11 10260 rs11225514 102877513 1 -5.047675156582441e-4 102877513 102877513 0
11 4611 rs10837908 42715836 1 -5.028904531485297e-4 42715836 42715836 0
11 8878 rs17543864 92556100 1 -4.998759069933776e-4 92556100 92556100 0
11 4082 rs606442 36409826 1 -4.995993986054674e-4 36409826 36409826 0
11 842 rs11041149 7058885 1 -4.971072604812204e-4 7058885 7058885 0
11 2720 rs1384464 23217814 1 4.956392269671747e-4 23217814 23217814 0
11 6128 rs34891773 65631361 1 4.944842315194849e-4 65631361 65631361 0
11 10340 rs1481971 103473579 1 4.930024820674771e-4 103473579 103473579 0
11 1902 rs7107683 15649614 1 -4.924858228444639e-4 15649614 15649614 0
11 1474 rs4243942 11822718 1 4.896303049228417e-4 11822718 11822718 0
11 12968 rs12786743 128159029 1 4.88620288212294e-4 128159029 128159029 0
11 9656 rs17132928 98951650 1 4.861220251957231e-4 98951650 98951650 0
11 5862 rs11602047 62032425 1 -4.856634176703746e-4 62032425 62032425 0
11 5325 rs151301846 56380971 1 -4.841896915992309e-4 56380971 56380971 0
11 4168 rs10836640 36952592 1 4.837264239258578e-4 36952592 36952592 0
11 7417 rs10897741 80727242 1 -4.832810931621259e-4 80727242 80727242 0
11 13626 rs11606866 134039963 2 -4.811493338392489e-4 134039963 134039963 0
11 9475 rs11212541 97615645 1 -4.797331961468455e-4 97615645 97615645 0
11 1394 rs7114163 11317948 1 -4.795700584211088e-4 11317948 11317948 0
11 10236 rs501371 102748450 1 4.792361364399116e-4 102748450 102748450 0
11 12392 rs10502281 123756623 1 -4.788263123562442e-4 123756623 123756623 0
11 7565 rs12294805 81486744 1 4.7742797660139025e-4 81486744 81486744 0
11 707 rs4758369 6045931 1 4.7664234926755227e-4 6045931 6045931 0
11 6477 rs12361305 69933614 1 4.7388041611665766e-4 69933614 69933614 0
11 9400 rs17275283 96841814 1 -4.73794947142713e-4 96841814 96841814 0
11 1910 rs7108738 15710084 2 4.730414325467059e-4 15710084 15710084 0
11 9071 rs13447720 94165326 1 -4.7190792546025295e-4 94165326 94165326 0
11 5749 rs565539 60602297 1 -4.70930702262981e-4 60602297 60602297 0
11 13658 rs7936175 134391551 1 -4.694298975295672e-4 134391551 134391551 0
11 2077 rs7104083 17530484 1 4.6892487513841536e-4 17530484 17530484 0
11 1848 rs16931247 15243593 1 4.671766498092134e-4 15243593 15243593 0
11 3322 rs1982099 29036639 1 -4.669688048703589e-4 29036639 29036639 0
11 10989 rs11822684 110484253 1 4.6661708963641614e-4 110484253 110484253 0
11 11230 rs17513907 113155980 1 -4.655549577677879e-4 113155980 113155980 0
11 6032 rs7932775 64367862 1 4.654255622446834e-4 64367862 64367862 0
11 10844 rs2640758 108429200 1 -4.65157986277291e-4 108429200 108429200 0
11 4375 rs968845 40029625 1 -4.6206739589454374e-4 40029625 40029625 0
11 1649 rs1441344 13100080 1 -4.6166799425696855e-4 13100080 13100080 0
11 3131 rs79461805 26885197 1 4.6067287174200705e-4 26885197 26885197 0
11 9457 rs11827713 97477422 1 -4.5969111728003386e-4 97477422 97477422 0
11 7632 rs581701 81885721 2 -4.592773135192357e-4 81885721 81885721 0
11 4867 rs7104896 44784540 1 -4.572905067503221e-4 44784540 44784540 0
11 13196 rs2242312 130275346 1 4.545639469889339e-4 130275346 130275346 0
11 10142 rs634814 102359477 1 -4.540687911105245e-4 102359477 102359477 0
11 13077 rs1031063 129082414 1 -4.5331938052184194e-4 129082414 129082414 0
11 11716 rs723955 116925042 1 4.5258131057394305e-4 116925042 116925042 0
11 13601 rs3802920 133787001 1 4.518126592120791e-4 133787001 133787001 0
11 7551 rs17142789 81422622 1 4.5034646858182743e-4 81422622 81422622 0
11 11336 rs7118530 113890125 1 -4.495692907244973e-4 113890125 113890125 0
11 7378 rs7105769 80209292 1 -4.4939363630728553e-4 80209292 80209292 0
11 11903 rs537975 118362869 2 4.478075112026237e-4 118362869 118362869 0
11 9095 rs1939139 94307002 1 4.477003583641722e-4 94307002 94307002 0
11 1766 rs1919297 14089499 1 -4.453922509000464e-4 14089499 14089499 0
11 11057 rs949280 111111747 1 4.421591241485721e-4 111111747 111111747 0
11 10478 rs1200649 104632721 1 -4.405777696417417e-4 104632721 104632721 0
11 1669 rs16924750 13185226 1 -4.401651664785301e-4 13185226 13185226 0
11 11522 rs10502205 115416391 2 -4.3958261122821864e-4 115416391 115416391 0
11 7415 rs11232407 80659466 1 -4.387060072570639e-4 80659466 80659466 0
11 8524 rs666229 88612116 1 4.37850176110554e-4 88612116 88612116 0
11 2600 rs764949 21667334 1 4.37377342445594e-4 21667334 21667334 0
11 2282 rs10741780 19599971 1 4.355076642790421e-4 19599971 19599971 0
11 1657 rs3849154 13124524 1 -4.3494456016535035e-4 13124524 13124524 0
11 7926 rs6592194 84360096 1 4.3367166876827226e-4 84360096 84360096 0
11 12573 rs14065 124972208 1 -4.333730195797686e-4 124972208 124972208 0
11 4584 rs12795715 42449785 1 -4.319711902107139e-4 42449785 42449785 0
11 561 rs1391619 5455929 1 4.308306668470458e-4 5455929 5455929 0
11 3296 rs7942414 28669964 1 -4.276092973753643e-4 28669964 28669964 0
11 405 rs1902318 5024139 1 -4.2751107391045663e-4 5024139 5024139 0
11 5741 rs11230466 60528162 1 -4.253012244791136e-4 60528162 60528162 0
11 1644 rs3109943 13094968 1 -4.2470416991568897e-4 13094968 13094968 0
11 12941 rs1812931 127735165 1 -4.22118132150764e-4 127735165 127735165 0
11 4330 rs7944994 39322214 1 4.2207838932009e-4 39322214 39322214 0
11 9556 rs10501885 98251961 1 -4.2011235588082594e-4 98251961 98251961 0
11 2681 rs7941772 22801465 1 4.1921721199784657e-4 22801465 22801465 0
11 11386 rs11215037 114403674 1 -4.187344251086649e-4 114403674 114403674 0
11 3114 rs10767567 26701172 1 4.1834132963107e-4 26701172 26701172 0
11 12285 rs11218921 122890439 1 4.176118084990585e-4 122890439 122890439 0
11 4960 rs4755319 45381346 1 4.166265269722162e-4 45381346 45381346 0
11 13299 rs7951332 131355411 1 4.1616635681742406e-4 131355411 131355411 0
11 12207 rs11218583 122204383 1 -4.157482933993802e-4 122204383 122204383 0
11 1705 rs307245 13481999 1 4.146020872760289e-4 13481999 13481999 0
11 4602 rs4567442 42654042 1 -4.122937143820692e-4 42654042 42654042 0
11 11098 rs542275 111431614 1 4.121434995797535e-4 111431614 111431614 0
11 7088 rs17825668 77815059 1 4.108397211363248e-4 77815059 77815059 0
11 1438 rs7946738 11538434 1 -4.062842750095547e-4 11538434 11538434 0
11 9691 rs11218644 99046833 1 -4.0491443311564993e-4 99046833 99046833 0
11 3038 rs12275759 25973247 1 -4.041812770022047e-4 25973247 25973247 0
11 3181 rs3929244 27355031 1 -4.032185083912624e-4 27355031 27355031 0
11 4164 rs1383349 36938773 2 4.025177840768966e-4 36938773 36938773 0
11 3000 rs12420001 25753192 1 -3.997445343188303e-4 25753192 25753192 0
11 4202 rs11033958 37141853 1 3.950728648780985e-4 37141853 37141853 0
11 3243 rs7934165 27731983 1 -3.9442169710395816e-4 27731983 27731983 0
11 2668 rs7952704 22721656 1 3.9403856796437376e-4 22721656 22721656 0
11 1350 rs2896570 11095452 2 3.936543622702342e-4 11095452 11095452 0
11 5465 rs150928534 57464253 1 -3.932988452664442e-4 57464253 57464253 0
11 3167 rs10835128 27226591 1 -3.918549922132215e-4 27226591 27226591 0
11 2663 rs925633 22525081 1 3.917852003389751e-4 22525081 22525081 0
11 13493 rs10894637 132871336 1 -3.89634171415736e-4 132871336 132871336 0
11 1123 rs4929914 8824388 1 3.855603668463032e-4 8824388 8824388 0
11 131 rs7941585 2281501 1 3.831902786988394e-4 2281501 2281501 0
11 5959 rs10897464 63718663 1 -3.825101215993089e-4 63718663 63718663 0
11 11801 rs7946890 117494945 1 -3.822343400681952e-4 117494945 117494945 0
11 7878 rs1869472 83878075 1 -3.780285229982697e-4 83878075 83878075 0
11 8179 rs4405344 86303090 2 3.7720833311850454e-4 86303090 86303090 0
11 4644 rs1387312 42948762 1 -3.7660540236818626e-4 42948762 42948762 0
11 6987 rs12223637 76104519 1 -3.745584608503353e-4 76104519 76104519 0
11 4575 rs1903727 42427853 1 3.7149074436192625e-4 42427853 42427853 0
11 7259 rs4073501 79216085 1 3.708935330872644e-4 79216085 79216085 0
11 6863 rs4100076 74861416 1 -3.6751076343055807e-4 74861416 74861416 0
11 1785 rs10832235 14244240 1 3.6649241590706714e-4 14244240 14244240 0
11 1740 rs12271326 13925480 1 3.660027462312972e-4 13925480 13925480 0
11 698 rs4354673 6007613 1 3.65560947949797e-4 6007613 6007613 0
11 3051 rs1387493 26034283 1 3.63967153287838e-4 26034283 26034283 0
11 12033 rs7122401 120183803 1 -3.633597920175176e-4 120183803 120183803 0
11 7646 rs11233051 81958954 1 -3.617916783794364e-4 81958954 81958954 0
11 10515 rs11226619 104999890 1 3.617313196662257e-4 104999890 104999890 0
11 1332 rs7123407 11029062 1 3.6133613671561943e-4 11029062 11029062 0
11 11667 rs2075295 116628401 1 3.6087122573458415e-4 116628401 116628401 0
11 7242 rs1912702 79173082 1 3.602751168050813e-4 79173082 79173082 0
11 11677 rs623908 116640368 1 -3.596643309196335e-4 116640368 116640368 0
11 10358 rs10895511 103552188 1 -3.578257175972396e-4 103552188 103552188 0
11 8970 rs10466333 93231284 1 -3.569613602257495e-4 93231284 93231284 0
11 852 rs6578828 7113134 2 3.554401162462813e-4 7113134 7113134 0
11 5957 rs928948 63639881 1 3.5503195746071435e-4 63639881 63639881 0
11 7431 rs10897755 80839482 1 3.5347010411894e-4 80839482 80839482 0
11 9227 rs873219 95401134 1 3.516127081693749e-4 95401134 95401134 0
11 10418 rs11226193 104005970 1 3.49775403708908e-4 104005970 104005970 0
11 1168 rs3751052 9072140 1 3.4948938404185515e-4 9072140 9072140 0
11 11984 rs4938724 119672156 2 -3.4947605378209866e-4 119672156 119672156 0
11 5633 rs12421628 59785647 1 -3.4943714641770925e-4 59785647 59785647 0
11 11770 rs11216430 117376111 2 3.485717422570826e-4 117376111 117376111 0
11 659 rs11604371 5747303 1 3.4673296715384213e-4 5747303 5747303 0
11 8557 rs1393350 89011046 1 3.445107934870715e-4 89011046 89011046 0
11 13555 rs10894710 133475018 1 -3.4435286809562205e-4 133475018 133475018 0
11 1994 rs217767 16797867 1 -3.4343586743018276e-4 16797867 16797867 0
11 3726 rs10836178 34282229 2 -3.4243797848955963e-4 34282229 34282229 0
11 4825 rs10838249 44293529 1 3.4200491596480127e-4 44293529 44293529 0
11 1124 rs4929915 8824418 2 -3.408551611701378e-4 8824418 8824418 0
11 8759 rs2138996 91273962 1 -3.382027963745796e-4 91273962 91273962 0
11 4121 rs61753861 36680719 1 3.3672736038977e-4 36680719 36680719 0
11 2849 rs7941806 24248805 1 3.3630787048044916e-4 24248805 24248805 0
11 793 rs670151 6791151 2 3.3168673526483413e-4 6791151 6791151 0
11 7240 rs12807081 79169409 1 -3.3038031800130575e-4 79169409 79169409 0
11 30 rs11821341 460303 1 3.2949792287890057e-4 460303 460303 0
11 12893 rs2012959 127170383 1 3.287345493175825e-4 127170383 127170383 0
11 13553 rs12271362 133463444 1 3.2872911260393203e-4 133463444 133463444 0
11 7683 rs1939586 82236778 1 -3.2839929889728024e-4 82236778 82236778 0
11 4023 rs7126914 36093636 1 3.282984080862033e-4 36093636 36093636 0
11 2607 rs1459873 21753111 1 3.275578120647931e-4 21753111 21753111 0
11 4516 rs11036390 41430746 1 -3.2720861718284823e-4 41430746 41430746 0
11 1364 rs1875775 11172701 2 -3.2702175208873595e-4 11172701 11172701 0
11 5138 rs10742805 47454701 1 3.2683789320887743e-4 47454701 47454701 0
11 5022 rs1562455 45776968 2 -3.256894803410201e-4 45776968 45776968 0
11 11674 rs2187126 116635784 1 -3.251222884764712e-4 116635784 116635784 0
11 9172 rs10831329 95022652 1 -3.2448408271568656e-4 95022652 95022652 0
11 10632 rs17105855 106460931 1 -3.2345429489943466e-4 106460931 106460931 0
11 4243 rs10501184 37688849 1 3.2253263500886824e-4 37688849 37688849 0
11 568 rs1498487 5462905 1 -3.224187296721324e-4 5462905 5462905 0
11 7004 rs1941603 76359722 1 -3.2117070710654575e-4 76359722 76359722 0
11 5917 rs948979 62783826 1 3.211115183635102e-4 62783826 62783826 0
11 1786 rs11023150 14245688 1 3.204543443451827e-4 14245688 14245688 0
11 13607 rs627455 133887799 1 3.201388257897392e-4 133887799 133887799 0
11 10126 rs12420608 101992349 1 3.201333393545565e-4 101992349 101992349 0
11 13523 rs4937761 133155735 1 3.200013683488709e-4 133155735 133155735 0
11 1495 rs16910421 12070665 1 3.1947546201204624e-4 12070665 12070665 0
11 2498 rs7120935 21079942 1 -3.16622542136889e-4 21079942 21079942 0
11 5508 rs3853676 57893967 1 3.160142841610981e-4 57893967 57893967 0
11 5766 rs11230563 60776209 2 3.1517864178651027e-4 60776209 60776209 0
11 10193 rs2846707 102576358 1 -3.1400582889408847e-4 102576358 102576358 0
11 8240 rs12786875 86490580 2 -3.1365644958049696e-4 86490580 86490580 0
11 6595 rs17161455 71094472 1 -3.1283828451726783e-4 71094472 71094472 0
11 8336 rs2186664 87439615 1 -3.1261030844615106e-4 87439615 87439615 0
11 3655 rs2756276 33525405 1 -3.1197467216190054e-4 33525405 33525405 0
11 11381 rs11214997 114324312 1 3.100282801326559e-4 114324312 114324312 0
11 6523 rs7941537 70398245 1 -3.095841674428696e-4 70398245 70398245 0
11 2791 rs11027285 23548673 1 3.08935660080659e-4 23548673 23548673 0
11 6194 rs3867132 66309269 1 3.065770262426055e-4 66309269 66309269 0
11 10328 rs10459005 103416881 1 3.060242540908758e-4 103416881 103416881 0
11 7195 rs537355 78924501 1 3.0570762382259195e-4 78924501 78924501 0
11 11769 rs7112940 117373432 1 -3.053509922190195e-4 117373432 117373432 0
11 12372 rs10750240 123677614 1 3.0180559018868513e-4 123677614 123677614 0
11 2054 rs1801261 17436865 1 -3.008778432313402e-4 17436865 17436865 0
11 2223 rs16936115 19108683 1 -3.0004626687487213e-4 19108683 19108683 0
11 3069 rs11029518 26345407 1 2.987711384013987e-4 26345407 26345407 0
11 1034 rs2136907 7973233 1 -2.9783520407334924e-4 7973233 7973233 0
11 6602 rs1790358 71115446 1 -2.9576207986219984e-4 71115446 71115446 0
11 5525 rs1451319 57951574 1 -2.952091216051597e-4 57951574 57951574 0
11 643 rs10838517 5695743 1 2.946104225677944e-4 5695743 5695743 0
11 6741 rs12294934 73581908 1 -2.945373706544186e-4 73581908 73581908 0
11 6304 rs111503828 68382119 1 -2.9441338534667746e-4 68382119 68382119 0
11 6385 rs11602680 69053932 1 -2.938648666146022e-4 69053932 69053932 0
11 3452 rs2242144 30504621 1 2.931664228784926e-4 30504621 30504621 0
11 9522 rs11213783 97919121 1 2.9230615841068175e-4 97919121 97919121 0
11 6720 rs7128512 73372299 1 2.9200969982323005e-4 73372299 73372299 0
11 6265 rs7122260 67748817 1 -2.9082050902484426e-4 67748817 67748817 0
11 6839 rs572656 74500173 1 -2.8805873797618363e-4 74500173 74500173 0
11 4502 rs11036286 41226338 1 -2.8779865332273556e-4 41226338 41226338 0
11 4409 rs11035794 40370881 1 -2.8778353637986924e-4 40370881 40370881 0
11 6449 rs734102 69624482 1 2.8763176580011787e-4 69624482 69624482 0
11 12086 rs2298725 120823608 2 -2.8689775195593354e-4 120823608 120823608 0
11 8333 rs11235296 87435016 1 2.8627840525817446e-4 87435016 87435016 0
11 2601 rs1945546 21669202 1 -2.82188168007757e-4 21669202 21669202 0
11 3272 rs12272419 28110151 1 -2.8161471942234935e-4 28110151 28110151 0
11 11258 rs11214606 113309869 1 2.807846897917806e-4 113309869 113309869 0
11 2409 rs2241941 20623023 1 2.796031274418003e-4 20623023 20623023 0
11 2143 rs7128017 18319180 2 -2.795943197312474e-4 18319180 18319180 0
11 11537 rs17454691 115511339 1 -2.788703190699397e-4 115511339 115511339 0
11 10939 rs1792783 110177371 1 2.785676746081589e-4 110177371 110177371 0
11 4158 rs7104698 36873565 1 -2.7820215214188635e-4 36873565 36873565 0
11 13126 rs12787230 129459840 1 -2.7813319589889857e-4 129459840 129459840 0
11 9200 rs2156469 95229401 1 -2.7796135482761246e-4 95229401 95229401 0
11 11749 rs564674 117227519 1 -2.7787743001434135e-4 117227519 117227519 0
11 532 rs9783355 5411395 1 -2.728954860566482e-4 5411395 5411395 0
11 7264 rs11237881 79230538 1 -2.726903119944642e-4 79230538 79230538 0
11 13525 rs7122854 133168523 1 2.721262828029451e-4 133168523 133168523 0
11 6445 rs10737157 69572684 1 2.7205365097434476e-4 69572684 69572684 0
11 13597 rs1106561 133777388 1 2.7187969456548796e-4 133777388 133777388 0
11 7581 rs12289167 81548571 1 2.716902007312957e-4 81548571 81548571 0
11 11342 rs926075 114000727 1 2.7139739719631457e-4 114000727 114000727 0
11 1174 rs7925308 9198010 1 2.7129951510400743e-4 9198010 9198010 0
11 1404 rs901555 11355344 2 -2.691259385065244e-4 11355344 11355344 0
11 6017 rs12417589 64301713 1 2.690980913978122e-4 64301713 64301713 0
11 10832 rs227055 108261261 2 2.6844576583619044e-4 108261261 108261261 0
11 13121 rs12365282 129344654 1 -2.670696339454168e-4 129344654 129344654 0
11 10251 rs640198 102825091 1 2.669908221159944e-4 102825091 102825091 0
11 6586 rs10898015 71056149 1 -2.66398203106861e-4 71056149 71056149 0
11 3563 rs10767923 32232204 1 -2.6625156226914e-4 32232204 32232204 0
11 9587 rs7102022 98483202 1 2.6581724546826383e-4 98483202 98483202 0
11 6683 rs1531865 72437398 1 2.6295358270349756e-4 72437398 72437398 0
11 13039 rs10893922 128701032 2 -2.613059827438842e-4 128701032 128701032 0
11 8860 rs1791554 92301650 1 2.612066513043073e-4 92301650 92301650 0
11 8911 rs559902 92804066 1 2.6056252717082695e-4 92804066 92804066 0
11 13570 rs2132488 133545017 1 -2.596722419311588e-4 133545017 133545017 0
11 11238 rs4590907 113263370 2 -2.593334581970832e-4 113263370 113263370 0
11 2503 rs2138599 21114308 1 2.5664524342079e-4 21114308 21114308 0
11 11753 rs527056 117285549 1 2.563826418601291e-4 117285549 117285549 0
11 6804 rs17532 74171142 1 -2.5584380467049176e-4 74171142 74171142 0
11 5769 rs175110 60824609 1 2.5495960254487963e-4 60824609 60824609 0
11 4912 rs6485591 45155411 1 -2.541307160391601e-4 45155411 45155411 0
11 4350 rs10837222 39748212 1 -2.5230016672298086e-4 39748212 39748212 0
11 13608 rs724095 133897382 1 2.5028557013860125e-4 133897382 133897382 0
11 343 rs4382897 4823689 1 2.502128530827266e-4 4823689 4823689 0
11 843 rs61063081 7059981 1 2.495036187413229e-4 7059981 7059981 0
11 566 rs11037444 5462085 1 -2.4944047077934603e-4 5462085 5462085 0
11 8919 rs78676517 92895920 1 2.4934624183681187e-4 92895920 92895920 0
11 12146 rs7122660 121262795 1 2.489854206711915e-4 121262795 121262795 0
11 13086 rs7941048 129122558 1 2.482466405372349e-4 129122558 129122558 0
11 13728 rs7944422 134899721 1 -2.480138557860679e-4 134899721 134899721 0
11 723 rs3750944 6239344 1 2.477252457748599e-4 6239344 6239344 0
11 11755 rs522383 117286064 1 2.4646724977175113e-4 117286064 117286064 0
11 7047 rs11237145 76954812 1 2.463217935417425e-4 76954812 76954812 0
11 888 rs10769780 7367095 1 -2.4625829294342555e-4 7367095 7367095 0
11 12148 rs297494 121291294 2 2.4535470653419593e-4 121291294 121291294 0
11 12993 rs7122859 128350686 2 2.4247660935534476e-4 128350686 128350686 0
11 6635 rs541022 71783056 1 2.416590897177183e-4 71783056 71783056 0
11 8779 rs12420217 91429707 1 -2.4056543942095984e-4 91429707 91429707 0
11 1355 rs924795 11128017 1 2.4021452866372357e-4 11128017 11128017 0
11 12094 rs607800 120863568 1 -2.399461618763886e-4 120863568 120863568 0
11 2245 rs2702705 19379879 2 2.3980288462451004e-4 19379879 19379879 0
11 3150 rs7109303 27036066 1 2.3919182630915593e-4 27036066 27036066 0
11 11920 rs630923 118754353 1 -2.3613786270818249e-4 118754353 118754353 0
11 709 rs7930953 6088712 1 -2.3436795564169536e-4 6088712 6088712 0
11 4453 rs4132508 40744768 1 2.3404358618305768e-4 40744768 40744768 0
11 1262 rs10840404 10426129 1 2.3360797553482007e-4 10426129 10426129 0
11 425 rs11035402 5081289 1 -2.3235361287483528e-4 5081289 5081289 0
11 7087 rs10899436 77795571 1 2.3101198637120549e-4 77795571 77795571 0
11 11508 rs7943417 115300499 1 -2.305943011594232e-4 115300499 115300499 0
11 4455 rs11036058 40764896 1 2.294453862409566e-4 40764896 40764896 0
11 4496 rs7933937 41173522 1 2.2884545774487733e-4 41173522 41173522 0
11 11222 rs17115184 113081187 1 -2.2884512368035495e-4 113081187 113081187 0
11 49 rs7478765 752059 1 -2.28803935239556e-4 752059 752059 0
11 3552 rs117017377 32119904 1 2.280582218960931e-4 32119904 32119904 0
11 2314 rs7950088 19985501 1 -2.2622073170347275e-4 19985501 19985501 0
11 5281 rs10896272 56113593 1 -2.2581885998837316e-4 56113593 56113593 0
11 13298 rs12421680 131350968 2 -2.2465792973775625e-4 131350968 131350968 0
11 13300 rs4937631 131356267 2 -2.2453006238354244e-4 131356267 131356267 0
11 3289 rs7944721 28537505 1 -2.244716633609659e-4 28537505 28537505 0
11 1995 rs217765 16799044 1 -2.2442440148059105e-4 16799044 16799044 0
11 2383 rs10833348 20546402 1 -2.2358603094056544e-4 20546402 20546402 0
11 8879 rs3847534 92556824 1 -2.232069313667495e-4 92556824 92556824 0
11 12178 rs11218429 121736671 2 -2.2254438479915923e-4 121736671 121736671 0
11 727 rs6578750 6294394 1 2.2152414607642728e-4 6294394 6294394 0
11 13631 rs1031381 134088682 1 2.2063583102576164e-4 134088682 134088682 0
11 11373 rs1941395 114235304 1 -2.1930968781488916e-4 114235304 114235304 0
11 410 rs2445278 5064092 1 -2.1916321358210732e-4 5064092 5064092 0
11 3347 rs17513662 29303887 1 2.187201981140655e-4 29303887 29303887 0
11 11343 rs10488696 114003347 1 -2.1813280192743752e-4 114003347 114003347 0
11 8311 rs4471448 87083324 1 -2.1755053561503591e-4 87083324 87083324 0
11 13616 rs2276266 134009860 1 -2.1718001885640616e-4 134009860 134009860 0
11 11352 rs12273315 114076935 1 2.167438027874067e-4 114076935 114076935 0
11 2787 rs10500960 23539065 1 -2.1659867006064933e-4 23539065 23539065 0
11 10259 rs479963 102873728 1 -2.1583458036161096e-4 102873728 102873728 0
11 418 rs1455970 5078881 1 2.1529698648319073e-4 5078881 5078881 0
11 9701 rs7952041 99069209 1 -2.1528043578981337e-4 99069209 99069209 0
11 4999 rs45476392 45670969 1 2.150582868761987e-4 45670969 45670969 0
11 7892 rs7121214 84022936 1 -2.1461628526181216e-4 84022936 84022936 0
11 13156 rs10894162 129781016 1 2.1415211309822936e-4 129781016 129781016 0
11 8716 rs10734146 90864328 1 2.140513371712253e-4 90864328 90864328 0
11 2628 rs1487815 21936812 1 -2.13960660230564e-4 21936812 21936812 0
11 212 rs10833462 3226221 1 2.1304680184301816e-4 3226221 3226221 0
11 4112 rs34629171 36614561 1 2.123508192953157e-4 36614561 36614561 0
11 9168 rs646667 94915978 1 2.1189376385674232e-4 94915978 94915978 0
11 11778 rs640147 117422642 1 -2.1147799506597464e-4 117422642 117422642 0
11 13593 rs329649 133765666 1 -2.1066721699739317e-4 133765666 133765666 0
11 783 rs1354803 6768561 1 -2.1022381340839863e-4 6768561 6768561 0
11 2467 rs7128766 20908913 1 2.0899601807214933e-4 20908913 20908913 0
11 2005 rs383623 16858229 1 2.0850652445866287e-4 16858229 16858229 0
11 4136 rs4756338 36750146 1 -2.0705425649011287e-4 36750146 36750146 0
11 194 rs12281847 3048245 1 2.070170926844976e-4 3048245 3048245 0
11 535 rs2340320 5412038 1 -2.066276405111452e-4 5412038 5412038 0
11 7448 rs7114393 80915510 1 2.0621379063960577e-4 80915510 80915510 0
11 7436 rs2514502 80846781 1 2.0570794128317235e-4 80846781 80846781 0
11 12381 rs1939915 123716249 1 2.052499656722741e-4 123716249 123716249 0
11 11003 rs6589170 110607482 1 2.036279042201244e-4 110607482 110607482 0
11 12227 rs12420917 122477025 1 2.029844831747069e-4 122477025 122477025 0
11 8079 rs4944558 85829867 1 2.0278473062459884e-4 85829867 85829867 0
11 5707 rs73481226 60184277 1 -2.0246361312193007e-4 60184277 60184277 0
11 2796 rs7122954 23564329 1 2.0219613399445176e-4 23564329 23564329 0
11 3055 rs12363688 26044992 1 -2.0103890029758644e-4 26044992 26044992 0
11 7183 rs10899592 78833535 1 -1.988933083748453e-4 78833535 78833535 0
11 12370 rs76301014 123676388 1 -1.9763932295274663e-4 123676388 123676388 0
11 9178 rs552910 95080421 1 1.9731500503885683e-4 95080421 95080421 0
11 4114 rs867803 36618883 1 -1.9619834461132864e-4 36618883 36618883 0
11 10948 rs11213366 110227924 2 1.8980059122140016e-4 110227924 110227924 0
11 11905 rs11552421 118430519 1 1.8939625002696844e-4 118430519 118430519 0
11 11154 rs7105881 112456221 2 1.8911649713414095e-4 112456221 112456221 0
11 1451 rs4910023 11644920 1 -1.882776334097324e-4 11644920 11644920 0
11 4728 rs1353461 43266834 2 -1.878475344819692e-4 43266834 43266834 0
11 7447 rs7938364 80903884 1 1.8681463768714193e-4 80903884 80903884 0
11 13301 rs874548 131359284 1 1.8663493526522527e-4 131359284 131359284 0
11 8074 rs561655 85800279 1 1.8657429886625095e-4 85800279 85800279 0
11 10155 rs1612069 102468035 2 1.8639509085891016e-4 102468035 102468035 0
11 1381 rs4910278 11232260 1 -1.837154484714589e-4 11232260 11232260 0
11 5547 rs7111538 58034651 1 1.8368570594600063e-4 58034651 58034651 0
11 1719 rs7926942 13739556 1 1.8367461983815413e-4 13739556 13739556 0
11 6461 rs10751234 69843887 1 -1.836466877536002e-4 69843887 69843887 0
11 9197 rs11821606 95197220 1 1.83644381829681e-4 95197220 95197220 0
11 2967 rs1374140 25145902 1 1.8302097674842752e-4 25145902 25145902 0
11 10020 rs568157 101024282 1 -1.8158555067680445e-4 101024282 101024282 0
11 7078 rs921383 77710841 1 -1.8046234535001488e-4 77710841 77710841 0
11 11103 rs585149 111595189 1 1.7960824437059436e-4 111595189 111595189 0
11 2249 rs4550206 19450893 1 1.773221321619691e-4 19450893 19450893 0
11 2246 rs4353249 19420097 1 1.7686672506173344e-4 19420097 19420097 0
11 231 rs55719530 3690558 1 -1.7653591920845774e-4 3690558 3690558 0
11 7048 rs11237146 76954833 1 -1.7603465260408686e-4 76954833 76954833 0
11 4288 rs7934284 38577786 1 1.754230706284528e-4 38577786 38577786 0
11 11319 rs6589398 113707199 1 1.7419580753566787e-4 113707199 113707199 0
11 1460 rs7951610 11785883 1 1.730106735324997e-4 11785883 11785883 0
11 6803 rs17524 74171116 1 -1.7229245923405876e-4 74171116 74171116 0
11 1320 rs7126238 11004821 1 -1.7165421551752628e-4 11004821 11004821 0
11 13044 rs7925428 128724209 1 1.6978211976817996e-4 128724209 128724209 0
11 12340 rs2852732 123447713 2 1.6976157948728234e-4 123447713 123447713 0
11 6380 rs7122786 69029210 1 1.6958343501363143e-4 69029210 69029210 0
11 6006 rs559928 64150370 1 1.6918130212238957e-4 64150370 64150370 0
11 4389 rs2953310 40137543 2 -1.6811640794567111e-4 40137543 40137543 0
11 12949 rs11221163 128001331 1 1.6713388409681575e-4 128001331 128001331 0
11 2406 rs7131598 20612269 1 1.665900886269418e-4 20612269 20612269 0
11 9330 rs4753751 96126361 1 1.6472390764212308e-4 96126361 96126361 0
11 876 rs12799959 7320535 1 1.6466552905838576e-4 7320535 7320535 0
11 7695 rs10501534 82320120 1 -1.638800086642584e-4 82320120 82320120 0
11 8508 rs10501685 88531621 1 -1.6188058583733368e-4 88531621 88531621 0
11 13656 rs4606492 134381569 2 1.6063354391297497e-4 134381569 134381569 0
11 449 rs11602279 5209592 1 1.6001561140934395e-4 5209592 5209592 0
11 7946 rs17147761 84605753 1 1.5905903328429424e-4 84605753 84605753 0
11 11382 rs10891672 114333434 1 1.588667091190838e-4 114333434 114333434 0
11 6535 rs12421725 70456768 1 -1.584733804313598e-4 70456768 70456768 0
11 2719 rs1482713 23216886 1 1.576218077283155e-4 23216886 23216886 0
11 6919 rs35165133 75298917 1 -1.5737400412633315e-4 75298917 75298917 0
11 9189 rs538592 95101147 1 1.572739844568403e-4 95101147 95101147 0
11 1808 rs10766184 14542577 1 -1.5479396850157884e-4 14542577 14542577 0
11 11802 rs10790195 117496132 1 1.5374744825033738e-4 117496132 117496132 0
11 5156 rs7930612 47699398 1 1.536794183233879e-4 47699398 47699398 0
11 13514 rs1835725 133037241 2 1.5328027456961048e-4 133037241 133037241 0
11 7054 rs508662 77099018 1 1.5275023615927416e-4 77099018 77099018 0
11 9402 rs11224253 96845364 1 1.5248319325559192e-4 96845364 96845364 0
11 5762 rs11230555 60763134 1 -1.522903025252841e-4 60763134 60763134 0
11 6827 rs11825804 74378871 1 1.5222863467359855e-4 74378871 74378871 0
11 5095 rs12417519 47129397 1 -1.521596430490228e-4 47129397 47129397 0
11 12567 rs4936969 124890396 2 -1.5159535035981687e-4 124890396 124890396 0
11 2515 rs1945319 21165872 1 1.514570881260416e-4 21165872 21165872 0
11 5019 rs895722 45751600 1 1.5092578320245853e-4 45751600 45751600 0
11 4715 rs11821780 43206167 1 1.5007195799928094e-4 43206167 43206167 0
11 6007 rs521319 64172031 1 -1.4959224223573891e-4 64172031 64172031 0
11 3141 rs12275693 27015407 1 1.4873164682729418e-4 27015407 27015407 0
11 13627 rs10894782 134048143 1 1.4702247919433457e-4 134048143 134048143 0
11 3714 rs11032492 34039096 1 -1.4642376269844503e-4 34039096 34039096 0
11 12116 rs2155369 121038810 1 1.4493603342524437e-4 121038810 121038810 0
11 3756 rs208679 34454061 1 1.438340996659161e-4 34454061 34454061 0
11 4970 rs11038430 45406740 1 1.430905434415089e-4 45406740 45406740 0
11 8443 rs4753064 88151475 1 -1.4201184526324665e-4 88151475 88151475 0
11 7181 rs10793362 78829575 2 1.4056869281471726e-4 78829575 78829575 0
11 803 rs61741824 6816792 1 1.3989593666409922e-4 6816792 6816792 0
11 96 rs10769560 1714061 1 1.398642577642499e-4 1714061 1714061 0
11 11953 rs535831 119346198 1 -1.388872747738905e-4 119346198 119346198 0
11 2323 rs2568118 20005452 2 1.3806544266773527e-4 20005452 20005452 0
11 7241 rs7106671 79172339 1 1.3766168212109184e-4 79172339 79172339 0
11 5366 rs7943283 56665272 1 1.3749799875668422e-4 56665272 56665272 0
11 6857 rs2712799 74849219 1 -1.371223703054612e-4 74849219 74849219 0
11 7003 rs11236821 76351565 1 1.3699026893910664e-4 76351565 76351565 0
11 5357 rs4938842 56605222 1 -1.359089682027186e-4 56605222 56605222 0
11 13700 rs2155304 134705943 1 1.358034023767267e-4 134705943 134705943 0
11 3542 rs224644 31985157 1 1.351549390497879e-4 31985157 31985157 0
11 2722 rs1384487 23226964 1 -1.3471927681984357e-4 23226964 23226964 0
11 7986 rs7940610 85055423 1 -1.3447173965971154e-4 85055423 85055423 0
11 11387 rs670668 114436944 1 -1.33943891278754e-4 114436944 114436944 0
11 997 rs7129903 7775321 1 1.3390391499556965e-4 7775321 7775321 0
11 13313 rs2324510 131469762 1 -1.3387693423800434e-4 131469762 131469762 0
11 5971 rs3751120 63884453 1 1.331716829384209e-4 63884453 63884453 0
11 1776 rs7116296 14113759 2 1.331530912664792e-4 14113759 14113759 0
11 6055 rs7106136 64748278 1 -1.331187994235495e-4 64748278 64748278 0
11 861 rs10839736 7184989 1 1.3154574628749917e-4 7184989 7184989 0
11 8303 rs4636701 87035210 1 -1.31345491063664e-4 87035210 87035210 0
11 12609 rs11220057 125286956 1 -1.311635022942868e-4 125286956 125286956 0
11 7350 rs7483049 80011790 1 1.3080441947102946e-4 80011790 80011790 0
11 12951 rs1940363 128002947 1 1.3048098888284408e-4 128002947 128002947 0
11 8636 rs7130307 90209402 1 1.295715366015038e-4 90209402 90209402 0
11 10308 rs11225816 103339846 1 -1.2941374140481752e-4 103339846 103339846 0
11 12569 rs4617604 124915118 1 1.2911620326433787e-4 124915118 124915118 0
11 1747 rs2271154 13943261 1 -1.2744648928159915e-4 13943261 13943261 0
11 7883 rs963259 83944122 1 1.2679559435646977e-4 83944122 83944122 0
11 3847 rs11607986 34878809 1 1.2658122671746727e-4 34878809 34878809 0
11 10863 rs2553761 108754443 2 -1.2432092382810974e-4 108754443 108754443 0
11 12098 rs10502245 120923495 1 1.22760566280862e-4 120923495 120923495 0
11 6011 rs634497 64251221 1 -1.2240843169816074e-4 64251221 64251221 0
11 1518 rs2013262 12222345 1 -1.2149564062544449e-4 12222345 12222345 0
11 4719 rs7934456 43238542 1 1.2110176463912352e-4 43238542 43238542 0
11 7325 rs7123693 79763387 1 1.1951586588232387e-4 79763387 79763387 0
11 10034 rs1218926 101196316 1 -1.1931767776482648e-4 101196316 101196316 0
11 7011 rs10899257 76415209 1 1.1720913231833724e-4 76415209 76415209 0
11 5160 rs7941404 47712213 1 -1.162133418480336e-4 47712213 47712213 0
11 11193 rs2155289 112885081 1 1.1541958293969844e-4 112885081 112885081 0
11 2364 rs4757053 20351011 1 1.1491573820682434e-4 20351011 20351011 0
11 8080 rs7942719 85837369 1 -1.1476767586595708e-4 85837369 85837369 0
11 3722 rs911498 34240676 1 1.1372586014441416e-4 34240676 34240676 0
11 13357 rs920139 131793993 1 1.1182132522918248e-4 131793993 131793993 0
11 1883 rs7937161 15448583 1 1.114312071056154e-4 15448583 15448583 0
11 2251 rs2702642 19451784 1 -1.1089608755977524e-4 19451784 19451784 0
11 4695 rs7113868 43138659 1 -1.1086417789178256e-4 43138659 43138659 0
11 7144 rs76283314 78449583 1 -1.0983574871296334e-4 78449583 78449583 0
11 8073 rs541458 85788351 1 1.09586114168091e-4 85788351 85788351 0
11 7190 rs10793370 78867290 1 -1.0894714753684984e-4 78867290 78867290 0
11 10447 rs12366084 104249254 1 -1.0737515926573587e-4 104249254 104249254 0
11 7178 rs7935464 78817097 1 1.0661937853501136e-4 78817097 78817097 0
11 5040 rs10769191 46157060 1 1.063094453478912e-4 46157060 46157060 0
11 12817 rs7944781 126603928 1 -1.0587952162348444e-4 126603928 126603928 0
11 11372 rs7927378 114233785 1 -1.0585692396239874e-4 114233785 114233785 0
11 2966 rs11824385 25144319 1 1.0556529463691028e-4 25144319 25144319 0
11 2370 rs7934372 20419028 1 1.0456925858740298e-4 20419028 20419028 0
11 13428 rs2226633 132320394 1 -1.0434163522348862e-4 132320394 132320394 0
11 2792 rs10500962 23549065 1 -1.0180664322165704e-4 23549065 23549065 0
11 59 rs6421967 983966 1 1.0156342551416102e-4 983966 983966 0
11 2257 rs4756999 19468769 2 -1.0155166521142756e-4 19468769 19468769 0
11 9754 rs7127856 99369237 1 1.0051326707480484e-4 99369237 99369237 0
11 7450 rs7102147 80916359 1 1.0007180073436248e-4 80916359 80916359 0
11 12799 rs559121 126496555 1 -9.905424271123568e-5 126496555 126496555 0
11 10995 rs10082696 110500998 1 9.880162109946544e-5 110500998 110500998 0
11 2363 rs16906047 20349670 1 -9.850863106531918e-5 20349670 20349670 0
11 2490 rs4923264 21041504 2 -9.813003943681888e-5 21041504 21041504 0
11 6805 rs686179 74192414 1 9.676271415581324e-5 74192414 74192414 0
11 6792 rs639228 74097965 1 -9.6677596433992e-5 74097965 74097965 0
11 1469 rs10500751 11809438 1 -9.666723060359542e-5 11809438 11809438 0
11 4856 rs6485554 44650927 1 9.588559533046196e-5 44650927 44650927 0
11 11047 rs17539860 111068611 1 -9.561764514880062e-5 111068611 111068611 0
11 3418 rs4923621 30147285 1 -9.455432078676427e-5 30147285 30147285 0
11 13338 rs11222792 131652784 1 -9.313369787466708e-5 131652784 131652784 0
11 1661 rs4757108 13131002 1 -9.309138876281044e-5 13131002 13131002 0
11 6508 rs10466703 70218548 1 9.296000068005034e-5 70218548 70218548 0
11 5801 rs102275 61557803 1 9.042124774825486e-5 61557803 61557803 0
11 636 rs16933844 5664684 1 -9.024941588343988e-5 5664684 5664684 0
11 12083 rs4936566 120815238 2 9.00892487330643e-5 120815238 120815238 0
11 5796 rs198475 61526071 1 8.92676284594456e-5 61526071 61526071 0
11 10 rs28365927 236091 1 -8.905075604474075e-5 236091 236091 0
11 5445 rs2848634 57252328 1 -8.87326452629154e-5 57252328 57252328 0
11 2996 rs7938971 25751372 1 8.872250255776345e-5 25751372 25751372 0
11 9431 rs347767 97257121 1 8.801832101573446e-5 97257121 97257121 0
11 2082 rs10832804 17599093 1 -8.695998053606936e-5 17599093 17599093 0
11 13205 rs1733439 130412175 1 8.686106748708097e-5 130412175 130412175 0
11 5759 rs78193365 60709520 1 -8.682867243912446e-5 60709520 60709520 0
11 2639 rs11026452 22207495 1 -8.661291808466817e-5 22207495 22207495 0
11 12295 rs12286925 123001223 1 -8.652501776053796e-5 123001223 123001223 0
11 3511 rs7945475 31297630 1 -8.567291113400324e-5 31297630 31297630 0
11 10976 rs716950 110429104 1 8.522445204333558e-5 110429104 110429104 0
11 6872 rs78825186 74883559 1 8.514123588751994e-5 74883559 74883559 0
11 13596 rs329674 133776948 1 -8.396417161290887e-5 133776948 133776948 0
11 11721 rs7109649 116943544 1 -8.31872108492636e-5 116943544 116943544 0
11 10341 rs2408681 103474165 1 8.281629072939638e-5 103474165 103474165 0
11 13139 rs6590414 129597056 1 8.251768394345078e-5 129597056 129597056 0
11 39 rs10902188 654043 1 -8.245957498745953e-5 654043 654043 0
11 11552 rs1784965 115563433 1 8.144967534652043e-5 115563433 115563433 0
11 13135 rs11221802 129551393 1 8.120516021279585e-5 129551393 129551393 0
11 6504 rs3781648 70190058 1 -8.105338223938137e-5 70190058 70190058 0
11 103 rs4980379 1888614 1 -8.104199258599511e-5 1888614 1888614 0
11 6231 rs60969594 67203442 1 7.951271815471742e-5 67203442 67203442 0
11 153 rs736609 2538580 1 7.885046046710456e-5 2538580 2538580 0
11 2684 rs7111546 22829757 1 7.782924458706226e-5 22829757 22829757 0
11 12867 rs11220754 126953723 1 -7.725810623568796e-5 126953723 126953723 0
11 1621 rs17411627 12933933 1 -7.715813064486027e-5 12933933 12933933 0
11 5992 rs116483940 64055562 1 -7.696732733167905e-5 64055562 64055562 0
11 3387 rs722530 29776185 1 -7.628244081708658e-5 29776185 29776185 0
11 1356 rs1503930 11129275 1 7.502461310990714e-5 11129275 11129275 0
11 11344 rs4936290 114009255 1 7.436404215196259e-5 114009255 114009255 0
11 6195 rs11227527 66313026 1 -7.424095466813038e-5 66313026 66313026 0
11 13528 rs7101547 133194915 1 7.415619387843968e-5 133194915 133194915 0
11 8664 rs7119319 90384749 1 -7.356627511659844e-5 90384749 90384749 0
11 12456 rs3741108 123952703 1 7.271051460010759e-5 123952703 123952703 0
11 4904 rs7483442 45076544 1 -7.111984651887707e-5 45076544 45076544 0
11 8177 rs949351 86290278 2 -6.994974147080243e-5 86290278 86290278 0
11 8659 rs12275422 90377982 1 -6.986868316148981e-5 90377982 90377982 0
11 9305 rs722147 95961510 1 -6.973577567373298e-5 95961510 95961510 0
11 11169 rs161130 112654974 1 6.914406808003683e-5 112654974 112654974 0
11 2460 rs10833399 20862685 1 6.911084091155292e-5 20862685 20862685 0
11 11664 rs11216129 116620256 1 6.686904290615183e-5 116620256 116620256 0
11 4898 rs2046657 45030050 1 6.651372428438765e-5 45030050 45030050 0
11 9956 rs11224426 100615623 1 -6.637008562288728e-5 100615623 100615623 0
11 10816 rs12787445 108034124 1 6.578695619654928e-5 108034124 108034124 0
11 12866 rs10893626 126950908 1 -6.573610732747899e-5 126950908 126950908 0
11 4907 rs1487720 45136509 1 -6.572955740597573e-5 45136509 45136509 0
11 12894 rs2013156 127170773 1 6.506664215424277e-5 127170773 127170773 0
11 13072 rs515018 128990689 1 6.475967760719757e-5 128990689 128990689 0
11 1343 rs10770165 11060923 1 -6.443511259354355e-5 11060923 11060923 0
11 31 rs7935013 467339 1 6.435532400912932e-5 467339 467339 0
11 3231 rs4074134 27647285 1 -6.376998971759655e-5 27647285 27647285 0
11 1164 rs1883100 9059192 1 -6.238997804855122e-5 9059192 9059192 0
11 2630 rs324258 21968847 1 6.180585645551782e-5 21968847 21968847 0
11 10104 rs77315074 101765654 1 -6.070201609666976e-5 101765654 101765654 0
11 1000 rs1157039 7843317 1 6.069890188311328e-5 7843317 7843317 0
11 9495 rs2597579 97757897 1 -6.06359159874201e-5 97757897 97757897 0
11 6464 rs990178 69863023 1 6.061672547786448e-5 69863023 69863023 0
11 13434 rs2512698 132362622 1 -5.87067358908303e-5 132362622 132362622 0
11 9830 rs17618560 99801380 1 5.716292656462851e-5 99801380 99801380 0
11 1668 rs2197040 13182782 2 5.56528259980202e-5 13182782 13182782 0
11 13175 rs7938772 129969902 1 -5.561388038148561e-5 129969902 129969902 0
11 9932 rs7932851 100499866 1 5.532251122020736e-5 100499866 100499866 0
11 9282 rs1939470 95845917 1 -5.454547427429893e-5 95845917 95845917 0
11 7945 rs10501579 84598945 1 -5.405078063350175e-5 84598945 84598945 0
11 7125 rs10899545 78250371 1 -5.403298170088463e-5 78250371 78250371 0
11 8430 rs217069 88065427 1 -5.3888539235808515e-5 88065427 88065427 0
11 1458 rs10500747 11771889 1 -5.2782959060193645e-5 11771889 11771889 0
11 8255 rs10501631 86604406 1 5.2063170319014696e-5 86604406 86604406 0
11 6029 rs72922827 64358795 1 5.166436764031874e-5 64358795 64358795 0
11 4181 rs333822 37020611 1 5.1427709621883614e-5 37020611 37020611 0
11 11388 rs550897 114442103 1 5.089115649229871e-5 114442103 114442103 0
11 3049 rs10834868 26026233 1 5.032349137808464e-5 26026233 26026233 0
11 11979 rs7131676 119631325 1 -5.021440206348748e-5 119631325 119631325 0
11 3293 rs10835363 28627504 1 -4.862059364986827e-5 28627504 28627504 0
11 12795 rs471302 126471989 1 4.849108199918002e-5 126471989 126471989 0
11 8937 rs3019210 93059444 1 4.758358803115557e-5 93059444 93059444 0
11 7418 rs11232430 80728292 1 -4.7536554563997155e-5 80728292 80728292 0
11 1819 rs117913124 14900931 1 -4.745561812776705e-5 14900931 14900931 0
11 13660 rs4936241 134432050 1 4.686348545932004e-5 134432050 134432050 0
11 8770 rs707319 91365548 2 -4.647150610552378e-5 91365548 91365548 0
11 12284 rs1461493 122888805 1 -4.5029132711584234e-5 122888805 122888805 0
11 9384 rs10750384 96769519 1 4.4726488812805925e-5 96769519 96769519 0
11 12220 rs1868752 122391442 1 -4.472210019455247e-5 122391442 122391442 0
11 13600 rs901035 133784499 1 4.440998576200429e-5 133784499 133784499 0
11 13725 rs7120419 134893915 1 -4.394679448844022e-5 134893915 134893915 0
11 8270 rs10501632 86724504 1 -4.388120969645034e-5 86724504 86724504 0
11 2452 rs327025 20789657 1 -4.306537923466664e-5 20789657 20789657 0
11 3669 rs761435 33617771 1 4.263095194507328e-5 33617771 33617771 0
11 9175 rs10765730 95051514 1 -4.241605830975291e-5 95051514 95051514 0
11 9605 rs12793263 98653719 1 4.181478458781929e-5 98653719 98653719 0
11 5569 rs948562 58347765 1 -4.171906642146469e-5 58347765 58347765 0
11 3390 rs10835567 29795932 1 -4.053151523898141e-5 29795932 29795932 0
11 3461 rs6484488 30552900 2 -4.0432412061701026e-5 30552900 30552900 0
11 10212 rs7948454 102641196 1 4.037688095097528e-5 102641196 102641196 0
11 13571 rs11604563 133546652 1 -4.0128307848459045e-5 133546652 133546652 0
11 11901 rs524936 118341921 1 3.925026531876331e-5 118341921 118341921 0
11 2995 rs7938917 25751144 1 3.9210256042056574e-5 25751144 25751144 0
11 8967 rs2605610 93226867 1 -3.854103079329434e-5 93226867 93226867 0
11 5367 rs737368 56669830 1 -3.677664449619349e-5 56669830 56669830 0
11 3165 rs1442920 27175455 1 -3.6116430753535466e-5 27175455 27175455 0
11 8988 rs11020442 93332485 1 -3.603545842518014e-5 93332485 93332485 0
11 1452 rs10765879 11651418 1 3.5296047391426025e-5 11651418 11651418 0
11 6627 rs7924834 71644333 1 -3.519607341722557e-5 71644333 71644333 0
11 13673 rs3018015 134510309 1 -3.4668207292551614e-5 134510309 134510309 0
11 8590 rs12787117 89943681 1 -3.410384408548992e-5 89943681 89943681 0
11 8281 rs564932 86836648 1 3.369878050092743e-5 86836648 86836648 0
11 1325 rs732392 11007971 2 -3.3397109493380026e-5 11007971 11007971 0
11 9017 rs1914723 93760506 1 3.336524869900696e-5 93760506 93760506 0
11 7711 rs2510282 82522085 1 -3.2728703678279155e-5 82522085 82522085 0
11 3229 rs7116850 27645530 1 -3.260947561353012e-5 27645530 27645530 0
11 2633 rs1825836 21997038 1 3.116656819298133e-5 21997038 21997038 0
11 58 rs10751670 944466 1 -3.094874228933493e-5 944466 944466 0
11 13518 rs12418625 133101524 1 2.983207637542564e-5 133101524 133101524 0
11 3823 rs1858169 34813187 1 2.9795026229494774e-5 34813187 34813187 0
11 12383 rs2186745 123717398 1 -2.9271830441148808e-5 123717398 123717398 0
11 11742 rs12286525 117116450 1 -2.8854530868772917e-5 117116450 117116450 0
11 18 rs11601356 249131 1 2.8846898109938823e-5 249131 249131 0
11 6686 rs12272109 72453850 1 2.8242404286272484e-5 72453850 72453850 0
11 2316 rs4757872 19990087 1 -2.8045354019966415e-5 19990087 19990087 0
11 6093 rs680413 65190379 1 -2.7992806808649948e-5 65190379 65190379 0
11 1686 rs7123257 13312254 2 -2.7449269460542584e-5 13312254 13312254 0
11 10981 rs4753901 110447133 1 -2.710953565434353e-5 110447133 110447133 0
11 2078 rs1076311 17532597 2 -2.6785718327019783e-5 17532597 17532597 0
11 10423 rs7943401 104018088 1 2.5136804728253192e-5 104018088 104018088 0
11 1958 rs3903292 16206658 1 -2.511380031622702e-5 16206658 16206658 0
11 7482 rs2514466 81011841 1 2.4727455873491956e-5 81011841 81011841 0
11 8252 rs11234849 86587319 1 2.458821490278923e-5 86587319 86587319 0
11 3142 rs7111860 27015690 1 -2.4090168310055137e-5 27015690 27015690 0
11 13429 rs11223079 132321504 1 2.326520472861636e-5 132321504 132321504 0
11 6035 rs7932437 64373504 1 2.2111264538960357e-5 64373504 64373504 0
11 13662 rs4937909 134441821 1 2.2107376071399797e-5 134441821 134441821 0
11 1456 rs767165 11750180 1 -2.1508125979406772e-5 11750180 11750180 0
11 11268 rs4447205 113384281 1 -2.1445256598895603e-5 113384281 113384281 0
11 1139 rs2568029 8927518 1 -2.143594561131895e-5 8927518 8927518 0
11 8830 rs12786200 91979018 1 2.1196998655009855e-5 91979018 91979018 0
11 2041 rs8175351 17408496 1 -1.9972700628305316e-5 17408496 17408496 0
11 2401 rs12418677 20594890 1 -1.8913915661673827e-5 20594890 20594890 0
11 595 rs417425 5510284 1 1.835606632884307e-5 5510284 5510284 0
11 4763 rs1973717 43946967 1 -1.822211362673305e-5 43946967 43946967 0
11 645 rs4992800 5702462 1 1.8161504570360968e-5 5702462 5702462 0
11 2581 rs1945560 21599997 1 1.7385199948931812e-5 21599997 21599997 0
11 1953 rs4437995 16027418 1 1.618980209941999e-5 16027418 16027418 0
11 4159 rs986996 36874579 1 -1.6157527989412375e-5 36874579 36874579 0
11 11339 rs238911 113986162 1 -1.6104199792065626e-5 113986162 113986162 0
11 710 rs4353251 6090372 1 -1.5467841075983897e-5 6090372 6090372 0
11 7310 rs587677 79667382 1 1.5224806966988535e-5 79667382 79667382 0
11 13562 rs4468364 133485401 1 -1.4809398210107976e-5 133485401 133485401 0
11 11583 rs4938235 116097385 1 -1.329094639784504e-5 116097385 116097385 0
11 5045 rs11038808 46206877 1 -1.3168526529764396e-5 46206877 46206877 0
11 13116 rs142822705 129306648 1 1.2677515376605429e-5 129306648 129306648 0
11 12348 rs2298809 123554086 1 -1.2383421237501067e-5 123554086 123554086 0
11 8704 rs1406397 90801491 1 1.234258460481806e-5 90801491 90801491 0
11 5365 rs17640885 56664357 1 -1.220762411054595e-5 56664357 56664357 0
11 450 rs61736992 5221132 1 1.1938099637289543e-5 5221132 5221132 0
11 13088 rs4343030 129127152 1 1.0301781201355236e-5 129127152 129127152 0
11 2216 rs7104546 19078457 1 1.0151314069959948e-5 19078457 19078457 0
11 9019 rs1518566 93766584 1 -9.509505097316914e-6 93766584 93766584 0
11 1249 rs7930218 10234712 2 -9.09448840190742e-6 10234712 10234712 0
11 13617 rs646998 134010722 1 -8.827147756369457e-6 134010722 134010722 0
11 7818 rs6592150 83562296 1 8.192857579596106e-6 83562296 83562296 0
11 9808 rs7942402 99593788 2 7.673724923691069e-6 99593788 99593788 0
11 6798 rs597113 74123832 1 7.663180728610318e-6 74123832 74123832 0
11 7597 rs11232928 81636251 1 -7.346653230432901e-6 81636251 81636251 0
11 13177 rs11221970 129983282 1 -7.011496074747632e-6 129983282 129983282 0
11 12267 rs7941607 122737810 1 6.866240577811979e-6 122737810 122737810 0
11 695 rs7113548 5989293 1 6.458645195396352e-6 5989293 5989293 0
11 1327 rs6484589 11011562 1 -6.282693240923603e-6 11011562 11011562 0
11 2619 rs2029299 21864596 1 6.26097099090173e-6 21864596 21864596 0
11 5392 rs648409 56910484 1 5.987992933052982e-6 56910484 56910484 0
11 1957 rs1455104 16200444 1 5.840586673129029e-6 16200444 16200444 0
11 12173 rs1944683 121641496 1 3.893478927432649e-6 121641496 121641496 0
11 2502 rs12418446 21109584 1 -3.823156169095939e-6 21109584 21109584 0
11 8220 rs17758195 86452908 1 3.60794074950745e-6 86452908 86452908 0
11 9548 rs4753908 98174837 1 -2.609043212090189e-6 98174837 98174837 0
11 10815 rs11212525 108016014 1 2.4556897127862524e-6 108016014 108016014 0
11 4411 rs1440123 40476768 1 2.2780138073171417e-6 40476768 40476768 0
11 12387 rs4936856 123742298 1 2.021182746911671e-6 123742298 123742298 0
11 11346 rs2852796 114053768 1 1.8535589919290663e-6 114053768 114053768 0
11 459 rs4910736 5258989 2 -1.4743245035686218e-6 5258989 5258989 0
11 6612 rs12785878 71167449 1 5.5172761164428955e-15 71167449 71167449 0
11 8826 rs1496681 91863702 1 4.2991620973711374e-15 91863702 91863702 0
11 8145 rs664613 86193603 1 8.994775499152428e-16 86193603 86193603 0
11 10331 rs716274 103418158 1 6.159556098478589e-16 103418158 103418158 0
11 8827 rs11019826 91866003 1 4.1992632086051593e-16 91866003 91866003 0
11 11754 rs511549 117285684 1 5.334301495767402e-17 117285684 117285684 0
11 2998 rs7939236 25751647 1 1.2961781037738683e-17 25751647 25751647 0
11 2999 rs11028880 25751898 1 7.406732021564962e-18 25751898 25751898 0
