CHR Group SNP.lead BP.lead Size W BP.min BP.max BP.width
2 17148 rs10168266 191935804 1 0.05041469085246177 191935804 191935804 0
2 17106 rs10931468 191538562 2 0.04995872154135424 191538562 191538562 0
2 786 rs10174949 8442248 1 0.04806286025483293 8442248 8442248 0
2 20134 rs13024444 228653164 1 -0.04349514574729446 228653164 228653164 0
2 2395 rs7583409 25491056 2 -0.03854235972343088 25491056 25491056 0
2 2537 rs1260326 27730940 1 0.03441374135739239 27730940 27730940 0
2 9372 rs12475055 102878891 2 -0.03271716038321013 102878891 102878891 0
2 17088 rs4638823 191312906 2 0.03229173189662776 191312906 191312906 0
2 14583 rs1990760 163124051 1 -0.03221347838306875 163124051 163124051 0
2 17918 rs3181113 204601910 1 0.02737691249227643 204601910 204601910 0
2 17153 rs13022931 192020729 1 0.02663162816509898 192020729 192020729 0
2 7365 rs10489987 70809219 1 -0.02622175363303688 70809219 70809219 0
2 3860 rs17493321 38772507 1 0.02380564920689551 38772507 38772507 0
2 12157 rs842362 135341120 2 0.02335655745942226 135341120 135341120 0
2 17144 rs3024908 191894141 1 0.02270073947907328 191894141 191894141 0
2 17112 rs1263128 191598603 1 0.0220625644032297 191598603 191598603 0
2 6573 rs733517 62366688 1 -0.021557793121796488 62366688 62366688 0
2 20364 rs3769845 231155704 1 -0.02080026481222011 231155704 231155704 0
2 6674 rs1346236 64609979 2 -0.02039468014144958 64609979 64609979 0
2 14578 rs4420712 162952349 1 0.01960387081903734 162952349 162952349 0
2 20433 rs7561687 231606083 1 0.01950206587819391 231606083 231606083 0
2 16211 rs1873164 179753549 1 -0.01903321413219084 179753549 179753549 0
2 11922 rs12052290 133863624 2 -0.01902914120288393 133863624 133863624 0
2 10109 rs10178717 110452645 1 0.01896553943179499 110452645 110452645 0
2 12092 rs6720404 134929274 1 0.01889429490171051 134929274 134929274 0
2 10179 rs1398030 111972005 1 0.01867787075925249 111972005 111972005 0
2 5329 rs968972 51171962 2 0.01812516503572426 51171962 51171962 0
2 21030 rs4503948 237758257 1 -0.01782704735676306 237758257 237758257 0
2 19893 rs3748993 226491770 1 0.01711216953907499 226491770 226491770 0
2 15164 rs7579964 168826850 1 0.01706415353754732 168826850 168826850 0
2 20608 rs10203185 234102070 1 -0.01694492857989175 234102070 234102070 0
2 14185 rs7602743 157529654 2 0.01668273275002228 157529654 157529654 0
2 20343 rs1365776 231072709 1 0.01646022654399772 231072709 231072709 0
2 13082 rs1012272 144993201 1 0.01642599691732805 144993201 144993201 0
2 1280 rs721173 13907633 1 0.01635673183868569 13907633 13907633 0
2 2765 rs6748797 29432982 1 -0.01616388667485402 29432982 29432982 0
2 19111 rs10177578 217885659 1 -0.01609464276516117 217885659 217885659 0
2 8251 rs13395022 79882260 1 0.01604554020053453 79882260 79882260 0
2 7543 rs13339845 72419864 2 0.01597363570712042 72419864 72419864 0
2 7311 rs4853252 70237360 1 0.01588730158677574 70237360 70237360 0
2 11121 rs17008648 123538727 1 -0.01555344691002658 123538727 123538727 0
2 18107 rs12694029 206438036 1 -0.01537513716147239 206438036 206438036 0
2 2400 rs6711622 25531350 1 0.01526469959142786 25531350 25531350 0
2 10327 rs6760120 113932431 1 0.01519117252869137 113932431 113932431 0
2 17943 rs4452124 204799697 2 -0.0151799401470017 204799697 204799697 0
2 19520 rs1430243 222183997 1 -0.01510580460551146 222183997 222183997 0
2 10438 rs17786162 115529358 1 0.01499779728412431 115529358 115529358 0
2 18646 rs13414946 212296470 1 -0.01488581562159148 212296470 212296470 0
2 17080 rs11892526 191255883 1 0.01483285726639305 191255883 191255883 0
2 10184 rs6720394 111989372 2 0.01480212904158432 111989372 111989372 0
2 2452 rs75819301 26539806 1 0.01479811168605065 26539806 26539806 0
2 12934 rs17832932 142942795 1 0.01473801126302353 142942795 142942795 0
2 949 rs818148 10637325 1 -0.0147378405119125 10637325 10637325 0
2 3926 rs4670932 39618666 1 0.01440547257609574 39618666 39618666 0
2 3872 rs3821023 38893660 1 0.01419583430410064 38893660 38893660 0
2 3693 rs6708310 37600427 2 0.01410856745053164 37600427 37600427 0
2 20227 rs1881025 229643936 1 -0.01404524478165317 229643936 229643936 0
2 10645 rs1377407 118056771 1 -0.01401752002206216 118056771 118056771 0
2 9858 rs12712262 107516533 1 0.01359370850513977 107516533 107516533 0
2 8039 rs13021149 78292330 2 0.01352183566813015 78292330 78292330 0
2 5779 rs10165485 54481636 1 0.01340694841682431 54481636 54481636 0
2 11597 rs4662775 128870808 1 0.01338564864443945 128870808 128870808 0
2 16765 rs7604162 185989325 1 -0.0133699334734841 185989325 185989325 0
2 2876 rs7579944 30445026 1 0.01296186087723806 30445026 30445026 0
2 6762 rs3911862 65759671 1 0.0129183048726282 65759671 65759671 0
2 3834 rs10198323 38571255 1 -0.01291137659492566 38571255 38571255 0
2 9679 rs17031337 106215749 1 0.01290728281921873 106215749 106215749 0
2 2879 rs17321999 30479857 2 0.01288537295406887 30479857 30479857 0
2 19681 rs7580582 224211363 1 -0.01282306715490302 224211363 224211363 0
2 3439 rs13025239 35908737 2 0.0127699530761017 35908737 35908737 0
2 1243 rs503989 13641538 1 0.01256322561498293 13641538 13641538 0
2 10640 rs71470 118006384 1 -0.0125447875121759 118006384 118006384 0
2 4490 rs11683295 44316109 1 0.01244641851026287 44316109 44316109 0
2 16139 rs16866412 179474668 1 -0.01234163704738195 179474668 179474668 0
2 5399 rs984795 51688180 2 0.01232727212493437 51688180 51688180 0
2 18805 rs3738920 214031987 1 0.01219827350260703 214031987 214031987 0
2 20132 rs10184090 228639557 2 0.01216842994656522 228639557 228639557 0
2 5157 rs7594662 49984263 1 0.01211667638059673 49984263 49984263 0
2 3925 rs2373530 39605917 1 0.01193629548168434 39605917 39605917 0
2 10360 rs4849261 114450028 1 0.01193109787575383 114450028 114450028 0
2 20130 rs1506563 228622128 1 -0.01186860984420878 228622128 228622128 0
2 9722 rs12465089 106386630 1 0.01186515418408575 106386630 106386630 0
2 6527 rs12713433 61307982 1 -0.01171862177065215 61307982 61307982 0
2 12469 rs13425763 139642496 1 -0.01167727029736679 139642496 139642496 0
2 12619 rs16843782 141080706 1 0.01153366292962376 141080706 141080706 0
2 18948 rs11890512 215910724 1 0.01149621293976913 215910724 215910724 0
2 17939 rs231726 204740866 1 0.01146455418065742 204740866 204740866 0
2 3059 rs6751050 31993081 1 0.01145482769327484 31993081 31993081 0
2 11845 rs13428178 133175872 1 0.01141134971406613 133175872 133175872 0
2 4801 rs11894319 47137267 1 -0.01138754200426008 47137267 47137267 0
2 9476 rs1433312 103987135 2 0.01137322102708824 103987135 103987135 0
2 1157 rs4669855 12655145 1 0.0112585177706674 12655145 12655145 0
2 1418 rs10173491 15451774 1 0.01119745291912704 15451774 15451774 0
2 10208 rs13419523 112781917 1 0.01119417998482669 112781917 112781917 0
2 13085 rs4662223 145235108 2 0.01119288521473397 145235108 145235108 0
2 300 rs823243 2848102 1 0.01117868247240016 2848102 2848102 0
2 9061 rs17765112 100149336 1 0.01116655464207502 100149336 100149336 0
2 1044 rs17529680 11727087 1 0.01097198385207091 11727087 11727087 0
2 13053 rs6708276 144442150 2 -0.01096493902532561 144442150 144442150 0
2 21238 rs9636382 239857995 2 0.01090166231295541 239857995 239857995 0
2 663 rs2174519 6937310 1 0.01086996319899495 6937310 6937310 0
2 8847 rs6547705 87044316 1 0.01083791476716959 87044316 87044316 0
2 1145 rs10211429 12579179 1 -0.01079245385224296 12579179 12579179 0
2 13950 rs11889857 154605760 1 -0.01065752719933914 154605760 154605760 0
2 17135 rs3771311 191770613 1 -0.01065289266493256 191770613 191770613 0
2 2881 rs11679137 30480027 1 -0.01057073292696487 30480027 30480027 0
2 8906 rs11690079 88742338 2 -0.01056628783442881 88742338 88742338 0
2 18417 rs7567228 209414499 1 0.01055709122901055 209414499 209414499 0
2 10045 rs4676060 109662043 1 0.01052791257344731 109662043 109662043 0
2 11592 rs11682273 128716817 1 0.01047544647882535 128716817 128716817 0
2 21074 rs11690358 238244781 1 0.01023270432348485 238244781 238244781 0
2 6408 rs872277 60338651 1 0.01005503782991787 60338651 60338651 0
2 2652 rs4666111 28838795 1 -0.01002008285870843 28838795 28838795 0
2 10236 rs719668 113342566 1 0.0099028833036697 113342566 113342566 0
2 14843 rs7567296 166295835 1 -0.00981315132399772 166295835 166295835 0
2 2503 rs61753362 27324669 1 0.00980859299457377 27324669 27324669 0
2 17069 rs12467835 191166159 1 0.00973456153668356 191166159 191166159 0
2 6230 rs6761469 58581018 1 0.00962097513586346 58581018 58581018 0
2 9171 rs1369482 101503416 1 0.00961372283612324 101503416 101503416 0
2 2991 rs1000916 31314555 1 0.00959025821433958 31314555 31314555 0
2 11105 rs6713772 123216847 1 -0.00957679700615767 123216847 123216847 0
2 1645 rs1870822 18099919 1 -0.00957625635660492 18099919 18099919 0
2 13946 rs1022386 154582806 1 0.00957386618009738 154582806 154582806 0
2 20606 rs10803668 234078333 1 -0.00953774136579168 234078333 234078333 0
2 10382 rs12998926 114546660 1 0.00952557586126388 114546660 114546660 0
2 1996 rs6531222 20388484 1 0.0094775295814075 20388484 20388484 0
2 15467 rs1420378 171630631 1 -0.0092290640066851 171630631 171630631 0
2 20965 rs6731727 236508340 1 0.0092204446515192 236508340 236508340 0
2 8250 rs13400937 79864923 1 0.00908508360393398 79864923 79864923 0
2 21097 rs12616673 238498038 1 0.0090493706709 238498038 238498038 0
2 796 rs12613635 8520621 1 0.00904384658582836 8520621 8520621 0
2 7423 rs3771389 71153154 2 0.00897663125388385 71153154 71153154 0
2 10901 rs838102 119984733 1 0.00897280460691317 119984733 119984733 0
2 6761 rs3845817 65758525 1 0.00897027592073232 65758525 65758525 0
2 2485 rs4513249 27058451 1 0.00896866814287182 27058451 27058451 0
2 6387 rs6728812 60112579 1 -0.00896224213715283 60112579 60112579 0
2 14237 rs6710480 158958605 1 0.00895998910078957 158958605 158958605 0
2 1937 rs10184780 20054392 1 0.00895176178765345 20054392 20054392 0
2 13841 rs11692152 153721508 1 0.00892152608407712 153721508 153721508 0
2 12176 rs10928531 135817760 1 0.00891143940102219 135817760 135817760 0
2 15264 rs3821116 169729849 2 -0.00888627479553372 169729849 169729849 0
2 10100 rs9330313 110280390 1 -0.00883771075200698 110280390 110280390 0
2 9330 rs10199359 102707179 1 0.00883355593556177 102707179 102707179 0
2 10374 rs11694541 114509074 1 0.00875881540360794 114509074 114509074 0
2 1054 rs11695702 11922054 1 -0.00872102113493858 11922054 11922054 0
2 13302 rs10928364 148500974 1 0.0086582781620092 148500974 148500974 0
2 8350 rs3770317 80791939 2 0.00857894562658414 80791939 80791939 0
2 5709 rs741531 53856928 1 0.00857181040481816 53856928 53856928 0
2 5862 rs10746530 55181893 1 -0.00856917027629639 55181893 55181893 0
2 14047 rs11895478 155571123 1 -0.00855744033192909 155571123 155571123 0
2 19243 rs2382817 219151218 1 0.00854205470755657 219151218 219151218 0
2 12361 rs4954516 138240046 1 -0.00850640181780363 138240046 138240046 0
2 6105 rs1424642 57296558 1 0.00848126339073728 57296558 57296558 0
2 18795 rs17355277 213857830 2 -0.008466212916429 213857830 213857830 0
2 15761 rs41270195 175289259 1 -0.00842979804528815 175289259 175289259 0
2 14744 rs6724963 165701577 1 -0.00841946722789885 165701577 165701577 0
2 1284 rs1348801 13943821 2 0.00837316046985222 13943821 13943821 0
2 9371 rs2287041 102852866 1 -0.00836006838563285 102852866 102852866 0
2 11589 rs13018398 128628225 1 0.00831701777745367 128628225 128628225 0
2 14225 rs10201181 158717966 1 -0.00829920178745901 158717966 158717966 0
2 20440 rs6726593 231746780 1 0.0082909541517876 231746780 231746780 0
2 13080 rs16823569 144951782 1 -0.00824780005616481 144951782 144951782 0
2 2643 rs4666103 28807899 1 0.00824207480214474 28807899 28807899 0
2 15542 rs6753859 172754554 1 -0.00812383788566995 172754554 172754554 0
2 10715 rs1019590 118688162 2 -0.00805738066109311 118688162 118688162 0
2 11880 rs11884795 133519504 1 -0.00802514756462657 133519504 133519504 0
2 12350 rs1453301 138080695 2 -0.00800485139303653 138080695 138080695 0
2 6888 rs6759648 66844120 1 0.00790092658340368 66844120 66844120 0
2 7899 rs11688462 76696790 2 -0.0078857541647653 76696790 76696790 0
2 4583 rs12622589 45218814 1 -0.00788541738782174 45218814 45218814 0
2 9199 rs1062062 101627925 1 -0.00787175681729591 101627925 101627925 0
2 18324 rs9636269 208610801 2 0.00782983772612774 208610801 208610801 0
2 16025 rs753346 178697917 1 -0.00780912989056026 178697917 178697917 0
2 3748 rs2247278 38103789 1 -0.00779545908045799 38103789 38103789 0
2 12226 rs47150 137220743 1 0.00777132186213946 137220743 137220743 0
2 9046 rs139891421 99767073 2 0.00774656608253944 99767073 99767073 0
2 21043 rs12463648 237810566 1 -0.0077245451695065696 237810566 237810566 0
2 21490 rs6723732 241986030 1 0.00770997481369762 241986030 241986030 0
2 18150 rs79484112 207173390 1 0.00768702958430806 207173390 207173390 0
2 12167 rs4953922 135402521 1 0.00767519075607358 135402521 135402521 0
2 262 rs17719904 2592143 1 0.00767225711109585 2592143 2592143 0
2 20069 rs6713443 228201546 1 -0.00755616673911821 228201546 228201546 0
2 18325 rs10497888 208761235 1 0.00754722209672629 208761235 208761235 0
2 2392 rs2304429 25458546 1 -0.00752160561564593 25458546 25458546 0
2 8063 rs1464993 78479945 1 -0.00746777139753457 78479945 78479945 0
2 20480 rs12998237 232276651 1 -0.00741623809860274 232276651 232276651 0
2 15792 rs7566401 175994720 1 0.00739575939007859 175994720 175994720 0
2 5814 rs6717369 54915044 2 -0.00738326953052462 54915044 54915044 0
2 1498 rs16982422 16644134 1 0.00734575898197601 16644134 16644134 0
2 2086 rs12470778 21354702 1 -0.00734460604001944 21354702 21354702 0
2 3669 rs45552433 37415603 1 -0.00728832936372488 37415603 37415603 0
2 3878 rs12987870 38936539 1 -0.00724875105092918 38936539 38936539 0
2 18014 rs7579849 205639924 1 -0.00723576043285972 205639924 205639924 0
2 749 rs7589284 7702036 1 0.00719390392031259 7702036 7702036 0
2 16249 rs4365493 180173318 1 -0.00717933627608196 180173318 180173318 0
2 19348 rs982458 220663477 2 0.00716035531499346 220663477 220663477 0
2 15954 rs13001694 178118990 1 -0.00706536708291431 178118990 178118990 0
2 12236 rs13005339 137321430 1 -0.00706263228624915 137321430 137321430 0
2 6070 rs13423780 56607046 1 -0.00702923922156713 56607046 56607046 0
2 2618 rs12624279 28634790 1 0.00699083020303586 28634790 28634790 0
2 69 rs6746997 788807 1 0.00692770171290128 788807 788807 0
2 12059 rs16829944 134784345 1 -0.006882992620212 134784345 134784345 0
2 12234 rs12612204 137314240 1 0.00688004702335673 137314240 137314240 0
2 20976 rs2675144 236641479 2 0.00680390466402898 236641479 236641479 0
2 21500 rs1062748 242028741 1 0.00680132173505044 242028741 242028741 0
2 12694 rs12691579 141640478 1 0.00679289821860174 141640478 141640478 0
2 14512 rs13390172 161525601 1 -0.0067600881235968 161525601 161525601 0
2 21547 rs41342147 242407588 1 0.00675204696750604 242407588 242407588 0
2 9626 rs2576767 105960333 2 -0.00674842610690799 105960333 105960333 0
2 12636 rs2030240 141218933 1 0.00674197320738362 141218933 141218933 0
2 17314 rs13008940 196374552 1 0.00672627793641811 196374552 196374552 0
2 9720 rs12712216 106372671 1 0.00672294426737459 106372671 106372671 0
2 823 rs9973936 9118215 1 0.00670005717324304 9118215 9118215 0
2 10725 rs17512698 118755669 1 0.00662060206127813 118755669 118755669 0
2 771 rs6748904 8186474 2 -0.00660866522294111 8186474 8186474 0
2 14323 rs1522699 159764389 2 -0.00656559994623404 159764389 159764389 0
2 17498 rs1579695 198900363 1 0.00655744891727502 198900363 198900363 0
2 20996 rs13401600 237193052 1 -0.00650807222444611 237193052 237193052 0
2 11605 rs6725404 128972833 2 0.00645155669897347 128972833 128972833 0
2 14205 rs1481379 157931593 2 0.00644318305332149 157931593 157931593 0
2 9685 rs10496399 106227721 2 0.00643793201967218 106227721 106227721 0
2 10982 rs17005295 121600223 1 0.00637724695220095 121600223 121600223 0
2 4772 rs1531132 46892315 1 -0.00637028404773994 46892315 46892315 0
2 7105 rs751759 68350615 1 -0.00636259177807952 68350615 68350615 0
2 15301 rs2287619 169836730 2 0.00626760620834457 169836730 169836730 0
2 19987 rs2102101 227410349 1 0.00619907608602532 227410349 227410349 0
2 4923 rs2293276 48819197 1 0.00618336777791471 48819197 48819197 0
2 15775 rs1463263 175584157 2 0.00618056794447811 175584157 175584157 0
2 19783 rs61732371 225244352 1 -0.00612299745733856 225244352 225244352 0
2 9478 rs7565678 103999574 1 0.00611910143175591 103999574 103999574 0
2 21069 rs4663707 238192511 1 -0.00609535589360198 238192511 238192511 0
2 12278 rs1593759 137552254 1 0.00603990546533914 137552254 137552254 0
2 20133 rs2048054 228652347 1 -0.0060235429373885 228652347 228652347 0
2 6236 rs2192661 58664988 1 -0.00601979848059585 58664988 58664988 0
2 18341 rs10932241 208976955 1 -0.00601582872829309 208976955 208976955 0
2 6235 rs12613228 58662069 1 0.00600365675693634 58662069 58662069 0
2 16637 rs288344 183666918 1 0.00600052514239564 183666918 183666918 0
2 17989 rs12373835 205347379 1 -0.00598713108217484 205347379 205347379 0
2 20365 rs6739193 231157527 1 -0.00595413316670877 231157527 231157527 0
2 5376 rs10490152 51451120 1 -0.00594175770974862 51451120 51451120 0
2 1178 rs10186351 12964428 1 0.00593978006823712 12964428 12964428 0
2 14001 rs10175190 154944691 1 -0.00593338186455523 154944691 154944691 0
2 3037 rs1366814 31628705 1 0.00593037635924272 31628705 31628705 0
2 6817 rs12233229 66170081 1 -0.00591966522102941 66170081 66170081 0
2 762 rs10183806 7988851 1 0.00585422330414509 7988851 7988851 0
2 18112 rs2058712 206452025 1 -0.00582385743866102 206452025 206452025 0
2 10386 rs1028246 114601242 1 0.00580535045099872 114601242 114601242 0
2 10400 rs7577695 114739110 2 -0.00578084005016209 114739110 114739110 0
2 15711 rs12615677 174634087 1 -0.00577759609178833 174634087 174634087 0
2 12701 rs10496859 141668678 2 0.00571519488106804 141668678 141668678 0
2 12158 rs859767 135341200 1 0.00571102973299155 135341200 135341200 0
2 18912 rs7585356 215592306 1 -0.00565690841909601 215592306 215592306 0
2 7476 rs1804020 71654175 1 -0.0056489776306514 71654175 71654175 0
2 10902 rs708670 119987237 1 -0.00562799138086181 119987237 119987237 0
2 1496 rs1430043 16635965 1 0.0056162494232729 16635965 16635965 0
2 9245 rs11688698 102104814 1 0.00559300247228653 102104814 102104814 0
2 3727 rs17021120 37843019 1 0.00556734790215093 37843019 37843019 0
2 14 rs437409 142137 1 0.00556579280042208 142137 142137 0
2 7473 rs3732233 71633275 2 -0.00555028820652622 71633275 71633275 0
2 4637 rs3770266 45688221 1 0.00549491861681375 45688221 45688221 0
2 20616 rs2241880 234183368 1 -0.00548980341764776 234183368 234183368 0
2 2962 rs2288100 31178818 1 -0.00546978976545141 31178818 31178818 0
2 12198 rs4477975 137009006 2 -0.00544576289162165 137009006 137009006 0
2 790 rs11887635 8446866 1 -0.00539894116148458 8446866 8446866 0
2 17003 rs781288 189654868 1 -0.00537805551623432 189654868 189654868 0
2 17147 rs1517352 191931464 1 0.00532114557315913 191931464 191931464 0
2 20807 rs973368 235099369 1 -0.00522990504464415 235099369 235099369 0
2 17922 rs10932019 204628810 1 -0.00522623803520498 204628810 204628810 0
2 13893 rs13405095 154061615 1 0.00518535526881624 154061615 154061615 0
2 12199 rs4954592 137013525 1 0.00517459247828141 137013525 137013525 0
2 15771 rs1469521 175452808 1 -0.00516800447612052 175452808 175452808 0
2 18831 rs9283526 214594856 1 0.0051477693136031 214594856 214594856 0
2 17150 rs1551443 191996518 2 -0.00507785670537432 191996518 191996518 0
2 8132 rs6761240 79101215 1 -0.00507645157426086 79101215 79101215 0
2 18982 rs17459063 216317657 2 0.00504304021941852 216317657 216317657 0
2 17250 rs34951989 195205967 1 0.00502447643018676 195205967 195205967 0
2 10344 rs4849195 114057929 2 -0.00500818424974245 114057929 114057929 0
2 11636 rs841470 129370246 1 0.00500257528488086 129370246 129370246 0
2 12386 rs1598514 138568673 1 0.00491296861408061 138568673 138568673 0
2 18091 rs1207429 206164004 1 0.00489003949331822 206164004 206164004 0
2 16251 rs10185366 180177128 2 -0.00485453172714377 180177128 180177128 0
2 3451 rs17471749 35951818 1 0.0047791141506279 35951818 35951818 0
2 868 rs10929604 9865547 2 0.00476336306592073 9865547 9865547 0
2 20638 rs6726046 234287221 1 -0.00473983329885664 234287221 234287221 0
2 14697 rs57447159 165210891 2 0.00471952495480795 165210891 165210891 0
2 781 rs10490219 8400895 1 -0.00467973625293657 8400895 8400895 0
2 12190 rs2874874 136578194 1 0.00467320716579597 136578194 136578194 0
2 17492 rs1595825 198875464 2 0.00464745967171516 198875464 198875464 0
2 4800 rs2289928 47134904 1 -0.00459679044409527 47134904 47134904 0
2 8091 rs12477341 78755686 1 -0.00456244794494754 78755686 78755686 0
2 867 rs11680429 9844178 1 0.00456052295024074 9844178 9844178 0
2 4179 rs1560257 41898148 1 0.00454727941280108 41898148 41898148 0
2 5928 rs10191785 55536808 1 0.00450282296039343 55536808 55536808 0
2 21530 rs10185319 242253995 2 -0.00449602341248233 242253995 242253995 0
2 13004 rs7607734 143745800 1 -0.00448413553991398 143745800 143745800 0
2 6716 rs55952639 65299766 2 -0.00445538235787019 65299766 65299766 0
2 1739 rs10191044 18716201 1 -0.00441856896260687 18716201 18716201 0
2 249 rs1706862 2517775 1 -0.00437364414987742 2517775 2517775 0
2 17487 rs1518364 198809975 1 -0.00433415151881551 198809975 198809975 0
2 10506 rs12619497 116032517 2 -0.00433183055421031 116032517 116032517 0
2 4827 rs1036292 47243124 2 -0.00430684438035024 47243124 47243124 0
2 18060 rs13000345 205971820 1 -0.00430073465562367 205971820 205971820 0
2 4742 rs12612916 46707886 1 0.00429828709347678 46707886 46707886 0
2 17409 rs4341955 197404714 1 0.00429691721550888 197404714 197404714 0
2 17938 rs3087243 204738919 2 -0.00429688763750248 204738919 204738919 0
2 7231 rs4314026 69269809 1 0.00429641051745553 69269809 69269809 0
2 13971 rs6741566 154772373 1 -0.00429244904103575 154772373 154772373 0
2 2068 rs1801701 21228827 2 0.00426451461290732 21228827 21228827 0
2 1976 rs7578149 20312438 1 0.00426328891611088 20312438 20312438 0
2 506 rs7592529 5427628 1 0.00426150591015068 5427628 5427628 0
2 4565 rs341605 45064187 1 0.00425026819700436 45064187 45064187 0
2 10132 rs4849155 111635197 1 0.00425023384843131 111635197 111635197 0
2 17539 rs12477557 199236870 1 -0.00424221368461295 199236870 199236870 0
2 19018 rs10180583 216905728 1 0.0042333180458586 216905728 216905728 0
2 3053 rs682895 31871583 1 0.00422428723252608 31871583 31871583 0
2 4360 rs12466022 43359061 1 -0.00421963698730876 43359061 43359061 0
2 2928 rs2609942 30924850 1 0.00416298103278594 30924850 30924850 0
2 5795 rs4129261 54706092 1 0.00414021008001511 54706092 54706092 0
2 20446 rs3106075 231825834 1 -0.00413063476256846 231825834 231825834 0
2 20503 rs3856544 232714559 1 0.0041284953853118 232714559 232714559 0
2 5866 rs2588519 55205124 1 -0.00410729367457806 55205124 55205124 0
2 15677 rs7567442 174283773 1 -0.00405849745389875 174283773 174283773 0
2 11049 rs908677 122833317 1 -0.00405502970701418 122833317 122833317 0
2 20767 rs11563204 234917377 2 0.00405198832939244 234917377 234917377 0
2 14840 rs11683781 166288740 2 -0.00404283027512324 166288740 166288740 0
2 7874 rs1949924 76505008 1 0.00403468513347064 76505008 76505008 0
2 2616 rs13392378 28607344 1 -0.0040237884258435 28607344 28607344 0
2 14631 rs1221518 164193154 1 -0.00402270863575362 164193154 164193154 0
2 9510 rs2570497 104441546 1 -0.0040226888739792 104441546 104441546 0
2 5315 rs2193225 51079482 1 0.00402057805224334 51079482 51079482 0
2 14431 rs12692575 160770031 1 -0.00399166100978368 160770031 160770031 0
2 135 rs1514684 1441178 1 0.00398309032669213 1441178 1441178 0
2 18411 rs6717082 209357870 1 -0.00397157175507994 209357870 209357870 0
2 19008 rs4453695 216725945 1 -0.00396617155958593 216725945 216725945 0
2 13758 rs16831021 153238858 1 -0.00392644127747308 153238858 153238858 0
2 21412 rs1565985 241193615 1 0.00391443791417792 241193615 241193615 0
2 11596 rs4476299 128849114 1 0.00387823454519837 128849114 128849114 0
2 21537 rs1532788 242330192 2 -0.00387522125171724 242330192 242330192 0
2 9943 rs13020302 108599710 1 -0.00385474695093997 108599710 108599710 0
2 6486 rs1177210 61077693 1 0.00383315417072637 61077693 61077693 0
2 6539 rs4430924 61703856 1 -0.00378347233129576 61703856 61703856 0
2 139 rs4927608 1453528 2 0.00377798065307285 1453528 1453528 0
2 10225 rs10169925 113014605 1 -0.00377723419226583 113014605 113014605 0
2 6582 rs4640376 62576427 1 0.00377167680146749 62576427 62576427 0
2 19564 rs7582427 222826088 1 0.00375878246636589 222826088 222826088 0
2 18993 rs4672773 216439570 2 -0.00372688648136786 216439570 216439570 0
2 12253 rs4434047 137452607 2 0.00370424670014119 137452607 137452607 0
2 19055 rs12467575 217211217 1 -0.00370384654071228 217211217 217211217 0
2 15469 rs2241165 171678379 1 -0.00369830161395566 171678379 171678379 0
2 17074 rs291471 191190180 1 -0.00368850824361711 191190180 191190180 0
2 10395 rs17045956 114680469 1 0.00367387871664537 114680469 114680469 0
2 3520 rs10495867 36304861 1 0.00365687659330105 36304861 36304861 0
2 6628 rs7590399 64081466 1 -0.00364283271939464 64081466 64081466 0
2 2625 rs7579759 28693648 1 0.00364096050102671 28693648 28693648 0
2 13789 rs11892232 153358329 1 -0.00363187632019337 153358329 153358329 0
2 106 rs4971432 1079320 1 0.00362945285349119 1079320 1079320 0
2 12175 rs4954218 135803425 2 0.00361093777486805 135803425 135803425 0
2 2924 rs6719376 30900567 1 -0.00360912305854053 30900567 30900567 0
2 19264 rs7566656 219664519 1 -0.00358644732235493 219664519 219664519 0
2 20615 rs2289472 234182240 1 -0.00358449620965264 234182240 234182240 0
2 13420 rs1196696 150206753 1 -0.00357426454675496 150206753 150206753 0
2 10685 rs2421973 118401860 1 0.00357398956479216 118401860 118401860 0
2 19563 rs13022647 222818891 1 0.00356725647320547 222818891 222818891 0
2 21543 rs757978 242371101 1 0.00356475861817401 242371101 242371101 0
2 12285 rs778185 137582905 1 -0.00354516537127576 137582905 137582905 0
2 15384 rs61741435 170510651 1 -0.00352535184251801 170510651 170510651 0
2 3818 rs10175994 38450573 1 -0.00351288166523523 38450573 38450573 0
2 4057 rs10210665 40532749 1 -0.00350949987312571 40532749 40532749 0
2 20504 rs11890626 232718088 2 -0.00346660251766199 232718088 232718088 0
2 20506 rs10179086 232744209 2 0.00346099467199773 232744209 232744209 0
2 7439 rs12478186 71408929 1 0.00343817937338928 71408929 71408929 0
2 15540 rs12692976 172684403 1 -0.00342631832553397 172684403 172684403 0
2 16799 rs1016410 186651381 1 -0.00342032822951825 186651381 186651381 0
2 16745 rs11901504 185785610 2 -0.00341299501366027 185785610 185785610 0
2 6896 rs17681403 66977032 1 0.00340353089273055 66977032 66977032 0
2 17682 rs4674036 201270538 1 0.00339022802744987 201270538 201270538 0
2 19343 rs11884769 220643904 1 0.00338986042604785 220643904 220643904 0
2 8912 rs7571971 88895351 1 0.00338164043260353 88895351 88895351 0
2 2790 rs12714272 29585788 1 0.00337699448921482 29585788 29585788 0
2 19722 rs548470 224773548 1 0.00336191374813459 224773548 224773548 0
2 18941 rs13024862 215832746 1 -0.00336043405800368 215832746 215832746 0
2 1308 rs11900823 14194649 1 0.0033535604722955 14194649 14194649 0
2 4738 rs4953376 46662461 1 -0.00332049489075744 46662461 46662461 0
2 21164 rs3795902 239136143 1 -0.00330507470068367 239136143 239136143 0
2 13656 rs4664493 152492324 2 -0.00325622225948906 152492324 152492324 0
2 16591 rs12468232 183339722 1 0.00325187815118463 183339722 183339722 0
2 5218 rs10495982 50424877 1 -0.00324919157907698 50424877 50424877 0
2 4419 rs7571775 43875289 2 -0.00324790206093845 43875289 43875289 0
2 18342 rs4277502 208978677 1 0.0032413078104831 208978677 208978677 0
2 14513 rs4383351 161534168 1 -0.00322264081687479 161534168 161534168 0
2 14576 rs1861975 162929300 2 0.00322186868648974 162929300 162929300 0
2 20402 rs6436944 231376320 2 0.00321487416133246 231376320 231376320 0
2 16770 rs13018827 186062357 2 0.00319154207527961 186062357 186062357 0
2 281 rs1451197 2741446 1 -0.00317689950049382 2741446 2741446 0
2 4739 rs7595513 46687867 1 0.00317109012522712 46687867 46687867 0
2 12210 rs16833821 137114910 1 0.00315981667247712 137114910 137114910 0
2 3817 rs10183112 38445779 1 -0.00314750176277845 38445779 38445779 0
2 6938 rs1362478 67294023 1 -0.00314037669851919 67294023 67294023 0
2 20060 rs4390761 228156969 1 -0.0031344525281412 228156969 228156969 0
2 16831 rs16827790 187240797 1 0.00312250473291678 187240797 187240797 0
2 6288 rs7599151 59308101 1 0.00310174663180419 59308101 59308101 0
2 14630 rs6752189 164149690 1 -0.00308679026965726 164149690 164149690 0
2 19721 rs10498156 224741642 1 0.00308649820384653 224741642 224741642 0
2 14415 rs7574420 160695800 1 0.00307799482617528 160695800 160695800 0
2 9001 rs13396689 98758847 1 -0.00306999023306477 98758847 98758847 0
2 19396 rs11688377 221067691 1 0.00304644420351811 221067691 221067691 0
2 3102 rs17012350 33080659 1 -0.00300914065395254 33080659 33080659 0
2 13151 rs12615682 146078530 1 0.00299761802444944 146078530 146078530 0
2 3816 rs4670827 38438811 1 -0.00298649747011673 38438811 38438811 0
2 5806 rs6715538 54847934 1 0.00297434461593753 54847934 54847934 0
2 7106 rs6734622 68350891 1 -0.00296424896782709 68350891 68350891 0
2 10300 rs1530551 113817566 1 0.00294882941054043 113817566 113817566 0
2 9480 rs13390641 104036433 1 0.00294134278213299 104036433 104036433 0
2 3443 rs4670125 35930877 1 0.00292121201411834 35930877 35930877 0
2 15433 rs12611789 171139494 1 0.00291865395621994 171139494 171139494 0
2 9066 rs6721652 100377321 1 -0.00290698834881213 100377321 100377321 0
2 610 rs13384785 6375910 1 0.00289939124892666 6375910 6375910 0
2 2784 rs17007920 29570906 1 0.00286631622397662 29570906 29570906 0
2 12115 rs1439111 135082760 1 -0.00285960711194812 135082760 135082760 0
2 9235 rs7590093 101960903 1 -0.00284975866827502 101960903 101960903 0
2 8651 rs1192295 84921433 1 -0.00282264498902868 84921433 84921433 0
2 5929 rs10189439 55539905 2 -0.00281418348657203 55539905 55539905 0
2 4020 rs688673 40406518 1 0.00280518290772456 40406518 40406518 0
2 2878 rs906867 30478628 1 0.00279756953738548 30478628 30478628 0
2 1849 rs824498 19671234 1 -0.00279516651718184 19671234 19671234 0
2 17957 rs11685977 204969138 2 0.00279432514112823 204969138 204969138 0
2 8684 rs6547597 85389685 1 -0.00279322942220008 85389685 85389685 0
2 1056 rs2716651 12044820 1 -0.00278960821583097 12044820 12044820 0
2 12300 rs1649571 137622996 1 0.00278900677317515 137622996 137622996 0
2 12254 rs1427611 137474142 1 -0.00278568369647821 137474142 137474142 0
2 21071 rs4663708 238192670 1 -0.00276750951078538 238192670 238192670 0
2 1452 rs4668989 15929276 2 0.00275806010769166 15929276 15929276 0
2 2631 rs6547857 28757368 2 -0.00275611583476027 28757368 28757368 0
2 10729 rs6542427 118801681 1 0.00270096467157207 118801681 118801681 0
2 14852 rs13424955 166339756 1 0.0026988458239216 166339756 166339756 0
2 6707 rs6546118 65212178 2 0.00269340350116301 65212178 65212178 0
2 19486 rs16862036 221880457 2 -0.00266611863338756 221880457 221880457 0
2 10575 rs1374597 116733337 1 -0.00265995536620494 116733337 116733337 0
2 11878 rs6430373 133513086 1 0.00265244234519926 133513086 133513086 0
2 21542 rs1006309 242360245 2 -0.00263866237230629 242360245 242360245 0
2 977 rs10192975 10887075 2 0.00263753146861878 10887075 10887075 0
2 1174 rs890069 12867504 2 -0.00263690164393503 12867504 12867504 0
2 7145 rs6725743 68622990 1 -0.00262924168235125 68622990 68622990 0
2 621 rs12329052 6421388 1 -0.00262373741380696 6421388 6421388 0
2 2448 rs79413730 26534872 2 -0.00260303866978899 26534872 26534872 0
2 14413 rs6750782 160692461 1 -0.00259400962637791 160692461 160692461 0
2 19244 rs992157 219154781 1 0.00259149280294934 219154781 219154781 0
2 10905 rs17805141 120005569 2 -0.00258939438219836 120005569 120005569 0
2 13406 rs170673 150014096 1 0.00258450860019362 150014096 150014096 0
2 18603 rs10432525 212036651 2 -0.00257295000375561 212036651 212036651 0
2 14044 rs1835154 155496698 1 -0.00256373448530701 155496698 155496698 0
2 3104 rs6708747 33083649 1 -0.0025624258289323 33083649 33083649 0
2 17130 rs1860173 191701184 1 0.00253856390932756 191701184 191701184 0
2 18826 rs16850447 214398363 1 -0.002537926198255 214398363 214398363 0
2 9374 rs11123915 102880823 2 -0.00252982295562953 102880823 102880823 0
2 2927 rs519747 30918938 2 0.00252730934301828 30918938 30918938 0
2 11100 rs1598024 123206041 1 -0.0025185545128437 123206041 123206041 0
2 6017 rs1432567 56331228 1 -0.00251454299417385 56331228 56331228 0
2 3698 rs13409745 37697432 1 0.00248668740140752 37697432 37697432 0
2 20666 rs17863783 234602277 1 -0.00247593587572068 234602277 234602277 0
2 13797 rs4664594 153381798 1 -0.00247568639794567 153381798 153381798 0
2 18383 rs10932259 209184999 1 0.00247296357013245 209184999 209184999 0
2 13720 rs11883823 152994110 1 -0.0024699860611495 152994110 152994110 0
2 19589 rs1370923 222999840 1 -0.00246801294872723 222999840 222999840 0
2 18582 rs7586705 211657675 1 0.00246637278872908 211657675 211657675 0
2 12096 rs3748896 134965464 2 -0.00245667803342994 134965464 134965464 0
2 6199 rs1518397 58212839 1 0.00244960333242066 58212839 58212839 0
2 4166 rs1560260 41835431 2 -0.00244798946894956 41835431 41835431 0
2 18566 rs2111713 211576458 1 0.00244306024753252 211576458 211576458 0
2 20477 rs2290130 232263127 2 -0.00244015470162261 232263127 232263127 0
2 10007 rs1469964 109170731 1 -0.00243884136881866 109170731 109170731 0
2 18217 rs888620 207665145 1 -0.00243054424203608 207665145 207665145 0
2 12201 rs7594034 137081149 1 -0.00242887445105273 137081149 137081149 0
2 6449 rs1011407 60665768 2 -0.00242824163403721 60665768 60665768 0
2 13418 rs10432496 150147278 1 -0.00242787406265145 150147278 150147278 0
2 14777 rs13015737 165995621 1 0.00242501282891233 165995621 165995621 0
2 6698 rs6706514 65053216 1 0.00241691440179697 65053216 65053216 0
2 17191 rs6739080 192614107 1 -0.00240268802425578 192614107 192614107 0
2 6864 rs1358698 66453086 1 0.00237164229605698 66453086 66453086 0
2 15344 rs830964 170156880 1 0.00237007209204601 170156880 170156880 0
2 20822 rs7587925 235193276 1 0.00236821241612952 235193276 235193276 0
2 21444 rs2228331 241405528 1 0.00235787333451769 241405528 241405528 0
2 11840 rs10928155 132583278 1 0.00235779430661435 132583278 132583278 0
2 261 rs2598592 2590381 1 -0.00235136877752848 2590381 2590381 0
2 2361 rs6736711 25116456 1 -0.00234899812259113 25116456 25116456 0
2 12437 rs11885046 139022658 1 -0.00234233308537114 139022658 139022658 0
2 18946 rs10171715 215906681 2 0.002335884581164 215906681 215906681 0
2 1402 rs6732271 15303781 1 0.002330998563423 15303781 15303781 0
2 19991 rs2707537 227523774 1 -0.0023189402266447 227523774 227523774 0
2 17503 rs1064213 198950240 1 -0.00231719314563649 198950240 198950240 0
2 3229 rs1718728 34074656 2 0.00231103246488823 34074656 34074656 0
2 15774 rs4356633 175550678 1 -0.00230603496368852 175550678 175550678 0
2 3738 rs4670780 38048671 1 0.00229974308192249 38048671 38048671 0
2 10638 rs17046680 117928308 1 0.00229891849823117 117928308 117928308 0
2 68 rs6726475 788673 1 -0.00229444839065589 788673 788673 0
2 19745 rs12694628 224929659 2 -0.00229178469701461 224929659 224929659 0
2 6278 rs7586333 59183439 1 0.00229031036727481 59183439 59183439 0
2 20793 rs9636246 234970505 1 -0.00228595006640278 234970505 234970505 0
2 19740 rs4674860 224921814 1 0.00228559534896141 224921814 224921814 0
2 12179 rs10496735 136231459 1 -0.00228546458108043 136231459 136231459 0
2 12095 rs9808181 134935979 1 0.00228138533760112 134935979 134935979 0
2 17018 rs7579312 189882685 1 0.00226945976366068 189882685 189882685 0
2 20664 rs2070959 234602191 1 -0.00226863177724155 234602191 234602191 0
2 19324 rs6726806 220351379 1 0.00225738816579858 220351379 220351379 0
2 7444 rs357777 71417065 1 -0.00225615904282668 71417065 71417065 0
2 17617 rs10497844 200813126 1 -0.00225282940461455 200813126 200813126 0
2 17495 rs10196612 198894139 1 -0.00224626598240048 198894139 198894139 0
2 2024 rs4666313 20769783 1 0.00224611467149626 20769783 20769783 0
2 15552 rs13390848 172957643 1 0.00222537038635896 172957643 172957643 0
2 10323 rs9005 113891412 1 -0.00222052763098714 113891412 113891412 0
2 20206 rs6752685 229478347 1 -0.00221860543017548 229478347 229478347 0
2 5774 rs10186140 54362975 1 -0.00221029566012402 54362975 54362975 0
2 7898 rs1997450 76696261 2 0.00220971231019988 76696261 76696261 0
2 15789 rs1153702 175920757 1 0.00220243589029949 175920757 175920757 0
2 8435 rs12615721 81856526 1 -0.00220208403499213 81856526 81856526 0
2 4937 rs4374421 48935392 1 -0.00219760645543708 48935392 48935392 0
2 18237 rs1377390 207755367 1 0.00218719254358987 207755367 207755367 0
2 4826 rs6739975 47242340 2 0.00217725176901702 47242340 47242340 0
2 8782 rs11691934 86165443 1 0.00217543019658182 86165443 86165443 0
2 20025 rs10174459 227973193 1 0.00216525246573904 227973193 227973193 0
2 11390 rs2114601 126440697 1 0.00215453774889004 126440697 126440697 0
2 577 rs10495528 6057847 1 -0.0021459463048473 6057847 6057847 0
2 3190 rs7585514 33922554 1 0.00214263775093274 33922554 33922554 0
2 6484 rs1177204 61075061 1 0.0021354201586787 61075061 61075061 0
2 8202 rs6760650 79529472 1 -0.00213171781643101 79529472 79529472 0
2 17871 rs10755019 203555828 1 0.00212799565526495 203555828 203555828 0
2 15727 rs17308965 174896455 1 0.00211915787540206 174896455 174896455 0
2 16379 rs2018917 181028392 1 -0.00211665588106519 181028392 181028392 0
2 12202 rs13006092 137084682 2 0.00211374666049125 137084682 137084682 0
2 12277 rs1593760 137551335 1 0.00211121488505378 137551335 137551335 0
2 5970 rs11125589 55941440 1 0.00210751862445933 55941440 55941440 0
2 2447 rs111756480 26534813 1 -0.00210096355988609 26534813 26534813 0
2 4978 rs733726 49096835 1 0.00209395837490057 49096835 49096835 0
2 6697 rs11683197 65027624 2 0.00209248646825615 65027624 65027624 0
2 4919 rs62135239 48807869 1 0.00208870305752091 48807869 48807869 0
2 5161 rs971732 50142117 1 0.00208789440365121 50142117 50142117 0
2 13564 rs757919 151842851 1 -0.00208632348656666 151842851 151842851 0
2 15402 rs12624234 170649349 1 0.00208622733168577 170649349 170649349 0
2 18688 rs6732730 213009392 1 0.00207981141544019 213009392 213009392 0
2 14509 rs6432641 161503223 1 0.00206921017991574 161503223 161503223 0
2 15728 rs6433461 174910616 2 0.00206330534385026 174910616 174910616 0
2 7156 rs7563017 68728483 2 -0.0020606441928834 68728483 68728483 0
2 17990 rs7569476 205385386 1 0.00205947526891833 205385386 205385386 0
2 15776 rs12611955 175591073 1 -0.00205696259322697 175591073 175591073 0
2 15875 rs4972806 177012578 2 -0.00204812663271113 177012578 177012578 0
2 18834 rs13007000 214610452 2 0.00204092709397664 214610452 214610452 0
2 12000 rs6414015 134513100 1 -0.00203340541463687 134513100 134513100 0
2 8917 rs7565298 88998689 1 -0.0020274253917110102 88998689 88998689 0
2 3008 rs76523220 31417290 1 -0.00202556840213476 31417290 31417290 0
2 20217 rs10804346 229538464 1 0.00201828863618859 229538464 229538464 0
2 20587 rs3817321 233839052 1 0.00201567947950513 233839052 233839052 0
2 13678 rs3768655 152714023 1 -0.00200659812301501 152714023 152714023 0
2 6068 rs17268785 56592083 1 -0.00200614962340252 56592083 56592083 0
2 6587 rs4468797 62663989 1 0.0020053435937792 62663989 62663989 0
2 3532 rs6717847 36398904 1 -0.00200432621886453 36398904 36398904 0
2 12394 rs1456005 138624319 1 -0.00200177676272709 138624319 138624319 0
2 17496 rs6738825 198896895 2 -0.00200066766278722 198896895 198896895 0
2 15900 rs2044642 177460699 1 0.00199691330709332 177460699 177460699 0
2 8762 rs11126997 85949396 1 -0.00199370787563473 85949396 85949396 0
2 17373 rs10183339 197098024 1 -0.00199101048453246 197098024 197098024 0
2 10990 rs114814747 121748048 1 0.00198794626336234 121748048 121748048 0
2 14671 rs17351368 164899430 2 0.00198059549435158 164899430 164899430 0
2 931 rs7556858 10402632 1 -0.00197651793645099 10402632 10402632 0
2 8296 rs1368909 80228740 1 -0.00197021601790101 80228740 80228740 0
2 14577 rs1861978 162929709 1 -0.00196711491617419 162929709 162929709 0
2 5401 rs991901 51689579 1 -0.00196458740600344 51689579 51689579 0
2 19596 rs6710838 223044442 1 -0.00194349630043732 223044442 223044442 0
2 10365 rs10514810 114471782 1 -0.00194345660486464 114471782 114471782 0
2 8037 rs6735096 78280763 1 -0.00194205020224204 78280763 78280763 0
2 7459 rs2216373 71525478 1 -0.00192723443834732 71525478 71525478 0
2 1604 rs2680827 17773524 1 0.0019066652360262 17773524 17773524 0
2 20390 rs1427283 231282791 1 0.001899393831262 231282791 231282791 0
2 3103 rs1455974 33080673 1 -0.00189764771515802 33080673 33080673 0
2 11921 rs13395693 133806124 2 -0.00189074777185049 133806124 133806124 0
2 13062 rs17834780 144638809 1 0.00188646561002104 144638809 144638809 0
2 18139 rs2010572 207063825 1 -0.00188395723866447 207063825 207063825 0
2 2922 rs1901909 30889161 1 0.00188245865732221 30889161 30889161 0
2 17318 rs2173773 196414425 1 0.00188020123105453 196414425 196414425 0
2 16504 rs1449263 182319301 1 0.00187570796487056 182319301 182319301 0
2 2965 rs2303325 31181139 2 -0.00187324169706765 31181139 31181139 0
2 17126 rs7596437 191683388 1 -0.00186817029467738 191683388 191683388 0
2 1484 rs340743 16451390 1 -0.00186346365495718 16451390 16451390 0
2 14169 rs13028997 157210045 1 -0.00184600769523438 157210045 157210045 0
2 17251 rs1349538 195206946 1 0.0018394919083209 195206946 195206946 0
2 20607 rs7569837 234078406 2 -0.00183814922869713 234078406 234078406 0
2 411 rs6743559 4307217 1 0.0018374542341428 4307217 4307217 0
2 6040 rs7609306 56376564 1 -0.00183425703500723 56376564 56376564 0
2 4840 rs726117 47372425 2 0.0018258530918118 47372425 47372425 0
2 10687 rs13032818 118413681 1 0.00182461614504463 118413681 118413681 0
2 5116 rs13427322 49707932 2 0.00182364961453593 49707932 49707932 0
2 15705 rs606961 174487923 1 0.00182217200758587 174487923 174487923 0
2 792 rs690249 8447979 2 0.00181508152906802 8447979 8447979 0
2 3842 rs12997977 38675963 1 -0.00181386083239501 38675963 38675963 0
2 17307 rs10208012 196316861 1 0.00180148543727991 196316861 196316861 0
2 13985 rs7590906 154849098 1 -0.00180043458438904 154849098 154849098 0
2 2128 rs7601596 22348539 1 0.00179695484014549 22348539 22348539 0
2 4475 rs6727861 44218792 2 0.0017959977514976 44218792 44218792 0
2 18337 rs11683477 208927892 1 0.00178893780904758 208927892 208927892 0
2 4495 rs7355599 44322757 1 0.0017888416621501 44322757 44322757 0
2 6869 rs9309384 66460709 1 0.0017794692480138 66460709 66460709 0
2 12259 rs1427588 137492326 2 -0.00177926986767073 137492326 137492326 0
2 4631 rs3770249 45661587 1 0.00177458492120876 45661587 45661587 0
2 5810 rs1510611 54865527 1 -0.00177290909006935 54865527 54865527 0
2 11795 rs6708583 130662416 1 -0.00176712819002832 130662416 130662416 0
2 11853 rs10496687 133269261 1 -0.001743404003809 133269261 133269261 0
2 9225 rs17025300 101759350 1 -0.00174244809737362 101759350 101759350 0
2 2797 rs4372837 29624775 1 0.0017422819971218 29624775 29624775 0
2 7521 rs6546731 72116933 2 -0.00173890812282459 72116933 72116933 0
2 20777 rs676959 234933559 2 -0.00173051617250998 234933559 234933559 0
2 2228 rs1025703 23507416 1 0.00172696518330239 23507416 23507416 0
2 11074 rs10496579 123099093 1 0.00172580597811069 123099093 123099093 0
2 21301 rs6727608 240443992 1 0.00171710015888919 240443992 240443992 0
2 5400 rs991900 51689306 1 -0.0017093125614902 51689306 51689306 0
2 2108 rs6739502 21527036 1 0.00170727990852037 21527036 21527036 0
2 19591 rs12471618 223002513 1 -0.00170723920805313 223002513 223002513 0
2 21248 rs4591363 239895637 1 0.00169232263926054 239895637 239895637 0
2 14197 rs2131801 157654171 2 0.00168897750130013 157654171 157654171 0
2 2949 rs6710242 31006133 2 0.00168750975827465 31006133 31006133 0
2 20651 rs7608713 234567051 1 0.0016756541264359 234567051 234567051 0
2 13276 rs7576755 148310480 1 -0.0016735395059914 148310480 148310480 0
2 11828 rs4850159 131725771 1 0.00167336528775242 131725771 131725771 0
2 19633 rs10176458 223625518 1 0.00166518765298351 223625518 223625518 0
2 17169 rs2356656 192381934 1 0.00166299798576586 192381934 192381934 0
2 18218 rs12478466 207671012 1 -0.00166281635638187 207671012 207671012 0
2 20432 rs13411251 231586340 1 -0.00166062482591127 231586340 231586340 0
2 5549 rs1384925 52812988 1 -0.0016511889408433 52812988 52812988 0
2 18807 rs13419945 214065112 1 0.00163837262388081 214065112 214065112 0
2 7357 rs1523300 70769365 1 0.00163576103381489 70769365 70769365 0
2 20676 rs17862875 234649302 2 -0.00162316290055785 234649302 234649302 0
2 1618 rs7556886 17908130 2 -0.00161955521693703 17908130 17908130 0
2 2617 rs1039823 28623159 1 -0.00161826161616307 28623159 28623159 0
2 18657 rs4672615 212356992 1 0.00161697959335891 212356992 212356992 0
2 851 rs2709580 9514573 1 0.00161516694195909 9514573 9514573 0
2 2308 rs4665665 24380715 1 -0.00161463207819028 24380715 24380715 0
2 21098 rs9287621 238498545 1 0.00161448033569369 238498545 238498545 0
2 3157 rs9678322 33563575 1 -0.00161247005592396 33563575 33563575 0
2 19518 rs1346801 222180661 1 0.00161244918835261 222180661 222180661 0
2 21436 rs12620119 241357693 2 0.00160276583631753 241357693 241357693 0
2 20995 rs10184445 237189869 1 -0.00159796852145985 237189869 237189869 0
2 1305 rs10495620 14116991 1 0.00159786268964849 14116991 14116991 0
2 5297 rs994991 50923891 1 -0.00159675800342937 50923891 50923891 0
2 10774 rs7562732 119085908 1 0.00159423264191141 119085908 119085908 0
2 14646 rs2704358 164402710 2 0.00159286060597219 164402710 164402710 0
2 14524 rs7574698 161631419 1 0.00158746639037768 161631419 161631419 0
2 11065 rs13421929 123047991 1 -0.00158708864588246 123047991 123047991 0
2 13768 rs6741728 153268746 1 -0.00158656966656667 153268746 153268746 0
2 6713 rs2249105 65287896 2 0.00158598805967321 65287896 65287896 0
2 15035 rs9287876 167671649 1 -0.001582228242951 167671649 167671649 0
2 2476 rs828259 26990507 1 -0.00157908522832264 26990507 26990507 0
2 13201 rs6714304 146774636 1 -0.00157712478800865 146774636 146774636 0
2 12180 rs16831827 136323787 2 -0.00157508023481475 136323787 136323787 0
2 6523 rs1177279 61295122 1 -0.00156391273675988 61295122 61295122 0
2 14000 rs12693913 154940389 1 0.00155294751636624 154940389 154940389 0
2 1553 rs7602480 17265900 1 -0.0015516158588201 17265900 17265900 0
2 19344 rs6749528 220653949 1 -0.00154621386976352 220653949 220653949 0
2 12186 rs2117511 136462661 1 0.00154464808062325 136462661 136462661 0
2 19228 rs7580997 218883186 2 0.00154085852337575 218883186 218883186 0
2 21136 rs3769080 238641521 1 0.00153023591340075 238641521 238641521 0
2 620 rs12623864 6421045 2 0.00152933765242205 6421045 6421045 0
2 6632 rs12996866 64130965 1 -0.00152907593846703 64130965 64130965 0
2 4358 rs17405635 43355763 2 0.00152438346246211 43355763 43355763 0
2 6491 rs842624 61098642 1 0.00151592572372068 61098642 61098642 0
2 11466 rs1000858 127459321 1 -0.00151261140592788 127459321 127459321 0
2 17157 rs6704784 192109558 1 0.00150819495485539 192109558 192109558 0
2 8961 rs11901495 98017804 1 -0.00150314826787283 98017804 98017804 0
2 6720 rs2302631 65331659 1 0.00149867097706995 65331659 65331659 0
2 16613 rs17265531 183469248 1 0.00149623704002781 183469248 183469248 0
2 16502 rs16867426 182273419 1 -0.00149129433973085 182273419 182273419 0
2 17048 rs75321854 190620216 1 -0.00149064798252238 190620216 190620216 0
2 7117 rs3732042 68519877 1 0.00148783482677486 68519877 68519877 0
2 3015 rs13028669 31483890 1 -0.00148758872949536 31483890 31483890 0
2 14126 rs12471133 156721846 1 -0.00148179710755593 156721846 156721846 0
2 10085 rs3860481 110004170 1 -0.00147399966281587 110004170 110004170 0
2 4741 rs61995901 46707827 2 -0.00147324294873271 46707827 46707827 0
2 10814 rs17050103 119427742 1 -0.00147096539829232 119427742 119427742 0
2 18286 rs11674696 208161788 1 -0.00147008064033205 208161788 208161788 0
2 6887 rs1981736 66836319 1 0.00146804713250226 66836319 66836319 0
2 14985 rs2031002 167253015 1 0.00146188742899821 167253015 167253015 0
2 2840 rs7567152 30074153 2 0.00146060563103127 30074153 30074153 0
2 20955 rs10460277 236430910 2 -0.00145991939201315 236430910 236430910 0
2 10426 rs6761461 115249736 1 -0.0014571350644284 115249736 115249736 0
2 2604 rs2279475 28545109 1 0.00144946229102714 28545109 28545109 0
2 17309 rs2889103 196360157 1 0.0014480644094173301 196360157 196360157 0
2 13296 rs1406444 148473247 1 0.00144531724863937 148473247 148473247 0
2 3343 rs7600259 35093293 1 -0.00144321323928359 35093293 35093293 0
2 15949 rs10197258 178012446 1 0.00144126674772878 178012446 178012446 0
2 18798 rs17277107 213869354 1 -0.00143970486725616 213869354 213869354 0
2 1580 rs7585536 17444450 2 0.00143635138330728 17444450 17444450 0
2 8368 rs6718076 80900986 1 -0.00143588695008496 80900986 80900986 0
2 10962 rs7581710 121195181 2 0.00142775330966736 121195181 121195181 0
2 15461 rs10191600 171476133 1 0.0014253753703667 171476133 171476133 0
2 17761 rs1045494 202151781 2 -0.00142383260620087 202151781 202151781 0
2 2544 rs115018606 27799773 1 -0.00142364260196032 27799773 27799773 0
2 12604 rs825714 140922911 1 -0.00142145169192478 140922911 140922911 0
2 15676 rs6717268 174254430 2 0.00141948264270336 174254430 174254430 0
2 6588 rs9808571 62666178 1 0.00141625907520247 62666178 62666178 0
2 17089 rs13409841 191318776 1 -0.00141449882334053 191318776 191318776 0
2 15955 rs2364725 178132988 1 -0.00141265790741062 178132988 178132988 0
2 498 rs7604248 5336076 2 0.00140911450595081 5336076 5336076 0
2 17151 rs10497711 192013921 1 0.00140482105933432 192013921 192013921 0
2 16820 rs12618471 186861063 1 -0.00140408628868391 186861063 186861063 0
2 7475 rs4438512 71645946 1 0.00140304397119482 71645946 71645946 0
2 12731 rs75995642 141773450 1 -0.00140215917531112 141773450 141773450 0
2 8514 rs1393504 82883860 1 -0.00139771132246007 82883860 82883860 0
2 2276 rs583168 23829145 1 -0.00139398687918881 23829145 23829145 0
2 20649 rs1817154 234560591 1 -0.00139189864113849 234560591 234560591 0
2 11355 rs9308661 126193494 2 0.00138634885624633 126193494 126193494 0
2 19723 rs6746036 224792256 1 0.00138563650790399 224792256 224792256 0
2 8003 rs4337498 77857564 1 -0.00138248027993128 77857564 77857564 0
2 2360 rs1865687 25112885 1 0.00138055967554247 25112885 25112885 0
2 17940 rs10497873 204762327 1 0.00137998653835219 204762327 204762327 0
2 21337 rs13014729 240703201 1 -0.00136557123659637 240703201 240703201 0
2 12875 rs7598314 142533965 1 -0.00136508146763088 142533965 142533965 0
2 21154 rs4663281 238943966 1 0.00136311344651321 238943966 238943966 0
2 20977 rs10211191 236838338 1 0.00135323018007363 236838338 236838338 0
2 8319 rs7590636 80445512 1 -0.00134432645487151 80445512 80445512 0
2 12177 rs6736412 135829309 1 0.00134074085898888 135829309 135829309 0
2 13364 rs7592501 149337111 1 -0.00134068575602912 149337111 149337111 0
2 3299 rs13005810 34580853 1 0.00134000932042713 34580853 34580853 0
2 4519 rs4952710 44524575 2 -0.00133784406659941 44524575 44524575 0
2 19075 rs4674093 217428055 1 0.00133562903380282 217428055 217428055 0
2 12208 rs1515069 137112562 1 -0.00133460342046765 137112562 137112562 0
2 17374 rs6740409 197098638 1 -0.00133307286688674 197098638 197098638 0
2 19113 rs17833945 217894024 1 -0.00132992719603836 217894024 217894024 0
2 8510 rs17022041 82843078 2 -0.00132776038686783 82843078 82843078 0
2 5162 rs1045881 50148972 1 0.00132748648506866 50148972 50148972 0
2 505 rs10929492 5426351 1 0.00132534013007815 5426351 5426351 0
2 11885 rs13016342 133540605 1 -0.00132464153049834 133540605 133540605 0
2 12372 rs7563139 138324663 1 -0.00132273486920343 138324663 138324663 0
2 6546 rs4671408 61888702 1 0.00131765448002585 61888702 61888702 0
2 4293 rs13385655 42767195 1 -0.00131089635952274 42767195 42767195 0
2 18221 rs6435354 207701151 1 0.00130620915996318 207701151 207701151 0
2 15267 rs560887 169763148 1 0.00130549633889081 169763148 169763148 0
2 15492 rs12465868 172212652 1 0.00130357233694816 172212652 172212652 0
2 20838 rs9646711 235339940 1 -0.00129821563218576 235339940 235339940 0
2 20171 rs16824642 229183017 1 -0.00129525573444671 229183017 229183017 0
2 20324 rs4277512 230992386 1 0.00129058504449666 230992386 230992386 0
2 15032 rs2390487 167660965 2 -0.00128901863936334 167660965 167660965 0
2 6239 rs6730267 58676644 1 -0.00128414381281998 58676644 58676644 0
2 2223 rs11689846 23483850 1 0.0012822733458294 23483850 23483850 0
2 10069 rs17035400 109932096 1 -0.00127904853368905 109932096 109932096 0
2 20120 rs12996329 228501121 1 -0.00127591575511785 228501121 228501121 0
2 18562 rs2371027 211566074 1 -0.00126972128343646 211566074 211566074 0
2 17428 rs13019481 197908675 2 -0.00126659613762851 197908675 197908675 0
2 16248 rs12693185 180173172 1 0.00126153487754622 180173172 180173172 0
2 7639 rs6546886 74245777 1 -0.00125575287273266 74245777 74245777 0
2 8647 rs2178103 84906723 1 -0.00125152162270732 84906723 84906723 0
2 20250 rs4972886 229964444 1 -0.00124392889280198 229964444 229964444 0
2 10385 rs2900745 114563960 1 0.00124288628944029 114563960 114563960 0
2 8731 rs908307 85673991 1 -0.00124214857332563 85673991 85673991 0
2 4388 rs6716620 43634922 1 -0.00123881302049743 43634922 43634922 0
2 6650 rs10200259 64509799 1 -0.00123734188802926 64509799 64509799 0
2 16538 rs12621807 182856074 1 -0.00123217041106158 182856074 182856074 0
2 11132 rs1554808 123656927 1 -0.00123030587198375 123656927 123656927 0
2 21017 rs2720100 237590339 1 -0.00122996263585298 237590339 237590339 0
2 9409 rs11465732 103067823 1 0.00122529517594742 103067823 103067823 0
2 15764 rs1010028 175418960 1 -0.00121949845843421 175418960 175418960 0
2 17105 rs2286896 191535576 1 0.00121775254982638 191535576 191535576 0
2 4756 rs1376405 46768543 1 -0.00121583411167046 46768543 46768543 0
2 19925 rs2037286 226835324 2 -0.00121258779180778 226835324 226835324 0
2 11155 rs1395931 123818973 1 -0.00120830180854598 123818973 123818973 0
2 16537 rs11685642 182855636 1 -0.00120450336752406 182855636 182855636 0
2 12169 rs7422711 135414882 1 0.00120089389826886 135414882 135414882 0
2 14845 rs687415 166303598 2 0.00120030395322005 166303598 166303598 0
2 11428 rs360385 127120893 1 -0.00119989802684938 127120893 127120893 0
2 4373 rs4372955 43566146 1 0.00119590260119222 43566146 43566146 0
2 8965 rs9308891 98023948 1 -0.00119100036297478 98023948 98023948 0
2 996 rs13425611 11056828 1 -0.00118395065361128 11056828 11056828 0
2 799 rs16866696 8523155 1 0.00118271655898482 8523155 8523155 0
2 6712 rs2302647 65283174 1 -0.00117987361061824 65283174 65283174 0
2 5449 rs7608332 52024350 1 0.00117671123201273 52024350 52024350 0
2 3401 rs7580957 35634511 1 0.0011766542113702 35634511 35634511 0
2 5188 rs1895130 50259939 1 0.00117297482152454 50259939 50259939 0
2 2070 rs693 21232195 2 -0.00117020527558599 21232195 21232195 0
2 6626 rs6730863 63939417 1 -0.00116642412154727 63939417 63939417 0
2 6538 rs778139 61684564 1 -0.00116222103086131 61684564 61684564 0
2 17020 rs6717231 189896170 1 0.00115988851272826 189896170 189896170 0
2 12003 rs3886664 134519368 1 -0.00115939170948535 134519368 134519368 0
2 14004 rs6706444 154966476 1 0.00115317365381045 154966476 154966476 0
2 19042 rs207844 217105695 2 -0.00114295437388388 217105695 217105695 0
2 9616 rs2241797 105885961 1 0.0011421207993943 105885961 105885961 0
2 16688 rs1439773 184737282 1 -0.00114207592630298 184737282 184737282 0
2 15546 rs11676484 172856874 1 -0.00113982781610423 172856874 172856874 0
2 14647 rs7424428 164409218 1 -0.00113784457394117 164409218 164409218 0
2 19226 rs934036 218869388 1 0.00112992040017111 218869388 218869388 0
2 2561 rs13030973 27928797 1 -0.00112891085000808 27928797 27928797 0
2 13096 rs4563167 145334304 1 0.00112372228973611 145334304 145334304 0
2 4721 rs13027413 46479838 1 0.00112341481258846 46479838 46479838 0
2 2516 rs7601452 27439354 1 -0.00112287808189275 27439354 27439354 0
2 15208 rs7584694 169087090 2 0.00111990708028319 169087090 169087090 0
2 11888 rs61995744 133542574 1 -0.00111875888457904 133542574 133542574 0
2 12232 rs7579669 137303302 1 0.0011138683365893 137303302 137303302 0
2 12193 rs4398317 136984041 2 -0.00111066994502369 136984041 136984041 0
2 10950 rs1437421 120975831 1 0.00110547567626533 120975831 120975831 0
2 1582 rs13020891 17451733 1 0.00110294422390426 17451733 17451733 0
2 18856 rs9283527 214848645 1 0.00109786758704703 214848645 214848645 0
2 7673 rs6740974 74996512 1 -0.00109447037820414 74996512 74996512 0
2 2967 rs2303323 31189304 1 0.00109413735195051 31189304 31189304 0
2 16014 rs3770019 178544417 1 0.00109093220827255 178544417 178544417 0
2 4351 rs4953715 43270895 2 -0.00108909855562928 43270895 43270895 0
2 15847 rs11896469 176680246 2 0.00108761317694165 176680246 176680246 0
2 3183 rs6717058 33847659 2 -0.00108553355633907 33847659 33847659 0
2 3147 rs6739506 33506363 1 -0.00108319188633231 33506363 33506363 0
2 10330 rs2241975 113984503 1 0.00108239076112774 113984503 113984503 0
2 13081 rs16823583 144969618 2 -0.00108132478594287 144969618 144969618 0
2 9071 rs4850915 100462110 2 -0.00108069402492446 100462110 100462110 0
2 7191 rs11677065 69013007 1 -0.00107566128951916 69013007 69013007 0
2 9684 rs17196637 106225295 1 -0.00107226486513541 106225295 106225295 0
2 1203 rs7568997 13257628 1 0.00106739044347332 13257628 13257628 0
2 6511 rs2564114 61230647 1 0.00106120169404545 61230647 61230647 0
2 15 rs381726 151464 1 -0.00105970287332403 151464 151464 0
2 3073 rs10084280 32297984 1 0.00105439688472183 32297984 32297984 0
2 20550 rs2139026 233264910 1 0.0010527321288387 233264910 233264910 0
2 8963 rs12989766 98019683 2 0.00105199749214903 98019683 98019683 0
2 17046 rs16831887 190571776 1 -0.00105147779094035 190571776 190571776 0
2 21309 rs7570018 240502117 1 0.00104371344341676 240502117 240502117 0
2 526 rs7561204 5636444 1 -0.00104285251903818 5636444 5636444 0
2 3697 rs10192261 37694090 1 0.00104154431528731 37694090 37694090 0
2 3199 rs17338665 33947012 1 0.00103814604004687 33947012 33947012 0
2 6397 rs4672333 60191297 2 -0.00103470997273932 60191297 60191297 0
2 6936 rs10179160 67291715 1 -0.0010325328183818 67291715 67291715 0
2 6456 rs1896294 60719074 1 -0.00103085142002549 60719074 60719074 0
2 11009 rs2250092 121992921 1 0.00103036041030592 121992921 121992921 0
2 10180 rs13016620 111975491 1 -0.00102657346731534 111975491 111975491 0
2 20404 rs699660 231384786 1 0.00102186720449224 231384786 231384786 0
2 807 rs7609270 8700207 1 -0.00102110125396532 8700207 8700207 0
2 955 rs12613865 10682449 1 -0.0010170780543605 10682449 10682449 0
2 18783 rs4450544 213756968 1 0.00101191408455239 213756968 213756968 0
2 929 rs887958 10394082 2 -0.00100380091363466 10394082 10394082 0
2 19118 rs6735174 217900280 2 0.00100283170895701 217900280 217900280 0
2 11712 rs4662910 130060598 1 -9.998280586654142e-4 130060598 130060598 0
2 4875 rs7588761 48150587 1 9.94166877259374e-4 48150587 48150587 0
2 20648 rs2741035 234555809 1 9.922813214693815e-4 234555809 234555809 0
2 12493 rs10199685 139903008 1 -9.920144818394996e-4 139903008 139903008 0
2 9474 rs6735786 103770238 1 9.90010776150559e-4 103770238 103770238 0
2 13978 rs7563451 154811351 1 -9.8992061156395e-4 154811351 154811351 0
2 12900 rs7597320 142776441 1 9.869461826982173e-4 142776441 142776441 0
2 3162 rs604394 33657837 1 9.860393115198264e-4 33657837 33657837 0
2 7157 rs11902811 68729992 1 -9.853120616725305e-4 68729992 68729992 0
2 2560 rs13023094 27910706 1 -9.85250867236153e-4 27910706 27910706 0
2 13208 rs2381911 147024137 1 9.826815225960474e-4 147024137 147024137 0
2 11445 rs13431384 127310661 1 -9.808442355340229e-4 127310661 127310661 0
2 11993 rs1992784 134491266 2 -9.78900788440756e-4 134491266 134491266 0
2 10006 rs6747243 109170054 1 -9.733300689568628e-4 109170054 109170054 0
2 12184 rs7575493 136420009 2 9.668079795792656e-4 136420009 136420009 0
2 9099 rs13397337 100883460 1 9.646776040968272e-4 100883460 100883460 0
2 16256 rs1022360 180272486 1 9.646656021534067e-4 180272486 180272486 0
2 13235 rs2034526 147804074 1 9.644437132858596e-4 147804074 147804074 0
2 11829 rs4314035 131731464 1 9.622801069001372e-4 131731464 131731464 0
2 11041 rs4848730 122616990 1 9.598347072115244e-4 122616990 122616990 0
2 6802 rs6719655 66089359 1 -9.586397038103836e-4 66089359 66089359 0
2 15268 rs13419326 169771420 1 -9.572864386399228e-4 169771420 169771420 0
2 19245 rs4552182 219184872 1 -9.56385876928079e-4 219184872 219184872 0
2 4563 rs343938 44948308 1 -9.56010648706883e-4 44948308 44948308 0
2 2963 rs6744118 31180362 1 -9.560044768710576e-4 31180362 31180362 0
2 11851 rs11689323 133225803 1 -9.539016482479153e-4 133225803 133225803 0
2 13669 rs6433575 152567908 1 9.379767655389946e-4 152567908 152567908 0
2 20845 rs11685523 235464046 1 9.37948553112924e-4 235464046 235464046 0
2 19516 rs1432251 222172363 2 -9.360878976864012e-4 222172363 222172363 0
2 17927 rs13030124 204694263 1 9.344440300566456e-4 204694263 204694263 0
2 18245 rs13420911 207820276 1 -9.335540061304554e-4 207820276 207820276 0
2 14352 rs174240 160164716 1 9.332257448482638e-4 160164716 160164716 0
2 9466 rs11123950 103539431 1 -9.33119474865122e-4 103539431 103539431 0
2 17090 rs4597559 191321797 1 -9.311986500973308e-4 191321797 191321797 0
2 17925 rs7599230 204648661 1 9.31089714771706e-4 204648661 204648661 0
2 19129 rs1015294 218056890 1 -9.302923386945492e-4 218056890 218056890 0
2 14894 rs13400882 166688858 1 -9.297992931178032e-4 166688858 166688858 0
2 19497 rs1025586 221920025 1 -9.293298361604412e-4 221920025 221920025 0
2 16487 rs4233796 182088349 1 9.278280038076024e-4 182088349 182088349 0
2 11173 rs7599315 123956524 1 -9.274815857347388e-4 123956524 123956524 0
2 18223 rs7581388 207711974 1 -9.272689512187234e-4 207711974 207711974 0
2 4478 rs10084473 44232411 1 -9.270284141669328e-4 44232411 44232411 0
2 13419 rs1990649 150196099 1 9.26069152688782e-4 150196099 150196099 0
2 5734 rs2542585 54013544 1 -9.256832615480434e-4 54013544 54013544 0
2 9945 rs3806536 108602755 1 -9.242477303320112e-4 108602755 108602755 0
2 6470 rs881952 60888202 2 -9.180504850040712e-4 60888202 60888202 0
2 14654 rs4667702 164630062 1 9.088261682868528e-4 164630062 164630062 0
2 6643 rs7604693 64349202 1 9.088214548668588e-4 64349202 64349202 0
2 18542 rs918233 211376416 1 9.072905933480368e-4 211376416 211376416 0
2 4877 rs4583515 48177487 1 -9.066839097890996e-4 48177487 48177487 0
2 755 rs6708659 7924833 1 9.039978829452596e-4 7924833 7924833 0
2 11713 rs837868 130082114 1 9.038330737348836e-4 130082114 130082114 0
2 5730 rs17045199 53993487 1 -8.978561690083774e-4 53993487 53993487 0
2 2184 rs3738876 23102550 1 8.958018116029468e-4 23102550 23102550 0
2 2442 rs72851588 26532443 1 -8.9257693021246e-4 26532443 26532443 0
2 19737 rs861442 224902897 1 -8.919224948662211e-4 224902897 224902897 0
2 15217 rs2123194 169204903 1 8.910669975848573e-4 169204903 169204903 0
2 11277 rs6758687 125067269 1 8.906303974099361e-4 125067269 125067269 0
2 14375 rs2193923 160298123 2 -8.898925239093575e-4 160298123 160298123 0
2 4644 rs3821063 45784416 1 -8.889225436185519e-4 45784416 45784416 0
2 3283 rs4670072 34355651 1 -8.872665364541285e-4 34355651 34355651 0
2 10189 rs7593992 112395534 2 8.836730576769674e-4 112395534 112395534 0
2 17490 rs10497809 198825668 1 -8.813499194033752e-4 198825668 198825668 0
2 5317 rs11884918 51093536 1 8.81233281457021e-4 51093536 51093536 0
2 11909 rs16843961 133700371 2 8.811712668493131e-4 133700371 133700371 0
2 131 rs9678469 1427107 1 8.794728045191859e-4 1427107 1427107 0
2 18636 rs10427172 212228438 1 -8.740626232184226e-4 212228438 212228438 0
2 20605 rs11673739 234072738 1 -8.738539960107848e-4 234072738 234072738 0
2 18284 rs918193 208150499 2 8.722280148255428e-4 208150499 208150499 0
2 3645 rs11124542 36994439 1 -8.697771959219825e-4 36994439 36994439 0
2 11053 rs1079949 122955771 1 8.657714280645796e-4 122955771 122955771 0
2 3519 rs4670527 36304629 2 8.621123005905373e-4 36304629 36304629 0
2 10375 rs6708711 114524517 1 -8.616292518395524e-4 114524517 114524517 0
2 10915 rs6711445 120096939 1 -8.610615768944556e-4 120096939 120096939 0
2 7911 rs1997448 76726686 2 -8.582196839952191e-4 76726686 76726686 0
2 13903 rs13387164 154144551 1 8.53391064161056e-4 154144551 154144551 0
2 17924 rs4673268 204639764 2 -8.525396399170048e-4 204639764 204639764 0
2 7469 rs11691076 71589618 1 -8.521161446239992e-4 71589618 71589618 0
2 9522 rs1550533 104515963 1 8.515593095358605e-4 104515963 104515963 0
2 4288 rs1390610 42717015 1 8.457446502547758e-4 42717015 42717015 0
2 7903 rs1921247 76712789 2 8.431940132945935e-4 76712789 76712789 0
2 16070 rs438027 179034697 1 8.422808929816337e-4 179034697 179034697 0
2 4649 rs483404 45929628 1 8.410026920079578e-4 45929628 45929628 0
2 12638 rs34488772 141242918 1 8.379732970919854e-4 141242918 141242918 0
2 700 rs6431844 7197780 1 -8.366278852490104e-4 7197780 7197780 0
2 15741 rs6749799 175022675 1 -8.322534916335705e-4 175022675 175022675 0
2 10927 rs935393 120165808 1 8.248428766049452e-4 120165808 120165808 0
2 6517 rs10207939 61253415 1 8.248244776847063e-4 61253415 61253415 0
2 10963 rs10198258 121202941 2 -8.239621115626636e-4 121202941 121202941 0
2 18110 rs10932118 206446775 1 8.237596857200215e-4 206446775 206446775 0
2 6510 rs10181042 61224259 2 -8.229577271287934e-4 61224259 61224259 0
2 8153 rs283832 79237089 1 -8.225840582244289e-4 79237089 79237089 0
2 9325 rs2310175 102670809 1 8.220419465766909e-4 102670809 102670809 0
2 8301 rs4852549 80280680 1 -8.158222829218519e-4 80280680 80280680 0
2 20998 rs2046284 237238496 1 8.13813837850905e-4 237238496 237238496 0
2 4112 rs12988568 41226427 1 8.13025114036505e-4 41226427 41226427 0
2 17190 rs4241279 192609666 1 -8.117500007465371e-4 192609666 192609666 0
2 8718 rs7564372 85590286 1 8.105223216015905e-4 85590286 85590286 0
2 17946 rs10932037 204825346 1 -8.09090225128562e-4 204825346 204825346 0
2 20042 rs4263106 228092899 1 -8.075473753509898e-4 228092899 228092899 0
2 12196 rs4440020 136990327 1 8.048160299088424e-4 136990327 136990327 0
2 14365 rs10489999 160242588 1 -7.982210850573811e-4 160242588 160242588 0
2 12365 rs10496773 138289249 1 -7.955186029305064e-4 138289249 138289249 0
2 14370 rs3821298 160286519 1 -7.946040852813555e-4 160286519 160286519 0
2 114 rs4998208 1143477 1 -7.944872766615371e-4 1143477 1143477 0
2 4844 rs815804 47382342 2 7.885907367837303e-4 47382342 47382342 0
2 13747 rs4254462 153219836 1 -7.877300721785965e-4 153219836 153219836 0
2 16590 rs10497603 183336468 1 7.845312569512827e-4 183336468 183336468 0
2 8035 rs10178085 78256829 2 7.816667860176492e-4 78256829 78256829 0
2 14986 rs35344714 167262169 1 7.789965464779337e-4 167262169 167262169 0
2 8175 rs10206626 79319089 1 7.771873087846304e-4 79319089 79319089 0
2 3186 rs13386750 33876667 1 7.751193811783313e-4 33876667 33876667 0
2 21310 rs7606519 240517194 1 -7.706380816473298e-4 240517194 240517194 0
2 10429 rs1346763 115272713 1 7.689686314515255e-4 115272713 115272713 0
2 12192 rs6430600 136836365 1 -7.688222611371939e-4 136836365 136836365 0
2 11807 rs6708453 131089135 2 7.677481787927995e-4 131089135 131089135 0
2 10900 rs6759589 119969831 1 -7.670373281719791e-4 119969831 119969831 0
2 1783 rs4832640 19104143 1 7.656630080922998e-4 19104143 19104143 0
2 15189 rs7562413 168979569 2 -7.65098580273951e-4 168979569 168979569 0
2 19614 rs1347630 223427854 1 7.646569308765723e-4 223427854 223427854 0
2 13250 rs7587849 147938557 1 -7.621615406545153e-4 147938557 147938557 0
2 2620 rs2972050 28671048 1 -7.56312012426064e-4 28671048 28671048 0
2 19912 rs974412 226636274 1 -7.558036151470633e-4 226636274 226636274 0
2 9051 rs12053519 99875018 1 7.555330061901689e-4 99875018 99875018 0
2 1630 rs1812706 17973097 2 -7.506249695098995e-4 17973097 17973097 0
2 15742 rs16862445 175026805 1 -7.492752679483293e-4 175026805 175026805 0
2 852 rs2709586 9517647 1 7.464947894611746e-4 9517647 9517647 0
2 19220 rs6753621 218810908 1 7.461243359535759e-4 218810908 218810908 0
2 1439 rs1345564 15895707 1 -7.373781512040134e-4 15895707 15895707 0
2 2515 rs11126918 27438710 1 -7.357918654136146e-4 27438710 27438710 0
2 20598 rs4973063 233926201 1 7.348247669472082e-4 233926201 233926201 0
2 2307 rs11693860 24369674 1 -7.345169810765264e-4 24369674 24369674 0
2 3158 rs2305502 33586776 1 -7.342484717968994e-4 33586776 33586776 0
2 4081 rs1558897 40815238 1 -7.3400228830911e-4 40815238 40815238 0
2 6303 rs4672279 59444675 1 7.302295721526014e-4 59444675 59444675 0
2 20229 rs800736 229729917 1 -7.293348899664246e-4 229729917 229729917 0
2 6039 rs2111469 56376308 1 -7.286611385779226e-4 56376308 56376308 0
2 13962 rs10221630 154731055 2 7.28507222240579e-4 154731055 154731055 0
2 11854 rs12478654 133299230 1 -7.284424430841032e-4 133299230 133299230 0
2 17611 rs17445200 200699952 1 7.256140556509405e-4 200699952 200699952 0
2 1641 rs10184119 18082049 1 7.254890724296547e-4 18082049 18082049 0
2 3314 rs10865103 34790535 1 7.242320905409111e-4 34790535 34790535 0
2 6667 rs1365475 64559621 1 7.233018648159117e-4 64559621 64559621 0
2 9537 rs2376158 104954640 1 7.223240296246496e-4 104954640 104954640 0
2 3160 rs642472 33614187 1 7.211068075417901e-4 33614187 33614187 0
2 11928 rs6735119 133929269 1 -7.190740949107178e-4 133929269 133929269 0
2 4860 rs4422207 47564034 1 7.165008181335509e-4 47564034 47564034 0
2 4425 rs7592384 43926465 2 -7.130342340780824e-4 43926465 43926465 0
2 418 rs17019005 4351869 1 7.111260553953042e-4 4351869 4351869 0
2 10698 rs10211133 118496598 1 7.103855225737854e-4 118496598 118496598 0
2 6895 rs10201517 66953286 1 7.075497001787772e-4 66953286 66953286 0
2 13448 rs4667407 150557846 1 7.069062152415152e-4 150557846 150557846 0
2 395 rs2034732 3882061 1 -7.060177446907708e-4 3882061 3882061 0
2 2047 rs7569328 21100778 1 7.057435859587414e-4 21100778 21100778 0
2 358 rs9752321 3494374 2 -7.04591276587619e-4 3494374 3494374 0
2 11907 rs971414 133682085 1 -7.014283049223823e-4 133682085 133682085 0
2 14940 rs487374 166940925 1 -6.985259682518145e-4 166940925 166940925 0
2 14194 rs1947726 157620767 1 -6.983869413928754e-4 157620767 157620767 0
2 10422 rs1430090 115210642 2 -6.978280827260741e-4 115210642 115210642 0
2 11222 rs1439131 124785753 1 -6.921117615832468e-4 124785753 124785753 0
2 10505 rs4849390 116029766 1 6.919997941926357e-4 116029766 116029766 0
2 136 rs1514682 1441305 1 6.91287251549543e-4 1441305 1441305 0
2 18027 rs4429453 205759917 1 6.910337951682152e-4 205759917 205759917 0
2 16351 rs16867120 180826451 1 6.902042493785894e-4 180826451 180826451 0
2 8401 rs4349373 81471682 1 6.875990231958236e-4 81471682 81471682 0
2 13233 rs6759721 147787283 1 -6.839770336096451e-4 147787283 147787283 0
2 2632 rs7589034 28760914 1 6.838351926646095e-4 28760914 28760914 0
2 18338 rs4234085 208938866 1 -6.836479707600324e-4 208938866 208938866 0
2 14428 rs2666986 160742771 1 -6.82058101711309e-4 160742771 160742771 0
2 1745 rs11889898 18778577 1 -6.753685229288157e-4 18778577 18778577 0
2 9002 rs7598069 98761391 1 -6.747192727748758e-4 98761391 98761391 0
2 980 rs1198849 10908893 1 -6.743208066029586e-4 10908893 10908893 0
2 21052 rs1435846 237848512 1 6.731932715291304e-4 237848512 237848512 0
2 14277 rs2193700 159266933 1 6.720071388356137e-4 159266933 159266933 0
2 19580 rs10932941 222986114 1 6.715347042369456e-4 222986114 222986114 0
2 20221 rs12328421 229601195 1 -6.696318110745559e-4 229601195 229601195 0
2 3193 rs2367955 33939941 1 -6.678243413280122e-4 33939941 33939941 0
2 10514 rs2421100 116130709 1 6.676967617597659e-4 116130709 116130709 0
2 10775 rs6542449 119090434 1 6.648151710805814e-4 119090434 119090434 0
2 12640 rs10496845 141288260 1 6.648007378954462e-4 141288260 141288260 0
2 1992 rs11692531 20372414 1 6.636536596532152e-4 20372414 20372414 0
2 13638 rs3815851 152336428 2 6.63391600467413e-4 152336428 152336428 0
2 14319 rs967381 159623246 1 6.626746837435467e-4 159623246 159623246 0
2 7974 rs12151596 77581832 1 6.608339325334887e-4 77581832 77581832 0
2 1489 rs340778 16509408 1 -6.602179284703223e-4 16509408 16509408 0
2 6117 rs1424627 57396264 1 6.586364711045634e-4 57396264 57396264 0
2 5809 rs3106204 54863352 1 -6.57472275288384e-4 54863352 54863352 0
2 3807 rs10490623 38408537 1 6.568555727601016e-4 38408537 38408537 0
2 17841 rs4675261 202990187 1 -6.557853089079592e-4 202990187 202990187 0
2 14445 rs6740901 160893796 1 6.542160025848759e-4 160893796 160893796 0
2 7736 rs6713572 75768077 1 6.526727056032514e-4 75768077 75768077 0
2 11871 rs13025233 133484851 1 6.523310613623866e-4 133484851 133484851 0
2 14670 rs16849207 164894431 1 -6.518621465920297e-4 164894431 164894431 0
2 13379 rs73966644 149673834 1 -6.481784889141317e-4 149673834 149673834 0
2 12051 rs13391735 134693757 1 -6.473255169004248e-4 134693757 134693757 0
2 9178 rs4851384 101561638 1 -6.4411958423914e-4 101561638 101561638 0
2 21358 rs11686460 240851523 1 -6.43279812395599e-4 240851523 240851523 0
2 19362 rs4142173 220752532 1 -6.401537679944592e-4 220752532 220752532 0
2 3274 rs1425021 34313003 1 6.396377160085691e-4 34313003 34313003 0
2 1704 rs1356317 18444258 1 6.388972313331384e-4 18444258 18444258 0
2 12255 rs2361173 137480048 1 -6.382919379802421e-4 137480048 137480048 0
2 15188 rs1816977 168975787 1 6.382883902927276e-4 168975787 168975787 0
2 18522 rs2048277 211151774 1 -6.373191998601187e-4 211151774 211151774 0
2 1627 rs17315702 17963171 1 -6.37235217031319e-4 17963171 17963171 0
2 118 rs4467306 1154664 1 6.368260351710628e-4 1154664 1154664 0
2 1388 rs1996540 15076201 1 6.361768626289503e-4 15076201 15076201 0
2 13147 rs13398905 145983262 1 6.359835708952164e-4 145983262 145983262 0
2 20034 rs11694554 228085517 1 -6.342776908514699e-4 228085517 228085517 0
2 14128 rs13393746 156730180 1 -6.335874268554287e-4 156730180 156730180 0
2 108 rs4971439 1092195 1 6.333420474340329e-4 1092195 1092195 0
2 12055 rs873971 134714647 1 6.327965214217529e-4 134714647 134714647 0
2 13968 rs6720771 154753536 1 -6.313715074650151e-4 154753536 154753536 0
2 12589 rs1997418 140719147 1 -6.308378708428776e-4 140719147 140719147 0
2 19619 rs4674677 223529658 1 6.30501195992475e-4 223529658 223529658 0
2 21433 rs2352852 241338785 1 -6.298582497428889e-4 241338785 241338785 0
2 2953 rs2194452 31093502 1 -6.288075436932259e-4 31093502 31093502 0
2 12134 rs2289468 135199564 1 6.278155335293684e-4 135199564 135199564 0
2 8580 rs2218792 84001716 1 6.273166233986062e-4 84001716 84001716 0
2 14682 rs12988898 164980577 1 6.222474692826497e-4 164980577 164980577 0
2 11630 rs11683275 129274601 1 -6.212799328271937e-4 129274601 129274601 0
2 15276 rs486981 169782149 1 6.207133078458594e-4 169782149 169782149 0
2 3551 rs2552044 36495409 1 -6.166271126388639e-4 36495409 36495409 0
2 16902 rs11675507 188594997 1 -6.160438422187187e-4 188594997 188594997 0
2 2066 rs1042034 21225281 1 6.158679920872318e-4 21225281 21225281 0
2 8595 rs4832367 84228877 1 6.153227837250674e-4 84228877 84228877 0
2 332 rs2602762 3243694 1 -6.148448728899587e-4 3243694 3243694 0
2 19632 rs959327 223610799 2 -6.137971946633378e-4 223610799 223610799 0
2 4557 rs6752168 44810215 1 -6.129173020520682e-4 44810215 44810215 0
2 1129 rs1453487 12366781 1 -6.126855324148219e-4 12366781 12366781 0
2 7417 rs17006471 71068623 1 6.116462177481225e-4 71068623 71068623 0
2 1043 rs12470971 11725241 1 -6.11251726338565e-4 11725241 11725241 0
2 15192 rs3769394 169005378 1 6.110187347666014e-4 169005378 169005378 0
2 16486 rs1018326 182007800 1 6.103242776665011e-4 182007800 182007800 0
2 3174 rs6742257 33790330 1 6.100284587881302e-4 33790330 33790330 0
2 7659 rs3771726 74501944 2 -6.085244882876667e-4 74501944 74501944 0
2 14003 rs7592121 154954887 1 6.065429486842482e-4 154954887 154954887 0
2 2396 rs13428812 25492467 1 -6.049657175487127e-4 25492467 25492467 0
2 16321 rs1515281 180521334 1 -6.046044569498895e-4 180521334 180521334 0
2 10529 rs1070872 116212878 1 -6.032010806770116e-4 116212878 116212878 0
2 4120 rs13411627 41327766 1 6.012406501844029e-4 41327766 41327766 0
2 11107 rs17007761 123225623 1 -6.008524647215052e-4 123225623 123225623 0
2 21148 rs4663795 238733016 1 6.000989332947911e-4 238733016 238733016 0
2 12872 rs10183908 142532418 1 -5.965199870187642e-4 142532418 142532418 0
2 20772 rs17869077 234925758 1 5.951092368110592e-4 234925758 234925758 0
2 309 rs1624522 2978747 1 -5.948761716561421e-4 2978747 2978747 0
2 4215 rs17028820 42057211 1 5.944014047908881e-4 42057211 42057211 0
2 7019 rs6546315 67800520 2 5.933220295233567e-4 67800520 67800520 0
2 14002 rs10185861 154944704 1 -5.919212408011536e-4 154944704 154944704 0
2 9569 rs1517862 105300588 1 5.914833387684782e-4 105300588 105300588 0
2 9866 rs4676099 107640555 1 -5.893795189786594e-4 107640555 107640555 0
2 17248 rs1376696 195205040 1 5.881979389316041e-4 195205040 195205040 0
2 4981 rs6545082 49153675 2 -5.881468510127984e-4 49153675 49153675 0
2 6370 rs4671356 60034937 1 -5.876670783264126e-4 60034937 60034937 0
2 6830 rs1484483 66232736 2 -5.844097010092073e-4 66232736 66232736 0
2 15314 rs1862069 169933741 2 5.83639141121505e-4 169933741 169933741 0
2 12070 rs4954106 134840155 1 -5.832207534075812e-4 134840155 134840155 0
2 5781 rs11890390 54485682 1 5.820016005978251e-4 54485682 54485682 0
2 20295 rs7584721 230401082 1 5.815086629666929e-4 230401082 230401082 0
2 14739 rs1509103 165677808 1 -5.813604352803089e-4 165677808 165677808 0
2 12769 rs373757 142012301 1 -5.812638270559212e-4 142012301 142012301 0
2 3450 rs10170933 35947071 2 -5.778045985872452e-4 35947071 35947071 0
2 21507 rs2302050 242062162 1 -5.761266592717011e-4 242062162 242062162 0
2 7364 rs10489986 70808147 1 -5.736485760128448e-4 70808147 70808147 0
2 19388 rs12694510 220999979 1 -5.728048908870788e-4 220999979 220999979 0
2 14439 rs1039931 160870601 1 -5.721211041410225e-4 160870601 160870601 0
2 16527 rs2950650 182565643 1 5.720607960839355e-4 182565643 182565643 0
2 20602 rs7608422 233950732 2 5.699301835724909e-4 233950732 233950732 0
2 15951 rs2588888 178048763 2 -5.690070415645333e-4 178048763 178048763 0
2 13714 rs10190546 152934475 1 -5.686179326897375e-4 152934475 152934475 0
2 3085 rs61754241 32819010 1 5.675855240660489e-4 32819010 32819010 0
2 20883 rs7602550 235673539 1 -5.658872047133468e-4 235673539 235673539 0
2 18610 rs16845473 212047120 1 -5.641862483537154e-4 212047120 212047120 0
2 18574 rs10490327 211619881 1 -5.639729167211073e-4 211619881 211619881 0
2 16608 rs7563329 183430921 1 5.623257450108316e-4 183430921 183430921 0
2 16236 rs340348 179932785 1 -5.615939644678024e-4 179932785 179932785 0
2 15476 rs1045327 171849612 1 5.60954163274393e-4 171849612 171849612 0
2 18883 rs11887857 215052524 2 -5.59987757508086e-4 215052524 215052524 0
2 8974 rs6745653 98289997 1 -5.596875039160879e-4 98289997 98289997 0
2 3479 rs17017733 36104351 1 -5.58082842247807e-4 36104351 36104351 0
2 361 rs10186193 3597974 1 -5.566982342892102e-4 3597974 3597974 0
2 17412 rs6434862 197470002 1 -5.555842355516657e-4 197470002 197470002 0
2 11822 rs61750360 131688783 1 5.539954813480857e-4 131688783 131688783 0
2 19730 rs10191694 224857266 1 5.532476556197304e-4 224857266 224857266 0
2 100 rs8179874 1037731 1 -5.519989528243882e-4 1037731 1037731 0
2 1067 rs1036668 12132638 1 -5.512620634515348e-4 12132638 12132638 0
2 8157 rs393149 79244207 1 5.50924051651508e-4 79244207 79244207 0
2 7309 rs6731423 70173327 1 5.505290379159798e-4 70173327 70173327 0
2 21504 rs3796093 242039198 1 -5.500454903387285e-4 242039198 242039198 0
2 15477 rs2676131 171907571 1 -5.477267371712805e-4 171907571 171907571 0
2 13114 rs1438898 145714354 1 5.470772686845889e-4 145714354 145714354 0
2 2500 rs2278593 27279013 1 5.465457719812233e-4 27279013 27279013 0
2 3875 rs13014787 38915780 1 -5.464340213125799e-4 38915780 38915780 0
2 5707 rs11125513 53854488 1 5.463469788906973e-4 53854488 53854488 0
2 7055 rs17034325 67990407 1 5.460460290951355e-4 67990407 67990407 0
2 7085 rs6704741 68149455 1 5.458464666355191e-4 68149455 68149455 0
2 19682 rs1517641 224227452 2 -5.448489514537568e-4 224227452 224227452 0
2 5533 rs2727865 52633563 1 -5.440994039673621e-4 52633563 52633563 0
2 6505 rs13003464 61186829 1 5.418543477145149e-4 61186829 61186829 0
2 15160 rs10930295 168749667 1 5.418094012509579e-4 168749667 168749667 0
2 13064 rs10803501 144660336 1 5.407132876853849e-4 144660336 144660336 0
2 4810 rs13395498 47204496 1 -5.395991205251073e-4 47204496 47204496 0
2 16694 rs11883645 184820021 1 -5.385883720317162e-4 184820021 184820021 0
2 6767 rs1673459 65810588 1 5.383643570115955e-4 65810588 65810588 0
2 12539 rs7570546 140261700 1 -5.357513541638241e-4 140261700 140261700 0
2 20214 rs6728100 229532295 1 5.35748558238766e-4 229532295 229532295 0
2 10639 rs333852 117973154 1 5.346714201575211e-4 117973154 117973154 0
2 4922 rs13011288 48810067 1 5.345341388633135e-4 48810067 48810067 0
2 11580 rs61748909 128393390 1 5.337518871064212e-4 128393390 128393390 0
2 6733 rs7604944 65546422 1 -5.314224086873738e-4 65546422 65546422 0
2 20287 rs6712266 230272648 2 5.310829131138808e-4 230272648 230272648 0
2 14228 rs13402015 158807915 1 -5.294014531993985e-4 158807915 158807915 0
2 13980 rs6739800 154817783 1 5.284580315830494e-4 154817783 154817783 0
2 11703 rs837899 130024033 1 5.273194548682369e-4 130024033 130024033 0
2 18149 rs116382753 207162033 1 5.267854478270494e-4 207162033 207162033 0
2 21172 rs579861 239348995 1 5.266022505858352e-4 239348995 239348995 0
2 14873 rs1869473 166491207 1 -5.265200849794505e-4 166491207 166491207 0
2 16530 rs10175898 182603382 1 5.264095680578413e-4 182603382 182603382 0
2 7957 rs1348824 77281284 1 -5.262309025449313e-4 77281284 77281284 0
2 7482 rs34999029 71740897 1 5.242240748661674e-4 71740897 71740897 0
2 13221 rs10928302 147372024 1 5.241294646946358e-4 147372024 147372024 0
2 12665 rs288097 141487897 1 -5.2388196766633e-4 141487897 141487897 0
2 7063 rs12104671 68060996 1 -5.216740731306577e-4 68060996 68060996 0
2 20683 rs11568318 234665498 2 5.204565733266396e-4 234665498 234665498 0
2 10191 rs12328538 112411416 2 -5.183902197973907e-4 112411416 112411416 0
2 17985 rs6708542 205256040 2 5.182811047574019e-4 205256040 205256040 0
2 18942 rs17493319 215840414 1 -5.180680925327113e-4 215840414 215840414 0
2 2667 rs7586033 28892960 1 5.179650294496018e-4 28892960 28892960 0
2 20790 rs17865706 234966486 1 -5.170421004863907e-4 234966486 234966486 0
2 899 rs2303920 10126330 2 5.160793622698172e-4 10126330 10126330 0
2 11309 rs13008208 125335411 1 5.151807591316856e-4 125335411 125335411 0
2 17944 rs4675374 204802578 1 -5.142729720268796e-4 204802578 204802578 0
2 420 rs6542706 4409558 1 5.137889200671746e-4 4409558 4409558 0
2 4770 rs2881504 46879069 1 -5.077753984671713e-4 46879069 46879069 0
2 16766 rs17438763 185996258 1 -5.065183929159546e-4 185996258 185996258 0
2 7101 rs1503248 68227555 1 -5.056502317782983e-4 68227555 68227555 0
2 10926 rs12994683 120159868 1 5.043665389354763e-4 120159868 120159868 0
2 11175 rs6744585 123963717 2 5.039604675914294e-4 123963717 123963717 0
2 8294 rs518046 80199239 1 -5.012638804660298e-4 80199239 80199239 0
2 257 rs908355 2554399 1 4.997207240810078e-4 2554399 2554399 0
2 19733 rs7602990 224877511 1 4.985409029444817e-4 224877511 224877511 0
2 13052 rs938815 144371604 1 4.973139621051152e-4 144371604 144371604 0
2 7523 rs6546733 72173427 1 4.972955526616438e-4 72173427 72173427 0
2 17405 rs6728749 197322628 1 4.966700983520444e-4 197322628 197322628 0
2 7983 rs11126614 77722736 1 4.946568875275317e-4 77722736 77722736 0
2 3303 rs11124371 34594367 1 4.940131932478803e-4 34594367 34594367 0
2 6138 rs10211664 57581445 1 4.93368275054816e-4 57581445 57581445 0
2 1846 rs1813617 19590019 1 -4.920211204354798e-4 19590019 19590019 0
2 9524 rs2610681 104534826 1 -4.911928409098721e-4 104534826 104534826 0
2 18247 rs1453169 207824650 1 -4.889337207438788e-4 207824650 207824650 0
2 6113 rs1424648 57370068 1 -4.882271804371352e-4 57370068 57370068 0
2 5812 rs2941591 54908044 1 -4.874937609705726e-4 54908044 54908044 0
2 5210 rs13410042 50388064 1 -4.8608983767801857e-4 50388064 50388064 0
2 17780 rs2098354 202384125 2 4.858384863743752e-4 202384125 202384125 0
2 14628 rs4144827 164114775 2 4.8396059477517743e-4 164114775 164114775 0
2 9986 rs77468019 108926025 1 4.824786707097386e-4 108926025 108926025 0
2 3080 rs10199511 32409007 1 4.820886108570636e-4 32409007 32409007 0
2 13940 rs12479422 154574231 2 -4.795640636257823e-4 154574231 154574231 0
2 14837 rs660326 166281473 1 -4.779246924163377e-4 166281473 166281473 0
2 4208 rs4633963 42012806 1 -4.775850138238756e-4 42012806 42012806 0
2 2712 rs6739684 29247894 1 4.765112915265094e-4 29247894 29247894 0
2 4618 rs6755279 45536858 1 -4.738482672577263e-4 45536858 45536858 0
2 20766 rs6712962 234913033 1 -4.7294916897489225e-4 234913033 234913033 0
2 11387 rs7563464 126425792 1 -4.723418648612973e-4 126425792 126425792 0
2 13051 rs10803495 144352350 1 4.712948011491204e-4 144352350 144352350 0
2 21003 rs1986988 237433532 1 4.70627971370149e-4 237433532 237433532 0
2 14962 rs4303728 167056428 1 4.6861651789183585e-4 167056428 167056428 0
2 317 rs11127390 3079021 1 -4.686131912638105e-4 3079021 3079021 0
2 5830 rs7564091 55017837 1 -4.667277020034908e-4 55017837 55017837 0
2 499 rs9287678 5340675 2 -4.666584417451075e-4 5340675 5340675 0
2 15510 rs7585194 172412616 2 -4.625851783683391e-4 172412616 172412616 0
2 16920 rs12999094 188838592 1 4.605511585152286e-4 188838592 188838592 0
2 19338 rs1477511 220621838 1 4.582413420950571e-4 220621838 220621838 0
2 1742 rs16985296 18763970 1 -4.5789812222675415e-4 18763970 18763970 0
2 8900 rs1258429 88648331 2 4.544550396319276e-4 88648331 88648331 0
2 20000 rs16822696 227675755 1 4.534794897400559e-4 227675755 227675755 0
2 14276 rs10933480 159263645 1 4.533769743104321e-4 159263645 159263645 0
2 3271 rs17339077 34305524 1 -4.525992679026872e-4 34305524 34305524 0
2 15479 rs1035828 171920785 1 4.50132726582539e-4 171920785 171920785 0
2 21157 rs2262425 238984129 1 4.483214563816941e-4 238984129 238984129 0
2 3496 rs10211245 36186184 1 4.445341272395606e-4 36186184 36186184 0
2 6862 rs2971816 66428152 2 -4.427792045658242e-4 66428152 66428152 0
2 13248 rs16827083 147933935 1 -4.424142948715888e-4 147933935 147933935 0
2 5735 rs2542588 54018924 1 4.423151849433287e-4 54018924 54018924 0
2 6115 rs6545625 57393245 1 4.416261024432861e-4 57393245 57393245 0
2 6808 rs11674730 66130003 1 4.407290969072297e-4 66130003 66130003 0
2 11052 rs10169452 122953533 1 -4.3935090805052467e-4 122953533 122953533 0
2 857 rs6705408 9630231 1 -4.391354632232572e-4 9630231 9630231 0
2 2646 rs12993525 28818931 1 4.3828794103538984e-4 28818931 28818931 0
2 20687 rs3771341 234673239 2 4.375297189213038e-4 234673239 234673239 0
2 2791 rs12714277 29586686 1 4.374372777271915e-4 29586686 29586686 0
2 1794 rs72780758 19187143 1 -4.3727674794296543e-4 19187143 19187143 0
2 7743 rs714938 75834937 1 -4.371822303487332e-4 75834937 75834937 0
2 3355 rs11124406 35190105 1 4.3549951409426824e-4 35190105 35190105 0
2 19577 rs4673012 222976013 1 4.347190771699512e-4 222976013 222976013 0
2 20691 rs10209214 234687583 1 4.337446817998949e-4 234687583 234687583 0
2 12661 rs16844450 141426726 1 4.3121195573228544e-4 141426726 141426726 0
2 15462 rs1990606 171500624 1 -4.308266596747275e-4 171500624 171500624 0
2 1455 rs11687741 15952057 1 4.303472574465796e-4 15952057 15952057 0
2 927 rs10929646 10385097 1 -4.302677540040361e-4 10385097 10385097 0
2 3203 rs13387317 33959349 1 4.2918764766085294e-4 33959349 33959349 0
2 19617 rs10194743 223518151 1 4.27786655621423e-4 223518151 223518151 0
2 17842 rs34829484 203001990 1 -4.2711265174305135e-4 203001990 203001990 0
2 7716 rs10174772 75560096 1 -4.2546390184986166e-4 75560096 75560096 0
2 17047 rs79706622 190611188 1 4.246113620937846e-4 190611188 190611188 0
2 19889 rs10200296 226397681 1 -4.245410026678902e-4 226397681 226397681 0
2 4468 rs12712902 44189487 1 4.241353167886373e-4 44189487 44189487 0
2 17384 rs2305566 197172538 1 4.187789954130499e-4 197172538 197172538 0
2 7076 rs17034538 68100458 1 -4.1835774505474094e-4 68100458 68100458 0
2 1404 rs10179288 15310820 1 4.182024521340948e-4 15310820 15310820 0
2 6740 rs934734 65595586 2 4.181567232581755e-4 65595586 65595586 0
2 12946 rs4297822 142994927 1 4.1775511532138375e-4 142994927 142994927 0
2 19136 rs11684828 218122764 1 -4.1727323035617794e-4 218122764 218122764 0
2 14397 rs13307 160659996 1 4.1703543762240355e-4 160659996 160659996 0
2 8854 rs12614973 88394318 1 -4.1601837489001214e-4 88394318 88394318 0
2 8029 rs6719192 78124975 2 -4.1229188270973784e-4 78124975 78124975 0
2 21551 rs13004470 242511083 1 4.121382027660221e-4 242511083 242511083 0
2 6411 rs6545786 60403018 1 -4.119846108086814e-4 60403018 60403018 0
2 7661 rs139920523 74641622 1 -4.119789993498004e-4 74641622 74641622 0
2 783 rs16866666 8438959 1 4.107251271160994e-4 8438959 8438959 0
2 14434 rs1546512 160841307 2 -4.100253686289434e-4 160841307 160841307 0
2 2043 rs722705 20928051 1 -4.100144493937376e-4 20928051 20928051 0
2 3243 rs1559644 34195228 2 -4.09672270780899e-4 34195228 34195228 0
2 2584 rs72812580 28258142 1 -4.0947863255217065e-4 28258142 28258142 0
2 11152 rs13013898 123795919 1 4.0934661357411897e-4 123795919 123795919 0
2 2853 rs10201541 30157544 1 4.061238414145185e-4 30157544 30157544 0
2 4206 rs7599875 42011160 1 4.0607411229525646e-4 42011160 42011160 0
2 7889 rs6547078 76588942 1 -4.0595900067518e-4 76588942 76588942 0
2 10086 rs6748333 110005208 1 -4.051534766276925e-4 110005208 110005208 0
2 11426 rs523147 126992626 1 -4.051449305760322e-4 126992626 126992626 0
2 13047 rs4563166 144272299 1 4.0485804894603e-4 144272299 144272299 0
2 16482 rs3792220 181927195 1 -4.037864567902749e-4 181927195 181927195 0
2 16169 rs72955213 179621503 1 -4.0369787576366114e-4 179621503 179621503 0
2 3114 rs150719 33169809 1 -4.005041810517348e-4 33169809 33169809 0
2 5727 rs10490469 53989984 1 -4.0045553523990744e-4 53989984 53989984 0
2 16929 rs2165150 188879205 1 -3.975109199606189e-4 188879205 188879205 0
2 20686 rs4148324 234672722 1 -3.969057077939322e-4 234672722 234672722 0
2 979 rs1198844 10908159 1 3.963328133098727e-4 10908159 10908159 0
2 19029 rs207922 217031509 1 3.9603248694221544e-4 217031509 217031509 0
2 10594 rs2029580 117181551 1 -3.957101112195598e-4 117181551 117181551 0
2 10075 rs11123741 109941554 1 3.9458533818972447e-4 109941554 109941554 0
2 17367 rs12052865 197049786 1 3.94039434806442e-4 197049786 197049786 0
2 17824 rs1521887 202940859 1 -3.939527452256133e-4 202940859 202940859 0
2 14333 rs264590 159975153 2 3.931114282860888e-4 159975153 159975153 0
2 19519 rs1346800 222180677 1 3.923035105059244e-4 222180677 222180677 0
2 1777 rs11691285 19086380 1 3.920503186916804e-4 19086380 19086380 0
2 372 rs1965732 3709108 1 -3.917251572924407e-4 3709108 3709108 0
2 13153 rs10496978 146090174 1 3.906285141304943e-4 146090174 146090174 0
2 1830 rs1727198 19479000 1 3.898764528976877e-4 19479000 19479000 0
2 3319 rs13404871 34914569 1 3.892421321824827e-4 34914569 34914569 0
2 7707 rs13017967 75461177 1 -3.886905506438599e-4 75461177 75461177 0
2 18028 rs13031723 205763480 1 -3.878677739772939e-4 205763480 205763480 0
2 18706 rs1521636 213117976 1 -3.876510119791656e-4 213117976 213117976 0
2 18980 rs6753702 216312938 1 3.874959080356771e-4 216312938 216312938 0
2 8422 rs10496262 81751124 1 -3.874036071458838e-4 81751124 81751124 0
2 16240 rs3731739 179970037 1 -3.856053826106844e-4 179970037 179970037 0
2 1282 rs6725485 13931667 1 -3.8514112124369665e-4 13931667 13931667 0
2 14195 rs12620493 157622147 1 3.844399554692497e-4 157622147 157622147 0
2 13929 rs1940268 154436735 1 3.839261629103211e-4 154436735 154436735 0
2 17293 rs6755097 196116079 1 -3.8282349260666094e-4 196116079 196116079 0
2 13779 rs10179418 153299943 1 -3.793900050703226e-4 153299943 153299943 0
2 20765 rs7560562 234912215 1 -3.7933201644726815e-4 234912215 234912215 0
2 20121 rs11896579 228501387 1 -3.7876567663958224e-4 228501387 228501387 0
2 849 rs10203328 9459986 1 -3.784155826192292e-4 9459986 9459986 0
2 8784 rs11689401 86167678 1 -3.7715112938822176e-4 86167678 86167678 0
2 1424 rs6431722 15827634 1 -3.759097702497053e-4 15827634 15827634 0
2 17844 rs2049193 203009333 1 3.7573403120414866e-4 203009333 203009333 0
2 19105 rs6714809 217810502 1 3.750238500111853e-4 217810502 217810502 0
2 2732 rs75276619 29295186 2 -3.74667238968295e-4 29295186 29295186 0
2 9855 rs1448120 107496998 1 -3.743574639408472e-4 107496998 107496998 0
2 16769 rs2291274 186061623 1 3.7429068408764406e-4 186061623 186061623 0
2 138 rs7602332 1449966 1 3.732319042811243e-4 1449966 1449966 0
2 3600 rs3770827 36747912 2 -3.727713933857864e-4 36747912 36747912 0
2 20953 rs4663604 236429510 1 3.711182623367262e-4 236429510 236429510 0
2 5333 rs7608611 51193994 1 -3.696661260454406e-4 51193994 51193994 0
2 20588 rs6437079 233839174 1 3.690907978671244e-4 233839174 233839174 0
2 11706 rs4662908 130031647 1 3.68813690081684e-4 130031647 130031647 0
2 19845 rs448375 225929498 1 3.682924566598989e-4 225929498 225929498 0
2 11808 rs6713511 131121149 2 -3.676744851246601e-4 131121149 131121149 0
2 1592 rs6730775 17489489 1 -3.6733521274838856e-4 17489489 17489489 0
2 3728 rs2191841 37865696 1 -3.669405917842917e-4 37865696 37865696 0
2 3567 rs4670552 36619064 1 -3.647935743997511e-4 36619064 36619064 0
2 15354 rs6731329 170278948 1 -3.642877156512462e-4 170278948 170278948 0
2 10854 rs10169004 119642949 1 -3.6248872252972865e-4 119642949 119642949 0
2 6125 rs4271799 57483669 1 3.602487480520206e-4 57483669 57483669 0
2 20918 rs6741321 236080409 1 3.5837648825759515e-4 236080409 236080409 0
2 17949 rs3116536 204834613 1 3.573733290186515e-4 204834613 204834613 0
2 13668 rs11695661 152564350 1 3.5618639122531943e-4 152564350 152564350 0
2 9523 rs1441105 104521151 1 3.561280823729477e-4 104521151 104521151 0
2 4760 rs1451152 46800150 1 3.5569268630282697e-4 46800150 46800150 0
2 3898 rs963731 39216873 1 -3.539319330688676e-4 39216873 39216873 0
2 21388 rs4149540 240958129 1 -3.525297579673139e-4 240958129 240958129 0
2 16434 rs991055 181468010 1 3.5222425796693134e-4 181468010 181468010 0
2 11730 rs921622 130205544 1 3.475505898813347e-4 130205544 130205544 0
2 12532 rs10205939 140211435 1 -3.474096206495094e-4 140211435 140211435 0
2 19622 rs6716022 223547137 1 3.4680265190461997e-4 223547137 223547137 0
2 17852 rs13392645 203134839 1 -3.45333442109787e-4 203134839 203134839 0
2 6699 rs7600672 65080772 2 -3.4460706529074615e-4 65080772 65080772 0
2 13828 rs11692707 153649490 2 3.436280607504328e-4 153649490 153649490 0
2 18058 rs2289025 205969220 1 3.426230803181793e-4 205969220 205969220 0
2 11967 rs16826351 134303747 1 3.418670725005457e-4 134303747 134303747 0
2 6777 rs13397571 65895471 1 3.4151813086321086e-4 65895471 65895471 0
2 1638 rs9306861 18056447 1 3.3964953379457844e-4 18056447 18056447 0
2 1930 rs7604613 19989521 1 3.3761361477799057e-4 19989521 19989521 0
2 20427 rs7609123 231521950 1 -3.3759148431875924e-4 231521950 231521950 0
2 13293 rs1406442 148460828 1 -3.373427833974255e-4 148460828 148460828 0
2 19501 rs12614837 221932506 1 3.369263096345263e-4 221932506 221932506 0
2 8347 rs11126770 80770849 1 3.368145109616705e-4 80770849 80770849 0
2 10023 rs12712027 109507073 1 -3.366780769181261e-4 109507073 109507073 0
2 11289 rs1827596 125256443 1 -3.3537347399664687e-4 125256443 125256443 0
2 14659 rs1821849 164747772 1 3.3498081940777755e-4 164747772 164747772 0
2 20778 rs676546 234933630 2 -3.3452127830526583e-4 234933630 234933630 0
2 1581 rs7585992 17444904 2 -3.329698747640512e-4 17444904 17444904 0
2 12284 rs10496758 137580234 1 3.32226440630529e-4 137580234 137580234 0
2 9376 rs1922288 102888565 1 -3.3120401126976435e-4 102888565 102888565 0
2 7096 rs10496157 68204454 1 -3.308688959524009e-4 68204454 68204454 0
2 12434 rs6747147 138988382 1 -3.3044195789592014e-4 138988382 138988382 0
2 19354 rs12615743 220677869 1 3.3019280646426184e-4 220677869 220677869 0
2 9862 rs17033552 107554490 1 3.298665944873919e-4 107554490 107554490 0
2 156 rs2276704 1499728 1 3.2980827222768317e-4 1499728 1499728 0
2 21272 rs4852032 240110346 1 -3.296821441739375e-4 240110346 240110346 0
2 17247 rs7577996 195198744 1 3.2891879235378066e-4 195198744 195198744 0
2 16926 rs986588 188871436 1 3.266038010796784e-4 188871436 188871436 0
2 6581 rs4470332 62576006 2 3.2568816469681654e-4 62576006 62576006 0
2 2331 rs9677360 24724553 1 -3.2564816925488495e-4 24724553 24724553 0
2 6866 rs975443 66455866 1 -3.2193114755880146e-4 66455866 66455866 0
2 8043 rs2033751 78298989 1 3.217621816891345e-4 78298989 78298989 0
2 18983 rs1437787 216318237 1 -3.216410733580085e-4 216318237 216318237 0
2 17426 rs6735887 197845449 1 3.2090470167576047e-4 197845449 197845449 0
2 8816 rs1863063 86518249 1 -3.205152505286645e-4 86518249 86518249 0
2 3528 rs12614272 36386902 1 3.2042512469280767e-4 36386902 36386902 0
2 1774 rs6531131 19078715 2 3.191640728942601e-4 19078715 19078715 0
2 2317 rs2303293 24432211 1 3.188332074803378e-4 24432211 24432211 0
2 3172 rs7574183 33782911 1 3.175122174640587e-4 33782911 33782911 0
2 4787 rs10167561 46968051 1 -3.161818653216159e-4 46968051 46968051 0
2 20908 rs12692160 236035291 1 -3.147964388536552e-4 236035291 236035291 0
2 4165 rs7603075 41832878 1 -3.141910798767567e-4 41832878 41832878 0
2 18790 rs11893132 213794754 1 -3.132615602633942e-4 213794754 213794754 0
2 6619 rs10164844 63652403 1 3.125672521161375e-4 63652403 63652403 0
2 13945 rs13007548 154582564 1 3.1175384191556017e-4 154582564 154582564 0
2 6130 rs7572947 57521838 1 3.106263180249701e-4 57521838 57521838 0
2 12086 rs12465397 134896723 1 -3.091650171693338e-4 134896723 134896723 0
2 2956 rs4952192 31122598 2 3.090292551004304e-4 31122598 31122598 0
2 10415 rs3115327 114954162 1 3.0869459352219155e-4 114954162 114954162 0
2 20632 rs1046976 234255548 1 3.046203300868013e-4 234255548 234255548 0
2 8783 rs10167259 86165765 1 -2.996535505624232e-4 86165765 86165765 0
2 4247 rs6737623 42291485 1 2.9927378113296833e-4 42291485 42291485 0
2 20119 rs6722305 228498857 1 -2.9897408591421224e-4 228498857 228498857 0
2 6336 rs6750614 59612917 1 -2.985746938547904e-4 59612917 59612917 0
2 3541 rs2552007 36480049 1 2.981746676256885e-4 36480049 36480049 0
2 17343 rs957781 196792574 1 -2.9798083700489686e-4 196792574 196792574 0
2 21037 rs10169105 237805870 1 -2.973932868582898e-4 237805870 237805870 0
2 10906 rs12990907 120007985 1 -2.968453664169094e-4 120007985 120007985 0
2 5782 rs843718 54508110 1 2.9527603044379443e-4 54508110 54508110 0
2 19650 rs1371648 223872815 1 -2.95263965159359e-4 223872815 223872815 0
2 2966 rs2303324 31189236 1 2.9483371618214976e-4 31189236 31189236 0
2 13340 rs10497033 149115432 2 2.9442440408785036e-4 149115432 149115432 0
2 2898 rs1723167 30714648 1 -2.9264224302559836e-4 30714648 30714648 0
2 2778 rs4666195 29520455 1 2.923339138108329e-4 29520455 29520455 0
2 13432 rs1196678 150342476 1 2.913391697462142e-4 150342476 150342476 0
2 4479 rs10084400 44232704 1 -2.9085892585560113e-4 44232704 44232704 0
2 21425 rs4676363 241256535 1 -2.889905370180247e-4 241256535 241256535 0
2 19409 rs10932846 221111295 1 2.887167002769819e-4 221111295 221111295 0
2 3333 rs6756796 35008853 1 2.8808443855075233e-4 35008853 35008853 0
2 9132 rs2942906 101308711 1 -2.871492328396808e-4 101308711 101308711 0
2 9998 rs5008103 109000112 1 2.843161413417094e-4 109000112 109000112 0
2 18580 rs6758081 211655965 1 -2.8431409717117863e-4 211655965 211655965 0
2 8852 rs2919851 88391890 2 2.8381693633929375e-4 88391890 88391890 0
2 18285 rs11674656 208161729 1 -2.8313240109581527e-4 208161729 208161729 0
2 13481 rs12616417 150688553 2 -2.826759919794024e-4 150688553 150688553 0
2 7881 rs6747727 76535474 2 2.8237737995082893e-4 76535474 76535474 0
2 2948 rs17010258 31001405 1 -2.813695506145875e-4 31001405 31001405 0
2 11817 rs7577917 131680121 1 2.799464702842764e-4 131680121 131680121 0
2 7996 rs12613847 77814848 1 -2.7919527896826704e-4 77814848 77814848 0
2 16954 rs7582899 189065718 1 -2.778421242206557e-4 189065718 189065718 0
2 21001 rs4663650 237415521 2 -2.769476093544898e-4 237415521 237415521 0
2 19636 rs9653359 223661303 1 -2.7692133098497815e-4 223661303 223661303 0
2 5788 rs7565034 54646852 1 2.7208405274267743e-4 54646852 54646852 0
2 16179 rs33917087 179634961 1 -2.709894747386952e-4 179634961 179634961 0
2 19197 rs1835335 218636444 1 -2.709248590727216e-4 218636444 218636444 0
2 2926 rs497707 30918773 2 -2.7035853989384827e-4 30918773 30918773 0
2 15421 rs10497352 170955771 2 2.700790585633739e-4 170955771 170955771 0
2 18215 rs888621 207649350 1 -2.695153683000009e-4 207649350 207649350 0
2 611 rs10191492 6380352 2 2.6817840888735875e-4 6380352 6380352 0
2 19846 rs396567 225936588 1 2.6811204524614774e-4 225936588 225936588 0
2 4290 rs13033481 42748348 1 -2.673567950247463e-4 42748348 42748348 0
2 18733 rs17347606 213226977 1 2.670196436849404e-4 213226977 213226977 0
2 17677 rs17531715 201239865 1 -2.6566646137937466e-4 201239865 201239865 0
2 16941 rs12997059 188961699 1 2.655710917452062e-4 188961699 188961699 0
2 8654 rs61750773 84932720 1 -2.643294577997427e-4 84932720 84932720 0
2 11549 rs8179521 128150924 1 2.6397628715664744e-4 128150924 128150924 0
2 10187 rs11123551 112277340 1 2.6393213679381025e-4 112277340 112277340 0
2 898 rs731453 10124656 1 -2.63646315974674e-4 10124656 10124656 0
2 13090 rs17689833 145298323 1 -2.630687879609896e-4 145298323 145298323 0
2 4427 rs4952676 43929983 1 2.6236776374440117e-4 43929983 43929983 0
2 13920 rs13430459 154369594 1 2.623127422249601e-4 154369594 154369594 0
2 12764 rs10496874 142005960 1 -2.618456912903449e-4 142005960 142005960 0
2 13149 rs2381710 146035130 2 -2.6020753039131543e-4 146035130 146035130 0
2 18088 rs1207421 206150594 1 -2.600381239036147e-4 206150594 206150594 0
2 20775 rs17866592 234929686 2 2.595837792169174e-4 234929686 234929686 0
2 2107 rs2217745 21526862 1 -2.593541020333838e-4 21526862 21526862 0
2 16922 rs7579998 188859657 1 2.593326122001421e-4 188859657 188859657 0
2 6574 rs3943540 62381474 1 -2.5856831106869655e-4 62381474 62381474 0
2 8017 rs10175035 78019344 1 -2.5817921414990894e-4 78019344 78019344 0
2 8962 rs10207116 98018281 1 -2.5817257563200645e-4 98018281 98018281 0
2 6167 rs1947668 57863670 1 2.5730409378201143e-4 57863670 57863670 0
2 12034 rs11691129 134594110 1 -2.568342197606507e-4 134594110 134594110 0
2 2141 rs1463982 22688188 1 2.5608157957785697e-4 22688188 22688188 0
2 11799 rs12997287 130665622 1 2.554043029332852e-4 130665622 130665622 0
2 4979 rs10203937 49099508 1 -2.550848689567307e-4 49099508 49099508 0
2 20386 rs7590429 231258150 1 2.529189961771814e-4 231258150 231258150 0
2 8601 rs1597039 84324021 1 2.5166129393902235e-4 84324021 84324021 0
2 8115 rs961331 78969389 1 -2.511141740460422e-4 78969389 78969389 0
2 18129 rs4673340 206806002 1 -2.508490545298005e-4 206806002 206806002 0
2 1416 rs7598652 15434967 1 -2.490102804902382e-4 15434967 15434967 0
2 3335 rs3748926 35012498 1 2.483713080296414e-4 35012498 35012498 0
2 1655 rs13403883 18149931 2 2.4743924592934364e-4 18149931 18149931 0
2 10076 rs891415 109942206 1 2.473243017936704e-4 109942206 109942206 0
2 1184 rs10495605 13037343 2 -2.4716910412801604e-4 13037343 13037343 0
2 6291 rs17049939 59348944 1 2.4324712807115048e-4 59348944 59348944 0
2 2030 rs3732149 20818764 1 -2.4023478896800392e-4 20818764 20818764 0
2 15608 rs2293645 173366960 1 2.3966441851161957e-4 173366960 173366960 0
2 7422 rs6748268 71152850 1 -2.3954361840322668e-4 71152850 71152850 0
2 893 rs2116016 10110666 1 2.3860434486115933e-4 10110666 10110666 0
2 16646 rs3791246 183900752 1 -2.3852144782788816e-4 183900752 183900752 0
2 10721 rs736750 118728335 1 -2.3574936581227625e-4 118728335 118728335 0
2 19586 rs7601880 222995155 1 2.352467905640013e-4 222995155 222995155 0
2 17433 rs4241194 197971732 1 -2.3345827983855177e-4 197971732 197971732 0
2 15849 rs10189097 176684523 1 -2.328311611836722e-4 176684523 176684523 0
2 11705 rs1608575 130028087 1 -2.322918388333766e-4 130028087 130028087 0
2 3275 rs2059442 34324360 1 -2.3205100416973093e-4 34324360 34324360 0
2 5571 rs350779 52944722 1 -2.3000149720665995e-4 52944722 52944722 0
2 15496 rs17221346 172340419 2 2.2929410640754315e-4 172340419 172340419 0
2 8602 rs11126949 84328335 1 -2.2874796407351453e-4 84328335 84328335 0
2 8790 rs929916 86305814 1 2.2865476213893785e-4 86305814 86305814 0
2 8114 rs4853406 78968942 1 -2.2684267701158595e-4 78968942 78968942 0
2 4828 rs2163982 47243312 1 -2.265316094645053e-4 47243312 47243312 0
2 17334 rs7558133 196690146 2 2.258439427959048e-4 196690146 196690146 0
2 15513 rs10490602 172419265 1 -2.25475751990083e-4 172419265 172419265 0
2 6710 rs7563131 65248271 1 2.2491554662705136e-4 65248271 65248271 0
2 18264 rs1377389 207874372 1 -2.2485756653129076e-4 207874372 207874372 0
2 1669 rs6759244 18247962 1 2.2442916185580136e-4 18247962 18247962 0
2 4949 rs4953625 48977778 1 2.2386991827791613e-4 48977778 48977778 0
2 4609 rs870575 45503260 1 -2.23101563610848e-4 45503260 45503260 0
2 7003 rs10170407 67725604 1 2.2153176625150175e-4 67725604 67725604 0
2 18913 rs10932568 215604252 1 -2.210784780105936e-4 215604252 215604252 0
2 6579 rs10195033 62541900 2 2.2011145058511256e-4 62541900 62541900 0
2 16193 rs4894054 179713601 1 2.194187001625892e-4 179713601 179713601 0
2 2393 rs2289093 25466888 1 2.1867478191669467e-4 25466888 25466888 0
2 760 rs798421 7979183 1 2.184466737007639e-4 7979183 7979183 0
2 4796 rs17035808 47095560 1 -2.178516311565154e-4 47095560 47095560 0
2 18415 rs6757684 209383839 1 2.1760019753097547e-4 209383839 209383839 0
2 1701 rs13390392 18404520 1 2.167645555174004e-4 18404520 18404520 0
2 12617 rs1486969 141043913 1 -2.1612136366561005e-4 141043913 141043913 0
2 12209 rs4528821 137114522 1 2.159706036438052e-4 137114522 137114522 0
2 488 rs10181839 5241229 1 -2.1523348105212227e-4 5241229 5241229 0
2 4483 rs4131366 44237787 1 -2.142355988869347e-4 44237787 44237787 0
2 12195 rs6430608 136989136 2 -2.1404820226604904e-4 136989136 136989136 0
2 2424 rs17391976 25894556 1 -2.1315963859282644e-4 25894556 25894556 0
2 8533 rs17022737 83129299 1 2.131500741109003e-4 83129299 83129299 0
2 19505 rs2392820 221953533 1 2.1291199853585197e-4 221953533 221953533 0
2 17857 rs12994463 203221468 1 -2.129113062863859e-4 203221468 203221468 0
2 14879 rs6432838 166511783 1 -2.1213906227143556e-4 166511783 166511783 0
2 20853 rs1526117 235549882 1 -2.1172058916769937e-4 235549882 235549882 0
2 10302 rs921065 113825966 1 2.1142776324653895e-4 113825966 113825966 0
2 1603 rs1519473 17770095 1 -2.108885211321573e-4 17770095 17770095 0
2 11210 rs12624214 124631703 1 -2.107406026473888e-4 124631703 124631703 0
2 7 rs300797 107140 1 -2.0817801579626048e-4 107140 107140 0
2 1932 rs993832 20009261 1 -2.0663766258938952e-4 20009261 20009261 0
2 5030 rs1857706 49277951 1 -2.0268766809320425e-4 49277951 49277951 0
2 3124 rs35340726 33246146 1 -2.0181807944734897e-4 33246146 33246146 0
2 20230 rs7578485 229743009 2 -2.0134097730266696e-4 229743009 229743009 0
2 16707 rs1443033 185277576 2 2.0064202651657887e-4 185277576 185277576 0
2 19663 rs1440072 223936738 1 -2.005966406738953e-4 223936738 223936738 0
2 4595 rs17032979 45300029 1 -2.0049711734776925e-4 45300029 45300029 0
2 12697 rs1864277 141656433 1 1.998371888045451e-4 141656433 141656433 0
2 11736 rs12373608 130222522 1 -1.9982223036482853e-4 130222522 130222522 0
2 1633 rs17315876 17997242 1 1.9944884584263104e-4 17997242 17997242 0
2 288 rs2043544 2761141 1 -1.9904740512564936e-4 2761141 2761141 0
2 21361 rs4505564 240871018 1 -1.9894316640442985e-4 240871018 240871018 0
2 7008 rs6748393 67739603 1 1.981470931204464e-4 67739603 67739603 0
2 12069 rs13410504 134837980 1 1.9595800024493575e-4 134837980 134837980 0
2 6390 rs17050495 60155276 1 1.959373067863007e-4 60155276 60155276 0
2 3077 rs11691939 32339561 1 1.952412785487573e-4 32339561 32339561 0
2 7962 rs1176782 77345491 1 1.950563285656892e-4 77345491 77345491 0
2 18222 rs13003233 207705755 1 1.949011788532076e-4 207705755 207705755 0
2 337 rs12618667 3295986 1 1.934562758690455e-4 3295986 3295986 0
2 13360 rs1448894 149318861 1 -1.934446730113134e-4 149318861 149318861 0
2 12276 rs1427598 137548444 1 1.931145281240819e-4 137548444 137548444 0
2 9471 rs6543194 103598575 1 1.922182318586904e-4 103598575 103598575 0
2 15310 rs6433103 169911189 1 -1.9160465321043735e-4 169911189 169911189 0
2 16711 rs12620876 185383451 1 -1.915586843946012e-4 185383451 185383451 0
2 13833 rs16831816 153684931 1 1.9114287919690153e-4 153684931 153684931 0
2 2269 rs6742202 23716694 1 -1.90988330457585e-4 23716694 23716694 0
2 5328 rs4971709 51171458 1 1.8984229345385195e-4 51171458 51171458 0
2 16864 rs1451556 187714262 1 1.88609862223374e-4 187714262 187714262 0
2 12664 rs6746848 141471725 1 -1.8594140819003655e-4 141471725 141471725 0
2 14129 rs7594921 156752588 1 -1.859274947532064e-4 156752588 156752588 0
2 19540 rs7558703 222374423 1 1.843701999181427e-4 222374423 222374423 0
2 12903 rs12623786 142788546 1 1.834927656844902e-4 142788546 142788546 0
2 12262 rs7560888 137506271 1 -1.8133274629010448e-4 137506271 137506271 0
2 18213 rs2277912 207634236 1 -1.810708888103161e-4 207634236 207634236 0
2 848 rs4627537 9459406 1 -1.8092738312827425e-4 9459406 9459406 0
2 20249 rs2109820 229957003 1 1.8057410633847264e-4 229957003 229957003 0
2 504 rs12479127 5426262 1 1.795398865929555e-4 5426262 5426262 0
2 5268 rs10181522 50640323 1 1.7877844502301165e-4 50640323 50640323 0
2 8721 rs1135604 85615012 1 -1.786991188358372e-4 85615012 85615012 0
2 9129 rs2970984 101293903 1 -1.774979707771336e-4 101293903 101293903 0
2 11180 rs1356669 124088863 1 -1.7731781198683868e-4 124088863 124088863 0
2 3888 rs3923144 39103991 1 -1.7685582995727894e-4 39103991 39103991 0
2 7749 rs17011542 75845613 1 -1.7642748795605715e-4 75845613 75845613 0
2 7896 rs13010366 76688846 1 1.7602549867420345e-4 76688846 76688846 0
2 3477 rs1401775 36098961 1 1.7583134269889966e-4 36098961 36098961 0
2 20135 rs16824126 228754349 2 -1.758246180436371e-4 228754349 228754349 0
2 1727 rs2345835 18574952 1 1.7558737870036786e-4 18574952 18574952 0
2 18122 rs2160328 206642337 1 1.7548026858756164e-4 206642337 206642337 0
2 11665 rs6740023 129654217 1 -1.7489647079214728e-4 129654217 129654217 0
2 2183 rs12618688 23067487 1 1.746513535671004e-4 23067487 23067487 0
2 15852 rs981599 176693074 1 -1.739864770280008e-4 176693074 176693074 0
2 16531 rs11902326 182659893 1 -1.7199998157761424e-4 182659893 182659893 0
2 3155 rs723042 33541702 1 -1.7119392844680025e-4 33541702 33541702 0
2 18384 rs10932260 209185355 1 1.7069718688174877e-4 209185355 209185355 0
2 8031 rs10195907 78240557 1 -1.7029307512481494e-4 78240557 78240557 0
2 3694 rs6708931 37630993 1 -1.7023103804128986e-4 37630993 37630993 0
2 11634 rs841292 129326003 1 1.701130443295884e-4 129326003 129326003 0
2 5350 rs17575302 51311532 1 -1.699886145505219e-4 51311532 51311532 0
2 10196 rs7605443 112473872 1 -1.6951752001908438e-4 112473872 112473872 0
2 16085 rs6706354 179239068 1 -1.690229942918315e-4 179239068 179239068 0
2 10741 rs2161829 118856914 1 1.6847798985127088e-4 118856914 118856914 0
2 17310 rs2138375 196361205 1 -1.6745299105476447e-4 196361205 196361205 0
2 14529 rs1404358 161746542 1 1.6586347944870384e-4 161746542 161746542 0
2 21524 rs35201353 242113159 1 -1.6586217012887214e-4 242113159 242113159 0
2 19407 rs17656376 221103834 1 1.6568705043891712e-4 221103834 221103834 0
2 1921 rs11096616 19950959 2 -1.6494451408133524e-4 19950959 19950959 0
2 14170 rs707132 157214370 1 -1.6439102313858835e-4 157214370 157214370 0
2 16485 rs13010713 181996045 1 -1.639167324398971e-4 181996045 181996045 0
2 12293 rs13007264 137604652 1 1.63906997499806e-4 137604652 137604652 0
2 1460 rs12613665 15975615 1 1.6328292094315087e-4 15975615 15975615 0
2 1021 rs7608117 11265972 1 -1.6234158604653748e-4 11265972 11265972 0
2 4487 rs12613714 44279622 2 1.621709092475746e-4 44279622 44279622 0
2 19561 rs17379321 222786545 1 1.6192795547408442e-4 222786545 222786545 0
2 8064 rs1378430 78664372 1 1.6177552020049137e-4 78664372 78664372 0
2 14371 rs3732287 160289579 1 1.6172050208550397e-4 160289579 160289579 0
2 7134 rs6546390 68602661 1 -1.6138889513391596e-4 68602661 68602661 0
2 12231 rs667607 137295709 1 -1.612138130279606e-4 137295709 137295709 0
2 491 rs1869410 5257356 1 1.6115391941547911e-4 5257356 5257356 0
2 19495 rs10498099 221911402 1 -1.60890978623125e-4 221911402 221911402 0
2 19929 rs2396274 226890028 1 -1.6042365517175656e-4 226890028 226890028 0
2 12496 rs2118269 139954090 1 -1.5822461239952155e-4 139954090 139954090 0
2 4369 rs6730757 43541598 1 1.5721369627630515e-4 43541598 43541598 0
2 15666 rs3769154 174098201 2 -1.5593477249320709e-4 174098201 174098201 0
2 21 rs384526 193882 1 1.554457685369725e-4 193882 193882 0
2 18448 rs2886188 210000798 1 1.53032812650757e-4 210000798 210000798 0
2 21165 rs11694250 239138259 1 1.527780653045169e-4 239138259 239138259 0
2 10840 rs11694004 119567815 1 1.524981880389631e-4 119567815 119567815 0
2 5214 rs1476196 50402936 1 1.5194780637137854e-4 50402936 50402936 0
2 6929 rs981718 67217705 1 1.5189845319765952e-4 67217705 67217705 0
2 8198 rs6744025 79525176 1 1.515534103712463e-4 79525176 79525176 0
2 13067 rs787166 144689662 1 1.512284598064186e-4 144689662 144689662 0
2 11926 rs13427795 133901426 1 1.50717029525484e-4 133901426 133901426 0
2 16594 rs1897104 183350379 1 -1.5059129204870943e-4 183350379 183350379 0
2 948 rs818182 10627544 1 1.5029315427108253e-4 10627544 10627544 0
2 11032 rs1037366 122562779 1 1.500572797210326e-4 122562779 122562779 0
2 1139 rs11677203 12553838 1 -1.4971280654029753e-4 12553838 12553838 0
2 8899 rs1258431 88647777 2 -1.4951276430719547e-4 88647777 88647777 0
2 14269 rs2883854 159239052 1 1.4908697901302594e-4 159239052 159239052 0
2 5080 rs817081 49588657 1 1.4847701906852909e-4 49588657 49588657 0
2 5647 rs2357013 53266129 1 1.4811998337142576e-4 53266129 53266129 0
2 2974 rs4245766 31242194 1 1.4702030539705626e-4 31242194 31242194 0
2 17695 rs999576 201391491 1 -1.4552141869635446e-4 201391491 201391491 0
2 6304 rs13030369 59455177 1 -1.450768681775748e-4 59455177 59455177 0
2 2351 rs4665730 25055774 2 -1.4444169971675647e-4 25055774 25055774 0
2 3792 rs17022000 38331037 1 1.4418764797242164e-4 38331037 38331037 0
2 11199 rs12476179 124484294 2 1.4390149691325196e-4 124484294 124484294 0
2 14372 rs10188117 160290519 1 -1.433564770384514e-4 160290519 160290519 0
2 3200 rs4449111 33947049 1 -1.429167516869305e-4 33947049 33947049 0
2 2490 rs72850602 27094076 1 1.427422390494616e-4 27094076 27094076 0
2 8484 rs10167584 82331873 1 1.4262308173117888e-4 82331873 82331873 0
2 1785 rs6531134 19110370 1 1.4237852459992434e-4 19110370 19110370 0
2 19015 rs4674039 216794024 1 -1.4202393009371794e-4 216794024 216794024 0
2 13954 rs10187119 154664805 1 1.4122320799769933e-4 154664805 154664805 0
2 18244 rs10932172 207802116 1 -1.3998008502206174e-4 207802116 207802116 0
2 13134 rs12691704 145822778 1 1.3905945207107862e-4 145822778 145822778 0
2 5737 rs2692516 54027845 2 1.389665731073619e-4 54027845 54027845 0
2 4612 rs12476712 45506771 1 -1.3798418483878088e-4 45506771 45506771 0
2 16319 rs10497544 180517350 1 -1.3735477798160098e-4 180517350 180517350 0
2 16789 rs6753011 186444443 1 1.3734264780809177e-4 186444443 186444443 0
2 10916 rs6542524 120104458 1 1.3488596963831114e-4 120104458 120104458 0
2 15262 rs581363 169718981 1 -1.344294908355757e-4 169718981 169718981 0
2 20497 rs1075708 232455654 1 -1.3286309255924832e-4 232455654 232455654 0
2 20779 rs1395835 234938888 1 1.3150275477971367e-4 234938888 234938888 0
2 12178 rs7578657 136158473 1 -1.3104211384192606e-4 136158473 136158473 0
2 19437 rs6747324 221211949 1 1.301176578191653e-4 221211949 221211949 0
2 13725 rs6740224 153032790 1 -1.2963660955770217e-4 153032790 153032790 0
2 15269 rs563694 169774071 1 -1.290336097054196e-4 169774071 169774071 0
2 19734 rs6436459 224880336 1 -1.2837984625693283e-4 224880336 224880336 0
2 16246 rs6742175 180141614 1 1.2676215697596325e-4 180141614 180141614 0
2 17966 rs759881 205129576 1 1.2526946579424783e-4 205129576 205129576 0
2 6537 rs1186706 61673394 2 -1.250891708456446e-4 61673394 61673394 0
2 13744 rs6715843 153216587 1 1.2471936228262629e-4 153216587 153216587 0
2 13014 rs617158 143784491 1 1.216837029416117e-4 143784491 143784491 0
2 2016 rs2289083 20728931 1 -1.2128219109310984e-4 20728931 20728931 0
2 5818 rs168506 54919899 1 1.2061354371661982e-4 54919899 54919899 0
2 12399 rs6430755 138644649 1 1.2059814470976364e-4 138644649 138644649 0
2 5519 rs3111857 52564254 1 1.1984120299696178e-4 52564254 52564254 0
2 13135 rs12476923 145830053 1 -1.1915233972097768e-4 145830053 145830053 0
2 7253 rs6546497 69527166 1 -1.1912709332011823e-4 69527166 69527166 0
2 17336 rs10497770 196715003 1 -1.190278377740766e-4 196715003 196715003 0
2 15023 rs1509644 167576316 1 -1.1900632417515524e-4 167576316 167576316 0
2 16604 rs715365 183413691 1 1.1843052365359494e-4 183413691 183413691 0
2 11790 rs4470286 130621840 1 -1.1744041558600174e-4 130621840 130621840 0
2 14006 rs16836115 155000595 1 -1.1733134870955723e-4 155000595 155000595 0
2 18381 rs10189031 209165083 1 1.1555646687174354e-4 209165083 209165083 0
2 567 rs2563999 5973886 1 -1.1512216328424944e-4 5973886 5973886 0
2 1982 rs4666366 20340155 1 -1.1472643859440984e-4 20340155 20340155 0
2 13013 rs407867 143783182 1 1.1457498677576512e-4 143783182 143783182 0
2 11962 rs16826052 134271376 1 1.1432913196691374e-4 134271376 134271376 0
2 17779 rs11694829 202383408 1 -1.1353692217412804e-4 202383408 202383408 0
2 14288 rs11674284 159372889 1 1.1306418781601792e-4 159372889 159372889 0
2 15769 rs12994635 175451014 1 -1.1246287660221204e-4 175451014 175451014 0
2 13482 rs9711252 150688658 1 1.1237841235488182e-4 150688658 150688658 0
2 1141 rs10929808 12568996 1 1.1211621888599396e-4 12568996 12568996 0
2 4899 rs6545031 48558260 1 -1.1053567031865628e-4 48558260 48558260 0
2 250 rs1710506 2518376 2 1.1042774314158527e-4 2518376 2518376 0
2 6287 rs1016287 59305625 1 1.090061541708388e-4 59305625 59305625 0
2 12301 rs10496760 137623359 1 1.0870886322890576e-4 137623359 137623359 0
2 3821 rs4670248 38489285 1 -1.08155138802576e-4 38489285 38489285 0
2 18858 rs7561066 214849860 1 1.0676093588843168e-4 214849860 214849860 0
2 13049 rs10084340 144303318 1 -1.0552964036972936e-4 144303318 144303318 0
2 787 rs10178845 8443803 1 -1.0485464434684716e-4 8443803 8443803 0
2 5020 rs1553476 49260314 1 -1.0450828793355782e-4 49260314 49260314 0
2 6861 rs2971848 66417209 1 1.0378429277161452e-4 66417209 66417209 0
2 12203 rs7570134 137085598 1 -1.0361666760820372e-4 137085598 137085598 0
2 9633 rs6750100 106046789 1 -1.035599144421389e-4 106046789 106046789 0
2 2504 rs4665947 27348029 1 -1.0343027810208042e-4 27348029 27348029 0
2 18115 rs6435297 206490951 1 -1.0255297183257018e-4 206490951 206490951 0
2 7100 rs1503245 68224744 1 1.0203444217574312e-4 68224744 68224744 0
2 20644 rs6704644 234406655 1 -1.020171923159558e-4 234406655 234406655 0
2 8734 rs7577642 85699750 1 -1.017072164840162e-4 85699750 85699750 0
2 17883 rs6715752 203913552 1 1.0134736209274136e-4 203913552 203913552 0
2 8246 rs6750164 79822618 1 1.0099946913462524e-4 79822618 79822618 0
2 18974 rs2304573 216243650 1 -1.0097837297235044e-4 216243650 216243650 0
2 21370 rs3923002 240886298 1 -1.0086526434373691e-4 240886298 240886298 0
2 19123 rs16856888 217930669 1 1.0058524934078465e-4 217930669 217930669 0
2 19327 rs3755064 220385220 1 -9.984362982207916e-5 220385220 220385220 0
2 20816 rs6431242 235172026 1 9.88907193678112e-5 235172026 235172026 0
2 6146 rs17048858 57730190 1 9.812922591230344e-5 57730190 57730190 0
2 9612 rs6712932 105837598 1 -9.788133017890812e-5 105837598 105837598 0
2 9570 rs10178865 105307941 1 9.785382795634683e-5 105307941 105307941 0
2 17445 rs6749611 198102423 2 -9.76951712463054e-5 198102423 198102423 0
2 8106 rs1239084 78860071 1 -9.753329425294764e-5 78860071 78860071 0
2 9989 rs17770853 108945804 1 9.70654580678696e-5 108945804 108945804 0
2 10035 rs260690 109579738 1 -9.604595916976729e-5 109579738 109579738 0
2 2581 rs898031 28203294 1 9.58539901836037e-5 28203294 28203294 0
2 18939 rs2225064 215806919 1 -9.514048068179852e-5 215806919 215806919 0
2 3185 rs10188211 33875088 2 9.505000915361089e-5 33875088 33875088 0
2 20763 rs4663995 234892127 1 -9.401756660035048e-5 234892127 234892127 0
2 11021 rs12479320 122117738 1 -9.3401335298032e-5 122117738 122117738 0
2 17848 rs6709162 203098559 1 -9.331623862925482e-5 203098559 203098559 0
2 21142 rs3213869 238668783 1 -9.277491909080971e-5 238668783 238668783 0
2 2019 rs11096674 20752612 1 9.248365454268984e-5 20752612 20752612 0
2 16942 rs11886097 188962426 1 9.23854211851712e-5 188962426 188962426 0
2 15414 rs16857407 170863471 1 -9.215920558851055e-5 170863471 170863471 0
2 18535 rs3732055 211334708 1 9.192271995149736e-5 211334708 211334708 0
2 20878 rs12613932 235670433 1 9.08765131667322e-5 235670433 235670433 0
2 18242 rs6720430 207798923 1 8.978635867615224e-5 207798923 207798923 0
2 15495 rs3795998 172338194 1 8.909450471673542e-5 172338194 172338194 0
2 907 rs4073397 10162037 1 8.907139979444092e-5 10162037 10162037 0
2 16539 rs7594388 182869111 1 -8.844386363193122e-5 182869111 182869111 0
2 21021 rs1897464 237698676 1 8.771729934751012e-5 237698676 237698676 0
2 3282 rs11899518 34341960 1 8.724046432760581e-5 34341960 34341960 0
2 11001 rs4488664 121925398 1 8.62138986370527e-5 121925398 121925398 0
2 12509 rs1877937 140102691 1 -8.617881827206435e-5 140102691 140102691 0
2 664 rs1876105 6947587 1 -8.590731403033647e-5 6947587 6947587 0
2 8437 rs1470037 81872715 1 8.523487145611408e-5 81872715 81872715 0
2 17597 rs1992950 200290359 1 -8.496653256396192e-5 200290359 200290359 0
2 6200 rs10496084 58220320 1 -8.461045050130544e-5 58220320 58220320 0
2 2302 rs4149372 24305512 1 -8.432138414282502e-5 24305512 24305512 0
2 9440 rs4851629 103276384 1 -8.429887796442086e-5 103276384 103276384 0
2 13910 rs6434567 154214176 1 8.408621498287888e-5 154214176 154214176 0
2 13766 rs16831065 153257973 1 8.272737525941414e-5 153257973 153257973 0
2 704 rs35366716 7205349 1 -8.231061576858515e-5 7205349 7205349 0
2 13136 rs1125128 145837441 1 8.210920689395719e-5 145837441 145837441 0
2 19006 rs4674024 216631366 1 -8.159961138913023e-5 216631366 216631366 0
2 8065 rs6726060 78680056 1 -8.151386058834401e-5 78680056 78680056 0
2 11200 rs13008660 124503205 1 -8.138333691607462e-5 124503205 124503205 0
2 16692 rs1682448 184762875 2 8.064751461354355e-5 184762875 184762875 0
2 322 rs12464090 3085996 1 -7.97099629979405e-5 3085996 3085996 0
2 2463 rs3172008 26678040 1 -7.932065390009158e-5 26678040 26678040 0
2 10827 rs332080 119505210 1 7.872256724196936e-5 119505210 119505210 0
2 2329 rs2044149 24718100 1 -7.805716552094272e-5 24718100 24718100 0
2 17519 rs10181932 199094168 1 7.79754681812265e-5 199094168 199094168 0
2 1782 rs11096566 19102372 1 7.749705404808356e-5 19102372 19102372 0
2 14369 rs13022220 160279430 1 -7.736621942544638e-5 160279430 160279430 0
2 12770 rs2714211 142013695 1 -7.71315368651018e-5 142013695 142013695 0
2 10968 rs4848607 121283724 1 7.677563874022583e-5 121283724 121283724 0
2 19615 rs7185 223436607 1 -7.591002086943843e-5 223436607 223436607 0
2 17703 rs13026134 201444441 1 7.517529603178596e-5 201444441 201444441 0
2 10855 rs10200064 119645055 1 -7.487254900037664e-5 119645055 119645055 0
2 21319 rs11124222 240654444 1 7.458620340185639e-5 240654444 240654444 0
2 21424 rs2352817 241256453 1 -7.415799195068579e-5 241256453 241256453 0
2 11798 rs10928938 130665114 1 -7.401098398402207e-5 130665114 130665114 0
2 6202 rs10496085 58230446 1 7.35876533668735e-5 58230446 58230446 0
2 10644 rs1377415 118034152 1 -7.182774453028026e-5 118034152 118034152 0
2 6396 rs6735059 60179313 1 7.129487327679364e-5 60179313 60179313 0
2 8858 rs894198 88402337 1 -7.039300357434015e-5 88402337 88402337 0
2 10533 rs7606086 116249606 1 -7.012222080659045e-5 116249606 116249606 0
2 17434 rs4395261 197976089 1 -6.911519943737627e-5 197976089 197976089 0
2 5299 rs1518548 50932942 1 6.897093512880524e-5 50932942 50932942 0
2 16693 rs826142 184769427 1 6.831494719785171e-5 184769427 184769427 0
2 6482 rs17033754 61041155 1 -6.830285608189949e-5 61041155 61041155 0
2 21058 rs9287613 237895703 1 -6.826300685352067e-5 237895703 237895703 0
2 13471 rs2058686 150656433 1 6.780314685708643e-5 150656433 150656433 0
2 17716 rs2241080 201527239 1 -6.777038387375777e-5 201527239 201527239 0
2 735 rs2163256 7537486 1 -6.773513628648301e-5 7537486 7537486 0
2 10709 rs13432259 118645076 1 6.735146699342654e-5 118645076 118645076 0
2 1647 rs35186900 18112314 1 -6.677211976024507e-5 18112314 18112314 0
2 13743 rs6704965 153211284 2 6.644705915017396e-5 153211284 153211284 0
2 12161 rs17842800 135381665 1 -6.63853217596152e-5 135381665 135381665 0
2 5569 rs2062273 52922423 1 -6.592840400638065e-5 52922423 52922423 0
2 10719 rs7578191 118714107 1 -6.57500060407583e-5 118714107 118714107 0
2 16810 rs7565527 186667360 1 -6.535927244397959e-5 186667360 186667360 0
2 19400 rs17610130 221081421 1 6.50033792976518e-5 221081421 221081421 0
2 16309 rs1515274 180492632 1 -6.305767974387156e-5 180492632 180492632 0
2 15317 rs10515932 169954185 1 -6.255644158871873e-5 169954185 169954185 0
2 12401 rs1979243 138650963 1 6.250352274073589e-5 138650963 138650963 0
2 11157 rs17039820 123825356 1 6.211437174967089e-5 123825356 123825356 0
2 15762 rs17256082 175292364 2 -6.10950465539682e-5 175292364 175292364 0
2 3692 rs4670696 37599963 1 -6.087764417873439e-5 37599963 37599963 0
2 304 rs1729917 2912305 1 -6.057131279598221e-5 2912305 2912305 0
2 12729 rs13012143 141764693 1 6.0053924922710743e-5 141764693 141764693 0
2 15067 rs16853128 168036615 1 5.6663815064386226e-5 168036615 168036615 0
2 4790 rs1053952 47049453 1 5.629458337216838e-5 47049453 47049453 0
2 7168 rs6754173 68895542 1 5.5554938558924587e-5 68895542 68895542 0
2 5425 rs6715597 51835260 1 -5.507534706800835e-5 51835260 51835260 0
2 3861 rs7571463 38772915 1 5.491195186116368e-5 38772915 38772915 0
2 1616 rs35195207 17897488 2 -5.487043019811475e-5 17897488 17897488 0
2 14832 rs13385399 166269095 1 5.431323838157521e-5 166269095 166269095 0
2 21067 rs4490127 238143803 1 5.360121095460193e-5 238143803 238143803 0
2 1556 rs7340478 17271133 1 -5.3489890253602366e-5 17271133 17271133 0
2 4536 rs1067383 44645911 1 5.323539165222964e-5 44645911 44645911 0
2 7240 rs1106518 69328218 1 5.223573751200216e-5 69328218 69328218 0
2 6474 rs9309330 60977984 1 -5.22231335128509e-5 60977984 60977984 0
2 18979 rs1250233 216307103 1 -5.218552074430002e-5 216307103 216307103 0
2 1619 rs7578070 17911847 2 -5.212160184736682e-5 17911847 17911847 0
2 1729 rs10495684 18612096 1 5.189678362657242e-5 18612096 18612096 0
2 1252 rs4668809 13685707 2 -5.14079773729469e-5 13685707 13685707 0
2 11015 rs6717937 122043586 1 -5.087361907900287e-5 122043586 122043586 0
2 18812 rs6709484 214098403 1 5.068009672878338e-5 214098403 214098403 0
2 4838 rs2347611 47325973 1 5.036841290937498e-5 47325973 47325973 0
2 12588 rs1579143 140716461 1 -5.022033975352493e-5 140716461 140716461 0
2 1635 rs4832399 18036252 1 4.961822810155995e-5 18036252 18036252 0
2 18357 rs6750890 209011014 1 4.917877669194231e-5 209011014 209011014 0
2 20833 rs9784089 235305076 1 4.790739673548426e-5 235305076 235305076 0
2 1185 rs1357064 13040249 2 -4.759813502870109e-5 13040249 13040249 0
2 11855 rs12476183 133302558 1 -4.73012867388733e-5 133302558 133302558 0
2 120 rs9677798 1298915 1 4.723933288347614e-5 1298915 1298915 0
2 20223 rs6726331 229609201 1 4.7051955722111234e-5 229609201 229609201 0
2 11750 rs10153725 130318908 1 -4.689077393846515e-5 130318908 130318908 0
2 18747 rs7568763 213351973 1 -4.6184322215600085e-5 213351973 213351973 0
2 5857 rs733916 55155551 1 4.5488149273869736e-5 55155551 55155551 0
2 8199 rs1434205 79525428 1 -4.494409223101045e-5 79525428 79525428 0
2 13535 rs9789673 151627106 1 -4.471089024662033e-5 151627106 151627106 0
2 646 rs1563613 6723895 1 -4.450312933502358e-5 6723895 6723895 0
2 18707 rs16848108 213120523 1 -4.440248157964907e-5 213120523 213120523 0
2 3407 rs4670470 35653722 1 -4.409054090888182e-5 35653722 35653722 0
2 13483 rs11889862 150697148 1 -4.40613590991345e-5 150697148 150697148 0
2 11382 rs1863680 126398345 1 -4.37533537939286e-5 126398345 126398345 0
2 280 rs1451196 2741289 1 4.375060135003958e-5 2741289 2741289 0
2 1649 rs1461943 18116319 1 -4.36275281276811e-5 18116319 18116319 0
2 1636 rs10176010 18037765 1 4.283913907245684e-5 18037765 18037765 0
2 18784 rs1482581 213759117 1 4.2754105602612095e-5 213759117 213759117 0
2 357 rs9750503 3491772 1 -4.271691318599099e-5 3491772 3491772 0
2 2300 rs10209238 24300563 1 -4.2378259344309984e-5 24300563 24300563 0
2 7833 rs389616 76314728 2 -4.234346631087752e-5 76314728 76314728 0
2 21291 rs843462 240318755 2 4.163319328502387e-5 240318755 240318755 0
2 10224 rs11691239 112950600 1 4.1526170887909145e-5 112950600 112950600 0
2 11846 rs2315383 133176304 1 4.14999009726879e-5 133176304 133176304 0
2 3859 rs10164547 38760294 1 -4.142355603023211e-5 38760294 38760294 0
2 12391 rs6730857 138600801 2 4.09088276980584e-5 138600801 138600801 0
2 18615 rs4123215 212107637 1 -4.0738544599457506e-5 212107637 212107637 0
2 2180 rs4665183 23045279 1 4.0666746578686595e-5 23045279 23045279 0
2 5881 rs10496037 55257677 1 4.058023459140731e-5 55257677 55257677 0
2 5663 rs2161783 53536813 1 -4.011343998395046e-5 53536813 53536813 0
2 21062 rs10172321 238065463 1 4.000093041896221e-5 238065463 238065463 0
2 13342 rs7567204 149119241 1 -3.9842488064333586e-5 149119241 149119241 0
2 20917 rs11694206 236080213 1 3.9721530442177054e-5 236080213 236080213 0
2 3568 rs12465282 36619764 2 3.9605347944118895e-5 36619764 36619764 0
2 9604 rs2679870 105792850 1 -3.9584777517915414e-5 105792850 105792850 0
2 8964 rs12987946 98022476 1 3.95646268847673e-5 98022476 98022476 0
2 11013 rs2713207 122007858 1 3.843187005452101e-5 122007858 122007858 0
2 1286 rs7579027 13946939 1 -3.78073824721839e-5 13946939 13946939 0
2 3607 rs3770813 36776555 1 3.7466298512889656e-5 36776555 36776555 0
2 19361 rs7575375 220751741 1 -3.658747669701258e-5 220751741 220751741 0
2 14652 rs1531360 164581991 1 3.6379402512595295e-5 164581991 164581991 0
2 16380 rs1609988 181028836 1 -3.5874269496313655e-5 181028836 181028836 0
2 21510 rs2240547 242069342 1 3.528183794439478e-5 242069342 242069342 0
2 532 rs16863992 5747177 1 -3.4262145669371244e-5 5747177 5747177 0
2 2971 rs1862969 31236916 1 3.390373094465381e-5 31236916 31236916 0
2 15070 rs6432983 168062531 2 -3.345865983107307e-5 168062531 168062531 0
2 7875 rs17754897 76509864 1 3.233606197301252e-5 76509864 76509864 0
2 16822 rs13025979 186865606 1 3.2204862928934694e-5 186865606 186865606 0
2 1334 rs925782 14528945 1 3.2166362045217716e-5 14528945 14528945 0
2 926 rs10929641 10377834 1 -3.2076798602951824e-5 10377834 10377834 0
2 17759 rs2293554 202131587 1 -3.1694971742335157e-5 202131587 202131587 0
2 8995 rs6543280 98701043 1 3.10955142888976e-5 98701043 98701043 0
2 665 rs1077583 6951030 1 3.025956376421619e-5 6951030 6951030 0
2 17228 rs17662626 193984621 1 2.9972435825870544e-5 193984621 193984621 0
2 5114 rs6740298 49701753 1 2.9851589537753124e-5 49701753 49701753 0
2 399 rs883258 3947654 1 -2.9738107480951767e-5 3947654 3947654 0
2 16836 rs10200749 187310584 1 2.9652099658733418e-5 187310584 187310584 0
2 11714 rs837857 130086211 1 2.954014650343811e-5 130086211 130086211 0
2 11711 rs11675233 130058282 1 2.9515987743099055e-5 130058282 130058282 0
2 1519 rs810066 16889372 1 2.9403854991027975e-5 16889372 16889372 0
2 19408 rs1993313 221110780 1 -2.8592082359689716e-5 221110780 221110780 0
2 16077 rs7592114 179186529 1 2.78146581685337e-5 179186529 179186529 0
2 3895 rs4670269 39198036 1 2.7779774842271047e-5 39198036 39198036 0
2 10401 rs6756587 114741437 1 2.660084488861858e-5 114741437 114741437 0
2 7167 rs4854482 68890588 1 2.646459503133793e-5 68890588 68890588 0
2 15191 rs3769408 168993929 1 2.6246523474400622e-5 168993929 168993929 0
2 1703 rs7422512 18439946 1 2.5980519819410164e-5 18439946 18439946 0
2 267 rs2385306 2626800 1 2.5876805164602056e-5 2626800 2626800 0
2 12189 rs3739022 136562472 1 2.5279051519335e-5 136562472 136562472 0
2 12354 rs7609502 138159329 1 2.5030244396435072e-5 138159329 138159329 0
2 6448 rs8179712 60663798 1 -2.360115113924271e-5 60663798 60663798 0
2 14217 rs7594480 158390468 1 2.3460343958344512e-5 158390468 158390468 0
2 13914 rs3863911 154278240 1 2.3110249233692817e-5 154278240 154278240 0
2 2483 rs714447 27028992 1 2.243411216383859e-5 27028992 27028992 0
2 19884 rs6747620 226359147 1 -2.243197220762147e-5 226359147 226359147 0
2 9194 rs3739008 101612568 1 2.237280626841436e-5 101612568 101612568 0
2 8765 rs1561283 85965769 1 2.205913712529173e-5 85965769 85965769 0
2 9663 rs17031192 106157515 1 2.1777269954572573e-5 106157515 106157515 0
2 10322 rs315952 113890304 2 -2.1475674805375142e-5 113890304 113890304 0
2 4126 rs2194436 41351491 1 -2.127776110507847e-5 41351491 41351491 0
2 1728 rs13026592 18609404 1 2.101079936849277e-5 18609404 18609404 0
2 6828 rs17546835 66221977 1 2.0420059771871552e-5 66221977 66221977 0
2 18620 rs13007747 212165522 1 -2.0246660481296204e-5 212165522 212165522 0
2 16690 rs826185 184741522 1 1.9467872765814628e-5 184741522 184741522 0
2 7463 rs7581030 71572455 1 -1.931841139069589e-5 71572455 71572455 0
2 21057 rs9646714 237895243 1 1.881499087701023e-5 237895243 237895243 0
2 1686 rs10179577 18336194 1 1.7711040489723188e-5 18336194 18336194 0
2 1037 rs13395155 11654588 1 -1.7257162273717427e-5 11654588 11654588 0
2 3631 rs759429 36883706 1 1.6766133267840616e-5 36883706 36883706 0
2 21080 rs36117715 238262021 1 1.6439163572833473e-5 238262021 238262021 0
2 3143 rs12468099 33488419 1 -1.5841548066532417e-5 33488419 33488419 0
2 4064 rs17466980 40641410 1 -1.5621862822945553e-5 40641410 40641410 0
2 13407 rs229333 150016500 1 1.5190465753659033e-5 150016500 150016500 0
2 8367 rs7574764 80898579 1 -1.5146406631902695e-5 80898579 80898579 0
2 1609 rs2710670 17839401 1 1.496480446731963e-5 17839401 17839401 0
2 16124 rs3813243 179434516 1 -1.4893067007992858e-5 179434516 179434516 0
2 18973 rs6707530 216240584 1 -1.4785678434341917e-5 216240584 216240584 0
2 8237 rs1864551 79766537 1 -1.4677766110762628e-5 79766537 79766537 0
2 2595 rs7580391 28389659 1 1.4514408967190191e-5 28389659 28389659 0
2 7944 rs10520165 77053916 1 1.4202189750140377e-5 77053916 77053916 0
2 12197 rs6756490 137007076 1 1.2383835462653062e-5 137007076 137007076 0
2 4784 rs973491 46930776 1 -1.231933777285935e-5 46930776 46930776 0
2 12097 rs1257210 134985914 1 -1.151513719415898e-5 134985914 134985914 0
2 7264 rs13416004 69664976 1 -1.1308699382414564e-5 69664976 69664976 0
2 6369 rs7565849 60033484 1 1.1167326645102676e-5 60033484 60033484 0
2 7443 rs357780 71415479 1 -1.1039529557390096e-5 71415479 71415479 0
2 20044 rs7577732 228098933 1 1.0677493745508617e-5 228098933 228098933 0
2 7267 rs2312207 69715845 1 1.0430188892326394e-5 69715845 69715845 0
2 14531 rs1710649 161759570 1 1.0153747147020545e-5 161759570 161759570 0
2 3896 rs2305516 39198966 1 9.649494439663473e-6 39198966 39198966 0
2 489 rs1453774 5241766 1 -9.579793449290436e-6 5241766 5241766 0
2 277 rs1026208 2723155 1 -9.542166896372896e-6 2723155 2723155 0
2 8317 rs7604121 80424134 1 -9.496898157723793e-6 80424134 80424134 0
2 3553 rs726946 36497171 1 8.341436154695245e-6 36497171 36497171 0
2 7056 rs12713604 67993265 1 8.104975728418598e-6 67993265 67993265 0
2 16837 rs10196955 187320492 2 -7.941421538540291e-6 187320492 187320492 0
2 7084 rs1503236 68138786 1 7.333640507823207e-6 68138786 68138786 0
2 16797 rs13030170 186617835 1 -7.245477894171897e-6 186617835 186617835 0
2 4377 rs11693801 43590329 1 7.099803191134654e-6 43590329 43590329 0
2 16089 rs6738749 179243248 1 -7.009173819205935e-6 179243248 179243248 0
2 20771 rs11563199 234925521 1 -6.224317852769846e-6 234925521 234925521 0
2 7135 rs7605863 68602859 1 -5.528495094678683e-6 68602859 68602859 0
2 14530 rs1722650 161750217 1 5.288678070110364e-6 161750217 161750217 0
2 9184 rs6738097 101578542 1 -5.045673109847042e-6 101578542 101578542 0
2 15739 rs979052 175004863 1 4.6335884754829e-6 175004863 175004863 0
2 13428 rs6721513 150274458 1 -4.175356611889213e-6 150274458 150274458 0
2 2014 rs342075 20706742 1 3.489228246212232e-6 20706742 20706742 0
2 8994 rs6756742 98699888 1 3.451967019811583e-6 98699888 98699888 0
2 6708 rs6712664 65213104 1 3.0746817797337716e-6 65213104 65213104 0
2 20921 rs4332874 236090823 1 -2.8269020532202435e-6 236090823 236090823 0
2 10722 rs17512204 118732831 1 -2.7908128103724384e-6 118732831 118732831 0
2 10297 rs4849144 113800049 1 1.6272802500051697e-6 113800049 113800049 0
2 6629 rs6732746 64089748 1 -1.2912771617720566e-6 64089748 64089748 0
2 9098 rs12472141 100882593 2 -1.2726660999317198e-6 100882593 100882593 0
2 13843 rs16831902 153733371 1 -3.434930342124891e-7 153733371 153733371 0
2 8040 rs12713943 78293138 1 4.817675608950525e-15 78293138 78293138 0
2 6118 rs6545627 57397423 1 6.26714746443791e-16 57397423 57397423 0
2 824 rs9287702 9118437 1 5.953031787653901e-16 9118437 9118437 0
2 19895 rs1431070 226495709 1 5.92117049696624e-16 226495709 226495709 0
2 21155 rs6729218 238944363 1 4.3852466132465215e-16 238944363 238944363 0
2 13148 rs16824634 145984088 1 1.7758623480156838e-16 145984088 145984088 0
2 14238 rs7606259 158959335 1 1.5478602937008192e-16 158959335 158959335 0
2 18385 rs2363468 209190330 1 5.1048995677447276e-17 209190330 209190330 0
2 15793 rs10497434 176015840 1 2.9143243541953663e-17 176015840 176015840 0
2 20879 rs11903546 235670805 1 2.1531750443747763e-17 235670805 235670805 0
2 18387 rs1529979 209191082 1 5.879629251734907e-18 209191082 209191082 0
