CHR Group SNP.lead BP.lead Size W BP.min BP.max BP.width
10 7471 rs7893748 73483976 1 0.0380418394320705 73483976 73483976 0
10 868 rs61839660 6094697 1 0.03773339701790529 6094697 6094697 0
10 7620 rs9664184 75409967 1 0.03769939189393001 75409967 75409967 0
10 3998 rs593992 34536049 1 0.03478656301498666 34536049 34536049 0
10 10502 rs118161359 103906612 1 0.02827765602648196 103906612 103906612 0
10 12482 rs2935695 123481200 2 -0.02767736930514306 123481200 123481200 0
10 6249 rs10821948 63809624 2 0.02707950902905434 63809624 63809624 0
10 6308 rs10761654 64405646 1 0.02585255767290414 64405646 64405646 0
10 7075 rs2229498 70856852 1 -0.02559947755032026 70856852 70856852 0
10 3648 rs4301703 30813618 1 0.02493882082102489 30813618 30813618 0
10 4680 rs3850929 48584981 1 -0.02427544191387019 48584981 48584981 0
10 9513 rs2488083 94535940 1 -0.02372380131682801 94535940 94535940 0
10 534 rs12245875 3856293 1 -0.02306866684566566 3856293 3856293 0
10 10225 rs11189765 100470788 1 -0.02165032467822047 100470788 100470788 0
10 13659 rs1655127 132693122 1 -0.01959491468447599 132693122 132693122 0
10 6320 rs224071 64508475 2 0.01956112700670947 64508475 64508475 0
10 13368 rs9804335 130247173 2 0.01827509803094693 130247173 130247173 0
10 4781 rs10857650 50030023 1 0.0180881033498092 50030023 50030023 0
10 3679 rs7097542 31042981 1 -0.01803961531412493 31042981 31042981 0
10 6296 rs4745849 64313875 1 -0.01765080208403962 64313875 64313875 0
10 3790 rs2769202 32524898 1 0.01750817486999201 32524898 32524898 0
10 7598 rs7901016 74637326 1 -0.01745548620239995 74637326 74637326 0
10 12 rs12251997 554186 2 -0.01663782255461252 554186 554186 0
10 4381 rs2247979 43923728 1 -0.01659520975408823 43923728 43923728 0
10 11308 rs17127304 112134500 2 -0.01624928053143375 112134500 112134500 0
10 10042 rs2817708 98889713 1 0.01541217124001642 98889713 98889713 0
10 11482 rs2255141 113933886 1 0.01525316612006684 113933886 113933886 0
10 10526 rs2296590 104262628 1 0.01505589851076381 104262628 104262628 0
10 8960 rs2217223 88111630 1 -0.01505365910643862 88111630 88111630 0
10 13639 rs4750827 132547184 2 0.01496999371368949 132547184 132547184 0
10 13791 rs9419406 133811201 1 0.01480977319356563 133811201 133811201 0
10 12991 rs6597754 127948238 2 0.01463464818139717 127948238 127948238 0
10 918 rs602756 6466280 1 0.01448727337338051 6466280 6466280 0
10 10007 rs3827867 98416324 1 0.01448006261850143 98416324 98416324 0
10 8373 rs11191331 83557187 1 0.01402521493775248 83557187 83557187 0
10 13858 rs6537607 135284115 1 0.01396161101901833 135284115 135284115 0
10 9132 rs10509540 90023033 2 -0.01387116095832739 90023033 90023033 0
10 412 rs2306301 3154339 2 0.01374031876325578 3154339 3154339 0
10 12793 rs10901761 126254468 1 -0.01366603989620487 126254468 126254468 0
10 3222 rs651134 27549961 1 0.01347924812485473 27549961 27549961 0
10 1072 rs719748 7731885 1 0.01343231739061982 7731885 7731885 0
10 6391 rs12259115 64993101 1 -0.01340122874009514 64993101 64993101 0
10 4102 rs708424 36191613 1 0.01320953778837422 36191613 36191613 0
10 9384 rs11544145 92631778 1 0.01295638527432118 92631778 92631778 0
10 13160 rs10765017 129168894 1 0.01293586826070031 129168894 129168894 0
10 11275 rs10884919 111757791 1 0.01258352154276244 111757791 111757791 0
10 13406 rs561020 130566749 1 0.01241635781507255 130566749 130566749 0
10 7087 rs5030933 70975239 1 -0.01215543637992115 70975239 70975239 0
10 6302 rs17316874 64360090 1 0.01206337444075715 64360090 64360090 0
10 2771 rs2279311 21463833 1 -0.01204558441564982 21463833 21463833 0
10 883 rs1541020 6165030 1 0.01190009849370431 6165030 6165030 0
10 12479 rs1693680 123462841 1 -0.01189773420972741 123462841 123462841 0
10 7893 rs697171 79216001 1 -0.01188163997367254 79216001 79216001 0
10 881 rs12251307 6123495 1 0.01181193871915758 6123495 6123495 0
10 1248 rs827618 9003997 1 -0.01176369408173933 9003997 9003997 0
10 2791 rs5011832 21782842 1 0.01167789575737645 21782842 21782842 0
10 1674 rs2482069 12889696 1 0.01164612300196352 12889696 12889696 0
10 13318 rs2152143 129906980 2 0.01135074404518796 129906980 129906980 0
10 11164 rs4917528 110262425 1 0.01113096551529346 110262425 110262425 0
10 415 rs3816699 3155353 1 -0.01107677875441514 3155353 3155353 0
10 1133 rs7081521 8398914 1 0.01098871936231052 8398914 8398914 0
10 8183 rs2819944 81954395 1 -0.0107860881641315 81954395 81954395 0
10 2312 rs17136474 17391660 1 0.01070249534467511 17391660 17391660 0
10 11853 rs180647 117767037 1 -0.01065312788390064 117767037 117767037 0
10 5856 rs10826179 60151026 1 0.01063742232024271 60151026 60151026 0
10 10443 rs792724 102955557 1 -0.01060735058134216 102955557 102955557 0
10 7044 rs72799515 70405541 1 0.01056714586452777 70405541 70405541 0
10 4026 rs2490817 34941134 1 0.01056251840713979 34941134 34941134 0
10 12913 rs297238 127316262 1 -0.01052610493354007 127316262 127316262 0
10 7130 rs10823416 71417394 1 0.01025451498446373 71417394 71417394 0
10 10710 rs2282092 106068471 1 0.0102394242587986 106068471 106068471 0
10 6012 rs10994250 61961795 1 -0.01018618097447171 61961795 61961795 0
10 1547 rs10752230 11803185 1 0.01018303454212035 11803185 11803185 0
10 12584 rs12571363 124230612 1 0.01016909392134764 124230612 124230612 0
10 4743 rs1822861 49834326 1 0.010168623949635 49834326 49834326 0
10 12298 rs11199206 121950989 1 -0.01013499898689592 121950989 121950989 0
10 1025 rs4748675 7141150 1 0.010040481566138 7141150 7141150 0
10 4030 rs11009901 35020982 1 -0.00996099186430482 35020982 35020982 0
10 2329 rs4561106 17456574 1 0.00992872618117781 17456574 17456574 0
10 8060 rs1981221 80640638 1 -0.00989364491420096 80640638 80640638 0
10 3167 rs3006819 26718561 2 -0.00974997056301439 26718561 26718561 0
10 8003 rs1369752 80248755 1 -0.00966430840061346 80248755 80248755 0
10 13374 rs4750961 130273179 1 0.00966377701800442 130273179 130273179 0
10 2012 rs7921961 14778352 1 -0.00957582409828058 14778352 14778352 0
10 13159 rs11017615 129165450 1 0.00956146501678218 129165450 129165450 0
10 8501 rs7099749 84576414 1 0.00955652997557055 84576414 84576414 0
10 10506 rs1049455 103920475 1 0.00948132624465304 103920475 103920475 0
10 3639 rs303435 30731491 1 0.00942139506634709 30731491 30731491 0
10 8687 rs12781048 85956268 1 0.00937017395749722 85956268 85956268 0
10 2202 rs11812463 16763204 1 -0.00934521882167558 16763204 16763204 0
10 4371 rs17158702 43754540 1 -0.00930528410523344 43754540 43754540 0
10 3488 rs558468 29468441 1 -0.00927053141673339 29468441 29468441 0
10 5855 rs2306604 60148692 1 0.00926270018601061 60148692 60148692 0
10 10376 rs3818411 101960966 2 -0.00924255136981713 101960966 101960966 0
10 7352 rs12252440 72793796 1 -0.00908329221206297 72793796 72793796 0
10 4787 rs7922169 50045456 1 0.00898954376067375 50045456 50045456 0
10 4960 rs10082515 52201167 1 0.00896421495550393 52201167 52201167 0
10 4294 rs590937 43149991 1 0.00886911143141839 43149991 43149991 0
10 3647 rs11008080 30802799 1 -0.00876062048190276 30802799 30802799 0
10 8921 rs7899924 87701479 1 -0.00869278937044865 87701479 87701479 0
10 9952 rs3789940 98085338 1 -0.0086801341054847 98085338 98085338 0
10 2671 rs7918915 20684324 1 -0.00856287998488178 20684324 20684324 0
10 2239 rs4747288 16988844 1 0.00853841409694261 16988844 16988844 0
10 4792 rs2663052 50069395 1 0.0085325174837638 50069395 50069395 0
10 7066 rs2429018 70799421 1 0.00848940924100239 70799421 70799421 0
10 2325 rs10904949 17439939 2 0.00830595837414333 17439939 17439939 0
10 8287 rs9988765 82715797 1 0.00827686119148033 82715797 82715797 0
10 8673 rs7084533 85829322 1 -0.00823636868318942 85829322 85829322 0
10 1394 rs1324317 10594364 1 0.00816385164508208 10594364 10594364 0
10 2787 rs12767504 21734014 2 -0.00803362530239211 21734014 21734014 0
10 5555 rs11004759 56916347 2 -0.00785074280416277 56916347 56916347 0
10 3086 rs2442843 26056683 2 0.00784247488369469 26056683 26056683 0
10 3297 rs7076276 28296076 1 0.00783758055731408 28296076 28296076 0
10 13538 rs4750790 131941265 1 -0.00780680198279808 131941265 131941265 0
10 256 rs11597710 2256399 1 -0.00777998736494857 2256399 2256399 0
10 8169 rs3851050 81882370 2 0.0077769008535802 81882370 81882370 0
10 9929 rs41291608 97920278 1 0.00776603441140592 97920278 97920278 0
10 4714 rs7896115 49730982 1 0.00773766077566957 49730982 49730982 0
10 3470 rs1763403 29343457 1 -0.00770638519019157 29343457 29343457 0
10 4778 rs61742644 50018765 1 -0.00770603373259463 50018765 50018765 0
10 12514 rs2461224 123839549 1 0.00769705014445135 123839549 123839549 0
10 12979 rs6597745 127895098 1 0.0076590185394672 127895098 127895098 0
10 9638 rs10509663 95440286 1 -0.00765413158898544 95440286 95440286 0
10 11010 rs607523 108880521 1 0.00761737522395998 108880521 108880521 0
10 7486 rs3747862 73533177 2 -0.00751134739664573 73533177 73533177 0
10 1056 rs12771124 7631098 1 -0.00746741962071443 7631098 7631098 0
10 5814 rs12762414 59635840 1 -0.00744992662450617 59635840 59635840 0
10 11003 rs7078098 108793788 1 -0.00744920178385117 108793788 108793788 0
10 3220 rs882475 27477821 2 0.00743623730430627 27477821 27477821 0
10 12773 rs10901414 126062722 1 -0.00742805301831132 126062722 126062722 0
10 1874 rs744443 14122981 1 -0.0073936366320728 14122981 14122981 0
10 12921 rs10510149 127495807 1 -0.00738385040679237 127495807 127495807 0
10 10 rs10904173 462885 2 0.00737598390203203 462885 462885 0
10 4752 rs1904601 49920608 1 -0.0073591297514398 49920608 49920608 0
10 2376 rs2357291 17704372 1 -0.00732007351858006 17704372 17704372 0
10 13550 rs1028920 132059592 1 -0.0073141326036407104 132059592 132059592 0
10 7773 rs1040936 78084407 1 0.0072768174158185 78084407 78084407 0
10 13158 rs11017614 129165419 1 0.00724142682838935 129165419 129165419 0
10 3375 rs1249334 28630300 1 0.00723716210840629 28630300 28630300 0
10 12049 rs853576 119820073 2 0.00720966756744689 119820073 119820073 0
10 11792 rs808421 116802563 1 -0.00715594121314866 116802563 116802563 0
10 976 rs2439903 6831860 2 0.00709981710641759 6831860 6831860 0
10 12440 rs755698 123165700 2 -0.00708294572449393 123165700 123165700 0
10 4060 rs2001893 35300623 1 0.00705857637519808 35300623 35300623 0
10 10271 rs4917868 101251049 1 -0.00701822155765515 101251049 101251049 0
10 12919 rs3740179 127483573 1 0.00700687728179632 127483573 127483573 0
10 6416 rs10509192 65417520 1 -0.00693712991925786 65417520 65417520 0
10 8054 rs753384 80591064 1 -0.00679214389059906 80591064 80591064 0
10 8251 rs7908544 82424161 2 0.0067559930994023 82424161 82424161 0
10 9462 rs701846 93871066 1 -0.00675399450248311 93871066 93871066 0
10 7881 rs10824534 79137838 2 -0.00674198253726636 79137838 79137838 0
10 8660 rs4615965 85798580 1 0.00668518504565985 85798580 85798580 0
10 10126 rs17108378 99502897 2 -0.00664022735635154 99502897 99502897 0
10 920 rs2236380 6469817 1 -0.0066256928084711 6469817 6469817 0
10 11976 rs363294 119043554 1 0.00651753019137883 119043554 119043554 0
10 13195 rs10830109 129305535 1 -0.0064920628565181 129305535 129305535 0
10 9620 rs75139274 95278683 1 -0.00643771969713862 95278683 95278683 0
10 7112 rs3829185 71149319 2 -0.00639788582816664 71149319 71149319 0
10 13657 rs12217313 132684470 1 0.00633721612487158 132684470 132684470 0
10 7704 rs1259498 76986741 2 0.00626425087155353 76986741 76986741 0
10 7744 rs2057435 77674635 2 -0.00626065020758205 77674635 77674635 0
10 4904 rs8178991 50854637 1 -0.00624420356343046 50854637 50854637 0
10 10135 rs531676 99637578 1 0.00608922851930815 99637578 99637578 0
10 10369 rs7899288 101848444 2 0.00601278107377297 101848444 101848444 0
10 7089 rs5030938 70975916 1 -0.00597996476576249 70975916 70975916 0
10 3681 rs16931887 31046403 1 -0.00597500698449602 31046403 31046403 0
10 875 rs12722489 6102012 1 0.00595378663854626 6102012 6102012 0
10 13334 rs1329189 129998372 1 0.00594391841820544 129998372 129998372 0
10 3388 rs2153299 28752106 1 0.00592315809396403 28752106 28752106 0
10 762 rs11253141 5422196 1 0.00584243518449948 5422196 5422196 0
10 5263 rs1917173 54810396 1 -0.00579597753708776 54810396 54810396 0
10 10995 rs822094 108718383 1 0.0057696634253967 108718383 108718383 0
10 13607 rs10764969 132377231 1 -0.00576217968306716 132377231 132377231 0
10 4440 rs4948582 44435246 1 -0.00573169262443879 44435246 44435246 0
10 10371 rs11597390 101861435 2 0.00571699828412247 101861435 101861435 0
10 1302 rs1150013 9358590 2 -0.00571118777508003 9358590 9358590 0
10 3082 rs10828853 25997959 1 -0.00570069739764868 25997959 25997959 0
10 4085 rs2506109 35873645 1 0.00568468249975262 35873645 35873645 0
10 1663 rs2493767 12835383 1 -0.00566686235088831 12835383 12835383 0
10 5978 rs10994094 61728196 1 0.00565666958894036 61728196 61728196 0
10 8920 rs17105979 87688537 1 0.00564037841049212 87688537 87688537 0
10 3534 rs12573620 29936332 1 -0.0056356626175157 29936332 29936332 0
10 2163 rs2130227 16378864 1 -0.00561673688653772 16378864 16378864 0
10 4108 rs1066084 36257632 1 -0.00554405697867753 36257632 36257632 0
10 12282 rs12259734 121808396 1 -0.00551871032544846 121808396 121808396 0
10 7905 rs816866 79313729 1 -0.00546701830494614 79313729 79313729 0
10 3093 rs12413953 26173695 1 0.00542954745700314 26173695 26173695 0
10 3421 rs1762024 29050284 2 -0.00542590580453219 29050284 29050284 0
10 8174 rs2784774 81921553 1 0.00540478711824272 81921553 81921553 0
10 11716 rs73365341 116064528 1 -0.00535189793059231 116064528 116064528 0
10 11974 rs10886051 118994479 1 0.00529690611663224 118994479 118994479 0
10 6691 rs4746541 67792573 1 0.00528613044800296 67792573 67792573 0
10 3449 rs1908573 29230913 2 -0.00526214688331007 29230913 29230913 0
10 11742 rs11196791 116333974 2 -0.00525342780524943 116333974 116333974 0
10 2944 rs11814429 24430388 1 0.0052061753871456 24430388 24430388 0
10 7855 rs7895375 78967887 1 -0.00517737481189848 78967887 78967887 0
10 13005 rs10901597 128025384 2 -0.00516157726961344 128025384 128025384 0
10 9735 rs4244285 96541616 1 -0.00513685399715379 96541616 96541616 0
10 12594 rs10902929 124460069 2 -0.00513206957693127 124460069 124460069 0
10 1508 rs7073803 11185145 1 -0.00513184003428899 11185145 11185145 0
10 12669 rs705133 125210522 1 0.0051289557602702 125210522 125210522 0
10 4790 rs10745284 50065590 1 0.00511500005761746 50065590 50065590 0
10 7258 rs2394724 72121606 2 -0.00508482818991533 72121606 72121606 0
10 5766 rs3907689 58995327 2 -0.00505394864783029 58995327 58995327 0
10 7713 rs1149718 77064320 1 -0.00504914147710085 77064320 77064320 0
10 8093 rs17557872 80873608 1 0.0050441222193894604 80873608 80873608 0
10 4342 rs2066394 43481956 1 0.00503728068167428 43481956 43481956 0
10 11297 rs11195062 112036975 2 0.00503252202901446 112036975 112036975 0
10 3548 rs1539536 30014723 1 0.00500536935629793 30014723 30014723 0
10 4793 rs12266359 50074767 1 0.00498350677771184 50074767 50074767 0
10 1925 rs7077526 14374370 2 -0.00494252571129208 14374370 14374370 0
10 3372 rs12098807 28613779 2 -0.00493721646687462 28613779 28613779 0
10 10817 rs13377154 106924979 2 -0.00487298780116249 106924979 106924979 0
10 8161 rs4478933 81811672 1 0.00485967395570313 81811672 81811672 0
10 12818 rs3781458 126343931 1 0.00485806776721282 126343931 126343931 0
10 7781 rs10824409 78115104 1 0.00482022303565425 78115104 78115104 0
10 4567 rs17156718 45126020 1 0.00480989531531795 45126020 45126020 0
10 4385 rs7893169 44050715 1 -0.00478613809759977 44050715 44050715 0
10 2672 rs7085871 20720261 1 -0.00477438539789277 20720261 20720261 0
10 7328 rs827340 72674069 2 0.0047639966463473 72674069 72674069 0
10 7669 rs7075439 76591158 1 0.00473493372949185 76591158 76591158 0
10 7335 rs1538373 72718265 1 0.00473195064220176 72718265 72718265 0
10 13180 rs2229603 129249662 1 -0.00466669069146532 129249662 129249662 0
10 4364 rs3004212 43642810 2 -0.00461028383932452 43642810 43642810 0
10 283 rs11251149 2341947 1 0.00458869748325757 2341947 2341947 0
10 6136 rs10509148 63169896 1 0.00458271298829419 63169896 63169896 0
10 6112 rs10509142 62773645 1 0.00457080826931468 62773645 62773645 0
10 3404 rs11007191 28957854 1 0.00456543204256724 28957854 28957854 0
10 2261 rs3012499 17019013 1 0.00455367198687343 17019013 17019013 0
10 1662 rs2482038 12835085 1 -0.00448928410405798 12835085 12835085 0
10 12382 rs11815121 122719834 1 0.00448556095157426 122719834 122719834 0
10 12258 rs34239637 121556259 1 0.00447929130509478 121556259 121556259 0
10 12152 rs11198781 120874259 1 -0.00447534816837093 120874259 120874259 0
10 9617 rs10882256 95272834 2 -0.00446972766407021 95272834 95272834 0
10 13231 rs2154178 129452789 1 0.00444943605714018 129452789 129452789 0
10 3100 rs4749090 26304072 1 0.00440542743320448 26304072 26304072 0
10 4255 rs911176 37909366 1 0.00438581544385534 37909366 37909366 0
10 7671 rs7091085 76611849 2 0.00437920151169813 76611849 76611849 0
10 7297 rs10823600 72468097 2 0.004348099801726 72468097 72468097 0
10 912 rs947474 6390450 1 -0.00434635541295894 6390450 6390450 0
10 8252 rs7908701 82424293 1 0.00434392170581732 82424293 82424293 0
10 9008 rs11202285 88743691 1 0.00429351587804734 88743691 88743691 0
10 1545 rs4750100 11795601 1 0.00428360833650803 11795601 11795601 0
10 12808 rs12773846 126275914 1 -0.00427044466161723 126275914 126275914 0
10 2452 rs1295881 18566529 1 -0.00421963481419515 18566529 18566529 0
10 13211 rs1547321 129366558 1 0.00421388700464497 129366558 129366558 0
10 3079 rs16926251 25970198 2 0.00421280971019247 25970198 25970198 0
10 3490 rs9971350 29483846 1 0.00419866130215667 29483846 29483846 0
10 13460 rs476628 131041657 1 0.00417682396288803 131041657 131041657 0
10 39 rs11253543 1017325 2 -0.0041461023014304 1017325 1017325 0
10 5534 rs1349893 56701951 1 0.00413532491251443 56701951 56701951 0
10 11534 rs11196152 114686805 1 0.00413404156750474 114686805 114686805 0
10 12859 rs7908482 126802447 1 -0.00412888852227606 126802447 126802447 0
10 7327 rs12253257 72657973 1 0.00410104250948452 72657973 72657973 0
10 10067 rs12358777 99047159 1 0.00409915276805916 99047159 99047159 0
10 4478 rs268289 44598146 2 -0.00409552543674667 44598146 44598146 0
10 2192 rs2298126 16558985 1 -0.00408761847684734 16558985 16558985 0
10 8120 rs7905321 81057833 1 -0.00401399923891031 81057833 81057833 0
10 11765 rs7077074 116539304 1 0.00401085090209386 116539304 116539304 0
10 13821 rs10870303 134191811 1 -0.00398193419025955 134191811 134191811 0
10 1744 rs17152941 13258459 1 0.00397824613650272 13258459 13258459 0
10 12990 rs6597753 127948079 2 -0.00393976011248152 127948079 127948079 0
10 6233 rs7073837 63699895 1 0.00393223057093038 63699895 63699895 0
10 2033 rs7087438 15009109 1 0.00388324752136503 15009109 15009109 0
10 6251 rs3740352 63835692 1 0.00387387971864945 63835692 63835692 0
10 4751 rs2377624 49920297 1 -0.00386982351270612 49920297 49920297 0
10 8117 rs1250539 81037229 1 0.0038457896275317 81037229 81037229 0
10 11271 rs975442 111705895 1 -0.00382213772019822 111705895 111705895 0
10 5644 rs10733945 57916382 1 -0.00379002770299151 57916382 57916382 0
10 1343 rs871158 9988716 2 -0.00378506587453172 9988716 9988716 0
10 13205 rs4750892 129352866 2 0.00378466806947761 129352866 129352866 0
10 4066 rs1926554 35344969 1 -0.00374305501375639 35344969 35344969 0
10 2844 rs11013153 23137898 1 0.00372260131612092 23137898 23137898 0
10 7955 rs1149747 79955120 2 -0.00367227090460773 79955120 79955120 0
10 1085 rs12770829 7842900 1 -0.00366553510100855 7842900 7842900 0
10 2428 rs11012832 18445483 1 -0.00363582281306792 18445483 18445483 0
10 9843 rs11188346 97289992 1 -0.00361117055269403 97289992 97289992 0
10 10281 rs7899176 101289123 1 -0.00359918797583358 101289123 101289123 0
10 11404 rs10885122 113042093 2 0.00358022547292833 113042093 113042093 0
10 4576 rs2487504 45254830 1 -0.00357151875162553 45254830 45254830 0
10 833 rs907685 5900332 1 0.00355442451723552 5900332 5900332 0
10 12840 rs7073257 126711633 1 -0.0035526466310082 126711633 126711633 0
10 12107 rs1247122 120426849 2 -0.00354787510155324 120426849 120426849 0
10 3853 rs10827185 33372725 1 -0.00354264927225846 33372725 33372725 0
10 532 rs10508265 3839024 1 0.00352820127324748 3839024 3839024 0
10 3417 rs1248999 29029736 1 -0.00350105505923192 29029736 29029736 0
10 2169 rs7071889 16427107 1 0.00349541166340817 16427107 16427107 0
10 9593 rs2298156 95134850 1 0.00349299889614816 95134850 95134850 0
10 9466 rs7087501 93930279 1 -0.00348619903855929 93930279 93930279 0
10 10839 rs10884126 107025028 1 0.00345751030035677 107025028 107025028 0
10 2395 rs2437271 18276761 1 0.00345576655051629 18276761 18276761 0
10 3651 rs906232 30831940 2 -0.00344699754207605 30831940 30831940 0
10 10112 rs7093643 99350128 1 0.00342277251063513 99350128 99350128 0
10 12162 rs2275111 120917445 1 0.00339650214011522 120917445 120917445 0
10 11975 rs2532801 118994530 1 0.0033887309303104 118994530 118994530 0
10 62 rs10508203 1119203 1 0.0033848990332354 1119203 1119203 0
10 13863 rs7894111 135320016 1 0.00335734791488833 135320016 135320016 0
10 441 rs4242746 3202065 1 0.00334944393183539 3202065 3202065 0
10 12378 rs12356763 122698414 1 0.00334280593997415 122698414 122698414 0
10 2875 rs10828431 23623523 1 -0.00334246067639857 23623523 23623523 0
10 13422 rs7904490 130783543 2 -0.00331212326178387 130783543 130783543 0
10 6688 rs10509258 67783437 1 -0.00330058532623099 67783437 67783437 0
10 5326 rs421811 55301663 2 -0.00329735692405729 55301663 55301663 0
10 12555 rs150944464 124096014 1 0.00329721318275761 124096014 124096014 0
10 1582 rs10906097 12243821 1 0.0032937507412546 12243821 12243821 0
10 2838 rs11013139 23097537 1 -0.00328448615573659 23097537 23097537 0
10 4028 rs4339985 35016625 1 -0.00327499700747483 35016625 35016625 0
10 7191 rs2763335 71577422 1 0.00325818945756946 71577422 71577422 0
10 11548 rs1923446 115002111 2 0.00323160229492465 115002111 115002111 0
10 9928 rs7081962 97919742 1 0.0032182455082607 97919742 97919742 0
10 893 rs652318 6208465 1 -0.00321661649326443 6208465 6208465 0
10 11321 rs1107442 112303595 2 0.00321510401776544 112303595 112303595 0
10 6154 rs12267116 63307297 2 -0.003192788509145 63307297 63307297 0
10 5461 rs11004365 56302543 1 -0.00318655192548616 56302543 56302543 0
10 2996 rs2478094 25161334 1 -0.00317736388157975 25161334 25161334 0
10 862 rs4749926 6085312 1 0.00317621945667212 6085312 6085312 0
10 11723 rs1570224 116177609 1 -0.00317424070869589 116177609 116177609 0
10 10361 rs4919418 101792441 1 -0.00315487816043986 101792441 101792441 0
10 4344 rs4949062 43485964 1 -0.00315288385619751 43485964 43485964 0
10 3405 rs10826489 28961432 1 0.00314588160194154 28961432 28961432 0
10 6111 rs1897368 62690415 2 -0.00313814404498289 62690415 62690415 0
10 9816 rs17110707 97156908 1 0.00312557619184236 97156908 97156908 0
10 10432 rs140202357 102891390 1 0.00312414772511415 102891390 102891390 0
10 13216 rs7077174 129382253 1 -0.00310344708614113 129382253 129382253 0
10 341 rs11251392 2635863 1 0.00309922597240547 2635863 2635863 0
10 9812 rs61739184 97141487 1 -0.00309049725373095 97141487 97141487 0
10 13611 rs11017359 132387898 1 -0.003086575759699 132387898 132387898 0
10 13070 rs6597823 128546740 1 -0.00306288367866743 128546740 128546740 0
10 13052 rs7902474 128405292 1 0.00306062654161975 128405292 128405292 0
10 3474 rs2783436 29348259 1 -0.00305954188967365 29348259 29348259 0
10 891 rs3763700 6181709 1 0.00305525278349002 6181709 6181709 0
10 7563 rs7069703 73970451 1 0.00305036483018444 73970451 73970451 0
10 1128 rs946028 8348329 2 -0.0030439842899318602 8348329 8348329 0
10 2628 rs11011740 20305855 1 0.00301466317080313 20305855 20305855 0
10 406 rs3829910 3095281 1 0.0030016852471096 3095281 3095281 0
10 6473 rs2394084 66373497 1 -0.0029926928237527 66373497 66373497 0
10 4724 rs2120910 49768432 1 -0.00298642562795703 49768432 49768432 0
10 9492 rs4933731 94363993 1 0.0029708094037171 94363993 94363993 0
10 12853 rs12243317 126734419 1 -0.00297064153973077 126734419 126734419 0
10 11506 rs7904918 114169664 1 -0.0029651436140254 114169664 114169664 0
10 13869 rs6413419 135345675 1 0.00296218320809952 135345675 135345675 0
10 4380 rs2252783 43907495 1 0.00296021235850709 43907495 43907495 0
10 5976 rs7078432 61722273 1 -0.00293771698040967 61722273 61722273 0
10 8384 rs2224111 83744188 1 -0.00293466718827634 83744188 83744188 0
10 847 rs17320853 6000259 1 0.00293322595127369 6000259 6000259 0
10 974 rs2501685 6813216 1 -0.00293280022584197 6813216 6813216 0
10 4721 rs1345111 49765063 2 -0.00293249395557956 49765063 49765063 0
10 13455 rs7916199 130939105 1 0.00291999981577916 130939105 130939105 0
10 12119 rs17098018 120497952 1 0.00291313132869314 120497952 120497952 0
10 1045 rs2255576 7514583 2 0.00290220222318324 7514583 7514583 0
10 11946 rs1900501 118536492 1 -0.00284060452779498 118536492 118536492 0
10 5928 rs16913885 61388368 1 0.0028360705460324 61388368 61388368 0
10 9680 rs10786152 95893514 1 0.00283374054764201 95893514 95893514 0
10 10421 rs11190812 102824292 1 0.00283074461211247 102824292 102824292 0
10 834 rs907686 5900693 2 0.00282613843901021 5900693 5900693 0
10 10804 rs17790008 106845381 1 0.00281353138155376 106845381 106845381 0
10 12656 rs7084808 125068696 1 -0.00280037021809891 125068696 125068696 0
10 13302 rs3781303 129897791 1 0.00279670626275604 129897791 129897791 0
10 9192 rs11202952 90825718 1 -0.00278788303068811 90825718 90825718 0
10 2890 rs16923552 23907200 1 -0.00278708229398947 23907200 23907200 0
10 835 rs907688 5900822 2 0.00278205931059192 5900822 5900822 0
10 13652 rs4750838 132676283 2 -0.00278181689036699 132676283 132676283 0
10 8940 rs17320915 87968625 1 -0.00277478994860969 87968625 87968625 0
10 1551 rs4750112 11828686 1 0.00277012033161819 11828686 11828686 0
10 9004 rs746677 88700638 1 -0.00275245721641545 88700638 88700638 0
10 11281 rs6584974 111928784 1 0.00275138420881462 111928784 111928784 0
10 13426 rs11016590 130786576 1 -0.00274874890490938 130786576 130786576 0
10 461 rs7090790 3416737 2 -0.00274762762350174 3416737 3416737 0
10 70 rs11250268 1159566 1 0.0027393152416543 1159566 1159566 0
10 8094 rs11002826 80874092 1 0.00272739984693702 80874092 80874092 0
10 9936 rs2125062 97980721 1 -0.00272529502946175 97980721 97980721 0
10 11523 rs7075671 114501685 1 -0.00271326487136319 114501685 114501685 0
10 8085 rs2297922 80828245 2 -0.00271306889183752 80828245 80828245 0
10 9181 rs1800682 90749963 1 0.00271241658517705 90749963 90749963 0
10 4613 rs10047345 45537344 1 -0.00270753337851762 45537344 45537344 0
10 7051 rs10998461 70616517 1 -0.0026905259830916 70616517 70616517 0
10 12815 rs11245321 126323279 1 -0.00267614325001953 126323279 126323279 0
10 6734 rs12776004 67993507 1 -0.00267300145001348 67993507 67993507 0
10 9345 rs10509605 92436384 1 0.0026528375915034 92436384 92436384 0
10 13291 rs7093446 129860813 1 -0.00262860626380701 129860813 129860813 0
10 3221 rs7918793 27497191 1 -0.00262757219201271 27497191 27497191 0
10 12593 rs2947594 124457452 1 -0.00258523913205232 124457452 124457452 0
10 12827 rs7097254 126512248 1 -0.00258047404883458 126512248 126512248 0
10 6747 rs7097811 68014395 1 0.0025772345960206 68014395 68014395 0
10 8106 rs697238 80947668 2 -0.00256222162675517 80947668 80947668 0
10 2991 rs10741067 25120376 2 -0.00256152684707154 25120376 25120376 0
10 11006 rs10509826 108804840 1 0.00255014861575817 108804840 108804840 0
10 13804 rs11146274 134073886 1 0.00254731888698351 134073886 134073886 0
10 9897 rs3181115 97628170 1 -0.00254058065159432 97628170 97628170 0
10 10166 rs4919210 100088262 1 0.00253330015702383 100088262 100088262 0
10 3127 rs3817420 26357748 1 0.0025231191979876 26357748 26357748 0
10 7439 rs7100757 73325757 1 -0.00249122235171484 73325757 73325757 0
10 3545 rs11007714 30012843 1 -0.00246899198248197 30012843 30012843 0
10 5298 rs2133470 55137321 1 -0.00245638561554783 55137321 55137321 0
10 12471 rs2935713 123432188 2 -0.00244861087507923 123432188 123432188 0
10 3275 rs7908497 27943467 1 -0.00244825488816031 27943467 27943467 0
10 4797 rs12777759 50090912 1 0.00243178510601061 50090912 50090912 0
10 11690 rs180950 115707967 2 -0.00239023260483106 115707967 115707967 0
10 4337 rs947692 43451934 1 0.00238356486009551 43451934 43451934 0
10 11403 rs10749065 113040544 1 0.00237723743406817 113040544 113040544 0
10 10170 rs4919218 100111392 1 0.00236136221317506 100111392 100111392 0
10 5339 rs12241129 55539871 1 -0.00232571783037231 55539871 55539871 0
10 782 rs11253250 5631737 1 0.00231747050022505 5631737 5631737 0
10 11291 rs17127170 111992222 1 0.00231443321536998 111992222 111992222 0
10 98 rs3793733 1421326 1 0.00230253900308676 1421326 1421326 0
10 4511 rs501120 44753867 1 0.00229132286932856 44753867 44753867 0
10 9853 rs12242918 97328974 1 -0.00229068304728697 97328974 97328974 0
10 9442 rs7072165 93565641 1 -0.00229008432358237 93565641 93565641 0
10 7296 rs2024464 72467944 1 -0.00227644631478873 72467944 72467944 0
10 7432 rs2394806 73290319 2 -0.00226997721150535 73290319 73290319 0
10 1820 rs2077150 13734850 1 0.00226992121743886 13734850 13734850 0
10 2152 rs1340132 16297598 1 -0.00226550154572411 16297598 16297598 0
10 2444 rs1613804 18515834 2 -0.00226473292285715 18515834 18515834 0
10 13400 rs2767290 130470565 2 0.00226314661052461 130470565 130470565 0
10 3791 rs2031791 32531607 2 -0.00224797111265246 32531607 32531607 0
10 4413 rs1540967 44303930 1 -0.00223022813755107 44303930 44303930 0
10 7627 rs10824031 75509273 1 0.00221980277010416 75509273 75509273 0
10 1484 rs1291843 11104819 1 -0.00221935016332604 11104819 11104819 0
10 8408 rs926929 83847988 1 0.00221691513361823 83847988 83847988 0
10 10691 rs805681 105783797 1 -0.00220279676223456 105783797 105783797 0
10 4937 rs2574983 52019288 1 -0.00219863609837172 52019288 52019288 0
10 8856 rs12772593 87005584 1 -0.00219340274612833 87005584 87005584 0
10 12026 rs11198112 119564143 1 0.00218775146667532 119564143 119564143 0
10 2468 rs11014049 18686452 1 -0.00217630492871562 18686452 18686452 0
10 6670 rs1670148 67677241 1 0.00217351685483235 67677241 67677241 0
10 5260 rs1917186 54799931 1 -0.00217313966429574 54799931 54799931 0
10 5071 rs12414562 53385460 1 -0.00215816742752803 53385460 53385460 0
10 2972 rs16924760 24724335 1 -0.00214819140647205 24724335 24724335 0
10 5168 rs1919460 54037188 1 -0.00213855912135163 54037188 54037188 0
10 8503 rs17100953 84621316 1 0.00213681554416156 84621316 84621316 0
10 3659 rs16931765 30887952 2 0.00213329699985188 30887952 30887952 0
10 6488 rs4347276 66461032 1 -0.00213200054761803 66461032 66461032 0
10 13543 rs766532 131991689 2 0.0021255123070275 131991689 131991689 0
10 973 rs4747305 6813002 1 -0.00212053936256912 6813002 6813002 0
10 8610 rs7900509 85358478 1 0.00211923894263936 85358478 85358478 0
10 9332 rs1274323 92274482 1 -0.00211712422689161 92274482 92274482 0
10 4903 rs1917814 50853526 2 0.00211295441491991 50853526 50853526 0
10 56 rs11250238 1089616 1 0.00209699213421361 1089616 1089616 0
10 13285 rs7085243 129803120 1 -0.00209383433782427 129803120 129803120 0
10 5867 rs11006227 60459795 2 0.00209116380936822 60459795 60459795 0
10 8938 rs4644592 87924667 1 -0.00205736949498783 87924667 87924667 0
10 9753 rs10509680 96734339 1 0.00204906967829202 96734339 96734339 0
10 6246 rs4948496 63805617 1 -0.00204525916120469 63805617 63805617 0
10 13421 rs7900076 130782526 1 0.00204146528015766 130782526 130782526 0
10 8459 rs7089201 84176942 1 -0.00203967344365022 84176942 84176942 0
10 2849 rs3898027 23165066 1 0.00202996534917309 23165066 23165066 0
10 11350 rs11195360 112633918 1 0.00202800228991514 112633918 112633918 0
10 9395 rs12777523 92811346 1 0.0020042676159518 92811346 92811346 0
10 13675 rs4488114 132802525 1 0.00198680502145332 132802525 132802525 0
10 1172 rs2646393 8576629 1 -0.00198484313978148 8576629 8576629 0
10 3473 rs2783434 29347220 2 0.00198256614629788 29347220 29347220 0
10 1778 rs2251555 13534851 1 0.00198180791017724 13534851 13534851 0
10 3641 rs753173 30778738 1 -0.00198015685508053 30778738 30778738 0
10 2769 rs591652 21406933 2 0.0019546140780119 21406933 21406933 0
10 917 rs4750434 6465273 1 0.00194504426157318 6465273 6465273 0
10 950 rs7904485 6664154 1 0.00193831728478974 6664154 6664154 0
10 11343 rs10885031 112498330 1 0.00193271492020479 112498330 112498330 0
10 6079 rs7072678 62344769 1 0.0019312939214889 62344769 62344769 0
10 303 rs2638450 2447002 1 -0.00192790573397566 2447002 2447002 0
10 8119 rs12355688 81055626 1 -0.0019256787833589 81055626 81055626 0
10 186 rs11250880 1926697 1 0.00192553003197653 1926697 1926697 0
10 3012 rs10764514 25235781 1 -0.00191802896863918 25235781 25235781 0
10 8123 rs7077812 81096071 1 -0.00190969376452227 81096071 81096071 0
10 10415 rs10883547 102627228 2 0.00190453514960708 102627228 102627228 0
10 5854 rs1905455 60115223 1 0.00190390698080447 60115223 60115223 0
10 9402 rs17104921 92837261 1 -0.00187701981193563 92837261 92837261 0
10 5930 rs12356193 61413353 1 -0.00187678274516311 61413353 61413353 0
10 3650 rs7894785 30830837 1 -0.00187146733024783 30830837 30830837 0
10 8409 rs1024193 83852321 1 0.00186126048856111 83852321 83852321 0
10 9866 rs11592789 97375828 1 0.00185386027844939 97375828 97375828 0
10 1057 rs4611104 7631570 1 -0.00185309590673034 7631570 7631570 0
10 3537 rs1247456 29947754 1 -0.00184930624387495 29947754 29947754 0
10 11858 rs2530343 117851318 1 -0.00183706887479939 117851318 117851318 0
10 7883 rs12221259 79152544 1 -0.00182642812352445 79152544 79152544 0
10 392 rs12220191 2989572 1 -0.00182225564536669 2989572 2989572 0
10 7720 rs1259590 77128000 1 -0.00182034829185307 77128000 77128000 0
10 9836 rs7912249 97272774 1 0.00180769072661438 97272774 97272774 0
10 1556 rs7079747 11893971 2 0.00179577609575343 11893971 11893971 0
10 4357 rs17158508 43590280 1 0.00179034605337837 43590280 43590280 0
10 9410 rs7908053 92934593 1 0.00178876947948214 92934593 92934593 0
10 1354 rs17147187 10121843 1 0.00178578193534461 10121843 10121843 0
10 8232 rs7914650 82325999 1 0.00177479094612741 82325999 82325999 0
10 9618 rs10882259 95274972 1 -0.00176491488926384 95274972 95274972 0
10 1538 rs11257159 11578174 2 0.00174667939903661 11578174 11578174 0
10 1142 rs2454062 8464847 1 -0.00173478481243207 8464847 8464847 0
10 6866 rs4237311 68607338 1 -0.00171765046133668 68607338 68607338 0
10 5879 rs7911331 60832582 1 -0.00171552165391514 60832582 60832582 0
10 1928 rs4750511 14391273 1 -0.00171383260645892 14391273 14391273 0
10 8462 rs7088585 84180205 1 -0.00170524103143677 84180205 84180205 0
10 7282 rs751644 72406967 1 0.00170085317390652 72406967 72406967 0
10 11724 rs10885565 116178891 1 -0.0016995732718311 116178891 116178891 0
10 102 rs2820651 1471765 1 0.00169547141189604 1471765 1471765 0
10 10934 rs17120734 108170803 2 -0.00169527752835291 108170803 108170803 0
10 1846 rs2447026 14002143 1 -0.00168967196496054 14002143 14002143 0
10 3189 rs10829053 26992105 1 -0.00168846181895472 26992105 26992105 0
10 6395 rs12355784 65121565 1 -0.00167894084986258 65121565 65121565 0
10 13403 rs4750993 130518039 1 0.00166959241458785 130518039 130518039 0
10 8022 rs252822 80453448 1 -0.00166896311003526 80453448 80453448 0
10 65 rs7080072 1129527 1 0.00166495221638851 1129527 1129527 0
10 4187 rs10827697 37035679 1 0.00166451377781579 37035679 37035679 0
10 7557 rs2306324 73848075 1 0.00166428051936449 73848075 73848075 0
10 11062 rs2083597 109375673 1 -0.00165489780367593 109375673 109375673 0
10 8110 rs16937032 80963517 1 0.00165373046744424 80963517 80963517 0
10 11539 rs7903146 114758349 1 -0.00165294571060845 114758349 114758349 0
10 10555 rs284861 104572276 1 0.00164462070681409 104572276 104572276 0
10 12917 rs10794018 127394788 1 0.00163556225670697 127394788 127394788 0
10 3972 rs743107 34209459 2 -0.00163421675392713 34209459 34209459 0
10 8471 rs2247247 84383277 2 -0.00163162597182313 84383277 84383277 0
10 931 rs3793727 6508377 1 -0.00162100509053856 6508377 6508377 0
10 9306 rs1329180 91930931 1 0.00161874576421395 91930931 91930931 0
10 11401 rs10749064 113040471 2 0.00161382269419831 113040471 113040471 0
10 8316 rs11189282 83059717 1 0.00161068716828602 83059717 83059717 0
10 13275 rs11591839 129677202 1 -0.00161061599766847 129677202 129677202 0
10 6177 rs10821899 63383502 1 0.00160465910496524 63383502 63383502 0
10 2399 rs6482124 18298132 1 0.00160241827029274 18298132 18298132 0
10 292 rs7099701 2363832 1 0.00160064708974773 2363832 2363832 0
10 750 rs1931669 5321569 2 0.00159811787461547 5321569 5321569 0
10 3539 rs9888055 29955649 1 -0.00159360137718476 29955649 29955649 0
10 11936 rs2420330 118457481 1 0.00158655508009666 118457481 118457481 0
10 8882 rs1949058 87251652 1 0.00158280937231915 87251652 87251652 0
10 434 rs3758630 3188071 1 0.00157883713297848 3188071 3188071 0
10 13312 rs1063535 129902281 1 0.00156399542493157 129902281 129902281 0
10 202 rs7923705 1962508 1 -0.00154544090640313 1962508 1962508 0
10 1782 rs11258437 13569805 1 -0.00154543074471816 13569805 13569805 0
10 6290 rs10509169 64276759 1 0.00154465042470281 64276759 64276759 0
10 1001 rs2501683 6965134 1 0.00154010791881102 6965134 6965134 0
10 7381 rs34957097 73046617 1 -0.00153562625495845 73046617 73046617 0
10 12085 rs12571492 120231835 1 0.00151154092713768 120231835 120231835 0
10 12515 rs11200385 123842523 1 -0.00150209745305904 123842523 123842523 0
10 13780 rs9419580 133553373 1 -0.00150144559712035 133553373 133553373 0
10 3424 rs17759689 29054941 2 -0.00149772124281121 29054941 29054941 0
10 9027 rs11202455 89332144 1 -0.00149748214599797 89332144 89332144 0
10 7268 rs61737673 72291172 1 -0.00149527940845573 72291172 72291172 0
10 8585 rs10736265 85124375 1 -0.00149354160098738 85124375 85124375 0
10 3144 rs4749097 26483504 2 0.00149249605344557 26483504 26483504 0
10 938 rs571715 6556554 1 0.00148822841412635 6556554 6556554 0
10 8607 rs17102157 85318842 1 0.001487867305837 85318842 85318842 0
10 6318 rs224149 64487073 1 -0.00147783422023878 64487073 64487073 0
10 4367 rs2505556 43666623 2 -0.00147351094359235 43666623 43666623 0
10 1816 rs943101 13729426 1 0.00146855850048052 13729426 13729426 0
10 6236 rs10821936 63723577 1 0.00145296804045756 63723577 63723577 0
10 7202 rs2683560 71615124 1 -0.00145152256083464 71615124 71615124 0
10 9009 rs2296063 88852942 1 0.00144225039305088 88852942 88852942 0
10 11067 rs2418960 109393286 1 -0.00144025760549526 109393286 109393286 0
10 4061 rs7920095 35303334 1 -0.00143722518247546 35303334 35303334 0
10 2997 rs1932422 25164979 1 0.00143702415845896 25164979 25164979 0
10 9911 rs12775584 97732604 1 0.00142757053535451 97732604 97732604 0
10 7291 rs10999467 72441228 1 -0.00142706894706274 72441228 72441228 0
10 11681 rs17235094 115610004 1 -0.00141637780862857 115610004 115610004 0
10 8701 rs4933987 85994719 1 -0.00141397958475911 85994719 85994719 0
10 8017 rs1655627 80410110 1 0.00141092360490873 80410110 80410110 0
10 2752 rs1832677 21270480 1 -0.00140363535924633 21270480 21270480 0
10 850 rs3136618 6001696 1 -0.00140351030852442 6001696 6001696 0
10 9659 rs11187653 95530204 2 -0.00140083101976667 95530204 95530204 0
10 8682 rs11200905 85939031 1 -0.0013905156414219 85939031 85939031 0
10 6728 rs7067590 67969419 1 0.00139040803608569 67969419 67969419 0
10 8764 rs1891655 86387167 2 -0.00138221236227361 86387167 86387167 0
10 12634 rs2495769 124957828 1 -0.00138082936496132 124957828 124957828 0
10 2180 rs7097885 16506501 2 -0.0013787515689796 16506501 16506501 0
10 916 rs667899 6464156 1 0.0013777612096754 6464156 6464156 0
10 12948 rs2078114 127776336 1 0.00137727287130122 127776336 127776336 0
10 3213 rs7914382 27265641 1 0.00137579621799445 27265641 27265641 0
10 3800 rs950132 32624636 1 0.00137323716775365 32624636 32624636 0
10 8696 rs11200927 85984444 1 0.00136656271474175 85984444 85984444 0
10 11902 rs17094717 118185623 1 0.00136185175786674 118185623 118185623 0
10 6215 rs2588941 63588911 1 -0.00135942669443722 63588911 63588911 0
10 8082 rs11002793 80801482 1 -0.00135367828730157 80801482 80801482 0
10 1353 rs715814 10117897 1 0.00134995786219866 10117897 10117897 0
10 10740 rs1413712 106377686 1 -0.00134534580438329 106377686 106377686 0
10 10272 rs12261087 101252165 2 -0.00134042643216081 101252165 101252165 0
10 11620 rs7923349 115336367 1 -0.00133662228239043 115336367 115336367 0
10 3649 rs3105630 30830592 1 -0.00133384695410163 30830592 30830592 0
10 9117 rs6586120 89863761 1 0.00133012988667233 89863761 89863761 0
10 2040 rs17156239 15079699 2 0.00132416388883507 15079699 15079699 0
10 4295 rs2473114 43183225 1 -0.00132406017009955 43183225 43183225 0
10 6258 rs7912580 63915972 1 -0.001307869908773 63915972 63915972 0
10 1595 rs7100726 12450495 1 0.0013023671379985501 12450495 12450495 0
10 1155 rs4749770 8536278 1 -0.00130193252246933 8536278 8536278 0
10 1557 rs717800 11919872 1 0.00128682512728818 11919872 11919872 0
10 4925 rs3123078 51524971 1 0.00128489539392112 51524971 51524971 0
10 5849 rs2590289 60059641 1 -0.00128357341895068 60059641 60059641 0
10 9745 rs9332092 96696529 1 0.0012832331658802 96696529 96696529 0
10 12013 rs855994 119407615 1 -0.00127981540809106 119407615 119407615 0
10 11484 rs4306236 113980294 1 -0.00127866600990185 113980294 113980294 0
10 8455 rs7078253 84136681 1 0.00127855511380768 84136681 84136681 0
10 12260 rs3188055 121586882 1 0.00127295688785648 121586882 121586882 0
10 1529 rs2454797 11431693 1 0.00126505536073795 11431693 11431693 0
10 12512 rs10788233 123815371 1 0.00126493593002887 123815371 123815371 0
10 777 rs11253227 5594362 2 0.0012596697834422 5594362 5594362 0
10 13593 rs448669 132268933 1 0.00124834118363761 132268933 132268933 0
10 13213 rs971175 129373991 1 -0.0012457512590031 129373991 129373991 0
10 9830 rs1571131 97252314 2 0.00124169926284559 97252314 97252314 0
10 4684 rs786772 48601573 1 0.00123025913297717 48601573 48601573 0
10 7088 rs5030937 70975897 1 -0.00122430000436938 70975897 70975897 0
10 12299 rs4376826 121952250 1 -0.00122422973034341 121952250 121952250 0
10 1586 rs7068966 12277992 1 0.00122007697683133 12277992 12277992 0
10 11969 rs363315 118969346 1 0.00121908574957311 118969346 118969346 0
10 9266 rs10881687 91605122 2 0.00121285513232873 91605122 91605122 0
10 580 rs1325998 4092494 1 -0.00121262781090862 4092494 4092494 0
10 3591 rs11007825 30223537 1 -0.00121129873281235 30223537 30223537 0
10 4467 rs7898629 44562687 2 -0.00121031879484914 44562687 44562687 0
10 10671 rs11191839 105634895 1 0.00120856156596755 105634895 105634895 0
10 1253 rs10905495 9018109 1 -0.00120750901978165 9018109 9018109 0
10 422 rs11251728 3163452 1 -0.00120305265975025 3163452 3163452 0
10 1706 rs604772 13056587 2 0.00118803112986922 13056587 13056587 0
10 2166 rs4748282 16400072 2 0.00118238751675174 16400072 16400072 0
10 11559 rs572679 115093617 1 -0.00118127853869102 115093617 115093617 0
10 1118 rs494602 8270890 1 0.00117927687354293 8270890 8270890 0
10 2626 rs7913119 20294352 1 -0.00117907866301234 20294352 20294352 0
10 6782 rs2456737 68155334 1 0.0011753000890248 68155334 68155334 0
10 5630 rs12782822 57683893 1 0.00117220275462802 57683893 57683893 0
10 8095 rs6480922 80913782 1 0.00115363888869748 80913782 80913782 0
10 7100 rs7897621 71056150 1 0.00114822996385178 71056150 71056150 0
10 10770 rs4918129 106588976 1 0.00114736855335351 106588976 106588976 0
10 6183 rs16914850 63412639 1 -0.00114585245559521 63412639 63412639 0
10 9986 rs11188782 98236565 1 -0.00114378797673206 98236565 98236565 0
10 3289 rs6481494 28216167 1 -0.00114126824871033 28216167 28216167 0
10 10273 rs4313504 101257478 2 -0.00113845101961878 101257478 101257478 0
10 8246 rs6586106 82372300 1 -0.0011353842072028 82372300 82372300 0
10 1344 rs2895011 9989419 1 -0.00113508923509388 9989419 9989419 0
10 5107 rs2454564 53736306 1 0.00113283517308875 53736306 53736306 0
10 7699 rs11001309 76919273 1 0.00111891289316771 76919273 76919273 0
10 8574 rs4362092 85062296 1 0.00111738334647172 85062296 85062296 0
10 1458 rs7085538 10874535 1 0.00111386559156588 10874535 10874535 0
10 12916 rs9422941 127372751 1 -0.00111187015839066 127372751 127372751 0
10 9138 rs12572813 90069353 2 0.00110977580600834 90069353 90069353 0
10 9546 rs7070947 94967076 1 -0.0011082165645085 94967076 94967076 0
10 4412 rs10899912 44296893 1 -0.00109841799598982 44296893 44296893 0
10 11488 rs11195874 114047787 1 0.00109824232482207 114047787 114047787 0
10 2434 rs1888692 18453209 1 0.00109143151264985 18453209 18453209 0
10 13820 rs10870302 134191738 1 -0.00108973958209986 134191738 134191738 0
10 4803 rs1913517 50119054 1 0.00108538880059776 50119054 50119054 0
10 13443 rs2123425 130883170 1 -0.00107965031339502 130883170 130883170 0
10 2786 rs7899812 21725452 1 0.00107897683194831 21725452 21725452 0
10 12344 rs10886730 122394214 1 0.00107718358439792 122394214 122394214 0
10 11434 rs4304698 113512966 1 -0.00107173990599797 113512966 113512966 0
10 11359 rs9703807 112741551 2 -0.00106734475062553 112741551 112741551 0
10 12231 rs196313 121383036 1 0.00106193433764169 121383036 121383036 0
10 2609 rs7080901 20144397 1 -0.00105997846991045 20144397 20144397 0
10 6381 rs871690 64894059 1 0.00105664449407932 64894059 64894059 0
10 10900 rs17119461 107516352 1 0.00105456259570306 107516352 107516352 0
10 5460 rs11004362 56302374 1 -0.00105242077690596 56302374 56302374 0
10 952 rs7916225 6693011 1 -0.00105005471713752 6693011 6693011 0
10 3857 rs2755997 33375191 1 -0.00104382482510651 33375191 33375191 0
10 2025 rs7900873 14863864 1 -0.00103974784581273 14863864 14863864 0
10 3013 rs3808907 25242922 2 0.00103580400742082 25242922 25242922 0
10 6487 rs2139899 66459187 1 -0.00103545831340126 66459187 66459187 0
10 992 rs11254831 6913802 1 -0.00102990614486656 6913802 6913802 0
10 8513 rs1609605 84655185 1 -0.00102962207944284 84655185 84655185 0
10 7926 rs4979920 79529807 1 -0.00102824728340933 79529807 79529807 0
10 11001 rs6584784 108785115 1 -0.00102668045291397 108785115 108785115 0
10 7200 rs3858154 71598059 1 0.00102654182471808 71598059 71598059 0
10 5999 rs11599447 61869059 1 -0.00102594104857713 61869059 61869059 0
10 10685 rs11191878 105716540 1 0.00102427764313298 105716540 105716540 0
10 6211 rs12247913 63576349 2 -0.00101940831263808 63576349 63576349 0
10 1641 rs1004247 12686487 1 -0.00101936889667149 12686487 12686487 0
10 8415 rs12249088 83922529 1 0.00101880766710376 83922529 83922529 0
10 2369 rs7358275 17661778 2 0.00101435234887963 17661778 17661778 0
10 9827 rs7913770 97219175 1 -0.00100880443440605 97219175 97219175 0
10 2067 rs2138929 15294548 1 0.00100395415389597 15294548 15294548 0
10 946 rs1327249 6651563 1 0.00100235199411686 6651563 6651563 0
10 10519 rs10786663 104064548 1 0.00100186937246861 104064548 104064548 0
10 5133 rs12778630 53814383 2 9.954431330606265e-4 53814383 53814383 0
10 7111 rs1867971 71145486 1 9.94737785312331e-4 71145486 71145486 0
10 13803 rs11146273 134073393 1 9.919849279314255e-4 134073393 134073393 0
10 1380 rs1575562 10514307 1 -9.903711913745263e-4 10514307 10514307 0
10 6385 rs10733788 64917865 1 -9.87575012300331e-4 64917865 64917865 0
10 1919 rs1218335 14306078 1 9.826377419061589e-4 14306078 14306078 0
10 9665 rs11187723 95653401 1 -9.792770357755338e-4 95653401 95653401 0
10 6235 rs7090445 63721176 1 9.764986117410187e-4 63721176 63721176 0
10 1257 rs1243438 9028677 1 9.757797885176064e-4 9028677 9028677 0
10 13790 rs11156481 133647554 1 9.752990996770628e-4 133647554 133647554 0
10 11317 rs5015510 112235106 1 -9.741146734287184e-4 112235106 112235106 0
10 2670 rs1332551 20676808 1 9.625555164226656e-4 20676808 20676808 0
10 10396 rs1539089 102221424 1 9.622311654664206e-4 102221424 102221424 0
10 12127 rs11596456 120572246 1 -9.58405983977123e-4 120572246 120572246 0
10 7614 rs11000645 75162263 2 -9.565663925547008e-4 75162263 75162263 0
10 10049 rs2784920 98913628 1 9.559831933999478e-4 98913628 98913628 0
10 13767 rs10872807 133443512 1 9.546414184434308e-4 133443512 133443512 0
10 10953 rs12262411 108244976 2 -9.54023919375357e-4 108244976 108244976 0
10 9860 rs10882635 97348845 1 -9.534140459584792e-4 97348845 97348845 0
10 7156 rs6480424 71488223 1 -9.507875387450472e-4 71488223 71488223 0
10 4795 rs12777007 50082108 2 -9.471003728633556e-4 50082108 50082108 0
10 7711 rs2456251 77052632 1 9.413445472100504e-4 77052632 77052632 0
10 13830 rs76581191 134649709 1 -9.391878809264072e-4 134649709 134649709 0
10 8091 rs11002816 80858592 1 9.378343256054816e-4 80858592 80858592 0
10 5869 rs1992657 60581614 1 9.32216035953601e-4 60581614 60581614 0
10 11274 rs9630101 111738451 1 -9.298662308128404e-4 111738451 111738451 0
10 4807 rs17772611 50122109 1 9.222546107673096e-4 50122109 50122109 0
10 150 rs4303163 1696510 1 -9.218664490779504e-4 1696510 1696510 0
10 9197 rs2841016 90837919 1 9.191966080486972e-4 90837919 90837919 0
10 8510 rs12250654 84646857 1 -9.15446592029547e-4 84646857 84646857 0
10 1895 rs11258899 14186840 1 9.115954903354334e-4 14186840 14186840 0
10 3700 rs3006603 31210609 1 9.048955925089564e-4 31210609 31210609 0
10 2808 rs2243897 22498209 1 -9.016595278948034e-4 22498209 22498209 0
10 824 rs2797501 5804531 1 -8.9842512513471e-4 5804531 5804531 0
10 8991 rs12244574 88443060 1 -8.983443704916431e-4 88443060 88443060 0
10 11511 rs1536081 114365647 1 -8.97158487777213e-4 114365647 114365647 0
10 11355 rs7079511 112686323 1 -8.962652664123302e-4 112686323 112686323 0
10 10070 rs11189119 99067289 1 8.956412451135287e-4 99067289 99067289 0
10 12285 rs4415675 121825959 1 8.917578339706888e-4 121825959 121825959 0
10 1416 rs7919635 10690733 1 -8.914009017350607e-4 10690733 10690733 0
10 3428 rs11007234 29058083 1 -8.912584085391197e-4 29058083 29058083 0
10 11574 rs6585220 115192329 1 8.845898928616074e-4 115192329 115192329 0
10 1604 rs2399849 12499860 2 8.759673032822396e-4 12499860 12499860 0
10 13631 rs1876314 132515601 1 -8.677717414647592e-4 132515601 132515601 0
10 9245 rs12412483 91349049 1 8.645091553460485e-4 91349049 91349049 0
10 3486 rs495219 29466058 2 8.631786453728568e-4 29466058 29466058 0
10 2516 rs7897030 19026383 1 -8.593085194783508e-4 19026383 19026383 0
10 6238 rs10821938 63724773 1 -8.528642539103691e-4 63724773 63724773 0
10 2485 rs11598027 18760635 1 8.515438652863739e-4 18760635 18760635 0
10 8243 rs1878041 82349461 1 -8.51260534256797e-4 82349461 82349461 0
10 8935 rs7921149 87909947 1 8.505050207200245e-4 87909947 87909947 0
10 13665 rs10829844 132721599 1 8.47541177520056e-4 132721599 132721599 0
10 10639 rs902991 105342900 1 -8.435867310794855e-4 105342900 105342900 0
10 13825 rs2819718 134404571 1 8.427957274892381e-4 134404571 134404571 0
10 10378 rs2230804 101977883 1 8.42662234246905e-4 101977883 101977883 0
10 6615 rs7095596 67399447 1 -8.37441791339704e-4 67399447 67399447 0
10 6117 rs2633295 62969458 1 -8.338472790402627e-4 62969458 62969458 0
10 7465 rs3849958 73431596 1 8.338037273708176e-4 73431596 73431596 0
10 13178 rs869801 129245684 1 8.314322616075726e-4 129245684 129245684 0
10 2863 rs11013292 23400393 1 -8.312988512514175e-4 23400393 23400393 0
10 3969 rs7905447 34173438 1 -8.307014904151685e-4 34173438 34173438 0
10 11245 rs6584940 111239425 1 8.304419549866055e-4 111239425 111239425 0
10 6090 rs10761545 62418569 1 8.244949325550662e-4 62418569 62418569 0
10 2005 rs1410073 14734972 1 8.238480385122819e-4 14734972 14734972 0
10 12073 rs11198411 120188362 1 -8.231133409581405e-4 120188362 120188362 0
10 2806 rs1926690 22471741 1 8.218119302943472e-4 22471741 22471741 0
10 12526 rs4752655 123897130 1 8.217535723510532e-4 123897130 123897130 0
10 2874 rs11013364 23570792 1 -8.160645292461558e-4 23570792 23570792 0
10 3212 rs7069690 27258640 1 -8.129832677147899e-4 27258640 27258640 0
10 3089 rs2437399 26119044 1 8.116926015299143e-4 26119044 26119044 0
10 3219 rs10764687 27475579 1 8.089490257850898e-4 27475579 27475579 0
10 11226 rs4396209 111000911 1 8.073682545021721e-4 111000911 111000911 0
10 6181 rs10994850 63407186 1 -8.031434296437686e-4 63407186 63407186 0
10 9430 rs1418159 93362627 1 -8.018120341510227e-4 93362627 93362627 0
10 7507 rs4747204 73598889 1 -8.017082411337964e-4 73598889 73598889 0
10 6212 rs12266520 63583730 1 8.002153161663694e-4 63583730 63583730 0
10 8391 rs7068239 83786851 1 7.975639867857426e-4 83786851 83786851 0
10 627 rs11252571 4554674 1 7.912559059511881e-4 4554674 4554674 0
10 5486 rs4935119 56467874 1 -7.907932255162831e-4 56467874 56467874 0
10 5220 rs7477069 54542138 1 -7.886394800847553e-4 54542138 54542138 0
10 9311 rs10219117 92022480 1 7.872240611229708e-4 92022480 92022480 0
10 11912 rs10787677 118238417 1 -7.866415841947522e-4 118238417 118238417 0
10 9844 rs10882611 97294813 1 7.864297622631567e-4 97294813 97294813 0
10 7993 rs10824609 80206903 1 7.860670877163448e-4 80206903 80206903 0
10 2299 rs4748363 17247729 1 -7.858321221294871e-4 17247729 17247729 0
10 7330 rs10509325 72704144 1 7.8459111036773e-4 72704144 72704144 0
10 6300 rs4508090 64329247 1 -7.799459961833524e-4 64329247 64329247 0
10 6853 rs4746638 68578970 2 -7.77320186877463e-4 68578970 68578970 0
10 4258 rs289637 37923183 1 7.768470771124659e-4 37923183 37923183 0
10 6639 rs10509235 67560490 1 7.755688962137287e-4 67560490 67560490 0
10 11905 rs1431486 118193132 1 7.716565096137272e-4 118193132 118193132 0
10 114 rs2676774 1553772 1 7.657491138874581e-4 1553772 1553772 0
10 7613 rs16930547 75147579 1 -7.628693786615741e-4 75147579 75147579 0
10 13290 rs4601676 129860234 1 -7.607976589657836e-4 129860234 129860234 0
10 6415 rs2393992 65414090 1 -7.594181782610701e-4 65414090 65414090 0
10 12497 rs12240893 123630087 1 -7.590937647773228e-4 123630087 123630087 0
10 11576 rs1416134 115193523 1 7.556443425067863e-4 115193523 115193523 0
10 8631 rs11200713 85628215 1 7.521700843292647e-4 85628215 85628215 0
10 10980 rs10786972 108517729 1 -7.509668837187973e-4 108517729 108517729 0
10 8647 rs17329709 85755077 1 7.486129245911991e-4 85755077 85755077 0
10 11441 rs6585111 113524371 2 7.478175993303816e-4 113524371 113524371 0
10 7733 rs12261071 77605724 1 -7.45911965144591e-4 77605724 77605724 0
10 2885 rs12260319 23863296 1 7.456848228401886e-4 23863296 23863296 0
10 5939 rs1171617 61467182 1 -7.442140593304429e-4 61467182 61467182 0
10 3173 rs787068 26808561 1 7.430089464682051e-4 26808561 26808561 0
10 828 rs7900361 5856984 1 7.423467655387349e-4 5856984 5856984 0
10 9411 rs7098577 92937921 1 -7.401289026351394e-4 92937921 92937921 0
10 13632 rs2174715 132516104 1 -7.393462494989875e-4 132516104 132516104 0
10 3487 rs478463 29467377 1 -7.382519532830691e-4 29467377 29467377 0
10 1783 rs4750377 13573636 1 -7.368970152410684e-4 13573636 13573636 0
10 2981 rs2249911 24837715 1 7.368268321177659e-4 24837715 24837715 0
10 3765 rs10508768 32092377 1 7.362885825187329e-4 32092377 32092377 0
10 12517 rs4752642 123846288 1 -7.324305120857997e-4 123846288 123846288 0
10 10510 rs7083450 103984060 1 -7.310419591408183e-4 103984060 103984060 0
10 6605 rs2800210 67193355 1 7.289037770310251e-4 67193355 67193355 0
10 2270 rs11254325 17039809 2 7.284386394925005e-4 17039809 17039809 0
10 1007 rs870871 6997213 1 7.231184240617274e-4 6997213 6997213 0
10 9398 rs11595896 92818094 1 -7.204831893041811e-4 92818094 92818094 0
10 13882 rs1536826 135357239 1 7.195570330098308e-4 135357239 135357239 0
10 3642 rs12779604 30790361 1 7.161116304939178e-4 30790361 30790361 0
10 3996 rs1121682 34492188 1 -7.15389627261668e-4 34492188 34492188 0
10 2631 rs2460594 20431361 1 7.138673019882566e-4 20431361 20431361 0
10 3875 rs2506144 33468456 1 -7.130910389276876e-4 33468456 33468456 0
10 9977 rs2861580 98208287 1 7.126278502064994e-4 98208287 98208287 0
10 6825 rs4746611 68393666 1 7.114877439726123e-4 68393666 68393666 0
10 3081 rs10764581 25996101 1 7.093421867980199e-4 25996101 25996101 0
10 4373 rs2503872 43793625 1 -7.082896831969322e-4 43793625 43793625 0
10 12826 rs4962696 126445630 1 7.077998075199086e-4 126445630 126445630 0
10 8206 rs4934027 82035560 1 -7.039325245740179e-4 82035560 82035560 0
10 2477 rs10741061 18721204 1 7.021212486654227e-4 18721204 18721204 0
10 12939 rs10901528 127742255 1 6.993275355671166e-4 127742255 127742255 0
10 1694 rs928339 12984272 2 6.982451540928861e-4 12984272 12984272 0
10 13615 rs12360112 132409262 1 -6.967571404607809e-4 132409262 132409262 0
10 6105 rs7081336 62640488 1 6.966421859729062e-4 62640488 62640488 0
10 1345 rs11256402 9995867 1 6.948657682900258e-4 9995867 9995867 0
10 9575 rs787679 95080747 1 6.944474772061611e-4 95080747 95080747 0
10 8245 rs17107222 82355408 2 -6.93672434246558e-4 82355408 82355408 0
10 11348 rs726803 112586096 1 -6.932192067413174e-4 112586096 112586096 0
10 13270 rs11816315 129634584 1 6.919288912466611e-4 129634584 129634584 0
10 1665 rs3818675 12858045 2 6.896629709869771e-4 12858045 12858045 0
10 3514 rs1054767 29774578 1 -6.788022908041159e-4 29774578 29774578 0
10 7052 rs1007042 70616973 1 -6.785161112166655e-4 70616973 70616973 0
10 9199 rs2211595 90843886 2 6.763104230259817e-4 90843886 90843886 0
10 7332 rs880314 72706707 1 6.744789234879112e-4 72706707 72706707 0
10 148 rs7072699 1692796 2 -6.733553907049182e-4 1692796 1692796 0
10 293 rs7089055 2368260 1 -6.694717925325767e-4 2368260 2368260 0
10 1090 rs2802457 7886084 1 6.683096978619238e-4 7886084 7886084 0
10 924 rs10796145 6474027 1 -6.647016352021114e-4 6474027 6474027 0
10 10939 rs7099596 108192651 1 -6.609042700891664e-4 108192651 108192651 0
10 836 rs907689 5900973 2 -6.609041579928853e-4 5900973 5900973 0
10 9531 rs11592783 94899077 1 -6.600956922596924e-4 94899077 94899077 0
10 12496 rs10510102 123625190 1 6.59183697182685e-4 123625190 123625190 0
10 6020 rs1340654 61998060 1 6.568339402496926e-4 61998060 61998060 0
10 4348 rs17432714 43526023 1 -6.561884263790497e-4 43526023 43526023 0
10 7904 rs11002200 79298998 1 6.526771297068978e-4 79298998 79298998 0
10 8442 rs7069367 84074976 1 -6.52591959839739e-4 84074976 84074976 0
10 8700 rs3814209 85992511 1 -6.520793612071662e-4 85992511 85992511 0
10 1580 rs2245590 12198884 1 6.518470467277582e-4 12198884 12198884 0
10 13868 rs915906 135343738 1 -6.51467432736292e-4 135343738 135343738 0
10 6665 rs10509245 67667884 2 -6.481287205692855e-4 67667884 67667884 0
10 7510 rs4746097 73616575 1 6.478286406089672e-4 73616575 73616575 0
10 5595 rs7475472 57431871 1 -6.472802178634771e-4 57431871 57431871 0
10 7844 rs2574784 78875741 2 -6.452098590331417e-4 78875741 78875741 0
10 11537 rs7901275 114732906 1 6.452035229230273e-4 114732906 114732906 0
10 7336 rs10999616 72719407 1 6.41933168420768e-4 72719407 72719407 0
10 6104 rs12266720 62638036 1 6.416282048579121e-4 62638036 62638036 0
10 12756 rs6597881 126007164 1 6.350733477637475e-4 126007164 126007164 0
10 10632 rs2986035 105233110 1 6.350604778843761e-4 105233110 105233110 0
10 7712 rs1966054 77055853 1 -6.348839685965301e-4 77055853 77055853 0
10 11096 rs10509848 109562967 1 6.249973665691023e-4 109562967 109562967 0
10 4720 rs749377 49761403 1 -6.244393292838799e-4 49761403 49761403 0
10 12747 rs7922403 125933075 1 6.239894797253322e-4 125933075 125933075 0
10 1037 rs13376827 7284169 1 -6.238700940885822e-4 7284169 7284169 0
10 12223 rs12246119 121328009 1 6.223551822767559e-4 121328009 121328009 0
10 5559 rs7086823 56937626 1 6.222732858452869e-4 56937626 56937626 0
10 2160 rs1413706 16347602 1 6.222358470709115e-4 16347602 16347602 0
10 11373 rs745557 112846298 1 6.221168974175218e-4 112846298 112846298 0
10 10771 rs7900775 106600343 2 -6.213051629614386e-4 106600343 106600343 0
10 13006 rs3847470 128030244 1 6.205412959452408e-4 128030244 128030244 0
10 9211 rs1051339 91007339 1 6.195826788593016e-4 91007339 91007339 0
10 8 rs4242758 426966 1 -6.176107477780852e-4 426966 426966 0
10 7303 rs1861519 72496131 1 6.163620695588835e-4 72496131 72496131 0
10 13336 rs2387608 130084909 1 -6.143607397088826e-4 130084909 130084909 0
10 4711 rs11101355 49723037 1 6.129305700462368e-4 49723037 49723037 0
10 1703 rs12763563 13031971 2 6.126818862499071e-4 13031971 13031971 0
10 1517 rs12098246 11277613 2 6.118555371564022e-4 11277613 11277613 0
10 1574 rs3740015 12131081 1 -6.097337358392586e-4 12131081 12131081 0
10 1869 rs12250709 14089451 1 -6.088919036459107e-4 14089451 14089451 0
10 13286 rs7089539 129816246 1 6.06976903039857e-4 129816246 129816246 0
10 11235 rs11194531 111041310 1 6.064740599112272e-4 111041310 111041310 0
10 11586 rs1077793 115214962 1 6.050466999251412e-4 115214962 115214962 0
10 9303 rs11186035 91901023 1 6.035696439050987e-4 91901023 91901023 0
10 4252 rs2224371 37879010 1 -6.027382345819551e-4 37879010 37879010 0
10 1544 rs2055040 11780837 1 6.027153739610999e-4 11780837 11780837 0
10 11398 rs10885117 113022555 1 5.958543283256551e-4 113022555 113022555 0
10 7959 rs1249150 79980507 2 5.890526635389508e-4 79980507 79980507 0
10 11222 rs11815325 110982703 1 5.878696299849732e-4 110982703 110982703 0
10 7784 rs6480813 78143825 1 -5.870291751714234e-4 78143825 78143825 0
10 9072 rs2302404 89474072 1 5.859135829245522e-4 89474072 89474072 0
10 1553 rs17150863 11831111 1 -5.847884869778262e-4 11831111 11831111 0
10 1527 rs2440078 11430114 1 -5.838978231111323e-4 11430114 11430114 0
10 13042 rs10751572 128372802 1 5.838598822877076e-4 128372802 128372802 0
10 7525 rs4485025 73690571 1 5.807468846857473e-4 73690571 73690571 0
10 3143 rs10828962 26480204 1 5.804421152263595e-4 26480204 26480204 0
10 9131 rs286492 90022647 1 -5.778763575511334e-4 90022647 90022647 0
10 7189 rs7088833 71573154 1 5.770974323539675e-4 71573154 71573154 0
10 2401 rs2497789 18327731 1 -5.719762967088071e-4 18327731 18327731 0
10 7616 rs16930700 75324903 1 5.719594004643308e-4 75324903 75324903 0
10 3501 rs11007522 29602336 1 -5.706349158247179e-4 29602336 29602336 0
10 5321 rs4935078 55294187 1 -5.684424346933089e-4 55294187 55294187 0
10 9447 rs12255176 93657148 1 5.658551485403134e-4 93657148 93657148 0
10 13892 rs11101888 135419461 1 -5.614052326095321e-4 135419461 135419461 0
10 3849 rs2666282 33361337 1 5.613714388385924e-4 33361337 33361337 0
10 11349 rs7919389 112606495 1 -5.603197779182979e-4 112606495 112606495 0
10 7895 rs612732 79238692 1 5.591989050490525e-4 79238692 79238692 0
10 8683 rs11200909 85942596 1 -5.58631792980631e-4 85942596 85942596 0
10 10487 rs17114146 103401516 1 -5.549084087767893e-4 103401516 103401516 0
10 12506 rs10887046 123780784 1 5.546972717358223e-4 123780784 123780784 0
10 6162 rs10994819 63346285 1 5.52699263679893e-4 63346285 63346285 0
10 8931 rs7918518 87861382 1 -5.509031159016034e-4 87861382 87861382 0
10 10530 rs17114803 104386934 1 -5.494895157956827e-4 104386934 104386934 0
10 2026 rs7099185 14864846 1 -5.47673194294182e-4 14864846 14864846 0
10 7299 rs1816002 72483010 1 -5.473090188284049e-4 72483010 72483010 0
10 13638 rs12219907 132531025 1 -5.471266120256428e-4 132531025 132531025 0
10 12838 rs12781214 126702049 1 -5.463798593198057e-4 126702049 126702049 0
10 4443 rs6593376 44469148 1 -5.449664679331311e-4 44469148 44469148 0
10 2770 rs10764307 21409757 1 5.443549179069603e-4 21409757 21409757 0
10 7064 rs3898314 70725128 2 -5.427760345497101e-4 70725128 70725128 0
10 9483 rs7078413 94290484 1 5.381345559135911e-4 94290484 94290484 0
10 7521 rs7919939 73680382 2 5.374330841527214e-4 73680382 73680382 0
10 1476 rs10795839 10982646 1 -5.345016457526314e-4 10982646 10982646 0
10 961 rs17140077 6718305 2 5.329818334161207e-4 6718305 6718305 0
10 2190 rs7904014 16547058 1 -5.310335664963734e-4 16547058 16547058 0
10 7936 rs1366047 79704394 1 5.295225030857621e-4 79704394 79704394 0
10 10615 rs11191666 105127278 1 -5.274038357678354e-4 105127278 105127278 0
10 6237 rs10821937 63723909 2 -5.272691422969166e-4 63723909 63723909 0
10 4639 rs10900221 45988597 2 -5.219148511681536e-4 45988597 45988597 0
10 9645 rs1326224 95459267 1 5.202733541150991e-4 95459267 95459267 0
10 11160 rs2210723 110233497 1 5.198334353631116e-4 110233497 110233497 0
10 9239 rs303181 91257302 1 5.188297640685411e-4 91257302 91257302 0
10 2982 rs10764478 24852365 1 -5.187025393600413e-4 24852365 24852365 0
10 12036 rs1936298 119641986 1 -5.169378334130165e-4 119641986 119641986 0
10 11691 rs151591 115713566 2 -5.146507284271196e-4 115713566 115713566 0
10 12160 rs7912267 120900271 1 -5.1464932197392e-4 120900271 120900271 0
10 10739 rs1855581 106371784 1 -5.139988171461467e-4 106371784 106371784 0
10 2962 rs11014053 24647899 1 5.127379122538043e-4 24647899 24647899 0
10 8553 rs10509467 84922438 1 5.125007869707248e-4 84922438 84922438 0
10 2760 rs11012506 21363291 1 -5.090400916820377e-4 21363291 21363291 0
10 315 rs2458713 2530583 1 -5.079531803822465e-4 2530583 2530583 0
10 11626 rs7080536 115348046 1 5.071121490720365e-4 115348046 115348046 0
10 9161 rs4934425 90609718 1 5.062707383663414e-4 90609718 90609718 0
10 11213 rs2147285 110916028 1 -5.041909046936144e-4 110916028 110916028 0
10 8880 rs1912282 87214408 1 4.973758583951659e-4 87214408 87214408 0
10 989 rs10905035 6883788 1 4.969612552647973e-4 6883788 6883788 0
10 1603 rs6602588 12487996 1 -4.961157817379856e-4 12487996 12487996 0
10 8111 rs2802362 80971810 1 -4.942757454316448e-4 80971810 80971810 0
10 4746 rs7897333 49910210 1 4.941603033379743e-4 49910210 49910210 0
10 3550 rs7078975 30016520 1 4.924229493300275e-4 30016520 30016520 0
10 13653 rs4750840 132676766 2 4.892352803539736e-4 132676766 132676766 0
10 11855 rs180627 117773116 1 -4.890604687200893e-4 117773116 117773116 0
10 12115 rs10510046 120453168 2 -4.848135344432912e-4 120453168 120453168 0
10 546 rs10795093 3939728 1 4.84412570495782e-4 3939728 3939728 0
10 12640 rs6599665 124974126 1 -4.815141261717419e-4 124974126 124974126 0
10 10447 rs17113829 103019884 1 -4.814135683189619e-4 103019884 103019884 0
10 11541 rs12243326 114788815 1 4.807347508353689e-4 114788815 114788815 0
10 8240 rs6586088 82344455 1 4.7535770414386445e-4 82344455 82344455 0
10 10429 rs11190831 102873339 1 4.7533069577876017e-4 102873339 102873339 0
10 7376 rs7893421 72991385 1 -4.6912168998610706e-4 72991385 72991385 0
10 7132 rs2812500 71420172 1 4.685589773329616e-4 71420172 71420172 0
10 12101 rs1247157 120383625 1 -4.67799900373764e-4 120383625 120383625 0
10 10353 rs10883429 101699304 1 4.673135582062788e-4 101699304 101699304 0
10 3037 rs1361636 25717911 1 4.665127653802341e-4 25717911 25717911 0
10 12583 rs2249049 124226215 1 -4.6557952775020447e-4 124226215 124226215 0
10 10525 rs2296581 104242886 2 -4.655578887524884e-4 104242886 104242886 0
10 8752 rs2488631 86349294 1 -4.649046654141847e-4 86349294 86349294 0
10 13792 rs9419138 133834146 1 -4.613104098450737e-4 133834146 133834146 0
10 12572 rs7913140 124181137 1 -4.593714156823798e-4 124181137 124181137 0
10 13521 rs7911165 131626650 1 -4.5890390143407217e-4 131626650 131626650 0
10 11005 rs950809 108795375 1 -4.5570856221916546e-4 108795375 108795375 0
10 12216 rs11198992 121280443 1 4.535281321457025e-4 121280443 121280443 0
10 2023 rs7091494 14847149 1 -4.491952268758801e-4 14847149 14847149 0
10 8006 rs2019432 80312407 1 -4.45976902653077e-4 80312407 80312407 0
10 4772 rs4838650 49994270 1 4.454319544682828e-4 49994270 49994270 0
10 420 rs7086721 3163068 1 -4.425931284633774e-4 3163068 3163068 0
10 823 rs2275774 5799613 1 4.3858875447965904e-4 5799613 5799613 0
10 11968 rs2803827 118968222 1 4.3856623867300577e-4 118968222 118968222 0
10 9089 rs10887766 89755075 1 4.3535987883649367e-4 89755075 89755075 0
10 560 rs7895964 4002033 1 4.296496709958461e-4 4002033 4002033 0
10 1087 rs7904875 7852628 1 4.286908428412539e-4 7852628 7852628 0
10 6428 rs7916789 65568254 2 -4.2822727527146024e-4 65568254 65568254 0
10 13335 rs12262774 130048165 1 4.2551757127689074e-4 130048165 130048165 0
10 12752 rs11245452 125994083 1 -4.254648290607908e-4 125994083 125994083 0
10 1252 rs10795685 9017944 2 4.2388737831427006e-4 9017944 9017944 0
10 1156 rs10752138 8538492 2 -4.234108101735936e-4 8538492 8538492 0
10 3290 rs35242712 28224075 1 4.220716401391014e-4 28224075 28224075 0
10 1093 rs430753 8074437 1 -4.1925428973354063e-4 8074437 8074437 0
10 1027 rs2247498 7193364 1 -4.185164114119741e-4 7193364 7193364 0
10 13669 rs7069620 132749766 1 4.1800037596525185e-4 132749766 132749766 0
10 7657 rs7924176 76295789 1 4.160675026312617e-4 76295789 76295789 0
10 13360 rs11016216 130185535 1 4.151431451446261e-4 130185535 130185535 0
10 12244 rs35434411 121429394 1 -4.130367480721641e-4 121429394 121429394 0
10 10888 rs4917447 107438736 1 -4.1279674647080053e-4 107438736 107438736 0
10 3354 rs10763654 28540638 1 -4.126601443394405e-4 28540638 28540638 0
10 1862 rs7901829 14073201 1 -4.12066645621637e-4 14073201 14073201 0
10 11619 rs3740530 115334124 1 4.088573469037727e-4 115334124 115334124 0
10 5341 rs12220253 55540806 2 -4.078713059427856e-4 55540806 55540806 0
10 5276 rs16937220 54880387 1 -4.038826784469315e-4 54880387 54880387 0
10 5103 rs16925357 53731491 1 4.0343880556989426e-4 53731491 53731491 0
10 388 rs7923826 2983047 2 -4.0332447678492175e-4 2983047 2983047 0
10 7249 rs4746992 72057163 2 4.023851687229075e-4 72057163 72057163 0
10 5666 rs7070694 58326495 1 4.021020713318696e-4 58326495 58326495 0
10 7810 rs2395428 78463810 1 3.941538243554768e-4 78463810 78463810 0
10 2902 rs6482316 23991074 1 3.929379642318131e-4 23991074 23991074 0
10 2075 rs7083529 15396751 2 -3.9245614935892617e-4 15396751 15396751 0
10 8155 rs1932571 81761489 1 -3.921488966046454e-4 81761489 81761489 0
10 481 rs964162 3535233 1 -3.900847986190536e-4 3535233 3535233 0
10 5177 rs1194722 54193818 2 -3.878098701075745e-4 54193818 54193818 0
10 993 rs11254832 6913888 1 -3.870059204552684e-4 6913888 6913888 0
10 6203 rs2248518 63511789 1 -3.869337989357777e-4 63511789 63511789 0
10 4975 rs7904833 52279428 1 -3.857562519616554e-4 52279428 52279428 0
10 7025 rs7905556 70197519 1 3.856949757801972e-4 70197519 70197519 0
10 4457 rs17154929 44524675 1 3.851949369266054e-4 44524675 44524675 0
10 8906 rs12098525 87501765 1 -3.851760597526733e-4 87501765 87501765 0
10 1824 rs4424567 13801269 1 3.8504628015578697e-4 13801269 13801269 0
10 2154 rs10159475 16303374 1 -3.8473004197134026e-4 16303374 16303374 0
10 10501 rs4919611 103894939 1 -3.835786544388312e-4 103894939 103894939 0
10 2402 rs2488132 18329818 1 -3.8295761151989577e-4 18329818 18329818 0
10 5922 rs12264752 61340313 1 -3.820146766664486e-4 61340313 61340313 0
10 10134 rs553727 99630897 1 -3.807722502884035e-4 99630897 99630897 0
10 7123 rs192710 71313136 1 -3.806994370074262e-4 71313136 71313136 0
10 445 rs2814925 3284061 1 -3.780431883641833e-4 3284061 3284061 0
10 6756 rs7907021 68048196 2 3.755936165332487e-4 68048196 68048196 0
10 586 rs11252333 4133306 1 -3.747321274321672e-4 4133306 4133306 0
10 11746 rs1333689 116390475 1 3.744922727291203e-4 116390475 116390475 0
10 12349 rs2997238 122494719 1 3.7341830907268545e-4 122494719 122494719 0
10 1945 rs17155248 14449211 1 3.721514428592258e-4 14449211 14449211 0
10 4876 rs3750749 50684228 1 3.706862961640032e-4 50684228 50684228 0
10 4641 rs7081687 46015318 1 -3.681002614424696e-4 46015318 46015318 0
10 218 rs12218258 2008013 1 3.678003126530723e-4 2008013 2008013 0
10 8669 rs4933958 85821027 1 -3.657622906941098e-4 85821027 85821027 0
10 2765 rs2078155 21371532 1 -3.647344494711861e-4 21371532 21371532 0
10 2805 rs3011642 22394843 1 3.626930786059372e-4 22394843 22394843 0
10 1384 rs12571685 10564423 1 3.610232467655867e-4 10564423 10564423 0
10 7378 rs11593534 73043016 1 3.5844594585073214e-4 73043016 73043016 0
10 1367 rs10905707 10321874 1 -3.577422189090124e-4 10321874 10321874 0
10 6646 rs10996742 67624255 1 3.5738266526335916e-4 67624255 67624255 0
10 3522 rs12413724 29842681 1 3.558128300816815e-4 29842681 29842681 0
10 394 rs1909675 2990680 1 -3.555968569568024e-4 2990680 2990680 0
10 11748 rs17092237 116417012 1 3.5257772143109983e-4 116417012 116417012 0
10 10152 rs4281427 99917757 1 -3.521004417128137e-4 99917757 99917757 0
10 13845 rs12413155 134810401 1 3.505019989996183e-4 134810401 134810401 0
10 7791 rs10762726 78228126 1 -3.499086310908323e-4 78228126 78228126 0
10 7482 rs3747869 73520632 2 3.4900105154249807e-4 73520632 73520632 0
10 7059 rs12266239 70638921 1 -3.4691409890349735e-4 70638921 70638921 0
10 13609 rs9299876 132386550 1 3.4652884526954265e-4 132386550 132386550 0
10 4383 rs12240317 44013866 1 3.454958081310968e-4 44013866 44013866 0
10 9520 rs2068888 94839642 1 3.453740906432611e-4 94839642 94839642 0
10 4922 rs11812185 51045216 1 -3.4417919065333384e-4 51045216 51045216 0
10 2850 rs10764354 23168728 1 -3.438455012661271e-4 23168728 23168728 0
10 10048 rs2784921 98912996 1 3.4325155294035543e-4 98912996 98912996 0
10 7106 rs11596587 71113988 1 3.4210645766240787e-4 71113988 71113988 0
10 9681 rs932764 95895940 2 3.4111095591227007e-4 95895940 95895940 0
10 12839 rs10901850 126707881 1 -3.3959672694785397e-4 126707881 126707881 0
10 3701 rs17229725 31216112 2 -3.39177423916509e-4 31216112 31216112 0
10 13692 rs4751329 132943161 1 -3.358720293962634e-4 132943161 132943161 0
10 9434 rs4933676 93367341 1 3.35445955883909e-4 93367341 93367341 0
10 3813 rs17296114 32693485 1 -3.347257056567881e-4 32693485 32693485 0
10 9121 rs7069053 89886204 2 -3.345982451799226e-4 89886204 89886204 0
10 1899 rs7068441 14234352 1 -3.338783373838338e-4 14234352 14234352 0
10 4485 rs1994107 44652274 1 3.3253227240572105e-4 44652274 44652274 0
10 1 rs2448378 273344 1 3.2612543516712773e-4 273344 273344 0
10 11679 rs10509985 115561171 1 -3.238169326172295e-4 115561171 115561171 0
10 5438 rs4592338 56098424 1 3.2239870605056393e-4 56098424 56098424 0
10 4287 rs11239682 43069364 1 -3.2192852768086425e-4 43069364 43069364 0
10 10669 rs10786772 105610326 1 3.2085325451507374e-4 105610326 105610326 0
10 7728 rs7899719 77448435 1 3.2059839500174156e-4 77448435 77448435 0
10 8675 rs7474895 85844192 1 3.2059101931834153e-4 85844192 85844192 0
10 10455 rs644633 103050571 1 3.1986188582953966e-4 103050571 103050571 0
10 11292 rs716595 112006486 1 -3.193910491375735e-4 112006486 112006486 0
10 7091 rs145939161 70987024 1 3.1915441160244027e-4 70987024 70987024 0
10 13048 rs11245105 128390546 2 -3.186228433452445e-4 128390546 128390546 0
10 11517 rs7073681 114466256 1 3.184324864527862e-4 114466256 114466256 0
10 3629 rs11008005 30639220 1 3.181456163039513e-4 30639220 30639220 0
10 4941 rs2842084 52068298 1 3.1769016550262856e-4 52068298 52068298 0
10 12149 rs4751691 120850164 1 3.1677131829376e-4 120850164 120850164 0
10 11498 rs1926564 114139896 1 3.1587060568654735e-4 114139896 114139896 0
10 8019 rs592242 80442471 1 3.152782550402929e-4 80442471 80442471 0
10 1784 rs4750379 13588521 1 3.1521163538959817e-4 13588521 13588521 0
10 10085 rs7895695 99167255 1 -3.151196995023651e-4 99167255 99167255 0
10 4237 rs12253170 37601063 1 3.1359734014857845e-4 37601063 37601063 0
10 8676 rs4244944 85844814 1 -3.1179259398299335e-4 85844814 85844814 0
10 13370 rs7912500 130248300 1 -3.1173565644963987e-4 130248300 130248300 0
10 1016 rs12415542 7014917 1 -3.111301834969474e-4 7014917 7014917 0
10 1154 rs4747795 8534603 2 3.0985719532756735e-4 8534603 8534603 0
10 3690 rs12572052 31119770 1 -3.087124265002458e-4 31119770 31119770 0
10 4756 rs7072606 49933974 1 3.052939632485724e-4 49933974 49933974 0
10 11486 rs12219777 114021521 1 -3.0280254542495923e-4 114021521 114021521 0
10 1437 rs11596743 10776143 1 3.0196802816831144e-4 10776143 10776143 0
10 8239 rs7897697 82344060 2 -3.015161347198384e-4 82344060 82344060 0
10 7147 rs2616131 71469397 1 -3.0057734526041423e-4 71469397 71469397 0
10 245 rs7096214 2134606 1 2.989031231127425e-4 2134606 2134606 0
10 4510 rs535176 44747059 1 2.982415675476338e-4 44747059 44747059 0
10 6754 rs4548513 68040325 2 2.9710449200373384e-4 68040325 68040325 0
10 7127 rs4746874 71378767 1 -2.9604735403602345e-4 71378767 71378767 0
10 11972 rs363326 118990516 1 -2.953934611503869e-4 118990516 118990516 0
10 7099 rs7907176 71051643 1 -2.925587416743035e-4 71051643 71051643 0
10 2473 rs10828679 18711288 1 -2.9237544382197287e-4 18711288 18711288 0
10 8403 rs2881607 83809837 1 2.918997761704116e-4 83809837 83809837 0
10 247 rs12776254 2154862 1 2.878930764579051e-4 2154862 2154862 0
10 899 rs7092772 6306289 1 2.8765115567827587e-4 6306289 6306289 0
10 7849 rs573712 78919640 1 2.874553102108539e-4 78919640 78919640 0
10 9828 rs549062 97222023 2 -2.872591909275753e-4 97222023 97222023 0
10 3351 rs11006940 28525971 1 -2.870677706384485e-4 28525971 28525971 0
10 10295 rs2111325 101362751 1 2.8659866880786846e-4 101362751 101362751 0
10 12267 rs3999564 121736699 1 -2.865389096032932e-4 121736699 121736699 0
10 8599 rs11198735 85203737 1 2.841662195405241e-4 85203737 85203737 0
10 7302 rs10999499 72495587 1 2.8415669647258537e-4 72495587 72495587 0
10 7281 rs826463 72405504 1 -2.836779619975329e-4 72405504 72405504 0
10 7285 rs10999459 72422431 1 2.836378318992278e-4 72422431 72422431 0
10 11031 rs11193375 109111499 1 -2.832038527356917e-4 109111499 109111499 0
10 1637 rs2648710 12603912 1 2.831521990075e-4 12603912 12603912 0
10 9406 rs1431864 92872941 1 -2.8281649365412314e-4 92872941 92872941 0
10 2959 rs10828627 24605003 1 2.824220522635942e-4 24605003 24605003 0
10 12712 rs1991396 125455123 1 2.8198846278118604e-4 125455123 125455123 0
10 13789 rs9419604 133632779 1 2.818750595661207e-4 133632779 133632779 0
10 3549 rs7477689 30015800 1 -2.811280846120328e-4 30015800 30015800 0
10 11360 rs1927159 112746735 1 -2.79908748563043e-4 112746735 112746735 0
10 7992 rs12261821 80177764 1 -2.796111663995986e-4 80177764 80177764 0
10 11278 rs7071509 111775849 1 2.79576994421228e-4 111775849 111775849 0
10 12177 rs7077176 121146290 2 2.794185587553285e-4 121146290 121146290 0
10 4896 rs1917820 50772362 1 2.792525609957389e-4 50772362 50772362 0
10 11934 rs12263233 118452921 2 2.780237541477884e-4 118452921 118452921 0
10 559 rs2031573 4001897 1 -2.7657075197521513e-4 4001897 4001897 0
10 6232 rs2893881 63688672 1 -2.7248196522753124e-4 63688672 63688672 0
10 10933 rs1405043 108149479 1 2.720895452519092e-4 108149479 108149479 0
10 1378 rs1819232 10509715 1 2.695152492232462e-4 10509715 10509715 0
10 7934 rs1262002 79652154 2 -2.693242570221313e-4 79652154 79652154 0
10 7772 rs2758964 78079619 1 2.6747392522428126e-4 78079619 78079619 0
10 8557 rs6585235 84944412 1 -2.6619774474389993e-4 84944412 84944412 0
10 3597 rs2478839 30306804 1 -2.661284912742965e-4 30306804 30306804 0
10 42 rs7920922 1028179 2 2.6246644224475887e-4 1028179 1028179 0
10 10005 rs7905024 98384147 1 2.6036853295709466e-4 98384147 98384147 0
10 5340 rs12783120 55539954 1 2.6014261513793667e-4 55539954 55539954 0
10 12857 rs1152690 126796382 1 2.596190008734153e-4 126796382 126796382 0
10 11165 rs1332280 110271335 1 -2.5836004959286043e-4 110271335 110271335 0
10 12941 rs11813508 127742994 1 2.5827863985407665e-4 127742994 127742994 0
10 701 rs11252887 5065248 1 2.5625698609203844e-4 5065248 5065248 0
10 1513 rs596406 11224665 2 -2.550760578392282e-4 11224665 11224665 0
10 4025 rs563507 34817988 1 2.538267558827646e-4 34817988 34817988 0
10 3403 rs10826486 28950841 1 2.536610208885103e-4 28950841 28950841 0
10 5270 rs11003383 54860616 1 2.5316407308329685e-4 54860616 54860616 0
10 12047 rs12412410 119694680 1 -2.52264840222378e-4 119694680 119694680 0
10 12181 rs11198905 121153108 1 -2.5178062999252565e-4 121153108 121153108 0
10 7118 rs972570 71272018 1 -2.5175910934856894e-4 71272018 71272018 0
10 10913 rs17119903 107725810 1 2.5093633809168496e-4 107725810 107725810 0
10 7520 rs1009986 73667572 1 2.5010482368446733e-4 73667572 73667572 0
10 430 rs6901 3180227 1 -2.4974287008798935e-4 3180227 3180227 0
10 2363 rs1892338 17630620 1 -2.495619921832259e-4 17630620 17630620 0
10 8916 rs7895100 87683328 1 2.4928280578888145e-4 87683328 87683328 0
10 6086 rs10761538 62409221 1 2.490335918619844e-4 62409221 62409221 0
10 9850 rs7069574 97315349 2 -2.481206979152934e-4 97315349 97315349 0
10 3261 rs1908274 27906212 1 2.4625918968047833e-4 27906212 27906212 0
10 12367 rs1254148 122585600 1 2.4511218274777505e-4 122585600 122585600 0
10 13855 rs10857712 135225666 1 -2.445084154397784e-4 135225666 135225666 0
10 104 rs10508209 1479049 1 2.4360911464171948e-4 1479049 1479049 0
10 9991 rs11188795 98254309 2 2.4303347414491227e-4 98254309 98254309 0
10 1827 rs10906496 13854618 1 -2.4154618524545416e-4 13854618 13854618 0
10 47 rs1044261 1065710 1 -2.4104621260795617e-4 1065710 1065710 0
10 7811 rs2395436 78488513 1 -2.3951293600297952e-4 78488513 78488513 0
10 10044 rs2817647 98897237 1 -2.3670577152404808e-4 98897237 98897237 0
10 12638 rs7074757 124967685 1 -2.3645967210042968e-4 124967685 124967685 0
10 11419 rs2138554 113310787 1 -2.3595488660181505e-4 113310787 113310787 0
10 7377 rs2894147 73000943 1 2.3494423097162692e-4 73000943 73000943 0
10 11161 rs10509872 110242036 2 -2.343646779518848e-4 110242036 110242036 0
10 3274 rs7092214 27937752 1 2.3398582164447815e-4 27937752 27937752 0
10 10059 rs793529 99004171 1 2.3367888718382328e-4 99004171 99004171 0
10 8606 rs10128261 85312966 1 2.332179811216e-4 85312966 85312966 0
10 4554 rs10900058 45026907 1 2.3160731736795583e-4 45026907 45026907 0
10 9595 rs117595198 95147609 1 2.313901912032508e-4 95147609 95147609 0
10 11269 rs7078789 111664595 1 -2.3133667392390584e-4 111664595 111664595 0
10 4113 rs11010375 36328422 1 2.3088814320232565e-4 36328422 36328422 0
10 11103 rs11193752 109624420 1 2.3066068230167451e-4 109624420 109624420 0
10 4476 rs11238850 44597898 1 -2.3021965631096693e-4 44597898 44597898 0
10 4731 rs10491040 49782417 1 -2.292226585106364e-4 49782417 49782417 0
10 12094 rs17097793 120305542 1 -2.2866506845085308e-4 120305542 120305542 0
10 12045 rs7069291 119692335 1 2.275435969587734e-4 119692335 119692335 0
10 7428 rs7901112 73241440 1 2.2741323249091016e-4 73241440 73241440 0
10 8581 rs4329627 85106420 1 -2.2713228379448136e-4 85106420 85106420 0
10 8517 rs7079963 84666953 2 2.2706027135765408e-4 84666953 84666953 0
10 4931 rs3739979 52002980 2 -2.2671596319929973e-4 52002980 52002980 0
10 4343 rs3123728 43483971 1 2.260374084406928e-4 43483971 43483971 0
10 1330 rs1926222 9761738 1 2.254147451955988e-4 9761738 9761738 0
10 12444 rs7894494 123198136 1 2.2451466728522768e-4 123198136 123198136 0
10 12100 rs1247158 120382875 1 2.2329512947396417e-4 120382875 120382875 0
10 5668 rs17577849 58354925 1 2.2258358016615009e-4 58354925 58354925 0
10 8702 rs11200933 85997105 1 -2.2249554396812512e-4 85997105 85997105 0
10 6168 rs1456285 63369632 1 2.1821604683433727e-4 63369632 63369632 0
10 12778 rs11245086 126163164 1 2.1747363251101672e-4 126163164 126163164 0
10 6088 rs1561852 62410505 1 2.169125945971098e-4 62410505 62410505 0
10 13707 rs4259751 133142938 1 2.1649046911930775e-4 133142938 133142938 0
10 3314 rs10763642 28388150 2 2.1562764964253825e-4 28388150 28388150 0
10 2840 rs7091463 23110797 1 2.142558358809449e-4 23110797 23110797 0
10 11689 rs11196543 115694632 1 -2.1412241899748584e-4 115694632 115694632 0
10 4657 rs10736370 48366054 1 2.1391016933809649e-4 48366054 48366054 0
10 249 rs10903680 2173156 1 -2.1374452307317592e-4 2173156 2173156 0
10 3300 rs12257232 28317101 1 2.1219962042089564e-4 28317101 28317101 0
10 1509 rs592033 11198255 1 2.119707105523279e-4 11198255 11198255 0
10 11368 rs7085088 112799928 1 2.118372407892613e-4 112799928 112799928 0
10 6979 rs10997974 69933074 1 -2.1178295421979892e-4 69933074 69933074 0
10 5158 rs11001157 53958511 1 2.1008429131134023e-4 53958511 53958511 0
10 4588 rs3740086 45375296 1 -2.094722506447905e-4 45375296 45375296 0
10 8292 rs10882439 82738570 1 2.085762747820812e-4 82738570 82738570 0
10 3594 rs2795622 30250420 1 2.0806535175961027e-4 30250420 30250420 0
10 3654 rs2292194 30843179 1 2.080018580936644e-4 30843179 30843179 0
10 10779 rs2491380 106623425 1 -2.0612585503383175e-4 106623425 106623425 0
10 12843 rs3781411 126715436 1 -2.0608504548522743e-4 126715436 126715436 0
10 5535 rs1733774 56707648 1 -2.0443207923751257e-4 56707648 56707648 0
10 8598 rs7074730 85195261 1 2.040548965026159e-4 85195261 85195261 0
10 9074 rs12414218 89481779 2 -2.0389102773843976e-4 89481779 89481779 0
10 8568 rs4628623 85034994 1 2.0325153285540988e-4 85034994 85034994 0
10 6010 rs10821697 61939786 1 2.026052661493946e-4 61939786 61939786 0
10 29 rs9124 858022 1 2.0228047439287453e-4 858022 858022 0
10 2490 rs12784387 18804689 1 2.003958226939825e-4 18804689 18804689 0
10 3856 rs1923268 33374808 1 -2.0001375079077197e-4 33374808 33374808 0
10 11203 rs12265218 110622649 2 1.9999699186209113e-4 110622649 110622649 0
10 1692 rs12254466 12979679 1 1.999884979989855e-4 12979679 12979679 0
10 3070 rs11818706 25883475 1 -1.9830233323879076e-4 25883475 25883475 0
10 8114 rs11002892 81011589 1 1.972806855297929e-4 81011589 81011589 0
10 2641 rs11011862 20491011 1 1.972582803121714e-4 20491011 20491011 0
10 3762 rs2797128 32050944 1 -1.9337457857070465e-4 32050944 32050944 0
10 1562 rs11257434 11977300 1 1.92224242626838e-4 11977300 11977300 0
10 7445 rs10823804 73380904 1 1.906652724184182e-4 73380904 73380904 0
10 7382 rs7069294 73046625 1 -1.9035968867630175e-4 73046625 73046625 0
10 7618 rs11000723 75384982 1 -1.901436060835606e-4 75384982 75384982 0
10 12032 rs4751641 119587425 1 -1.8891380199663628e-4 119587425 119587425 0
10 4374 rs2505516 43809825 1 1.88739654386938e-4 43809825 43809825 0
10 9254 rs201927435 91404388 1 1.8855180210779275e-4 91404388 91404388 0
10 4907 rs12264845 50863083 1 1.8802051802483416e-4 50863083 50863083 0
10 11602 rs7077843 115275327 1 -1.8741722912814712e-4 115275327 115275327 0
10 6602 rs10822545 67183928 1 1.8740806127100885e-4 67183928 67183928 0
10 3794 rs2104619 32561648 1 1.857918371634334e-4 32561648 32561648 0
10 4120 rs7908340 36344443 1 -1.8412361697061876e-4 36344443 36344443 0
10 8122 rs12245462 81090350 1 1.8347193265898104e-4 81090350 81090350 0
10 13600 rs7922997 132324968 1 1.8344981264042956e-4 132324968 132324968 0
10 821 rs2797493 5794025 1 1.830109850350136e-4 5794025 5794025 0
10 12441 rs10788178 123184875 1 1.820594712727912e-4 123184875 123184875 0
10 11370 rs17128356 112832225 2 1.8182914251246445e-4 112832225 112832225 0
10 6082 rs2393675 62350748 1 -1.8178276056886216e-4 62350748 62350748 0
10 12054 rs6585474 119943660 1 1.7994007521267576e-4 119943660 119943660 0
10 10114 rs4519024 99366769 1 1.794166418259771e-4 99366769 99366769 0
10 6727 rs2035167 67968947 1 -1.7866698924526197e-4 67968947 67968947 0
10 1838 rs2995648 13967259 1 -1.78583567756222e-4 13967259 13967259 0
10 4920 rs1258192 50994547 1 1.783211689111034e-4 50994547 50994547 0
10 9108 rs6586116 89826130 1 1.7719454280626146e-4 89826130 89826130 0
10 7002 rs1900004 70000881 1 -1.76297524526648e-4 70000881 70000881 0
10 6721 rs10509246 67958177 1 -1.752962830277273e-4 67958177 67958177 0
10 13865 rs6537609 135323084 1 1.7346273805025696e-4 135323084 135323084 0
10 6234 rs10994981 63708007 2 -1.715394062757618e-4 63708007 63708007 0
10 10563 rs1004467 104594507 1 1.7143821428156617e-4 104594507 104594507 0
10 13203 rs11018198 129351543 1 1.711591041248639e-4 129351543 129351543 0
10 795 rs11259742 5647078 1 -1.6961383251540345e-4 5647078 5647078 0
10 12683 rs7907856 125245356 1 1.6762604944000543e-4 125245356 125245356 0
10 3993 rs1296521 34471937 1 -1.6745127997325497e-4 34471937 34471937 0
10 897 rs11257472 6277661 1 1.6673621779416658e-4 6277661 6277661 0
10 4782 rs6537579 50034833 1 1.6502995788123833e-4 50034833 50034833 0
10 9569 rs10882215 95064137 1 1.650071082509823e-4 95064137 95064137 0
10 5259 rs7074652 54770299 1 -1.642822120069268e-4 54770299 54770299 0
10 8041 rs637446 80530708 1 -1.6331191709234127e-4 80530708 80530708 0
10 9940 rs10882754 97993942 1 1.6322703531396904e-4 97993942 97993942 0
10 5889 rs9299588 60925428 2 -1.6281539488097847e-4 60925428 60925428 0
10 3546 rs10826682 30014073 1 1.6235406438249768e-4 30014073 30014073 0
10 1630 rs10906166 12597458 1 1.6214703594247425e-4 12597458 12597458 0
10 9020 rs3847452 89300314 1 -1.6169081694685322e-4 89300314 89300314 0
10 6591 rs1948853 67096744 1 1.61613721640539e-4 67096744 67096744 0
10 7533 rs11000122 73722023 2 -1.5901165788417018e-4 73722023 73722023 0
10 3602 rs2505083 30335122 1 1.5893815207298812e-4 30335122 30335122 0
10 7680 rs7901279 76804588 1 -1.5843895898441386e-4 76804588 76804588 0
10 6348 rs10995356 64655913 1 1.5824099186766794e-4 64655913 64655913 0
10 10714 rs1981101 106147824 1 1.5795122749762185e-4 106147824 106147824 0
10 11508 rs12241008 114280702 1 -1.5790763804255108e-4 114280702 114280702 0
10 8285 rs10509420 82706117 1 -1.5522736743977972e-4 82706117 82706117 0
10 2948 rs11013962 24495586 1 1.5446842816445948e-4 24495586 24495586 0
10 11549 rs7914029 115010255 1 1.5208363359473794e-4 115010255 115010255 0
10 10754 rs3001932 106526619 1 -1.5128811612602516e-4 106526619 106526619 0
10 6327 rs1509966 64552607 1 -1.5082205733450352e-4 64552607 64552607 0
10 13786 rs11156470 133590090 2 1.5069845826362117e-4 133590090 133590090 0
10 11369 rs11195417 112831994 2 1.5058334121674272e-4 112831994 112831994 0
10 10676 rs2487999 105659826 1 -1.5045001077260595e-4 105659826 105659826 0
10 2206 rs11254169 16790231 1 -1.5005451415774773e-4 16790231 16790231 0
10 13700 rs2918142 132992902 1 1.4942226218521255e-4 132992902 132992902 0
10 5916 rs1763885 61294973 1 1.4877571468430642e-4 61294973 61294973 0
10 1915 rs10796175 14293525 1 -1.482855992462414e-4 14293525 14293525 0
10 5419 rs11004183 56015656 1 -1.4801260405326676e-4 56015656 56015656 0
10 9169 rs10887866 90671750 2 1.479031282469968e-4 90671750 90671750 0
10 11918 rs10510022 118285633 1 1.47333709750236e-4 118285633 118285633 0
10 6309 rs4537656 64406802 1 -1.4458800789343058e-4 64406802 64406802 0
10 4253 rs995141 37905302 1 1.4420128110068222e-4 37905302 37905302 0
10 3603 rs2255515 30355193 1 -1.4239159061521224e-4 30355193 30355193 0
10 9787 rs7101278 97020612 1 -1.4203387240933034e-4 97020612 97020612 0
10 8372 rs10786676 83555806 1 1.4155896516796537e-4 83555806 83555806 0
10 524 rs7078384 3775054 1 1.4144395389958795e-4 3775054 3775054 0
10 13860 rs1590821 135301270 1 1.3787056072006205e-4 135301270 135301270 0
10 3225 rs11015657 27586972 1 1.3782675949495764e-4 27586972 27586972 0
10 5560 rs7899074 56937693 1 1.371465842537094e-4 56937693 56937693 0
10 5031 rs1904683 52949162 1 -1.359221849498244e-4 52949162 52949162 0
10 13476 rs1762440 131262486 1 -1.3510924911753442e-4 131262486 131262486 0
10 3678 rs7924137 31040092 2 -1.3484518506543284e-4 31040092 31040092 0
10 13630 rs10734097 132514149 2 1.3470883791660035e-4 132514149 132514149 0
10 1274 rs10490944 9143511 1 1.3326311211617233e-4 9143511 9143511 0
10 6287 rs753518 64235506 2 1.3290503314323203e-4 64235506 64235506 0
10 5903 rs1380558 61102036 1 1.3276476137128558e-4 61102036 61102036 0
10 2297 rs7071826 17240367 1 -1.3266745835569476e-4 17240367 17240367 0
10 4723 rs1838579 49767546 1 -1.325658583887416e-4 49767546 49767546 0
10 9139 rs10509543 90072352 1 -1.3179308903947935e-4 90072352 90072352 0
10 1299 rs1149995 9355301 1 1.300108035458657e-4 9355301 9355301 0
10 998 rs10795522 6952360 1 1.293036263970999e-4 6952360 6952360 0
10 4012 rs17558405 34677699 2 1.291737969402209e-4 34677699 34677699 0
10 12364 rs3011373 122557286 1 1.2895192707589067e-4 122557286 122557286 0
10 9703 rs12766693 96058730 1 1.2862651981315325e-4 96058730 96058730 0
10 4849 rs4838493 50512384 1 -1.284132427118228e-4 50512384 50512384 0
10 3932 rs11009407 33786642 1 -1.2760254513816726e-4 33786642 33786642 0
10 3398 rs332166 28894110 1 -1.2643961563576172e-4 28894110 28894110 0
10 12993 rs10901580 127962222 1 -1.2625102530170043e-4 127962222 127962222 0
10 6388 rs10465990 64960536 1 1.260580889613535e-4 64960536 64960536 0
10 5803 rs7911890 59490423 1 -1.259076131575189e-4 59490423 59490423 0
10 12422 rs11598592 123043389 1 1.2530355440436744e-4 123043389 123043389 0
10 2259 rs7079269 17013295 1 1.2509074621761752e-4 17013295 17013295 0
10 13887 rs12257368 135370005 1 -1.2285404442136303e-4 135370005 135370005 0
10 3057 rs7915074 25849998 1 1.222813040570447e-4 25849998 25849998 0
10 2017 rs2688848 14843833 1 -1.2222977316756424e-4 14843833 14843833 0
10 12967 rs2169076 127849127 1 -1.2100335547377127e-4 127849127 127849127 0
10 13677 rs7073330 132815843 1 -1.2068025644035142e-4 132815843 132815843 0
10 1954 rs10906682 14500774 2 -1.2049793506581416e-4 14500774 14500774 0
10 7822 rs1897592 78652814 1 -1.1993365356366668e-4 78652814 78652814 0
10 244 rs1333203 2131912 2 1.188980483566075e-4 2131912 2131912 0
10 9044 rs1324299 89393463 1 -1.1870763574786684e-4 89393463 89393463 0
10 2128 rs12218978 15895956 1 1.1864179535473967e-4 15895956 15895956 0
10 1549 rs2131265 11817835 1 1.1811894527544078e-4 11817835 11817835 0
10 13129 rs11016829 129022223 1 1.1721861310376692e-4 129022223 129022223 0
10 1528 rs4750051 11431354 1 -1.1677806566773052e-4 11431354 11431354 0
10 7809 rs2395423 78457990 1 1.1668675366411426e-4 78457990 78457990 0
10 6757 rs10740229 68050459 1 1.1598753590633012e-4 68050459 68050459 0
10 3302 rs12249305 28342740 1 -1.1295603468396232e-4 28342740 28342740 0
10 9849 rs1926817 97308114 1 1.1265812771478244e-4 97308114 97308114 0
10 6740 rs4745895 67998370 1 1.1016425065641816e-4 67998370 67998370 0
10 9010 rs1885932 88906925 1 1.1008318467118668e-4 88906925 88906925 0
10 2483 rs7893279 18745105 1 1.0937489862090574e-4 18745105 18745105 0
10 3071 rs3802512 25890341 1 -1.0930904911901295e-4 25890341 25890341 0
10 2517 rs7096907 19026841 1 1.0899389572172348e-4 19026841 19026841 0
10 10013 rs687562 98485105 1 1.0833140902081088e-4 98485105 98485105 0
10 1229 rs2483935 8851255 1 -1.0728203439597922e-4 8851255 8851255 0
10 4541 rs1253941 44914035 1 -1.0628109477871756e-4 44914035 44914035 0
10 13533 rs2477970 131830899 1 -1.0577474211612976e-4 131830899 131830899 0
10 11163 rs12242854 110259916 1 1.0568386643954472e-4 110259916 110259916 0
10 6497 rs1227215 66572215 1 -1.05390060004879e-4 66572215 66572215 0
10 11225 rs1324288 110999907 1 1.0522389398816748e-4 110999907 110999907 0
10 4473 rs268304 44581683 1 -1.045095487663715e-4 44581683 44581683 0
10 2518 rs7076492 19027335 1 -1.0415574520227266e-4 19027335 19027335 0
10 1633 rs10906170 12598308 1 1.0411314906868932e-4 12598308 12598308 0
10 8261 rs10509415 82473065 1 1.0397411394827934e-4 82473065 82473065 0
10 4246 rs2253294 37706195 1 1.0396788628921232e-4 37706195 37706195 0
10 11973 rs363327 118990782 1 -1.0345089033358418e-4 118990782 118990782 0
10 6560 rs950997 66992649 1 -1.0339122937208253e-4 66992649 66992649 0
10 6242 rs11593907 63786554 1 1.0329451546279306e-4 63786554 63786554 0
10 7531 rs4483514 73710514 1 1.032668368706559e-4 73710514 73710514 0
10 1328 rs10905597 9677810 1 1.0214258055934571e-4 9677810 9677810 0
10 1146 rs7921806 8480488 1 -1.0168488630332492e-4 8480488 8480488 0
10 13415 rs765934 130744348 1 -1.0162858992549426e-4 130744348 130744348 0
10 3190 rs11015236 26993080 2 1.0060939667117212e-4 26993080 26993080 0
10 5940 rs1171616 61468589 1 1.0055823456637709e-4 61468589 61468589 0
10 9445 rs7085519 93643195 2 1.0020499207446902e-4 93643195 93643195 0
10 10144 rs2225693 99837301 1 1.0006431423640012e-4 99837301 99837301 0
10 7888 rs10824547 79202450 1 -9.952019309795e-5 79202450 79202450 0
10 4755 rs10508904 49930509 1 -9.933753681566268e-5 49930509 49930509 0
10 5796 rs1505935 59454511 1 9.88123967570498e-5 59454511 59454511 0
10 12972 rs1676741 127851530 1 9.687271318994465e-5 127851530 127851530 0
10 13338 rs10829379 130105852 1 9.36572334350461e-5 130105852 130105852 0
10 10877 rs7089194 107328195 1 9.270936385536885e-5 107328195 107328195 0
10 1071 rs7897216 7722848 1 9.098257504328182e-5 7722848 7722848 0
10 7119 rs4745990 71273696 1 -9.052705984135424e-5 71273696 71273696 0
10 3623 rs10826770 30495051 1 -9.021582620058388e-5 30495051 30495051 0
10 12994 rs4412676 127962700 1 -9.000810453968898e-5 127962700 127962700 0
10 8294 rs2345221 82746127 1 8.978763568228924e-5 82746127 82746127 0
10 8992 rs12251540 88443302 2 -8.832327956206703e-5 88443302 88443302 0
10 13438 rs10829565 130859801 1 -8.752599287667416e-5 130859801 130859801 0
10 956 rs11253853 6699236 1 8.741665456851454e-5 6699236 6699236 0
10 7665 rs2488089 76498150 2 8.730672731605449e-5 76498150 76498150 0
10 1711 rs2782278 13063321 1 -8.696038558149644e-5 13063321 13063321 0
10 6946 rs12355429 69285707 1 -8.693635645002078e-5 69285707 69285707 0
10 1741 rs35114749 13230915 1 8.682288676743889e-5 13230915 13230915 0
10 9233 rs7918159 91201269 1 -8.66500831317775e-5 91201269 91201269 0
10 13323 rs41306644 129914787 1 8.444697447158246e-5 129914787 129914787 0
10 6645 rs10822661 67623011 1 -8.415530146129548e-5 67623011 67623011 0
10 1011 rs10905076 7012431 1 -8.384052513414595e-5 7012431 7012431 0
10 12505 rs17102867 123780378 1 8.368720944931309e-5 123780378 123780378 0
10 9971 rs7919721 98158494 1 8.362041722803657e-5 98158494 98158494 0
10 6818 rs10997250 68346959 1 -8.260822388450953e-5 68346959 68346959 0
10 5985 rs10994146 61784991 1 8.160860787437065e-5 61784991 61784991 0
10 7476 rs56181447 73498355 1 -8.141343027441855e-5 73498355 73498355 0
10 4082 rs3003981 35718212 2 8.084197324137354e-5 35718212 35718212 0
10 9547 rs11596790 94968665 1 -7.952219880911402e-5 94968665 94968665 0
10 3655 rs2369932 30860535 1 7.929432839518055e-5 30860535 30860535 0
10 1552 rs7924203 11830498 1 -7.907110062468178e-5 11830498 11830498 0
10 9837 rs10882607 97274838 2 7.904278952214271e-5 97274838 97274838 0
10 923 rs11258747 6472891 1 7.880136363879093e-5 6472891 6472891 0
10 7164 rs7073220 71511904 1 -7.871474387861072e-5 71511904 71511904 0
10 5801 rs10509077 59484180 1 7.85402813743558e-5 59484180 59484180 0
10 2016 rs4750561 14841026 1 -7.833138076614608e-5 14841026 14841026 0
10 9134 rs17110523 90031903 2 7.789171562396378e-5 90031903 90031903 0
10 3058 rs1414040 25853401 1 7.752691336550816e-5 25853401 25853401 0
10 3852 rs7088801 33368644 1 7.640483007065676e-5 33368644 33368644 0
10 6407 rs9943366 65278281 1 -7.619343523939518e-5 65278281 65278281 0
10 6739 rs17247353 67998336 1 -7.537729390435202e-5 67998336 67998336 0
10 5028 rs1904699 52909710 1 7.45454910593663e-5 52909710 52909710 0
10 2409 rs1986480 18346094 1 -7.301623968572715e-5 18346094 18346094 0
10 13589 rs372813 132241197 1 7.295062706302775e-5 132241197 132241197 0
10 9390 rs7096430 92764460 1 7.272807836767056e-5 92764460 92764460 0
10 448 rs11251823 3316592 1 -7.183450933259749e-5 3316592 3316592 0
10 8596 rs11594838 85191870 1 -7.046636775936612e-5 85191870 85191870 0
10 5972 rs7914022 61661564 2 7.036336715170643e-5 61661564 61661564 0
10 2126 rs12262809 15835277 1 6.978235107741119e-5 15835277 15835277 0
10 9193 rs1937332 90826779 1 -6.947622662716549e-5 90826779 90826779 0
10 4254 rs10508859 37908884 1 6.914005916875914e-5 37908884 37908884 0
10 12009 rs181632 119364995 1 6.868036922403822e-5 119364995 119364995 0
10 7046 rs7913568 70410630 1 6.812183903991759e-5 70410630 70410630 0
10 2088 rs4750656 15533081 1 -6.767180266070655e-5 15533081 15533081 0
10 8212 rs1819684 82046615 1 -6.740151781632228e-5 82046615 82046615 0
10 4275 rs2505860 42907201 2 -6.658316302922678e-5 42907201 42907201 0
10 12841 rs7086797 126711691 1 6.617192826995883e-5 126711691 126711691 0
10 7865 rs11592060 79017064 1 -6.376137446100742e-5 79017064 79017064 0
10 3760 rs11008620 32029264 1 6.342597975157545e-5 32029264 32029264 0
10 4062 rs7923172 35309367 1 -6.262688931530757e-5 35309367 35309367 0
10 12464 rs1909669 123386254 1 -6.239570249717136e-5 123386254 123386254 0
10 10637 rs7068070 105340059 1 6.11097407786573e-5 105340059 105340059 0
10 5982 rs10509116 61754080 1 5.913506088469277e-5 61754080 61754080 0
10 8479 rs1572333 84462747 1 5.9008719300966705e-5 84462747 84462747 0
10 3572 rs11812527 30126537 1 5.8730721228694594e-5 30126537 30126537 0
10 6809 rs1911291 68306814 1 -5.862973710643548e-5 68306814 68306814 0
10 6080 rs16915157 62346638 1 5.661644558242341e-5 62346638 62346638 0
10 12959 rs1870510 127837577 1 -5.630846644817117e-5 127837577 127837577 0
10 11688 rs239865 115685187 1 5.553987314219651e-5 115685187 115685187 0
10 11665 rs11196449 115480582 1 5.519225406462625e-5 115480582 115480582 0
10 5941 rs1171614 61469538 1 -5.4862152711942014e-5 61469538 61469538 0
10 3995 rs10827337 34491850 1 5.4315483363863743e-5 34491850 34491850 0
10 4107 rs771872 36253686 1 -5.380158225294614e-5 36253686 36253686 0
10 4656 rs1902719 48354336 1 -5.355795180397925e-5 48354336 48354336 0
10 4598 rs872208 45427052 1 5.2861245280318985e-5 45427052 45427052 0
10 3284 rs10508727 28025771 1 -5.263728862529648e-5 28025771 28025771 0
10 2936 rs10764444 24300721 2 5.225735705968608e-5 24300721 24300721 0
10 3208 rs2797930 27210569 1 -5.157182623520739e-5 27210569 27210569 0
10 2724 rs6482146 20994847 1 5.153374016963466e-5 20994847 20994847 0
10 4701 rs1881740 49551560 1 5.0116512991332816e-5 49551560 49551560 0
10 1927 rs11259022 14385164 1 4.980319451582799e-5 14385164 14385164 0
10 2514 rs11593491 19025197 1 -4.724168298111463e-5 19025197 19025197 0
10 208 rs10160165 1973370 1 4.675874967513371e-5 1973370 1973370 0
10 3797 rs713267 32587500 1 -4.6744932789587255e-5 32587500 32587500 0
10 7530 rs7090957 73707100 1 4.622177770826406e-5 73707100 73707100 0
10 7290 rs1345386 72436953 1 -4.609162542632666e-5 72436953 72436953 0
10 13439 rs1377273 130860965 2 4.592662882349735e-5 130860965 130860965 0
10 13503 rs2183878 131522055 1 -4.532701699578903e-5 131522055 131522055 0
10 13563 rs2388780 132122773 1 -4.4868024626867255e-5 132122773 132122773 0
10 6210 rs9299445 63574788 2 4.385241623896436e-5 63574788 63574788 0
10 9158 rs1029024 90588535 1 -4.380133105700425e-5 90588535 90588535 0
10 2191 rs1052708 16553355 1 4.2770469020418185e-5 16553355 16553355 0
10 7783 rs12766217 78122729 1 4.230497145126108e-5 78122729 78122729 0
10 794 rs11259704 5646999 1 -4.1618154526662984e-5 5646999 5646999 0
10 635 rs10795187 4609790 1 -4.1516655973419654e-5 4609790 4609790 0
10 163 rs17156958 1836223 1 -4.141154795782206e-5 1836223 1836223 0
10 7743 rs877531 77649224 1 -4.1009612117550935e-5 77649224 77649224 0
10 6176 rs1456290 63383399 2 4.0399558077611186e-5 63383399 63383399 0
10 10755 rs17185757 106529451 1 -4.028865633703053e-5 106529451 106529451 0
10 8749 rs7071304 86341766 1 -4.0075755565922875e-5 86341766 86341766 0
10 2224 rs45551835 16932384 1 -3.9690276680819634e-5 16932384 16932384 0
10 2994 rs7903234 25152621 1 3.891367043341281e-5 25152621 25152621 0
10 3007 rs12571791 25222392 1 -3.873036283803781e-5 25222392 25222392 0
10 1105 rs565371 8218069 1 3.8449485698286925e-5 8218069 8218069 0
10 739 rs1931677 5285696 1 -3.832527052953345e-5 5285696 5285696 0
10 1175 rs7084731 8578965 1 -3.8094818399167416e-5 8578965 8578965 0
10 13495 rs12255679 131477693 1 -3.794276088862993e-5 131477693 131477693 0
10 9715 rs140289143 96121505 1 -3.7092463113861946e-5 96121505 96121505 0
10 3702 rs7918150 31226772 1 -3.703469249283986e-5 31226772 31226772 0
10 949 rs1410135 6662135 2 3.6524524292986865e-5 6662135 6662135 0
10 110 rs10903467 1535739 1 3.621793770127473e-5 1535739 1535739 0
10 9612 rs1105340 95233856 2 3.58240370905264e-5 95233856 95233856 0
10 10360 rs4919416 101790389 1 3.356254747486959e-5 101790389 101790389 0
10 3319 rs7080796 28414791 1 -3.273182014672237e-5 28414791 28414791 0
10 13850 rs41317288 135010635 2 3.22209644188085e-5 135010635 135010635 0
10 9730 rs2281890 96493328 1 -3.2108311127025224e-5 96493328 96493328 0
10 753 rs7475343 5349871 1 -3.150406027902496e-5 5349871 5349871 0
10 13664 rs7099843 132714218 1 -3.115913489239049e-5 132714218 132714218 0
10 11090 rs2418977 109521588 1 -3.091685710588598e-5 109521588 109521588 0
10 10131 rs4919146 99570333 1 3.081260592423352e-5 99570333 99570333 0
10 936 rs3815975 6533877 1 3.078735229534913e-5 6533877 6533877 0
10 2302 rs12251583 17283993 1 -3.0514047267899304e-5 17283993 17283993 0
10 431 rs2279216 3180951 2 3.0038140776786105e-5 3180951 3180951 0
10 7383 rs2277259 73047690 1 -2.941437526369965e-5 73047690 73047690 0
10 7786 rs10509373 78157572 1 -2.920498275213564e-5 78157572 78157572 0
10 13371 rs9804350 130248440 1 2.8500949361091952e-5 130248440 130248440 0
10 12825 rs10901815 126435598 2 -2.81902633542096e-5 126435598 126435598 0
10 6227 rs3851252 63617300 1 2.79882687014444e-5 63617300 63617300 0
10 86 rs4880802 1280409 1 -2.7986977328975903e-5 1280409 1280409 0
10 12946 rs985461 127769545 2 -2.763477155486046e-5 127769545 127769545 0
10 1018 rs12415884 7015440 1 -2.7522945813135065e-5 7015440 7015440 0
10 8023 rs3910297 80458157 1 -2.722662726821933e-5 80458157 80458157 0
10 8128 rs10740498 81147948 1 2.6978965979764705e-5 81147948 81147948 0
10 1555 rs1998638 11873528 2 -2.5538276358088783e-5 11873528 11873528 0
10 10215 rs658053 100384679 1 -2.4884556391355343e-5 100384679 100384679 0
10 12710 rs1878166 125447705 1 2.289090341258716e-5 125447705 125447705 0
10 10616 rs11598673 105177645 1 -2.1747501151539785e-5 105177645 105177645 0
10 3559 rs11007742 30076326 1 2.130410831179612e-5 30076326 30076326 0
10 2971 rs3858220 24706471 1 -2.021023694053563e-5 24706471 24706471 0
10 3141 rs1999240 26463130 1 1.992259336044831e-5 26463130 26463130 0
10 5308 rs10825023 55199473 1 1.931232425093719e-5 55199473 55199473 0
10 7853 rs1131824 78944590 1 1.8980775259113665e-5 78944590 78944590 0
10 12418 rs12761612 123031410 1 -1.705013356097593e-5 123031410 123031410 0
10 6625 rs17808647 67478601 2 -1.6809748445744015e-5 67478601 67478601 0
10 11313 rs10444086 112179167 1 1.5921745912142483e-5 112179167 112179167 0
10 3168 rs1889692 26718723 1 1.4789276375090636e-5 26718723 26718723 0
10 6248 rs10740059 63809527 1 -1.425449723743398e-5 63809527 63809527 0
10 8109 rs703970 80953136 1 -1.4186598453923324e-5 80953136 80953136 0
10 2676 rs11012077 20768098 1 -1.3993742763823484e-5 20768098 20768098 0
10 2062 rs4750603 15240466 1 1.3317746295585227e-5 15240466 15240466 0
10 12215 rs7100441 121266607 1 1.2906542965186802e-5 121266607 121266607 0
10 3880 rs11009281 33488814 1 1.2651661743440289e-5 33488814 33488814 0
10 11909 rs1897515 118221256 1 1.1252527451267275e-5 118221256 118221256 0
10 7911 rs2619607 79334199 1 -9.820408156247907e-6 79334199 79334199 0
10 2602 rs11010886 19931174 1 9.192447034823216e-6 19931174 19931174 0
10 610 rs7894528 4415882 1 9.071163060920674e-6 4415882 4415882 0
10 9433 rs4329592 93366275 1 8.425878940625397e-6 93366275 93366275 0
10 10509 rs74501892 103938339 1 7.933199194637913e-6 103938339 103938339 0
10 12523 rs11200411 123880212 1 -7.793910885132568e-6 123880212 123880212 0
10 3084 rs4749074 26014312 1 7.678620773956121e-6 26014312 26014312 0
10 4805 rs41283291 50121760 1 7.2933564125691775e-6 50121760 50121760 0
10 4220 rs1852491 37254098 1 6.938347335559777e-6 37254098 37254098 0
10 4345 rs947699 43493897 1 6.692539748247661e-6 43493897 43493897 0
10 11402 rs10787318 113040493 1 6.511500843653979e-6 113040493 113040493 0
10 8890 rs10887503 87316082 1 -5.746876405381983e-6 87316082 87316082 0
10 203 rs11592109 1963068 1 -5.40303156162494e-6 1963068 1963068 0
10 1348 rs11499250 10021054 1 5.111713352152929e-6 10021054 10021054 0
10 6072 rs1442551 62324491 1 -4.930354625723539e-6 62324491 62324491 0
10 12208 rs4751731 121243198 1 -3.298727205682634e-6 121243198 121243198 0
10 1387 rs12572320 10566260 1 3.128920271894938e-6 10566260 10566260 0
10 13377 rs951827 130278058 1 2.5260664499807502e-6 130278058 130278058 0
10 11319 rs7911973 112246352 1 -2.2996851707599537e-6 112246352 112246352 0
10 4619 rs7914816 45690757 1 1.3009485660390443e-6 45690757 45690757 0
10 12923 rs12573823 127640167 1 4.894900689941913e-7 127640167 127640167 0
10 3722 rs793098 31402767 1 -6.098622906894845e-8 31402767 31402767 0
10 11276 rs12569425 111758177 1 2.4987418619066714e-15 111758177 111758177 0
10 4942 rs2842085 52068751 1 1.1360892434177774e-15 52068751 52068751 0
10 6087 rs7476720 62410368 1 8.498899837600273e-16 62410368 62410368 0
10 939 rs574521 6556854 1 6.915470745515041e-16 6556854 6556854 0
10 7960 rs1249148 79980813 1 6.832640653833651e-16 79980813 79980813 0
10 6758 rs10740231 68051031 1 6.325310531430002e-16 68051031 68051031 0
10 8293 rs10882440 82738613 1 5.399955185845662e-16 82738613 82738613 0
10 4086 rs2474755 35874895 1 2.7135586896052014e-16 35874895 35874895 0
10 4384 rs4948737 44014339 1 2.616761611775439e-16 44014339 44014339 0
10 9494 rs10882088 94368588 1 2.2065548672769794e-16 94368588 94368588 0
10 11277 rs7069128 111760075 1 1.7736153095770015e-16 111760075 111760075 0
10 3060 rs7911256 25856676 1 1.0869782122559381e-16 25856676 25856676 0
10 3085 rs2504203 26014964 1 4.952959172403376e-17 26014964 26014964 0
